+ Rscript -e 'Sys.setenv(BIOCONDUCTOR_USE_CONTAINER_REPOSITORY=FALSE);
  p <- .libPaths();
  p <- c('\'''\'', '\'''\'', p);
  .libPaths(p);
  if(BiocManager::install('\''AnnotationHub'\'', INSTALL_opts = '\''--build'\'', update = TRUE, quiet = FALSE, dependencies=TRUE, force = TRUE, keep_outputs = TRUE) %in% rownames(installed.packages())) q(status = 0) else q(status = 1)'
'getOption("repos")' replaces Bioconductor standard repositories, see
'help("repositories", package = "BiocManager")' for details.
Replacement repositories:
    CRAN: https://cloud.r-project.org
Bioconductor version 3.21 (BiocManager 1.30.25), R 4.5.0 (2025-04-11)
Installing package(s) 'AnnotationHub'
also installing the dependencies ‘R.methodsS3’, ‘R.oo’, ‘R.utils’, ‘MultiAssayExperiment’, ‘janeaustenr’, ‘tokenizers’, ‘R.cache’, ‘clue’, ‘QFeatures’, ‘affyio’, ‘preprocessCore’, ‘doParallel’, ‘foreach’, ‘iterators’, ‘rsvg’, ‘config’, ‘tfautograph’, ‘clisymbols’, ‘tidytext’, ‘SnowballC’, ‘stringdist’, ‘yesno’, ‘styler’, ‘aws.signature’, ‘BSgenome’, ‘bookdown’, ‘biomaRt’, ‘MsCoreUtils’, ‘PSMatch’, ‘vsn’, ‘affy’, ‘impute’, ‘pcaMethods’, ‘MALDIquant’, ‘mzID’, ‘ncdf4’, ‘ChemmineR’, ‘Spectra’, ‘MetaboCoreUtils’, ‘tensorflow’, ‘tfruns’, ‘zeallot’, ‘available’, ‘biocthis’, ‘aws.s3’, ‘VariantAnnotation’, ‘BiocStyle’, ‘AnnotationForge’, ‘rBiopaxParser’, ‘RUnit’, ‘txdbmaker’, ‘MSnbase’, ‘mzR’, ‘CompoundDb’, ‘keras’, ‘gdsfmt’, ‘HubPub’

trying URL 'https://cloud.r-project.org/src/contrib/R.methodsS3_1.8.2.tar.gz'
trying URL 'https://cloud.r-project.org/src/contrib/R.oo_1.27.1.tar.gz'
trying URL 'https://cloud.r-project.org/src/contrib/R.utils_2.13.0.tar.gz'
trying URL 'https://bioconductor.org/packages/3.21/bioc/src/contrib/MultiAssayExperiment_1.34.0.tar.gz'
trying URL 'https://cloud.r-project.org/src/contrib/janeaustenr_1.0.0.tar.gz'
trying URL 'https://cloud.r-project.org/src/contrib/tokenizers_0.3.0.tar.gz'
trying URL 'https://cloud.r-project.org/src/contrib/R.cache_0.17.0.tar.gz'
trying URL 'https://cloud.r-project.org/src/contrib/clue_0.3-66.tar.gz'
trying URL 'https://bioconductor.org/packages/3.21/bioc/src/contrib/QFeatures_1.18.0.tar.gz'
trying URL 'https://bioconductor.org/packages/3.21/bioc/src/contrib/affyio_1.78.0.tar.gz'
trying URL 'https://bioconductor.org/packages/3.21/bioc/src/contrib/preprocessCore_1.70.0.tar.gz'
trying URL 'https://cloud.r-project.org/src/contrib/doParallel_1.0.17.tar.gz'
trying URL 'https://cloud.r-project.org/src/contrib/foreach_1.5.2.tar.gz'
trying URL 'https://cloud.r-project.org/src/contrib/iterators_1.0.14.tar.gz'
trying URL 'https://cloud.r-project.org/src/contrib/rsvg_2.6.2.tar.gz'
trying URL 'https://cloud.r-project.org/src/contrib/config_0.3.2.tar.gz'
trying URL 'https://cloud.r-project.org/src/contrib/tfautograph_0.3.2.tar.gz'
trying URL 'https://cloud.r-project.org/src/contrib/clisymbols_1.2.0.tar.gz'
trying URL 'https://cloud.r-project.org/src/contrib/tidytext_0.4.2.tar.gz'
trying URL 'https://cloud.r-project.org/src/contrib/SnowballC_0.7.1.tar.gz'
trying URL 'https://cloud.r-project.org/src/contrib/stringdist_0.9.15.tar.gz'
trying URL 'https://cloud.r-project.org/src/contrib/yesno_0.1.3.tar.gz'
trying URL 'https://cloud.r-project.org/src/contrib/styler_1.10.3.tar.gz'
trying URL 'https://cloud.r-project.org/src/contrib/aws.signature_0.6.0.tar.gz'
trying URL 'https://bioconductor.org/packages/3.21/bioc/src/contrib/BSgenome_1.76.0.tar.gz'
trying URL 'https://cloud.r-project.org/src/contrib/bookdown_0.43.tar.gz'
trying URL 'https://bioconductor.org/packages/3.21/bioc/src/contrib/biomaRt_2.64.0.tar.gz'
trying URL 'https://bioconductor.org/packages/3.21/bioc/src/contrib/MsCoreUtils_1.20.0.tar.gz'
trying URL 'https://bioconductor.org/packages/3.21/bioc/src/contrib/PSMatch_1.12.0.tar.gz'
trying URL 'https://bioconductor.org/packages/3.21/bioc/src/contrib/vsn_3.76.0.tar.gz'
trying URL 'https://bioconductor.org/packages/3.21/bioc/src/contrib/affy_1.86.0.tar.gz'
trying URL 'https://bioconductor.org/packages/3.21/bioc/src/contrib/impute_1.82.0.tar.gz'
trying URL 'https://bioconductor.org/packages/3.21/bioc/src/contrib/pcaMethods_2.0.0.tar.gz'
trying URL 'https://cloud.r-project.org/src/contrib/MALDIquant_1.22.3.tar.gz'
trying URL 'https://bioconductor.org/packages/3.21/bioc/src/contrib/mzID_1.46.0.tar.gz'
trying URL 'https://cloud.r-project.org/src/contrib/ncdf4_1.24.tar.gz'
trying URL 'https://bioconductor.org/packages/3.21/bioc/src/contrib/ChemmineR_3.60.0.tar.gz'
trying URL 'https://bioconductor.org/packages/3.21/bioc/src/contrib/Spectra_1.18.0.tar.gz'
trying URL 'https://bioconductor.org/packages/3.21/bioc/src/contrib/MetaboCoreUtils_1.16.1.tar.gz'
trying URL 'https://cloud.r-project.org/src/contrib/tensorflow_2.16.0.tar.gz'
trying URL 'https://cloud.r-project.org/src/contrib/tfruns_1.5.3.tar.gz'
trying URL 'https://cloud.r-project.org/src/contrib/zeallot_0.1.0.tar.gz'
trying URL 'https://cloud.r-project.org/src/contrib/available_1.1.0.tar.gz'
trying URL 'https://bioconductor.org/packages/3.21/bioc/src/contrib/biocthis_1.18.0.tar.gz'
trying URL 'https://cloud.r-project.org/src/contrib/aws.s3_0.3.21.tar.gz'
trying URL 'https://bioconductor.org/packages/3.21/bioc/src/contrib/VariantAnnotation_1.54.1.tar.gz'
trying URL 'https://bioconductor.org/packages/3.21/bioc/src/contrib/BiocStyle_2.36.0.tar.gz'
trying URL 'https://bioconductor.org/packages/3.21/bioc/src/contrib/AnnotationForge_1.50.0.tar.gz'
trying URL 'https://bioconductor.org/packages/3.21/bioc/src/contrib/rBiopaxParser_2.48.0.tar.gz'
trying URL 'https://cloud.r-project.org/src/contrib/RUnit_0.4.33.tar.gz'
trying URL 'https://bioconductor.org/packages/3.21/bioc/src/contrib/txdbmaker_1.4.1.tar.gz'
trying URL 'https://bioconductor.org/packages/3.21/bioc/src/contrib/MSnbase_2.34.1.tar.gz'
trying URL 'https://bioconductor.org/packages/3.21/bioc/src/contrib/mzR_2.42.0.tar.gz'
trying URL 'https://bioconductor.org/packages/3.21/bioc/src/contrib/CompoundDb_1.12.0.tar.gz'
trying URL 'https://cloud.r-project.org/src/contrib/keras_2.15.0.tar.gz'
trying URL 'https://bioconductor.org/packages/3.21/bioc/src/contrib/gdsfmt_1.44.0.tar.gz'
trying URL 'https://bioconductor.org/packages/3.21/bioc/src/contrib/HubPub_1.16.0.tar.gz'
trying URL 'https://bioconductor.org/packages/3.21/bioc/src/contrib/AnnotationHub_3.16.0.tar.gz'
* installing *source* package ‘R.methodsS3’ ...
** this is package ‘R.methodsS3’ version ‘1.8.2’
** package ‘R.methodsS3’ successfully unpacked and MD5 sums checked
** using staged installation
** R
** inst
** byte-compile and prepare package for lazy loading
** help
*** installing help indices
** building package indices
** testing if installed package can be loaded from temporary location
** testing if installed package can be loaded from final location
** testing if installed package keeps a record of temporary installation path
* creating tarball
packaged installation of ‘R.methodsS3’ as ‘R.methodsS3_1.8.2_R_x86_64-pc-linux-gnu.tar.gz’
* DONE (R.methodsS3)
* installing *source* package ‘MultiAssayExperiment’ ...
** this is package ‘MultiAssayExperiment’ version ‘1.34.0’
** using staged installation
** R
** data
** inst
** byte-compile and prepare package for lazy loading
** help
*** installing help indices
** building package indices
** installing vignettes
** testing if installed package can be loaded from temporary location
** testing if installed package can be loaded from final location
** testing if installed package keeps a record of temporary installation path
* creating tarball
packaged installation of ‘MultiAssayExperiment’ as ‘MultiAssayExperiment_1.34.0_R_x86_64-pc-linux-gnu.tar.gz’
* DONE (MultiAssayExperiment)
* installing *source* package ‘janeaustenr’ ...
** this is package ‘janeaustenr’ version ‘1.0.0’
** package ‘janeaustenr’ successfully unpacked and MD5 sums checked
** using staged installation
** R
** data
*** moving datasets to lazyload DB
** byte-compile and prepare package for lazy loading
** help
*** installing help indices
** building package indices
** testing if installed package can be loaded from temporary location
** testing if installed package can be loaded from final location
** testing if installed package keeps a record of temporary installation path
* creating tarball
packaged installation of ‘janeaustenr’ as ‘janeaustenr_1.0.0_R_x86_64-pc-linux-gnu.tar.gz’
* DONE (janeaustenr)
* installing *source* package ‘clue’ ...
** this is package ‘clue’ version ‘0.3-66’
** package ‘clue’ successfully unpacked and MD5 sums checked
** using staged installation
** libs
using C compiler: ‘gcc (Ubuntu 11.4.0-1ubuntu1~22.04) 11.4.0’
gcc -I"/usr/share/R/include" -DNDEBUG       -fpic  -g -O2 -ffile-prefix-map=/build/r-base-rgGXCp/r-base-4.5.0=. -fstack-protector-strong -Wformat -Werror=format-security -Wdate-time -D_FORTIFY_SOURCE=2  -c assignment.c -o assignment.o
gcc -I"/usr/share/R/include" -DNDEBUG       -fpic  -g -O2 -ffile-prefix-map=/build/r-base-rgGXCp/r-base-4.5.0=. -fstack-protector-strong -Wformat -Werror=format-security -Wdate-time -D_FORTIFY_SOURCE=2  -c clue.c -o clue.o
gcc -I"/usr/share/R/include" -DNDEBUG       -fpic  -g -O2 -ffile-prefix-map=/build/r-base-rgGXCp/r-base-4.5.0=. -fstack-protector-strong -Wformat -Werror=format-security -Wdate-time -D_FORTIFY_SOURCE=2  -c init.c -o init.o
gcc -I"/usr/share/R/include" -DNDEBUG       -fpic  -g -O2 -ffile-prefix-map=/build/r-base-rgGXCp/r-base-4.5.0=. -fstack-protector-strong -Wformat -Werror=format-security -Wdate-time -D_FORTIFY_SOURCE=2  -c lsap.c -o lsap.o
gcc -I"/usr/share/R/include" -DNDEBUG       -fpic  -g -O2 -ffile-prefix-map=/build/r-base-rgGXCp/r-base-4.5.0=. -fstack-protector-strong -Wformat -Werror=format-security -Wdate-time -D_FORTIFY_SOURCE=2  -c trees.c -o trees.o
gcc -shared -L/usr/lib/R/lib -Wl,-Bsymbolic-functions -flto=auto -ffat-lto-objects -flto=auto -Wl,-z,relro -o clue.so assignment.o clue.o init.o lsap.o trees.o -L/usr/lib/R/lib -lR
installing to /usr/local/lib/R/site-library/00LOCK-clue/00new/clue/libs
** R
** data
** inst
** byte-compile and prepare package for lazy loading
** help
*** installing help indices
** building package indices
** installing vignettes
** testing if installed package can be loaded from temporary location
** checking absolute paths in shared objects and dynamic libraries
** testing if installed package can be loaded from final location
** testing if installed package keeps a record of temporary installation path
* creating tarball
packaged installation of ‘clue’ as ‘clue_0.3-66_R_x86_64-pc-linux-gnu.tar.gz’
* DONE (clue)
* installing *source* package ‘affyio’ ...
** this is package ‘affyio’ version ‘1.78.0’
** using staged installation
checking for gcc... gcc
checking whether the C compiler works... yes
checking for C compiler default output file name... a.out
checking for suffix of executables... 
checking whether we are cross compiling... no
checking for suffix of object files... o
checking whether we are using the GNU C compiler... yes
checking whether gcc accepts -g... yes
checking for gcc option to accept ISO C89... none needed
checking how to run the C preprocessor... gcc -E
checking for grep that handles long lines and -e... /usr/bin/grep
checking for egrep... /usr/bin/grep -E
checking for ANSI C header files... yes
checking for sys/types.h... yes
checking for sys/stat.h... yes
checking for stdlib.h... yes
checking for string.h... yes
checking for memory.h... yes
checking for strings.h... yes
checking for inttypes.h... yes
checking for stdint.h... yes
checking for unistd.h... yes
checking for main in -lz... yes
checking zlib.h usability... yes
checking zlib.h presence... yes
checking for zlib.h... yes
checking if zlib version >= 1.1.3... yes
checking for pthread_create in -lpthread... yes
checking if we can use pthreads... yes
checking if PTHREAD_STACK_MIN is defined... yes
configure: Enabling threading for affyio
configure: creating ./config.status
config.status: creating src/Makevars
** libs
using C compiler: ‘gcc (Ubuntu 11.4.0-1ubuntu1~22.04) 11.4.0’
gcc -I"/usr/share/R/include" -DNDEBUG -DPACKAGE_NAME=\"\" -DPACKAGE_TARNAME=\"\" -DPACKAGE_VERSION=\"\" -DPACKAGE_STRING=\"\" -DPACKAGE_BUGREPORT=\"\" -DPACKAGE_URL=\"\" -DSTDC_HEADERS=1 -DHAVE_SYS_TYPES_H=1 -DHAVE_SYS_STAT_H=1 -DHAVE_STDLIB_H=1 -DHAVE_STRING_H=1 -DHAVE_MEMORY_H=1 -DHAVE_STRINGS_H=1 -DHAVE_INTTYPES_H=1 -DHAVE_STDINT_H=1 -DHAVE_UNISTD_H=1 -DHAVE_ZLIB=1 -DHAVE_LIBPTHREAD=1 -DUSE_PTHREADS=1     -g -O2 -ffile-prefix-map=/build/r-base-rgGXCp/r-base-4.5.0=. -fstack-protector-strong -Wformat -Werror=format-security -Wdate-time -D_FORTIFY_SOURCE=2   -fpic  -g -O2 -ffile-prefix-map=/build/r-base-rgGXCp/r-base-4.5.0=. -fstack-protector-strong -Wformat -Werror=format-security -Wdate-time -D_FORTIFY_SOURCE=2  -c fread_functions.c -o fread_functions.o
gcc -I"/usr/share/R/include" -DNDEBUG -DPACKAGE_NAME=\"\" -DPACKAGE_TARNAME=\"\" -DPACKAGE_VERSION=\"\" -DPACKAGE_STRING=\"\" -DPACKAGE_BUGREPORT=\"\" -DPACKAGE_URL=\"\" -DSTDC_HEADERS=1 -DHAVE_SYS_TYPES_H=1 -DHAVE_SYS_STAT_H=1 -DHAVE_STDLIB_H=1 -DHAVE_STRING_H=1 -DHAVE_MEMORY_H=1 -DHAVE_STRINGS_H=1 -DHAVE_INTTYPES_H=1 -DHAVE_STDINT_H=1 -DHAVE_UNISTD_H=1 -DHAVE_ZLIB=1 -DHAVE_LIBPTHREAD=1 -DUSE_PTHREADS=1     -g -O2 -ffile-prefix-map=/build/r-base-rgGXCp/r-base-4.5.0=. -fstack-protector-strong -Wformat -Werror=format-security -Wdate-time -D_FORTIFY_SOURCE=2   -fpic  -g -O2 -ffile-prefix-map=/build/r-base-rgGXCp/r-base-4.5.0=. -fstack-protector-strong -Wformat -Werror=format-security -Wdate-time -D_FORTIFY_SOURCE=2  -c init_package.c -o init_package.o
gcc -I"/usr/share/R/include" -DNDEBUG -DPACKAGE_NAME=\"\" -DPACKAGE_TARNAME=\"\" -DPACKAGE_VERSION=\"\" -DPACKAGE_STRING=\"\" -DPACKAGE_BUGREPORT=\"\" -DPACKAGE_URL=\"\" -DSTDC_HEADERS=1 -DHAVE_SYS_TYPES_H=1 -DHAVE_SYS_STAT_H=1 -DHAVE_STDLIB_H=1 -DHAVE_STRING_H=1 -DHAVE_MEMORY_H=1 -DHAVE_STRINGS_H=1 -DHAVE_INTTYPES_H=1 -DHAVE_STDINT_H=1 -DHAVE_UNISTD_H=1 -DHAVE_ZLIB=1 -DHAVE_LIBPTHREAD=1 -DUSE_PTHREADS=1     -g -O2 -ffile-prefix-map=/build/r-base-rgGXCp/r-base-4.5.0=. -fstack-protector-strong -Wformat -Werror=format-security -Wdate-time -D_FORTIFY_SOURCE=2   -fpic  -g -O2 -ffile-prefix-map=/build/r-base-rgGXCp/r-base-4.5.0=. -fstack-protector-strong -Wformat -Werror=format-security -Wdate-time -D_FORTIFY_SOURCE=2  -c read_abatch.c -o read_abatch.o
read_abatch.c: In function ‘read_cel_file_intensities’:
read_abatch.c:656:176: warning: format ‘%d’ expects argument of type ‘int’, but argument 3 has type ‘size_t’ {aka ‘long unsigned int’} [-Wformat=]
  656 |       Rprintf("Warning: found an empty line where not expected in %s.\nThis means that there is a cel intensity missing from the cel file.\nSucessfully read to cel intensity %d of %d expected\n", filename, i-1, i);
      |                                                                                                                                                                               ~^                              ~~~
      |                                                                                                                                                                                |                               |
      |                                                                                                                                                                                int                             size_t {aka long unsigned int}
      |                                                                                                                                                                               %ld
read_abatch.c:656:182: warning: format ‘%d’ expects argument of type ‘int’, but argument 4 has type ‘size_t’ {aka ‘long unsigned int’} [-Wformat=]
  656 |       Rprintf("Warning: found an empty line where not expected in %s.\nThis means that there is a cel intensity missing from the cel file.\nSucessfully read to cel intensity %d of %d expected\n", filename, i-1, i);
      |                                                                                                                                                                                     ~^                             ~
      |                                                                                                                                                                                      |                             |
      |                                                                                                                                                                                      int                           size_t {aka long unsigned int}
      |                                                                                                                                                                                     %ld
read_abatch.c:665:146: warning: format ‘%d’ expects argument of type ‘int’, but argument 3 has type ‘size_t’ {aka ‘long unsigned int’} [-Wformat=]
  665 |        Rprintf("Warning: found an incomplete line where not expected in %s.\nThe CEL file may be truncated. \nSucessfully read to cel intensity %d of %d expected\n", filename, i-1, rows);
      |                                                                                                                                                 ~^                              ~~~
      |                                                                                                                                                  |                               |
      |                                                                                                                                                  int                             size_t {aka long unsigned int}
      |                                                                                                                                                 %ld
read_abatch.c:665:152: warning: format ‘%d’ expects argument of type ‘int’, but argument 4 has type ‘size_t’ {aka ‘long unsigned int’} [-Wformat=]
  665 |        Rprintf("Warning: found an incomplete line where not expected in %s.\nThe CEL file may be truncated. \nSucessfully read to cel intensity %d of %d expected\n", filename, i-1, rows);
      |                                                                                                                                                       ~^                             ~~~~
      |                                                                                                                                                        |                             |
      |                                                                                                                                                        int                           size_t {aka long unsigned int}
      |                                                                                                                                                       %ld
read_abatch.c:677:145: warning: format ‘%d’ expects argument of type ‘int’, but argument 3 has type ‘size_t’ {aka ‘long unsigned int’} [-Wformat=]
  677 |       Rprintf("Warning: found an incomplete line where not expected in %s.\nThe CEL file may be truncated. \nSucessfully read to cel intensity %d of %d expected\n", filename, i-1, rows);
      |                                                                                                                                                ~^                              ~~~
      |                                                                                                                                                 |                               |
      |                                                                                                                                                 int                             size_t {aka long unsigned int}
      |                                                                                                                                                %ld
read_abatch.c:677:151: warning: format ‘%d’ expects argument of type ‘int’, but argument 4 has type ‘size_t’ {aka ‘long unsigned int’} [-Wformat=]
  677 |       Rprintf("Warning: found an incomplete line where not expected in %s.\nThe CEL file may be truncated. \nSucessfully read to cel intensity %d of %d expected\n", filename, i-1, rows);
      |                                                                                                                                                      ~^                             ~~~~
      |                                                                                                                                                       |                             |
      |                                                                                                                                                       int                           size_t {aka long unsigned int}
      |                                                                                                                                                      %ld
read_abatch.c:689:145: warning: format ‘%d’ expects argument of type ‘int’, but argument 3 has type ‘size_t’ {aka ‘long unsigned int’} [-Wformat=]
  689 |       Rprintf("Warning: found an incomplete line where not expected in %s.\nThe CEL file may be truncated. \nSucessfully read to cel intensity %d of %d expected\n", filename, i-1, rows);
      |                                                                                                                                                ~^                              ~~~
      |                                                                                                                                                 |                               |
      |                                                                                                                                                 int                             size_t {aka long unsigned int}
      |                                                                                                                                                %ld
read_abatch.c:689:151: warning: format ‘%d’ expects argument of type ‘int’, but argument 4 has type ‘size_t’ {aka ‘long unsigned int’} [-Wformat=]
  689 |       Rprintf("Warning: found an incomplete line where not expected in %s.\nThe CEL file may be truncated. \nSucessfully read to cel intensity %d of %d expected\n", filename, i-1, rows);
      |                                                                                                                                                      ~^                             ~~~~
      |                                                                                                                                                       |                             |
      |                                                                                                                                                       int                           size_t {aka long unsigned int}
      |                                                                                                                                                      %ld
read_abatch.c: In function ‘read_cel_file_stddev’:
read_abatch.c:764:178: warning: format ‘%d’ expects argument of type ‘int’, but argument 3 has type ‘size_t’ {aka ‘long unsigned int’} [-Wformat=]
  764 |       Rprintf("Warning: found an empty line where not expected in %s.\n This means that there is a cel intensity missing from the cel file.\n Sucessfully read to cel intensity %d of %d expected\n", filename, i-1, i);
      |                                                                                                                                                                                 ~^                              ~~~
      |                                                                                                                                                                                  |                               |
      |                                                                                                                                                                                  int                             size_t {aka long unsigned int}
      |                                                                                                                                                                                 %ld
read_abatch.c:764:184: warning: format ‘%d’ expects argument of type ‘int’, but argument 4 has type ‘size_t’ {aka ‘long unsigned int’} [-Wformat=]
  764 |       Rprintf("Warning: found an empty line where not expected in %s.\n This means that there is a cel intensity missing from the cel file.\n Sucessfully read to cel intensity %d of %d expected\n", filename, i-1, i);
      |                                                                                                                                                                                       ~^                             ~
      |                                                                                                                                                                                        |                             |
      |                                                                                                                                                                                        int                           size_t {aka long unsigned int}
      |                                                                                                                                                                                       %ld
read_abatch.c:774:145: warning: format ‘%d’ expects argument of type ‘int’, but argument 3 has type ‘size_t’ {aka ‘long unsigned int’} [-Wformat=]
  774 |       Rprintf("Warning: found an incomplete line where not expected in %s.\nThe CEL file may be truncated. \nSucessfully read to cel intensity %d of %d expected\n", filename, i-1, rows);
      |                                                                                                                                                ~^                              ~~~
      |                                                                                                                                                 |                               |
      |                                                                                                                                                 int                             size_t {aka long unsigned int}
      |                                                                                                                                                %ld
read_abatch.c:774:151: warning: format ‘%d’ expects argument of type ‘int’, but argument 4 has type ‘size_t’ {aka ‘long unsigned int’} [-Wformat=]
  774 |       Rprintf("Warning: found an incomplete line where not expected in %s.\nThe CEL file may be truncated. \nSucessfully read to cel intensity %d of %d expected\n", filename, i-1, rows);
      |                                                                                                                                                      ~^                             ~~~~
      |                                                                                                                                                       |                             |
      |                                                                                                                                                       int                           size_t {aka long unsigned int}
      |                                                                                                                                                      %ld
read_abatch.c:785:145: warning: format ‘%d’ expects argument of type ‘int’, but argument 3 has type ‘size_t’ {aka ‘long unsigned int’} [-Wformat=]
  785 |       Rprintf("Warning: found an incomplete line where not expected in %s.\nThe CEL file may be truncated. \nSucessfully read to cel intensity %d of %d expected\n", filename, i-1, rows);
      |                                                                                                                                                ~^                              ~~~
      |                                                                                                                                                 |                               |
      |                                                                                                                                                 int                             size_t {aka long unsigned int}
      |                                                                                                                                                %ld
read_abatch.c:785:151: warning: format ‘%d’ expects argument of type ‘int’, but argument 4 has type ‘size_t’ {aka ‘long unsigned int’} [-Wformat=]
  785 |       Rprintf("Warning: found an incomplete line where not expected in %s.\nThe CEL file may be truncated. \nSucessfully read to cel intensity %d of %d expected\n", filename, i-1, rows);
      |                                                                                                                                                      ~^                             ~~~~
      |                                                                                                                                                       |                             |
      |                                                                                                                                                       int                           size_t {aka long unsigned int}
      |                                                                                                                                                      %ld
read_abatch.c:795:145: warning: format ‘%d’ expects argument of type ‘int’, but argument 3 has type ‘size_t’ {aka ‘long unsigned int’} [-Wformat=]
  795 |       Rprintf("Warning: found an incomplete line where not expected in %s.\nThe CEL file may be truncated. \nSucessfully read to cel intensity %d of %d expected\n", filename, i-1, rows);
      |                                                                                                                                                ~^                              ~~~
      |                                                                                                                                                 |                               |
      |                                                                                                                                                 int                             size_t {aka long unsigned int}
      |                                                                                                                                                %ld
read_abatch.c:795:151: warning: format ‘%d’ expects argument of type ‘int’, but argument 4 has type ‘size_t’ {aka ‘long unsigned int’} [-Wformat=]
  795 |       Rprintf("Warning: found an incomplete line where not expected in %s.\nThe CEL file may be truncated. \nSucessfully read to cel intensity %d of %d expected\n", filename, i-1, rows);
      |                                                                                                                                                      ~^                             ~~~~
      |                                                                                                                                                       |                             |
      |                                                                                                                                                       int                           size_t {aka long unsigned int}
      |                                                                                                                                                      %ld
read_abatch.c:805:145: warning: format ‘%d’ expects argument of type ‘int’, but argument 3 has type ‘size_t’ {aka ‘long unsigned int’} [-Wformat=]
  805 |       Rprintf("Warning: found an incomplete line where not expected in %s.\nThe CEL file may be truncated. \nSucessfully read to cel intensity %d of %d expected\n", filename, i-1, rows);
      |                                                                                                                                                ~^                              ~~~
      |                                                                                                                                                 |                               |
      |                                                                                                                                                 int                             size_t {aka long unsigned int}
      |                                                                                                                                                %ld
read_abatch.c:805:151: warning: format ‘%d’ expects argument of type ‘int’, but argument 4 has type ‘size_t’ {aka ‘long unsigned int’} [-Wformat=]
  805 |       Rprintf("Warning: found an incomplete line where not expected in %s.\nThe CEL file may be truncated. \nSucessfully read to cel intensity %d of %d expected\n", filename, i-1, rows);
      |                                                                                                                                                      ~^                             ~~~~
      |                                                                                                                                                       |                             |
      |                                                                                                                                                       int                           size_t {aka long unsigned int}
      |                                                                                                                                                      %ld
read_abatch.c: In function ‘read_cel_file_npixels’:
read_abatch.c:870:178: warning: format ‘%d’ expects argument of type ‘int’, but argument 3 has type ‘size_t’ {aka ‘long unsigned int’} [-Wformat=]
  870 |       Rprintf("Warning: found an empty line where not expected in %s.\n This means that there is a cel intensity missing from the cel file.\n Sucessfully read to cel intensity %d of %d expected\n", filename, i-1, i);
      |                                                                                                                                                                                 ~^                              ~~~
      |                                                                                                                                                                                  |                               |
      |                                                                                                                                                                                  int                             size_t {aka long unsigned int}
      |                                                                                                                                                                                 %ld
read_abatch.c:870:184: warning: format ‘%d’ expects argument of type ‘int’, but argument 4 has type ‘size_t’ {aka ‘long unsigned int’} [-Wformat=]
  870 |       Rprintf("Warning: found an empty line where not expected in %s.\n This means that there is a cel intensity missing from the cel file.\n Sucessfully read to cel intensity %d of %d expected\n", filename, i-1, i);
      |                                                                                                                                                                                       ~^                             ~
      |                                                                                                                                                                                        |                             |
      |                                                                                                                                                                                        int                           size_t {aka long unsigned int}
      |                                                                                                                                                                                       %ld
read_abatch.c:879:145: warning: format ‘%d’ expects argument of type ‘int’, but argument 3 has type ‘size_t’ {aka ‘long unsigned int’} [-Wformat=]
  879 |       Rprintf("Warning: found an incomplete line where not expected in %s.\nThe CEL file may be truncated. \nSucessfully read to cel intensity %d of %d expected\n", filename, i-1, rows);
      |                                                                                                                                                ~^                              ~~~
      |                                                                                                                                                 |                               |
      |                                                                                                                                                 int                             size_t {aka long unsigned int}
      |                                                                                                                                                %ld
read_abatch.c:879:151: warning: format ‘%d’ expects argument of type ‘int’, but argument 4 has type ‘size_t’ {aka ‘long unsigned int’} [-Wformat=]
  879 |       Rprintf("Warning: found an incomplete line where not expected in %s.\nThe CEL file may be truncated. \nSucessfully read to cel intensity %d of %d expected\n", filename, i-1, rows);
      |                                                                                                                                                      ~^                             ~~~~
      |                                                                                                                                                       |                             |
      |                                                                                                                                                       int                           size_t {aka long unsigned int}
      |                                                                                                                                                      %ld
read_abatch.c:890:145: warning: format ‘%d’ expects argument of type ‘int’, but argument 3 has type ‘size_t’ {aka ‘long unsigned int’} [-Wformat=]
  890 |       Rprintf("Warning: found an incomplete line where not expected in %s.\nThe CEL file may be truncated. \nSucessfully read to cel intensity %d of %d expected\n", filename, i-1, rows);
      |                                                                                                                                                ~^                              ~~~
      |                                                                                                                                                 |                               |
      |                                                                                                                                                 int                             size_t {aka long unsigned int}
      |                                                                                                                                                %ld
read_abatch.c:890:151: warning: format ‘%d’ expects argument of type ‘int’, but argument 4 has type ‘size_t’ {aka ‘long unsigned int’} [-Wformat=]
  890 |       Rprintf("Warning: found an incomplete line where not expected in %s.\nThe CEL file may be truncated. \nSucessfully read to cel intensity %d of %d expected\n", filename, i-1, rows);
      |                                                                                                                                                      ~^                             ~~~~
      |                                                                                                                                                       |                             |
      |                                                                                                                                                       int                           size_t {aka long unsigned int}
      |                                                                                                                                                      %ld
read_abatch.c:901:145: warning: format ‘%d’ expects argument of type ‘int’, but argument 3 has type ‘size_t’ {aka ‘long unsigned int’} [-Wformat=]
  901 |       Rprintf("Warning: found an incomplete line where not expected in %s.\nThe CEL file may be truncated. \nSucessfully read to cel intensity %d of %d expected\n", filename, i-1, rows);
      |                                                                                                                                                ~^                              ~~~
      |                                                                                                                                                 |                               |
      |                                                                                                                                                 int                             size_t {aka long unsigned int}
      |                                                                                                                                                %ld
read_abatch.c:901:151: warning: format ‘%d’ expects argument of type ‘int’, but argument 4 has type ‘size_t’ {aka ‘long unsigned int’} [-Wformat=]
  901 |       Rprintf("Warning: found an incomplete line where not expected in %s.\nThe CEL file may be truncated. \nSucessfully read to cel intensity %d of %d expected\n", filename, i-1, rows);
      |                                                                                                                                                      ~^                             ~~~~
      |                                                                                                                                                       |                             |
      |                                                                                                                                                       int                           size_t {aka long unsigned int}
      |                                                                                                                                                      %ld
read_abatch.c:913:145: warning: format ‘%d’ expects argument of type ‘int’, but argument 3 has type ‘size_t’ {aka ‘long unsigned int’} [-Wformat=]
  913 |       Rprintf("Warning: found an incomplete line where not expected in %s.\nThe CEL file may be truncated. \nSucessfully read to cel intensity %d of %d expected\n", filename, i-1, rows);
      |                                                                                                                                                ~^                              ~~~
      |                                                                                                                                                 |                               |
      |                                                                                                                                                 int                             size_t {aka long unsigned int}
      |                                                                                                                                                %ld
read_abatch.c:913:151: warning: format ‘%d’ expects argument of type ‘int’, but argument 4 has type ‘size_t’ {aka ‘long unsigned int’} [-Wformat=]
  913 |       Rprintf("Warning: found an incomplete line where not expected in %s.\nThe CEL file may be truncated. \nSucessfully read to cel intensity %d of %d expected\n", filename, i-1, rows);
      |                                                                                                                                                      ~^                             ~~~~
      |                                                                                                                                                       |                             |
      |                                                                                                                                                       int                           size_t {aka long unsigned int}
      |                                                                                                                                                      %ld
read_abatch.c:924:145: warning: format ‘%d’ expects argument of type ‘int’, but argument 3 has type ‘size_t’ {aka ‘long unsigned int’} [-Wformat=]
  924 |       Rprintf("Warning: found an incomplete line where not expected in %s.\nThe CEL file may be truncated. \nSucessfully read to cel intensity %d of %d expected\n", filename, i-1, rows);
      |                                                                                                                                                ~^                              ~~~
      |                                                                                                                                                 |                               |
      |                                                                                                                                                 int                             size_t {aka long unsigned int}
      |                                                                                                                                                %ld
read_abatch.c:924:151: warning: format ‘%d’ expects argument of type ‘int’, but argument 4 has type ‘size_t’ {aka ‘long unsigned int’} [-Wformat=]
  924 |       Rprintf("Warning: found an incomplete line where not expected in %s.\nThe CEL file may be truncated. \nSucessfully read to cel intensity %d of %d expected\n", filename, i-1, rows);
      |                                                                                                                                                      ~^                             ~~~~
      |                                                                                                                                                       |                             |
      |                                                                                                                                                       int                           size_t {aka long unsigned int}
      |                                                                                                                                                      %ld
read_abatch.c: In function ‘read_gzcel_file_intensities’:
read_abatch.c:1567:145: warning: format ‘%d’ expects argument of type ‘int’, but argument 3 has type ‘size_t’ {aka ‘long unsigned int’} [-Wformat=]
 1567 |       Rprintf("Warning: found an incomplete line where not expected in %s.\nThe CEL file may be truncated. \nSucessfully read to cel intensity %d of %d expected\n", filename, i-1, rows);
      |                                                                                                                                                ~^                              ~~~
      |                                                                                                                                                 |                               |
      |                                                                                                                                                 int                             size_t {aka long unsigned int}
      |                                                                                                                                                %ld
read_abatch.c:1567:151: warning: format ‘%d’ expects argument of type ‘int’, but argument 4 has type ‘size_t’ {aka ‘long unsigned int’} [-Wformat=]
 1567 |       Rprintf("Warning: found an incomplete line where not expected in %s.\nThe CEL file may be truncated. \nSucessfully read to cel intensity %d of %d expected\n", filename, i-1, rows);
      |                                                                                                                                                      ~^                             ~~~~
      |                                                                                                                                                       |                             |
      |                                                                                                                                                       int                           size_t {aka long unsigned int}
      |                                                                                                                                                      %ld
read_abatch.c:1578:145: warning: format ‘%d’ expects argument of type ‘int’, but argument 3 has type ‘size_t’ {aka ‘long unsigned int’} [-Wformat=]
 1578 |       Rprintf("Warning: found an incomplete line where not expected in %s.\nThe CEL file may be truncated. \nSucessfully read to cel intensity %d of %d expected\n", filename, i-1, rows);
      |                                                                                                                                                ~^                              ~~~
      |                                                                                                                                                 |                               |
      |                                                                                                                                                 int                             size_t {aka long unsigned int}
      |                                                                                                                                                %ld
read_abatch.c:1578:151: warning: format ‘%d’ expects argument of type ‘int’, but argument 4 has type ‘size_t’ {aka ‘long unsigned int’} [-Wformat=]
 1578 |       Rprintf("Warning: found an incomplete line where not expected in %s.\nThe CEL file may be truncated. \nSucessfully read to cel intensity %d of %d expected\n", filename, i-1, rows);
      |                                                                                                                                                      ~^                             ~~~~
      |                                                                                                                                                       |                             |
      |                                                                                                                                                       int                           size_t {aka long unsigned int}
      |                                                                                                                                                      %ld
read_abatch.c:1589:145: warning: format ‘%d’ expects argument of type ‘int’, but argument 3 has type ‘size_t’ {aka ‘long unsigned int’} [-Wformat=]
 1589 |       Rprintf("Warning: found an incomplete line where not expected in %s.\nThe CEL file may be truncated. \nSucessfully read to cel intensity %d of %d expected\n", filename, i-1, rows);
      |                                                                                                                                                ~^                              ~~~
      |                                                                                                                                                 |                               |
      |                                                                                                                                                 int                             size_t {aka long unsigned int}
      |                                                                                                                                                %ld
read_abatch.c:1589:151: warning: format ‘%d’ expects argument of type ‘int’, but argument 4 has type ‘size_t’ {aka ‘long unsigned int’} [-Wformat=]
 1589 |       Rprintf("Warning: found an incomplete line where not expected in %s.\nThe CEL file may be truncated. \nSucessfully read to cel intensity %d of %d expected\n", filename, i-1, rows);
      |                                                                                                                                                      ~^                             ~~~~
      |                                                                                                                                                       |                             |
      |                                                                                                                                                       int                           size_t {aka long unsigned int}
      |                                                                                                                                                      %ld
read_abatch.c: In function ‘read_gzcel_file_stddev’:
read_abatch.c:1665:145: warning: format ‘%d’ expects argument of type ‘int’, but argument 3 has type ‘size_t’ {aka ‘long unsigned int’} [-Wformat=]
 1665 |       Rprintf("Warning: found an incomplete line where not expected in %s.\nThe CEL file may be truncated. \nSucessfully read to cel intensity %d of %d expected\n", filename, i-1, rows);
      |                                                                                                                                                ~^                              ~~~
      |                                                                                                                                                 |                               |
      |                                                                                                                                                 int                             size_t {aka long unsigned int}
      |                                                                                                                                                %ld
read_abatch.c:1665:151: warning: format ‘%d’ expects argument of type ‘int’, but argument 4 has type ‘size_t’ {aka ‘long unsigned int’} [-Wformat=]
 1665 |       Rprintf("Warning: found an incomplete line where not expected in %s.\nThe CEL file may be truncated. \nSucessfully read to cel intensity %d of %d expected\n", filename, i-1, rows);
      |                                                                                                                                                      ~^                             ~~~~
      |                                                                                                                                                       |                             |
      |                                                                                                                                                       int                           size_t {aka long unsigned int}
      |                                                                                                                                                      %ld
read_abatch.c:1677:145: warning: format ‘%d’ expects argument of type ‘int’, but argument 3 has type ‘size_t’ {aka ‘long unsigned int’} [-Wformat=]
 1677 |       Rprintf("Warning: found an incomplete line where not expected in %s.\nThe CEL file may be truncated. \nSucessfully read to cel intensity %d of %d expected\n", filename, i-1, rows);
      |                                                                                                                                                ~^                              ~~~
      |                                                                                                                                                 |                               |
      |                                                                                                                                                 int                             size_t {aka long unsigned int}
      |                                                                                                                                                %ld
read_abatch.c:1677:151: warning: format ‘%d’ expects argument of type ‘int’, but argument 4 has type ‘size_t’ {aka ‘long unsigned int’} [-Wformat=]
 1677 |       Rprintf("Warning: found an incomplete line where not expected in %s.\nThe CEL file may be truncated. \nSucessfully read to cel intensity %d of %d expected\n", filename, i-1, rows);
      |                                                                                                                                                      ~^                             ~~~~
      |                                                                                                                                                       |                             |
      |                                                                                                                                                       int                           size_t {aka long unsigned int}
      |                                                                                                                                                      %ld
read_abatch.c:1689:145: warning: format ‘%d’ expects argument of type ‘int’, but argument 3 has type ‘size_t’ {aka ‘long unsigned int’} [-Wformat=]
 1689 |       Rprintf("Warning: found an incomplete line where not expected in %s.\nThe CEL file may be truncated. \nSucessfully read to cel intensity %d of %d expected\n", filename, i-1, rows);
      |                                                                                                                                                ~^                              ~~~
      |                                                                                                                                                 |                               |
      |                                                                                                                                                 int                             size_t {aka long unsigned int}
      |                                                                                                                                                %ld
read_abatch.c:1689:151: warning: format ‘%d’ expects argument of type ‘int’, but argument 4 has type ‘size_t’ {aka ‘long unsigned int’} [-Wformat=]
 1689 |       Rprintf("Warning: found an incomplete line where not expected in %s.\nThe CEL file may be truncated. \nSucessfully read to cel intensity %d of %d expected\n", filename, i-1, rows);
      |                                                                                                                                                      ~^                             ~~~~
      |                                                                                                                                                       |                             |
      |                                                                                                                                                       int                           size_t {aka long unsigned int}
      |                                                                                                                                                      %ld
read_abatch.c:1701:145: warning: format ‘%d’ expects argument of type ‘int’, but argument 3 has type ‘size_t’ {aka ‘long unsigned int’} [-Wformat=]
 1701 |       Rprintf("Warning: found an incomplete line where not expected in %s.\nThe CEL file may be truncated. \nSucessfully read to cel intensity %d of %d expected\n", filename, i-1, rows);
      |                                                                                                                                                ~^                              ~~~
      |                                                                                                                                                 |                               |
      |                                                                                                                                                 int                             size_t {aka long unsigned int}
      |                                                                                                                                                %ld
read_abatch.c:1701:151: warning: format ‘%d’ expects argument of type ‘int’, but argument 4 has type ‘size_t’ {aka ‘long unsigned int’} [-Wformat=]
 1701 |       Rprintf("Warning: found an incomplete line where not expected in %s.\nThe CEL file may be truncated. \nSucessfully read to cel intensity %d of %d expected\n", filename, i-1, rows);
      |                                                                                                                                                      ~^                             ~~~~
      |                                                                                                                                                       |                             |
      |                                                                                                                                                       int                           size_t {aka long unsigned int}
      |                                                                                                                                                      %ld
read_abatch.c: In function ‘read_gzcel_file_npixels’:
read_abatch.c:1769:145: warning: format ‘%d’ expects argument of type ‘int’, but argument 3 has type ‘size_t’ {aka ‘long unsigned int’} [-Wformat=]
 1769 |       Rprintf("Warning: found an incomplete line where not expected in %s.\nThe CEL file may be truncated. \nSucessfully read to cel intensity %d of %d expected\n", filename, i-1, rows);
      |                                                                                                                                                ~^                              ~~~
      |                                                                                                                                                 |                               |
      |                                                                                                                                                 int                             size_t {aka long unsigned int}
      |                                                                                                                                                %ld
read_abatch.c:1769:151: warning: format ‘%d’ expects argument of type ‘int’, but argument 4 has type ‘size_t’ {aka ‘long unsigned int’} [-Wformat=]
 1769 |       Rprintf("Warning: found an incomplete line where not expected in %s.\nThe CEL file may be truncated. \nSucessfully read to cel intensity %d of %d expected\n", filename, i-1, rows);
      |                                                                                                                                                      ~^                             ~~~~
      |                                                                                                                                                       |                             |
      |                                                                                                                                                       int                           size_t {aka long unsigned int}
      |                                                                                                                                                      %ld
read_abatch.c:1780:145: warning: format ‘%d’ expects argument of type ‘int’, but argument 3 has type ‘size_t’ {aka ‘long unsigned int’} [-Wformat=]
 1780 |       Rprintf("Warning: found an incomplete line where not expected in %s.\nThe CEL file may be truncated. \nSucessfully read to cel intensity %d of %d expected\n", filename, i-1, rows);
      |                                                                                                                                                ~^                              ~~~
      |                                                                                                                                                 |                               |
      |                                                                                                                                                 int                             size_t {aka long unsigned int}
      |                                                                                                                                                %ld
read_abatch.c:1780:151: warning: format ‘%d’ expects argument of type ‘int’, but argument 4 has type ‘size_t’ {aka ‘long unsigned int’} [-Wformat=]
 1780 |       Rprintf("Warning: found an incomplete line where not expected in %s.\nThe CEL file may be truncated. \nSucessfully read to cel intensity %d of %d expected\n", filename, i-1, rows);
      |                                                                                                                                                      ~^                             ~~~~
      |                                                                                                                                                       |                             |
      |                                                                                                                                                       int                           size_t {aka long unsigned int}
      |                                                                                                                                                      %ld
read_abatch.c:1791:145: warning: format ‘%d’ expects argument of type ‘int’, but argument 3 has type ‘size_t’ {aka ‘long unsigned int’} [-Wformat=]
 1791 |       Rprintf("Warning: found an incomplete line where not expected in %s.\nThe CEL file may be truncated. \nSucessfully read to cel intensity %d of %d expected\n", filename, i-1, rows);
      |                                                                                                                                                ~^                              ~~~
      |                                                                                                                                                 |                               |
      |                                                                                                                                                 int                             size_t {aka long unsigned int}
      |                                                                                                                                                %ld
read_abatch.c:1791:151: warning: format ‘%d’ expects argument of type ‘int’, but argument 4 has type ‘size_t’ {aka ‘long unsigned int’} [-Wformat=]
 1791 |       Rprintf("Warning: found an incomplete line where not expected in %s.\nThe CEL file may be truncated. \nSucessfully read to cel intensity %d of %d expected\n", filename, i-1, rows);
      |                                                                                                                                                      ~^                             ~~~~
      |                                                                                                                                                       |                             |
      |                                                                                                                                                       int                           size_t {aka long unsigned int}
      |                                                                                                                                                      %ld
read_abatch.c:1801:145: warning: format ‘%d’ expects argument of type ‘int’, but argument 3 has type ‘size_t’ {aka ‘long unsigned int’} [-Wformat=]
 1801 |       Rprintf("Warning: found an incomplete line where not expected in %s.\nThe CEL file may be truncated. \nSucessfully read to cel intensity %d of %d expected\n", filename, i-1, rows);
      |                                                                                                                                                ~^                              ~~~
      |                                                                                                                                                 |                               |
      |                                                                                                                                                 int                             size_t {aka long unsigned int}
      |                                                                                                                                                %ld
read_abatch.c:1801:151: warning: format ‘%d’ expects argument of type ‘int’, but argument 4 has type ‘size_t’ {aka ‘long unsigned int’} [-Wformat=]
 1801 |       Rprintf("Warning: found an incomplete line where not expected in %s.\nThe CEL file may be truncated. \nSucessfully read to cel intensity %d of %d expected\n", filename, i-1, rows);
      |                                                                                                                                                      ~^                             ~~~~
      |                                                                                                                                                       |                             |
      |                                                                                                                                                       int                           size_t {aka long unsigned int}
      |                                                                                                                                                      %ld
read_abatch.c:1811:145: warning: format ‘%d’ expects argument of type ‘int’, but argument 3 has type ‘size_t’ {aka ‘long unsigned int’} [-Wformat=]
 1811 |       Rprintf("Warning: found an incomplete line where not expected in %s.\nThe CEL file may be truncated. \nSucessfully read to cel intensity %d of %d expected\n", filename, i-1, rows);
      |                                                                                                                                                ~^                              ~~~
      |                                                                                                                                                 |                               |
      |                                                                                                                                                 int                             size_t {aka long unsigned int}
      |                                                                                                                                                %ld
read_abatch.c:1811:151: warning: format ‘%d’ expects argument of type ‘int’, but argument 4 has type ‘size_t’ {aka ‘long unsigned int’} [-Wformat=]
 1811 |       Rprintf("Warning: found an incomplete line where not expected in %s.\nThe CEL file may be truncated. \nSucessfully read to cel intensity %d of %d expected\n", filename, i-1, rows);
      |                                                                                                                                                      ~^                             ~~~~
      |                                                                                                                                                       |                             |
      |                                                                                                                                                       int                           size_t {aka long unsigned int}
      |                                                                                                                                                      %ld
gcc -I"/usr/share/R/include" -DNDEBUG -DPACKAGE_NAME=\"\" -DPACKAGE_TARNAME=\"\" -DPACKAGE_VERSION=\"\" -DPACKAGE_STRING=\"\" -DPACKAGE_BUGREPORT=\"\" -DPACKAGE_URL=\"\" -DSTDC_HEADERS=1 -DHAVE_SYS_TYPES_H=1 -DHAVE_SYS_STAT_H=1 -DHAVE_STDLIB_H=1 -DHAVE_STRING_H=1 -DHAVE_MEMORY_H=1 -DHAVE_STRINGS_H=1 -DHAVE_INTTYPES_H=1 -DHAVE_STDINT_H=1 -DHAVE_UNISTD_H=1 -DHAVE_ZLIB=1 -DHAVE_LIBPTHREAD=1 -DUSE_PTHREADS=1     -g -O2 -ffile-prefix-map=/build/r-base-rgGXCp/r-base-4.5.0=. -fstack-protector-strong -Wformat -Werror=format-security -Wdate-time -D_FORTIFY_SOURCE=2   -fpic  -g -O2 -ffile-prefix-map=/build/r-base-rgGXCp/r-base-4.5.0=. -fstack-protector-strong -Wformat -Werror=format-security -Wdate-time -D_FORTIFY_SOURCE=2  -c read_bpmap.c -o read_bpmap.o
read_bpmap.c: In function ‘ReadBPMAPFileIntoRList’:
read_bpmap.c:849:39: warning: format ‘%s’ expects argument of type ‘char *’, but argument 2 has type ‘SEXP’ {aka ‘struct SEXPREC *’} [-Wformat=]
  849 |       error("Unable to open the file %s",filename);
      |                                      ~^  ~~~~~~~~
      |                                       |  |
      |                                       |  SEXP {aka struct SEXPREC *}
      |                                       char *
read_bpmap.c:698:27: warning: ‘__builtin___sprintf_chk’ may write a terminating nul past the end of the destination [-Wformat-overflow=]
  698 |           sprintf(buf, "%d", j+1);
      |                           ^
In file included from /usr/include/stdio.h:894,
                 from /usr/share/R/include/R.h:44,
                 from read_bpmap.c:23:
/usr/include/x86_64-linux-gnu/bits/stdio2.h:38:10: note: ‘__builtin___sprintf_chk’ output between 2 and 11 bytes into a destination of size 10
   38 |   return __builtin___sprintf_chk (__s, __USE_FORTIFY_LEVEL - 1,
      |          ^~~~~~~~~~~~~~~~~~~~~~~~~~~~~~~~~~~~~~~~~~~~~~~~~~~~~~
   39 |                                   __glibc_objsize (__s), __fmt,
      |                                   ~~~~~~~~~~~~~~~~~~~~~~~~~~~~~
   40 |                                   __va_arg_pack ());
      |                                   ~~~~~~~~~~~~~~~~~
read_bpmap.c:655:27: warning: ‘__builtin___sprintf_chk’ may write a terminating nul past the end of the destination [-Wformat-overflow=]
  655 |           sprintf(buf, "%d", j+1);
      |                           ^
In file included from /usr/include/stdio.h:894,
                 from /usr/share/R/include/R.h:44,
                 from read_bpmap.c:23:
/usr/include/x86_64-linux-gnu/bits/stdio2.h:38:10: note: ‘__builtin___sprintf_chk’ output between 2 and 11 bytes into a destination of size 10
   38 |   return __builtin___sprintf_chk (__s, __USE_FORTIFY_LEVEL - 1,
      |          ^~~~~~~~~~~~~~~~~~~~~~~~~~~~~~~~~~~~~~~~~~~~~~~~~~~~~~
   39 |                                   __glibc_objsize (__s), __fmt,
      |                                   ~~~~~~~~~~~~~~~~~~~~~~~~~~~~~
   40 |                                   __va_arg_pack ());
      |                                   ~~~~~~~~~~~~~~~~~
read_bpmap.c:603:25: warning: ‘__builtin___sprintf_chk’ may write a terminating nul past the end of the destination [-Wformat-overflow=]
  603 |         sprintf(buf, "%d", j+1);
      |                         ^
In file included from /usr/include/stdio.h:894,
                 from /usr/share/R/include/R.h:44,
                 from read_bpmap.c:23:
/usr/include/x86_64-linux-gnu/bits/stdio2.h:38:10: note: ‘__builtin___sprintf_chk’ output between 2 and 11 bytes into a destination of size 10
   38 |   return __builtin___sprintf_chk (__s, __USE_FORTIFY_LEVEL - 1,
      |          ^~~~~~~~~~~~~~~~~~~~~~~~~~~~~~~~~~~~~~~~~~~~~~~~~~~~~~
   39 |                                   __glibc_objsize (__s), __fmt,
      |                                   ~~~~~~~~~~~~~~~~~~~~~~~~~~~~~
   40 |                                   __va_arg_pack ());
      |                                   ~~~~~~~~~~~~~~~~~
gcc -I"/usr/share/R/include" -DNDEBUG -DPACKAGE_NAME=\"\" -DPACKAGE_TARNAME=\"\" -DPACKAGE_VERSION=\"\" -DPACKAGE_STRING=\"\" -DPACKAGE_BUGREPORT=\"\" -DPACKAGE_URL=\"\" -DSTDC_HEADERS=1 -DHAVE_SYS_TYPES_H=1 -DHAVE_SYS_STAT_H=1 -DHAVE_STDLIB_H=1 -DHAVE_STRING_H=1 -DHAVE_MEMORY_H=1 -DHAVE_STRINGS_H=1 -DHAVE_INTTYPES_H=1 -DHAVE_STDINT_H=1 -DHAVE_UNISTD_H=1 -DHAVE_ZLIB=1 -DHAVE_LIBPTHREAD=1 -DUSE_PTHREADS=1     -g -O2 -ffile-prefix-map=/build/r-base-rgGXCp/r-base-4.5.0=. -fstack-protector-strong -Wformat -Werror=format-security -Wdate-time -D_FORTIFY_SOURCE=2   -fpic  -g -O2 -ffile-prefix-map=/build/r-base-rgGXCp/r-base-4.5.0=. -fstack-protector-strong -Wformat -Werror=format-security -Wdate-time -D_FORTIFY_SOURCE=2  -c read_cdf_xda.c -o read_cdf_xda.o
gcc -I"/usr/share/R/include" -DNDEBUG -DPACKAGE_NAME=\"\" -DPACKAGE_TARNAME=\"\" -DPACKAGE_VERSION=\"\" -DPACKAGE_STRING=\"\" -DPACKAGE_BUGREPORT=\"\" -DPACKAGE_URL=\"\" -DSTDC_HEADERS=1 -DHAVE_SYS_TYPES_H=1 -DHAVE_SYS_STAT_H=1 -DHAVE_STDLIB_H=1 -DHAVE_STRING_H=1 -DHAVE_MEMORY_H=1 -DHAVE_STRINGS_H=1 -DHAVE_INTTYPES_H=1 -DHAVE_STDINT_H=1 -DHAVE_UNISTD_H=1 -DHAVE_ZLIB=1 -DHAVE_LIBPTHREAD=1 -DUSE_PTHREADS=1     -g -O2 -ffile-prefix-map=/build/r-base-rgGXCp/r-base-4.5.0=. -fstack-protector-strong -Wformat -Werror=format-security -Wdate-time -D_FORTIFY_SOURCE=2   -fpic  -g -O2 -ffile-prefix-map=/build/r-base-rgGXCp/r-base-4.5.0=. -fstack-protector-strong -Wformat -Werror=format-security -Wdate-time -D_FORTIFY_SOURCE=2  -c read_cdffile2.c -o read_cdffile2.o
gcc -I"/usr/share/R/include" -DNDEBUG -DPACKAGE_NAME=\"\" -DPACKAGE_TARNAME=\"\" -DPACKAGE_VERSION=\"\" -DPACKAGE_STRING=\"\" -DPACKAGE_BUGREPORT=\"\" -DPACKAGE_URL=\"\" -DSTDC_HEADERS=1 -DHAVE_SYS_TYPES_H=1 -DHAVE_SYS_STAT_H=1 -DHAVE_STDLIB_H=1 -DHAVE_STRING_H=1 -DHAVE_MEMORY_H=1 -DHAVE_STRINGS_H=1 -DHAVE_INTTYPES_H=1 -DHAVE_STDINT_H=1 -DHAVE_UNISTD_H=1 -DHAVE_ZLIB=1 -DHAVE_LIBPTHREAD=1 -DUSE_PTHREADS=1     -g -O2 -ffile-prefix-map=/build/r-base-rgGXCp/r-base-4.5.0=. -fstack-protector-strong -Wformat -Werror=format-security -Wdate-time -D_FORTIFY_SOURCE=2   -fpic  -g -O2 -ffile-prefix-map=/build/r-base-rgGXCp/r-base-4.5.0=. -fstack-protector-strong -Wformat -Werror=format-security -Wdate-time -D_FORTIFY_SOURCE=2  -c read_celfile_generic.c -o read_celfile_generic.o
gcc -I"/usr/share/R/include" -DNDEBUG -DPACKAGE_NAME=\"\" -DPACKAGE_TARNAME=\"\" -DPACKAGE_VERSION=\"\" -DPACKAGE_STRING=\"\" -DPACKAGE_BUGREPORT=\"\" -DPACKAGE_URL=\"\" -DSTDC_HEADERS=1 -DHAVE_SYS_TYPES_H=1 -DHAVE_SYS_STAT_H=1 -DHAVE_STDLIB_H=1 -DHAVE_STRING_H=1 -DHAVE_MEMORY_H=1 -DHAVE_STRINGS_H=1 -DHAVE_INTTYPES_H=1 -DHAVE_STDINT_H=1 -DHAVE_UNISTD_H=1 -DHAVE_ZLIB=1 -DHAVE_LIBPTHREAD=1 -DUSE_PTHREADS=1     -g -O2 -ffile-prefix-map=/build/r-base-rgGXCp/r-base-4.5.0=. -fstack-protector-strong -Wformat -Werror=format-security -Wdate-time -D_FORTIFY_SOURCE=2   -fpic  -g -O2 -ffile-prefix-map=/build/r-base-rgGXCp/r-base-4.5.0=. -fstack-protector-strong -Wformat -Werror=format-security -Wdate-time -D_FORTIFY_SOURCE=2  -c read_clf.c -o read_clf.o
gcc -I"/usr/share/R/include" -DNDEBUG -DPACKAGE_NAME=\"\" -DPACKAGE_TARNAME=\"\" -DPACKAGE_VERSION=\"\" -DPACKAGE_STRING=\"\" -DPACKAGE_BUGREPORT=\"\" -DPACKAGE_URL=\"\" -DSTDC_HEADERS=1 -DHAVE_SYS_TYPES_H=1 -DHAVE_SYS_STAT_H=1 -DHAVE_STDLIB_H=1 -DHAVE_STRING_H=1 -DHAVE_MEMORY_H=1 -DHAVE_STRINGS_H=1 -DHAVE_INTTYPES_H=1 -DHAVE_STDINT_H=1 -DHAVE_UNISTD_H=1 -DHAVE_ZLIB=1 -DHAVE_LIBPTHREAD=1 -DUSE_PTHREADS=1     -g -O2 -ffile-prefix-map=/build/r-base-rgGXCp/r-base-4.5.0=. -fstack-protector-strong -Wformat -Werror=format-security -Wdate-time -D_FORTIFY_SOURCE=2   -fpic  -g -O2 -ffile-prefix-map=/build/r-base-rgGXCp/r-base-4.5.0=. -fstack-protector-strong -Wformat -Werror=format-security -Wdate-time -D_FORTIFY_SOURCE=2  -c read_generic.c -o read_generic.o
read_generic.c: In function ‘print_decode_nvt_triplet’:
read_generic.c:1293:37: warning: format ‘%f’ expects argument of type ‘double’, but argument 2 has type ‘int’ [-Wformat=]
 1293 |     Rprintf("Its a float  value is %f\n",temp32);
      |                                    ~^    ~~~~~~
      |                                     |    |
      |                                     |    int
      |                                     double
      |                                    %d
gcc -I"/usr/share/R/include" -DNDEBUG -DPACKAGE_NAME=\"\" -DPACKAGE_TARNAME=\"\" -DPACKAGE_VERSION=\"\" -DPACKAGE_STRING=\"\" -DPACKAGE_BUGREPORT=\"\" -DPACKAGE_URL=\"\" -DSTDC_HEADERS=1 -DHAVE_SYS_TYPES_H=1 -DHAVE_SYS_STAT_H=1 -DHAVE_STDLIB_H=1 -DHAVE_STRING_H=1 -DHAVE_MEMORY_H=1 -DHAVE_STRINGS_H=1 -DHAVE_INTTYPES_H=1 -DHAVE_STDINT_H=1 -DHAVE_UNISTD_H=1 -DHAVE_ZLIB=1 -DHAVE_LIBPTHREAD=1 -DUSE_PTHREADS=1     -g -O2 -ffile-prefix-map=/build/r-base-rgGXCp/r-base-4.5.0=. -fstack-protector-strong -Wformat -Werror=format-security -Wdate-time -D_FORTIFY_SOURCE=2   -fpic  -g -O2 -ffile-prefix-map=/build/r-base-rgGXCp/r-base-4.5.0=. -fstack-protector-strong -Wformat -Werror=format-security -Wdate-time -D_FORTIFY_SOURCE=2  -c read_multichannel_celfile_generic.c -o read_multichannel_celfile_generic.o
gcc -I"/usr/share/R/include" -DNDEBUG -DPACKAGE_NAME=\"\" -DPACKAGE_TARNAME=\"\" -DPACKAGE_VERSION=\"\" -DPACKAGE_STRING=\"\" -DPACKAGE_BUGREPORT=\"\" -DPACKAGE_URL=\"\" -DSTDC_HEADERS=1 -DHAVE_SYS_TYPES_H=1 -DHAVE_SYS_STAT_H=1 -DHAVE_STDLIB_H=1 -DHAVE_STRING_H=1 -DHAVE_MEMORY_H=1 -DHAVE_STRINGS_H=1 -DHAVE_INTTYPES_H=1 -DHAVE_STDINT_H=1 -DHAVE_UNISTD_H=1 -DHAVE_ZLIB=1 -DHAVE_LIBPTHREAD=1 -DUSE_PTHREADS=1     -g -O2 -ffile-prefix-map=/build/r-base-rgGXCp/r-base-4.5.0=. -fstack-protector-strong -Wformat -Werror=format-security -Wdate-time -D_FORTIFY_SOURCE=2   -fpic  -g -O2 -ffile-prefix-map=/build/r-base-rgGXCp/r-base-4.5.0=. -fstack-protector-strong -Wformat -Werror=format-security -Wdate-time -D_FORTIFY_SOURCE=2  -c read_pgf.c -o read_pgf.o
gcc -shared -L/usr/lib/R/lib -Wl,-Bsymbolic-functions -flto=auto -ffat-lto-objects -flto=auto -Wl,-z,relro -o affyio.so fread_functions.o init_package.o read_abatch.o read_bpmap.o read_cdf_xda.o read_cdffile2.o read_celfile_generic.o read_clf.o read_generic.o read_multichannel_celfile_generic.o read_pgf.o -lpthread -lz -L/usr/lib/R/lib -lR
installing to /usr/local/lib/R/site-library/00LOCK-affyio/00new/affyio/libs
** R
** byte-compile and prepare package for lazy loading
** help
*** installing help indices
** building package indices
** testing if installed package can be loaded from temporary location
** checking absolute paths in shared objects and dynamic libraries
** testing if installed package can be loaded from final location
** testing if installed package keeps a record of temporary installation path
* creating tarball
packaged installation of ‘affyio’ as ‘affyio_1.78.0_R_x86_64-pc-linux-gnu.tar.gz’
* DONE (affyio)
* installing *source* package ‘preprocessCore’ ...
** this is package ‘preprocessCore’ version ‘1.70.0’
** using staged installation
'config' variable 'CPP' is defunct
checking for gcc... gcc
checking whether the C compiler works... yes
checking for C compiler default output file name... a.out
checking for suffix of executables... 
checking whether we are cross compiling... no
checking for suffix of object files... o
checking whether we are using the GNU C compiler... yes
checking whether gcc accepts -g... yes
checking for gcc option to accept ISO C89... none needed
checking how to run the C preprocessor... gcc -E
checking for library containing pthread_create... none required
checking for grep that handles long lines and -e... /usr/bin/grep
checking for egrep... /usr/bin/grep -E
checking for ANSI C header files... yes
checking for sys/types.h... yes
checking for sys/stat.h... yes
checking for stdlib.h... yes
checking for string.h... yes
checking for memory.h... yes
checking for strings.h... yes
checking for inttypes.h... yes
checking for stdint.h... yes
checking for unistd.h... yes
checking for stdlib.h... (cached) yes
checking if PTHREAD_STACK_MIN is defined... yes
checking if R is using flexiblas... flexiblas not found. preprocessCore threading will not be disabled
configure: Enabling threading for preprocessCore
configure: creating ./config.status
config.status: creating src/Makevars
** libs
using C compiler: ‘gcc (Ubuntu 11.4.0-1ubuntu1~22.04) 11.4.0’
gcc -I"/usr/share/R/include" -DNDEBUG      -g -O2 -ffile-prefix-map=/build/r-base-rgGXCp/r-base-4.5.0=. -fstack-protector-strong -Wformat -Werror=format-security -Wdate-time -D_FORTIFY_SOURCE=2  -DPACKAGE_NAME=\"\" -DPACKAGE_TARNAME=\"\" -DPACKAGE_VERSION=\"\" -DPACKAGE_STRING=\"\" -DPACKAGE_BUGREPORT=\"\" -DPACKAGE_URL=\"\" -DSTDC_HEADERS=1 -DHAVE_SYS_TYPES_H=1 -DHAVE_SYS_STAT_H=1 -DHAVE_STDLIB_H=1 -DHAVE_STRING_H=1 -DHAVE_MEMORY_H=1 -DHAVE_STRINGS_H=1 -DHAVE_INTTYPES_H=1 -DHAVE_STDINT_H=1 -DHAVE_UNISTD_H=1 -DHAVE_STDLIB_H=1 -DUSE_PTHREADS=1 -fpic  -g -O2 -ffile-prefix-map=/build/r-base-rgGXCp/r-base-4.5.0=. -fstack-protector-strong -Wformat -Werror=format-security -Wdate-time -D_FORTIFY_SOURCE=2  -c R_colSummarize.c -o R_colSummarize.o
gcc -I"/usr/share/R/include" -DNDEBUG      -g -O2 -ffile-prefix-map=/build/r-base-rgGXCp/r-base-4.5.0=. -fstack-protector-strong -Wformat -Werror=format-security -Wdate-time -D_FORTIFY_SOURCE=2  -DPACKAGE_NAME=\"\" -DPACKAGE_TARNAME=\"\" -DPACKAGE_VERSION=\"\" -DPACKAGE_STRING=\"\" -DPACKAGE_BUGREPORT=\"\" -DPACKAGE_URL=\"\" -DSTDC_HEADERS=1 -DHAVE_SYS_TYPES_H=1 -DHAVE_SYS_STAT_H=1 -DHAVE_STDLIB_H=1 -DHAVE_STRING_H=1 -DHAVE_MEMORY_H=1 -DHAVE_STRINGS_H=1 -DHAVE_INTTYPES_H=1 -DHAVE_STDINT_H=1 -DHAVE_UNISTD_H=1 -DHAVE_STDLIB_H=1 -DUSE_PTHREADS=1 -fpic  -g -O2 -ffile-prefix-map=/build/r-base-rgGXCp/r-base-4.5.0=. -fstack-protector-strong -Wformat -Werror=format-security -Wdate-time -D_FORTIFY_SOURCE=2  -c R_plmd_interfaces.c -o R_plmd_interfaces.o
gcc -I"/usr/share/R/include" -DNDEBUG      -g -O2 -ffile-prefix-map=/build/r-base-rgGXCp/r-base-4.5.0=. -fstack-protector-strong -Wformat -Werror=format-security -Wdate-time -D_FORTIFY_SOURCE=2  -DPACKAGE_NAME=\"\" -DPACKAGE_TARNAME=\"\" -DPACKAGE_VERSION=\"\" -DPACKAGE_STRING=\"\" -DPACKAGE_BUGREPORT=\"\" -DPACKAGE_URL=\"\" -DSTDC_HEADERS=1 -DHAVE_SYS_TYPES_H=1 -DHAVE_SYS_STAT_H=1 -DHAVE_STDLIB_H=1 -DHAVE_STRING_H=1 -DHAVE_MEMORY_H=1 -DHAVE_STRINGS_H=1 -DHAVE_INTTYPES_H=1 -DHAVE_STDINT_H=1 -DHAVE_UNISTD_H=1 -DHAVE_STDLIB_H=1 -DUSE_PTHREADS=1 -fpic  -g -O2 -ffile-prefix-map=/build/r-base-rgGXCp/r-base-4.5.0=. -fstack-protector-strong -Wformat -Werror=format-security -Wdate-time -D_FORTIFY_SOURCE=2  -c R_plmr_interfaces.c -o R_plmr_interfaces.o
gcc -I"/usr/share/R/include" -DNDEBUG      -g -O2 -ffile-prefix-map=/build/r-base-rgGXCp/r-base-4.5.0=. -fstack-protector-strong -Wformat -Werror=format-security -Wdate-time -D_FORTIFY_SOURCE=2  -DPACKAGE_NAME=\"\" -DPACKAGE_TARNAME=\"\" -DPACKAGE_VERSION=\"\" -DPACKAGE_STRING=\"\" -DPACKAGE_BUGREPORT=\"\" -DPACKAGE_URL=\"\" -DSTDC_HEADERS=1 -DHAVE_SYS_TYPES_H=1 -DHAVE_SYS_STAT_H=1 -DHAVE_STDLIB_H=1 -DHAVE_STRING_H=1 -DHAVE_MEMORY_H=1 -DHAVE_STRINGS_H=1 -DHAVE_INTTYPES_H=1 -DHAVE_STDINT_H=1 -DHAVE_UNISTD_H=1 -DHAVE_STDLIB_H=1 -DUSE_PTHREADS=1 -fpic  -g -O2 -ffile-prefix-map=/build/r-base-rgGXCp/r-base-4.5.0=. -fstack-protector-strong -Wformat -Werror=format-security -Wdate-time -D_FORTIFY_SOURCE=2  -c R_rlm_interfaces.c -o R_rlm_interfaces.o
gcc -I"/usr/share/R/include" -DNDEBUG      -g -O2 -ffile-prefix-map=/build/r-base-rgGXCp/r-base-4.5.0=. -fstack-protector-strong -Wformat -Werror=format-security -Wdate-time -D_FORTIFY_SOURCE=2  -DPACKAGE_NAME=\"\" -DPACKAGE_TARNAME=\"\" -DPACKAGE_VERSION=\"\" -DPACKAGE_STRING=\"\" -DPACKAGE_BUGREPORT=\"\" -DPACKAGE_URL=\"\" -DSTDC_HEADERS=1 -DHAVE_SYS_TYPES_H=1 -DHAVE_SYS_STAT_H=1 -DHAVE_STDLIB_H=1 -DHAVE_STRING_H=1 -DHAVE_MEMORY_H=1 -DHAVE_STRINGS_H=1 -DHAVE_INTTYPES_H=1 -DHAVE_STDINT_H=1 -DHAVE_UNISTD_H=1 -DHAVE_STDLIB_H=1 -DUSE_PTHREADS=1 -fpic  -g -O2 -ffile-prefix-map=/build/r-base-rgGXCp/r-base-4.5.0=. -fstack-protector-strong -Wformat -Werror=format-security -Wdate-time -D_FORTIFY_SOURCE=2  -c R_subColSummarize.c -o R_subColSummarize.o
gcc -I"/usr/share/R/include" -DNDEBUG      -g -O2 -ffile-prefix-map=/build/r-base-rgGXCp/r-base-4.5.0=. -fstack-protector-strong -Wformat -Werror=format-security -Wdate-time -D_FORTIFY_SOURCE=2  -DPACKAGE_NAME=\"\" -DPACKAGE_TARNAME=\"\" -DPACKAGE_VERSION=\"\" -DPACKAGE_STRING=\"\" -DPACKAGE_BUGREPORT=\"\" -DPACKAGE_URL=\"\" -DSTDC_HEADERS=1 -DHAVE_SYS_TYPES_H=1 -DHAVE_SYS_STAT_H=1 -DHAVE_STDLIB_H=1 -DHAVE_STRING_H=1 -DHAVE_MEMORY_H=1 -DHAVE_STRINGS_H=1 -DHAVE_INTTYPES_H=1 -DHAVE_STDINT_H=1 -DHAVE_UNISTD_H=1 -DHAVE_STDLIB_H=1 -DUSE_PTHREADS=1 -fpic  -g -O2 -ffile-prefix-map=/build/r-base-rgGXCp/r-base-4.5.0=. -fstack-protector-strong -Wformat -Werror=format-security -Wdate-time -D_FORTIFY_SOURCE=2  -c R_subrcModel_interfaces.c -o R_subrcModel_interfaces.o
gcc -I"/usr/share/R/include" -DNDEBUG      -g -O2 -ffile-prefix-map=/build/r-base-rgGXCp/r-base-4.5.0=. -fstack-protector-strong -Wformat -Werror=format-security -Wdate-time -D_FORTIFY_SOURCE=2  -DPACKAGE_NAME=\"\" -DPACKAGE_TARNAME=\"\" -DPACKAGE_VERSION=\"\" -DPACKAGE_STRING=\"\" -DPACKAGE_BUGREPORT=\"\" -DPACKAGE_URL=\"\" -DSTDC_HEADERS=1 -DHAVE_SYS_TYPES_H=1 -DHAVE_SYS_STAT_H=1 -DHAVE_STDLIB_H=1 -DHAVE_STRING_H=1 -DHAVE_MEMORY_H=1 -DHAVE_STRINGS_H=1 -DHAVE_INTTYPES_H=1 -DHAVE_STDINT_H=1 -DHAVE_UNISTD_H=1 -DHAVE_STDLIB_H=1 -DUSE_PTHREADS=1 -fpic  -g -O2 -ffile-prefix-map=/build/r-base-rgGXCp/r-base-4.5.0=. -fstack-protector-strong -Wformat -Werror=format-security -Wdate-time -D_FORTIFY_SOURCE=2  -c avg.c -o avg.o
gcc -I"/usr/share/R/include" -DNDEBUG      -g -O2 -ffile-prefix-map=/build/r-base-rgGXCp/r-base-4.5.0=. -fstack-protector-strong -Wformat -Werror=format-security -Wdate-time -D_FORTIFY_SOURCE=2  -DPACKAGE_NAME=\"\" -DPACKAGE_TARNAME=\"\" -DPACKAGE_VERSION=\"\" -DPACKAGE_STRING=\"\" -DPACKAGE_BUGREPORT=\"\" -DPACKAGE_URL=\"\" -DSTDC_HEADERS=1 -DHAVE_SYS_TYPES_H=1 -DHAVE_SYS_STAT_H=1 -DHAVE_STDLIB_H=1 -DHAVE_STRING_H=1 -DHAVE_MEMORY_H=1 -DHAVE_STRINGS_H=1 -DHAVE_INTTYPES_H=1 -DHAVE_STDINT_H=1 -DHAVE_UNISTD_H=1 -DHAVE_STDLIB_H=1 -DUSE_PTHREADS=1 -fpic  -g -O2 -ffile-prefix-map=/build/r-base-rgGXCp/r-base-4.5.0=. -fstack-protector-strong -Wformat -Werror=format-security -Wdate-time -D_FORTIFY_SOURCE=2  -c avg_log.c -o avg_log.o
gcc -I"/usr/share/R/include" -DNDEBUG      -g -O2 -ffile-prefix-map=/build/r-base-rgGXCp/r-base-4.5.0=. -fstack-protector-strong -Wformat -Werror=format-security -Wdate-time -D_FORTIFY_SOURCE=2  -DPACKAGE_NAME=\"\" -DPACKAGE_TARNAME=\"\" -DPACKAGE_VERSION=\"\" -DPACKAGE_STRING=\"\" -DPACKAGE_BUGREPORT=\"\" -DPACKAGE_URL=\"\" -DSTDC_HEADERS=1 -DHAVE_SYS_TYPES_H=1 -DHAVE_SYS_STAT_H=1 -DHAVE_STDLIB_H=1 -DHAVE_STRING_H=1 -DHAVE_MEMORY_H=1 -DHAVE_STRINGS_H=1 -DHAVE_INTTYPES_H=1 -DHAVE_STDINT_H=1 -DHAVE_UNISTD_H=1 -DHAVE_STDLIB_H=1 -DUSE_PTHREADS=1 -fpic  -g -O2 -ffile-prefix-map=/build/r-base-rgGXCp/r-base-4.5.0=. -fstack-protector-strong -Wformat -Werror=format-security -Wdate-time -D_FORTIFY_SOURCE=2  -c biweight.c -o biweight.o
gcc -I"/usr/share/R/include" -DNDEBUG      -g -O2 -ffile-prefix-map=/build/r-base-rgGXCp/r-base-4.5.0=. -fstack-protector-strong -Wformat -Werror=format-security -Wdate-time -D_FORTIFY_SOURCE=2  -DPACKAGE_NAME=\"\" -DPACKAGE_TARNAME=\"\" -DPACKAGE_VERSION=\"\" -DPACKAGE_STRING=\"\" -DPACKAGE_BUGREPORT=\"\" -DPACKAGE_URL=\"\" -DSTDC_HEADERS=1 -DHAVE_SYS_TYPES_H=1 -DHAVE_SYS_STAT_H=1 -DHAVE_STDLIB_H=1 -DHAVE_STRING_H=1 -DHAVE_MEMORY_H=1 -DHAVE_STRINGS_H=1 -DHAVE_INTTYPES_H=1 -DHAVE_STDINT_H=1 -DHAVE_UNISTD_H=1 -DHAVE_STDLIB_H=1 -DUSE_PTHREADS=1 -fpic  -g -O2 -ffile-prefix-map=/build/r-base-rgGXCp/r-base-4.5.0=. -fstack-protector-strong -Wformat -Werror=format-security -Wdate-time -D_FORTIFY_SOURCE=2  -c init_package.c -o init_package.o
gcc -I"/usr/share/R/include" -DNDEBUG      -g -O2 -ffile-prefix-map=/build/r-base-rgGXCp/r-base-4.5.0=. -fstack-protector-strong -Wformat -Werror=format-security -Wdate-time -D_FORTIFY_SOURCE=2  -DPACKAGE_NAME=\"\" -DPACKAGE_TARNAME=\"\" -DPACKAGE_VERSION=\"\" -DPACKAGE_STRING=\"\" -DPACKAGE_BUGREPORT=\"\" -DPACKAGE_URL=\"\" -DSTDC_HEADERS=1 -DHAVE_SYS_TYPES_H=1 -DHAVE_SYS_STAT_H=1 -DHAVE_STDLIB_H=1 -DHAVE_STRING_H=1 -DHAVE_MEMORY_H=1 -DHAVE_STRINGS_H=1 -DHAVE_INTTYPES_H=1 -DHAVE_STDINT_H=1 -DHAVE_UNISTD_H=1 -DHAVE_STDLIB_H=1 -DUSE_PTHREADS=1 -fpic  -g -O2 -ffile-prefix-map=/build/r-base-rgGXCp/r-base-4.5.0=. -fstack-protector-strong -Wformat -Werror=format-security -Wdate-time -D_FORTIFY_SOURCE=2  -c lm.c -o lm.o
gcc -I"/usr/share/R/include" -DNDEBUG      -g -O2 -ffile-prefix-map=/build/r-base-rgGXCp/r-base-4.5.0=. -fstack-protector-strong -Wformat -Werror=format-security -Wdate-time -D_FORTIFY_SOURCE=2  -DPACKAGE_NAME=\"\" -DPACKAGE_TARNAME=\"\" -DPACKAGE_VERSION=\"\" -DPACKAGE_STRING=\"\" -DPACKAGE_BUGREPORT=\"\" -DPACKAGE_URL=\"\" -DSTDC_HEADERS=1 -DHAVE_SYS_TYPES_H=1 -DHAVE_SYS_STAT_H=1 -DHAVE_STDLIB_H=1 -DHAVE_STRING_H=1 -DHAVE_MEMORY_H=1 -DHAVE_STRINGS_H=1 -DHAVE_INTTYPES_H=1 -DHAVE_STDINT_H=1 -DHAVE_UNISTD_H=1 -DHAVE_STDLIB_H=1 -DUSE_PTHREADS=1 -fpic  -g -O2 -ffile-prefix-map=/build/r-base-rgGXCp/r-base-4.5.0=. -fstack-protector-strong -Wformat -Werror=format-security -Wdate-time -D_FORTIFY_SOURCE=2  -c log_avg.c -o log_avg.o
gcc -I"/usr/share/R/include" -DNDEBUG      -g -O2 -ffile-prefix-map=/build/r-base-rgGXCp/r-base-4.5.0=. -fstack-protector-strong -Wformat -Werror=format-security -Wdate-time -D_FORTIFY_SOURCE=2  -DPACKAGE_NAME=\"\" -DPACKAGE_TARNAME=\"\" -DPACKAGE_VERSION=\"\" -DPACKAGE_STRING=\"\" -DPACKAGE_BUGREPORT=\"\" -DPACKAGE_URL=\"\" -DSTDC_HEADERS=1 -DHAVE_SYS_TYPES_H=1 -DHAVE_SYS_STAT_H=1 -DHAVE_STDLIB_H=1 -DHAVE_STRING_H=1 -DHAVE_MEMORY_H=1 -DHAVE_STRINGS_H=1 -DHAVE_INTTYPES_H=1 -DHAVE_STDINT_H=1 -DHAVE_UNISTD_H=1 -DHAVE_STDLIB_H=1 -DUSE_PTHREADS=1 -fpic  -g -O2 -ffile-prefix-map=/build/r-base-rgGXCp/r-base-4.5.0=. -fstack-protector-strong -Wformat -Werror=format-security -Wdate-time -D_FORTIFY_SOURCE=2  -c log_median.c -o log_median.o
gcc -I"/usr/share/R/include" -DNDEBUG      -g -O2 -ffile-prefix-map=/build/r-base-rgGXCp/r-base-4.5.0=. -fstack-protector-strong -Wformat -Werror=format-security -Wdate-time -D_FORTIFY_SOURCE=2  -DPACKAGE_NAME=\"\" -DPACKAGE_TARNAME=\"\" -DPACKAGE_VERSION=\"\" -DPACKAGE_STRING=\"\" -DPACKAGE_BUGREPORT=\"\" -DPACKAGE_URL=\"\" -DSTDC_HEADERS=1 -DHAVE_SYS_TYPES_H=1 -DHAVE_SYS_STAT_H=1 -DHAVE_STDLIB_H=1 -DHAVE_STRING_H=1 -DHAVE_MEMORY_H=1 -DHAVE_STRINGS_H=1 -DHAVE_INTTYPES_H=1 -DHAVE_STDINT_H=1 -DHAVE_UNISTD_H=1 -DHAVE_STDLIB_H=1 -DUSE_PTHREADS=1 -fpic  -g -O2 -ffile-prefix-map=/build/r-base-rgGXCp/r-base-4.5.0=. -fstack-protector-strong -Wformat -Werror=format-security -Wdate-time -D_FORTIFY_SOURCE=2  -c matrix_functions.c -o matrix_functions.o
gcc -I"/usr/share/R/include" -DNDEBUG      -g -O2 -ffile-prefix-map=/build/r-base-rgGXCp/r-base-4.5.0=. -fstack-protector-strong -Wformat -Werror=format-security -Wdate-time -D_FORTIFY_SOURCE=2  -DPACKAGE_NAME=\"\" -DPACKAGE_TARNAME=\"\" -DPACKAGE_VERSION=\"\" -DPACKAGE_STRING=\"\" -DPACKAGE_BUGREPORT=\"\" -DPACKAGE_URL=\"\" -DSTDC_HEADERS=1 -DHAVE_SYS_TYPES_H=1 -DHAVE_SYS_STAT_H=1 -DHAVE_STDLIB_H=1 -DHAVE_STRING_H=1 -DHAVE_MEMORY_H=1 -DHAVE_STRINGS_H=1 -DHAVE_INTTYPES_H=1 -DHAVE_STDINT_H=1 -DHAVE_UNISTD_H=1 -DHAVE_STDLIB_H=1 -DUSE_PTHREADS=1 -fpic  -g -O2 -ffile-prefix-map=/build/r-base-rgGXCp/r-base-4.5.0=. -fstack-protector-strong -Wformat -Werror=format-security -Wdate-time -D_FORTIFY_SOURCE=2  -c median.c -o median.o
gcc -I"/usr/share/R/include" -DNDEBUG      -g -O2 -ffile-prefix-map=/build/r-base-rgGXCp/r-base-4.5.0=. -fstack-protector-strong -Wformat -Werror=format-security -Wdate-time -D_FORTIFY_SOURCE=2  -DPACKAGE_NAME=\"\" -DPACKAGE_TARNAME=\"\" -DPACKAGE_VERSION=\"\" -DPACKAGE_STRING=\"\" -DPACKAGE_BUGREPORT=\"\" -DPACKAGE_URL=\"\" -DSTDC_HEADERS=1 -DHAVE_SYS_TYPES_H=1 -DHAVE_SYS_STAT_H=1 -DHAVE_STDLIB_H=1 -DHAVE_STRING_H=1 -DHAVE_MEMORY_H=1 -DHAVE_STRINGS_H=1 -DHAVE_INTTYPES_H=1 -DHAVE_STDINT_H=1 -DHAVE_UNISTD_H=1 -DHAVE_STDLIB_H=1 -DUSE_PTHREADS=1 -fpic  -g -O2 -ffile-prefix-map=/build/r-base-rgGXCp/r-base-4.5.0=. -fstack-protector-strong -Wformat -Werror=format-security -Wdate-time -D_FORTIFY_SOURCE=2  -c median_log.c -o median_log.o
gcc -I"/usr/share/R/include" -DNDEBUG      -g -O2 -ffile-prefix-map=/build/r-base-rgGXCp/r-base-4.5.0=. -fstack-protector-strong -Wformat -Werror=format-security -Wdate-time -D_FORTIFY_SOURCE=2  -DPACKAGE_NAME=\"\" -DPACKAGE_TARNAME=\"\" -DPACKAGE_VERSION=\"\" -DPACKAGE_STRING=\"\" -DPACKAGE_BUGREPORT=\"\" -DPACKAGE_URL=\"\" -DSTDC_HEADERS=1 -DHAVE_SYS_TYPES_H=1 -DHAVE_SYS_STAT_H=1 -DHAVE_STDLIB_H=1 -DHAVE_STRING_H=1 -DHAVE_MEMORY_H=1 -DHAVE_STRINGS_H=1 -DHAVE_INTTYPES_H=1 -DHAVE_STDINT_H=1 -DHAVE_UNISTD_H=1 -DHAVE_STDLIB_H=1 -DUSE_PTHREADS=1 -fpic  -g -O2 -ffile-prefix-map=/build/r-base-rgGXCp/r-base-4.5.0=. -fstack-protector-strong -Wformat -Werror=format-security -Wdate-time -D_FORTIFY_SOURCE=2  -c medianpolish.c -o medianpolish.o
gcc -I"/usr/share/R/include" -DNDEBUG      -g -O2 -ffile-prefix-map=/build/r-base-rgGXCp/r-base-4.5.0=. -fstack-protector-strong -Wformat -Werror=format-security -Wdate-time -D_FORTIFY_SOURCE=2  -DPACKAGE_NAME=\"\" -DPACKAGE_TARNAME=\"\" -DPACKAGE_VERSION=\"\" -DPACKAGE_STRING=\"\" -DPACKAGE_BUGREPORT=\"\" -DPACKAGE_URL=\"\" -DSTDC_HEADERS=1 -DHAVE_SYS_TYPES_H=1 -DHAVE_SYS_STAT_H=1 -DHAVE_STDLIB_H=1 -DHAVE_STRING_H=1 -DHAVE_MEMORY_H=1 -DHAVE_STRINGS_H=1 -DHAVE_INTTYPES_H=1 -DHAVE_STDINT_H=1 -DHAVE_UNISTD_H=1 -DHAVE_STDLIB_H=1 -DUSE_PTHREADS=1 -fpic  -g -O2 -ffile-prefix-map=/build/r-base-rgGXCp/r-base-4.5.0=. -fstack-protector-strong -Wformat -Werror=format-security -Wdate-time -D_FORTIFY_SOURCE=2  -c plmd.c -o plmd.o
gcc -I"/usr/share/R/include" -DNDEBUG      -g -O2 -ffile-prefix-map=/build/r-base-rgGXCp/r-base-4.5.0=. -fstack-protector-strong -Wformat -Werror=format-security -Wdate-time -D_FORTIFY_SOURCE=2  -DPACKAGE_NAME=\"\" -DPACKAGE_TARNAME=\"\" -DPACKAGE_VERSION=\"\" -DPACKAGE_STRING=\"\" -DPACKAGE_BUGREPORT=\"\" -DPACKAGE_URL=\"\" -DSTDC_HEADERS=1 -DHAVE_SYS_TYPES_H=1 -DHAVE_SYS_STAT_H=1 -DHAVE_STDLIB_H=1 -DHAVE_STRING_H=1 -DHAVE_MEMORY_H=1 -DHAVE_STRINGS_H=1 -DHAVE_INTTYPES_H=1 -DHAVE_STDINT_H=1 -DHAVE_UNISTD_H=1 -DHAVE_STDLIB_H=1 -DUSE_PTHREADS=1 -fpic  -g -O2 -ffile-prefix-map=/build/r-base-rgGXCp/r-base-4.5.0=. -fstack-protector-strong -Wformat -Werror=format-security -Wdate-time -D_FORTIFY_SOURCE=2  -c plmr.c -o plmr.o
gcc -I"/usr/share/R/include" -DNDEBUG      -g -O2 -ffile-prefix-map=/build/r-base-rgGXCp/r-base-4.5.0=. -fstack-protector-strong -Wformat -Werror=format-security -Wdate-time -D_FORTIFY_SOURCE=2  -DPACKAGE_NAME=\"\" -DPACKAGE_TARNAME=\"\" -DPACKAGE_VERSION=\"\" -DPACKAGE_STRING=\"\" -DPACKAGE_BUGREPORT=\"\" -DPACKAGE_URL=\"\" -DSTDC_HEADERS=1 -DHAVE_SYS_TYPES_H=1 -DHAVE_SYS_STAT_H=1 -DHAVE_STDLIB_H=1 -DHAVE_STRING_H=1 -DHAVE_MEMORY_H=1 -DHAVE_STRINGS_H=1 -DHAVE_INTTYPES_H=1 -DHAVE_STDINT_H=1 -DHAVE_UNISTD_H=1 -DHAVE_STDLIB_H=1 -DUSE_PTHREADS=1 -fpic  -g -O2 -ffile-prefix-map=/build/r-base-rgGXCp/r-base-4.5.0=. -fstack-protector-strong -Wformat -Werror=format-security -Wdate-time -D_FORTIFY_SOURCE=2  -c psi_fns.c -o psi_fns.o
gcc -I"/usr/share/R/include" -DNDEBUG      -g -O2 -ffile-prefix-map=/build/r-base-rgGXCp/r-base-4.5.0=. -fstack-protector-strong -Wformat -Werror=format-security -Wdate-time -D_FORTIFY_SOURCE=2  -DPACKAGE_NAME=\"\" -DPACKAGE_TARNAME=\"\" -DPACKAGE_VERSION=\"\" -DPACKAGE_STRING=\"\" -DPACKAGE_BUGREPORT=\"\" -DPACKAGE_URL=\"\" -DSTDC_HEADERS=1 -DHAVE_SYS_TYPES_H=1 -DHAVE_SYS_STAT_H=1 -DHAVE_STDLIB_H=1 -DHAVE_STRING_H=1 -DHAVE_MEMORY_H=1 -DHAVE_STRINGS_H=1 -DHAVE_INTTYPES_H=1 -DHAVE_STDINT_H=1 -DHAVE_UNISTD_H=1 -DHAVE_STDLIB_H=1 -DUSE_PTHREADS=1 -fpic  -g -O2 -ffile-prefix-map=/build/r-base-rgGXCp/r-base-4.5.0=. -fstack-protector-strong -Wformat -Werror=format-security -Wdate-time -D_FORTIFY_SOURCE=2  -c qnorm.c -o qnorm.o
qnorm.c: In function ‘qnorm_c_l’:
qnorm.c:595:63: warning: format ‘%d’ expects argument of type ‘int’, but argument 2 has type ‘size_t’ {aka ‘long unsigned int’} [-Wformat=]
  595 |          error("ERROR; return code from pthread_join(thread #%d) is %d, exit status for thread was %d\n",
      |                                                              ~^
      |                                                               |
      |                                                               int
      |                                                              %ld
  596 |                i, returnCode, *((int *) status));
      |                ~                                               
      |                |
      |                size_t {aka long unsigned int}
qnorm.c:616:63: warning: format ‘%d’ expects argument of type ‘int’, but argument 2 has type ‘size_t’ {aka ‘long unsigned int’} [-Wformat=]
  616 |          error("ERROR; return code from pthread_join(thread #%d) is %d, exit status for thread was %d\n",
      |                                                              ~^
      |                                                               |
      |                                                               int
      |                                                              %ld
  617 |                i, returnCode, *((int *) status));
      |                ~                                               
      |                |
      |                size_t {aka long unsigned int}
qnorm.c: In function ‘qnorm_c_determine_target_l’:
qnorm.c:2004:63: warning: format ‘%d’ expects argument of type ‘int’, but argument 2 has type ‘size_t’ {aka ‘long unsigned int’} [-Wformat=]
 2004 |          error("ERROR; return code from pthread_join(thread #%d) is %d, exit status for thread was %d\n",
      |                                                              ~^
      |                                                               |
      |                                                               int
      |                                                              %ld
 2005 |                i, returnCode, *((int *) status));
      |                ~                                               
      |                |
      |                size_t {aka long unsigned int}
qnorm.c: In function ‘qnorm_c_determine_target_via_subset_l’:
qnorm.c:2604:63: warning: format ‘%d’ expects argument of type ‘int’, but argument 2 has type ‘size_t’ {aka ‘long unsigned int’} [-Wformat=]
 2604 |          error("ERROR; return code from pthread_join(thread #%d) is %d, exit status for thread was %d\n",
      |                                                              ~^
      |                                                               |
      |                                                               int
      |                                                              %ld
 2605 |                i, returnCode, *((int *) status));
      |                ~                                               
      |                |
      |                size_t {aka long unsigned int}
gcc -I"/usr/share/R/include" -DNDEBUG      -g -O2 -ffile-prefix-map=/build/r-base-rgGXCp/r-base-4.5.0=. -fstack-protector-strong -Wformat -Werror=format-security -Wdate-time -D_FORTIFY_SOURCE=2  -DPACKAGE_NAME=\"\" -DPACKAGE_TARNAME=\"\" -DPACKAGE_VERSION=\"\" -DPACKAGE_STRING=\"\" -DPACKAGE_BUGREPORT=\"\" -DPACKAGE_URL=\"\" -DSTDC_HEADERS=1 -DHAVE_SYS_TYPES_H=1 -DHAVE_SYS_STAT_H=1 -DHAVE_STDLIB_H=1 -DHAVE_STRING_H=1 -DHAVE_MEMORY_H=1 -DHAVE_STRINGS_H=1 -DHAVE_INTTYPES_H=1 -DHAVE_STDINT_H=1 -DHAVE_UNISTD_H=1 -DHAVE_STDLIB_H=1 -DUSE_PTHREADS=1 -fpic  -g -O2 -ffile-prefix-map=/build/r-base-rgGXCp/r-base-4.5.0=. -fstack-protector-strong -Wformat -Werror=format-security -Wdate-time -D_FORTIFY_SOURCE=2  -c rlm.c -o rlm.o
gcc -I"/usr/share/R/include" -DNDEBUG      -g -O2 -ffile-prefix-map=/build/r-base-rgGXCp/r-base-4.5.0=. -fstack-protector-strong -Wformat -Werror=format-security -Wdate-time -D_FORTIFY_SOURCE=2  -DPACKAGE_NAME=\"\" -DPACKAGE_TARNAME=\"\" -DPACKAGE_VERSION=\"\" -DPACKAGE_STRING=\"\" -DPACKAGE_BUGREPORT=\"\" -DPACKAGE_URL=\"\" -DSTDC_HEADERS=1 -DHAVE_SYS_TYPES_H=1 -DHAVE_SYS_STAT_H=1 -DHAVE_STDLIB_H=1 -DHAVE_STRING_H=1 -DHAVE_MEMORY_H=1 -DHAVE_STRINGS_H=1 -DHAVE_INTTYPES_H=1 -DHAVE_STDINT_H=1 -DHAVE_UNISTD_H=1 -DHAVE_STDLIB_H=1 -DUSE_PTHREADS=1 -fpic  -g -O2 -ffile-prefix-map=/build/r-base-rgGXCp/r-base-4.5.0=. -fstack-protector-strong -Wformat -Werror=format-security -Wdate-time -D_FORTIFY_SOURCE=2  -c rlm_anova.c -o rlm_anova.o
gcc -I"/usr/share/R/include" -DNDEBUG      -g -O2 -ffile-prefix-map=/build/r-base-rgGXCp/r-base-4.5.0=. -fstack-protector-strong -Wformat -Werror=format-security -Wdate-time -D_FORTIFY_SOURCE=2  -DPACKAGE_NAME=\"\" -DPACKAGE_TARNAME=\"\" -DPACKAGE_VERSION=\"\" -DPACKAGE_STRING=\"\" -DPACKAGE_BUGREPORT=\"\" -DPACKAGE_URL=\"\" -DSTDC_HEADERS=1 -DHAVE_SYS_TYPES_H=1 -DHAVE_SYS_STAT_H=1 -DHAVE_STDLIB_H=1 -DHAVE_STRING_H=1 -DHAVE_MEMORY_H=1 -DHAVE_STRINGS_H=1 -DHAVE_INTTYPES_H=1 -DHAVE_STDINT_H=1 -DHAVE_UNISTD_H=1 -DHAVE_STDLIB_H=1 -DUSE_PTHREADS=1 -fpic  -g -O2 -ffile-prefix-map=/build/r-base-rgGXCp/r-base-4.5.0=. -fstack-protector-strong -Wformat -Werror=format-security -Wdate-time -D_FORTIFY_SOURCE=2  -c rlm_se.c -o rlm_se.o
gcc -I"/usr/share/R/include" -DNDEBUG      -g -O2 -ffile-prefix-map=/build/r-base-rgGXCp/r-base-4.5.0=. -fstack-protector-strong -Wformat -Werror=format-security -Wdate-time -D_FORTIFY_SOURCE=2  -DPACKAGE_NAME=\"\" -DPACKAGE_TARNAME=\"\" -DPACKAGE_VERSION=\"\" -DPACKAGE_STRING=\"\" -DPACKAGE_BUGREPORT=\"\" -DPACKAGE_URL=\"\" -DSTDC_HEADERS=1 -DHAVE_SYS_TYPES_H=1 -DHAVE_SYS_STAT_H=1 -DHAVE_STDLIB_H=1 -DHAVE_STRING_H=1 -DHAVE_MEMORY_H=1 -DHAVE_STRINGS_H=1 -DHAVE_INTTYPES_H=1 -DHAVE_STDINT_H=1 -DHAVE_UNISTD_H=1 -DHAVE_STDLIB_H=1 -DUSE_PTHREADS=1 -fpic  -g -O2 -ffile-prefix-map=/build/r-base-rgGXCp/r-base-4.5.0=. -fstack-protector-strong -Wformat -Werror=format-security -Wdate-time -D_FORTIFY_SOURCE=2  -c rma_background4.c -o rma_background4.o
gcc -I"/usr/share/R/include" -DNDEBUG      -g -O2 -ffile-prefix-map=/build/r-base-rgGXCp/r-base-4.5.0=. -fstack-protector-strong -Wformat -Werror=format-security -Wdate-time -D_FORTIFY_SOURCE=2  -DPACKAGE_NAME=\"\" -DPACKAGE_TARNAME=\"\" -DPACKAGE_VERSION=\"\" -DPACKAGE_STRING=\"\" -DPACKAGE_BUGREPORT=\"\" -DPACKAGE_URL=\"\" -DSTDC_HEADERS=1 -DHAVE_SYS_TYPES_H=1 -DHAVE_SYS_STAT_H=1 -DHAVE_STDLIB_H=1 -DHAVE_STRING_H=1 -DHAVE_MEMORY_H=1 -DHAVE_STRINGS_H=1 -DHAVE_INTTYPES_H=1 -DHAVE_STDINT_H=1 -DHAVE_UNISTD_H=1 -DHAVE_STDLIB_H=1 -DUSE_PTHREADS=1 -fpic  -g -O2 -ffile-prefix-map=/build/r-base-rgGXCp/r-base-4.5.0=. -fstack-protector-strong -Wformat -Werror=format-security -Wdate-time -D_FORTIFY_SOURCE=2  -c rma_common.c -o rma_common.o
gcc -I"/usr/share/R/include" -DNDEBUG      -g -O2 -ffile-prefix-map=/build/r-base-rgGXCp/r-base-4.5.0=. -fstack-protector-strong -Wformat -Werror=format-security -Wdate-time -D_FORTIFY_SOURCE=2  -DPACKAGE_NAME=\"\" -DPACKAGE_TARNAME=\"\" -DPACKAGE_VERSION=\"\" -DPACKAGE_STRING=\"\" -DPACKAGE_BUGREPORT=\"\" -DPACKAGE_URL=\"\" -DSTDC_HEADERS=1 -DHAVE_SYS_TYPES_H=1 -DHAVE_SYS_STAT_H=1 -DHAVE_STDLIB_H=1 -DHAVE_STRING_H=1 -DHAVE_MEMORY_H=1 -DHAVE_STRINGS_H=1 -DHAVE_INTTYPES_H=1 -DHAVE_STDINT_H=1 -DHAVE_UNISTD_H=1 -DHAVE_STDLIB_H=1 -DUSE_PTHREADS=1 -fpic  -g -O2 -ffile-prefix-map=/build/r-base-rgGXCp/r-base-4.5.0=. -fstack-protector-strong -Wformat -Werror=format-security -Wdate-time -D_FORTIFY_SOURCE=2  -c weightedkerneldensity.c -o weightedkerneldensity.o
gcc -shared -L/usr/lib/R/lib -Wl,-Bsymbolic-functions -flto=auto -ffat-lto-objects -flto=auto -Wl,-z,relro -o preprocessCore.so R_colSummarize.o R_plmd_interfaces.o R_plmr_interfaces.o R_rlm_interfaces.o R_subColSummarize.o R_subrcModel_interfaces.o avg.o avg_log.o biweight.o init_package.o lm.o log_avg.o log_median.o matrix_functions.o median.o median_log.o medianpolish.o plmd.o plmr.o psi_fns.o qnorm.o rlm.o rlm_anova.o rlm_se.o rma_background4.o rma_common.o weightedkerneldensity.o -llapack -lblas -lgfortran -lm -lquadmath -L/usr/lib/R/lib -lR
installing to /usr/local/lib/R/site-library/00LOCK-preprocessCore/00new/preprocessCore/libs
** R
** inst
** byte-compile and prepare package for lazy loading
** help
*** installing help indices
** building package indices
** testing if installed package can be loaded from temporary location
** checking absolute paths in shared objects and dynamic libraries
** testing if installed package can be loaded from final location
** testing if installed package keeps a record of temporary installation path
* creating tarball
packaged installation of ‘preprocessCore’ as ‘preprocessCore_1.70.0_R_x86_64-pc-linux-gnu.tar.gz’
* DONE (preprocessCore)
* installing *source* package ‘iterators’ ...
** this is package ‘iterators’ version ‘1.0.14’
** package ‘iterators’ successfully unpacked and MD5 sums checked
** using staged installation
** R
** inst
** byte-compile and prepare package for lazy loading
** help
*** installing help indices
** building package indices
** installing vignettes
** testing if installed package can be loaded from temporary location
** testing if installed package can be loaded from final location
** testing if installed package keeps a record of temporary installation path
* creating tarball
packaged installation of ‘iterators’ as ‘iterators_1.0.14_R_x86_64-pc-linux-gnu.tar.gz’
* DONE (iterators)
* installing *source* package ‘rsvg’ ...
** this is package ‘rsvg’ version ‘2.6.2’
** package ‘rsvg’ successfully unpacked and MD5 sums checked
** using staged installation
Found pkg-config cflags and libs!
Using PKG_CFLAGS=-I/usr/include/librsvg-2.0 -I/usr/include/glib-2.0 -I/usr/lib/x86_64-linux-gnu/glib-2.0/include -I/usr/include/libmount -I/usr/include/blkid -I/usr/include/gdk-pixbuf-2.0 -I/usr/include/libpng16 -I/usr/include/x86_64-linux-gnu -pthread -I/usr/include/cairo -I/usr/include/pixman-1 -I/usr/include/freetype2 -I/usr/include/uuid 
Using PKG_LIBS=-lrsvg-2 -lm -lgio-2.0 -lgdk_pixbuf-2.0 -lgobject-2.0 -lglib-2.0 -lcairo 
** libs
using C compiler: ‘gcc (Ubuntu 11.4.0-1ubuntu1~22.04) 11.4.0’
gcc -I"/usr/share/R/include" -DNDEBUG -I/usr/include/librsvg-2.0 -I/usr/include/glib-2.0 -I/usr/lib/x86_64-linux-gnu/glib-2.0/include -I/usr/include/libmount -I/usr/include/blkid -I/usr/include/gdk-pixbuf-2.0 -I/usr/include/libpng16 -I/usr/include/x86_64-linux-gnu -pthread -I/usr/include/cairo -I/usr/include/pixman-1 -I/usr/include/freetype2 -I/usr/include/uuid  -DSTRICT_R_HEADERS -DR_NO_REMAP      -fpic  -g -O2 -ffile-prefix-map=/build/r-base-rgGXCp/r-base-4.5.0=. -fstack-protector-strong -Wformat -Werror=format-security -Wdate-time -D_FORTIFY_SOURCE=2  -c rsvg.c -o rsvg.o
gcc -shared -L/usr/lib/R/lib -Wl,-Bsymbolic-functions -flto=auto -ffat-lto-objects -flto=auto -Wl,-z,relro -o rsvg.so rsvg.o -lrsvg-2 -lm -lgio-2.0 -lgdk_pixbuf-2.0 -lgobject-2.0 -lglib-2.0 -lcairo -L/usr/lib/R/lib -lR
installing to /usr/local/lib/R/site-library/00LOCK-rsvg/00new/rsvg/libs
** R
** inst
** byte-compile and prepare package for lazy loading
** help
*** installing help indices
*** copying figures
** building package indices
** installing vignettes
** testing if installed package can be loaded from temporary location
** checking absolute paths in shared objects and dynamic libraries
** testing if installed package can be loaded from final location
** testing if installed package keeps a record of temporary installation path
* creating tarball
packaged installation of ‘rsvg’ as ‘rsvg_2.6.2_R_x86_64-pc-linux-gnu.tar.gz’
* DONE (rsvg)
* installing *source* package ‘config’ ...
** this is package ‘config’ version ‘0.3.2’
** package ‘config’ successfully unpacked and MD5 sums checked
** using staged installation
** R
** inst
** byte-compile and prepare package for lazy loading
** help
*** installing help indices
*** copying figures
** building package indices
** installing vignettes
** testing if installed package can be loaded from temporary location
** testing if installed package can be loaded from final location
** testing if installed package keeps a record of temporary installation path
* creating tarball
packaged installation of ‘config’ as ‘config_0.3.2_R_x86_64-pc-linux-gnu.tar.gz’
* DONE (config)
* installing *source* package ‘tfautograph’ ...
** this is package ‘tfautograph’ version ‘0.3.2’
** package ‘tfautograph’ successfully unpacked and MD5 sums checked
** using staged installation
** R
** byte-compile and prepare package for lazy loading
** help
*** installing help indices
*** copying figures
** building package indices
** testing if installed package can be loaded from temporary location
** testing if installed package can be loaded from final location
** testing if installed package keeps a record of temporary installation path
* creating tarball
packaged installation of ‘tfautograph’ as ‘tfautograph_0.3.2_R_x86_64-pc-linux-gnu.tar.gz’
* DONE (tfautograph)
* installing *source* package ‘clisymbols’ ...
** this is package ‘clisymbols’ version ‘1.2.0’
** package ‘clisymbols’ successfully unpacked and MD5 sums checked
** using staged installation
** R
** inst
** byte-compile and prepare package for lazy loading
** help
*** installing help indices
** building package indices
** testing if installed package can be loaded from temporary location
** testing if installed package can be loaded from final location
** testing if installed package keeps a record of temporary installation path
* creating tarball
packaged installation of ‘clisymbols’ as ‘clisymbols_1.2.0_R_x86_64-pc-linux-gnu.tar.gz’
* DONE (clisymbols)
* installing *source* package ‘SnowballC’ ...
** this is package ‘SnowballC’ version ‘0.7.1’
** package ‘SnowballC’ successfully unpacked and MD5 sums checked
** using staged installation
** libs
using C compiler: ‘gcc (Ubuntu 11.4.0-1ubuntu1~22.04) 11.4.0’
gcc -I"/usr/share/R/include" -DNDEBUG       -fpic  -g -O2 -ffile-prefix-map=/build/r-base-rgGXCp/r-base-4.5.0=. -fstack-protector-strong -Wformat -Werror=format-security -Wdate-time -D_FORTIFY_SOURCE=2  -c SnowballC_init.c -o SnowballC_init.o
gcc -I"/usr/share/R/include" -DNDEBUG       -fpic  -g -O2 -ffile-prefix-map=/build/r-base-rgGXCp/r-base-4.5.0=. -fstack-protector-strong -Wformat -Werror=format-security -Wdate-time -D_FORTIFY_SOURCE=2  -c api.c -o api.o
gcc -I"/usr/share/R/include" -DNDEBUG       -fpic  -g -O2 -ffile-prefix-map=/build/r-base-rgGXCp/r-base-4.5.0=. -fstack-protector-strong -Wformat -Werror=format-security -Wdate-time -D_FORTIFY_SOURCE=2  -c libstemmer_utf8.c -o libstemmer_utf8.o
gcc -I"/usr/share/R/include" -DNDEBUG       -fpic  -g -O2 -ffile-prefix-map=/build/r-base-rgGXCp/r-base-4.5.0=. -fstack-protector-strong -Wformat -Werror=format-security -Wdate-time -D_FORTIFY_SOURCE=2  -c stem.c -o stem.o
gcc -I"/usr/share/R/include" -DNDEBUG       -fpic  -g -O2 -ffile-prefix-map=/build/r-base-rgGXCp/r-base-4.5.0=. -fstack-protector-strong -Wformat -Werror=format-security -Wdate-time -D_FORTIFY_SOURCE=2  -c stem_UTF_8_arabic.c -o stem_UTF_8_arabic.o
gcc -I"/usr/share/R/include" -DNDEBUG       -fpic  -g -O2 -ffile-prefix-map=/build/r-base-rgGXCp/r-base-4.5.0=. -fstack-protector-strong -Wformat -Werror=format-security -Wdate-time -D_FORTIFY_SOURCE=2  -c stem_UTF_8_basque.c -o stem_UTF_8_basque.o
gcc -I"/usr/share/R/include" -DNDEBUG       -fpic  -g -O2 -ffile-prefix-map=/build/r-base-rgGXCp/r-base-4.5.0=. -fstack-protector-strong -Wformat -Werror=format-security -Wdate-time -D_FORTIFY_SOURCE=2  -c stem_UTF_8_catalan.c -o stem_UTF_8_catalan.o
gcc -I"/usr/share/R/include" -DNDEBUG       -fpic  -g -O2 -ffile-prefix-map=/build/r-base-rgGXCp/r-base-4.5.0=. -fstack-protector-strong -Wformat -Werror=format-security -Wdate-time -D_FORTIFY_SOURCE=2  -c stem_UTF_8_danish.c -o stem_UTF_8_danish.o
gcc -I"/usr/share/R/include" -DNDEBUG       -fpic  -g -O2 -ffile-prefix-map=/build/r-base-rgGXCp/r-base-4.5.0=. -fstack-protector-strong -Wformat -Werror=format-security -Wdate-time -D_FORTIFY_SOURCE=2  -c stem_UTF_8_dutch.c -o stem_UTF_8_dutch.o
gcc -I"/usr/share/R/include" -DNDEBUG       -fpic  -g -O2 -ffile-prefix-map=/build/r-base-rgGXCp/r-base-4.5.0=. -fstack-protector-strong -Wformat -Werror=format-security -Wdate-time -D_FORTIFY_SOURCE=2  -c stem_UTF_8_english.c -o stem_UTF_8_english.o
gcc -I"/usr/share/R/include" -DNDEBUG       -fpic  -g -O2 -ffile-prefix-map=/build/r-base-rgGXCp/r-base-4.5.0=. -fstack-protector-strong -Wformat -Werror=format-security -Wdate-time -D_FORTIFY_SOURCE=2  -c stem_UTF_8_finnish.c -o stem_UTF_8_finnish.o
gcc -I"/usr/share/R/include" -DNDEBUG       -fpic  -g -O2 -ffile-prefix-map=/build/r-base-rgGXCp/r-base-4.5.0=. -fstack-protector-strong -Wformat -Werror=format-security -Wdate-time -D_FORTIFY_SOURCE=2  -c stem_UTF_8_french.c -o stem_UTF_8_french.o
gcc -I"/usr/share/R/include" -DNDEBUG       -fpic  -g -O2 -ffile-prefix-map=/build/r-base-rgGXCp/r-base-4.5.0=. -fstack-protector-strong -Wformat -Werror=format-security -Wdate-time -D_FORTIFY_SOURCE=2  -c stem_UTF_8_german.c -o stem_UTF_8_german.o
gcc -I"/usr/share/R/include" -DNDEBUG       -fpic  -g -O2 -ffile-prefix-map=/build/r-base-rgGXCp/r-base-4.5.0=. -fstack-protector-strong -Wformat -Werror=format-security -Wdate-time -D_FORTIFY_SOURCE=2  -c stem_UTF_8_greek.c -o stem_UTF_8_greek.o
gcc -I"/usr/share/R/include" -DNDEBUG       -fpic  -g -O2 -ffile-prefix-map=/build/r-base-rgGXCp/r-base-4.5.0=. -fstack-protector-strong -Wformat -Werror=format-security -Wdate-time -D_FORTIFY_SOURCE=2  -c stem_UTF_8_hindi.c -o stem_UTF_8_hindi.o
gcc -I"/usr/share/R/include" -DNDEBUG       -fpic  -g -O2 -ffile-prefix-map=/build/r-base-rgGXCp/r-base-4.5.0=. -fstack-protector-strong -Wformat -Werror=format-security -Wdate-time -D_FORTIFY_SOURCE=2  -c stem_UTF_8_hungarian.c -o stem_UTF_8_hungarian.o
gcc -I"/usr/share/R/include" -DNDEBUG       -fpic  -g -O2 -ffile-prefix-map=/build/r-base-rgGXCp/r-base-4.5.0=. -fstack-protector-strong -Wformat -Werror=format-security -Wdate-time -D_FORTIFY_SOURCE=2  -c stem_UTF_8_indonesian.c -o stem_UTF_8_indonesian.o
gcc -I"/usr/share/R/include" -DNDEBUG       -fpic  -g -O2 -ffile-prefix-map=/build/r-base-rgGXCp/r-base-4.5.0=. -fstack-protector-strong -Wformat -Werror=format-security -Wdate-time -D_FORTIFY_SOURCE=2  -c stem_UTF_8_irish.c -o stem_UTF_8_irish.o
gcc -I"/usr/share/R/include" -DNDEBUG       -fpic  -g -O2 -ffile-prefix-map=/build/r-base-rgGXCp/r-base-4.5.0=. -fstack-protector-strong -Wformat -Werror=format-security -Wdate-time -D_FORTIFY_SOURCE=2  -c stem_UTF_8_italian.c -o stem_UTF_8_italian.o
gcc -I"/usr/share/R/include" -DNDEBUG       -fpic  -g -O2 -ffile-prefix-map=/build/r-base-rgGXCp/r-base-4.5.0=. -fstack-protector-strong -Wformat -Werror=format-security -Wdate-time -D_FORTIFY_SOURCE=2  -c stem_UTF_8_lithuanian.c -o stem_UTF_8_lithuanian.o
gcc -I"/usr/share/R/include" -DNDEBUG       -fpic  -g -O2 -ffile-prefix-map=/build/r-base-rgGXCp/r-base-4.5.0=. -fstack-protector-strong -Wformat -Werror=format-security -Wdate-time -D_FORTIFY_SOURCE=2  -c stem_UTF_8_nepali.c -o stem_UTF_8_nepali.o
gcc -I"/usr/share/R/include" -DNDEBUG       -fpic  -g -O2 -ffile-prefix-map=/build/r-base-rgGXCp/r-base-4.5.0=. -fstack-protector-strong -Wformat -Werror=format-security -Wdate-time -D_FORTIFY_SOURCE=2  -c stem_UTF_8_norwegian.c -o stem_UTF_8_norwegian.o
gcc -I"/usr/share/R/include" -DNDEBUG       -fpic  -g -O2 -ffile-prefix-map=/build/r-base-rgGXCp/r-base-4.5.0=. -fstack-protector-strong -Wformat -Werror=format-security -Wdate-time -D_FORTIFY_SOURCE=2  -c stem_UTF_8_porter.c -o stem_UTF_8_porter.o
gcc -I"/usr/share/R/include" -DNDEBUG       -fpic  -g -O2 -ffile-prefix-map=/build/r-base-rgGXCp/r-base-4.5.0=. -fstack-protector-strong -Wformat -Werror=format-security -Wdate-time -D_FORTIFY_SOURCE=2  -c stem_UTF_8_portuguese.c -o stem_UTF_8_portuguese.o
gcc -I"/usr/share/R/include" -DNDEBUG       -fpic  -g -O2 -ffile-prefix-map=/build/r-base-rgGXCp/r-base-4.5.0=. -fstack-protector-strong -Wformat -Werror=format-security -Wdate-time -D_FORTIFY_SOURCE=2  -c stem_UTF_8_romanian.c -o stem_UTF_8_romanian.o
gcc -I"/usr/share/R/include" -DNDEBUG       -fpic  -g -O2 -ffile-prefix-map=/build/r-base-rgGXCp/r-base-4.5.0=. -fstack-protector-strong -Wformat -Werror=format-security -Wdate-time -D_FORTIFY_SOURCE=2  -c stem_UTF_8_russian.c -o stem_UTF_8_russian.o
gcc -I"/usr/share/R/include" -DNDEBUG       -fpic  -g -O2 -ffile-prefix-map=/build/r-base-rgGXCp/r-base-4.5.0=. -fstack-protector-strong -Wformat -Werror=format-security -Wdate-time -D_FORTIFY_SOURCE=2  -c stem_UTF_8_spanish.c -o stem_UTF_8_spanish.o
gcc -I"/usr/share/R/include" -DNDEBUG       -fpic  -g -O2 -ffile-prefix-map=/build/r-base-rgGXCp/r-base-4.5.0=. -fstack-protector-strong -Wformat -Werror=format-security -Wdate-time -D_FORTIFY_SOURCE=2  -c stem_UTF_8_swedish.c -o stem_UTF_8_swedish.o
gcc -I"/usr/share/R/include" -DNDEBUG       -fpic  -g -O2 -ffile-prefix-map=/build/r-base-rgGXCp/r-base-4.5.0=. -fstack-protector-strong -Wformat -Werror=format-security -Wdate-time -D_FORTIFY_SOURCE=2  -c stem_UTF_8_tamil.c -o stem_UTF_8_tamil.o
gcc -I"/usr/share/R/include" -DNDEBUG       -fpic  -g -O2 -ffile-prefix-map=/build/r-base-rgGXCp/r-base-4.5.0=. -fstack-protector-strong -Wformat -Werror=format-security -Wdate-time -D_FORTIFY_SOURCE=2  -c stem_UTF_8_turkish.c -o stem_UTF_8_turkish.o
gcc -I"/usr/share/R/include" -DNDEBUG       -fpic  -g -O2 -ffile-prefix-map=/build/r-base-rgGXCp/r-base-4.5.0=. -fstack-protector-strong -Wformat -Werror=format-security -Wdate-time -D_FORTIFY_SOURCE=2  -c utilities.c -o utilities.o
gcc -shared -L/usr/lib/R/lib -Wl,-Bsymbolic-functions -flto=auto -ffat-lto-objects -flto=auto -Wl,-z,relro -o SnowballC.so SnowballC_init.o api.o libstemmer_utf8.o stem.o stem_UTF_8_arabic.o stem_UTF_8_basque.o stem_UTF_8_catalan.o stem_UTF_8_danish.o stem_UTF_8_dutch.o stem_UTF_8_english.o stem_UTF_8_finnish.o stem_UTF_8_french.o stem_UTF_8_german.o stem_UTF_8_greek.o stem_UTF_8_hindi.o stem_UTF_8_hungarian.o stem_UTF_8_indonesian.o stem_UTF_8_irish.o stem_UTF_8_italian.o stem_UTF_8_lithuanian.o stem_UTF_8_nepali.o stem_UTF_8_norwegian.o stem_UTF_8_porter.o stem_UTF_8_portuguese.o stem_UTF_8_romanian.o stem_UTF_8_russian.o stem_UTF_8_spanish.o stem_UTF_8_swedish.o stem_UTF_8_tamil.o stem_UTF_8_turkish.o utilities.o -L/usr/lib/R/lib -lR
installing to /usr/local/lib/R/site-library/00LOCK-SnowballC/00new/SnowballC/libs
** R
** inst
** byte-compile and prepare package for lazy loading
** help
*** installing help indices
** building package indices
** testing if installed package can be loaded from temporary location
** checking absolute paths in shared objects and dynamic libraries
** testing if installed package can be loaded from final location
** testing if installed package keeps a record of temporary installation path
* creating tarball
packaged installation of ‘SnowballC’ as ‘SnowballC_0.7.1_R_x86_64-pc-linux-gnu.tar.gz’
* DONE (SnowballC)
* installing *source* package ‘stringdist’ ...
** this is package ‘stringdist’ version ‘0.9.15’
** package ‘stringdist’ successfully unpacked and MD5 sums checked
** using staged installation
** libs
using C compiler: ‘gcc (Ubuntu 11.4.0-1ubuntu1~22.04) 11.4.0’
gcc -I"/usr/share/R/include" -DNDEBUG -I../inst/include     -fopenmp -fpic  -g -O2 -ffile-prefix-map=/build/r-base-rgGXCp/r-base-4.5.0=. -fstack-protector-strong -Wformat -Werror=format-security -Wdate-time -D_FORTIFY_SOURCE=2  -c R_register_native.c -o R_register_native.o
gcc -I"/usr/share/R/include" -DNDEBUG -I../inst/include     -fopenmp -fpic  -g -O2 -ffile-prefix-map=/build/r-base-rgGXCp/r-base-4.5.0=. -fstack-protector-strong -Wformat -Werror=format-security -Wdate-time -D_FORTIFY_SOURCE=2  -c Rstringdist.c -o Rstringdist.o
gcc -I"/usr/share/R/include" -DNDEBUG -I../inst/include     -fopenmp -fpic  -g -O2 -ffile-prefix-map=/build/r-base-rgGXCp/r-base-4.5.0=. -fstack-protector-strong -Wformat -Werror=format-security -Wdate-time -D_FORTIFY_SOURCE=2  -c dl.c -o dl.o
gcc -I"/usr/share/R/include" -DNDEBUG -I../inst/include     -fopenmp -fpic  -g -O2 -ffile-prefix-map=/build/r-base-rgGXCp/r-base-4.5.0=. -fstack-protector-strong -Wformat -Werror=format-security -Wdate-time -D_FORTIFY_SOURCE=2  -c hamming.c -o hamming.o
gcc -I"/usr/share/R/include" -DNDEBUG -I../inst/include     -fopenmp -fpic  -g -O2 -ffile-prefix-map=/build/r-base-rgGXCp/r-base-4.5.0=. -fstack-protector-strong -Wformat -Werror=format-security -Wdate-time -D_FORTIFY_SOURCE=2  -c jaro.c -o jaro.o
gcc -I"/usr/share/R/include" -DNDEBUG -I../inst/include     -fopenmp -fpic  -g -O2 -ffile-prefix-map=/build/r-base-rgGXCp/r-base-4.5.0=. -fstack-protector-strong -Wformat -Werror=format-security -Wdate-time -D_FORTIFY_SOURCE=2  -c lcs.c -o lcs.o
gcc -I"/usr/share/R/include" -DNDEBUG -I../inst/include     -fopenmp -fpic  -g -O2 -ffile-prefix-map=/build/r-base-rgGXCp/r-base-4.5.0=. -fstack-protector-strong -Wformat -Werror=format-security -Wdate-time -D_FORTIFY_SOURCE=2  -c lv.c -o lv.o
gcc -I"/usr/share/R/include" -DNDEBUG -I../inst/include     -fopenmp -fpic  -g -O2 -ffile-prefix-map=/build/r-base-rgGXCp/r-base-4.5.0=. -fstack-protector-strong -Wformat -Werror=format-security -Wdate-time -D_FORTIFY_SOURCE=2  -c osa.c -o osa.o
gcc -I"/usr/share/R/include" -DNDEBUG -I../inst/include     -fopenmp -fpic  -g -O2 -ffile-prefix-map=/build/r-base-rgGXCp/r-base-4.5.0=. -fstack-protector-strong -Wformat -Werror=format-security -Wdate-time -D_FORTIFY_SOURCE=2  -c qgram.c -o qgram.o
gcc -I"/usr/share/R/include" -DNDEBUG -I../inst/include     -fopenmp -fpic  -g -O2 -ffile-prefix-map=/build/r-base-rgGXCp/r-base-4.5.0=. -fstack-protector-strong -Wformat -Werror=format-security -Wdate-time -D_FORTIFY_SOURCE=2  -c soundex.c -o soundex.o
gcc -I"/usr/share/R/include" -DNDEBUG -I../inst/include     -fopenmp -fpic  -g -O2 -ffile-prefix-map=/build/r-base-rgGXCp/r-base-4.5.0=. -fstack-protector-strong -Wformat -Werror=format-security -Wdate-time -D_FORTIFY_SOURCE=2  -c stringdist.c -o stringdist.o
gcc -I"/usr/share/R/include" -DNDEBUG -I../inst/include     -fopenmp -fpic  -g -O2 -ffile-prefix-map=/build/r-base-rgGXCp/r-base-4.5.0=. -fstack-protector-strong -Wformat -Werror=format-security -Wdate-time -D_FORTIFY_SOURCE=2  -c utf8ToInt.c -o utf8ToInt.o
gcc -I"/usr/share/R/include" -DNDEBUG -I../inst/include     -fopenmp -fpic  -g -O2 -ffile-prefix-map=/build/r-base-rgGXCp/r-base-4.5.0=. -fstack-protector-strong -Wformat -Werror=format-security -Wdate-time -D_FORTIFY_SOURCE=2  -c utils.c -o utils.o
gcc -shared -L/usr/lib/R/lib -Wl,-Bsymbolic-functions -flto=auto -ffat-lto-objects -flto=auto -Wl,-z,relro -o stringdist.so R_register_native.o Rstringdist.o dl.o hamming.o jaro.o lcs.o lv.o osa.o qgram.o soundex.o stringdist.o utf8ToInt.o utils.o -fopenmp -L/usr/lib/R/lib -lR
installing to /usr/local/lib/R/site-library/00LOCK-stringdist/00new/stringdist/libs
** R
** inst
** byte-compile and prepare package for lazy loading
** help
*** installing help indices
** building package indices
** installing vignettes
** testing if installed package can be loaded from temporary location
** checking absolute paths in shared objects and dynamic libraries
** testing if installed package can be loaded from final location
** testing if installed package keeps a record of temporary installation path
* creating tarball
packaged installation of ‘stringdist’ as ‘stringdist_0.9.15_R_x86_64-pc-linux-gnu.tar.gz’
* DONE (stringdist)
* installing *source* package ‘yesno’ ...
** this is package ‘yesno’ version ‘0.1.3’
** package ‘yesno’ successfully unpacked and MD5 sums checked
** using staged installation
** R
** byte-compile and prepare package for lazy loading
** help
*** installing help indices
*** copying figures
** building package indices
** testing if installed package can be loaded from temporary location
** testing if installed package can be loaded from final location
** testing if installed package keeps a record of temporary installation path
* creating tarball
packaged installation of ‘yesno’ as ‘yesno_0.1.3_R_x86_64-pc-linux-gnu.tar.gz’
* DONE (yesno)
* installing *source* package ‘aws.signature’ ...
** this is package ‘aws.signature’ version ‘0.6.0’
** package ‘aws.signature’ successfully unpacked and MD5 sums checked
** using staged installation
** R
** inst
** byte-compile and prepare package for lazy loading
** help
*** installing help indices
** building package indices
** testing if installed package can be loaded from temporary location
** testing if installed package can be loaded from final location
** testing if installed package keeps a record of temporary installation path
* creating tarball
packaged installation of ‘aws.signature’ as ‘aws.signature_0.6.0_R_x86_64-pc-linux-gnu.tar.gz’
* DONE (aws.signature)
* installing *source* package ‘BSgenome’ ...
** this is package ‘BSgenome’ version ‘1.76.0’
** using staged installation
** R
** inst
** byte-compile and prepare package for lazy loading
** help
*** installing help indices
** building package indices
** installing vignettes
** testing if installed package can be loaded from temporary location
** testing if installed package can be loaded from final location
** testing if installed package keeps a record of temporary installation path
* creating tarball
packaged installation of ‘BSgenome’ as ‘BSgenome_1.76.0_R_x86_64-pc-linux-gnu.tar.gz’
* DONE (BSgenome)
* installing *source* package ‘bookdown’ ...
** this is package ‘bookdown’ version ‘0.43’
** package ‘bookdown’ successfully unpacked and MD5 sums checked
** using staged installation
** R
** inst
** byte-compile and prepare package for lazy loading
** help
*** installing help indices
*** copying figures
** building package indices
** installing vignettes
** testing if installed package can be loaded from temporary location
** testing if installed package can be loaded from final location
** testing if installed package keeps a record of temporary installation path
* creating tarball
packaged installation of ‘bookdown’ as ‘bookdown_0.43_R_x86_64-pc-linux-gnu.tar.gz’
* DONE (bookdown)
* installing *source* package ‘biomaRt’ ...
** this is package ‘biomaRt’ version ‘2.64.0’
** using staged installation
** R
** inst
** byte-compile and prepare package for lazy loading
Warning: program compiled against libxml 213 using older 209
** help
*** installing help indices
** building package indices
** installing vignettes
** testing if installed package can be loaded from temporary location
Warning: program compiled against libxml 213 using older 209
** testing if installed package can be loaded from final location
Warning: program compiled against libxml 213 using older 209
** testing if installed package keeps a record of temporary installation path
* creating tarball
packaged installation of ‘biomaRt’ as ‘biomaRt_2.64.0_R_x86_64-pc-linux-gnu.tar.gz’
* DONE (biomaRt)
* installing *source* package ‘impute’ ...
** this is package ‘impute’ version ‘1.82.0’
** using staged installation
** libs
using Fortran compiler: ‘GNU Fortran (Ubuntu 11.4.0-1ubuntu1~22.04) 11.4.0’
gfortran  -fpic  -g -O2 -ffile-prefix-map=/build/r-base-rgGXCp/r-base-4.5.0=. -fstack-protector-strong  -c knnimpute.f -o knnimpute.o
knnimpute.f:99:72:

   99 | 20                        pos(k1+1) = pos(k1)
      |                                                                             1
Warning: Fortran 2018 deleted feature: DO termination statement which is not END DO or CONTINUE with label 20 at (1)
knnimpute.f:113:72:

  113 | 35                        pos(k1+1) = pos(k1)
      |                                                                             1
Warning: Fortran 2018 deleted feature: DO termination statement which is not END DO or CONTINUE with label 35 at (1)
gcc -shared -L/usr/lib/R/lib -Wl,-Bsymbolic-functions -flto=auto -ffat-lto-objects -flto=auto -Wl,-z,relro -o impute.so knnimpute.o -lgfortran -lm -lquadmath -L/usr/lib/R/lib -lR
installing to /usr/local/lib/R/site-library/00LOCK-impute/00new/impute/libs
** R
** data
** byte-compile and prepare package for lazy loading
** help
*** installing help indices
** building package indices
** testing if installed package can be loaded from temporary location
** checking absolute paths in shared objects and dynamic libraries
** testing if installed package can be loaded from final location
** testing if installed package keeps a record of temporary installation path
* creating tarball
packaged installation of ‘impute’ as ‘impute_1.82.0_R_x86_64-pc-linux-gnu.tar.gz’
* DONE (impute)
* installing *source* package ‘pcaMethods’ ...
** this is package ‘pcaMethods’ version ‘2.0.0’
** using staged installation
** libs
using C++ compiler: ‘g++ (Ubuntu 11.4.0-1ubuntu1~22.04) 11.4.0’
g++ -std=gnu++17 -I"/usr/share/R/include" -DNDEBUG  -I'/usr/local/lib/R/site-library/Rcpp/include'     -fpic  -g -O2 -ffile-prefix-map=/build/r-base-rgGXCp/r-base-4.5.0=. -fstack-protector-strong -Wformat -Werror=format-security -Wdate-time -D_FORTIFY_SOURCE=2   -c RcppExports.cpp -o RcppExports.o
g++ -std=gnu++17 -I"/usr/share/R/include" -DNDEBUG  -I'/usr/local/lib/R/site-library/Rcpp/include'     -fpic  -g -O2 -ffile-prefix-map=/build/r-base-rgGXCp/r-base-4.5.0=. -fstack-protector-strong -Wformat -Werror=format-security -Wdate-time -D_FORTIFY_SOURCE=2   -c nipals.cpp -o nipals.o
g++ -std=gnu++17 -shared -L/usr/lib/R/lib -Wl,-Bsymbolic-functions -flto=auto -ffat-lto-objects -flto=auto -Wl,-z,relro -o pcaMethods.so RcppExports.o nipals.o -L/usr/lib/R/lib -lR
installing to /usr/local/lib/R/site-library/00LOCK-pcaMethods/00new/pcaMethods/libs
** R
** data
** inst
** byte-compile and prepare package for lazy loading
Creating a new generic function for ‘loadings’ in package ‘pcaMethods’
** help
*** installing help indices
** building package indices
** installing vignettes
** testing if installed package can be loaded from temporary location
** checking absolute paths in shared objects and dynamic libraries
** testing if installed package can be loaded from final location
** testing if installed package keeps a record of temporary installation path
* creating tarball
packaged installation of ‘pcaMethods’ as ‘pcaMethods_2.0.0_R_x86_64-pc-linux-gnu.tar.gz’
* DONE (pcaMethods)
* installing *source* package ‘MALDIquant’ ...
** this is package ‘MALDIquant’ version ‘1.22.3’
** package ‘MALDIquant’ successfully unpacked and MD5 sums checked
** using staged installation
** libs
using C compiler: ‘gcc (Ubuntu 11.4.0-1ubuntu1~22.04) 11.4.0’
gcc -I"/usr/share/R/include" -DNDEBUG       -fpic  -g -O2 -ffile-prefix-map=/build/r-base-rgGXCp/r-base-4.5.0=. -fstack-protector-strong -Wformat -Werror=format-security -Wdate-time -D_FORTIFY_SOURCE=2  -c colMedians.c -o colMedians.o
gcc -I"/usr/share/R/include" -DNDEBUG       -fpic  -g -O2 -ffile-prefix-map=/build/r-base-rgGXCp/r-base-4.5.0=. -fstack-protector-strong -Wformat -Werror=format-security -Wdate-time -D_FORTIFY_SOURCE=2  -c init.c -o init.o
gcc -I"/usr/share/R/include" -DNDEBUG       -fpic  -g -O2 -ffile-prefix-map=/build/r-base-rgGXCp/r-base-4.5.0=. -fstack-protector-strong -Wformat -Werror=format-security -Wdate-time -D_FORTIFY_SOURCE=2  -c localMaxima.c -o localMaxima.o
gcc -I"/usr/share/R/include" -DNDEBUG       -fpic  -g -O2 -ffile-prefix-map=/build/r-base-rgGXCp/r-base-4.5.0=. -fstack-protector-strong -Wformat -Werror=format-security -Wdate-time -D_FORTIFY_SOURCE=2  -c lowerConvexHull.c -o lowerConvexHull.o
gcc -I"/usr/share/R/include" -DNDEBUG       -fpic  -g -O2 -ffile-prefix-map=/build/r-base-rgGXCp/r-base-4.5.0=. -fstack-protector-strong -Wformat -Werror=format-security -Wdate-time -D_FORTIFY_SOURCE=2  -c morphologicalFilters.c -o morphologicalFilters.o
gcc -I"/usr/share/R/include" -DNDEBUG       -fpic  -g -O2 -ffile-prefix-map=/build/r-base-rgGXCp/r-base-4.5.0=. -fstack-protector-strong -Wformat -Werror=format-security -Wdate-time -D_FORTIFY_SOURCE=2  -c snip.c -o snip.o
gcc -shared -L/usr/lib/R/lib -Wl,-Bsymbolic-functions -flto=auto -ffat-lto-objects -flto=auto -Wl,-z,relro -o MALDIquant.so colMedians.o init.o localMaxima.o lowerConvexHull.o morphologicalFilters.o snip.o -L/usr/lib/R/lib -lR
installing to /usr/local/lib/R/site-library/00LOCK-MALDIquant/00new/MALDIquant/libs
** R
** data
** demo
** inst
** byte-compile and prepare package for lazy loading
Creating a generic function for ‘approxfun’ from package ‘stats’ in package ‘MALDIquant’
** help
*** installing help indices
** building package indices
** installing vignettes
** testing if installed package can be loaded from temporary location
** checking absolute paths in shared objects and dynamic libraries
** testing if installed package can be loaded from final location
** testing if installed package keeps a record of temporary installation path
* creating tarball
packaged installation of ‘MALDIquant’ as ‘MALDIquant_1.22.3_R_x86_64-pc-linux-gnu.tar.gz’
* DONE (MALDIquant)
* installing *source* package ‘ncdf4’ ...
** this is package ‘ncdf4’ version ‘1.24’
** package ‘ncdf4’ successfully unpacked and MD5 sums checked
** using staged installation
configure.ac: starting
checking for nc-config... yes
Using nc-config: nc-config
Output of nc-config --all:

This netCDF 4.8.1 has been built with the following features: 

  --cc            -> /usr/bin/cc
  --cflags        -> -I/usr/include -I/usr/include/hdf5/serial
  --libs          -> -L/usr/lib/x86_64-linux-gnu -L/usr/lib/x86_64-linux-gnu/hdf5/serial -lnetcdf
  --static        -> -lhdf5_hl -lhdf5 -lcrypto -lcurl -lpthread -lsz -lz -ldl -lm

  --has-c++       -> no
  --cxx           -> 

  --has-c++4      -> no
  --cxx4          -> 

  --has-fortran   -> no
  --has-dap       -> yes
  --has-dap2      -> yes
  --has-dap4      -> yes
  --has-nc2       -> yes
  --has-nc4       -> yes
  --has-hdf5      -> yes
  --has-hdf4      -> no
  --has-logging   -> no
  --has-pnetcdf   -> no
  --has-szlib     -> yes
  --has-cdf5      -> yes
  --has-parallel4 -> no
  --has-parallel  -> no
  --has-nczarr    -> yes

  --prefix        -> /usr
  --includedir    -> /usr/include
  --libdir        -> /usr/lib/x86_64-linux-gnu
  --version       -> netCDF 4.8.1

---
netcdf.m4: about to set rpath, here is source string: >-L/usr/lib/x86_64-linux-gnu -L/usr/lib/x86_64-linux-gnu/hdf5/serial -lnetcdf<
netcdf.m4: final rpath:   -Wl,-rpath,/usr/lib/x86_64-linux-gnu -Wl,-rpath,/usr/lib/x86_64-linux-gnu/hdf5/serial
Netcdf library version: netCDF 4.8.1
Netcdf library has version 4 interface present: yes
Netcdf library was compiled with C compiler: /usr/bin/cc
configure: creating ./config.status
config.status: creating src/Makevars
 
**********************  Results of ncdf4 package configure *******************
 
netCDF v4 CPP flags      = -I/usr/include -I/usr/include/hdf5/serial
netCDF v4 LD flags       =   -Wl,-rpath,/usr/lib/x86_64-linux-gnu -Wl,-rpath,/usr/lib/x86_64-linux-gnu/hdf5/serial -L/usr/lib/x86_64-linux-gnu -L/usr/lib/x86_64-linux-gnu/hdf5/serial -lnetcdf -Wl,-Bsymbolic-functions -flto=auto -ffat-lto-objects -flto=auto -Wl,-z,relro
netCDF v4 runtime path   =   -Wl,-rpath,/usr/lib/x86_64-linux-gnu -Wl,-rpath,/usr/lib/x86_64-linux-gnu/hdf5/serial
 
netCDF C compiler used   = /usr/bin/cc
R      C compiler used   = gcc -g -O2 -ffile-prefix-map=/build/r-base-rgGXCp/r-base-4.5.0=. -fstack-protector-strong -Wformat -Werror=format-security -Wdate-time -D_FORTIFY_SOURCE=2
 
******************************************************************************
 
checking whether the C compiler works... yes
checking for C compiler default output file name... a.out
checking for suffix of executables... 
checking whether we are cross compiling... no
checking for suffix of object files... o
checking whether we are using the GNU C compiler... yes
checking whether gcc accepts -g... yes
checking for gcc option to accept ISO C89... none needed
netcdf cc arg1: /usr/bin/cc  R cc arg1: gcc R_IS_GCC: 1 R_IS_CLANG: 0 NETCDF_IS_GCC: 1 NETCDF_IS_CLANG: 0  emit_warning: 0
** libs
using C compiler: ‘gcc (Ubuntu 11.4.0-1ubuntu1~22.04) 11.4.0’
gcc -I"/usr/share/R/include" -DNDEBUG -I/usr/include -I/usr/include/hdf5/serial      -fpic  -g -O2 -ffile-prefix-map=/build/r-base-rgGXCp/r-base-4.5.0=. -fstack-protector-strong -Wformat -Werror=format-security -Wdate-time -D_FORTIFY_SOURCE=2  -c ncdf.c -o ncdf.o
gcc -shared -L/usr/lib/R/lib -Wl,-Bsymbolic-functions -flto=auto -ffat-lto-objects -flto=auto -Wl,-z,relro -o ncdf4.so ncdf.o -Wl,-rpath,/usr/lib/x86_64-linux-gnu -Wl,-rpath,/usr/lib/x86_64-linux-gnu/hdf5/serial -L/usr/lib/x86_64-linux-gnu -L/usr/lib/x86_64-linux-gnu/hdf5/serial -lnetcdf -Wl,-Bsymbolic-functions -flto=auto -ffat-lto-objects -flto=auto -Wl,-z,relro -L/usr/lib/R/lib -lR
installing to /usr/local/lib/R/site-library/00LOCK-ncdf4/00new/ncdf4/libs
** R
** inst
** byte-compile and prepare package for lazy loading
** help
*** installing help indices
** building package indices
** testing if installed package can be loaded from temporary location
** checking absolute paths in shared objects and dynamic libraries
** testing if installed package can be loaded from final location
** testing if installed package keeps a record of temporary installation path
* creating tarball
packaged installation of ‘ncdf4’ as ‘ncdf4_1.24_R_x86_64-pc-linux-gnu.tar.gz’
* DONE (ncdf4)
* installing *source* package ‘zeallot’ ...
** this is package ‘zeallot’ version ‘0.1.0’
** package ‘zeallot’ successfully unpacked and MD5 sums checked
** using staged installation
** R
** inst
** byte-compile and prepare package for lazy loading
** help
*** installing help indices
** building package indices
** installing vignettes
** testing if installed package can be loaded from temporary location
** testing if installed package can be loaded from final location
** testing if installed package keeps a record of temporary installation path
* creating tarball
packaged installation of ‘zeallot’ as ‘zeallot_0.1.0_R_x86_64-pc-linux-gnu.tar.gz’
* DONE (zeallot)
* installing *source* package ‘AnnotationForge’ ...
** this is package ‘AnnotationForge’ version ‘1.50.0’
** using staged installation
** R
** inst
** byte-compile and prepare package for lazy loading
** help
*** installing help indices
** building package indices
** installing vignettes
** testing if installed package can be loaded from temporary location
** testing if installed package can be loaded from final location
** testing if installed package keeps a record of temporary installation path
* creating tarball
packaged installation of ‘AnnotationForge’ as ‘AnnotationForge_1.50.0_R_x86_64-pc-linux-gnu.tar.gz’
* DONE (AnnotationForge)
* installing *source* package ‘rBiopaxParser’ ...
** this is package ‘rBiopaxParser’ version ‘2.48.0’
** using staged installation
** R
** data
** inst
** byte-compile and prepare package for lazy loading
** help
*** installing help indices
** building package indices
** installing vignettes
** testing if installed package can be loaded from temporary location
** testing if installed package can be loaded from final location
** testing if installed package keeps a record of temporary installation path
* creating tarball
packaged installation of ‘rBiopaxParser’ as ‘rBiopaxParser_2.48.0_R_x86_64-pc-linux-gnu.tar.gz’
* DONE (rBiopaxParser)
* installing *source* package ‘RUnit’ ...
** this is package ‘RUnit’ version ‘0.4.33’
** package ‘RUnit’ successfully unpacked and MD5 sums checked
** using staged installation
** R
** inst
** byte-compile and prepare package for lazy loading
** help
*** installing help indices
** building package indices
** installing vignettes
** testing if installed package can be loaded from temporary location
** testing if installed package can be loaded from final location
** testing if installed package keeps a record of temporary installation path
* creating tarball
packaged installation of ‘RUnit’ as ‘RUnit_0.4.33_R_x86_64-pc-linux-gnu.tar.gz’
* DONE (RUnit)
* installing *source* package ‘gdsfmt’ ...
** this is package ‘gdsfmt’ version ‘1.44.0’
** using staged installation
** libs
using C++ compiler: ‘g++ (Ubuntu 11.4.0-1ubuntu1~22.04) 11.4.0’
g++ -std=gnu++17 -I"/usr/share/R/include" -DNDEBUG -DUSING_R -D_FILE_OFFSET_BITS=64 -I../inst/include -ICoreArray      -fpic  -g -O2 -ffile-prefix-map=/build/r-base-rgGXCp/r-base-4.5.0=. -fstack-protector-strong -Wformat -Werror=format-security -Wdate-time -D_FORTIFY_SOURCE=2   -c R_CoreArray.cpp -o R_CoreArray.o
g++ -std=gnu++17 -I"/usr/share/R/include" -DNDEBUG -DUSING_R -D_FILE_OFFSET_BITS=64 -I../inst/include -ICoreArray      -fpic  -g -O2 -ffile-prefix-map=/build/r-base-rgGXCp/r-base-4.5.0=. -fstack-protector-strong -Wformat -Werror=format-security -Wdate-time -D_FORTIFY_SOURCE=2   -c gdsfmt.cpp -o gdsfmt.o
g++ -std=gnu++17 -I"/usr/share/R/include" -DNDEBUG -DUSING_R -D_FILE_OFFSET_BITS=64 -I../inst/include -ICoreArray      -fpic  -g -O2 -ffile-prefix-map=/build/r-base-rgGXCp/r-base-4.5.0=. -fstack-protector-strong -Wformat -Werror=format-security -Wdate-time -D_FORTIFY_SOURCE=2   -c digest.cpp -o digest.o
g++ -std=gnu++17 -I"/usr/share/R/include" -DNDEBUG -DUSING_R -D_FILE_OFFSET_BITS=64 -I../inst/include -ICoreArray      -fpic  -g -O2 -ffile-prefix-map=/build/r-base-rgGXCp/r-base-4.5.0=. -fstack-protector-strong -Wformat -Werror=format-security -Wdate-time -D_FORTIFY_SOURCE=2   -c CoreArray/CoreArray.cpp -o CoreArray/CoreArray.o
g++ -std=gnu++17 -I"/usr/share/R/include" -DNDEBUG -DUSING_R -D_FILE_OFFSET_BITS=64 -I../inst/include -ICoreArray      -fpic  -g -O2 -ffile-prefix-map=/build/r-base-rgGXCp/r-base-4.5.0=. -fstack-protector-strong -Wformat -Werror=format-security -Wdate-time -D_FORTIFY_SOURCE=2   -c CoreArray/dAllocator.cpp -o CoreArray/dAllocator.o
g++ -std=gnu++17 -I"/usr/share/R/include" -DNDEBUG -DUSING_R -D_FILE_OFFSET_BITS=64 -I../inst/include -ICoreArray      -fpic  -g -O2 -ffile-prefix-map=/build/r-base-rgGXCp/r-base-4.5.0=. -fstack-protector-strong -Wformat -Werror=format-security -Wdate-time -D_FORTIFY_SOURCE=2   -c CoreArray/dAny.cpp -o CoreArray/dAny.o
g++ -std=gnu++17 -I"/usr/share/R/include" -DNDEBUG -DUSING_R -D_FILE_OFFSET_BITS=64 -I../inst/include -ICoreArray      -fpic  -g -O2 -ffile-prefix-map=/build/r-base-rgGXCp/r-base-4.5.0=. -fstack-protector-strong -Wformat -Werror=format-security -Wdate-time -D_FORTIFY_SOURCE=2   -c CoreArray/dBase.cpp -o CoreArray/dBase.o
g++ -std=gnu++17 -I"/usr/share/R/include" -DNDEBUG -DUSING_R -D_FILE_OFFSET_BITS=64 -I../inst/include -ICoreArray      -fpic  -g -O2 -ffile-prefix-map=/build/r-base-rgGXCp/r-base-4.5.0=. -fstack-protector-strong -Wformat -Werror=format-security -Wdate-time -D_FORTIFY_SOURCE=2   -c CoreArray/dBitGDS.cpp -o CoreArray/dBitGDS.o
g++ -std=gnu++17 -I"/usr/share/R/include" -DNDEBUG -DUSING_R -D_FILE_OFFSET_BITS=64 -I../inst/include -ICoreArray      -fpic  -g -O2 -ffile-prefix-map=/build/r-base-rgGXCp/r-base-4.5.0=. -fstack-protector-strong -Wformat -Werror=format-security -Wdate-time -D_FORTIFY_SOURCE=2   -c CoreArray/dEndian.cpp -o CoreArray/dEndian.o
g++ -std=gnu++17 -I"/usr/share/R/include" -DNDEBUG -DUSING_R -D_FILE_OFFSET_BITS=64 -I../inst/include -ICoreArray      -fpic  -g -O2 -ffile-prefix-map=/build/r-base-rgGXCp/r-base-4.5.0=. -fstack-protector-strong -Wformat -Werror=format-security -Wdate-time -D_FORTIFY_SOURCE=2   -c CoreArray/dFile.cpp -o CoreArray/dFile.o
g++ -std=gnu++17 -I"/usr/share/R/include" -DNDEBUG -DUSING_R -D_FILE_OFFSET_BITS=64 -I../inst/include -ICoreArray      -fpic  -g -O2 -ffile-prefix-map=/build/r-base-rgGXCp/r-base-4.5.0=. -fstack-protector-strong -Wformat -Werror=format-security -Wdate-time -D_FORTIFY_SOURCE=2   -c CoreArray/dParallel.cpp -o CoreArray/dParallel.o
gcc -I"/usr/share/R/include" -DNDEBUG -DUSING_R -D_FILE_OFFSET_BITS=64 -I../inst/include -ICoreArray      -fpic  -g -O2 -ffile-prefix-map=/build/r-base-rgGXCp/r-base-4.5.0=. -fstack-protector-strong -Wformat -Werror=format-security -Wdate-time -D_FORTIFY_SOURCE=2  -c CoreArray/dParallel_Ext.c -o CoreArray/dParallel_Ext.o
g++ -std=gnu++17 -I"/usr/share/R/include" -DNDEBUG -DUSING_R -D_FILE_OFFSET_BITS=64 -I../inst/include -ICoreArray      -fpic  -g -O2 -ffile-prefix-map=/build/r-base-rgGXCp/r-base-4.5.0=. -fstack-protector-strong -Wformat -Werror=format-security -Wdate-time -D_FORTIFY_SOURCE=2   -c CoreArray/dPlatform.cpp -o CoreArray/dPlatform.o
g++ -std=gnu++17 -I"/usr/share/R/include" -DNDEBUG -DUSING_R -D_FILE_OFFSET_BITS=64 -I../inst/include -ICoreArray      -fpic  -g -O2 -ffile-prefix-map=/build/r-base-rgGXCp/r-base-4.5.0=. -fstack-protector-strong -Wformat -Werror=format-security -Wdate-time -D_FORTIFY_SOURCE=2   -c CoreArray/dRealGDS.cpp -o CoreArray/dRealGDS.o
g++ -std=gnu++17 -I"/usr/share/R/include" -DNDEBUG -DUSING_R -D_FILE_OFFSET_BITS=64 -I../inst/include -ICoreArray      -fpic  -g -O2 -ffile-prefix-map=/build/r-base-rgGXCp/r-base-4.5.0=. -fstack-protector-strong -Wformat -Werror=format-security -Wdate-time -D_FORTIFY_SOURCE=2   -c CoreArray/dSerial.cpp -o CoreArray/dSerial.o
g++ -std=gnu++17 -I"/usr/share/R/include" -DNDEBUG -DUSING_R -D_FILE_OFFSET_BITS=64 -I../inst/include -ICoreArray      -fpic  -g -O2 -ffile-prefix-map=/build/r-base-rgGXCp/r-base-4.5.0=. -fstack-protector-strong -Wformat -Werror=format-security -Wdate-time -D_FORTIFY_SOURCE=2   -c CoreArray/dStrGDS.cpp -o CoreArray/dStrGDS.o
g++ -std=gnu++17 -I"/usr/share/R/include" -DNDEBUG -DUSING_R -D_FILE_OFFSET_BITS=64 -I../inst/include -ICoreArray      -fpic  -g -O2 -ffile-prefix-map=/build/r-base-rgGXCp/r-base-4.5.0=. -fstack-protector-strong -Wformat -Werror=format-security -Wdate-time -D_FORTIFY_SOURCE=2   -c CoreArray/dStream.cpp -o CoreArray/dStream.o
g++ -std=gnu++17 -I"/usr/share/R/include" -DNDEBUG -DUSING_R -D_FILE_OFFSET_BITS=64 -I../inst/include -ICoreArray      -fpic  -g -O2 -ffile-prefix-map=/build/r-base-rgGXCp/r-base-4.5.0=. -fstack-protector-strong -Wformat -Werror=format-security -Wdate-time -D_FORTIFY_SOURCE=2   -c CoreArray/dStruct.cpp -o CoreArray/dStruct.o
g++ -std=gnu++17 -I"/usr/share/R/include" -DNDEBUG -DUSING_R -D_FILE_OFFSET_BITS=64 -I../inst/include -ICoreArray      -fpic  -g -O2 -ffile-prefix-map=/build/r-base-rgGXCp/r-base-4.5.0=. -fstack-protector-strong -Wformat -Werror=format-security -Wdate-time -D_FORTIFY_SOURCE=2   -c CoreArray/dSparse.cpp -o CoreArray/dSparse.o
g++ -std=gnu++17 -I"/usr/share/R/include" -DNDEBUG -DUSING_R -D_FILE_OFFSET_BITS=64 -I../inst/include -ICoreArray      -fpic  -g -O2 -ffile-prefix-map=/build/r-base-rgGXCp/r-base-4.5.0=. -fstack-protector-strong -Wformat -Werror=format-security -Wdate-time -D_FORTIFY_SOURCE=2   -c CoreArray/dVLIntGDS.cpp -o CoreArray/dVLIntGDS.o
gcc -I"/usr/share/R/include" -DNDEBUG -DUSING_R -D_FILE_OFFSET_BITS=64 -I../inst/include -ICoreArray      -fpic  -g -O2 -ffile-prefix-map=/build/r-base-rgGXCp/r-base-4.5.0=. -fstack-protector-strong -Wformat -Werror=format-security -Wdate-time -D_FORTIFY_SOURCE=2  -c -g0 ZLIB/adler32.c -o ZLIB/adler32.o
gcc -I"/usr/share/R/include" -DNDEBUG -DUSING_R -D_FILE_OFFSET_BITS=64 -I../inst/include -ICoreArray      -fpic  -g -O2 -ffile-prefix-map=/build/r-base-rgGXCp/r-base-4.5.0=. -fstack-protector-strong -Wformat -Werror=format-security -Wdate-time -D_FORTIFY_SOURCE=2  -c -g0 ZLIB/compress.c -o ZLIB/compress.o
gcc -I"/usr/share/R/include" -DNDEBUG -DUSING_R -D_FILE_OFFSET_BITS=64 -I../inst/include -ICoreArray      -fpic  -g -O2 -ffile-prefix-map=/build/r-base-rgGXCp/r-base-4.5.0=. -fstack-protector-strong -Wformat -Werror=format-security -Wdate-time -D_FORTIFY_SOURCE=2  -c -g0 ZLIB/crc32.c -o ZLIB/crc32.o
gcc -I"/usr/share/R/include" -DNDEBUG -DUSING_R -D_FILE_OFFSET_BITS=64 -I../inst/include -ICoreArray      -fpic  -g -O2 -ffile-prefix-map=/build/r-base-rgGXCp/r-base-4.5.0=. -fstack-protector-strong -Wformat -Werror=format-security -Wdate-time -D_FORTIFY_SOURCE=2  -c -g0 ZLIB/deflate.c -o ZLIB/deflate.o
gcc -I"/usr/share/R/include" -DNDEBUG -DUSING_R -D_FILE_OFFSET_BITS=64 -I../inst/include -ICoreArray      -fpic  -g -O2 -ffile-prefix-map=/build/r-base-rgGXCp/r-base-4.5.0=. -fstack-protector-strong -Wformat -Werror=format-security -Wdate-time -D_FORTIFY_SOURCE=2  -c -g0 ZLIB/infback.c -o ZLIB/infback.o
gcc -I"/usr/share/R/include" -DNDEBUG -DUSING_R -D_FILE_OFFSET_BITS=64 -I../inst/include -ICoreArray      -fpic  -g -O2 -ffile-prefix-map=/build/r-base-rgGXCp/r-base-4.5.0=. -fstack-protector-strong -Wformat -Werror=format-security -Wdate-time -D_FORTIFY_SOURCE=2  -c -g0 ZLIB/inffast.c -o ZLIB/inffast.o
gcc -I"/usr/share/R/include" -DNDEBUG -DUSING_R -D_FILE_OFFSET_BITS=64 -I../inst/include -ICoreArray      -fpic  -g -O2 -ffile-prefix-map=/build/r-base-rgGXCp/r-base-4.5.0=. -fstack-protector-strong -Wformat -Werror=format-security -Wdate-time -D_FORTIFY_SOURCE=2  -c -g0 ZLIB/inflate.c -o ZLIB/inflate.o
gcc -I"/usr/share/R/include" -DNDEBUG -DUSING_R -D_FILE_OFFSET_BITS=64 -I../inst/include -ICoreArray      -fpic  -g -O2 -ffile-prefix-map=/build/r-base-rgGXCp/r-base-4.5.0=. -fstack-protector-strong -Wformat -Werror=format-security -Wdate-time -D_FORTIFY_SOURCE=2  -c -g0 ZLIB/inftrees.c -o ZLIB/inftrees.o
gcc -I"/usr/share/R/include" -DNDEBUG -DUSING_R -D_FILE_OFFSET_BITS=64 -I../inst/include -ICoreArray      -fpic  -g -O2 -ffile-prefix-map=/build/r-base-rgGXCp/r-base-4.5.0=. -fstack-protector-strong -Wformat -Werror=format-security -Wdate-time -D_FORTIFY_SOURCE=2  -c -g0 ZLIB/trees.c -o ZLIB/trees.o
gcc -I"/usr/share/R/include" -DNDEBUG -DUSING_R -D_FILE_OFFSET_BITS=64 -I../inst/include -ICoreArray      -fpic  -g -O2 -ffile-prefix-map=/build/r-base-rgGXCp/r-base-4.5.0=. -fstack-protector-strong -Wformat -Werror=format-security -Wdate-time -D_FORTIFY_SOURCE=2  -c -g0 ZLIB/uncompr.c -o ZLIB/uncompr.o
gcc -I"/usr/share/R/include" -DNDEBUG -DUSING_R -D_FILE_OFFSET_BITS=64 -I../inst/include -ICoreArray      -fpic  -g -O2 -ffile-prefix-map=/build/r-base-rgGXCp/r-base-4.5.0=. -fstack-protector-strong -Wformat -Werror=format-security -Wdate-time -D_FORTIFY_SOURCE=2  -c -g0 ZLIB/zutil.c -o ZLIB/zutil.o
gcc -I"/usr/share/R/include" -DNDEBUG -DUSING_R -D_FILE_OFFSET_BITS=64 -I../inst/include -ICoreArray      -fpic  -g -O2 -ffile-prefix-map=/build/r-base-rgGXCp/r-base-4.5.0=. -fstack-protector-strong -Wformat -Werror=format-security -Wdate-time -D_FORTIFY_SOURCE=2  -c LZ4/lz4.c -o LZ4/lz4.o
gcc -I"/usr/share/R/include" -DNDEBUG -DUSING_R -D_FILE_OFFSET_BITS=64 -I../inst/include -ICoreArray      -fpic  -g -O2 -ffile-prefix-map=/build/r-base-rgGXCp/r-base-4.5.0=. -fstack-protector-strong -Wformat -Werror=format-security -Wdate-time -D_FORTIFY_SOURCE=2  -c LZ4/lz4hc.c -o LZ4/lz4hc.o
gcc -I"/usr/share/R/include" -DNDEBUG -DUSING_R -D_FILE_OFFSET_BITS=64 -I../inst/include -ICoreArray      -fpic  -g -O2 -ffile-prefix-map=/build/r-base-rgGXCp/r-base-4.5.0=. -fstack-protector-strong -Wformat -Werror=format-security -Wdate-time -D_FORTIFY_SOURCE=2  -c LZ4/lz4frame.c -o LZ4/lz4frame.o
gcc -I"/usr/share/R/include" -DNDEBUG -DUSING_R -D_FILE_OFFSET_BITS=64 -I../inst/include -ICoreArray      -fpic  -g -O2 -ffile-prefix-map=/build/r-base-rgGXCp/r-base-4.5.0=. -fstack-protector-strong -Wformat -Werror=format-security -Wdate-time -D_FORTIFY_SOURCE=2  -c LZ4/xxhash.c -o LZ4/xxhash.o
cd XZ && tar -xzf xz-5.2.9.tar.gz
cd XZ/xz-5.2.9 && \
	./configure CC="gcc" CPP="gcc -E" CXX="g++ -std=gnu++17" CXXCPP="" --build="" \
	--with-pic --enable-silent-rules --quiet --disable-xz --disable-shared > /dev/null
cd XZ/xz-5.2.9/src/liblzma && make
make[1]: Entering directory '/tmp/RtmpphqqZn/R.INSTALL19857472789f/gdsfmt/src/XZ/xz-5.2.9/src/liblzma'
Making all in api
make[2]: Entering directory '/tmp/RtmpphqqZn/R.INSTALL19857472789f/gdsfmt/src/XZ/xz-5.2.9/src/liblzma/api'
make[2]: Nothing to be done for 'all'.
make[2]: Leaving directory '/tmp/RtmpphqqZn/R.INSTALL19857472789f/gdsfmt/src/XZ/xz-5.2.9/src/liblzma/api'
make[2]: Entering directory '/tmp/RtmpphqqZn/R.INSTALL19857472789f/gdsfmt/src/XZ/xz-5.2.9/src/liblzma'
  CC       liblzma_la-tuklib_physmem.lo
  CC       liblzma_la-tuklib_cpucores.lo
  CC       liblzma_la-common.lo
  CC       liblzma_la-block_util.lo
  CC       liblzma_la-easy_preset.lo
  CC       liblzma_la-filter_common.lo
  CC       liblzma_la-hardware_physmem.lo
  CC       liblzma_la-index.lo
  CC       liblzma_la-stream_flags_common.lo
  CC       liblzma_la-vli_size.lo
  CC       liblzma_la-hardware_cputhreads.lo
  CC       liblzma_la-alone_encoder.lo
  CC       liblzma_la-block_buffer_encoder.lo
  CC       liblzma_la-block_encoder.lo
  CC       liblzma_la-block_header_encoder.lo
  CC       liblzma_la-easy_buffer_encoder.lo
  CC       liblzma_la-easy_encoder.lo
  CC       liblzma_la-easy_encoder_memusage.lo
  CC       liblzma_la-filter_buffer_encoder.lo
  CC       liblzma_la-filter_encoder.lo
  CC       liblzma_la-filter_flags_encoder.lo
  CC       liblzma_la-index_encoder.lo
  CC       liblzma_la-stream_buffer_encoder.lo
  CC       liblzma_la-stream_encoder.lo
  CC       liblzma_la-stream_flags_encoder.lo
  CC       liblzma_la-vli_encoder.lo
  CC       liblzma_la-outqueue.lo
  CC       liblzma_la-stream_encoder_mt.lo
  CC       liblzma_la-alone_decoder.lo
  CC       liblzma_la-auto_decoder.lo
  CC       liblzma_la-block_buffer_decoder.lo
  CC       liblzma_la-block_decoder.lo
  CC       liblzma_la-block_header_decoder.lo
  CC       liblzma_la-easy_decoder_memusage.lo
  CC       liblzma_la-filter_buffer_decoder.lo
  CC       liblzma_la-filter_decoder.lo
  CC       liblzma_la-filter_flags_decoder.lo
  CC       liblzma_la-index_decoder.lo
  CC       liblzma_la-index_hash.lo
  CC       liblzma_la-stream_buffer_decoder.lo
  CC       liblzma_la-stream_decoder.lo
  CC       liblzma_la-stream_flags_decoder.lo
  CC       liblzma_la-vli_decoder.lo
  CC       liblzma_la-check.lo
  CC       liblzma_la-crc32_table.lo
  CC       liblzma_la-crc32_fast.lo
  CC       liblzma_la-crc64_table.lo
  CC       liblzma_la-crc64_fast.lo
  CC       liblzma_la-sha256.lo
  CC       liblzma_la-lz_encoder.lo
  CC       liblzma_la-lz_encoder_mf.lo
  CC       liblzma_la-lz_decoder.lo
  CC       liblzma_la-lzma_encoder_presets.lo
  CC       liblzma_la-lzma_encoder.lo
  CC       liblzma_la-lzma_encoder_optimum_fast.lo
  CC       liblzma_la-lzma_encoder_optimum_normal.lo
  CC       liblzma_la-fastpos_table.lo
  CC       liblzma_la-lzma_decoder.lo
  CC       liblzma_la-lzma2_encoder.lo
  CC       liblzma_la-lzma2_decoder.lo
  CC       liblzma_la-price_table.lo
  CC       liblzma_la-delta_common.lo
  CC       liblzma_la-delta_encoder.lo
  CC       liblzma_la-delta_decoder.lo
  CC       liblzma_la-simple_coder.lo
  CC       liblzma_la-simple_encoder.lo
  CC       liblzma_la-simple_decoder.lo
  CC       liblzma_la-x86.lo
  CC       liblzma_la-powerpc.lo
  CC       liblzma_la-ia64.lo
  CC       liblzma_la-arm.lo
  CC       liblzma_la-armthumb.lo
  CC       liblzma_la-sparc.lo
  CCLD     liblzma.la
  PC       liblzma.pc
make[2]: Leaving directory '/tmp/RtmpphqqZn/R.INSTALL19857472789f/gdsfmt/src/XZ/xz-5.2.9/src/liblzma'
make[1]: Leaving directory '/tmp/RtmpphqqZn/R.INSTALL19857472789f/gdsfmt/src/XZ/xz-5.2.9/src/liblzma'
cp XZ/xz-5.2.9/src/liblzma/.libs/liblzma.a  .
rm -rf XZ/xz-5.2.9/dos
rm -rf XZ/xz-5.2.9/po
g++ -std=gnu++17 -shared -L/usr/lib/R/lib -Wl,-Bsymbolic-functions -flto=auto -ffat-lto-objects -flto=auto -Wl,-z,relro -o gdsfmt.so R_CoreArray.o gdsfmt.o digest.o CoreArray/CoreArray.o CoreArray/dAllocator.o CoreArray/dAny.o CoreArray/dBase.o CoreArray/dBitGDS.o CoreArray/dEndian.o CoreArray/dFile.o CoreArray/dParallel.o CoreArray/dParallel_Ext.o CoreArray/dPlatform.o CoreArray/dRealGDS.o CoreArray/dSerial.o CoreArray/dStrGDS.o CoreArray/dStream.o CoreArray/dStruct.o CoreArray/dSparse.o CoreArray/dVLIntGDS.o ZLIB/adler32.o ZLIB/compress.o ZLIB/crc32.o ZLIB/deflate.o ZLIB/infback.o ZLIB/inffast.o ZLIB/inflate.o ZLIB/inftrees.o ZLIB/trees.o ZLIB/uncompr.o ZLIB/zutil.o LZ4/lz4.o LZ4/lz4hc.o LZ4/lz4frame.o LZ4/xxhash.o ./liblzma.a -lpthread -L/usr/lib/R/lib -lR
installing to /usr/local/lib/R/site-library/00LOCK-gdsfmt/00new/gdsfmt/libs
** R
** inst
** byte-compile and prepare package for lazy loading
** help
*** installing help indices
** building package indices
** installing vignettes
** testing if installed package can be loaded from temporary location
** checking absolute paths in shared objects and dynamic libraries
** testing if installed package can be loaded from final location
** testing if installed package keeps a record of temporary installation path
* creating tarball
packaged installation of ‘gdsfmt’ as ‘gdsfmt_1.44.0_R_x86_64-pc-linux-gnu.tar.gz’
* DONE (gdsfmt)
* installing *source* package ‘AnnotationHub’ ...
** this is package ‘AnnotationHub’ version ‘3.16.0’
** using staged installation
** R
** inst
** byte-compile and prepare package for lazy loading
** help
*** installing help indices
** building package indices
** installing vignettes
** testing if installed package can be loaded from temporary location
** testing if installed package can be loaded from final location
** testing if installed package keeps a record of temporary installation path
* creating tarball
packaged installation of ‘AnnotationHub’ as ‘AnnotationHub_3.16.0_R_x86_64-pc-linux-gnu.tar.gz’
* DONE (AnnotationHub)
* installing *source* package ‘R.oo’ ...
** this is package ‘R.oo’ version ‘1.27.1’
** package ‘R.oo’ successfully unpacked and MD5 sums checked
** using staged installation
** R
** inst
** byte-compile and prepare package for lazy loading
Warning in setGenericS3.default(name, export = exportGeneric, envir = envir,  :
  Renamed the preexisting function getClasses to getClasses.default, which was defined in environment R.oo.
** help
*** installing help indices
** building package indices
** testing if installed package can be loaded from temporary location
** testing if installed package can be loaded from final location
** testing if installed package keeps a record of temporary installation path
* creating tarball
packaged installation of ‘R.oo’ as ‘R.oo_1.27.1_R_x86_64-pc-linux-gnu.tar.gz’
* DONE (R.oo)
* installing *source* package ‘tokenizers’ ...
** this is package ‘tokenizers’ version ‘0.3.0’
** package ‘tokenizers’ successfully unpacked and MD5 sums checked
** using staged installation
** libs
using C++ compiler: ‘g++ (Ubuntu 11.4.0-1ubuntu1~22.04) 11.4.0’
g++ -std=gnu++17 -I"/usr/share/R/include" -DNDEBUG  -I'/usr/local/lib/R/site-library/Rcpp/include'     -fpic  -g -O2 -ffile-prefix-map=/build/r-base-rgGXCp/r-base-4.5.0=. -fstack-protector-strong -Wformat -Werror=format-security -Wdate-time -D_FORTIFY_SOURCE=2   -c RcppExports.cpp -o RcppExports.o
g++ -std=gnu++17 -I"/usr/share/R/include" -DNDEBUG  -I'/usr/local/lib/R/site-library/Rcpp/include'     -fpic  -g -O2 -ffile-prefix-map=/build/r-base-rgGXCp/r-base-4.5.0=. -fstack-protector-strong -Wformat -Werror=format-security -Wdate-time -D_FORTIFY_SOURCE=2   -c shingle_ngrams.cpp -o shingle_ngrams.o
g++ -std=gnu++17 -I"/usr/share/R/include" -DNDEBUG  -I'/usr/local/lib/R/site-library/Rcpp/include'     -fpic  -g -O2 -ffile-prefix-map=/build/r-base-rgGXCp/r-base-4.5.0=. -fstack-protector-strong -Wformat -Werror=format-security -Wdate-time -D_FORTIFY_SOURCE=2   -c skip_ngrams.cpp -o skip_ngrams.o
g++ -std=gnu++17 -shared -L/usr/lib/R/lib -Wl,-Bsymbolic-functions -flto=auto -ffat-lto-objects -flto=auto -Wl,-z,relro -o tokenizers.so RcppExports.o shingle_ngrams.o skip_ngrams.o -L/usr/lib/R/lib -lR
installing to /usr/local/lib/R/site-library/00LOCK-tokenizers/00new/tokenizers/libs
** R
** data
*** moving datasets to lazyload DB
** inst
** byte-compile and prepare package for lazy loading
** help
*** installing help indices
** building package indices
** installing vignettes
** testing if installed package can be loaded from temporary location
** checking absolute paths in shared objects and dynamic libraries
** testing if installed package can be loaded from final location
** testing if installed package keeps a record of temporary installation path
* creating tarball
packaged installation of ‘tokenizers’ as ‘tokenizers_0.3.0_R_x86_64-pc-linux-gnu.tar.gz’
* DONE (tokenizers)
* installing *source* package ‘foreach’ ...
** this is package ‘foreach’ version ‘1.5.2’
** package ‘foreach’ successfully unpacked and MD5 sums checked
** using staged installation
** R
** demo
** inst
** byte-compile and prepare package for lazy loading
** help
*** installing help indices
** building package indices
** installing vignettes
** testing if installed package can be loaded from temporary location
** testing if installed package can be loaded from final location
** testing if installed package keeps a record of temporary installation path
* creating tarball
packaged installation of ‘foreach’ as ‘foreach_1.5.2_R_x86_64-pc-linux-gnu.tar.gz’
* DONE (foreach)
* installing *source* package ‘MsCoreUtils’ ...
** this is package ‘MsCoreUtils’ version ‘1.20.0’
** using staged installation
** libs
using C compiler: ‘gcc (Ubuntu 11.4.0-1ubuntu1~22.04) 11.4.0’
gcc -I"/usr/share/R/include" -DNDEBUG  -I'/usr/local/lib/R/site-library/Rcpp/include'     -fpic  -g -O2 -ffile-prefix-map=/build/r-base-rgGXCp/r-base-4.5.0=. -fstack-protector-strong -Wformat -Werror=format-security -Wdate-time -D_FORTIFY_SOURCE=2  -c between.c -o between.o
gcc -I"/usr/share/R/include" -DNDEBUG  -I'/usr/local/lib/R/site-library/Rcpp/include'     -fpic  -g -O2 -ffile-prefix-map=/build/r-base-rgGXCp/r-base-4.5.0=. -fstack-protector-strong -Wformat -Werror=format-security -Wdate-time -D_FORTIFY_SOURCE=2  -c closest.c -o closest.o
gcc -I"/usr/share/R/include" -DNDEBUG  -I'/usr/local/lib/R/site-library/Rcpp/include'     -fpic  -g -O2 -ffile-prefix-map=/build/r-base-rgGXCp/r-base-4.5.0=. -fstack-protector-strong -Wformat -Werror=format-security -Wdate-time -D_FORTIFY_SOURCE=2  -c impNeighbourAvg.c -o impNeighbourAvg.o
gcc -I"/usr/share/R/include" -DNDEBUG  -I'/usr/local/lib/R/site-library/Rcpp/include'     -fpic  -g -O2 -ffile-prefix-map=/build/r-base-rgGXCp/r-base-4.5.0=. -fstack-protector-strong -Wformat -Werror=format-security -Wdate-time -D_FORTIFY_SOURCE=2  -c init.c -o init.o
gcc -I"/usr/share/R/include" -DNDEBUG  -I'/usr/local/lib/R/site-library/Rcpp/include'     -fpic  -g -O2 -ffile-prefix-map=/build/r-base-rgGXCp/r-base-4.5.0=. -fstack-protector-strong -Wformat -Werror=format-security -Wdate-time -D_FORTIFY_SOURCE=2  -c join.c -o join.o
gcc -I"/usr/share/R/include" -DNDEBUG  -I'/usr/local/lib/R/site-library/Rcpp/include'     -fpic  -g -O2 -ffile-prefix-map=/build/r-base-rgGXCp/r-base-4.5.0=. -fstack-protector-strong -Wformat -Werror=format-security -Wdate-time -D_FORTIFY_SOURCE=2  -c localMaxima.c -o localMaxima.o
gcc -I"/usr/share/R/include" -DNDEBUG  -I'/usr/local/lib/R/site-library/Rcpp/include'     -fpic  -g -O2 -ffile-prefix-map=/build/r-base-rgGXCp/r-base-4.5.0=. -fstack-protector-strong -Wformat -Werror=format-security -Wdate-time -D_FORTIFY_SOURCE=2  -c lowerConvexHull.c -o lowerConvexHull.o
gcc -I"/usr/share/R/include" -DNDEBUG  -I'/usr/local/lib/R/site-library/Rcpp/include'     -fpic  -g -O2 -ffile-prefix-map=/build/r-base-rgGXCp/r-base-4.5.0=. -fstack-protector-strong -Wformat -Werror=format-security -Wdate-time -D_FORTIFY_SOURCE=2  -c maxi.c -o maxi.o
gcc -I"/usr/share/R/include" -DNDEBUG  -I'/usr/local/lib/R/site-library/Rcpp/include'     -fpic  -g -O2 -ffile-prefix-map=/build/r-base-rgGXCp/r-base-4.5.0=. -fstack-protector-strong -Wformat -Werror=format-security -Wdate-time -D_FORTIFY_SOURCE=2  -c morphologicalFilters.c -o morphologicalFilters.o
gcc -I"/usr/share/R/include" -DNDEBUG  -I'/usr/local/lib/R/site-library/Rcpp/include'     -fpic  -g -O2 -ffile-prefix-map=/build/r-base-rgGXCp/r-base-4.5.0=. -fstack-protector-strong -Wformat -Werror=format-security -Wdate-time -D_FORTIFY_SOURCE=2  -c reduce.c -o reduce.o
gcc -I"/usr/share/R/include" -DNDEBUG  -I'/usr/local/lib/R/site-library/Rcpp/include'     -fpic  -g -O2 -ffile-prefix-map=/build/r-base-rgGXCp/r-base-4.5.0=. -fstack-protector-strong -Wformat -Werror=format-security -Wdate-time -D_FORTIFY_SOURCE=2  -c snip.c -o snip.o
gcc -I"/usr/share/R/include" -DNDEBUG  -I'/usr/local/lib/R/site-library/Rcpp/include'     -fpic  -g -O2 -ffile-prefix-map=/build/r-base-rgGXCp/r-base-4.5.0=. -fstack-protector-strong -Wformat -Werror=format-security -Wdate-time -D_FORTIFY_SOURCE=2  -c sumi.c -o sumi.o
gcc -I"/usr/share/R/include" -DNDEBUG  -I'/usr/local/lib/R/site-library/Rcpp/include'     -fpic  -g -O2 -ffile-prefix-map=/build/r-base-rgGXCp/r-base-4.5.0=. -fstack-protector-strong -Wformat -Werror=format-security -Wdate-time -D_FORTIFY_SOURCE=2  -c which.c -o which.o
gcc -shared -L/usr/lib/R/lib -Wl,-Bsymbolic-functions -flto=auto -ffat-lto-objects -flto=auto -Wl,-z,relro -o MsCoreUtils.so between.o closest.o impNeighbourAvg.o init.o join.o localMaxima.o lowerConvexHull.o maxi.o morphologicalFilters.o reduce.o snip.o sumi.o which.o -L/usr/lib/R/lib -lR
installing to /usr/local/lib/R/site-library/00LOCK-MsCoreUtils/00new/MsCoreUtils/libs
** R
** inst
** byte-compile and prepare package for lazy loading
** help
*** installing help indices
*** copying figures
** building package indices
** installing vignettes
** testing if installed package can be loaded from temporary location
** checking absolute paths in shared objects and dynamic libraries
** testing if installed package can be loaded from final location
** testing if installed package keeps a record of temporary installation path
* creating tarball
packaged installation of ‘MsCoreUtils’ as ‘MsCoreUtils_1.20.0_R_x86_64-pc-linux-gnu.tar.gz’
* DONE (MsCoreUtils)
* installing *source* package ‘affy’ ...
** this is package ‘affy’ version ‘1.86.0’
** using staged installation
creating cache ./config.cache
checking how to run the C preprocessor... gcc -E
checking for main in -lz... yes
checking for zlib.h... yes
checking if zlib version >= 1.1.3... yes
updating cache ./config.cache
creating ./config.status
creating src/Makevars
** libs
using C compiler: ‘gcc (Ubuntu 11.4.0-1ubuntu1~22.04) 11.4.0’
gcc -I"/usr/share/R/include" -DNDEBUG -DHAVE_ZLIB=1  -I'/usr/local/lib/R/site-library/preprocessCore/include'    -g -O2 -ffile-prefix-map=/build/r-base-rgGXCp/r-base-4.5.0=. -fstack-protector-strong -Wformat -Werror=format-security -Wdate-time -D_FORTIFY_SOURCE=2 -fpic  -g -O2 -ffile-prefix-map=/build/r-base-rgGXCp/r-base-4.5.0=. -fstack-protector-strong -Wformat -Werror=format-security -Wdate-time -D_FORTIFY_SOURCE=2  -c chipbackground.c -o chipbackground.o
gcc -I"/usr/share/R/include" -DNDEBUG -DHAVE_ZLIB=1  -I'/usr/local/lib/R/site-library/preprocessCore/include'    -g -O2 -ffile-prefix-map=/build/r-base-rgGXCp/r-base-4.5.0=. -fstack-protector-strong -Wformat -Werror=format-security -Wdate-time -D_FORTIFY_SOURCE=2 -fpic  -g -O2 -ffile-prefix-map=/build/r-base-rgGXCp/r-base-4.5.0=. -fstack-protector-strong -Wformat -Werror=format-security -Wdate-time -D_FORTIFY_SOURCE=2  -c getall_locations.c -o getall_locations.o
gcc -I"/usr/share/R/include" -DNDEBUG -DHAVE_ZLIB=1  -I'/usr/local/lib/R/site-library/preprocessCore/include'    -g -O2 -ffile-prefix-map=/build/r-base-rgGXCp/r-base-4.5.0=. -fstack-protector-strong -Wformat -Werror=format-security -Wdate-time -D_FORTIFY_SOURCE=2 -fpic  -g -O2 -ffile-prefix-map=/build/r-base-rgGXCp/r-base-4.5.0=. -fstack-protector-strong -Wformat -Werror=format-security -Wdate-time -D_FORTIFY_SOURCE=2  -c mas5calls.c -o mas5calls.o
gcc -I"/usr/share/R/include" -DNDEBUG -DHAVE_ZLIB=1  -I'/usr/local/lib/R/site-library/preprocessCore/include'    -g -O2 -ffile-prefix-map=/build/r-base-rgGXCp/r-base-4.5.0=. -fstack-protector-strong -Wformat -Werror=format-security -Wdate-time -D_FORTIFY_SOURCE=2 -fpic  -g -O2 -ffile-prefix-map=/build/r-base-rgGXCp/r-base-4.5.0=. -fstack-protector-strong -Wformat -Werror=format-security -Wdate-time -D_FORTIFY_SOURCE=2  -c rma2.c -o rma2.o
gcc -I"/usr/share/R/include" -DNDEBUG -DHAVE_ZLIB=1  -I'/usr/local/lib/R/site-library/preprocessCore/include'    -g -O2 -ffile-prefix-map=/build/r-base-rgGXCp/r-base-4.5.0=. -fstack-protector-strong -Wformat -Werror=format-security -Wdate-time -D_FORTIFY_SOURCE=2 -fpic  -g -O2 -ffile-prefix-map=/build/r-base-rgGXCp/r-base-4.5.0=. -fstack-protector-strong -Wformat -Werror=format-security -Wdate-time -D_FORTIFY_SOURCE=2  -c rma_common.c -o rma_common.o
gcc -shared -L/usr/lib/R/lib -Wl,-Bsymbolic-functions -flto=auto -ffat-lto-objects -flto=auto -Wl,-z,relro -o affy.so chipbackground.o getall_locations.o mas5calls.o rma2.o rma_common.o -lz -L/usr/lib/R/lib -lR
installing to /usr/local/lib/R/site-library/00LOCK-affy/00new/affy/libs
** R
** data
** demo
** inst
** byte-compile and prepare package for lazy loading
** help
*** installing help indices
** building package indices
** installing vignettes
** testing if installed package can be loaded from temporary location
** checking absolute paths in shared objects and dynamic libraries
** testing if installed package can be loaded from final location
** testing if installed package keeps a record of temporary installation path
* creating tarball
packaged installation of ‘affy’ as ‘affy_1.86.0_R_x86_64-pc-linux-gnu.tar.gz’
* DONE (affy)
* installing *source* package ‘ChemmineR’ ...
** this is package ‘ChemmineR’ version ‘3.60.0’
** using staged installation
** libs
using C++ compiler: ‘g++ (Ubuntu 11.4.0-1ubuntu1~22.04) 11.4.0’
g++ -std=gnu++17 -I"/usr/share/R/include" -DNDEBUG  -I'/usr/local/lib/R/site-library/Rcpp/include' -I'/usr/local/lib/R/site-library/BH/include'    -DNO_MAIN -DNO_DEBUG -DSTRICT_R_HEADERS -DR_NO_REMAP -fpic  -g -O2 -ffile-prefix-map=/build/r-base-rgGXCp/r-base-4.5.0=. -fstack-protector-strong -Wformat -Werror=format-security -Wdate-time -D_FORTIFY_SOURCE=2   -c DisjointSets.cpp -o DisjointSets.o
g++ -std=gnu++17 -I"/usr/share/R/include" -DNDEBUG  -I'/usr/local/lib/R/site-library/Rcpp/include' -I'/usr/local/lib/R/site-library/BH/include'    -DNO_MAIN -DNO_DEBUG -DSTRICT_R_HEADERS -DR_NO_REMAP -fpic  -g -O2 -ffile-prefix-map=/build/r-base-rgGXCp/r-base-4.5.0=. -fstack-protector-strong -Wformat -Werror=format-security -Wdate-time -D_FORTIFY_SOURCE=2   -c cluster.cc -o cluster.o
g++ -std=gnu++17 -I"/usr/share/R/include" -DNDEBUG  -I'/usr/local/lib/R/site-library/Rcpp/include' -I'/usr/local/lib/R/site-library/BH/include'    -DNO_MAIN -DNO_DEBUG -DSTRICT_R_HEADERS -DR_NO_REMAP -fpic  -g -O2 -ffile-prefix-map=/build/r-base-rgGXCp/r-base-4.5.0=. -fstack-protector-strong -Wformat -Werror=format-security -Wdate-time -D_FORTIFY_SOURCE=2   -c cstrsplit.cc -o cstrsplit.o
In file included from /usr/local/lib/R/site-library/BH/include/boost/bind/mem_fn.hpp:23,
                 from /usr/local/lib/R/site-library/BH/include/boost/mem_fn.hpp:22,
                 from /usr/local/lib/R/site-library/BH/include/boost/function/function_template.hpp:16,
                 from /usr/local/lib/R/site-library/BH/include/boost/function.hpp:16,
                 from /usr/local/lib/R/site-library/BH/include/boost/algorithm/string/detail/find_iterator.hpp:18,
                 from /usr/local/lib/R/site-library/BH/include/boost/algorithm/string/find_iterator.hpp:24,
                 from /usr/local/lib/R/site-library/BH/include/boost/algorithm/string/iter_find.hpp:27,
                 from /usr/local/lib/R/site-library/BH/include/boost/algorithm/string/split.hpp:16,
                 from /usr/local/lib/R/site-library/BH/include/boost/algorithm/string.hpp:23,
                 from cstrsplit.cc:7:
/usr/local/lib/R/site-library/BH/include/boost/get_pointer.hpp:48:40: warning: ‘template<class> class std::auto_ptr’ is deprecated: use 'std::unique_ptr' instead [-Wdeprecated-declarations]
   48 | template<class T> T * get_pointer(std::auto_ptr<T> const& p)
      |                                        ^~~~~~~~
In file included from /usr/include/c++/11/bits/locale_conv.h:41,
                 from /usr/include/c++/11/locale:43,
                 from /usr/include/c++/11/iomanip:43,
                 from /usr/local/lib/R/site-library/Rcpp/include/RcppCommon.h:54,
                 from /usr/local/lib/R/site-library/Rcpp/include/Rcpp.h:27,
                 from cstrsplit.cc:2:
/usr/include/c++/11/bits/unique_ptr.h:57:28: note: declared here
   57 |   template<typename> class auto_ptr;
      |                            ^~~~~~~~
In file included from /usr/local/lib/R/site-library/BH/include/boost/concept/assert.hpp:35,
                 from /usr/local/lib/R/site-library/BH/include/boost/concept_check.hpp:20,
                 from /usr/local/lib/R/site-library/BH/include/boost/range/concepts.hpp:19,
                 from /usr/local/lib/R/site-library/BH/include/boost/range/size_type.hpp:20,
                 from /usr/local/lib/R/site-library/BH/include/boost/range/size.hpp:21,
                 from /usr/local/lib/R/site-library/BH/include/boost/range/functions.hpp:20,
                 from /usr/local/lib/R/site-library/BH/include/boost/range/iterator_range_core.hpp:38,
                 from /usr/local/lib/R/site-library/BH/include/boost/range/iterator_range.hpp:13,
                 from /usr/local/lib/R/site-library/BH/include/boost/range/as_literal.hpp:18,
                 from /usr/local/lib/R/site-library/BH/include/boost/algorithm/string/trim.hpp:19,
                 from /usr/local/lib/R/site-library/BH/include/boost/algorithm/string.hpp:19,
                 from cstrsplit.cc:7:
/usr/local/lib/R/site-library/BH/include/boost/concept/detail/general.hpp: In instantiation of ‘static void boost::concepts::constraint<Model>::failed() [with Model = boost::algorithm::FinderConcept<boost::algorithm::detail::token_finderF<boost::algorithm::detail::is_any_ofF<char> >, const char*>]’:
/usr/local/lib/R/site-library/BH/include/boost/algorithm/string/iter_find.hpp:81:13:   required from ‘SequenceSequenceT& boost::algorithm::iter_split(SequenceSequenceT&, RangeT&&, FinderT) [with SequenceSequenceT = std::vector<std::__cxx11::basic_string<char> >; RangeT = const char*&; FinderT = boost::algorithm::detail::token_finderF<boost::algorithm::detail::is_any_ofF<char> >]’
/usr/local/lib/R/site-library/BH/include/boost/algorithm/string/split.hpp:158:50:   required from ‘SequenceSequenceT& boost::algorithm::split(SequenceSequenceT&, RangeT&&, PredicateT, boost::algorithm::token_compress_mode_type) [with SequenceSequenceT = std::vector<std::__cxx11::basic_string<char> >; RangeT = const char*&; PredicateT = boost::algorithm::detail::is_any_ofF<char>]’
cstrsplit.cc:14:15:   required from here
/usr/local/lib/R/site-library/BH/include/boost/concept/detail/general.hpp:65:52: warning: ‘this’ pointer is null [-Wnonnull]
   65 |     static void failed() { ((Model*)0)->constraints(); }
      |                            ~~~~~~~~~~~~~~~~~~~~~~~~^~
In file included from /usr/local/lib/R/site-library/BH/include/boost/algorithm/string/iter_find.hpp:26,
                 from /usr/local/lib/R/site-library/BH/include/boost/algorithm/string/split.hpp:16,
                 from /usr/local/lib/R/site-library/BH/include/boost/algorithm/string.hpp:23,
                 from cstrsplit.cc:7:
/usr/local/lib/R/site-library/BH/include/boost/algorithm/string/concept.hpp:40:18: note: in a call to non-static member function ‘void boost::algorithm::FinderConcept<FinderT, IteratorT>::constraints() [with FinderT = boost::algorithm::detail::token_finderF<boost::algorithm::detail::is_any_ofF<char> >; IteratorT = const char*]’
   40 |             void constraints()
      |                  ^~~~~~~~~~~
In file included from /usr/local/lib/R/site-library/BH/include/boost/concept/assert.hpp:35,
                 from /usr/local/lib/R/site-library/BH/include/boost/concept_check.hpp:20,
                 from /usr/local/lib/R/site-library/BH/include/boost/range/concepts.hpp:19,
                 from /usr/local/lib/R/site-library/BH/include/boost/range/size_type.hpp:20,
                 from /usr/local/lib/R/site-library/BH/include/boost/range/size.hpp:21,
                 from /usr/local/lib/R/site-library/BH/include/boost/range/functions.hpp:20,
                 from /usr/local/lib/R/site-library/BH/include/boost/range/iterator_range_core.hpp:38,
                 from /usr/local/lib/R/site-library/BH/include/boost/range/iterator_range.hpp:13,
                 from /usr/local/lib/R/site-library/BH/include/boost/range/as_literal.hpp:18,
                 from /usr/local/lib/R/site-library/BH/include/boost/algorithm/string/trim.hpp:19,
                 from /usr/local/lib/R/site-library/BH/include/boost/algorithm/string.hpp:19,
                 from cstrsplit.cc:7:
/usr/local/lib/R/site-library/BH/include/boost/concept/detail/general.hpp: In instantiation of ‘static void boost::concepts::requirement<boost::concepts::failed************ Model::************>::failed() [with Model = boost::concepts::usage_requirements<boost::CopyConstructible<const char*> >]’:
/usr/local/lib/R/site-library/BH/include/boost/concept_check.hpp:167:5:   required from ‘struct boost::CopyConstructible<const char*>’
/usr/local/lib/R/site-library/BH/include/boost/range/concepts.hpp:125:16:   required from ‘struct boost::range_detail::IncrementableIteratorConcept<const char*>’
/usr/local/lib/R/site-library/BH/include/boost/range/concepts.hpp:147:16:   required from ‘struct boost::range_detail::SinglePassIteratorConcept<const char*>’
/usr/local/lib/R/site-library/BH/include/boost/concept/detail/has_constraints.hpp:32:62:   required by substitution of ‘template<class Model> boost::concepts::detail::yes boost::concepts::detail::has_constraints_(Model*, boost::concepts::detail::wrap_constraints<Model, (& Model::constraints)>*) [with Model = boost::range_detail::SinglePassIteratorConcept<const char*>]’
/usr/local/lib/R/site-library/BH/include/boost/concept/detail/has_constraints.hpp:42:5:   required from ‘const bool boost::concepts::not_satisfied<boost::range_detail::SinglePassIteratorConcept<const char*> >::value’
/usr/local/lib/R/site-library/BH/include/boost/concept/detail/has_constraints.hpp:45:51:   [ skipping 14 instantiation contexts, use -ftemplate-backtrace-limit=0 to disable ]
/usr/local/lib/R/site-library/BH/include/boost/iterator/iterator_facade.hpp:982:3:   required from ‘typename boost::iterators::detail::enable_if_interoperable<Derived1, Derived2, typename boost::mpl::apply2<boost::iterators::detail::always_bool2, Derived1, Derived2>::type>::type boost::iterators::operator!=(const boost::iterators::iterator_facade<Derived1, V1, TC1, Reference1, Difference1>&, const boost::iterators::iterator_facade<Derived2, V2, TC2, Reference2, Difference2>&) [with Derived1 = boost::iterators::transform_iterator<boost::algorithm::detail::copy_iterator_rangeF<std::__cxx11::basic_string<char>, const char*>, boost::algorithm::split_iterator<const char*>, boost::use_default, boost::use_default>; V1 = std::__cxx11::basic_string<char>; TC1 = boost::iterators::forward_traversal_tag; Reference1 = std::__cxx11::basic_string<char>; Difference1 = long int; Derived2 = boost::iterators::transform_iterator<boost::algorithm::detail::copy_iterator_rangeF<std::__cxx11::basic_string<char>, const char*>, boost::algorithm::split_iterator<const char*>, boost::use_default, boost::use_default>; V2 = std::__cxx11::basic_string<char>; TC2 = boost::iterators::forward_traversal_tag; Reference2 = std::__cxx11::basic_string<char>; Difference2 = long int; typename boost::iterators::detail::enable_if_interoperable<Derived1, Derived2, typename boost::mpl::apply2<boost::iterators::detail::always_bool2, Derived1, Derived2>::type>::type = bool; typename boost::mpl::apply2<boost::iterators::detail::always_bool2, Derived1, Derived2>::type = bool]’
/usr/include/c++/11/bits/stl_vector.h:1562:21:   required from ‘void std::vector<_Tp, _Alloc>::_M_range_initialize(_InputIterator, _InputIterator, std::input_iterator_tag) [with _InputIterator = boost::iterators::transform_iterator<boost::algorithm::detail::copy_iterator_rangeF<std::__cxx11::basic_string<char>, const char*>, boost::algorithm::split_iterator<const char*>, boost::use_default, boost::use_default>; _Tp = std::__cxx11::basic_string<char>; _Alloc = std::allocator<std::__cxx11::basic_string<char> >]’
/usr/include/c++/11/bits/stl_vector.h:657:23:   required from ‘std::vector<_Tp, _Alloc>::vector(_InputIterator, _InputIterator, const allocator_type&) [with _InputIterator = boost::iterators::transform_iterator<boost::algorithm::detail::copy_iterator_rangeF<std::__cxx11::basic_string<char>, const char*>, boost::algorithm::split_iterator<const char*>, boost::use_default, boost::use_default>; <template-parameter-2-2> = void; _Tp = std::__cxx11::basic_string<char>; _Alloc = std::allocator<std::__cxx11::basic_string<char> >; std::vector<_Tp, _Alloc>::allocator_type = std::allocator<std::__cxx11::basic_string<char> >]’
/usr/local/lib/R/site-library/BH/include/boost/algorithm/string/iter_find.hpp:186:31:   required from ‘SequenceSequenceT& boost::algorithm::iter_split(SequenceSequenceT&, RangeT&&, FinderT) [with SequenceSequenceT = std::vector<std::__cxx11::basic_string<char> >; RangeT = const char*&; FinderT = boost::algorithm::detail::token_finderF<boost::algorithm::detail::is_any_ofF<char> >]’
/usr/local/lib/R/site-library/BH/include/boost/algorithm/string/split.hpp:158:50:   required from ‘SequenceSequenceT& boost::algorithm::split(SequenceSequenceT&, RangeT&&, PredicateT, boost::algorithm::token_compress_mode_type) [with SequenceSequenceT = std::vector<std::__cxx11::basic_string<char> >; RangeT = const char*&; PredicateT = boost::algorithm::detail::is_any_ofF<char>]’
cstrsplit.cc:14:15:   required from here
/usr/local/lib/R/site-library/BH/include/boost/concept/detail/general.hpp:50:47: warning: ‘this’ pointer is null [-Wnonnull]
   50 |     static void failed() { ((Model*)0)->~Model(); }
      |                            ~~~~~~~~~~~~~~~~~~~^~
In file included from /usr/local/lib/R/site-library/BH/include/boost/concept_check.hpp:31,
                 from /usr/local/lib/R/site-library/BH/include/boost/range/concepts.hpp:19,
                 from /usr/local/lib/R/site-library/BH/include/boost/range/size_type.hpp:20,
                 from /usr/local/lib/R/site-library/BH/include/boost/range/size.hpp:21,
                 from /usr/local/lib/R/site-library/BH/include/boost/range/functions.hpp:20,
                 from /usr/local/lib/R/site-library/BH/include/boost/range/iterator_range_core.hpp:38,
                 from /usr/local/lib/R/site-library/BH/include/boost/range/iterator_range.hpp:13,
                 from /usr/local/lib/R/site-library/BH/include/boost/range/as_literal.hpp:18,
                 from /usr/local/lib/R/site-library/BH/include/boost/algorithm/string/trim.hpp:19,
                 from /usr/local/lib/R/site-library/BH/include/boost/algorithm/string.hpp:19,
                 from cstrsplit.cc:7:
/usr/local/lib/R/site-library/BH/include/boost/concept/usage.hpp:20:5: note: in a call to non-static member function ‘boost::concepts::usage_requirements<Model>::~usage_requirements() [with Model = boost::CopyConstructible<const char*>]’
   20 |     ~usage_requirements() { ((Model*)0)->~Model(); }
      |     ^
In file included from /usr/local/lib/R/site-library/BH/include/boost/concept/assert.hpp:35,
                 from /usr/local/lib/R/site-library/BH/include/boost/concept_check.hpp:20,
                 from /usr/local/lib/R/site-library/BH/include/boost/range/concepts.hpp:19,
                 from /usr/local/lib/R/site-library/BH/include/boost/range/size_type.hpp:20,
                 from /usr/local/lib/R/site-library/BH/include/boost/range/size.hpp:21,
                 from /usr/local/lib/R/site-library/BH/include/boost/range/functions.hpp:20,
                 from /usr/local/lib/R/site-library/BH/include/boost/range/iterator_range_core.hpp:38,
                 from /usr/local/lib/R/site-library/BH/include/boost/range/iterator_range.hpp:13,
                 from /usr/local/lib/R/site-library/BH/include/boost/range/as_literal.hpp:18,
                 from /usr/local/lib/R/site-library/BH/include/boost/algorithm/string/trim.hpp:19,
                 from /usr/local/lib/R/site-library/BH/include/boost/algorithm/string.hpp:19,
                 from cstrsplit.cc:7:
/usr/local/lib/R/site-library/BH/include/boost/concept/detail/general.hpp: In instantiation of ‘static void boost::concepts::requirement<boost::concepts::failed************ Model::************>::failed() [with Model = boost::concepts::usage_requirements<boost::Convertible<boost::iterators::random_access_traversal_tag, boost::iterators::incrementable_traversal_tag> >]’:
/usr/local/lib/R/site-library/BH/include/boost/concept_check.hpp:208:5:   required from ‘struct boost::Convertible<boost::iterators::random_access_traversal_tag, boost::iterators::incrementable_traversal_tag>’
/usr/local/lib/R/site-library/BH/include/boost/concept/detail/has_constraints.hpp:32:62:   required by substitution of ‘template<class Model> boost::concepts::detail::yes boost::concepts::detail::has_constraints_(Model*, boost::concepts::detail::wrap_constraints<Model, (& Model::constraints)>*) [with Model = boost::Convertible<boost::iterators::random_access_traversal_tag, boost::iterators::incrementable_traversal_tag>]’
/usr/local/lib/R/site-library/BH/include/boost/concept/detail/has_constraints.hpp:42:5:   required from ‘const bool boost::concepts::not_satisfied<boost::Convertible<boost::iterators::random_access_traversal_tag, boost::iterators::incrementable_traversal_tag> >::value’
/usr/local/lib/R/site-library/BH/include/boost/concept/detail/has_constraints.hpp:45:51:   required from ‘struct boost::concepts::not_satisfied<boost::Convertible<boost::iterators::random_access_traversal_tag, boost::iterators::incrementable_traversal_tag> >’
/usr/local/lib/R/site-library/BH/include/boost/concept/detail/general.hpp:72:8:   required from ‘struct boost::concepts::requirement_<void (*)(boost::Convertible<boost::iterators::random_access_traversal_tag, boost::iterators::incrementable_traversal_tag>)>’
/usr/local/lib/R/site-library/BH/include/boost/iterator/iterator_concepts.hpp:114:7:   [ skipping 18 instantiation contexts, use -ftemplate-backtrace-limit=0 to disable ]
/usr/local/lib/R/site-library/BH/include/boost/iterator/iterator_facade.hpp:982:3:   required from ‘typename boost::iterators::detail::enable_if_interoperable<Derived1, Derived2, typename boost::mpl::apply2<boost::iterators::detail::always_bool2, Derived1, Derived2>::type>::type boost::iterators::operator!=(const boost::iterators::iterator_facade<Derived1, V1, TC1, Reference1, Difference1>&, const boost::iterators::iterator_facade<Derived2, V2, TC2, Reference2, Difference2>&) [with Derived1 = boost::iterators::transform_iterator<boost::algorithm::detail::copy_iterator_rangeF<std::__cxx11::basic_string<char>, const char*>, boost::algorithm::split_iterator<const char*>, boost::use_default, boost::use_default>; V1 = std::__cxx11::basic_string<char>; TC1 = boost::iterators::forward_traversal_tag; Reference1 = std::__cxx11::basic_string<char>; Difference1 = long int; Derived2 = boost::iterators::transform_iterator<boost::algorithm::detail::copy_iterator_rangeF<std::__cxx11::basic_string<char>, const char*>, boost::algorithm::split_iterator<const char*>, boost::use_default, boost::use_default>; V2 = std::__cxx11::basic_string<char>; TC2 = boost::iterators::forward_traversal_tag; Reference2 = std::__cxx11::basic_string<char>; Difference2 = long int; typename boost::iterators::detail::enable_if_interoperable<Derived1, Derived2, typename boost::mpl::apply2<boost::iterators::detail::always_bool2, Derived1, Derived2>::type>::type = bool; typename boost::mpl::apply2<boost::iterators::detail::always_bool2, Derived1, Derived2>::type = bool]’
/usr/include/c++/11/bits/stl_vector.h:1562:21:   required from ‘void std::vector<_Tp, _Alloc>::_M_range_initialize(_InputIterator, _InputIterator, std::input_iterator_tag) [with _InputIterator = boost::iterators::transform_iterator<boost::algorithm::detail::copy_iterator_rangeF<std::__cxx11::basic_string<char>, const char*>, boost::algorithm::split_iterator<const char*>, boost::use_default, boost::use_default>; _Tp = std::__cxx11::basic_string<char>; _Alloc = std::allocator<std::__cxx11::basic_string<char> >]’
/usr/include/c++/11/bits/stl_vector.h:657:23:   required from ‘std::vector<_Tp, _Alloc>::vector(_InputIterator, _InputIterator, const allocator_type&) [with _InputIterator = boost::iterators::transform_iterator<boost::algorithm::detail::copy_iterator_rangeF<std::__cxx11::basic_string<char>, const char*>, boost::algorithm::split_iterator<const char*>, boost::use_default, boost::use_default>; <template-parameter-2-2> = void; _Tp = std::__cxx11::basic_string<char>; _Alloc = std::allocator<std::__cxx11::basic_string<char> >; std::vector<_Tp, _Alloc>::allocator_type = std::allocator<std::__cxx11::basic_string<char> >]’
/usr/local/lib/R/site-library/BH/include/boost/algorithm/string/iter_find.hpp:186:31:   required from ‘SequenceSequenceT& boost::algorithm::iter_split(SequenceSequenceT&, RangeT&&, FinderT) [with SequenceSequenceT = std::vector<std::__cxx11::basic_string<char> >; RangeT = const char*&; FinderT = boost::algorithm::detail::token_finderF<boost::algorithm::detail::is_any_ofF<char> >]’
/usr/local/lib/R/site-library/BH/include/boost/algorithm/string/split.hpp:158:50:   required from ‘SequenceSequenceT& boost::algorithm::split(SequenceSequenceT&, RangeT&&, PredicateT, boost::algorithm::token_compress_mode_type) [with SequenceSequenceT = std::vector<std::__cxx11::basic_string<char> >; RangeT = const char*&; PredicateT = boost::algorithm::detail::is_any_ofF<char>]’
cstrsplit.cc:14:15:   required from here
/usr/local/lib/R/site-library/BH/include/boost/concept/detail/general.hpp:50:47: warning: ‘this’ pointer is null [-Wnonnull]
   50 |     static void failed() { ((Model*)0)->~Model(); }
      |                            ~~~~~~~~~~~~~~~~~~~^~
In file included from /usr/local/lib/R/site-library/BH/include/boost/concept_check.hpp:31,
                 from /usr/local/lib/R/site-library/BH/include/boost/range/concepts.hpp:19,
                 from /usr/local/lib/R/site-library/BH/include/boost/range/size_type.hpp:20,
                 from /usr/local/lib/R/site-library/BH/include/boost/range/size.hpp:21,
                 from /usr/local/lib/R/site-library/BH/include/boost/range/functions.hpp:20,
                 from /usr/local/lib/R/site-library/BH/include/boost/range/iterator_range_core.hpp:38,
                 from /usr/local/lib/R/site-library/BH/include/boost/range/iterator_range.hpp:13,
                 from /usr/local/lib/R/site-library/BH/include/boost/range/as_literal.hpp:18,
                 from /usr/local/lib/R/site-library/BH/include/boost/algorithm/string/trim.hpp:19,
                 from /usr/local/lib/R/site-library/BH/include/boost/algorithm/string.hpp:19,
                 from cstrsplit.cc:7:
/usr/local/lib/R/site-library/BH/include/boost/concept/usage.hpp:20:5: note: in a call to non-static member function ‘boost::concepts::usage_requirements<Model>::~usage_requirements() [with Model = boost::Convertible<boost::iterators::random_access_traversal_tag, boost::iterators::incrementable_traversal_tag>]’
   20 |     ~usage_requirements() { ((Model*)0)->~Model(); }
      |     ^
In file included from /usr/local/lib/R/site-library/BH/include/boost/concept/assert.hpp:35,
                 from /usr/local/lib/R/site-library/BH/include/boost/concept_check.hpp:20,
                 from /usr/local/lib/R/site-library/BH/include/boost/range/concepts.hpp:19,
                 from /usr/local/lib/R/site-library/BH/include/boost/range/size_type.hpp:20,
                 from /usr/local/lib/R/site-library/BH/include/boost/range/size.hpp:21,
                 from /usr/local/lib/R/site-library/BH/include/boost/range/functions.hpp:20,
                 from /usr/local/lib/R/site-library/BH/include/boost/range/iterator_range_core.hpp:38,
                 from /usr/local/lib/R/site-library/BH/include/boost/range/iterator_range.hpp:13,
                 from /usr/local/lib/R/site-library/BH/include/boost/range/as_literal.hpp:18,
                 from /usr/local/lib/R/site-library/BH/include/boost/algorithm/string/trim.hpp:19,
                 from /usr/local/lib/R/site-library/BH/include/boost/algorithm/string.hpp:19,
                 from cstrsplit.cc:7:
/usr/local/lib/R/site-library/BH/include/boost/concept/detail/general.hpp: In instantiation of ‘static void boost::concepts::requirement<boost::concepts::failed************ Model::************>::failed() [with Model = boost::Convertible<boost::iterators::random_access_traversal_tag, boost::iterators::incrementable_traversal_tag>]’:
/usr/local/lib/R/site-library/BH/include/boost/iterator/iterator_concepts.hpp:114:7:   required from ‘struct boost::range_detail::IncrementableIteratorConcept<const char*>’
/usr/local/lib/R/site-library/BH/include/boost/range/concepts.hpp:147:16:   required from ‘struct boost::range_detail::SinglePassIteratorConcept<const char*>’
/usr/local/lib/R/site-library/BH/include/boost/concept/detail/has_constraints.hpp:32:62:   required by substitution of ‘template<class Model> boost::concepts::detail::yes boost::concepts::detail::has_constraints_(Model*, boost::concepts::detail::wrap_constraints<Model, (& Model::constraints)>*) [with Model = boost::range_detail::SinglePassIteratorConcept<const char*>]’
/usr/local/lib/R/site-library/BH/include/boost/concept/detail/has_constraints.hpp:42:5:   required from ‘const bool boost::concepts::not_satisfied<boost::range_detail::SinglePassIteratorConcept<const char*> >::value’
/usr/local/lib/R/site-library/BH/include/boost/concept/detail/has_constraints.hpp:45:51:   required from ‘struct boost::concepts::not_satisfied<boost::range_detail::SinglePassIteratorConcept<const char*> >’
/usr/local/lib/R/site-library/BH/include/boost/concept/detail/general.hpp:72:8:   [ skipping 13 instantiation contexts, use -ftemplate-backtrace-limit=0 to disable ]
/usr/local/lib/R/site-library/BH/include/boost/iterator/iterator_facade.hpp:982:3:   required from ‘typename boost::iterators::detail::enable_if_interoperable<Derived1, Derived2, typename boost::mpl::apply2<boost::iterators::detail::always_bool2, Derived1, Derived2>::type>::type boost::iterators::operator!=(const boost::iterators::iterator_facade<Derived1, V1, TC1, Reference1, Difference1>&, const boost::iterators::iterator_facade<Derived2, V2, TC2, Reference2, Difference2>&) [with Derived1 = boost::iterators::transform_iterator<boost::algorithm::detail::copy_iterator_rangeF<std::__cxx11::basic_string<char>, const char*>, boost::algorithm::split_iterator<const char*>, boost::use_default, boost::use_default>; V1 = std::__cxx11::basic_string<char>; TC1 = boost::iterators::forward_traversal_tag; Reference1 = std::__cxx11::basic_string<char>; Difference1 = long int; Derived2 = boost::iterators::transform_iterator<boost::algorithm::detail::copy_iterator_rangeF<std::__cxx11::basic_string<char>, const char*>, boost::algorithm::split_iterator<const char*>, boost::use_default, boost::use_default>; V2 = std::__cxx11::basic_string<char>; TC2 = boost::iterators::forward_traversal_tag; Reference2 = std::__cxx11::basic_string<char>; Difference2 = long int; typename boost::iterators::detail::enable_if_interoperable<Derived1, Derived2, typename boost::mpl::apply2<boost::iterators::detail::always_bool2, Derived1, Derived2>::type>::type = bool; typename boost::mpl::apply2<boost::iterators::detail::always_bool2, Derived1, Derived2>::type = bool]’
/usr/include/c++/11/bits/stl_vector.h:1562:21:   required from ‘void std::vector<_Tp, _Alloc>::_M_range_initialize(_InputIterator, _InputIterator, std::input_iterator_tag) [with _InputIterator = boost::iterators::transform_iterator<boost::algorithm::detail::copy_iterator_rangeF<std::__cxx11::basic_string<char>, const char*>, boost::algorithm::split_iterator<const char*>, boost::use_default, boost::use_default>; _Tp = std::__cxx11::basic_string<char>; _Alloc = std::allocator<std::__cxx11::basic_string<char> >]’
/usr/include/c++/11/bits/stl_vector.h:657:23:   required from ‘std::vector<_Tp, _Alloc>::vector(_InputIterator, _InputIterator, const allocator_type&) [with _InputIterator = boost::iterators::transform_iterator<boost::algorithm::detail::copy_iterator_rangeF<std::__cxx11::basic_string<char>, const char*>, boost::algorithm::split_iterator<const char*>, boost::use_default, boost::use_default>; <template-parameter-2-2> = void; _Tp = std::__cxx11::basic_string<char>; _Alloc = std::allocator<std::__cxx11::basic_string<char> >; std::vector<_Tp, _Alloc>::allocator_type = std::allocator<std::__cxx11::basic_string<char> >]’
/usr/local/lib/R/site-library/BH/include/boost/algorithm/string/iter_find.hpp:186:31:   required from ‘SequenceSequenceT& boost::algorithm::iter_split(SequenceSequenceT&, RangeT&&, FinderT) [with SequenceSequenceT = std::vector<std::__cxx11::basic_string<char> >; RangeT = const char*&; FinderT = boost::algorithm::detail::token_finderF<boost::algorithm::detail::is_any_ofF<char> >]’
/usr/local/lib/R/site-library/BH/include/boost/algorithm/string/split.hpp:158:50:   required from ‘SequenceSequenceT& boost::algorithm::split(SequenceSequenceT&, RangeT&&, PredicateT, boost::algorithm::token_compress_mode_type) [with SequenceSequenceT = std::vector<std::__cxx11::basic_string<char> >; RangeT = const char*&; PredicateT = boost::algorithm::detail::is_any_ofF<char>]’
cstrsplit.cc:14:15:   required from here
/usr/local/lib/R/site-library/BH/include/boost/concept/detail/general.hpp:50:47: warning: ‘this’ pointer is null [-Wnonnull]
   50 |     static void failed() { ((Model*)0)->~Model(); }
      |                            ~~~~~~~~~~~~~~~~~~~^~
In file included from /usr/local/lib/R/site-library/BH/include/boost/concept_check.hpp:31,
                 from /usr/local/lib/R/site-library/BH/include/boost/range/concepts.hpp:19,
                 from /usr/local/lib/R/site-library/BH/include/boost/range/size_type.hpp:20,
                 from /usr/local/lib/R/site-library/BH/include/boost/range/size.hpp:21,
                 from /usr/local/lib/R/site-library/BH/include/boost/range/functions.hpp:20,
                 from /usr/local/lib/R/site-library/BH/include/boost/range/iterator_range_core.hpp:38,
                 from /usr/local/lib/R/site-library/BH/include/boost/range/iterator_range.hpp:13,
                 from /usr/local/lib/R/site-library/BH/include/boost/range/as_literal.hpp:18,
                 from /usr/local/lib/R/site-library/BH/include/boost/algorithm/string/trim.hpp:19,
                 from /usr/local/lib/R/site-library/BH/include/boost/algorithm/string.hpp:19,
                 from cstrsplit.cc:7:
/usr/local/lib/R/site-library/BH/include/boost/concept/usage.hpp:37:7: note: in a call to non-static member function ‘boost::Convertible<X, Y>::~Convertible() [with X = boost::iterators::random_access_traversal_tag; Y = boost::iterators::incrementable_traversal_tag]’
   37 |       ~model()
      |       ^
/usr/local/lib/R/site-library/BH/include/boost/concept_check.hpp:208:5: note: in expansion of macro ‘BOOST_CONCEPT_USAGE’
  208 |     BOOST_CONCEPT_USAGE(Convertible) {
      |     ^~~~~~~~~~~~~~~~~~~
In file included from /usr/local/lib/R/site-library/BH/include/boost/concept/assert.hpp:35,
                 from /usr/local/lib/R/site-library/BH/include/boost/concept_check.hpp:20,
                 from /usr/local/lib/R/site-library/BH/include/boost/range/concepts.hpp:19,
                 from /usr/local/lib/R/site-library/BH/include/boost/range/size_type.hpp:20,
                 from /usr/local/lib/R/site-library/BH/include/boost/range/size.hpp:21,
                 from /usr/local/lib/R/site-library/BH/include/boost/range/functions.hpp:20,
                 from /usr/local/lib/R/site-library/BH/include/boost/range/iterator_range_core.hpp:38,
                 from /usr/local/lib/R/site-library/BH/include/boost/range/iterator_range.hpp:13,
                 from /usr/local/lib/R/site-library/BH/include/boost/range/as_literal.hpp:18,
                 from /usr/local/lib/R/site-library/BH/include/boost/algorithm/string/trim.hpp:19,
                 from /usr/local/lib/R/site-library/BH/include/boost/algorithm/string.hpp:19,
                 from cstrsplit.cc:7:
/usr/local/lib/R/site-library/BH/include/boost/concept/detail/general.hpp: In instantiation of ‘static void boost::concepts::requirement<boost::concepts::failed************ Model::************>::failed() [with Model = boost::concepts::usage_requirements<boost::range_detail::IncrementableIteratorConcept<const char*> >]’:
/usr/local/lib/R/site-library/BH/include/boost/range/concepts.hpp:136:13:   required from ‘struct boost::range_detail::IncrementableIteratorConcept<const char*>’
/usr/local/lib/R/site-library/BH/include/boost/range/concepts.hpp:147:16:   required from ‘struct boost::range_detail::SinglePassIteratorConcept<const char*>’
/usr/local/lib/R/site-library/BH/include/boost/concept/detail/has_constraints.hpp:32:62:   required by substitution of ‘template<class Model> boost::concepts::detail::yes boost::concepts::detail::has_constraints_(Model*, boost::concepts::detail::wrap_constraints<Model, (& Model::constraints)>*) [with Model = boost::range_detail::SinglePassIteratorConcept<const char*>]’
/usr/local/lib/R/site-library/BH/include/boost/concept/detail/has_constraints.hpp:42:5:   required from ‘const bool boost::concepts::not_satisfied<boost::range_detail::SinglePassIteratorConcept<const char*> >::value’
/usr/local/lib/R/site-library/BH/include/boost/concept/detail/has_constraints.hpp:45:51:   required from ‘struct boost::concepts::not_satisfied<boost::range_detail::SinglePassIteratorConcept<const char*> >’
/usr/local/lib/R/site-library/BH/include/boost/concept/detail/general.hpp:72:8:   [ skipping 13 instantiation contexts, use -ftemplate-backtrace-limit=0 to disable ]
/usr/local/lib/R/site-library/BH/include/boost/iterator/iterator_facade.hpp:982:3:   required from ‘typename boost::iterators::detail::enable_if_interoperable<Derived1, Derived2, typename boost::mpl::apply2<boost::iterators::detail::always_bool2, Derived1, Derived2>::type>::type boost::iterators::operator!=(const boost::iterators::iterator_facade<Derived1, V1, TC1, Reference1, Difference1>&, const boost::iterators::iterator_facade<Derived2, V2, TC2, Reference2, Difference2>&) [with Derived1 = boost::iterators::transform_iterator<boost::algorithm::detail::copy_iterator_rangeF<std::__cxx11::basic_string<char>, const char*>, boost::algorithm::split_iterator<const char*>, boost::use_default, boost::use_default>; V1 = std::__cxx11::basic_string<char>; TC1 = boost::iterators::forward_traversal_tag; Reference1 = std::__cxx11::basic_string<char>; Difference1 = long int; Derived2 = boost::iterators::transform_iterator<boost::algorithm::detail::copy_iterator_rangeF<std::__cxx11::basic_string<char>, const char*>, boost::algorithm::split_iterator<const char*>, boost::use_default, boost::use_default>; V2 = std::__cxx11::basic_string<char>; TC2 = boost::iterators::forward_traversal_tag; Reference2 = std::__cxx11::basic_string<char>; Difference2 = long int; typename boost::iterators::detail::enable_if_interoperable<Derived1, Derived2, typename boost::mpl::apply2<boost::iterators::detail::always_bool2, Derived1, Derived2>::type>::type = bool; typename boost::mpl::apply2<boost::iterators::detail::always_bool2, Derived1, Derived2>::type = bool]’
/usr/include/c++/11/bits/stl_vector.h:1562:21:   required from ‘void std::vector<_Tp, _Alloc>::_M_range_initialize(_InputIterator, _InputIterator, std::input_iterator_tag) [with _InputIterator = boost::iterators::transform_iterator<boost::algorithm::detail::copy_iterator_rangeF<std::__cxx11::basic_string<char>, const char*>, boost::algorithm::split_iterator<const char*>, boost::use_default, boost::use_default>; _Tp = std::__cxx11::basic_string<char>; _Alloc = std::allocator<std::__cxx11::basic_string<char> >]’
/usr/include/c++/11/bits/stl_vector.h:657:23:   required from ‘std::vector<_Tp, _Alloc>::vector(_InputIterator, _InputIterator, const allocator_type&) [with _InputIterator = boost::iterators::transform_iterator<boost::algorithm::detail::copy_iterator_rangeF<std::__cxx11::basic_string<char>, const char*>, boost::algorithm::split_iterator<const char*>, boost::use_default, boost::use_default>; <template-parameter-2-2> = void; _Tp = std::__cxx11::basic_string<char>; _Alloc = std::allocator<std::__cxx11::basic_string<char> >; std::vector<_Tp, _Alloc>::allocator_type = std::allocator<std::__cxx11::basic_string<char> >]’
/usr/local/lib/R/site-library/BH/include/boost/algorithm/string/iter_find.hpp:186:31:   required from ‘SequenceSequenceT& boost::algorithm::iter_split(SequenceSequenceT&, RangeT&&, FinderT) [with SequenceSequenceT = std::vector<std::__cxx11::basic_string<char> >; RangeT = const char*&; FinderT = boost::algorithm::detail::token_finderF<boost::algorithm::detail::is_any_ofF<char> >]’
/usr/local/lib/R/site-library/BH/include/boost/algorithm/string/split.hpp:158:50:   required from ‘SequenceSequenceT& boost::algorithm::split(SequenceSequenceT&, RangeT&&, PredicateT, boost::algorithm::token_compress_mode_type) [with SequenceSequenceT = std::vector<std::__cxx11::basic_string<char> >; RangeT = const char*&; PredicateT = boost::algorithm::detail::is_any_ofF<char>]’
cstrsplit.cc:14:15:   required from here
/usr/local/lib/R/site-library/BH/include/boost/concept/detail/general.hpp:50:47: warning: ‘this’ pointer is null [-Wnonnull]
   50 |     static void failed() { ((Model*)0)->~Model(); }
      |                            ~~~~~~~~~~~~~~~~~~~^~
In file included from /usr/local/lib/R/site-library/BH/include/boost/concept_check.hpp:31,
                 from /usr/local/lib/R/site-library/BH/include/boost/range/concepts.hpp:19,
                 from /usr/local/lib/R/site-library/BH/include/boost/range/size_type.hpp:20,
                 from /usr/local/lib/R/site-library/BH/include/boost/range/size.hpp:21,
                 from /usr/local/lib/R/site-library/BH/include/boost/range/functions.hpp:20,
                 from /usr/local/lib/R/site-library/BH/include/boost/range/iterator_range_core.hpp:38,
                 from /usr/local/lib/R/site-library/BH/include/boost/range/iterator_range.hpp:13,
                 from /usr/local/lib/R/site-library/BH/include/boost/range/as_literal.hpp:18,
                 from /usr/local/lib/R/site-library/BH/include/boost/algorithm/string/trim.hpp:19,
                 from /usr/local/lib/R/site-library/BH/include/boost/algorithm/string.hpp:19,
                 from cstrsplit.cc:7:
/usr/local/lib/R/site-library/BH/include/boost/concept/usage.hpp:20:5: note: in a call to non-static member function ‘boost::concepts::usage_requirements<Model>::~usage_requirements() [with Model = boost::range_detail::IncrementableIteratorConcept<const char*>]’
   20 |     ~usage_requirements() { ((Model*)0)->~Model(); }
      |     ^
In file included from /usr/local/lib/R/site-library/BH/include/boost/concept/assert.hpp:35,
                 from /usr/local/lib/R/site-library/BH/include/boost/concept_check.hpp:20,
                 from /usr/local/lib/R/site-library/BH/include/boost/range/concepts.hpp:19,
                 from /usr/local/lib/R/site-library/BH/include/boost/range/size_type.hpp:20,
                 from /usr/local/lib/R/site-library/BH/include/boost/range/size.hpp:21,
                 from /usr/local/lib/R/site-library/BH/include/boost/range/functions.hpp:20,
                 from /usr/local/lib/R/site-library/BH/include/boost/range/iterator_range_core.hpp:38,
                 from /usr/local/lib/R/site-library/BH/include/boost/range/iterator_range.hpp:13,
                 from /usr/local/lib/R/site-library/BH/include/boost/range/as_literal.hpp:18,
                 from /usr/local/lib/R/site-library/BH/include/boost/algorithm/string/trim.hpp:19,
                 from /usr/local/lib/R/site-library/BH/include/boost/algorithm/string.hpp:19,
                 from cstrsplit.cc:7:
/usr/local/lib/R/site-library/BH/include/boost/concept/detail/general.hpp: In instantiation of ‘static void boost::concepts::requirement<boost::concepts::failed************ Model::************>::failed() [with Model = boost::concepts::usage_requirements<boost::EqualityComparable<const char*> >]’:
/usr/local/lib/R/site-library/BH/include/boost/concept_check.hpp:233:5:   required from ‘struct boost::EqualityComparable<const char*>’
/usr/local/lib/R/site-library/BH/include/boost/range/concepts.hpp:147:16:   required from ‘struct boost::range_detail::SinglePassIteratorConcept<const char*>’
/usr/local/lib/R/site-library/BH/include/boost/concept/detail/has_constraints.hpp:32:62:   required by substitution of ‘template<class Model> boost::concepts::detail::yes boost::concepts::detail::has_constraints_(Model*, boost::concepts::detail::wrap_constraints<Model, (& Model::constraints)>*) [with Model = boost::range_detail::SinglePassIteratorConcept<const char*>]’
/usr/local/lib/R/site-library/BH/include/boost/concept/detail/has_constraints.hpp:42:5:   required from ‘const bool boost::concepts::not_satisfied<boost::range_detail::SinglePassIteratorConcept<const char*> >::value’
/usr/local/lib/R/site-library/BH/include/boost/concept/detail/has_constraints.hpp:45:51:   required from ‘struct boost::concepts::not_satisfied<boost::range_detail::SinglePassIteratorConcept<const char*> >’
/usr/local/lib/R/site-library/BH/include/boost/concept/detail/general.hpp:72:8:   [ skipping 13 instantiation contexts, use -ftemplate-backtrace-limit=0 to disable ]
/usr/local/lib/R/site-library/BH/include/boost/iterator/iterator_facade.hpp:982:3:   required from ‘typename boost::iterators::detail::enable_if_interoperable<Derived1, Derived2, typename boost::mpl::apply2<boost::iterators::detail::always_bool2, Derived1, Derived2>::type>::type boost::iterators::operator!=(const boost::iterators::iterator_facade<Derived1, V1, TC1, Reference1, Difference1>&, const boost::iterators::iterator_facade<Derived2, V2, TC2, Reference2, Difference2>&) [with Derived1 = boost::iterators::transform_iterator<boost::algorithm::detail::copy_iterator_rangeF<std::__cxx11::basic_string<char>, const char*>, boost::algorithm::split_iterator<const char*>, boost::use_default, boost::use_default>; V1 = std::__cxx11::basic_string<char>; TC1 = boost::iterators::forward_traversal_tag; Reference1 = std::__cxx11::basic_string<char>; Difference1 = long int; Derived2 = boost::iterators::transform_iterator<boost::algorithm::detail::copy_iterator_rangeF<std::__cxx11::basic_string<char>, const char*>, boost::algorithm::split_iterator<const char*>, boost::use_default, boost::use_default>; V2 = std::__cxx11::basic_string<char>; TC2 = boost::iterators::forward_traversal_tag; Reference2 = std::__cxx11::basic_string<char>; Difference2 = long int; typename boost::iterators::detail::enable_if_interoperable<Derived1, Derived2, typename boost::mpl::apply2<boost::iterators::detail::always_bool2, Derived1, Derived2>::type>::type = bool; typename boost::mpl::apply2<boost::iterators::detail::always_bool2, Derived1, Derived2>::type = bool]’
/usr/include/c++/11/bits/stl_vector.h:1562:21:   required from ‘void std::vector<_Tp, _Alloc>::_M_range_initialize(_InputIterator, _InputIterator, std::input_iterator_tag) [with _InputIterator = boost::iterators::transform_iterator<boost::algorithm::detail::copy_iterator_rangeF<std::__cxx11::basic_string<char>, const char*>, boost::algorithm::split_iterator<const char*>, boost::use_default, boost::use_default>; _Tp = std::__cxx11::basic_string<char>; _Alloc = std::allocator<std::__cxx11::basic_string<char> >]’
/usr/include/c++/11/bits/stl_vector.h:657:23:   required from ‘std::vector<_Tp, _Alloc>::vector(_InputIterator, _InputIterator, const allocator_type&) [with _InputIterator = boost::iterators::transform_iterator<boost::algorithm::detail::copy_iterator_rangeF<std::__cxx11::basic_string<char>, const char*>, boost::algorithm::split_iterator<const char*>, boost::use_default, boost::use_default>; <template-parameter-2-2> = void; _Tp = std::__cxx11::basic_string<char>; _Alloc = std::allocator<std::__cxx11::basic_string<char> >; std::vector<_Tp, _Alloc>::allocator_type = std::allocator<std::__cxx11::basic_string<char> >]’
/usr/local/lib/R/site-library/BH/include/boost/algorithm/string/iter_find.hpp:186:31:   required from ‘SequenceSequenceT& boost::algorithm::iter_split(SequenceSequenceT&, RangeT&&, FinderT) [with SequenceSequenceT = std::vector<std::__cxx11::basic_string<char> >; RangeT = const char*&; FinderT = boost::algorithm::detail::token_finderF<boost::algorithm::detail::is_any_ofF<char> >]’
/usr/local/lib/R/site-library/BH/include/boost/algorithm/string/split.hpp:158:50:   required from ‘SequenceSequenceT& boost::algorithm::split(SequenceSequenceT&, RangeT&&, PredicateT, boost::algorithm::token_compress_mode_type) [with SequenceSequenceT = std::vector<std::__cxx11::basic_string<char> >; RangeT = const char*&; PredicateT = boost::algorithm::detail::is_any_ofF<char>]’
cstrsplit.cc:14:15:   required from here
/usr/local/lib/R/site-library/BH/include/boost/concept/detail/general.hpp:50:47: warning: ‘this’ pointer is null [-Wnonnull]
   50 |     static void failed() { ((Model*)0)->~Model(); }
      |                            ~~~~~~~~~~~~~~~~~~~^~
In file included from /usr/local/lib/R/site-library/BH/include/boost/concept_check.hpp:31,
                 from /usr/local/lib/R/site-library/BH/include/boost/range/concepts.hpp:19,
                 from /usr/local/lib/R/site-library/BH/include/boost/range/size_type.hpp:20,
                 from /usr/local/lib/R/site-library/BH/include/boost/range/size.hpp:21,
                 from /usr/local/lib/R/site-library/BH/include/boost/range/functions.hpp:20,
                 from /usr/local/lib/R/site-library/BH/include/boost/range/iterator_range_core.hpp:38,
                 from /usr/local/lib/R/site-library/BH/include/boost/range/iterator_range.hpp:13,
                 from /usr/local/lib/R/site-library/BH/include/boost/range/as_literal.hpp:18,
                 from /usr/local/lib/R/site-library/BH/include/boost/algorithm/string/trim.hpp:19,
                 from /usr/local/lib/R/site-library/BH/include/boost/algorithm/string.hpp:19,
                 from cstrsplit.cc:7:
/usr/local/lib/R/site-library/BH/include/boost/concept/usage.hpp:20:5: note: in a call to non-static member function ‘boost::concepts::usage_requirements<Model>::~usage_requirements() [with Model = boost::EqualityComparable<const char*>]’
   20 |     ~usage_requirements() { ((Model*)0)->~Model(); }
      |     ^
In file included from /usr/local/lib/R/site-library/BH/include/boost/concept/assert.hpp:35,
                 from /usr/local/lib/R/site-library/BH/include/boost/concept_check.hpp:20,
                 from /usr/local/lib/R/site-library/BH/include/boost/range/concepts.hpp:19,
                 from /usr/local/lib/R/site-library/BH/include/boost/range/size_type.hpp:20,
                 from /usr/local/lib/R/site-library/BH/include/boost/range/size.hpp:21,
                 from /usr/local/lib/R/site-library/BH/include/boost/range/functions.hpp:20,
                 from /usr/local/lib/R/site-library/BH/include/boost/range/iterator_range_core.hpp:38,
                 from /usr/local/lib/R/site-library/BH/include/boost/range/iterator_range.hpp:13,
                 from /usr/local/lib/R/site-library/BH/include/boost/range/as_literal.hpp:18,
                 from /usr/local/lib/R/site-library/BH/include/boost/algorithm/string/trim.hpp:19,
                 from /usr/local/lib/R/site-library/BH/include/boost/algorithm/string.hpp:19,
                 from cstrsplit.cc:7:
/usr/local/lib/R/site-library/BH/include/boost/concept/detail/general.hpp: In instantiation of ‘static void boost::concepts::requirement<boost::concepts::failed************ Model::************>::failed() [with Model = boost::concepts::usage_requirements<boost::Convertible<boost::iterators::random_access_traversal_tag, boost::iterators::single_pass_traversal_tag> >]’:
/usr/local/lib/R/site-library/BH/include/boost/concept_check.hpp:208:5:   required from ‘struct boost::Convertible<boost::iterators::random_access_traversal_tag, boost::iterators::single_pass_traversal_tag>’
/usr/local/lib/R/site-library/BH/include/boost/concept/detail/has_constraints.hpp:32:62:   required by substitution of ‘template<class Model> boost::concepts::detail::yes boost::concepts::detail::has_constraints_(Model*, boost::concepts::detail::wrap_constraints<Model, (& Model::constraints)>*) [with Model = boost::Convertible<boost::iterators::random_access_traversal_tag, boost::iterators::single_pass_traversal_tag>]’
/usr/local/lib/R/site-library/BH/include/boost/concept/detail/has_constraints.hpp:42:5:   required from ‘const bool boost::concepts::not_satisfied<boost::Convertible<boost::iterators::random_access_traversal_tag, boost::iterators::single_pass_traversal_tag> >::value’
/usr/local/lib/R/site-library/BH/include/boost/concept/detail/has_constraints.hpp:45:51:   required from ‘struct boost::concepts::not_satisfied<boost::Convertible<boost::iterators::random_access_traversal_tag, boost::iterators::single_pass_traversal_tag> >’
/usr/local/lib/R/site-library/BH/include/boost/concept/detail/general.hpp:72:8:   required from ‘struct boost::concepts::requirement_<void (*)(boost::Convertible<boost::iterators::random_access_traversal_tag, boost::iterators::single_pass_traversal_tag>)>’
/usr/local/lib/R/site-library/BH/include/boost/range/concepts.hpp:152:13:   [ skipping 17 instantiation contexts, use -ftemplate-backtrace-limit=0 to disable ]
/usr/local/lib/R/site-library/BH/include/boost/iterator/iterator_facade.hpp:982:3:   required from ‘typename boost::iterators::detail::enable_if_interoperable<Derived1, Derived2, typename boost::mpl::apply2<boost::iterators::detail::always_bool2, Derived1, Derived2>::type>::type boost::iterators::operator!=(const boost::iterators::iterator_facade<Derived1, V1, TC1, Reference1, Difference1>&, const boost::iterators::iterator_facade<Derived2, V2, TC2, Reference2, Difference2>&) [with Derived1 = boost::iterators::transform_iterator<boost::algorithm::detail::copy_iterator_rangeF<std::__cxx11::basic_string<char>, const char*>, boost::algorithm::split_iterator<const char*>, boost::use_default, boost::use_default>; V1 = std::__cxx11::basic_string<char>; TC1 = boost::iterators::forward_traversal_tag; Reference1 = std::__cxx11::basic_string<char>; Difference1 = long int; Derived2 = boost::iterators::transform_iterator<boost::algorithm::detail::copy_iterator_rangeF<std::__cxx11::basic_string<char>, const char*>, boost::algorithm::split_iterator<const char*>, boost::use_default, boost::use_default>; V2 = std::__cxx11::basic_string<char>; TC2 = boost::iterators::forward_traversal_tag; Reference2 = std::__cxx11::basic_string<char>; Difference2 = long int; typename boost::iterators::detail::enable_if_interoperable<Derived1, Derived2, typename boost::mpl::apply2<boost::iterators::detail::always_bool2, Derived1, Derived2>::type>::type = bool; typename boost::mpl::apply2<boost::iterators::detail::always_bool2, Derived1, Derived2>::type = bool]’
/usr/include/c++/11/bits/stl_vector.h:1562:21:   required from ‘void std::vector<_Tp, _Alloc>::_M_range_initialize(_InputIterator, _InputIterator, std::input_iterator_tag) [with _InputIterator = boost::iterators::transform_iterator<boost::algorithm::detail::copy_iterator_rangeF<std::__cxx11::basic_string<char>, const char*>, boost::algorithm::split_iterator<const char*>, boost::use_default, boost::use_default>; _Tp = std::__cxx11::basic_string<char>; _Alloc = std::allocator<std::__cxx11::basic_string<char> >]’
/usr/include/c++/11/bits/stl_vector.h:657:23:   required from ‘std::vector<_Tp, _Alloc>::vector(_InputIterator, _InputIterator, const allocator_type&) [with _InputIterator = boost::iterators::transform_iterator<boost::algorithm::detail::copy_iterator_rangeF<std::__cxx11::basic_string<char>, const char*>, boost::algorithm::split_iterator<const char*>, boost::use_default, boost::use_default>; <template-parameter-2-2> = void; _Tp = std::__cxx11::basic_string<char>; _Alloc = std::allocator<std::__cxx11::basic_string<char> >; std::vector<_Tp, _Alloc>::allocator_type = std::allocator<std::__cxx11::basic_string<char> >]’
/usr/local/lib/R/site-library/BH/include/boost/algorithm/string/iter_find.hpp:186:31:   required from ‘SequenceSequenceT& boost::algorithm::iter_split(SequenceSequenceT&, RangeT&&, FinderT) [with SequenceSequenceT = std::vector<std::__cxx11::basic_string<char> >; RangeT = const char*&; FinderT = boost::algorithm::detail::token_finderF<boost::algorithm::detail::is_any_ofF<char> >]’
/usr/local/lib/R/site-library/BH/include/boost/algorithm/string/split.hpp:158:50:   required from ‘SequenceSequenceT& boost::algorithm::split(SequenceSequenceT&, RangeT&&, PredicateT, boost::algorithm::token_compress_mode_type) [with SequenceSequenceT = std::vector<std::__cxx11::basic_string<char> >; RangeT = const char*&; PredicateT = boost::algorithm::detail::is_any_ofF<char>]’
cstrsplit.cc:14:15:   required from here
/usr/local/lib/R/site-library/BH/include/boost/concept/detail/general.hpp:50:47: warning: ‘this’ pointer is null [-Wnonnull]
   50 |     static void failed() { ((Model*)0)->~Model(); }
      |                            ~~~~~~~~~~~~~~~~~~~^~
In file included from /usr/local/lib/R/site-library/BH/include/boost/concept_check.hpp:31,
                 from /usr/local/lib/R/site-library/BH/include/boost/range/concepts.hpp:19,
                 from /usr/local/lib/R/site-library/BH/include/boost/range/size_type.hpp:20,
                 from /usr/local/lib/R/site-library/BH/include/boost/range/size.hpp:21,
                 from /usr/local/lib/R/site-library/BH/include/boost/range/functions.hpp:20,
                 from /usr/local/lib/R/site-library/BH/include/boost/range/iterator_range_core.hpp:38,
                 from /usr/local/lib/R/site-library/BH/include/boost/range/iterator_range.hpp:13,
                 from /usr/local/lib/R/site-library/BH/include/boost/range/as_literal.hpp:18,
                 from /usr/local/lib/R/site-library/BH/include/boost/algorithm/string/trim.hpp:19,
                 from /usr/local/lib/R/site-library/BH/include/boost/algorithm/string.hpp:19,
                 from cstrsplit.cc:7:
/usr/local/lib/R/site-library/BH/include/boost/concept/usage.hpp:20:5: note: in a call to non-static member function ‘boost::concepts::usage_requirements<Model>::~usage_requirements() [with Model = boost::Convertible<boost::iterators::random_access_traversal_tag, boost::iterators::single_pass_traversal_tag>]’
   20 |     ~usage_requirements() { ((Model*)0)->~Model(); }
      |     ^
In file included from /usr/local/lib/R/site-library/BH/include/boost/concept/assert.hpp:35,
                 from /usr/local/lib/R/site-library/BH/include/boost/concept_check.hpp:20,
                 from /usr/local/lib/R/site-library/BH/include/boost/range/concepts.hpp:19,
                 from /usr/local/lib/R/site-library/BH/include/boost/range/size_type.hpp:20,
                 from /usr/local/lib/R/site-library/BH/include/boost/range/size.hpp:21,
                 from /usr/local/lib/R/site-library/BH/include/boost/range/functions.hpp:20,
                 from /usr/local/lib/R/site-library/BH/include/boost/range/iterator_range_core.hpp:38,
                 from /usr/local/lib/R/site-library/BH/include/boost/range/iterator_range.hpp:13,
                 from /usr/local/lib/R/site-library/BH/include/boost/range/as_literal.hpp:18,
                 from /usr/local/lib/R/site-library/BH/include/boost/algorithm/string/trim.hpp:19,
                 from /usr/local/lib/R/site-library/BH/include/boost/algorithm/string.hpp:19,
                 from cstrsplit.cc:7:
/usr/local/lib/R/site-library/BH/include/boost/concept/detail/general.hpp: In instantiation of ‘static void boost::concepts::requirement<boost::concepts::failed************ Model::************>::failed() [with Model = boost::Convertible<boost::iterators::random_access_traversal_tag, boost::iterators::single_pass_traversal_tag>]’:
/usr/local/lib/R/site-library/BH/include/boost/range/concepts.hpp:152:13:   required from ‘struct boost::range_detail::SinglePassIteratorConcept<const char*>’
/usr/local/lib/R/site-library/BH/include/boost/concept/detail/has_constraints.hpp:32:62:   required by substitution of ‘template<class Model> boost::concepts::detail::yes boost::concepts::detail::has_constraints_(Model*, boost::concepts::detail::wrap_constraints<Model, (& Model::constraints)>*) [with Model = boost::range_detail::SinglePassIteratorConcept<const char*>]’
/usr/local/lib/R/site-library/BH/include/boost/concept/detail/has_constraints.hpp:42:5:   required from ‘const bool boost::concepts::not_satisfied<boost::range_detail::SinglePassIteratorConcept<const char*> >::value’
/usr/local/lib/R/site-library/BH/include/boost/concept/detail/has_constraints.hpp:45:51:   required from ‘struct boost::concepts::not_satisfied<boost::range_detail::SinglePassIteratorConcept<const char*> >’
/usr/local/lib/R/site-library/BH/include/boost/concept/detail/general.hpp:72:8:   required from ‘struct boost::concepts::requirement_<void (*)(boost::range_detail::SinglePassIteratorConcept<const char*>)>’
/usr/local/lib/R/site-library/BH/include/boost/range/concepts.hpp:278:9:   [ skipping 12 instantiation contexts, use -ftemplate-backtrace-limit=0 to disable ]
/usr/local/lib/R/site-library/BH/include/boost/iterator/iterator_facade.hpp:982:3:   required from ‘typename boost::iterators::detail::enable_if_interoperable<Derived1, Derived2, typename boost::mpl::apply2<boost::iterators::detail::always_bool2, Derived1, Derived2>::type>::type boost::iterators::operator!=(const boost::iterators::iterator_facade<Derived1, V1, TC1, Reference1, Difference1>&, const boost::iterators::iterator_facade<Derived2, V2, TC2, Reference2, Difference2>&) [with Derived1 = boost::iterators::transform_iterator<boost::algorithm::detail::copy_iterator_rangeF<std::__cxx11::basic_string<char>, const char*>, boost::algorithm::split_iterator<const char*>, boost::use_default, boost::use_default>; V1 = std::__cxx11::basic_string<char>; TC1 = boost::iterators::forward_traversal_tag; Reference1 = std::__cxx11::basic_string<char>; Difference1 = long int; Derived2 = boost::iterators::transform_iterator<boost::algorithm::detail::copy_iterator_rangeF<std::__cxx11::basic_string<char>, const char*>, boost::algorithm::split_iterator<const char*>, boost::use_default, boost::use_default>; V2 = std::__cxx11::basic_string<char>; TC2 = boost::iterators::forward_traversal_tag; Reference2 = std::__cxx11::basic_string<char>; Difference2 = long int; typename boost::iterators::detail::enable_if_interoperable<Derived1, Derived2, typename boost::mpl::apply2<boost::iterators::detail::always_bool2, Derived1, Derived2>::type>::type = bool; typename boost::mpl::apply2<boost::iterators::detail::always_bool2, Derived1, Derived2>::type = bool]’
/usr/include/c++/11/bits/stl_vector.h:1562:21:   required from ‘void std::vector<_Tp, _Alloc>::_M_range_initialize(_InputIterator, _InputIterator, std::input_iterator_tag) [with _InputIterator = boost::iterators::transform_iterator<boost::algorithm::detail::copy_iterator_rangeF<std::__cxx11::basic_string<char>, const char*>, boost::algorithm::split_iterator<const char*>, boost::use_default, boost::use_default>; _Tp = std::__cxx11::basic_string<char>; _Alloc = std::allocator<std::__cxx11::basic_string<char> >]’
/usr/include/c++/11/bits/stl_vector.h:657:23:   required from ‘std::vector<_Tp, _Alloc>::vector(_InputIterator, _InputIterator, const allocator_type&) [with _InputIterator = boost::iterators::transform_iterator<boost::algorithm::detail::copy_iterator_rangeF<std::__cxx11::basic_string<char>, const char*>, boost::algorithm::split_iterator<const char*>, boost::use_default, boost::use_default>; <template-parameter-2-2> = void; _Tp = std::__cxx11::basic_string<char>; _Alloc = std::allocator<std::__cxx11::basic_string<char> >; std::vector<_Tp, _Alloc>::allocator_type = std::allocator<std::__cxx11::basic_string<char> >]’
/usr/local/lib/R/site-library/BH/include/boost/algorithm/string/iter_find.hpp:186:31:   required from ‘SequenceSequenceT& boost::algorithm::iter_split(SequenceSequenceT&, RangeT&&, FinderT) [with SequenceSequenceT = std::vector<std::__cxx11::basic_string<char> >; RangeT = const char*&; FinderT = boost::algorithm::detail::token_finderF<boost::algorithm::detail::is_any_ofF<char> >]’
/usr/local/lib/R/site-library/BH/include/boost/algorithm/string/split.hpp:158:50:   required from ‘SequenceSequenceT& boost::algorithm::split(SequenceSequenceT&, RangeT&&, PredicateT, boost::algorithm::token_compress_mode_type) [with SequenceSequenceT = std::vector<std::__cxx11::basic_string<char> >; RangeT = const char*&; PredicateT = boost::algorithm::detail::is_any_ofF<char>]’
cstrsplit.cc:14:15:   required from here
/usr/local/lib/R/site-library/BH/include/boost/concept/detail/general.hpp:50:47: warning: ‘this’ pointer is null [-Wnonnull]
   50 |     static void failed() { ((Model*)0)->~Model(); }
      |                            ~~~~~~~~~~~~~~~~~~~^~
In file included from /usr/local/lib/R/site-library/BH/include/boost/concept_check.hpp:31,
                 from /usr/local/lib/R/site-library/BH/include/boost/range/concepts.hpp:19,
                 from /usr/local/lib/R/site-library/BH/include/boost/range/size_type.hpp:20,
                 from /usr/local/lib/R/site-library/BH/include/boost/range/size.hpp:21,
                 from /usr/local/lib/R/site-library/BH/include/boost/range/functions.hpp:20,
                 from /usr/local/lib/R/site-library/BH/include/boost/range/iterator_range_core.hpp:38,
                 from /usr/local/lib/R/site-library/BH/include/boost/range/iterator_range.hpp:13,
                 from /usr/local/lib/R/site-library/BH/include/boost/range/as_literal.hpp:18,
                 from /usr/local/lib/R/site-library/BH/include/boost/algorithm/string/trim.hpp:19,
                 from /usr/local/lib/R/site-library/BH/include/boost/algorithm/string.hpp:19,
                 from cstrsplit.cc:7:
/usr/local/lib/R/site-library/BH/include/boost/concept/usage.hpp:37:7: note: in a call to non-static member function ‘boost::Convertible<X, Y>::~Convertible() [with X = boost::iterators::random_access_traversal_tag; Y = boost::iterators::single_pass_traversal_tag]’
   37 |       ~model()
      |       ^
/usr/local/lib/R/site-library/BH/include/boost/concept_check.hpp:208:5: note: in expansion of macro ‘BOOST_CONCEPT_USAGE’
  208 |     BOOST_CONCEPT_USAGE(Convertible) {
      |     ^~~~~~~~~~~~~~~~~~~
In file included from /usr/local/lib/R/site-library/BH/include/boost/concept/assert.hpp:35,
                 from /usr/local/lib/R/site-library/BH/include/boost/concept_check.hpp:20,
                 from /usr/local/lib/R/site-library/BH/include/boost/range/concepts.hpp:19,
                 from /usr/local/lib/R/site-library/BH/include/boost/range/size_type.hpp:20,
                 from /usr/local/lib/R/site-library/BH/include/boost/range/size.hpp:21,
                 from /usr/local/lib/R/site-library/BH/include/boost/range/functions.hpp:20,
                 from /usr/local/lib/R/site-library/BH/include/boost/range/iterator_range_core.hpp:38,
                 from /usr/local/lib/R/site-library/BH/include/boost/range/iterator_range.hpp:13,
                 from /usr/local/lib/R/site-library/BH/include/boost/range/as_literal.hpp:18,
                 from /usr/local/lib/R/site-library/BH/include/boost/algorithm/string/trim.hpp:19,
                 from /usr/local/lib/R/site-library/BH/include/boost/algorithm/string.hpp:19,
                 from cstrsplit.cc:7:
/usr/local/lib/R/site-library/BH/include/boost/concept/detail/general.hpp: In instantiation of ‘static void boost::concepts::requirement<boost::concepts::failed************ Model::************>::failed() [with Model = boost::concepts::usage_requirements<boost::range_detail::SinglePassIteratorConcept<const char*> >]’:
/usr/local/lib/R/site-library/BH/include/boost/range/concepts.hpp:158:13:   required from ‘struct boost::range_detail::SinglePassIteratorConcept<const char*>’
/usr/local/lib/R/site-library/BH/include/boost/concept/detail/has_constraints.hpp:32:62:   required by substitution of ‘template<class Model> boost::concepts::detail::yes boost::concepts::detail::has_constraints_(Model*, boost::concepts::detail::wrap_constraints<Model, (& Model::constraints)>*) [with Model = boost::range_detail::SinglePassIteratorConcept<const char*>]’
/usr/local/lib/R/site-library/BH/include/boost/concept/detail/has_constraints.hpp:42:5:   required from ‘const bool boost::concepts::not_satisfied<boost::range_detail::SinglePassIteratorConcept<const char*> >::value’
/usr/local/lib/R/site-library/BH/include/boost/concept/detail/has_constraints.hpp:45:51:   required from ‘struct boost::concepts::not_satisfied<boost::range_detail::SinglePassIteratorConcept<const char*> >’
/usr/local/lib/R/site-library/BH/include/boost/concept/detail/general.hpp:72:8:   required from ‘struct boost::concepts::requirement_<void (*)(boost::range_detail::SinglePassIteratorConcept<const char*>)>’
/usr/local/lib/R/site-library/BH/include/boost/range/concepts.hpp:278:9:   [ skipping 12 instantiation contexts, use -ftemplate-backtrace-limit=0 to disable ]
/usr/local/lib/R/site-library/BH/include/boost/iterator/iterator_facade.hpp:982:3:   required from ‘typename boost::iterators::detail::enable_if_interoperable<Derived1, Derived2, typename boost::mpl::apply2<boost::iterators::detail::always_bool2, Derived1, Derived2>::type>::type boost::iterators::operator!=(const boost::iterators::iterator_facade<Derived1, V1, TC1, Reference1, Difference1>&, const boost::iterators::iterator_facade<Derived2, V2, TC2, Reference2, Difference2>&) [with Derived1 = boost::iterators::transform_iterator<boost::algorithm::detail::copy_iterator_rangeF<std::__cxx11::basic_string<char>, const char*>, boost::algorithm::split_iterator<const char*>, boost::use_default, boost::use_default>; V1 = std::__cxx11::basic_string<char>; TC1 = boost::iterators::forward_traversal_tag; Reference1 = std::__cxx11::basic_string<char>; Difference1 = long int; Derived2 = boost::iterators::transform_iterator<boost::algorithm::detail::copy_iterator_rangeF<std::__cxx11::basic_string<char>, const char*>, boost::algorithm::split_iterator<const char*>, boost::use_default, boost::use_default>; V2 = std::__cxx11::basic_string<char>; TC2 = boost::iterators::forward_traversal_tag; Reference2 = std::__cxx11::basic_string<char>; Difference2 = long int; typename boost::iterators::detail::enable_if_interoperable<Derived1, Derived2, typename boost::mpl::apply2<boost::iterators::detail::always_bool2, Derived1, Derived2>::type>::type = bool; typename boost::mpl::apply2<boost::iterators::detail::always_bool2, Derived1, Derived2>::type = bool]’
/usr/include/c++/11/bits/stl_vector.h:1562:21:   required from ‘void std::vector<_Tp, _Alloc>::_M_range_initialize(_InputIterator, _InputIterator, std::input_iterator_tag) [with _InputIterator = boost::iterators::transform_iterator<boost::algorithm::detail::copy_iterator_rangeF<std::__cxx11::basic_string<char>, const char*>, boost::algorithm::split_iterator<const char*>, boost::use_default, boost::use_default>; _Tp = std::__cxx11::basic_string<char>; _Alloc = std::allocator<std::__cxx11::basic_string<char> >]’
/usr/include/c++/11/bits/stl_vector.h:657:23:   required from ‘std::vector<_Tp, _Alloc>::vector(_InputIterator, _InputIterator, const allocator_type&) [with _InputIterator = boost::iterators::transform_iterator<boost::algorithm::detail::copy_iterator_rangeF<std::__cxx11::basic_string<char>, const char*>, boost::algorithm::split_iterator<const char*>, boost::use_default, boost::use_default>; <template-parameter-2-2> = void; _Tp = std::__cxx11::basic_string<char>; _Alloc = std::allocator<std::__cxx11::basic_string<char> >; std::vector<_Tp, _Alloc>::allocator_type = std::allocator<std::__cxx11::basic_string<char> >]’
/usr/local/lib/R/site-library/BH/include/boost/algorithm/string/iter_find.hpp:186:31:   required from ‘SequenceSequenceT& boost::algorithm::iter_split(SequenceSequenceT&, RangeT&&, FinderT) [with SequenceSequenceT = std::vector<std::__cxx11::basic_string<char> >; RangeT = const char*&; FinderT = boost::algorithm::detail::token_finderF<boost::algorithm::detail::is_any_ofF<char> >]’
/usr/local/lib/R/site-library/BH/include/boost/algorithm/string/split.hpp:158:50:   required from ‘SequenceSequenceT& boost::algorithm::split(SequenceSequenceT&, RangeT&&, PredicateT, boost::algorithm::token_compress_mode_type) [with SequenceSequenceT = std::vector<std::__cxx11::basic_string<char> >; RangeT = const char*&; PredicateT = boost::algorithm::detail::is_any_ofF<char>]’
cstrsplit.cc:14:15:   required from here
/usr/local/lib/R/site-library/BH/include/boost/concept/detail/general.hpp:50:47: warning: ‘this’ pointer is null [-Wnonnull]
   50 |     static void failed() { ((Model*)0)->~Model(); }
      |                            ~~~~~~~~~~~~~~~~~~~^~
In file included from /usr/local/lib/R/site-library/BH/include/boost/concept_check.hpp:31,
                 from /usr/local/lib/R/site-library/BH/include/boost/range/concepts.hpp:19,
                 from /usr/local/lib/R/site-library/BH/include/boost/range/size_type.hpp:20,
                 from /usr/local/lib/R/site-library/BH/include/boost/range/size.hpp:21,
                 from /usr/local/lib/R/site-library/BH/include/boost/range/functions.hpp:20,
                 from /usr/local/lib/R/site-library/BH/include/boost/range/iterator_range_core.hpp:38,
                 from /usr/local/lib/R/site-library/BH/include/boost/range/iterator_range.hpp:13,
                 from /usr/local/lib/R/site-library/BH/include/boost/range/as_literal.hpp:18,
                 from /usr/local/lib/R/site-library/BH/include/boost/algorithm/string/trim.hpp:19,
                 from /usr/local/lib/R/site-library/BH/include/boost/algorithm/string.hpp:19,
                 from cstrsplit.cc:7:
/usr/local/lib/R/site-library/BH/include/boost/concept/usage.hpp:20:5: note: in a call to non-static member function ‘boost::concepts::usage_requirements<Model>::~usage_requirements() [with Model = boost::range_detail::SinglePassIteratorConcept<const char*>]’
   20 |     ~usage_requirements() { ((Model*)0)->~Model(); }
      |     ^
In file included from /usr/local/lib/R/site-library/BH/include/boost/concept/assert.hpp:35,
                 from /usr/local/lib/R/site-library/BH/include/boost/concept_check.hpp:20,
                 from /usr/local/lib/R/site-library/BH/include/boost/range/concepts.hpp:19,
                 from /usr/local/lib/R/site-library/BH/include/boost/range/size_type.hpp:20,
                 from /usr/local/lib/R/site-library/BH/include/boost/range/size.hpp:21,
                 from /usr/local/lib/R/site-library/BH/include/boost/range/functions.hpp:20,
                 from /usr/local/lib/R/site-library/BH/include/boost/range/iterator_range_core.hpp:38,
                 from /usr/local/lib/R/site-library/BH/include/boost/range/iterator_range.hpp:13,
                 from /usr/local/lib/R/site-library/BH/include/boost/range/as_literal.hpp:18,
                 from /usr/local/lib/R/site-library/BH/include/boost/algorithm/string/trim.hpp:19,
                 from /usr/local/lib/R/site-library/BH/include/boost/algorithm/string.hpp:19,
                 from cstrsplit.cc:7:
/usr/local/lib/R/site-library/BH/include/boost/concept/detail/general.hpp: In instantiation of ‘static void boost::concepts::requirement<boost::concepts::failed************ Model::************>::failed() [with Model = boost::range_detail::SinglePassIteratorConcept<const char*>]’:
/usr/local/lib/R/site-library/BH/include/boost/range/concepts.hpp:278:9:   required from ‘struct boost::SinglePassRangeConcept<const boost::iterator_range<const char*> >’
/usr/local/lib/R/site-library/BH/include/boost/concept/detail/has_constraints.hpp:32:62:   required by substitution of ‘template<class Model> boost::concepts::detail::yes boost::concepts::detail::has_constraints_(Model*, boost::concepts::detail::wrap_constraints<Model, (& Model::constraints)>*) [with Model = boost::SinglePassRangeConcept<const boost::iterator_range<const char*> >]’
/usr/local/lib/R/site-library/BH/include/boost/concept/detail/has_constraints.hpp:42:5:   required from ‘const bool boost::concepts::not_satisfied<boost::SinglePassRangeConcept<const boost::iterator_range<const char*> > >::value’
/usr/local/lib/R/site-library/BH/include/boost/concept/detail/has_constraints.hpp:45:51:   required from ‘struct boost::concepts::not_satisfied<boost::SinglePassRangeConcept<const boost::iterator_range<const char*> > >’
/usr/local/lib/R/site-library/BH/include/boost/concept/detail/general.hpp:72:8:   required from ‘struct boost::concepts::requirement_<void (*)(boost::SinglePassRangeConcept<const boost::iterator_range<const char*> >)>’
/usr/local/lib/R/site-library/BH/include/boost/range/algorithm/equal.hpp:174:13:   [ skipping 7 instantiation contexts, use -ftemplate-backtrace-limit=0 to disable ]
/usr/local/lib/R/site-library/BH/include/boost/iterator/iterator_facade.hpp:982:3:   required from ‘typename boost::iterators::detail::enable_if_interoperable<Derived1, Derived2, typename boost::mpl::apply2<boost::iterators::detail::always_bool2, Derived1, Derived2>::type>::type boost::iterators::operator!=(const boost::iterators::iterator_facade<Derived1, V1, TC1, Reference1, Difference1>&, const boost::iterators::iterator_facade<Derived2, V2, TC2, Reference2, Difference2>&) [with Derived1 = boost::iterators::transform_iterator<boost::algorithm::detail::copy_iterator_rangeF<std::__cxx11::basic_string<char>, const char*>, boost::algorithm::split_iterator<const char*>, boost::use_default, boost::use_default>; V1 = std::__cxx11::basic_string<char>; TC1 = boost::iterators::forward_traversal_tag; Reference1 = std::__cxx11::basic_string<char>; Difference1 = long int; Derived2 = boost::iterators::transform_iterator<boost::algorithm::detail::copy_iterator_rangeF<std::__cxx11::basic_string<char>, const char*>, boost::algorithm::split_iterator<const char*>, boost::use_default, boost::use_default>; V2 = std::__cxx11::basic_string<char>; TC2 = boost::iterators::forward_traversal_tag; Reference2 = std::__cxx11::basic_string<char>; Difference2 = long int; typename boost::iterators::detail::enable_if_interoperable<Derived1, Derived2, typename boost::mpl::apply2<boost::iterators::detail::always_bool2, Derived1, Derived2>::type>::type = bool; typename boost::mpl::apply2<boost::iterators::detail::always_bool2, Derived1, Derived2>::type = bool]’
/usr/include/c++/11/bits/stl_vector.h:1562:21:   required from ‘void std::vector<_Tp, _Alloc>::_M_range_initialize(_InputIterator, _InputIterator, std::input_iterator_tag) [with _InputIterator = boost::iterators::transform_iterator<boost::algorithm::detail::copy_iterator_rangeF<std::__cxx11::basic_string<char>, const char*>, boost::algorithm::split_iterator<const char*>, boost::use_default, boost::use_default>; _Tp = std::__cxx11::basic_string<char>; _Alloc = std::allocator<std::__cxx11::basic_string<char> >]’
/usr/include/c++/11/bits/stl_vector.h:657:23:   required from ‘std::vector<_Tp, _Alloc>::vector(_InputIterator, _InputIterator, const allocator_type&) [with _InputIterator = boost::iterators::transform_iterator<boost::algorithm::detail::copy_iterator_rangeF<std::__cxx11::basic_string<char>, const char*>, boost::algorithm::split_iterator<const char*>, boost::use_default, boost::use_default>; <template-parameter-2-2> = void; _Tp = std::__cxx11::basic_string<char>; _Alloc = std::allocator<std::__cxx11::basic_string<char> >; std::vector<_Tp, _Alloc>::allocator_type = std::allocator<std::__cxx11::basic_string<char> >]’
/usr/local/lib/R/site-library/BH/include/boost/algorithm/string/iter_find.hpp:186:31:   required from ‘SequenceSequenceT& boost::algorithm::iter_split(SequenceSequenceT&, RangeT&&, FinderT) [with SequenceSequenceT = std::vector<std::__cxx11::basic_string<char> >; RangeT = const char*&; FinderT = boost::algorithm::detail::token_finderF<boost::algorithm::detail::is_any_ofF<char> >]’
/usr/local/lib/R/site-library/BH/include/boost/algorithm/string/split.hpp:158:50:   required from ‘SequenceSequenceT& boost::algorithm::split(SequenceSequenceT&, RangeT&&, PredicateT, boost::algorithm::token_compress_mode_type) [with SequenceSequenceT = std::vector<std::__cxx11::basic_string<char> >; RangeT = const char*&; PredicateT = boost::algorithm::detail::is_any_ofF<char>]’
cstrsplit.cc:14:15:   required from here
/usr/local/lib/R/site-library/BH/include/boost/concept/detail/general.hpp:50:47: warning: ‘this’ pointer is null [-Wnonnull]
   50 |     static void failed() { ((Model*)0)->~Model(); }
      |                            ~~~~~~~~~~~~~~~~~~~^~
In file included from /usr/local/lib/R/site-library/BH/include/boost/concept_check.hpp:31,
                 from /usr/local/lib/R/site-library/BH/include/boost/range/concepts.hpp:19,
                 from /usr/local/lib/R/site-library/BH/include/boost/range/size_type.hpp:20,
                 from /usr/local/lib/R/site-library/BH/include/boost/range/size.hpp:21,
                 from /usr/local/lib/R/site-library/BH/include/boost/range/functions.hpp:20,
                 from /usr/local/lib/R/site-library/BH/include/boost/range/iterator_range_core.hpp:38,
                 from /usr/local/lib/R/site-library/BH/include/boost/range/iterator_range.hpp:13,
                 from /usr/local/lib/R/site-library/BH/include/boost/range/as_literal.hpp:18,
                 from /usr/local/lib/R/site-library/BH/include/boost/algorithm/string/trim.hpp:19,
                 from /usr/local/lib/R/site-library/BH/include/boost/algorithm/string.hpp:19,
                 from cstrsplit.cc:7:
/usr/local/lib/R/site-library/BH/include/boost/concept/usage.hpp:37:7: note: in a call to non-static member function ‘boost::range_detail::SinglePassIteratorConcept<Iterator>::~SinglePassIteratorConcept() [with Iterator = const char*]’
   37 |       ~model()
      |       ^
/usr/local/lib/R/site-library/BH/include/boost/range/concepts.hpp:158:13: note: in expansion of macro ‘BOOST_CONCEPT_USAGE’
  158 |             BOOST_CONCEPT_USAGE(SinglePassIteratorConcept)
      |             ^~~~~~~~~~~~~~~~~~~
In file included from /usr/local/lib/R/site-library/BH/include/boost/concept/assert.hpp:35,
                 from /usr/local/lib/R/site-library/BH/include/boost/concept_check.hpp:20,
                 from /usr/local/lib/R/site-library/BH/include/boost/range/concepts.hpp:19,
                 from /usr/local/lib/R/site-library/BH/include/boost/range/size_type.hpp:20,
                 from /usr/local/lib/R/site-library/BH/include/boost/range/size.hpp:21,
                 from /usr/local/lib/R/site-library/BH/include/boost/range/functions.hpp:20,
                 from /usr/local/lib/R/site-library/BH/include/boost/range/iterator_range_core.hpp:38,
                 from /usr/local/lib/R/site-library/BH/include/boost/range/iterator_range.hpp:13,
                 from /usr/local/lib/R/site-library/BH/include/boost/range/as_literal.hpp:18,
                 from /usr/local/lib/R/site-library/BH/include/boost/algorithm/string/trim.hpp:19,
                 from /usr/local/lib/R/site-library/BH/include/boost/algorithm/string.hpp:19,
                 from cstrsplit.cc:7:
/usr/local/lib/R/site-library/BH/include/boost/concept/detail/general.hpp: In instantiation of ‘static void boost::concepts::requirement<boost::concepts::failed************ Model::************>::failed() [with Model = boost::concepts::usage_requirements<boost::SinglePassRangeConcept<const boost::iterator_range<const char*> > >]’:
/usr/local/lib/R/site-library/BH/include/boost/range/concepts.hpp:284:9:   required from ‘struct boost::SinglePassRangeConcept<const boost::iterator_range<const char*> >’
/usr/local/lib/R/site-library/BH/include/boost/concept/detail/has_constraints.hpp:32:62:   required by substitution of ‘template<class Model> boost::concepts::detail::yes boost::concepts::detail::has_constraints_(Model*, boost::concepts::detail::wrap_constraints<Model, (& Model::constraints)>*) [with Model = boost::SinglePassRangeConcept<const boost::iterator_range<const char*> >]’
/usr/local/lib/R/site-library/BH/include/boost/concept/detail/has_constraints.hpp:42:5:   required from ‘const bool boost::concepts::not_satisfied<boost::SinglePassRangeConcept<const boost::iterator_range<const char*> > >::value’
/usr/local/lib/R/site-library/BH/include/boost/concept/detail/has_constraints.hpp:45:51:   required from ‘struct boost::concepts::not_satisfied<boost::SinglePassRangeConcept<const boost::iterator_range<const char*> > >’
/usr/local/lib/R/site-library/BH/include/boost/concept/detail/general.hpp:72:8:   required from ‘struct boost::concepts::requirement_<void (*)(boost::SinglePassRangeConcept<const boost::iterator_range<const char*> >)>’
/usr/local/lib/R/site-library/BH/include/boost/range/algorithm/equal.hpp:174:13:   [ skipping 7 instantiation contexts, use -ftemplate-backtrace-limit=0 to disable ]
/usr/local/lib/R/site-library/BH/include/boost/iterator/iterator_facade.hpp:982:3:   required from ‘typename boost::iterators::detail::enable_if_interoperable<Derived1, Derived2, typename boost::mpl::apply2<boost::iterators::detail::always_bool2, Derived1, Derived2>::type>::type boost::iterators::operator!=(const boost::iterators::iterator_facade<Derived1, V1, TC1, Reference1, Difference1>&, const boost::iterators::iterator_facade<Derived2, V2, TC2, Reference2, Difference2>&) [with Derived1 = boost::iterators::transform_iterator<boost::algorithm::detail::copy_iterator_rangeF<std::__cxx11::basic_string<char>, const char*>, boost::algorithm::split_iterator<const char*>, boost::use_default, boost::use_default>; V1 = std::__cxx11::basic_string<char>; TC1 = boost::iterators::forward_traversal_tag; Reference1 = std::__cxx11::basic_string<char>; Difference1 = long int; Derived2 = boost::iterators::transform_iterator<boost::algorithm::detail::copy_iterator_rangeF<std::__cxx11::basic_string<char>, const char*>, boost::algorithm::split_iterator<const char*>, boost::use_default, boost::use_default>; V2 = std::__cxx11::basic_string<char>; TC2 = boost::iterators::forward_traversal_tag; Reference2 = std::__cxx11::basic_string<char>; Difference2 = long int; typename boost::iterators::detail::enable_if_interoperable<Derived1, Derived2, typename boost::mpl::apply2<boost::iterators::detail::always_bool2, Derived1, Derived2>::type>::type = bool; typename boost::mpl::apply2<boost::iterators::detail::always_bool2, Derived1, Derived2>::type = bool]’
/usr/include/c++/11/bits/stl_vector.h:1562:21:   required from ‘void std::vector<_Tp, _Alloc>::_M_range_initialize(_InputIterator, _InputIterator, std::input_iterator_tag) [with _InputIterator = boost::iterators::transform_iterator<boost::algorithm::detail::copy_iterator_rangeF<std::__cxx11::basic_string<char>, const char*>, boost::algorithm::split_iterator<const char*>, boost::use_default, boost::use_default>; _Tp = std::__cxx11::basic_string<char>; _Alloc = std::allocator<std::__cxx11::basic_string<char> >]’
/usr/include/c++/11/bits/stl_vector.h:657:23:   required from ‘std::vector<_Tp, _Alloc>::vector(_InputIterator, _InputIterator, const allocator_type&) [with _InputIterator = boost::iterators::transform_iterator<boost::algorithm::detail::copy_iterator_rangeF<std::__cxx11::basic_string<char>, const char*>, boost::algorithm::split_iterator<const char*>, boost::use_default, boost::use_default>; <template-parameter-2-2> = void; _Tp = std::__cxx11::basic_string<char>; _Alloc = std::allocator<std::__cxx11::basic_string<char> >; std::vector<_Tp, _Alloc>::allocator_type = std::allocator<std::__cxx11::basic_string<char> >]’
/usr/local/lib/R/site-library/BH/include/boost/algorithm/string/iter_find.hpp:186:31:   required from ‘SequenceSequenceT& boost::algorithm::iter_split(SequenceSequenceT&, RangeT&&, FinderT) [with SequenceSequenceT = std::vector<std::__cxx11::basic_string<char> >; RangeT = const char*&; FinderT = boost::algorithm::detail::token_finderF<boost::algorithm::detail::is_any_ofF<char> >]’
/usr/local/lib/R/site-library/BH/include/boost/algorithm/string/split.hpp:158:50:   required from ‘SequenceSequenceT& boost::algorithm::split(SequenceSequenceT&, RangeT&&, PredicateT, boost::algorithm::token_compress_mode_type) [with SequenceSequenceT = std::vector<std::__cxx11::basic_string<char> >; RangeT = const char*&; PredicateT = boost::algorithm::detail::is_any_ofF<char>]’
cstrsplit.cc:14:15:   required from here
/usr/local/lib/R/site-library/BH/include/boost/concept/detail/general.hpp:50:47: warning: ‘this’ pointer is null [-Wnonnull]
   50 |     static void failed() { ((Model*)0)->~Model(); }
      |                            ~~~~~~~~~~~~~~~~~~~^~
In file included from /usr/local/lib/R/site-library/BH/include/boost/concept_check.hpp:31,
                 from /usr/local/lib/R/site-library/BH/include/boost/range/concepts.hpp:19,
                 from /usr/local/lib/R/site-library/BH/include/boost/range/size_type.hpp:20,
                 from /usr/local/lib/R/site-library/BH/include/boost/range/size.hpp:21,
                 from /usr/local/lib/R/site-library/BH/include/boost/range/functions.hpp:20,
                 from /usr/local/lib/R/site-library/BH/include/boost/range/iterator_range_core.hpp:38,
                 from /usr/local/lib/R/site-library/BH/include/boost/range/iterator_range.hpp:13,
                 from /usr/local/lib/R/site-library/BH/include/boost/range/as_literal.hpp:18,
                 from /usr/local/lib/R/site-library/BH/include/boost/algorithm/string/trim.hpp:19,
                 from /usr/local/lib/R/site-library/BH/include/boost/algorithm/string.hpp:19,
                 from cstrsplit.cc:7:
/usr/local/lib/R/site-library/BH/include/boost/concept/usage.hpp:20:5: note: in a call to non-static member function ‘boost::concepts::usage_requirements<Model>::~usage_requirements() [with Model = boost::SinglePassRangeConcept<const boost::iterator_range<const char*> >]’
   20 |     ~usage_requirements() { ((Model*)0)->~Model(); }
      |     ^
In file included from /usr/local/lib/R/site-library/BH/include/boost/concept/assert.hpp:35,
                 from /usr/local/lib/R/site-library/BH/include/boost/concept_check.hpp:20,
                 from /usr/local/lib/R/site-library/BH/include/boost/range/concepts.hpp:19,
                 from /usr/local/lib/R/site-library/BH/include/boost/range/size_type.hpp:20,
                 from /usr/local/lib/R/site-library/BH/include/boost/range/size.hpp:21,
                 from /usr/local/lib/R/site-library/BH/include/boost/range/functions.hpp:20,
                 from /usr/local/lib/R/site-library/BH/include/boost/range/iterator_range_core.hpp:38,
                 from /usr/local/lib/R/site-library/BH/include/boost/range/iterator_range.hpp:13,
                 from /usr/local/lib/R/site-library/BH/include/boost/range/as_literal.hpp:18,
                 from /usr/local/lib/R/site-library/BH/include/boost/algorithm/string/trim.hpp:19,
                 from /usr/local/lib/R/site-library/BH/include/boost/algorithm/string.hpp:19,
                 from cstrsplit.cc:7:
/usr/local/lib/R/site-library/BH/include/boost/concept/detail/general.hpp: In instantiation of ‘static void boost::concepts::requirement<boost::concepts::failed************ Model::************>::failed() [with Model = boost::SinglePassRangeConcept<const boost::iterator_range<const char*> >]’:
/usr/local/lib/R/site-library/BH/include/boost/range/algorithm/equal.hpp:174:13:   required from ‘bool boost::range::equal(const SinglePassRange1&, const SinglePassRange2&) [with SinglePassRange1 = boost::iterator_range<const char*>; SinglePassRange2 = boost::iterator_range<const char*>]’
/usr/local/lib/R/site-library/BH/include/boost/range/iterator_range_core.hpp:644:32:   required from ‘bool boost::operator==(const boost::iterator_range<IteratorT>&, const boost::iterator_range<Iterator2T>&) [with Iterator1T = const char*; Iterator2T = const char*]’
/usr/local/lib/R/site-library/BH/include/boost/algorithm/string/find_iterator.hpp:359:32:   required from ‘bool boost::algorithm::split_iterator<IteratorT>::equal(const boost::algorithm::split_iterator<IteratorT>&) const [with IteratorT = const char*]’
/usr/local/lib/R/site-library/BH/include/boost/iterator/iterator_facade.hpp:649:26:   required from ‘static bool boost::iterators::iterator_core_access::equal(const Facade1&, const Facade2&, mpl_::true_) [with Facade1 = boost::algorithm::split_iterator<const char*>; Facade2 = boost::algorithm::split_iterator<const char*>; mpl_::true_ = mpl_::bool_<true>]’
/usr/local/lib/R/site-library/BH/include/boost/iterator/iterator_facade.hpp:981:3:   required from ‘typename boost::iterators::detail::enable_if_interoperable<Derived1, Derived2, typename boost::mpl::apply2<boost::iterators::detail::always_bool2, Derived1, Derived2>::type>::type boost::iterators::operator==(const boost::iterators::iterator_facade<Derived1, V1, TC1, Reference1, Difference1>&, const boost::iterators::iterator_facade<Derived2, V2, TC2, Reference2, Difference2>&) [with Derived1 = boost::algorithm::split_iterator<const char*>; V1 = const boost::iterator_range<const char*>; TC1 = boost::iterators::forward_traversal_tag; Reference1 = const boost::iterator_range<const char*>&; Difference1 = long int; Derived2 = boost::algorithm::split_iterator<const char*>; V2 = const boost::iterator_range<const char*>; TC2 = boost::iterators::forward_traversal_tag; Reference2 = const boost::iterator_range<const char*>&; Difference2 = long int; typename boost::iterators::detail::enable_if_interoperable<Derived1, Derived2, typename boost::mpl::apply2<boost::iterators::detail::always_bool2, Derived1, Derived2>::type>::type = bool; typename boost::mpl::apply2<boost::iterators::detail::always_bool2, Derived1, Derived2>::type = bool]’
/usr/local/lib/R/site-library/BH/include/boost/iterator/iterator_adaptor.hpp:305:29:   [ skipping 2 instantiation contexts, use -ftemplate-backtrace-limit=0 to disable ]
/usr/local/lib/R/site-library/BH/include/boost/iterator/iterator_facade.hpp:982:3:   required from ‘typename boost::iterators::detail::enable_if_interoperable<Derived1, Derived2, typename boost::mpl::apply2<boost::iterators::detail::always_bool2, Derived1, Derived2>::type>::type boost::iterators::operator!=(const boost::iterators::iterator_facade<Derived1, V1, TC1, Reference1, Difference1>&, const boost::iterators::iterator_facade<Derived2, V2, TC2, Reference2, Difference2>&) [with Derived1 = boost::iterators::transform_iterator<boost::algorithm::detail::copy_iterator_rangeF<std::__cxx11::basic_string<char>, const char*>, boost::algorithm::split_iterator<const char*>, boost::use_default, boost::use_default>; V1 = std::__cxx11::basic_string<char>; TC1 = boost::iterators::forward_traversal_tag; Reference1 = std::__cxx11::basic_string<char>; Difference1 = long int; Derived2 = boost::iterators::transform_iterator<boost::algorithm::detail::copy_iterator_rangeF<std::__cxx11::basic_string<char>, const char*>, boost::algorithm::split_iterator<const char*>, boost::use_default, boost::use_default>; V2 = std::__cxx11::basic_string<char>; TC2 = boost::iterators::forward_traversal_tag; Reference2 = std::__cxx11::basic_string<char>; Difference2 = long int; typename boost::iterators::detail::enable_if_interoperable<Derived1, Derived2, typename boost::mpl::apply2<boost::iterators::detail::always_bool2, Derived1, Derived2>::type>::type = bool; typename boost::mpl::apply2<boost::iterators::detail::always_bool2, Derived1, Derived2>::type = bool]’
/usr/include/c++/11/bits/stl_vector.h:1562:21:   required from ‘void std::vector<_Tp, _Alloc>::_M_range_initialize(_InputIterator, _InputIterator, std::input_iterator_tag) [with _InputIterator = boost::iterators::transform_iterator<boost::algorithm::detail::copy_iterator_rangeF<std::__cxx11::basic_string<char>, const char*>, boost::algorithm::split_iterator<const char*>, boost::use_default, boost::use_default>; _Tp = std::__cxx11::basic_string<char>; _Alloc = std::allocator<std::__cxx11::basic_string<char> >]’
/usr/include/c++/11/bits/stl_vector.h:657:23:   required from ‘std::vector<_Tp, _Alloc>::vector(_InputIterator, _InputIterator, const allocator_type&) [with _InputIterator = boost::iterators::transform_iterator<boost::algorithm::detail::copy_iterator_rangeF<std::__cxx11::basic_string<char>, const char*>, boost::algorithm::split_iterator<const char*>, boost::use_default, boost::use_default>; <template-parameter-2-2> = void; _Tp = std::__cxx11::basic_string<char>; _Alloc = std::allocator<std::__cxx11::basic_string<char> >; std::vector<_Tp, _Alloc>::allocator_type = std::allocator<std::__cxx11::basic_string<char> >]’
/usr/local/lib/R/site-library/BH/include/boost/algorithm/string/iter_find.hpp:186:31:   required from ‘SequenceSequenceT& boost::algorithm::iter_split(SequenceSequenceT&, RangeT&&, FinderT) [with SequenceSequenceT = std::vector<std::__cxx11::basic_string<char> >; RangeT = const char*&; FinderT = boost::algorithm::detail::token_finderF<boost::algorithm::detail::is_any_ofF<char> >]’
/usr/local/lib/R/site-library/BH/include/boost/algorithm/string/split.hpp:158:50:   required from ‘SequenceSequenceT& boost::algorithm::split(SequenceSequenceT&, RangeT&&, PredicateT, boost::algorithm::token_compress_mode_type) [with SequenceSequenceT = std::vector<std::__cxx11::basic_string<char> >; RangeT = const char*&; PredicateT = boost::algorithm::detail::is_any_ofF<char>]’
cstrsplit.cc:14:15:   required from here
/usr/local/lib/R/site-library/BH/include/boost/concept/detail/general.hpp:50:47: warning: ‘this’ pointer is null [-Wnonnull]
   50 |     static void failed() { ((Model*)0)->~Model(); }
      |                            ~~~~~~~~~~~~~~~~~~~^~
In file included from /usr/local/lib/R/site-library/BH/include/boost/concept_check.hpp:31,
                 from /usr/local/lib/R/site-library/BH/include/boost/range/concepts.hpp:19,
                 from /usr/local/lib/R/site-library/BH/include/boost/range/size_type.hpp:20,
                 from /usr/local/lib/R/site-library/BH/include/boost/range/size.hpp:21,
                 from /usr/local/lib/R/site-library/BH/include/boost/range/functions.hpp:20,
                 from /usr/local/lib/R/site-library/BH/include/boost/range/iterator_range_core.hpp:38,
                 from /usr/local/lib/R/site-library/BH/include/boost/range/iterator_range.hpp:13,
                 from /usr/local/lib/R/site-library/BH/include/boost/range/as_literal.hpp:18,
                 from /usr/local/lib/R/site-library/BH/include/boost/algorithm/string/trim.hpp:19,
                 from /usr/local/lib/R/site-library/BH/include/boost/algorithm/string.hpp:19,
                 from cstrsplit.cc:7:
/usr/local/lib/R/site-library/BH/include/boost/concept/usage.hpp:37:7: note: in a call to non-static member function ‘boost::SinglePassRangeConcept<T>::~SinglePassRangeConcept() [with T = const boost::iterator_range<const char*>]’
   37 |       ~model()
      |       ^
/usr/local/lib/R/site-library/BH/include/boost/range/concepts.hpp:284:9: note: in expansion of macro ‘BOOST_CONCEPT_USAGE’
  284 |         BOOST_CONCEPT_USAGE(SinglePassRangeConcept)
      |         ^~~~~~~~~~~~~~~~~~~
/usr/local/lib/R/site-library/BH/include/boost/concept/usage.hpp: In instantiation of ‘boost::concepts::usage_requirements<Model>::~usage_requirements() [with Model = boost::CopyConstructible<const char*>]’:
/usr/local/lib/R/site-library/BH/include/boost/concept/detail/general.hpp:50:47:   required from ‘static void boost::concepts::requirement<boost::concepts::failed************ Model::************>::failed() [with Model = boost::concepts::usage_requirements<boost::CopyConstructible<const char*> >]’
/usr/local/lib/R/site-library/BH/include/boost/concept_check.hpp:167:5:   required from ‘struct boost::CopyConstructible<const char*>’
/usr/local/lib/R/site-library/BH/include/boost/range/concepts.hpp:125:16:   required from ‘struct boost::range_detail::IncrementableIteratorConcept<const char*>’
/usr/local/lib/R/site-library/BH/include/boost/range/concepts.hpp:147:16:   required from ‘struct boost::range_detail::SinglePassIteratorConcept<const char*>’
/usr/local/lib/R/site-library/BH/include/boost/concept/detail/has_constraints.hpp:32:62:   required by substitution of ‘template<class Model> boost::concepts::detail::yes boost::concepts::detail::has_constraints_(Model*, boost::concepts::detail::wrap_constraints<Model, (& Model::constraints)>*) [with Model = boost::range_detail::SinglePassIteratorConcept<const char*>]’
/usr/local/lib/R/site-library/BH/include/boost/concept/detail/has_constraints.hpp:42:5:   [ skipping 15 instantiation contexts, use -ftemplate-backtrace-limit=0 to disable ]
/usr/local/lib/R/site-library/BH/include/boost/iterator/iterator_facade.hpp:982:3:   required from ‘typename boost::iterators::detail::enable_if_interoperable<Derived1, Derived2, typename boost::mpl::apply2<boost::iterators::detail::always_bool2, Derived1, Derived2>::type>::type boost::iterators::operator!=(const boost::iterators::iterator_facade<Derived1, V1, TC1, Reference1, Difference1>&, const boost::iterators::iterator_facade<Derived2, V2, TC2, Reference2, Difference2>&) [with Derived1 = boost::iterators::transform_iterator<boost::algorithm::detail::copy_iterator_rangeF<std::__cxx11::basic_string<char>, const char*>, boost::algorithm::split_iterator<const char*>, boost::use_default, boost::use_default>; V1 = std::__cxx11::basic_string<char>; TC1 = boost::iterators::forward_traversal_tag; Reference1 = std::__cxx11::basic_string<char>; Difference1 = long int; Derived2 = boost::iterators::transform_iterator<boost::algorithm::detail::copy_iterator_rangeF<std::__cxx11::basic_string<char>, const char*>, boost::algorithm::split_iterator<const char*>, boost::use_default, boost::use_default>; V2 = std::__cxx11::basic_string<char>; TC2 = boost::iterators::forward_traversal_tag; Reference2 = std::__cxx11::basic_string<char>; Difference2 = long int; typename boost::iterators::detail::enable_if_interoperable<Derived1, Derived2, typename boost::mpl::apply2<boost::iterators::detail::always_bool2, Derived1, Derived2>::type>::type = bool; typename boost::mpl::apply2<boost::iterators::detail::always_bool2, Derived1, Derived2>::type = bool]’
/usr/include/c++/11/bits/stl_vector.h:1562:21:   required from ‘void std::vector<_Tp, _Alloc>::_M_range_initialize(_InputIterator, _InputIterator, std::input_iterator_tag) [with _InputIterator = boost::iterators::transform_iterator<boost::algorithm::detail::copy_iterator_rangeF<std::__cxx11::basic_string<char>, const char*>, boost::algorithm::split_iterator<const char*>, boost::use_default, boost::use_default>; _Tp = std::__cxx11::basic_string<char>; _Alloc = std::allocator<std::__cxx11::basic_string<char> >]’
/usr/include/c++/11/bits/stl_vector.h:657:23:   required from ‘std::vector<_Tp, _Alloc>::vector(_InputIterator, _InputIterator, const allocator_type&) [with _InputIterator = boost::iterators::transform_iterator<boost::algorithm::detail::copy_iterator_rangeF<std::__cxx11::basic_string<char>, const char*>, boost::algorithm::split_iterator<const char*>, boost::use_default, boost::use_default>; <template-parameter-2-2> = void; _Tp = std::__cxx11::basic_string<char>; _Alloc = std::allocator<std::__cxx11::basic_string<char> >; std::vector<_Tp, _Alloc>::allocator_type = std::allocator<std::__cxx11::basic_string<char> >]’
/usr/local/lib/R/site-library/BH/include/boost/algorithm/string/iter_find.hpp:186:31:   required from ‘SequenceSequenceT& boost::algorithm::iter_split(SequenceSequenceT&, RangeT&&, FinderT) [with SequenceSequenceT = std::vector<std::__cxx11::basic_string<char> >; RangeT = const char*&; FinderT = boost::algorithm::detail::token_finderF<boost::algorithm::detail::is_any_ofF<char> >]’
/usr/local/lib/R/site-library/BH/include/boost/algorithm/string/split.hpp:158:50:   required from ‘SequenceSequenceT& boost::algorithm::split(SequenceSequenceT&, RangeT&&, PredicateT, boost::algorithm::token_compress_mode_type) [with SequenceSequenceT = std::vector<std::__cxx11::basic_string<char> >; RangeT = const char*&; PredicateT = boost::algorithm::detail::is_any_ofF<char>]’
cstrsplit.cc:14:15:   required from here
/usr/local/lib/R/site-library/BH/include/boost/concept/usage.hpp:20:48: warning: ‘this’ pointer is null [-Wnonnull]
   20 |     ~usage_requirements() { ((Model*)0)->~Model(); }
      |                             ~~~~~~~~~~~~~~~~~~~^~
/usr/local/lib/R/site-library/BH/include/boost/concept/usage.hpp:37:7: note: in a call to non-static member function ‘boost::CopyConstructible<TT>::~CopyConstructible() [with TT = const char*]’
   37 |       ~model()
      |       ^
/usr/local/lib/R/site-library/BH/include/boost/concept_check.hpp:167:5: note: in expansion of macro ‘BOOST_CONCEPT_USAGE’
  167 |     BOOST_CONCEPT_USAGE(CopyConstructible) {
      |     ^~~~~~~~~~~~~~~~~~~
/usr/local/lib/R/site-library/BH/include/boost/concept/usage.hpp: In instantiation of ‘boost::concepts::usage_requirements<Model>::~usage_requirements() [with Model = boost::Convertible<boost::iterators::random_access_traversal_tag, boost::iterators::incrementable_traversal_tag>]’:
/usr/local/lib/R/site-library/BH/include/boost/concept/detail/general.hpp:50:47:   required from ‘static void boost::concepts::requirement<boost::concepts::failed************ Model::************>::failed() [with Model = boost::concepts::usage_requirements<boost::Convertible<boost::iterators::random_access_traversal_tag, boost::iterators::incrementable_traversal_tag> >]’
/usr/local/lib/R/site-library/BH/include/boost/concept_check.hpp:208:5:   required from ‘struct boost::Convertible<boost::iterators::random_access_traversal_tag, boost::iterators::incrementable_traversal_tag>’
/usr/local/lib/R/site-library/BH/include/boost/concept/detail/has_constraints.hpp:32:62:   required by substitution of ‘template<class Model> boost::concepts::detail::yes boost::concepts::detail::has_constraints_(Model*, boost::concepts::detail::wrap_constraints<Model, (& Model::constraints)>*) [with Model = boost::Convertible<boost::iterators::random_access_traversal_tag, boost::iterators::incrementable_traversal_tag>]’
/usr/local/lib/R/site-library/BH/include/boost/concept/detail/has_constraints.hpp:42:5:   required from ‘const bool boost::concepts::not_satisfied<boost::Convertible<boost::iterators::random_access_traversal_tag, boost::iterators::incrementable_traversal_tag> >::value’
/usr/local/lib/R/site-library/BH/include/boost/concept/detail/has_constraints.hpp:45:51:   required from ‘struct boost::concepts::not_satisfied<boost::Convertible<boost::iterators::random_access_traversal_tag, boost::iterators::incrementable_traversal_tag> >’
/usr/local/lib/R/site-library/BH/include/boost/concept/detail/general.hpp:72:8:   [ skipping 19 instantiation contexts, use -ftemplate-backtrace-limit=0 to disable ]
/usr/local/lib/R/site-library/BH/include/boost/iterator/iterator_facade.hpp:982:3:   required from ‘typename boost::iterators::detail::enable_if_interoperable<Derived1, Derived2, typename boost::mpl::apply2<boost::iterators::detail::always_bool2, Derived1, Derived2>::type>::type boost::iterators::operator!=(const boost::iterators::iterator_facade<Derived1, V1, TC1, Reference1, Difference1>&, const boost::iterators::iterator_facade<Derived2, V2, TC2, Reference2, Difference2>&) [with Derived1 = boost::iterators::transform_iterator<boost::algorithm::detail::copy_iterator_rangeF<std::__cxx11::basic_string<char>, const char*>, boost::algorithm::split_iterator<const char*>, boost::use_default, boost::use_default>; V1 = std::__cxx11::basic_string<char>; TC1 = boost::iterators::forward_traversal_tag; Reference1 = std::__cxx11::basic_string<char>; Difference1 = long int; Derived2 = boost::iterators::transform_iterator<boost::algorithm::detail::copy_iterator_rangeF<std::__cxx11::basic_string<char>, const char*>, boost::algorithm::split_iterator<const char*>, boost::use_default, boost::use_default>; V2 = std::__cxx11::basic_string<char>; TC2 = boost::iterators::forward_traversal_tag; Reference2 = std::__cxx11::basic_string<char>; Difference2 = long int; typename boost::iterators::detail::enable_if_interoperable<Derived1, Derived2, typename boost::mpl::apply2<boost::iterators::detail::always_bool2, Derived1, Derived2>::type>::type = bool; typename boost::mpl::apply2<boost::iterators::detail::always_bool2, Derived1, Derived2>::type = bool]’
/usr/include/c++/11/bits/stl_vector.h:1562:21:   required from ‘void std::vector<_Tp, _Alloc>::_M_range_initialize(_InputIterator, _InputIterator, std::input_iterator_tag) [with _InputIterator = boost::iterators::transform_iterator<boost::algorithm::detail::copy_iterator_rangeF<std::__cxx11::basic_string<char>, const char*>, boost::algorithm::split_iterator<const char*>, boost::use_default, boost::use_default>; _Tp = std::__cxx11::basic_string<char>; _Alloc = std::allocator<std::__cxx11::basic_string<char> >]’
/usr/include/c++/11/bits/stl_vector.h:657:23:   required from ‘std::vector<_Tp, _Alloc>::vector(_InputIterator, _InputIterator, const allocator_type&) [with _InputIterator = boost::iterators::transform_iterator<boost::algorithm::detail::copy_iterator_rangeF<std::__cxx11::basic_string<char>, const char*>, boost::algorithm::split_iterator<const char*>, boost::use_default, boost::use_default>; <template-parameter-2-2> = void; _Tp = std::__cxx11::basic_string<char>; _Alloc = std::allocator<std::__cxx11::basic_string<char> >; std::vector<_Tp, _Alloc>::allocator_type = std::allocator<std::__cxx11::basic_string<char> >]’
/usr/local/lib/R/site-library/BH/include/boost/algorithm/string/iter_find.hpp:186:31:   required from ‘SequenceSequenceT& boost::algorithm::iter_split(SequenceSequenceT&, RangeT&&, FinderT) [with SequenceSequenceT = std::vector<std::__cxx11::basic_string<char> >; RangeT = const char*&; FinderT = boost::algorithm::detail::token_finderF<boost::algorithm::detail::is_any_ofF<char> >]’
/usr/local/lib/R/site-library/BH/include/boost/algorithm/string/split.hpp:158:50:   required from ‘SequenceSequenceT& boost::algorithm::split(SequenceSequenceT&, RangeT&&, PredicateT, boost::algorithm::token_compress_mode_type) [with SequenceSequenceT = std::vector<std::__cxx11::basic_string<char> >; RangeT = const char*&; PredicateT = boost::algorithm::detail::is_any_ofF<char>]’
cstrsplit.cc:14:15:   required from here
/usr/local/lib/R/site-library/BH/include/boost/concept/usage.hpp:20:48: warning: ‘this’ pointer is null [-Wnonnull]
   20 |     ~usage_requirements() { ((Model*)0)->~Model(); }
      |                             ~~~~~~~~~~~~~~~~~~~^~
/usr/local/lib/R/site-library/BH/include/boost/concept/usage.hpp:37:7: note: in a call to non-static member function ‘boost::Convertible<X, Y>::~Convertible() [with X = boost::iterators::random_access_traversal_tag; Y = boost::iterators::incrementable_traversal_tag]’
   37 |       ~model()
      |       ^
/usr/local/lib/R/site-library/BH/include/boost/concept_check.hpp:208:5: note: in expansion of macro ‘BOOST_CONCEPT_USAGE’
  208 |     BOOST_CONCEPT_USAGE(Convertible) {
      |     ^~~~~~~~~~~~~~~~~~~
/usr/local/lib/R/site-library/BH/include/boost/concept/usage.hpp: In instantiation of ‘boost::concepts::usage_requirements<Model>::~usage_requirements() [with Model = boost::range_detail::IncrementableIteratorConcept<const char*>]’:
/usr/local/lib/R/site-library/BH/include/boost/concept/detail/general.hpp:50:47:   required from ‘static void boost::concepts::requirement<boost::concepts::failed************ Model::************>::failed() [with Model = boost::concepts::usage_requirements<boost::range_detail::IncrementableIteratorConcept<const char*> >]’
/usr/local/lib/R/site-library/BH/include/boost/range/concepts.hpp:136:13:   required from ‘struct boost::range_detail::IncrementableIteratorConcept<const char*>’
/usr/local/lib/R/site-library/BH/include/boost/range/concepts.hpp:147:16:   required from ‘struct boost::range_detail::SinglePassIteratorConcept<const char*>’
/usr/local/lib/R/site-library/BH/include/boost/concept/detail/has_constraints.hpp:32:62:   required by substitution of ‘template<class Model> boost::concepts::detail::yes boost::concepts::detail::has_constraints_(Model*, boost::concepts::detail::wrap_constraints<Model, (& Model::constraints)>*) [with Model = boost::range_detail::SinglePassIteratorConcept<const char*>]’
/usr/local/lib/R/site-library/BH/include/boost/concept/detail/has_constraints.hpp:42:5:   required from ‘const bool boost::concepts::not_satisfied<boost::range_detail::SinglePassIteratorConcept<const char*> >::value’
/usr/local/lib/R/site-library/BH/include/boost/concept/detail/has_constraints.hpp:45:51:   [ skipping 14 instantiation contexts, use -ftemplate-backtrace-limit=0 to disable ]
/usr/local/lib/R/site-library/BH/include/boost/iterator/iterator_facade.hpp:982:3:   required from ‘typename boost::iterators::detail::enable_if_interoperable<Derived1, Derived2, typename boost::mpl::apply2<boost::iterators::detail::always_bool2, Derived1, Derived2>::type>::type boost::iterators::operator!=(const boost::iterators::iterator_facade<Derived1, V1, TC1, Reference1, Difference1>&, const boost::iterators::iterator_facade<Derived2, V2, TC2, Reference2, Difference2>&) [with Derived1 = boost::iterators::transform_iterator<boost::algorithm::detail::copy_iterator_rangeF<std::__cxx11::basic_string<char>, const char*>, boost::algorithm::split_iterator<const char*>, boost::use_default, boost::use_default>; V1 = std::__cxx11::basic_string<char>; TC1 = boost::iterators::forward_traversal_tag; Reference1 = std::__cxx11::basic_string<char>; Difference1 = long int; Derived2 = boost::iterators::transform_iterator<boost::algorithm::detail::copy_iterator_rangeF<std::__cxx11::basic_string<char>, const char*>, boost::algorithm::split_iterator<const char*>, boost::use_default, boost::use_default>; V2 = std::__cxx11::basic_string<char>; TC2 = boost::iterators::forward_traversal_tag; Reference2 = std::__cxx11::basic_string<char>; Difference2 = long int; typename boost::iterators::detail::enable_if_interoperable<Derived1, Derived2, typename boost::mpl::apply2<boost::iterators::detail::always_bool2, Derived1, Derived2>::type>::type = bool; typename boost::mpl::apply2<boost::iterators::detail::always_bool2, Derived1, Derived2>::type = bool]’
/usr/include/c++/11/bits/stl_vector.h:1562:21:   required from ‘void std::vector<_Tp, _Alloc>::_M_range_initialize(_InputIterator, _InputIterator, std::input_iterator_tag) [with _InputIterator = boost::iterators::transform_iterator<boost::algorithm::detail::copy_iterator_rangeF<std::__cxx11::basic_string<char>, const char*>, boost::algorithm::split_iterator<const char*>, boost::use_default, boost::use_default>; _Tp = std::__cxx11::basic_string<char>; _Alloc = std::allocator<std::__cxx11::basic_string<char> >]’
/usr/include/c++/11/bits/stl_vector.h:657:23:   required from ‘std::vector<_Tp, _Alloc>::vector(_InputIterator, _InputIterator, const allocator_type&) [with _InputIterator = boost::iterators::transform_iterator<boost::algorithm::detail::copy_iterator_rangeF<std::__cxx11::basic_string<char>, const char*>, boost::algorithm::split_iterator<const char*>, boost::use_default, boost::use_default>; <template-parameter-2-2> = void; _Tp = std::__cxx11::basic_string<char>; _Alloc = std::allocator<std::__cxx11::basic_string<char> >; std::vector<_Tp, _Alloc>::allocator_type = std::allocator<std::__cxx11::basic_string<char> >]’
/usr/local/lib/R/site-library/BH/include/boost/algorithm/string/iter_find.hpp:186:31:   required from ‘SequenceSequenceT& boost::algorithm::iter_split(SequenceSequenceT&, RangeT&&, FinderT) [with SequenceSequenceT = std::vector<std::__cxx11::basic_string<char> >; RangeT = const char*&; FinderT = boost::algorithm::detail::token_finderF<boost::algorithm::detail::is_any_ofF<char> >]’
/usr/local/lib/R/site-library/BH/include/boost/algorithm/string/split.hpp:158:50:   required from ‘SequenceSequenceT& boost::algorithm::split(SequenceSequenceT&, RangeT&&, PredicateT, boost::algorithm::token_compress_mode_type) [with SequenceSequenceT = std::vector<std::__cxx11::basic_string<char> >; RangeT = const char*&; PredicateT = boost::algorithm::detail::is_any_ofF<char>]’
cstrsplit.cc:14:15:   required from here
/usr/local/lib/R/site-library/BH/include/boost/concept/usage.hpp:20:48: warning: ‘this’ pointer is null [-Wnonnull]
   20 |     ~usage_requirements() { ((Model*)0)->~Model(); }
      |                             ~~~~~~~~~~~~~~~~~~~^~
/usr/local/lib/R/site-library/BH/include/boost/concept/usage.hpp:37:7: note: in a call to non-static member function ‘boost::range_detail::IncrementableIteratorConcept<Iterator>::~IncrementableIteratorConcept() [with Iterator = const char*]’
   37 |       ~model()
      |       ^
/usr/local/lib/R/site-library/BH/include/boost/range/concepts.hpp:136:13: note: in expansion of macro ‘BOOST_CONCEPT_USAGE’
  136 |             BOOST_CONCEPT_USAGE(IncrementableIteratorConcept)
      |             ^~~~~~~~~~~~~~~~~~~
/usr/local/lib/R/site-library/BH/include/boost/concept/usage.hpp: In instantiation of ‘boost::concepts::usage_requirements<Model>::~usage_requirements() [with Model = boost::EqualityComparable<const char*>]’:
/usr/local/lib/R/site-library/BH/include/boost/concept/detail/general.hpp:50:47:   required from ‘static void boost::concepts::requirement<boost::concepts::failed************ Model::************>::failed() [with Model = boost::concepts::usage_requirements<boost::EqualityComparable<const char*> >]’
/usr/local/lib/R/site-library/BH/include/boost/concept_check.hpp:233:5:   required from ‘struct boost::EqualityComparable<const char*>’
/usr/local/lib/R/site-library/BH/include/boost/range/concepts.hpp:147:16:   required from ‘struct boost::range_detail::SinglePassIteratorConcept<const char*>’
/usr/local/lib/R/site-library/BH/include/boost/concept/detail/has_constraints.hpp:32:62:   required by substitution of ‘template<class Model> boost::concepts::detail::yes boost::concepts::detail::has_constraints_(Model*, boost::concepts::detail::wrap_constraints<Model, (& Model::constraints)>*) [with Model = boost::range_detail::SinglePassIteratorConcept<const char*>]’
/usr/local/lib/R/site-library/BH/include/boost/concept/detail/has_constraints.hpp:42:5:   required from ‘const bool boost::concepts::not_satisfied<boost::range_detail::SinglePassIteratorConcept<const char*> >::value’
/usr/local/lib/R/site-library/BH/include/boost/concept/detail/has_constraints.hpp:45:51:   [ skipping 14 instantiation contexts, use -ftemplate-backtrace-limit=0 to disable ]
/usr/local/lib/R/site-library/BH/include/boost/iterator/iterator_facade.hpp:982:3:   required from ‘typename boost::iterators::detail::enable_if_interoperable<Derived1, Derived2, typename boost::mpl::apply2<boost::iterators::detail::always_bool2, Derived1, Derived2>::type>::type boost::iterators::operator!=(const boost::iterators::iterator_facade<Derived1, V1, TC1, Reference1, Difference1>&, const boost::iterators::iterator_facade<Derived2, V2, TC2, Reference2, Difference2>&) [with Derived1 = boost::iterators::transform_iterator<boost::algorithm::detail::copy_iterator_rangeF<std::__cxx11::basic_string<char>, const char*>, boost::algorithm::split_iterator<const char*>, boost::use_default, boost::use_default>; V1 = std::__cxx11::basic_string<char>; TC1 = boost::iterators::forward_traversal_tag; Reference1 = std::__cxx11::basic_string<char>; Difference1 = long int; Derived2 = boost::iterators::transform_iterator<boost::algorithm::detail::copy_iterator_rangeF<std::__cxx11::basic_string<char>, const char*>, boost::algorithm::split_iterator<const char*>, boost::use_default, boost::use_default>; V2 = std::__cxx11::basic_string<char>; TC2 = boost::iterators::forward_traversal_tag; Reference2 = std::__cxx11::basic_string<char>; Difference2 = long int; typename boost::iterators::detail::enable_if_interoperable<Derived1, Derived2, typename boost::mpl::apply2<boost::iterators::detail::always_bool2, Derived1, Derived2>::type>::type = bool; typename boost::mpl::apply2<boost::iterators::detail::always_bool2, Derived1, Derived2>::type = bool]’
/usr/include/c++/11/bits/stl_vector.h:1562:21:   required from ‘void std::vector<_Tp, _Alloc>::_M_range_initialize(_InputIterator, _InputIterator, std::input_iterator_tag) [with _InputIterator = boost::iterators::transform_iterator<boost::algorithm::detail::copy_iterator_rangeF<std::__cxx11::basic_string<char>, const char*>, boost::algorithm::split_iterator<const char*>, boost::use_default, boost::use_default>; _Tp = std::__cxx11::basic_string<char>; _Alloc = std::allocator<std::__cxx11::basic_string<char> >]’
/usr/include/c++/11/bits/stl_vector.h:657:23:   required from ‘std::vector<_Tp, _Alloc>::vector(_InputIterator, _InputIterator, const allocator_type&) [with _InputIterator = boost::iterators::transform_iterator<boost::algorithm::detail::copy_iterator_rangeF<std::__cxx11::basic_string<char>, const char*>, boost::algorithm::split_iterator<const char*>, boost::use_default, boost::use_default>; <template-parameter-2-2> = void; _Tp = std::__cxx11::basic_string<char>; _Alloc = std::allocator<std::__cxx11::basic_string<char> >; std::vector<_Tp, _Alloc>::allocator_type = std::allocator<std::__cxx11::basic_string<char> >]’
/usr/local/lib/R/site-library/BH/include/boost/algorithm/string/iter_find.hpp:186:31:   required from ‘SequenceSequenceT& boost::algorithm::iter_split(SequenceSequenceT&, RangeT&&, FinderT) [with SequenceSequenceT = std::vector<std::__cxx11::basic_string<char> >; RangeT = const char*&; FinderT = boost::algorithm::detail::token_finderF<boost::algorithm::detail::is_any_ofF<char> >]’
/usr/local/lib/R/site-library/BH/include/boost/algorithm/string/split.hpp:158:50:   required from ‘SequenceSequenceT& boost::algorithm::split(SequenceSequenceT&, RangeT&&, PredicateT, boost::algorithm::token_compress_mode_type) [with SequenceSequenceT = std::vector<std::__cxx11::basic_string<char> >; RangeT = const char*&; PredicateT = boost::algorithm::detail::is_any_ofF<char>]’
cstrsplit.cc:14:15:   required from here
/usr/local/lib/R/site-library/BH/include/boost/concept/usage.hpp:20:48: warning: ‘this’ pointer is null [-Wnonnull]
   20 |     ~usage_requirements() { ((Model*)0)->~Model(); }
      |                             ~~~~~~~~~~~~~~~~~~~^~
/usr/local/lib/R/site-library/BH/include/boost/concept/usage.hpp:37:7: note: in a call to non-static member function ‘boost::EqualityComparable<TT>::~EqualityComparable() [with TT = const char*]’
   37 |       ~model()
      |       ^
/usr/local/lib/R/site-library/BH/include/boost/concept_check.hpp:233:5: note: in expansion of macro ‘BOOST_CONCEPT_USAGE’
  233 |     BOOST_CONCEPT_USAGE(EqualityComparable) {
      |     ^~~~~~~~~~~~~~~~~~~
/usr/local/lib/R/site-library/BH/include/boost/concept/usage.hpp: In instantiation of ‘boost::concepts::usage_requirements<Model>::~usage_requirements() [with Model = boost::Convertible<boost::iterators::random_access_traversal_tag, boost::iterators::single_pass_traversal_tag>]’:
/usr/local/lib/R/site-library/BH/include/boost/concept/detail/general.hpp:50:47:   required from ‘static void boost::concepts::requirement<boost::concepts::failed************ Model::************>::failed() [with Model = boost::concepts::usage_requirements<boost::Convertible<boost::iterators::random_access_traversal_tag, boost::iterators::single_pass_traversal_tag> >]’
/usr/local/lib/R/site-library/BH/include/boost/concept_check.hpp:208:5:   required from ‘struct boost::Convertible<boost::iterators::random_access_traversal_tag, boost::iterators::single_pass_traversal_tag>’
/usr/local/lib/R/site-library/BH/include/boost/concept/detail/has_constraints.hpp:32:62:   required by substitution of ‘template<class Model> boost::concepts::detail::yes boost::concepts::detail::has_constraints_(Model*, boost::concepts::detail::wrap_constraints<Model, (& Model::constraints)>*) [with Model = boost::Convertible<boost::iterators::random_access_traversal_tag, boost::iterators::single_pass_traversal_tag>]’
/usr/local/lib/R/site-library/BH/include/boost/concept/detail/has_constraints.hpp:42:5:   required from ‘const bool boost::concepts::not_satisfied<boost::Convertible<boost::iterators::random_access_traversal_tag, boost::iterators::single_pass_traversal_tag> >::value’
/usr/local/lib/R/site-library/BH/include/boost/concept/detail/has_constraints.hpp:45:51:   required from ‘struct boost::concepts::not_satisfied<boost::Convertible<boost::iterators::random_access_traversal_tag, boost::iterators::single_pass_traversal_tag> >’
/usr/local/lib/R/site-library/BH/include/boost/concept/detail/general.hpp:72:8:   [ skipping 18 instantiation contexts, use -ftemplate-backtrace-limit=0 to disable ]
/usr/local/lib/R/site-library/BH/include/boost/iterator/iterator_facade.hpp:982:3:   required from ‘typename boost::iterators::detail::enable_if_interoperable<Derived1, Derived2, typename boost::mpl::apply2<boost::iterators::detail::always_bool2, Derived1, Derived2>::type>::type boost::iterators::operator!=(const boost::iterators::iterator_facade<Derived1, V1, TC1, Reference1, Difference1>&, const boost::iterators::iterator_facade<Derived2, V2, TC2, Reference2, Difference2>&) [with Derived1 = boost::iterators::transform_iterator<boost::algorithm::detail::copy_iterator_rangeF<std::__cxx11::basic_string<char>, const char*>, boost::algorithm::split_iterator<const char*>, boost::use_default, boost::use_default>; V1 = std::__cxx11::basic_string<char>; TC1 = boost::iterators::forward_traversal_tag; Reference1 = std::__cxx11::basic_string<char>; Difference1 = long int; Derived2 = boost::iterators::transform_iterator<boost::algorithm::detail::copy_iterator_rangeF<std::__cxx11::basic_string<char>, const char*>, boost::algorithm::split_iterator<const char*>, boost::use_default, boost::use_default>; V2 = std::__cxx11::basic_string<char>; TC2 = boost::iterators::forward_traversal_tag; Reference2 = std::__cxx11::basic_string<char>; Difference2 = long int; typename boost::iterators::detail::enable_if_interoperable<Derived1, Derived2, typename boost::mpl::apply2<boost::iterators::detail::always_bool2, Derived1, Derived2>::type>::type = bool; typename boost::mpl::apply2<boost::iterators::detail::always_bool2, Derived1, Derived2>::type = bool]’
/usr/include/c++/11/bits/stl_vector.h:1562:21:   required from ‘void std::vector<_Tp, _Alloc>::_M_range_initialize(_InputIterator, _InputIterator, std::input_iterator_tag) [with _InputIterator = boost::iterators::transform_iterator<boost::algorithm::detail::copy_iterator_rangeF<std::__cxx11::basic_string<char>, const char*>, boost::algorithm::split_iterator<const char*>, boost::use_default, boost::use_default>; _Tp = std::__cxx11::basic_string<char>; _Alloc = std::allocator<std::__cxx11::basic_string<char> >]’
/usr/include/c++/11/bits/stl_vector.h:657:23:   required from ‘std::vector<_Tp, _Alloc>::vector(_InputIterator, _InputIterator, const allocator_type&) [with _InputIterator = boost::iterators::transform_iterator<boost::algorithm::detail::copy_iterator_rangeF<std::__cxx11::basic_string<char>, const char*>, boost::algorithm::split_iterator<const char*>, boost::use_default, boost::use_default>; <template-parameter-2-2> = void; _Tp = std::__cxx11::basic_string<char>; _Alloc = std::allocator<std::__cxx11::basic_string<char> >; std::vector<_Tp, _Alloc>::allocator_type = std::allocator<std::__cxx11::basic_string<char> >]’
/usr/local/lib/R/site-library/BH/include/boost/algorithm/string/iter_find.hpp:186:31:   required from ‘SequenceSequenceT& boost::algorithm::iter_split(SequenceSequenceT&, RangeT&&, FinderT) [with SequenceSequenceT = std::vector<std::__cxx11::basic_string<char> >; RangeT = const char*&; FinderT = boost::algorithm::detail::token_finderF<boost::algorithm::detail::is_any_ofF<char> >]’
/usr/local/lib/R/site-library/BH/include/boost/algorithm/string/split.hpp:158:50:   required from ‘SequenceSequenceT& boost::algorithm::split(SequenceSequenceT&, RangeT&&, PredicateT, boost::algorithm::token_compress_mode_type) [with SequenceSequenceT = std::vector<std::__cxx11::basic_string<char> >; RangeT = const char*&; PredicateT = boost::algorithm::detail::is_any_ofF<char>]’
cstrsplit.cc:14:15:   required from here
/usr/local/lib/R/site-library/BH/include/boost/concept/usage.hpp:20:48: warning: ‘this’ pointer is null [-Wnonnull]
   20 |     ~usage_requirements() { ((Model*)0)->~Model(); }
      |                             ~~~~~~~~~~~~~~~~~~~^~
/usr/local/lib/R/site-library/BH/include/boost/concept/usage.hpp:37:7: note: in a call to non-static member function ‘boost::Convertible<X, Y>::~Convertible() [with X = boost::iterators::random_access_traversal_tag; Y = boost::iterators::single_pass_traversal_tag]’
   37 |       ~model()
      |       ^
/usr/local/lib/R/site-library/BH/include/boost/concept_check.hpp:208:5: note: in expansion of macro ‘BOOST_CONCEPT_USAGE’
  208 |     BOOST_CONCEPT_USAGE(Convertible) {
      |     ^~~~~~~~~~~~~~~~~~~
/usr/local/lib/R/site-library/BH/include/boost/concept/usage.hpp: In instantiation of ‘boost::concepts::usage_requirements<Model>::~usage_requirements() [with Model = boost::range_detail::SinglePassIteratorConcept<const char*>]’:
/usr/local/lib/R/site-library/BH/include/boost/concept/detail/general.hpp:50:47:   required from ‘static void boost::concepts::requirement<boost::concepts::failed************ Model::************>::failed() [with Model = boost::concepts::usage_requirements<boost::range_detail::SinglePassIteratorConcept<const char*> >]’
/usr/local/lib/R/site-library/BH/include/boost/range/concepts.hpp:158:13:   required from ‘struct boost::range_detail::SinglePassIteratorConcept<const char*>’
/usr/local/lib/R/site-library/BH/include/boost/concept/detail/has_constraints.hpp:32:62:   required by substitution of ‘template<class Model> boost::concepts::detail::yes boost::concepts::detail::has_constraints_(Model*, boost::concepts::detail::wrap_constraints<Model, (& Model::constraints)>*) [with Model = boost::range_detail::SinglePassIteratorConcept<const char*>]’
/usr/local/lib/R/site-library/BH/include/boost/concept/detail/has_constraints.hpp:42:5:   required from ‘const bool boost::concepts::not_satisfied<boost::range_detail::SinglePassIteratorConcept<const char*> >::value’
/usr/local/lib/R/site-library/BH/include/boost/concept/detail/has_constraints.hpp:45:51:   required from ‘struct boost::concepts::not_satisfied<boost::range_detail::SinglePassIteratorConcept<const char*> >’
/usr/local/lib/R/site-library/BH/include/boost/concept/detail/general.hpp:72:8:   [ skipping 13 instantiation contexts, use -ftemplate-backtrace-limit=0 to disable ]
/usr/local/lib/R/site-library/BH/include/boost/iterator/iterator_facade.hpp:982:3:   required from ‘typename boost::iterators::detail::enable_if_interoperable<Derived1, Derived2, typename boost::mpl::apply2<boost::iterators::detail::always_bool2, Derived1, Derived2>::type>::type boost::iterators::operator!=(const boost::iterators::iterator_facade<Derived1, V1, TC1, Reference1, Difference1>&, const boost::iterators::iterator_facade<Derived2, V2, TC2, Reference2, Difference2>&) [with Derived1 = boost::iterators::transform_iterator<boost::algorithm::detail::copy_iterator_rangeF<std::__cxx11::basic_string<char>, const char*>, boost::algorithm::split_iterator<const char*>, boost::use_default, boost::use_default>; V1 = std::__cxx11::basic_string<char>; TC1 = boost::iterators::forward_traversal_tag; Reference1 = std::__cxx11::basic_string<char>; Difference1 = long int; Derived2 = boost::iterators::transform_iterator<boost::algorithm::detail::copy_iterator_rangeF<std::__cxx11::basic_string<char>, const char*>, boost::algorithm::split_iterator<const char*>, boost::use_default, boost::use_default>; V2 = std::__cxx11::basic_string<char>; TC2 = boost::iterators::forward_traversal_tag; Reference2 = std::__cxx11::basic_string<char>; Difference2 = long int; typename boost::iterators::detail::enable_if_interoperable<Derived1, Derived2, typename boost::mpl::apply2<boost::iterators::detail::always_bool2, Derived1, Derived2>::type>::type = bool; typename boost::mpl::apply2<boost::iterators::detail::always_bool2, Derived1, Derived2>::type = bool]’
/usr/include/c++/11/bits/stl_vector.h:1562:21:   required from ‘void std::vector<_Tp, _Alloc>::_M_range_initialize(_InputIterator, _InputIterator, std::input_iterator_tag) [with _InputIterator = boost::iterators::transform_iterator<boost::algorithm::detail::copy_iterator_rangeF<std::__cxx11::basic_string<char>, const char*>, boost::algorithm::split_iterator<const char*>, boost::use_default, boost::use_default>; _Tp = std::__cxx11::basic_string<char>; _Alloc = std::allocator<std::__cxx11::basic_string<char> >]’
/usr/include/c++/11/bits/stl_vector.h:657:23:   required from ‘std::vector<_Tp, _Alloc>::vector(_InputIterator, _InputIterator, const allocator_type&) [with _InputIterator = boost::iterators::transform_iterator<boost::algorithm::detail::copy_iterator_rangeF<std::__cxx11::basic_string<char>, const char*>, boost::algorithm::split_iterator<const char*>, boost::use_default, boost::use_default>; <template-parameter-2-2> = void; _Tp = std::__cxx11::basic_string<char>; _Alloc = std::allocator<std::__cxx11::basic_string<char> >; std::vector<_Tp, _Alloc>::allocator_type = std::allocator<std::__cxx11::basic_string<char> >]’
/usr/local/lib/R/site-library/BH/include/boost/algorithm/string/iter_find.hpp:186:31:   required from ‘SequenceSequenceT& boost::algorithm::iter_split(SequenceSequenceT&, RangeT&&, FinderT) [with SequenceSequenceT = std::vector<std::__cxx11::basic_string<char> >; RangeT = const char*&; FinderT = boost::algorithm::detail::token_finderF<boost::algorithm::detail::is_any_ofF<char> >]’
/usr/local/lib/R/site-library/BH/include/boost/algorithm/string/split.hpp:158:50:   required from ‘SequenceSequenceT& boost::algorithm::split(SequenceSequenceT&, RangeT&&, PredicateT, boost::algorithm::token_compress_mode_type) [with SequenceSequenceT = std::vector<std::__cxx11::basic_string<char> >; RangeT = const char*&; PredicateT = boost::algorithm::detail::is_any_ofF<char>]’
cstrsplit.cc:14:15:   required from here
/usr/local/lib/R/site-library/BH/include/boost/concept/usage.hpp:20:48: warning: ‘this’ pointer is null [-Wnonnull]
   20 |     ~usage_requirements() { ((Model*)0)->~Model(); }
      |                             ~~~~~~~~~~~~~~~~~~~^~
/usr/local/lib/R/site-library/BH/include/boost/concept/usage.hpp:37:7: note: in a call to non-static member function ‘boost::range_detail::SinglePassIteratorConcept<Iterator>::~SinglePassIteratorConcept() [with Iterator = const char*]’
   37 |       ~model()
      |       ^
/usr/local/lib/R/site-library/BH/include/boost/range/concepts.hpp:158:13: note: in expansion of macro ‘BOOST_CONCEPT_USAGE’
  158 |             BOOST_CONCEPT_USAGE(SinglePassIteratorConcept)
      |             ^~~~~~~~~~~~~~~~~~~
/usr/local/lib/R/site-library/BH/include/boost/concept/usage.hpp: In instantiation of ‘boost::concepts::usage_requirements<Model>::~usage_requirements() [with Model = boost::SinglePassRangeConcept<const boost::iterator_range<const char*> >]’:
/usr/local/lib/R/site-library/BH/include/boost/concept/detail/general.hpp:50:47:   required from ‘static void boost::concepts::requirement<boost::concepts::failed************ Model::************>::failed() [with Model = boost::concepts::usage_requirements<boost::SinglePassRangeConcept<const boost::iterator_range<const char*> > >]’
/usr/local/lib/R/site-library/BH/include/boost/range/concepts.hpp:284:9:   required from ‘struct boost::SinglePassRangeConcept<const boost::iterator_range<const char*> >’
/usr/local/lib/R/site-library/BH/include/boost/concept/detail/has_constraints.hpp:32:62:   required by substitution of ‘template<class Model> boost::concepts::detail::yes boost::concepts::detail::has_constraints_(Model*, boost::concepts::detail::wrap_constraints<Model, (& Model::constraints)>*) [with Model = boost::SinglePassRangeConcept<const boost::iterator_range<const char*> >]’
/usr/local/lib/R/site-library/BH/include/boost/concept/detail/has_constraints.hpp:42:5:   required from ‘const bool boost::concepts::not_satisfied<boost::SinglePassRangeConcept<const boost::iterator_range<const char*> > >::value’
/usr/local/lib/R/site-library/BH/include/boost/concept/detail/has_constraints.hpp:45:51:   required from ‘struct boost::concepts::not_satisfied<boost::SinglePassRangeConcept<const boost::iterator_range<const char*> > >’
/usr/local/lib/R/site-library/BH/include/boost/concept/detail/general.hpp:72:8:   [ skipping 8 instantiation contexts, use -ftemplate-backtrace-limit=0 to disable ]
/usr/local/lib/R/site-library/BH/include/boost/iterator/iterator_facade.hpp:982:3:   required from ‘typename boost::iterators::detail::enable_if_interoperable<Derived1, Derived2, typename boost::mpl::apply2<boost::iterators::detail::always_bool2, Derived1, Derived2>::type>::type boost::iterators::operator!=(const boost::iterators::iterator_facade<Derived1, V1, TC1, Reference1, Difference1>&, const boost::iterators::iterator_facade<Derived2, V2, TC2, Reference2, Difference2>&) [with Derived1 = boost::iterators::transform_iterator<boost::algorithm::detail::copy_iterator_rangeF<std::__cxx11::basic_string<char>, const char*>, boost::algorithm::split_iterator<const char*>, boost::use_default, boost::use_default>; V1 = std::__cxx11::basic_string<char>; TC1 = boost::iterators::forward_traversal_tag; Reference1 = std::__cxx11::basic_string<char>; Difference1 = long int; Derived2 = boost::iterators::transform_iterator<boost::algorithm::detail::copy_iterator_rangeF<std::__cxx11::basic_string<char>, const char*>, boost::algorithm::split_iterator<const char*>, boost::use_default, boost::use_default>; V2 = std::__cxx11::basic_string<char>; TC2 = boost::iterators::forward_traversal_tag; Reference2 = std::__cxx11::basic_string<char>; Difference2 = long int; typename boost::iterators::detail::enable_if_interoperable<Derived1, Derived2, typename boost::mpl::apply2<boost::iterators::detail::always_bool2, Derived1, Derived2>::type>::type = bool; typename boost::mpl::apply2<boost::iterators::detail::always_bool2, Derived1, Derived2>::type = bool]’
/usr/include/c++/11/bits/stl_vector.h:1562:21:   required from ‘void std::vector<_Tp, _Alloc>::_M_range_initialize(_InputIterator, _InputIterator, std::input_iterator_tag) [with _InputIterator = boost::iterators::transform_iterator<boost::algorithm::detail::copy_iterator_rangeF<std::__cxx11::basic_string<char>, const char*>, boost::algorithm::split_iterator<const char*>, boost::use_default, boost::use_default>; _Tp = std::__cxx11::basic_string<char>; _Alloc = std::allocator<std::__cxx11::basic_string<char> >]’
/usr/include/c++/11/bits/stl_vector.h:657:23:   required from ‘std::vector<_Tp, _Alloc>::vector(_InputIterator, _InputIterator, const allocator_type&) [with _InputIterator = boost::iterators::transform_iterator<boost::algorithm::detail::copy_iterator_rangeF<std::__cxx11::basic_string<char>, const char*>, boost::algorithm::split_iterator<const char*>, boost::use_default, boost::use_default>; <template-parameter-2-2> = void; _Tp = std::__cxx11::basic_string<char>; _Alloc = std::allocator<std::__cxx11::basic_string<char> >; std::vector<_Tp, _Alloc>::allocator_type = std::allocator<std::__cxx11::basic_string<char> >]’
/usr/local/lib/R/site-library/BH/include/boost/algorithm/string/iter_find.hpp:186:31:   required from ‘SequenceSequenceT& boost::algorithm::iter_split(SequenceSequenceT&, RangeT&&, FinderT) [with SequenceSequenceT = std::vector<std::__cxx11::basic_string<char> >; RangeT = const char*&; FinderT = boost::algorithm::detail::token_finderF<boost::algorithm::detail::is_any_ofF<char> >]’
/usr/local/lib/R/site-library/BH/include/boost/algorithm/string/split.hpp:158:50:   required from ‘SequenceSequenceT& boost::algorithm::split(SequenceSequenceT&, RangeT&&, PredicateT, boost::algorithm::token_compress_mode_type) [with SequenceSequenceT = std::vector<std::__cxx11::basic_string<char> >; RangeT = const char*&; PredicateT = boost::algorithm::detail::is_any_ofF<char>]’
cstrsplit.cc:14:15:   required from here
/usr/local/lib/R/site-library/BH/include/boost/concept/usage.hpp:20:48: warning: ‘this’ pointer is null [-Wnonnull]
   20 |     ~usage_requirements() { ((Model*)0)->~Model(); }
      |                             ~~~~~~~~~~~~~~~~~~~^~
/usr/local/lib/R/site-library/BH/include/boost/concept/usage.hpp:37:7: note: in a call to non-static member function ‘boost::SinglePassRangeConcept<T>::~SinglePassRangeConcept() [with T = const boost::iterator_range<const char*>]’
   37 |       ~model()
      |       ^
/usr/local/lib/R/site-library/BH/include/boost/range/concepts.hpp:284:9: note: in expansion of macro ‘BOOST_CONCEPT_USAGE’
  284 |         BOOST_CONCEPT_USAGE(SinglePassRangeConcept)
      |         ^~~~~~~~~~~~~~~~~~~
g++ -std=gnu++17 -I"/usr/share/R/include" -DNDEBUG  -I'/usr/local/lib/R/site-library/Rcpp/include' -I'/usr/local/lib/R/site-library/BH/include'    -DNO_MAIN -DNO_DEBUG -DSTRICT_R_HEADERS -DR_NO_REMAP -fpic  -g -O2 -ffile-prefix-map=/build/r-base-rgGXCp/r-base-4.5.0=. -fstack-protector-strong -Wformat -Werror=format-security -Wdate-time -D_FORTIFY_SOURCE=2   -c desc.cc -o desc.o
g++ -std=gnu++17 -I"/usr/share/R/include" -DNDEBUG  -I'/usr/local/lib/R/site-library/Rcpp/include' -I'/usr/local/lib/R/site-library/BH/include'    -DNO_MAIN -DNO_DEBUG -DSTRICT_R_HEADERS -DR_NO_REMAP -fpic  -g -O2 -ffile-prefix-map=/build/r-base-rgGXCp/r-base-4.5.0=. -fstack-protector-strong -Wformat -Werror=format-security -Wdate-time -D_FORTIFY_SOURCE=2   -c fingerprints.cc -o fingerprints.o
g++ -std=gnu++17 -I"/usr/share/R/include" -DNDEBUG  -I'/usr/local/lib/R/site-library/Rcpp/include' -I'/usr/local/lib/R/site-library/BH/include'    -DNO_MAIN -DNO_DEBUG -DSTRICT_R_HEADERS -DR_NO_REMAP -fpic  -g -O2 -ffile-prefix-map=/build/r-base-rgGXCp/r-base-4.5.0=. -fstack-protector-strong -Wformat -Werror=format-security -Wdate-time -D_FORTIFY_SOURCE=2   -c formats.cc -o formats.o
g++ -std=gnu++17 -I"/usr/share/R/include" -DNDEBUG  -I'/usr/local/lib/R/site-library/Rcpp/include' -I'/usr/local/lib/R/site-library/BH/include'    -DNO_MAIN -DNO_DEBUG -DSTRICT_R_HEADERS -DR_NO_REMAP -fpic  -g -O2 -ffile-prefix-map=/build/r-base-rgGXCp/r-base-4.5.0=. -fstack-protector-strong -Wformat -Werror=format-security -Wdate-time -D_FORTIFY_SOURCE=2   -c molecule.cc -o molecule.o
g++ -std=gnu++17 -I"/usr/share/R/include" -DNDEBUG  -I'/usr/local/lib/R/site-library/Rcpp/include' -I'/usr/local/lib/R/site-library/BH/include'    -DNO_MAIN -DNO_DEBUG -DSTRICT_R_HEADERS -DR_NO_REMAP -fpic  -g -O2 -ffile-prefix-map=/build/r-base-rgGXCp/r-base-4.5.0=. -fstack-protector-strong -Wformat -Werror=format-security -Wdate-time -D_FORTIFY_SOURCE=2   -c r_wrap.cc -o r_wrap.o
r_wrap.cc:758: warning: "R_NO_REMAP" redefined
  758 | # define R_NO_REMAP
      | 
<command-line>: note: this is the location of the previous definition
r_wrap.cc:761: warning: "STRICT_R_HEADERS" redefined
  761 | # define STRICT_R_HEADERS
      | 
<command-line>: note: this is the location of the previous definition
g++ -std=gnu++17 -I"/usr/share/R/include" -DNDEBUG  -I'/usr/local/lib/R/site-library/Rcpp/include' -I'/usr/local/lib/R/site-library/BH/include'    -DNO_MAIN -DNO_DEBUG -DSTRICT_R_HEADERS -DR_NO_REMAP -fpic  -g -O2 -ffile-prefix-map=/build/r-base-rgGXCp/r-base-4.5.0=. -fstack-protector-strong -Wformat -Werror=format-security -Wdate-time -D_FORTIFY_SOURCE=2   -c script.cc -o script.o
g++ -std=gnu++17 -I"/usr/share/R/include" -DNDEBUG  -I'/usr/local/lib/R/site-library/Rcpp/include' -I'/usr/local/lib/R/site-library/BH/include'    -DNO_MAIN -DNO_DEBUG -DSTRICT_R_HEADERS -DR_NO_REMAP -fpic  -g -O2 -ffile-prefix-map=/build/r-base-rgGXCp/r-base-4.5.0=. -fstack-protector-strong -Wformat -Werror=format-security -Wdate-time -D_FORTIFY_SOURCE=2   -c similarity.cc -o similarity.o
g++ -std=gnu++17 -shared -L/usr/lib/R/lib -Wl,-Bsymbolic-functions -flto=auto -ffat-lto-objects -flto=auto -Wl,-z,relro -o ChemmineR.so DisjointSets.o cluster.o cstrsplit.o desc.o fingerprints.o formats.o molecule.o r_wrap.o script.o similarity.o -L/usr/lib/R/lib -lR
installing to /usr/local/lib/R/site-library/00LOCK-ChemmineR/00new/ChemmineR/libs
** R
** data
** inst
** byte-compile and prepare package for lazy loading
** help
*** installing help indices
** building package indices
** installing vignettes
** testing if installed package can be loaded from temporary location
** checking absolute paths in shared objects and dynamic libraries
** testing if installed package can be loaded from final location
** testing if installed package keeps a record of temporary installation path
* creating tarball
packaged installation of ‘ChemmineR’ as ‘ChemmineR_3.60.0_R_x86_64-pc-linux-gnu.tar.gz’
* DONE (ChemmineR)
* installing *source* package ‘tfruns’ ...
** this is package ‘tfruns’ version ‘1.5.3’
** package ‘tfruns’ successfully unpacked and MD5 sums checked
** using staged installation
** R
** inst
** byte-compile and prepare package for lazy loading
** help
*** installing help indices
** building package indices
** installing vignettes
** testing if installed package can be loaded from temporary location
** testing if installed package can be loaded from final location
** testing if installed package keeps a record of temporary installation path
* creating tarball
packaged installation of ‘tfruns’ as ‘tfruns_1.5.3_R_x86_64-pc-linux-gnu.tar.gz’
* DONE (tfruns)
* installing *source* package ‘aws.s3’ ...
** this is package ‘aws.s3’ version ‘0.3.21’
** package ‘aws.s3’ successfully unpacked and MD5 sums checked
** using staged installation
** R
** inst
** byte-compile and prepare package for lazy loading
Warning: program compiled against libxml 213 using older 209
** help
*** installing help indices
** building package indices
** testing if installed package can be loaded from temporary location
Warning: program compiled against libxml 213 using older 209
** testing if installed package can be loaded from final location
Warning: program compiled against libxml 213 using older 209
** testing if installed package keeps a record of temporary installation path
* creating tarball
packaged installation of ‘aws.s3’ as ‘aws.s3_0.3.21_R_x86_64-pc-linux-gnu.tar.gz’
* DONE (aws.s3)
* installing *source* package ‘VariantAnnotation’ ...
** this is package ‘VariantAnnotation’ version ‘1.54.1’
** using staged installation
** libs
using C compiler: ‘gcc (Ubuntu 11.4.0-1ubuntu1~22.04) 11.4.0’
gcc -I"/usr/share/R/include" -DNDEBUG -D_FILE_OFFSET_BITS=64 -I'/usr/local/lib/R/site-library/S4Vectors/include' -I'/usr/local/lib/R/site-library/IRanges/include' -I'/usr/local/lib/R/site-library/XVector/include' -I'/usr/local/lib/R/site-library/Biostrings/include' -I'/usr/local/lib/R/site-library/Rhtslib/include'     -fpic  -g -O2 -ffile-prefix-map=/build/r-base-rgGXCp/r-base-4.5.0=. -fstack-protector-strong -Wformat -Werror=format-security -Wdate-time -D_FORTIFY_SOURCE=2  -c Biostrings_stubs.c -o Biostrings_stubs.o
gcc -I"/usr/share/R/include" -DNDEBUG -D_FILE_OFFSET_BITS=64 -I'/usr/local/lib/R/site-library/S4Vectors/include' -I'/usr/local/lib/R/site-library/IRanges/include' -I'/usr/local/lib/R/site-library/XVector/include' -I'/usr/local/lib/R/site-library/Biostrings/include' -I'/usr/local/lib/R/site-library/Rhtslib/include'     -fpic  -g -O2 -ffile-prefix-map=/build/r-base-rgGXCp/r-base-4.5.0=. -fstack-protector-strong -Wformat -Werror=format-security -Wdate-time -D_FORTIFY_SOURCE=2  -c IRanges_stubs.c -o IRanges_stubs.o
gcc -I"/usr/share/R/include" -DNDEBUG -D_FILE_OFFSET_BITS=64 -I'/usr/local/lib/R/site-library/S4Vectors/include' -I'/usr/local/lib/R/site-library/IRanges/include' -I'/usr/local/lib/R/site-library/XVector/include' -I'/usr/local/lib/R/site-library/Biostrings/include' -I'/usr/local/lib/R/site-library/Rhtslib/include'     -fpic  -g -O2 -ffile-prefix-map=/build/r-base-rgGXCp/r-base-4.5.0=. -fstack-protector-strong -Wformat -Werror=format-security -Wdate-time -D_FORTIFY_SOURCE=2  -c R_init_VariantAnnotation.c -o R_init_VariantAnnotation.o
gcc -I"/usr/share/R/include" -DNDEBUG -D_FILE_OFFSET_BITS=64 -I'/usr/local/lib/R/site-library/S4Vectors/include' -I'/usr/local/lib/R/site-library/IRanges/include' -I'/usr/local/lib/R/site-library/XVector/include' -I'/usr/local/lib/R/site-library/Biostrings/include' -I'/usr/local/lib/R/site-library/Rhtslib/include'     -fpic  -g -O2 -ffile-prefix-map=/build/r-base-rgGXCp/r-base-4.5.0=. -fstack-protector-strong -Wformat -Werror=format-security -Wdate-time -D_FORTIFY_SOURCE=2  -c XVector_stubs.c -o XVector_stubs.o
gcc -I"/usr/share/R/include" -DNDEBUG -D_FILE_OFFSET_BITS=64 -I'/usr/local/lib/R/site-library/S4Vectors/include' -I'/usr/local/lib/R/site-library/IRanges/include' -I'/usr/local/lib/R/site-library/XVector/include' -I'/usr/local/lib/R/site-library/Biostrings/include' -I'/usr/local/lib/R/site-library/Rhtslib/include'     -fpic  -g -O2 -ffile-prefix-map=/build/r-base-rgGXCp/r-base-4.5.0=. -fstack-protector-strong -Wformat -Werror=format-security -Wdate-time -D_FORTIFY_SOURCE=2  -c dna_hash.c -o dna_hash.o
gcc -I"/usr/share/R/include" -DNDEBUG -D_FILE_OFFSET_BITS=64 -I'/usr/local/lib/R/site-library/S4Vectors/include' -I'/usr/local/lib/R/site-library/IRanges/include' -I'/usr/local/lib/R/site-library/XVector/include' -I'/usr/local/lib/R/site-library/Biostrings/include' -I'/usr/local/lib/R/site-library/Rhtslib/include'     -fpic  -g -O2 -ffile-prefix-map=/build/r-base-rgGXCp/r-base-4.5.0=. -fstack-protector-strong -Wformat -Werror=format-security -Wdate-time -D_FORTIFY_SOURCE=2  -c rle.c -o rle.o
gcc -I"/usr/share/R/include" -DNDEBUG -D_FILE_OFFSET_BITS=64 -I'/usr/local/lib/R/site-library/S4Vectors/include' -I'/usr/local/lib/R/site-library/IRanges/include' -I'/usr/local/lib/R/site-library/XVector/include' -I'/usr/local/lib/R/site-library/Biostrings/include' -I'/usr/local/lib/R/site-library/Rhtslib/include'     -fpic  -g -O2 -ffile-prefix-map=/build/r-base-rgGXCp/r-base-4.5.0=. -fstack-protector-strong -Wformat -Werror=format-security -Wdate-time -D_FORTIFY_SOURCE=2  -c strhash.c -o strhash.o
gcc -I"/usr/share/R/include" -DNDEBUG -D_FILE_OFFSET_BITS=64 -I'/usr/local/lib/R/site-library/S4Vectors/include' -I'/usr/local/lib/R/site-library/IRanges/include' -I'/usr/local/lib/R/site-library/XVector/include' -I'/usr/local/lib/R/site-library/Biostrings/include' -I'/usr/local/lib/R/site-library/Rhtslib/include'     -fpic  -g -O2 -ffile-prefix-map=/build/r-base-rgGXCp/r-base-4.5.0=. -fstack-protector-strong -Wformat -Werror=format-security -Wdate-time -D_FORTIFY_SOURCE=2  -c utilities.c -o utilities.o
gcc -I"/usr/share/R/include" -DNDEBUG -D_FILE_OFFSET_BITS=64 -I'/usr/local/lib/R/site-library/S4Vectors/include' -I'/usr/local/lib/R/site-library/IRanges/include' -I'/usr/local/lib/R/site-library/XVector/include' -I'/usr/local/lib/R/site-library/Biostrings/include' -I'/usr/local/lib/R/site-library/Rhtslib/include'     -fpic  -g -O2 -ffile-prefix-map=/build/r-base-rgGXCp/r-base-4.5.0=. -fstack-protector-strong -Wformat -Werror=format-security -Wdate-time -D_FORTIFY_SOURCE=2  -c vcffile.c -o vcffile.o
gcc -I"/usr/share/R/include" -DNDEBUG -D_FILE_OFFSET_BITS=64 -I'/usr/local/lib/R/site-library/S4Vectors/include' -I'/usr/local/lib/R/site-library/IRanges/include' -I'/usr/local/lib/R/site-library/XVector/include' -I'/usr/local/lib/R/site-library/Biostrings/include' -I'/usr/local/lib/R/site-library/Rhtslib/include'     -fpic  -g -O2 -ffile-prefix-map=/build/r-base-rgGXCp/r-base-4.5.0=. -fstack-protector-strong -Wformat -Werror=format-security -Wdate-time -D_FORTIFY_SOURCE=2  -c vcftype.c -o vcftype.o
gcc -I"/usr/share/R/include" -DNDEBUG -D_FILE_OFFSET_BITS=64 -I'/usr/local/lib/R/site-library/S4Vectors/include' -I'/usr/local/lib/R/site-library/IRanges/include' -I'/usr/local/lib/R/site-library/XVector/include' -I'/usr/local/lib/R/site-library/Biostrings/include' -I'/usr/local/lib/R/site-library/Rhtslib/include'     -fpic  -g -O2 -ffile-prefix-map=/build/r-base-rgGXCp/r-base-4.5.0=. -fstack-protector-strong -Wformat -Werror=format-security -Wdate-time -D_FORTIFY_SOURCE=2  -c writevcf.c -o writevcf.o
gcc -shared -L/usr/lib/R/lib -Wl,-Bsymbolic-functions -flto=auto -ffat-lto-objects -flto=auto -Wl,-z,relro -o VariantAnnotation.so Biostrings_stubs.o IRanges_stubs.o R_init_VariantAnnotation.o XVector_stubs.o dna_hash.o rle.o strhash.o utilities.o vcffile.o vcftype.o writevcf.o /usr/local/lib/R/site-library/Rhtslib/usrlib/libhts.a -lcurl -lbz2 -llzma -lz -L/usr/lib/R/lib -lR
installing to /usr/local/lib/R/site-library/00LOCK-VariantAnnotation/00new/VariantAnnotation/libs
** R
** inst
** byte-compile and prepare package for lazy loading
Creating a new generic function for ‘tabulate’ in package ‘VariantAnnotation’
** help
*** installing help indices
** building package indices
** installing vignettes
** testing if installed package can be loaded from temporary location
** checking absolute paths in shared objects and dynamic libraries
** testing if installed package can be loaded from final location
** testing if installed package keeps a record of temporary installation path
* creating tarball
packaged installation of ‘VariantAnnotation’ as ‘VariantAnnotation_1.54.1_R_x86_64-pc-linux-gnu.tar.gz’
* DONE (VariantAnnotation)
* installing *source* package ‘BiocStyle’ ...
** this is package ‘BiocStyle’ version ‘2.36.0’
** using staged installation
** R
** inst
** byte-compile and prepare package for lazy loading
** help
*** installing help indices
** building package indices
** installing vignettes
** testing if installed package can be loaded from temporary location
** testing if installed package can be loaded from final location
** testing if installed package keeps a record of temporary installation path
* creating tarball
packaged installation of ‘BiocStyle’ as ‘BiocStyle_2.36.0_R_x86_64-pc-linux-gnu.tar.gz’
* DONE (BiocStyle)
* installing *source* package ‘txdbmaker’ ...
** this is package ‘txdbmaker’ version ‘1.4.1’
** using staged installation
** R
** inst
** byte-compile and prepare package for lazy loading
Warning: program compiled against libxml 213 using older 209
** help
*** installing help indices
** building package indices
** installing vignettes
** testing if installed package can be loaded from temporary location
Warning: program compiled against libxml 213 using older 209
** testing if installed package can be loaded from final location
Warning: program compiled against libxml 213 using older 209
** testing if installed package keeps a record of temporary installation path
* creating tarball
packaged installation of ‘txdbmaker’ as ‘txdbmaker_1.4.1_R_x86_64-pc-linux-gnu.tar.gz’
* DONE (txdbmaker)
* installing *source* package ‘mzR’ ...
** this is package ‘mzR’ version ‘2.42.0’
** using staged installation
** libs
using C++ compiler: ‘g++ (Ubuntu 11.4.0-1ubuntu1~22.04) 11.4.0’
using C++11
rm -f RcppPwiz.o RcppPwizModule.o RcppIdent.o RcppIdentModule.o ./boost/libs/system/src/error_code.o ./boost/libs/regex/src/posix_api.o ./boost/libs/regex/src/regex_debug.o ./boost/libs/regex/src/regex.o ./boost/libs/regex/src/wide_posix_api.o ./boost/libs/regex/src/static_mutex.o ./boost/libs/iostreams/src/zlib.o ./boost/libs/iostreams/src/file_descriptor.o ./boost/libs/filesystem/src/operations.o ./boost/libs/filesystem/src/directory.o ./boost/libs/filesystem/src/exception.o ./boost/libs/filesystem/src/path.o ./boost/libs/filesystem/src/unique_path.o ./boost/libs/filesystem/src/utf8_codecvt_facet.o ./boost/libs/chrono/src/chrono.o ./boost/libs/chrono/src/process_cpu_clocks.o ./boost/libs/chrono/src/thread_clock.o ./pwiz/data/msdata/Version.o ./pwiz/data/identdata/Version.o ./pwiz/data/common/MemoryIndex.o ./pwiz/data/common/CVTranslator.o ./pwiz/data/common/cv.o ./pwiz/data/common/ParamTypes.o ./pwiz/data/common/BinaryIndexStream.o ./pwiz/data/common/diff_std.o ./pwiz/data/common/Unimod.o ./pwiz/data/msdata/mz5/Configuration_mz5.o ./pwiz/data/msdata/mz5/Connection_mz5.o ./pwiz/data/msdata/mz5/Datastructures_mz5.o ./pwiz/data/msdata/mz5/ReferenceRead_mz5.o ./pwiz/data/msdata/mz5/ReferenceWrite_mz5.o ./pwiz/data/msdata/mz5/Translator_mz5.o ./pwiz/data/msdata/DefaultReaderList.o ./pwiz/data/msdata/ChromatogramList_mzML.o ./pwiz/data/msdata/ChromatogramList_mz5.o ./pwiz/data/msdata/examples.o ./pwiz/data/msdata/Serializer_mzML.o ./pwiz/data/msdata/Serializer_MSn.o ./pwiz/data/msdata/Reader.o ./pwiz/data/msdata/Serializer_mz5.o ./pwiz/data/msdata/Serializer_MGF.o ./pwiz/data/msdata/Serializer_mzXML.o ./pwiz/data/msdata/SpectrumListBase.o ./pwiz/data/msdata/SpectrumList_MGF.o ./pwiz/data/msdata/SpectrumList_mzML.o ./pwiz/data/msdata/SpectrumList_MSn.o ./pwiz/data/msdata/SpectrumList_mz5.o ./pwiz/data/msdata/BinaryDataEncoder.o ./pwiz/data/msdata/Diff.o ./pwiz/data/msdata/MSData.o ./pwiz/data/msdata/References.o ./pwiz/data/msdata/SpectrumList_mzXML.o ./pwiz/data/msdata/IO.o ./pwiz/data/msdata/SpectrumList_BTDX.o ./pwiz/data/msdata/SpectrumInfo.o ./pwiz/data/msdata/LegacyAdapter.o ./pwiz/data/msdata/SpectrumIterator.o ./pwiz/data/msdata/MSDataFile.o ./pwiz/data/msdata/MSNumpress.o ./pwiz/data/msdata/SpectrumListCache.o ./pwiz/data/msdata/Index_mzML.o ./pwiz/data/msdata/SpectrumWorkerThreads.o ./pwiz/data/identdata/IdentDataFile.o ./pwiz/data/identdata/IdentData.o ./pwiz/data/identdata/DefaultReaderList.o ./pwiz/data/identdata/Reader.o ./pwiz/data/identdata/Serializer_protXML.o ./pwiz/data/identdata/Serializer_pepXML.o ./pwiz/data/identdata/Serializer_mzid.o ./pwiz/data/identdata/IO.o ./pwiz/data/identdata/References.o ./pwiz/data/identdata/MascotReader.o ./pwiz/data/proteome/Modification.o ./pwiz/data/proteome/Digestion.o ./pwiz/data/proteome/Peptide.o ./pwiz/data/proteome/AminoAcid.o ./pwiz/utility/minimxml/XMLWriter.o ./pwiz/utility/minimxml/SAXParser.o ./pwiz/utility/chemistry/Chemistry.o ./pwiz/utility/chemistry/ChemistryData.o ./pwiz/utility/chemistry/MZTolerance.o ./pwiz/utility/misc/IntegerSet.o ./pwiz/utility/misc/Base64.o ./pwiz/utility/misc/BinaryData.o ./pwiz/utility/misc/IterationListener.o ./pwiz/utility/misc/MSIHandler.o ./pwiz/utility/misc/Filesystem.o ./pwiz/utility/misc/TabReader.o ./pwiz/utility/misc/random_access_compressed_ifstream.o ./pwiz/utility/misc/SHA1.o ./pwiz/utility/misc/SHA1Calculator.o ./pwiz/utility/misc/sha1calc.o ./pwiz/utility/misc/String.o ./RcppExports.o ./boost/libs/thread/src/pthread/once.o ./boost/libs/thread/src/pthread/thread.o
g++ -std=gnu++11 -I"/usr/share/R/include" -DNDEBUG -I./boost_aux/ -I./boost/ -I. -D_LARGEFILE_SOURCE -DHAVE_PWIZ_MZML_LIB -D_NODEBUG    -I'/usr/local/lib/R/site-library/Rcpp/include' -I'/usr/local/lib/R/site-library/Rhdf5lib/include'     -fpic  -g -O2 -ffile-prefix-map=/build/r-base-rgGXCp/r-base-4.5.0=. -fstack-protector-strong -Wformat -Werror=format-security -Wdate-time -D_FORTIFY_SOURCE=2   -c RcppPwiz.cpp -o RcppPwiz.o
RcppPwiz.cpp: In member function ‘Rcpp::List RcppPwiz::getPeakList(Rcpp::IntegerVector)’:
RcppPwiz.cpp:414:56: warning: format ‘%d’ expects argument of type ‘int’, but argument 2 has type ‘size_t’ {aka ‘long unsigned int’} [-Wformat=]
  414 |         Rprintf("Index whichScan out of bounds [1 ... %d].\n", n_scans);
      |                                                       ~^       ~~~~~~~
      |                                                        |       |
      |                                                        int     size_t {aka long unsigned int}
      |                                                       %ld
RcppPwiz.cpp: In member function ‘Rcpp::DataFrame RcppPwiz::getChromatogramsInfo(int)’:
RcppPwiz.cpp:862:55: warning: format ‘%d’ expects argument of type ‘int’, but argument 2 has type ‘size_t’ {aka ‘long unsigned int’} [-Wformat=]
  862 |       Rprintf("Index whichChrom out of bounds [1 ... %d].\n", (clp->size()));
      |                                                      ~^       ~~~~~~~~~~~~~
      |                                                       |                 |
      |                                                       int               size_t {aka long unsigned int}
      |                                                      %ld
g++ -std=gnu++11 -I"/usr/share/R/include" -DNDEBUG -I./boost_aux/ -I./boost/ -I. -D_LARGEFILE_SOURCE -DHAVE_PWIZ_MZML_LIB -D_NODEBUG    -I'/usr/local/lib/R/site-library/Rcpp/include' -I'/usr/local/lib/R/site-library/Rhdf5lib/include'     -fpic  -g -O2 -ffile-prefix-map=/build/r-base-rgGXCp/r-base-4.5.0=. -fstack-protector-strong -Wformat -Werror=format-security -Wdate-time -D_FORTIFY_SOURCE=2   -c RcppPwizModule.cpp -o RcppPwizModule.o
g++ -std=gnu++11 -I"/usr/share/R/include" -DNDEBUG -I./boost_aux/ -I./boost/ -I. -D_LARGEFILE_SOURCE -DHAVE_PWIZ_MZML_LIB -D_NODEBUG    -I'/usr/local/lib/R/site-library/Rcpp/include' -I'/usr/local/lib/R/site-library/Rhdf5lib/include'     -fpic  -g -O2 -ffile-prefix-map=/build/r-base-rgGXCp/r-base-4.5.0=. -fstack-protector-strong -Wformat -Werror=format-security -Wdate-time -D_FORTIFY_SOURCE=2   -c RcppIdent.cpp -o RcppIdent.o
g++ -std=gnu++11 -I"/usr/share/R/include" -DNDEBUG -I./boost_aux/ -I./boost/ -I. -D_LARGEFILE_SOURCE -DHAVE_PWIZ_MZML_LIB -D_NODEBUG    -I'/usr/local/lib/R/site-library/Rcpp/include' -I'/usr/local/lib/R/site-library/Rhdf5lib/include'     -fpic  -g -O2 -ffile-prefix-map=/build/r-base-rgGXCp/r-base-4.5.0=. -fstack-protector-strong -Wformat -Werror=format-security -Wdate-time -D_FORTIFY_SOURCE=2   -c RcppIdentModule.cpp -o RcppIdentModule.o
g++ -std=gnu++11 -I"/usr/share/R/include" -DNDEBUG -I./boost_aux/ -I./boost/ -I. -D_LARGEFILE_SOURCE -DHAVE_PWIZ_MZML_LIB -D_NODEBUG    -I'/usr/local/lib/R/site-library/Rcpp/include' -I'/usr/local/lib/R/site-library/Rhdf5lib/include'     -fpic  -g -O2 -ffile-prefix-map=/build/r-base-rgGXCp/r-base-4.5.0=. -fstack-protector-strong -Wformat -Werror=format-security -Wdate-time -D_FORTIFY_SOURCE=2   -c boost/libs/system/src/error_code.cpp -o boost/libs/system/src/error_code.o
g++ -std=gnu++11 -I"/usr/share/R/include" -DNDEBUG -I./boost_aux/ -I./boost/ -I. -D_LARGEFILE_SOURCE -DHAVE_PWIZ_MZML_LIB -D_NODEBUG    -I'/usr/local/lib/R/site-library/Rcpp/include' -I'/usr/local/lib/R/site-library/Rhdf5lib/include'     -fpic  -g -O2 -ffile-prefix-map=/build/r-base-rgGXCp/r-base-4.5.0=. -fstack-protector-strong -Wformat -Werror=format-security -Wdate-time -D_FORTIFY_SOURCE=2   -c boost/libs/regex/src/posix_api.cpp -o boost/libs/regex/src/posix_api.o
g++ -std=gnu++11 -I"/usr/share/R/include" -DNDEBUG -I./boost_aux/ -I./boost/ -I. -D_LARGEFILE_SOURCE -DHAVE_PWIZ_MZML_LIB -D_NODEBUG    -I'/usr/local/lib/R/site-library/Rcpp/include' -I'/usr/local/lib/R/site-library/Rhdf5lib/include'     -fpic  -g -O2 -ffile-prefix-map=/build/r-base-rgGXCp/r-base-4.5.0=. -fstack-protector-strong -Wformat -Werror=format-security -Wdate-time -D_FORTIFY_SOURCE=2   -c boost/libs/regex/src/regex_debug.cpp -o boost/libs/regex/src/regex_debug.o
g++ -std=gnu++11 -I"/usr/share/R/include" -DNDEBUG -I./boost_aux/ -I./boost/ -I. -D_LARGEFILE_SOURCE -DHAVE_PWIZ_MZML_LIB -D_NODEBUG    -I'/usr/local/lib/R/site-library/Rcpp/include' -I'/usr/local/lib/R/site-library/Rhdf5lib/include'     -fpic  -g -O2 -ffile-prefix-map=/build/r-base-rgGXCp/r-base-4.5.0=. -fstack-protector-strong -Wformat -Werror=format-security -Wdate-time -D_FORTIFY_SOURCE=2   -c boost/libs/regex/src/regex.cpp -o boost/libs/regex/src/regex.o
g++ -std=gnu++11 -I"/usr/share/R/include" -DNDEBUG -I./boost_aux/ -I./boost/ -I. -D_LARGEFILE_SOURCE -DHAVE_PWIZ_MZML_LIB -D_NODEBUG    -I'/usr/local/lib/R/site-library/Rcpp/include' -I'/usr/local/lib/R/site-library/Rhdf5lib/include'     -fpic  -g -O2 -ffile-prefix-map=/build/r-base-rgGXCp/r-base-4.5.0=. -fstack-protector-strong -Wformat -Werror=format-security -Wdate-time -D_FORTIFY_SOURCE=2   -c boost/libs/regex/src/wide_posix_api.cpp -o boost/libs/regex/src/wide_posix_api.o
g++ -std=gnu++11 -I"/usr/share/R/include" -DNDEBUG -I./boost_aux/ -I./boost/ -I. -D_LARGEFILE_SOURCE -DHAVE_PWIZ_MZML_LIB -D_NODEBUG    -I'/usr/local/lib/R/site-library/Rcpp/include' -I'/usr/local/lib/R/site-library/Rhdf5lib/include'     -fpic  -g -O2 -ffile-prefix-map=/build/r-base-rgGXCp/r-base-4.5.0=. -fstack-protector-strong -Wformat -Werror=format-security -Wdate-time -D_FORTIFY_SOURCE=2   -c boost/libs/regex/src/static_mutex.cpp -o boost/libs/regex/src/static_mutex.o
g++ -std=gnu++11 -I"/usr/share/R/include" -DNDEBUG -I./boost_aux/ -I./boost/ -I. -D_LARGEFILE_SOURCE -DHAVE_PWIZ_MZML_LIB -D_NODEBUG    -I'/usr/local/lib/R/site-library/Rcpp/include' -I'/usr/local/lib/R/site-library/Rhdf5lib/include'     -fpic  -g -O2 -ffile-prefix-map=/build/r-base-rgGXCp/r-base-4.5.0=. -fstack-protector-strong -Wformat -Werror=format-security -Wdate-time -D_FORTIFY_SOURCE=2   -c boost/libs/iostreams/src/zlib.cpp -o boost/libs/iostreams/src/zlib.o
g++ -std=gnu++11 -I"/usr/share/R/include" -DNDEBUG -I./boost_aux/ -I./boost/ -I. -D_LARGEFILE_SOURCE -DHAVE_PWIZ_MZML_LIB -D_NODEBUG    -I'/usr/local/lib/R/site-library/Rcpp/include' -I'/usr/local/lib/R/site-library/Rhdf5lib/include'     -fpic  -g -O2 -ffile-prefix-map=/build/r-base-rgGXCp/r-base-4.5.0=. -fstack-protector-strong -Wformat -Werror=format-security -Wdate-time -D_FORTIFY_SOURCE=2   -c boost/libs/iostreams/src/file_descriptor.cpp -o boost/libs/iostreams/src/file_descriptor.o
g++ -std=gnu++11 -I"/usr/share/R/include" -DNDEBUG -I./boost_aux/ -I./boost/ -I. -D_LARGEFILE_SOURCE -DHAVE_PWIZ_MZML_LIB -D_NODEBUG    -I'/usr/local/lib/R/site-library/Rcpp/include' -I'/usr/local/lib/R/site-library/Rhdf5lib/include'     -fpic  -g -O2 -ffile-prefix-map=/build/r-base-rgGXCp/r-base-4.5.0=. -fstack-protector-strong -Wformat -Werror=format-security -Wdate-time -D_FORTIFY_SOURCE=2   -c boost/libs/filesystem/src/operations.cpp -o boost/libs/filesystem/src/operations.o
g++ -std=gnu++11 -I"/usr/share/R/include" -DNDEBUG -I./boost_aux/ -I./boost/ -I. -D_LARGEFILE_SOURCE -DHAVE_PWIZ_MZML_LIB -D_NODEBUG    -I'/usr/local/lib/R/site-library/Rcpp/include' -I'/usr/local/lib/R/site-library/Rhdf5lib/include'     -fpic  -g -O2 -ffile-prefix-map=/build/r-base-rgGXCp/r-base-4.5.0=. -fstack-protector-strong -Wformat -Werror=format-security -Wdate-time -D_FORTIFY_SOURCE=2   -c boost/libs/filesystem/src/directory.cpp -o boost/libs/filesystem/src/directory.o
g++ -std=gnu++11 -I"/usr/share/R/include" -DNDEBUG -I./boost_aux/ -I./boost/ -I. -D_LARGEFILE_SOURCE -DHAVE_PWIZ_MZML_LIB -D_NODEBUG    -I'/usr/local/lib/R/site-library/Rcpp/include' -I'/usr/local/lib/R/site-library/Rhdf5lib/include'     -fpic  -g -O2 -ffile-prefix-map=/build/r-base-rgGXCp/r-base-4.5.0=. -fstack-protector-strong -Wformat -Werror=format-security -Wdate-time -D_FORTIFY_SOURCE=2   -c boost/libs/filesystem/src/exception.cpp -o boost/libs/filesystem/src/exception.o
g++ -std=gnu++11 -I"/usr/share/R/include" -DNDEBUG -I./boost_aux/ -I./boost/ -I. -D_LARGEFILE_SOURCE -DHAVE_PWIZ_MZML_LIB -D_NODEBUG    -I'/usr/local/lib/R/site-library/Rcpp/include' -I'/usr/local/lib/R/site-library/Rhdf5lib/include'     -fpic  -g -O2 -ffile-prefix-map=/build/r-base-rgGXCp/r-base-4.5.0=. -fstack-protector-strong -Wformat -Werror=format-security -Wdate-time -D_FORTIFY_SOURCE=2   -c boost/libs/filesystem/src/path.cpp -o boost/libs/filesystem/src/path.o
g++ -std=gnu++11 -I"/usr/share/R/include" -DNDEBUG -I./boost_aux/ -I./boost/ -I. -D_LARGEFILE_SOURCE -DHAVE_PWIZ_MZML_LIB -D_NODEBUG    -I'/usr/local/lib/R/site-library/Rcpp/include' -I'/usr/local/lib/R/site-library/Rhdf5lib/include'     -fpic  -g -O2 -ffile-prefix-map=/build/r-base-rgGXCp/r-base-4.5.0=. -fstack-protector-strong -Wformat -Werror=format-security -Wdate-time -D_FORTIFY_SOURCE=2   -c boost/libs/filesystem/src/unique_path.cpp -o boost/libs/filesystem/src/unique_path.o
g++ -std=gnu++11 -I"/usr/share/R/include" -DNDEBUG -I./boost_aux/ -I./boost/ -I. -D_LARGEFILE_SOURCE -DHAVE_PWIZ_MZML_LIB -D_NODEBUG    -I'/usr/local/lib/R/site-library/Rcpp/include' -I'/usr/local/lib/R/site-library/Rhdf5lib/include'     -fpic  -g -O2 -ffile-prefix-map=/build/r-base-rgGXCp/r-base-4.5.0=. -fstack-protector-strong -Wformat -Werror=format-security -Wdate-time -D_FORTIFY_SOURCE=2   -c boost/libs/filesystem/src/utf8_codecvt_facet.cpp -o boost/libs/filesystem/src/utf8_codecvt_facet.o
g++ -std=gnu++11 -I"/usr/share/R/include" -DNDEBUG -I./boost_aux/ -I./boost/ -I. -D_LARGEFILE_SOURCE -DHAVE_PWIZ_MZML_LIB -D_NODEBUG    -I'/usr/local/lib/R/site-library/Rcpp/include' -I'/usr/local/lib/R/site-library/Rhdf5lib/include'     -fpic  -g -O2 -ffile-prefix-map=/build/r-base-rgGXCp/r-base-4.5.0=. -fstack-protector-strong -Wformat -Werror=format-security -Wdate-time -D_FORTIFY_SOURCE=2   -c boost/libs/chrono/src/chrono.cpp -o boost/libs/chrono/src/chrono.o
g++ -std=gnu++11 -I"/usr/share/R/include" -DNDEBUG -I./boost_aux/ -I./boost/ -I. -D_LARGEFILE_SOURCE -DHAVE_PWIZ_MZML_LIB -D_NODEBUG    -I'/usr/local/lib/R/site-library/Rcpp/include' -I'/usr/local/lib/R/site-library/Rhdf5lib/include'     -fpic  -g -O2 -ffile-prefix-map=/build/r-base-rgGXCp/r-base-4.5.0=. -fstack-protector-strong -Wformat -Werror=format-security -Wdate-time -D_FORTIFY_SOURCE=2   -c boost/libs/chrono/src/process_cpu_clocks.cpp -o boost/libs/chrono/src/process_cpu_clocks.o
g++ -std=gnu++11 -I"/usr/share/R/include" -DNDEBUG -I./boost_aux/ -I./boost/ -I. -D_LARGEFILE_SOURCE -DHAVE_PWIZ_MZML_LIB -D_NODEBUG    -I'/usr/local/lib/R/site-library/Rcpp/include' -I'/usr/local/lib/R/site-library/Rhdf5lib/include'     -fpic  -g -O2 -ffile-prefix-map=/build/r-base-rgGXCp/r-base-4.5.0=. -fstack-protector-strong -Wformat -Werror=format-security -Wdate-time -D_FORTIFY_SOURCE=2   -c boost/libs/chrono/src/thread_clock.cpp -o boost/libs/chrono/src/thread_clock.o
g++ -std=gnu++11 -I"/usr/share/R/include" -DNDEBUG -I./boost_aux/ -I./boost/ -I. -D_LARGEFILE_SOURCE -DHAVE_PWIZ_MZML_LIB -D_NODEBUG    -I'/usr/local/lib/R/site-library/Rcpp/include' -I'/usr/local/lib/R/site-library/Rhdf5lib/include'     -fpic  -g -O2 -ffile-prefix-map=/build/r-base-rgGXCp/r-base-4.5.0=. -fstack-protector-strong -Wformat -Werror=format-security -Wdate-time -D_FORTIFY_SOURCE=2   -c pwiz/data/msdata/Version.cpp -o pwiz/data/msdata/Version.o
g++ -std=gnu++11 -I"/usr/share/R/include" -DNDEBUG -I./boost_aux/ -I./boost/ -I. -D_LARGEFILE_SOURCE -DHAVE_PWIZ_MZML_LIB -D_NODEBUG    -I'/usr/local/lib/R/site-library/Rcpp/include' -I'/usr/local/lib/R/site-library/Rhdf5lib/include'     -fpic  -g -O2 -ffile-prefix-map=/build/r-base-rgGXCp/r-base-4.5.0=. -fstack-protector-strong -Wformat -Werror=format-security -Wdate-time -D_FORTIFY_SOURCE=2   -c pwiz/data/identdata/Version.cpp -o pwiz/data/identdata/Version.o
g++ -std=gnu++11 -I"/usr/share/R/include" -DNDEBUG -I./boost_aux/ -I./boost/ -I. -D_LARGEFILE_SOURCE -DHAVE_PWIZ_MZML_LIB -D_NODEBUG    -I'/usr/local/lib/R/site-library/Rcpp/include' -I'/usr/local/lib/R/site-library/Rhdf5lib/include'     -fpic  -g -O2 -ffile-prefix-map=/build/r-base-rgGXCp/r-base-4.5.0=. -fstack-protector-strong -Wformat -Werror=format-security -Wdate-time -D_FORTIFY_SOURCE=2   -c pwiz/data/common/MemoryIndex.cpp -o pwiz/data/common/MemoryIndex.o
g++ -std=gnu++11 -I"/usr/share/R/include" -DNDEBUG -I./boost_aux/ -I./boost/ -I. -D_LARGEFILE_SOURCE -DHAVE_PWIZ_MZML_LIB -D_NODEBUG    -I'/usr/local/lib/R/site-library/Rcpp/include' -I'/usr/local/lib/R/site-library/Rhdf5lib/include'     -fpic  -g -O2 -ffile-prefix-map=/build/r-base-rgGXCp/r-base-4.5.0=. -fstack-protector-strong -Wformat -Werror=format-security -Wdate-time -D_FORTIFY_SOURCE=2   -c pwiz/data/common/CVTranslator.cpp -o pwiz/data/common/CVTranslator.o
g++ -std=gnu++11 -I"/usr/share/R/include" -DNDEBUG -I./boost_aux/ -I./boost/ -I. -D_LARGEFILE_SOURCE -DHAVE_PWIZ_MZML_LIB -D_NODEBUG    -I'/usr/local/lib/R/site-library/Rcpp/include' -I'/usr/local/lib/R/site-library/Rhdf5lib/include'     -fpic  -g -O2 -ffile-prefix-map=/build/r-base-rgGXCp/r-base-4.5.0=. -fstack-protector-strong -Wformat -Werror=format-security -Wdate-time -D_FORTIFY_SOURCE=2   -c pwiz/data/common/cv.cpp -o pwiz/data/common/cv.o
g++ -std=gnu++11 -I"/usr/share/R/include" -DNDEBUG -I./boost_aux/ -I./boost/ -I. -D_LARGEFILE_SOURCE -DHAVE_PWIZ_MZML_LIB -D_NODEBUG    -I'/usr/local/lib/R/site-library/Rcpp/include' -I'/usr/local/lib/R/site-library/Rhdf5lib/include'     -fpic  -g -O2 -ffile-prefix-map=/build/r-base-rgGXCp/r-base-4.5.0=. -fstack-protector-strong -Wformat -Werror=format-security -Wdate-time -D_FORTIFY_SOURCE=2   -c pwiz/data/common/ParamTypes.cpp -o pwiz/data/common/ParamTypes.o
g++ -std=gnu++11 -I"/usr/share/R/include" -DNDEBUG -I./boost_aux/ -I./boost/ -I. -D_LARGEFILE_SOURCE -DHAVE_PWIZ_MZML_LIB -D_NODEBUG    -I'/usr/local/lib/R/site-library/Rcpp/include' -I'/usr/local/lib/R/site-library/Rhdf5lib/include'     -fpic  -g -O2 -ffile-prefix-map=/build/r-base-rgGXCp/r-base-4.5.0=. -fstack-protector-strong -Wformat -Werror=format-security -Wdate-time -D_FORTIFY_SOURCE=2   -c pwiz/data/common/BinaryIndexStream.cpp -o pwiz/data/common/BinaryIndexStream.o
g++ -std=gnu++11 -I"/usr/share/R/include" -DNDEBUG -I./boost_aux/ -I./boost/ -I. -D_LARGEFILE_SOURCE -DHAVE_PWIZ_MZML_LIB -D_NODEBUG    -I'/usr/local/lib/R/site-library/Rcpp/include' -I'/usr/local/lib/R/site-library/Rhdf5lib/include'     -fpic  -g -O2 -ffile-prefix-map=/build/r-base-rgGXCp/r-base-4.5.0=. -fstack-protector-strong -Wformat -Werror=format-security -Wdate-time -D_FORTIFY_SOURCE=2   -c pwiz/data/common/diff_std.cpp -o pwiz/data/common/diff_std.o
g++ -std=gnu++11 -I"/usr/share/R/include" -DNDEBUG -I./boost_aux/ -I./boost/ -I. -D_LARGEFILE_SOURCE -DHAVE_PWIZ_MZML_LIB -D_NODEBUG    -I'/usr/local/lib/R/site-library/Rcpp/include' -I'/usr/local/lib/R/site-library/Rhdf5lib/include'     -fpic  -g -O2 -ffile-prefix-map=/build/r-base-rgGXCp/r-base-4.5.0=. -fstack-protector-strong -Wformat -Werror=format-security -Wdate-time -D_FORTIFY_SOURCE=2   -c pwiz/data/common/Unimod.cpp -o pwiz/data/common/Unimod.o
g++ -std=gnu++11 -I"/usr/share/R/include" -DNDEBUG -I./boost_aux/ -I./boost/ -I. -D_LARGEFILE_SOURCE -DHAVE_PWIZ_MZML_LIB -D_NODEBUG    -I'/usr/local/lib/R/site-library/Rcpp/include' -I'/usr/local/lib/R/site-library/Rhdf5lib/include'     -fpic  -g -O2 -ffile-prefix-map=/build/r-base-rgGXCp/r-base-4.5.0=. -fstack-protector-strong -Wformat -Werror=format-security -Wdate-time -D_FORTIFY_SOURCE=2   -c pwiz/data/msdata/mz5/Configuration_mz5.cpp -o pwiz/data/msdata/mz5/Configuration_mz5.o
g++ -std=gnu++11 -I"/usr/share/R/include" -DNDEBUG -I./boost_aux/ -I./boost/ -I. -D_LARGEFILE_SOURCE -DHAVE_PWIZ_MZML_LIB -D_NODEBUG    -I'/usr/local/lib/R/site-library/Rcpp/include' -I'/usr/local/lib/R/site-library/Rhdf5lib/include'     -fpic  -g -O2 -ffile-prefix-map=/build/r-base-rgGXCp/r-base-4.5.0=. -fstack-protector-strong -Wformat -Werror=format-security -Wdate-time -D_FORTIFY_SOURCE=2   -c pwiz/data/msdata/mz5/Connection_mz5.cpp -o pwiz/data/msdata/mz5/Connection_mz5.o
g++ -std=gnu++11 -I"/usr/share/R/include" -DNDEBUG -I./boost_aux/ -I./boost/ -I. -D_LARGEFILE_SOURCE -DHAVE_PWIZ_MZML_LIB -D_NODEBUG    -I'/usr/local/lib/R/site-library/Rcpp/include' -I'/usr/local/lib/R/site-library/Rhdf5lib/include'     -fpic  -g -O2 -ffile-prefix-map=/build/r-base-rgGXCp/r-base-4.5.0=. -fstack-protector-strong -Wformat -Werror=format-security -Wdate-time -D_FORTIFY_SOURCE=2   -c pwiz/data/msdata/mz5/Datastructures_mz5.cpp -o pwiz/data/msdata/mz5/Datastructures_mz5.o
g++ -std=gnu++11 -I"/usr/share/R/include" -DNDEBUG -I./boost_aux/ -I./boost/ -I. -D_LARGEFILE_SOURCE -DHAVE_PWIZ_MZML_LIB -D_NODEBUG    -I'/usr/local/lib/R/site-library/Rcpp/include' -I'/usr/local/lib/R/site-library/Rhdf5lib/include'     -fpic  -g -O2 -ffile-prefix-map=/build/r-base-rgGXCp/r-base-4.5.0=. -fstack-protector-strong -Wformat -Werror=format-security -Wdate-time -D_FORTIFY_SOURCE=2   -c pwiz/data/msdata/mz5/ReferenceRead_mz5.cpp -o pwiz/data/msdata/mz5/ReferenceRead_mz5.o
g++ -std=gnu++11 -I"/usr/share/R/include" -DNDEBUG -I./boost_aux/ -I./boost/ -I. -D_LARGEFILE_SOURCE -DHAVE_PWIZ_MZML_LIB -D_NODEBUG    -I'/usr/local/lib/R/site-library/Rcpp/include' -I'/usr/local/lib/R/site-library/Rhdf5lib/include'     -fpic  -g -O2 -ffile-prefix-map=/build/r-base-rgGXCp/r-base-4.5.0=. -fstack-protector-strong -Wformat -Werror=format-security -Wdate-time -D_FORTIFY_SOURCE=2   -c pwiz/data/msdata/mz5/ReferenceWrite_mz5.cpp -o pwiz/data/msdata/mz5/ReferenceWrite_mz5.o
g++ -std=gnu++11 -I"/usr/share/R/include" -DNDEBUG -I./boost_aux/ -I./boost/ -I. -D_LARGEFILE_SOURCE -DHAVE_PWIZ_MZML_LIB -D_NODEBUG    -I'/usr/local/lib/R/site-library/Rcpp/include' -I'/usr/local/lib/R/site-library/Rhdf5lib/include'     -fpic  -g -O2 -ffile-prefix-map=/build/r-base-rgGXCp/r-base-4.5.0=. -fstack-protector-strong -Wformat -Werror=format-security -Wdate-time -D_FORTIFY_SOURCE=2   -c pwiz/data/msdata/mz5/Translator_mz5.cpp -o pwiz/data/msdata/mz5/Translator_mz5.o
g++ -std=gnu++11 -I"/usr/share/R/include" -DNDEBUG -I./boost_aux/ -I./boost/ -I. -D_LARGEFILE_SOURCE -DHAVE_PWIZ_MZML_LIB -D_NODEBUG    -I'/usr/local/lib/R/site-library/Rcpp/include' -I'/usr/local/lib/R/site-library/Rhdf5lib/include'     -fpic  -g -O2 -ffile-prefix-map=/build/r-base-rgGXCp/r-base-4.5.0=. -fstack-protector-strong -Wformat -Werror=format-security -Wdate-time -D_FORTIFY_SOURCE=2   -c pwiz/data/msdata/DefaultReaderList.cpp -o pwiz/data/msdata/DefaultReaderList.o
g++ -std=gnu++11 -I"/usr/share/R/include" -DNDEBUG -I./boost_aux/ -I./boost/ -I. -D_LARGEFILE_SOURCE -DHAVE_PWIZ_MZML_LIB -D_NODEBUG    -I'/usr/local/lib/R/site-library/Rcpp/include' -I'/usr/local/lib/R/site-library/Rhdf5lib/include'     -fpic  -g -O2 -ffile-prefix-map=/build/r-base-rgGXCp/r-base-4.5.0=. -fstack-protector-strong -Wformat -Werror=format-security -Wdate-time -D_FORTIFY_SOURCE=2   -c pwiz/data/msdata/ChromatogramList_mzML.cpp -o pwiz/data/msdata/ChromatogramList_mzML.o
g++ -std=gnu++11 -I"/usr/share/R/include" -DNDEBUG -I./boost_aux/ -I./boost/ -I. -D_LARGEFILE_SOURCE -DHAVE_PWIZ_MZML_LIB -D_NODEBUG    -I'/usr/local/lib/R/site-library/Rcpp/include' -I'/usr/local/lib/R/site-library/Rhdf5lib/include'     -fpic  -g -O2 -ffile-prefix-map=/build/r-base-rgGXCp/r-base-4.5.0=. -fstack-protector-strong -Wformat -Werror=format-security -Wdate-time -D_FORTIFY_SOURCE=2   -c pwiz/data/msdata/ChromatogramList_mz5.cpp -o pwiz/data/msdata/ChromatogramList_mz5.o
g++ -std=gnu++11 -I"/usr/share/R/include" -DNDEBUG -I./boost_aux/ -I./boost/ -I. -D_LARGEFILE_SOURCE -DHAVE_PWIZ_MZML_LIB -D_NODEBUG    -I'/usr/local/lib/R/site-library/Rcpp/include' -I'/usr/local/lib/R/site-library/Rhdf5lib/include'     -fpic  -g -O2 -ffile-prefix-map=/build/r-base-rgGXCp/r-base-4.5.0=. -fstack-protector-strong -Wformat -Werror=format-security -Wdate-time -D_FORTIFY_SOURCE=2   -c pwiz/data/msdata/examples.cpp -o pwiz/data/msdata/examples.o
g++ -std=gnu++11 -I"/usr/share/R/include" -DNDEBUG -I./boost_aux/ -I./boost/ -I. -D_LARGEFILE_SOURCE -DHAVE_PWIZ_MZML_LIB -D_NODEBUG    -I'/usr/local/lib/R/site-library/Rcpp/include' -I'/usr/local/lib/R/site-library/Rhdf5lib/include'     -fpic  -g -O2 -ffile-prefix-map=/build/r-base-rgGXCp/r-base-4.5.0=. -fstack-protector-strong -Wformat -Werror=format-security -Wdate-time -D_FORTIFY_SOURCE=2   -c pwiz/data/msdata/Serializer_mzML.cpp -o pwiz/data/msdata/Serializer_mzML.o
g++ -std=gnu++11 -I"/usr/share/R/include" -DNDEBUG -I./boost_aux/ -I./boost/ -I. -D_LARGEFILE_SOURCE -DHAVE_PWIZ_MZML_LIB -D_NODEBUG    -I'/usr/local/lib/R/site-library/Rcpp/include' -I'/usr/local/lib/R/site-library/Rhdf5lib/include'     -fpic  -g -O2 -ffile-prefix-map=/build/r-base-rgGXCp/r-base-4.5.0=. -fstack-protector-strong -Wformat -Werror=format-security -Wdate-time -D_FORTIFY_SOURCE=2   -c pwiz/data/msdata/Serializer_MSn.cpp -o pwiz/data/msdata/Serializer_MSn.o
g++ -std=gnu++11 -I"/usr/share/R/include" -DNDEBUG -I./boost_aux/ -I./boost/ -I. -D_LARGEFILE_SOURCE -DHAVE_PWIZ_MZML_LIB -D_NODEBUG    -I'/usr/local/lib/R/site-library/Rcpp/include' -I'/usr/local/lib/R/site-library/Rhdf5lib/include'     -fpic  -g -O2 -ffile-prefix-map=/build/r-base-rgGXCp/r-base-4.5.0=. -fstack-protector-strong -Wformat -Werror=format-security -Wdate-time -D_FORTIFY_SOURCE=2   -c pwiz/data/msdata/Reader.cpp -o pwiz/data/msdata/Reader.o
g++ -std=gnu++11 -I"/usr/share/R/include" -DNDEBUG -I./boost_aux/ -I./boost/ -I. -D_LARGEFILE_SOURCE -DHAVE_PWIZ_MZML_LIB -D_NODEBUG    -I'/usr/local/lib/R/site-library/Rcpp/include' -I'/usr/local/lib/R/site-library/Rhdf5lib/include'     -fpic  -g -O2 -ffile-prefix-map=/build/r-base-rgGXCp/r-base-4.5.0=. -fstack-protector-strong -Wformat -Werror=format-security -Wdate-time -D_FORTIFY_SOURCE=2   -c pwiz/data/msdata/Serializer_mz5.cpp -o pwiz/data/msdata/Serializer_mz5.o
g++ -std=gnu++11 -I"/usr/share/R/include" -DNDEBUG -I./boost_aux/ -I./boost/ -I. -D_LARGEFILE_SOURCE -DHAVE_PWIZ_MZML_LIB -D_NODEBUG    -I'/usr/local/lib/R/site-library/Rcpp/include' -I'/usr/local/lib/R/site-library/Rhdf5lib/include'     -fpic  -g -O2 -ffile-prefix-map=/build/r-base-rgGXCp/r-base-4.5.0=. -fstack-protector-strong -Wformat -Werror=format-security -Wdate-time -D_FORTIFY_SOURCE=2   -c pwiz/data/msdata/Serializer_MGF.cpp -o pwiz/data/msdata/Serializer_MGF.o
g++ -std=gnu++11 -I"/usr/share/R/include" -DNDEBUG -I./boost_aux/ -I./boost/ -I. -D_LARGEFILE_SOURCE -DHAVE_PWIZ_MZML_LIB -D_NODEBUG    -I'/usr/local/lib/R/site-library/Rcpp/include' -I'/usr/local/lib/R/site-library/Rhdf5lib/include'     -fpic  -g -O2 -ffile-prefix-map=/build/r-base-rgGXCp/r-base-4.5.0=. -fstack-protector-strong -Wformat -Werror=format-security -Wdate-time -D_FORTIFY_SOURCE=2   -c pwiz/data/msdata/Serializer_mzXML.cpp -o pwiz/data/msdata/Serializer_mzXML.o
g++ -std=gnu++11 -I"/usr/share/R/include" -DNDEBUG -I./boost_aux/ -I./boost/ -I. -D_LARGEFILE_SOURCE -DHAVE_PWIZ_MZML_LIB -D_NODEBUG    -I'/usr/local/lib/R/site-library/Rcpp/include' -I'/usr/local/lib/R/site-library/Rhdf5lib/include'     -fpic  -g -O2 -ffile-prefix-map=/build/r-base-rgGXCp/r-base-4.5.0=. -fstack-protector-strong -Wformat -Werror=format-security -Wdate-time -D_FORTIFY_SOURCE=2   -c pwiz/data/msdata/SpectrumListBase.cpp -o pwiz/data/msdata/SpectrumListBase.o
g++ -std=gnu++11 -I"/usr/share/R/include" -DNDEBUG -I./boost_aux/ -I./boost/ -I. -D_LARGEFILE_SOURCE -DHAVE_PWIZ_MZML_LIB -D_NODEBUG    -I'/usr/local/lib/R/site-library/Rcpp/include' -I'/usr/local/lib/R/site-library/Rhdf5lib/include'     -fpic  -g -O2 -ffile-prefix-map=/build/r-base-rgGXCp/r-base-4.5.0=. -fstack-protector-strong -Wformat -Werror=format-security -Wdate-time -D_FORTIFY_SOURCE=2   -c pwiz/data/msdata/SpectrumList_MGF.cpp -o pwiz/data/msdata/SpectrumList_MGF.o
g++ -std=gnu++11 -I"/usr/share/R/include" -DNDEBUG -I./boost_aux/ -I./boost/ -I. -D_LARGEFILE_SOURCE -DHAVE_PWIZ_MZML_LIB -D_NODEBUG    -I'/usr/local/lib/R/site-library/Rcpp/include' -I'/usr/local/lib/R/site-library/Rhdf5lib/include'     -fpic  -g -O2 -ffile-prefix-map=/build/r-base-rgGXCp/r-base-4.5.0=. -fstack-protector-strong -Wformat -Werror=format-security -Wdate-time -D_FORTIFY_SOURCE=2   -c pwiz/data/msdata/SpectrumList_mzML.cpp -o pwiz/data/msdata/SpectrumList_mzML.o
In file included from ./boost/smart_ptr/detail/sp_thread_sleep.hpp:22,
                 from ./boost/smart_ptr/detail/yield_k.hpp:23,
                 from ./boost/smart_ptr/detail/spinlock_gcc_atomic.hpp:14,
                 from ./boost/smart_ptr/detail/spinlock.hpp:42,
                 from ./boost/smart_ptr/detail/spinlock_pool.hpp:25,
                 from ./boost/smart_ptr/shared_ptr.hpp:29,
                 from ./boost/shared_ptr.hpp:17,
                 from ./pwiz/data/common/ParamTypes.hpp:33,
                 from ./pwiz/data/msdata/MSData.hpp:30,
                 from pwiz/data/msdata/SpectrumListBase.hpp:28,
                 from pwiz/data/msdata/SpectrumList_mzML.hpp:29,
                 from pwiz/data/msdata/SpectrumList_mzML.cpp:26:
./boost/config/pragma_message.hpp:24:34: note: ‘#pragma message: The practice of declaring the Bind placeholders (_1, _2, ...) in the global namespace is deprecated. Please use <boost/bind/bind.hpp> + using namespace boost::placeholders, or define BOOST_BIND_GLOBAL_PLACEHOLDERS to retain the current behavior.’
   24 | # define BOOST_PRAGMA_MESSAGE(x) _Pragma(BOOST_STRINGIZE(message(x)))
      |                                  ^~~~~~~
./boost/bind.hpp:36:1: note: in expansion of macro ‘BOOST_PRAGMA_MESSAGE’
   36 | BOOST_PRAGMA_MESSAGE(
      | ^~~~~~~~~~~~~~~~~~~~
g++ -std=gnu++11 -I"/usr/share/R/include" -DNDEBUG -I./boost_aux/ -I./boost/ -I. -D_LARGEFILE_SOURCE -DHAVE_PWIZ_MZML_LIB -D_NODEBUG    -I'/usr/local/lib/R/site-library/Rcpp/include' -I'/usr/local/lib/R/site-library/Rhdf5lib/include'     -fpic  -g -O2 -ffile-prefix-map=/build/r-base-rgGXCp/r-base-4.5.0=. -fstack-protector-strong -Wformat -Werror=format-security -Wdate-time -D_FORTIFY_SOURCE=2   -c pwiz/data/msdata/SpectrumList_MSn.cpp -o pwiz/data/msdata/SpectrumList_MSn.o
g++ -std=gnu++11 -I"/usr/share/R/include" -DNDEBUG -I./boost_aux/ -I./boost/ -I. -D_LARGEFILE_SOURCE -DHAVE_PWIZ_MZML_LIB -D_NODEBUG    -I'/usr/local/lib/R/site-library/Rcpp/include' -I'/usr/local/lib/R/site-library/Rhdf5lib/include'     -fpic  -g -O2 -ffile-prefix-map=/build/r-base-rgGXCp/r-base-4.5.0=. -fstack-protector-strong -Wformat -Werror=format-security -Wdate-time -D_FORTIFY_SOURCE=2   -c pwiz/data/msdata/SpectrumList_mz5.cpp -o pwiz/data/msdata/SpectrumList_mz5.o
g++ -std=gnu++11 -I"/usr/share/R/include" -DNDEBUG -I./boost_aux/ -I./boost/ -I. -D_LARGEFILE_SOURCE -DHAVE_PWIZ_MZML_LIB -D_NODEBUG    -I'/usr/local/lib/R/site-library/Rcpp/include' -I'/usr/local/lib/R/site-library/Rhdf5lib/include'     -fpic  -g -O2 -ffile-prefix-map=/build/r-base-rgGXCp/r-base-4.5.0=. -fstack-protector-strong -Wformat -Werror=format-security -Wdate-time -D_FORTIFY_SOURCE=2   -c pwiz/data/msdata/BinaryDataEncoder.cpp -o pwiz/data/msdata/BinaryDataEncoder.o
g++ -std=gnu++11 -I"/usr/share/R/include" -DNDEBUG -I./boost_aux/ -I./boost/ -I. -D_LARGEFILE_SOURCE -DHAVE_PWIZ_MZML_LIB -D_NODEBUG    -I'/usr/local/lib/R/site-library/Rcpp/include' -I'/usr/local/lib/R/site-library/Rhdf5lib/include'     -fpic  -g -O2 -ffile-prefix-map=/build/r-base-rgGXCp/r-base-4.5.0=. -fstack-protector-strong -Wformat -Werror=format-security -Wdate-time -D_FORTIFY_SOURCE=2   -c pwiz/data/msdata/Diff.cpp -o pwiz/data/msdata/Diff.o
g++ -std=gnu++11 -I"/usr/share/R/include" -DNDEBUG -I./boost_aux/ -I./boost/ -I. -D_LARGEFILE_SOURCE -DHAVE_PWIZ_MZML_LIB -D_NODEBUG    -I'/usr/local/lib/R/site-library/Rcpp/include' -I'/usr/local/lib/R/site-library/Rhdf5lib/include'     -fpic  -g -O2 -ffile-prefix-map=/build/r-base-rgGXCp/r-base-4.5.0=. -fstack-protector-strong -Wformat -Werror=format-security -Wdate-time -D_FORTIFY_SOURCE=2   -c pwiz/data/msdata/MSData.cpp -o pwiz/data/msdata/MSData.o
g++ -std=gnu++11 -I"/usr/share/R/include" -DNDEBUG -I./boost_aux/ -I./boost/ -I. -D_LARGEFILE_SOURCE -DHAVE_PWIZ_MZML_LIB -D_NODEBUG    -I'/usr/local/lib/R/site-library/Rcpp/include' -I'/usr/local/lib/R/site-library/Rhdf5lib/include'     -fpic  -g -O2 -ffile-prefix-map=/build/r-base-rgGXCp/r-base-4.5.0=. -fstack-protector-strong -Wformat -Werror=format-security -Wdate-time -D_FORTIFY_SOURCE=2   -c pwiz/data/msdata/References.cpp -o pwiz/data/msdata/References.o
g++ -std=gnu++11 -I"/usr/share/R/include" -DNDEBUG -I./boost_aux/ -I./boost/ -I. -D_LARGEFILE_SOURCE -DHAVE_PWIZ_MZML_LIB -D_NODEBUG    -I'/usr/local/lib/R/site-library/Rcpp/include' -I'/usr/local/lib/R/site-library/Rhdf5lib/include'     -fpic  -g -O2 -ffile-prefix-map=/build/r-base-rgGXCp/r-base-4.5.0=. -fstack-protector-strong -Wformat -Werror=format-security -Wdate-time -D_FORTIFY_SOURCE=2   -c pwiz/data/msdata/SpectrumList_mzXML.cpp -o pwiz/data/msdata/SpectrumList_mzXML.o
g++ -std=gnu++11 -I"/usr/share/R/include" -DNDEBUG -I./boost_aux/ -I./boost/ -I. -D_LARGEFILE_SOURCE -DHAVE_PWIZ_MZML_LIB -D_NODEBUG    -I'/usr/local/lib/R/site-library/Rcpp/include' -I'/usr/local/lib/R/site-library/Rhdf5lib/include'     -fpic  -g -O2 -ffile-prefix-map=/build/r-base-rgGXCp/r-base-4.5.0=. -fstack-protector-strong -Wformat -Werror=format-security -Wdate-time -D_FORTIFY_SOURCE=2   -c pwiz/data/msdata/IO.cpp -o pwiz/data/msdata/IO.o
g++ -std=gnu++11 -I"/usr/share/R/include" -DNDEBUG -I./boost_aux/ -I./boost/ -I. -D_LARGEFILE_SOURCE -DHAVE_PWIZ_MZML_LIB -D_NODEBUG    -I'/usr/local/lib/R/site-library/Rcpp/include' -I'/usr/local/lib/R/site-library/Rhdf5lib/include'     -fpic  -g -O2 -ffile-prefix-map=/build/r-base-rgGXCp/r-base-4.5.0=. -fstack-protector-strong -Wformat -Werror=format-security -Wdate-time -D_FORTIFY_SOURCE=2   -c pwiz/data/msdata/SpectrumList_BTDX.cpp -o pwiz/data/msdata/SpectrumList_BTDX.o
g++ -std=gnu++11 -I"/usr/share/R/include" -DNDEBUG -I./boost_aux/ -I./boost/ -I. -D_LARGEFILE_SOURCE -DHAVE_PWIZ_MZML_LIB -D_NODEBUG    -I'/usr/local/lib/R/site-library/Rcpp/include' -I'/usr/local/lib/R/site-library/Rhdf5lib/include'     -fpic  -g -O2 -ffile-prefix-map=/build/r-base-rgGXCp/r-base-4.5.0=. -fstack-protector-strong -Wformat -Werror=format-security -Wdate-time -D_FORTIFY_SOURCE=2   -c pwiz/data/msdata/SpectrumInfo.cpp -o pwiz/data/msdata/SpectrumInfo.o
g++ -std=gnu++11 -I"/usr/share/R/include" -DNDEBUG -I./boost_aux/ -I./boost/ -I. -D_LARGEFILE_SOURCE -DHAVE_PWIZ_MZML_LIB -D_NODEBUG    -I'/usr/local/lib/R/site-library/Rcpp/include' -I'/usr/local/lib/R/site-library/Rhdf5lib/include'     -fpic  -g -O2 -ffile-prefix-map=/build/r-base-rgGXCp/r-base-4.5.0=. -fstack-protector-strong -Wformat -Werror=format-security -Wdate-time -D_FORTIFY_SOURCE=2   -c pwiz/data/msdata/LegacyAdapter.cpp -o pwiz/data/msdata/LegacyAdapter.o
g++ -std=gnu++11 -I"/usr/share/R/include" -DNDEBUG -I./boost_aux/ -I./boost/ -I. -D_LARGEFILE_SOURCE -DHAVE_PWIZ_MZML_LIB -D_NODEBUG    -I'/usr/local/lib/R/site-library/Rcpp/include' -I'/usr/local/lib/R/site-library/Rhdf5lib/include'     -fpic  -g -O2 -ffile-prefix-map=/build/r-base-rgGXCp/r-base-4.5.0=. -fstack-protector-strong -Wformat -Werror=format-security -Wdate-time -D_FORTIFY_SOURCE=2   -c pwiz/data/msdata/SpectrumIterator.cpp -o pwiz/data/msdata/SpectrumIterator.o
g++ -std=gnu++11 -I"/usr/share/R/include" -DNDEBUG -I./boost_aux/ -I./boost/ -I. -D_LARGEFILE_SOURCE -DHAVE_PWIZ_MZML_LIB -D_NODEBUG    -I'/usr/local/lib/R/site-library/Rcpp/include' -I'/usr/local/lib/R/site-library/Rhdf5lib/include'     -fpic  -g -O2 -ffile-prefix-map=/build/r-base-rgGXCp/r-base-4.5.0=. -fstack-protector-strong -Wformat -Werror=format-security -Wdate-time -D_FORTIFY_SOURCE=2   -c pwiz/data/msdata/MSDataFile.cpp -o pwiz/data/msdata/MSDataFile.o
g++ -std=gnu++11 -I"/usr/share/R/include" -DNDEBUG -I./boost_aux/ -I./boost/ -I. -D_LARGEFILE_SOURCE -DHAVE_PWIZ_MZML_LIB -D_NODEBUG    -I'/usr/local/lib/R/site-library/Rcpp/include' -I'/usr/local/lib/R/site-library/Rhdf5lib/include'     -fpic  -g -O2 -ffile-prefix-map=/build/r-base-rgGXCp/r-base-4.5.0=. -fstack-protector-strong -Wformat -Werror=format-security -Wdate-time -D_FORTIFY_SOURCE=2   -c pwiz/data/msdata/MSNumpress.cpp -o pwiz/data/msdata/MSNumpress.o
g++ -std=gnu++11 -I"/usr/share/R/include" -DNDEBUG -I./boost_aux/ -I./boost/ -I. -D_LARGEFILE_SOURCE -DHAVE_PWIZ_MZML_LIB -D_NODEBUG    -I'/usr/local/lib/R/site-library/Rcpp/include' -I'/usr/local/lib/R/site-library/Rhdf5lib/include'     -fpic  -g -O2 -ffile-prefix-map=/build/r-base-rgGXCp/r-base-4.5.0=. -fstack-protector-strong -Wformat -Werror=format-security -Wdate-time -D_FORTIFY_SOURCE=2   -c pwiz/data/msdata/SpectrumListCache.cpp -o pwiz/data/msdata/SpectrumListCache.o
g++ -std=gnu++11 -I"/usr/share/R/include" -DNDEBUG -I./boost_aux/ -I./boost/ -I. -D_LARGEFILE_SOURCE -DHAVE_PWIZ_MZML_LIB -D_NODEBUG    -I'/usr/local/lib/R/site-library/Rcpp/include' -I'/usr/local/lib/R/site-library/Rhdf5lib/include'     -fpic  -g -O2 -ffile-prefix-map=/build/r-base-rgGXCp/r-base-4.5.0=. -fstack-protector-strong -Wformat -Werror=format-security -Wdate-time -D_FORTIFY_SOURCE=2   -c pwiz/data/msdata/Index_mzML.cpp -o pwiz/data/msdata/Index_mzML.o
g++ -std=gnu++11 -I"/usr/share/R/include" -DNDEBUG -I./boost_aux/ -I./boost/ -I. -D_LARGEFILE_SOURCE -DHAVE_PWIZ_MZML_LIB -D_NODEBUG    -I'/usr/local/lib/R/site-library/Rcpp/include' -I'/usr/local/lib/R/site-library/Rhdf5lib/include'     -fpic  -g -O2 -ffile-prefix-map=/build/r-base-rgGXCp/r-base-4.5.0=. -fstack-protector-strong -Wformat -Werror=format-security -Wdate-time -D_FORTIFY_SOURCE=2   -c pwiz/data/msdata/SpectrumWorkerThreads.cpp -o pwiz/data/msdata/SpectrumWorkerThreads.o
g++ -std=gnu++11 -I"/usr/share/R/include" -DNDEBUG -I./boost_aux/ -I./boost/ -I. -D_LARGEFILE_SOURCE -DHAVE_PWIZ_MZML_LIB -D_NODEBUG    -I'/usr/local/lib/R/site-library/Rcpp/include' -I'/usr/local/lib/R/site-library/Rhdf5lib/include'     -fpic  -g -O2 -ffile-prefix-map=/build/r-base-rgGXCp/r-base-4.5.0=. -fstack-protector-strong -Wformat -Werror=format-security -Wdate-time -D_FORTIFY_SOURCE=2   -c pwiz/data/identdata/IdentDataFile.cpp -o pwiz/data/identdata/IdentDataFile.o
g++ -std=gnu++11 -I"/usr/share/R/include" -DNDEBUG -I./boost_aux/ -I./boost/ -I. -D_LARGEFILE_SOURCE -DHAVE_PWIZ_MZML_LIB -D_NODEBUG    -I'/usr/local/lib/R/site-library/Rcpp/include' -I'/usr/local/lib/R/site-library/Rhdf5lib/include'     -fpic  -g -O2 -ffile-prefix-map=/build/r-base-rgGXCp/r-base-4.5.0=. -fstack-protector-strong -Wformat -Werror=format-security -Wdate-time -D_FORTIFY_SOURCE=2   -c pwiz/data/identdata/IdentData.cpp -o pwiz/data/identdata/IdentData.o
g++ -std=gnu++11 -I"/usr/share/R/include" -DNDEBUG -I./boost_aux/ -I./boost/ -I. -D_LARGEFILE_SOURCE -DHAVE_PWIZ_MZML_LIB -D_NODEBUG    -I'/usr/local/lib/R/site-library/Rcpp/include' -I'/usr/local/lib/R/site-library/Rhdf5lib/include'     -fpic  -g -O2 -ffile-prefix-map=/build/r-base-rgGXCp/r-base-4.5.0=. -fstack-protector-strong -Wformat -Werror=format-security -Wdate-time -D_FORTIFY_SOURCE=2   -c pwiz/data/identdata/DefaultReaderList.cpp -o pwiz/data/identdata/DefaultReaderList.o
g++ -std=gnu++11 -I"/usr/share/R/include" -DNDEBUG -I./boost_aux/ -I./boost/ -I. -D_LARGEFILE_SOURCE -DHAVE_PWIZ_MZML_LIB -D_NODEBUG    -I'/usr/local/lib/R/site-library/Rcpp/include' -I'/usr/local/lib/R/site-library/Rhdf5lib/include'     -fpic  -g -O2 -ffile-prefix-map=/build/r-base-rgGXCp/r-base-4.5.0=. -fstack-protector-strong -Wformat -Werror=format-security -Wdate-time -D_FORTIFY_SOURCE=2   -c pwiz/data/identdata/Reader.cpp -o pwiz/data/identdata/Reader.o
g++ -std=gnu++11 -I"/usr/share/R/include" -DNDEBUG -I./boost_aux/ -I./boost/ -I. -D_LARGEFILE_SOURCE -DHAVE_PWIZ_MZML_LIB -D_NODEBUG    -I'/usr/local/lib/R/site-library/Rcpp/include' -I'/usr/local/lib/R/site-library/Rhdf5lib/include'     -fpic  -g -O2 -ffile-prefix-map=/build/r-base-rgGXCp/r-base-4.5.0=. -fstack-protector-strong -Wformat -Werror=format-security -Wdate-time -D_FORTIFY_SOURCE=2   -c pwiz/data/identdata/Serializer_protXML.cpp -o pwiz/data/identdata/Serializer_protXML.o
g++ -std=gnu++11 -I"/usr/share/R/include" -DNDEBUG -I./boost_aux/ -I./boost/ -I. -D_LARGEFILE_SOURCE -DHAVE_PWIZ_MZML_LIB -D_NODEBUG    -I'/usr/local/lib/R/site-library/Rcpp/include' -I'/usr/local/lib/R/site-library/Rhdf5lib/include'     -fpic  -g -O2 -ffile-prefix-map=/build/r-base-rgGXCp/r-base-4.5.0=. -fstack-protector-strong -Wformat -Werror=format-security -Wdate-time -D_FORTIFY_SOURCE=2   -c pwiz/data/identdata/Serializer_pepXML.cpp -o pwiz/data/identdata/Serializer_pepXML.o
g++ -std=gnu++11 -I"/usr/share/R/include" -DNDEBUG -I./boost_aux/ -I./boost/ -I. -D_LARGEFILE_SOURCE -DHAVE_PWIZ_MZML_LIB -D_NODEBUG    -I'/usr/local/lib/R/site-library/Rcpp/include' -I'/usr/local/lib/R/site-library/Rhdf5lib/include'     -fpic  -g -O2 -ffile-prefix-map=/build/r-base-rgGXCp/r-base-4.5.0=. -fstack-protector-strong -Wformat -Werror=format-security -Wdate-time -D_FORTIFY_SOURCE=2   -c pwiz/data/identdata/Serializer_mzid.cpp -o pwiz/data/identdata/Serializer_mzid.o
g++ -std=gnu++11 -I"/usr/share/R/include" -DNDEBUG -I./boost_aux/ -I./boost/ -I. -D_LARGEFILE_SOURCE -DHAVE_PWIZ_MZML_LIB -D_NODEBUG    -I'/usr/local/lib/R/site-library/Rcpp/include' -I'/usr/local/lib/R/site-library/Rhdf5lib/include'     -fpic  -g -O2 -ffile-prefix-map=/build/r-base-rgGXCp/r-base-4.5.0=. -fstack-protector-strong -Wformat -Werror=format-security -Wdate-time -D_FORTIFY_SOURCE=2   -c pwiz/data/identdata/IO.cpp -o pwiz/data/identdata/IO.o
g++ -std=gnu++11 -I"/usr/share/R/include" -DNDEBUG -I./boost_aux/ -I./boost/ -I. -D_LARGEFILE_SOURCE -DHAVE_PWIZ_MZML_LIB -D_NODEBUG    -I'/usr/local/lib/R/site-library/Rcpp/include' -I'/usr/local/lib/R/site-library/Rhdf5lib/include'     -fpic  -g -O2 -ffile-prefix-map=/build/r-base-rgGXCp/r-base-4.5.0=. -fstack-protector-strong -Wformat -Werror=format-security -Wdate-time -D_FORTIFY_SOURCE=2   -c pwiz/data/identdata/References.cpp -o pwiz/data/identdata/References.o
g++ -std=gnu++11 -I"/usr/share/R/include" -DNDEBUG -I./boost_aux/ -I./boost/ -I. -D_LARGEFILE_SOURCE -DHAVE_PWIZ_MZML_LIB -D_NODEBUG    -I'/usr/local/lib/R/site-library/Rcpp/include' -I'/usr/local/lib/R/site-library/Rhdf5lib/include'     -fpic  -g -O2 -ffile-prefix-map=/build/r-base-rgGXCp/r-base-4.5.0=. -fstack-protector-strong -Wformat -Werror=format-security -Wdate-time -D_FORTIFY_SOURCE=2   -c pwiz/data/identdata/MascotReader.cpp -o pwiz/data/identdata/MascotReader.o
g++ -std=gnu++11 -I"/usr/share/R/include" -DNDEBUG -I./boost_aux/ -I./boost/ -I. -D_LARGEFILE_SOURCE -DHAVE_PWIZ_MZML_LIB -D_NODEBUG    -I'/usr/local/lib/R/site-library/Rcpp/include' -I'/usr/local/lib/R/site-library/Rhdf5lib/include'     -fpic  -g -O2 -ffile-prefix-map=/build/r-base-rgGXCp/r-base-4.5.0=. -fstack-protector-strong -Wformat -Werror=format-security -Wdate-time -D_FORTIFY_SOURCE=2   -c pwiz/data/proteome/Modification.cpp -o pwiz/data/proteome/Modification.o
pwiz/data/proteome/Modification.cpp:89:5: warning: ‘template<class> class std::auto_ptr’ is deprecated: use 'std::unique_ptr' instead [-Wdeprecated-declarations]
   89 |     auto_ptr<Formula> formula_;
      |     ^~~~~~~~
In file included from /usr/include/c++/11/memory:76,
                 from ./boost/smart_ptr/detail/sp_counted_impl.hpp:35,
                 from ./boost/smart_ptr/detail/shared_count.hpp:27,
                 from ./boost/smart_ptr/shared_ptr.hpp:17,
                 from ./boost/shared_ptr.hpp:17,
                 from ./pwiz/utility/chemistry/Chemistry.hpp:33,
                 from pwiz/data/proteome/Peptide.hpp:29,
                 from pwiz/data/proteome/Modification.hpp:30,
                 from pwiz/data/proteome/Modification.cpp:27:
/usr/include/c++/11/bits/unique_ptr.h:57:28: note: declared here
   57 |   template<typename> class auto_ptr;
      |                            ^~~~~~~~
g++ -std=gnu++11 -I"/usr/share/R/include" -DNDEBUG -I./boost_aux/ -I./boost/ -I. -D_LARGEFILE_SOURCE -DHAVE_PWIZ_MZML_LIB -D_NODEBUG    -I'/usr/local/lib/R/site-library/Rcpp/include' -I'/usr/local/lib/R/site-library/Rhdf5lib/include'     -fpic  -g -O2 -ffile-prefix-map=/build/r-base-rgGXCp/r-base-4.5.0=. -fstack-protector-strong -Wformat -Werror=format-security -Wdate-time -D_FORTIFY_SOURCE=2   -c pwiz/data/proteome/Digestion.cpp -o pwiz/data/proteome/Digestion.o
g++ -std=gnu++11 -I"/usr/share/R/include" -DNDEBUG -I./boost_aux/ -I./boost/ -I. -D_LARGEFILE_SOURCE -DHAVE_PWIZ_MZML_LIB -D_NODEBUG    -I'/usr/local/lib/R/site-library/Rcpp/include' -I'/usr/local/lib/R/site-library/Rhdf5lib/include'     -fpic  -g -O2 -ffile-prefix-map=/build/r-base-rgGXCp/r-base-4.5.0=. -fstack-protector-strong -Wformat -Werror=format-security -Wdate-time -D_FORTIFY_SOURCE=2   -c pwiz/data/proteome/Peptide.cpp -o pwiz/data/proteome/Peptide.o
g++ -std=gnu++11 -I"/usr/share/R/include" -DNDEBUG -I./boost_aux/ -I./boost/ -I. -D_LARGEFILE_SOURCE -DHAVE_PWIZ_MZML_LIB -D_NODEBUG    -I'/usr/local/lib/R/site-library/Rcpp/include' -I'/usr/local/lib/R/site-library/Rhdf5lib/include'     -fpic  -g -O2 -ffile-prefix-map=/build/r-base-rgGXCp/r-base-4.5.0=. -fstack-protector-strong -Wformat -Werror=format-security -Wdate-time -D_FORTIFY_SOURCE=2   -c pwiz/data/proteome/AminoAcid.cpp -o pwiz/data/proteome/AminoAcid.o
g++ -std=gnu++11 -I"/usr/share/R/include" -DNDEBUG -I./boost_aux/ -I./boost/ -I. -D_LARGEFILE_SOURCE -DHAVE_PWIZ_MZML_LIB -D_NODEBUG    -I'/usr/local/lib/R/site-library/Rcpp/include' -I'/usr/local/lib/R/site-library/Rhdf5lib/include'     -fpic  -g -O2 -ffile-prefix-map=/build/r-base-rgGXCp/r-base-4.5.0=. -fstack-protector-strong -Wformat -Werror=format-security -Wdate-time -D_FORTIFY_SOURCE=2   -c pwiz/utility/minimxml/XMLWriter.cpp -o pwiz/utility/minimxml/XMLWriter.o
g++ -std=gnu++11 -I"/usr/share/R/include" -DNDEBUG -I./boost_aux/ -I./boost/ -I. -D_LARGEFILE_SOURCE -DHAVE_PWIZ_MZML_LIB -D_NODEBUG    -I'/usr/local/lib/R/site-library/Rcpp/include' -I'/usr/local/lib/R/site-library/Rhdf5lib/include'     -fpic  -g -O2 -ffile-prefix-map=/build/r-base-rgGXCp/r-base-4.5.0=. -fstack-protector-strong -Wformat -Werror=format-security -Wdate-time -D_FORTIFY_SOURCE=2   -c pwiz/utility/minimxml/SAXParser.cpp -o pwiz/utility/minimxml/SAXParser.o
g++ -std=gnu++11 -I"/usr/share/R/include" -DNDEBUG -I./boost_aux/ -I./boost/ -I. -D_LARGEFILE_SOURCE -DHAVE_PWIZ_MZML_LIB -D_NODEBUG    -I'/usr/local/lib/R/site-library/Rcpp/include' -I'/usr/local/lib/R/site-library/Rhdf5lib/include'     -fpic  -g -O2 -ffile-prefix-map=/build/r-base-rgGXCp/r-base-4.5.0=. -fstack-protector-strong -Wformat -Werror=format-security -Wdate-time -D_FORTIFY_SOURCE=2   -c pwiz/utility/chemistry/Chemistry.cpp -o pwiz/utility/chemistry/Chemistry.o
g++ -std=gnu++11 -I"/usr/share/R/include" -DNDEBUG -I./boost_aux/ -I./boost/ -I. -D_LARGEFILE_SOURCE -DHAVE_PWIZ_MZML_LIB -D_NODEBUG    -I'/usr/local/lib/R/site-library/Rcpp/include' -I'/usr/local/lib/R/site-library/Rhdf5lib/include'     -fpic  -g -O2 -ffile-prefix-map=/build/r-base-rgGXCp/r-base-4.5.0=. -fstack-protector-strong -Wformat -Werror=format-security -Wdate-time -D_FORTIFY_SOURCE=2   -c pwiz/utility/chemistry/ChemistryData.cpp -o pwiz/utility/chemistry/ChemistryData.o
g++ -std=gnu++11 -I"/usr/share/R/include" -DNDEBUG -I./boost_aux/ -I./boost/ -I. -D_LARGEFILE_SOURCE -DHAVE_PWIZ_MZML_LIB -D_NODEBUG    -I'/usr/local/lib/R/site-library/Rcpp/include' -I'/usr/local/lib/R/site-library/Rhdf5lib/include'     -fpic  -g -O2 -ffile-prefix-map=/build/r-base-rgGXCp/r-base-4.5.0=. -fstack-protector-strong -Wformat -Werror=format-security -Wdate-time -D_FORTIFY_SOURCE=2   -c pwiz/utility/chemistry/MZTolerance.cpp -o pwiz/utility/chemistry/MZTolerance.o
g++ -std=gnu++11 -I"/usr/share/R/include" -DNDEBUG -I./boost_aux/ -I./boost/ -I. -D_LARGEFILE_SOURCE -DHAVE_PWIZ_MZML_LIB -D_NODEBUG    -I'/usr/local/lib/R/site-library/Rcpp/include' -I'/usr/local/lib/R/site-library/Rhdf5lib/include'     -fpic  -g -O2 -ffile-prefix-map=/build/r-base-rgGXCp/r-base-4.5.0=. -fstack-protector-strong -Wformat -Werror=format-security -Wdate-time -D_FORTIFY_SOURCE=2   -c pwiz/utility/misc/IntegerSet.cpp -o pwiz/utility/misc/IntegerSet.o
g++ -std=gnu++11 -I"/usr/share/R/include" -DNDEBUG -I./boost_aux/ -I./boost/ -I. -D_LARGEFILE_SOURCE -DHAVE_PWIZ_MZML_LIB -D_NODEBUG    -I'/usr/local/lib/R/site-library/Rcpp/include' -I'/usr/local/lib/R/site-library/Rhdf5lib/include'     -fpic  -g -O2 -ffile-prefix-map=/build/r-base-rgGXCp/r-base-4.5.0=. -fstack-protector-strong -Wformat -Werror=format-security -Wdate-time -D_FORTIFY_SOURCE=2   -c pwiz/utility/misc/Base64.cpp -o pwiz/utility/misc/Base64.o
g++ -std=gnu++11 -I"/usr/share/R/include" -DNDEBUG -I./boost_aux/ -I./boost/ -I. -D_LARGEFILE_SOURCE -DHAVE_PWIZ_MZML_LIB -D_NODEBUG    -I'/usr/local/lib/R/site-library/Rcpp/include' -I'/usr/local/lib/R/site-library/Rhdf5lib/include'     -fpic  -g -O2 -ffile-prefix-map=/build/r-base-rgGXCp/r-base-4.5.0=. -fstack-protector-strong -Wformat -Werror=format-security -Wdate-time -D_FORTIFY_SOURCE=2   -c pwiz/utility/misc/BinaryData.cpp -o pwiz/utility/misc/BinaryData.o
g++ -std=gnu++11 -I"/usr/share/R/include" -DNDEBUG -I./boost_aux/ -I./boost/ -I. -D_LARGEFILE_SOURCE -DHAVE_PWIZ_MZML_LIB -D_NODEBUG    -I'/usr/local/lib/R/site-library/Rcpp/include' -I'/usr/local/lib/R/site-library/Rhdf5lib/include'     -fpic  -g -O2 -ffile-prefix-map=/build/r-base-rgGXCp/r-base-4.5.0=. -fstack-protector-strong -Wformat -Werror=format-security -Wdate-time -D_FORTIFY_SOURCE=2   -c pwiz/utility/misc/IterationListener.cpp -o pwiz/utility/misc/IterationListener.o
g++ -std=gnu++11 -I"/usr/share/R/include" -DNDEBUG -I./boost_aux/ -I./boost/ -I. -D_LARGEFILE_SOURCE -DHAVE_PWIZ_MZML_LIB -D_NODEBUG    -I'/usr/local/lib/R/site-library/Rcpp/include' -I'/usr/local/lib/R/site-library/Rhdf5lib/include'     -fpic  -g -O2 -ffile-prefix-map=/build/r-base-rgGXCp/r-base-4.5.0=. -fstack-protector-strong -Wformat -Werror=format-security -Wdate-time -D_FORTIFY_SOURCE=2   -c pwiz/utility/misc/MSIHandler.cpp -o pwiz/utility/misc/MSIHandler.o
g++ -std=gnu++11 -I"/usr/share/R/include" -DNDEBUG -I./boost_aux/ -I./boost/ -I. -D_LARGEFILE_SOURCE -DHAVE_PWIZ_MZML_LIB -D_NODEBUG    -I'/usr/local/lib/R/site-library/Rcpp/include' -I'/usr/local/lib/R/site-library/Rhdf5lib/include'     -fpic  -g -O2 -ffile-prefix-map=/build/r-base-rgGXCp/r-base-4.5.0=. -fstack-protector-strong -Wformat -Werror=format-security -Wdate-time -D_FORTIFY_SOURCE=2   -c pwiz/utility/misc/Filesystem.cpp -o pwiz/utility/misc/Filesystem.o
g++ -std=gnu++11 -I"/usr/share/R/include" -DNDEBUG -I./boost_aux/ -I./boost/ -I. -D_LARGEFILE_SOURCE -DHAVE_PWIZ_MZML_LIB -D_NODEBUG    -I'/usr/local/lib/R/site-library/Rcpp/include' -I'/usr/local/lib/R/site-library/Rhdf5lib/include'     -fpic  -g -O2 -ffile-prefix-map=/build/r-base-rgGXCp/r-base-4.5.0=. -fstack-protector-strong -Wformat -Werror=format-security -Wdate-time -D_FORTIFY_SOURCE=2   -c pwiz/utility/misc/TabReader.cpp -o pwiz/utility/misc/TabReader.o
g++ -std=gnu++11 -I"/usr/share/R/include" -DNDEBUG -I./boost_aux/ -I./boost/ -I. -D_LARGEFILE_SOURCE -DHAVE_PWIZ_MZML_LIB -D_NODEBUG    -I'/usr/local/lib/R/site-library/Rcpp/include' -I'/usr/local/lib/R/site-library/Rhdf5lib/include'     -fpic  -g -O2 -ffile-prefix-map=/build/r-base-rgGXCp/r-base-4.5.0=. -fstack-protector-strong -Wformat -Werror=format-security -Wdate-time -D_FORTIFY_SOURCE=2   -c pwiz/utility/misc/random_access_compressed_ifstream.cpp -o pwiz/utility/misc/random_access_compressed_ifstream.o
g++ -std=gnu++11 -I"/usr/share/R/include" -DNDEBUG -I./boost_aux/ -I./boost/ -I. -D_LARGEFILE_SOURCE -DHAVE_PWIZ_MZML_LIB -D_NODEBUG    -I'/usr/local/lib/R/site-library/Rcpp/include' -I'/usr/local/lib/R/site-library/Rhdf5lib/include'     -fpic  -g -O2 -ffile-prefix-map=/build/r-base-rgGXCp/r-base-4.5.0=. -fstack-protector-strong -Wformat -Werror=format-security -Wdate-time -D_FORTIFY_SOURCE=2   -c pwiz/utility/misc/SHA1.cpp -o pwiz/utility/misc/SHA1.o
g++ -std=gnu++11 -I"/usr/share/R/include" -DNDEBUG -I./boost_aux/ -I./boost/ -I. -D_LARGEFILE_SOURCE -DHAVE_PWIZ_MZML_LIB -D_NODEBUG    -I'/usr/local/lib/R/site-library/Rcpp/include' -I'/usr/local/lib/R/site-library/Rhdf5lib/include'     -fpic  -g -O2 -ffile-prefix-map=/build/r-base-rgGXCp/r-base-4.5.0=. -fstack-protector-strong -Wformat -Werror=format-security -Wdate-time -D_FORTIFY_SOURCE=2   -c pwiz/utility/misc/SHA1Calculator.cpp -o pwiz/utility/misc/SHA1Calculator.o
g++ -std=gnu++11 -I"/usr/share/R/include" -DNDEBUG -I./boost_aux/ -I./boost/ -I. -D_LARGEFILE_SOURCE -DHAVE_PWIZ_MZML_LIB -D_NODEBUG    -I'/usr/local/lib/R/site-library/Rcpp/include' -I'/usr/local/lib/R/site-library/Rhdf5lib/include'     -fpic  -g -O2 -ffile-prefix-map=/build/r-base-rgGXCp/r-base-4.5.0=. -fstack-protector-strong -Wformat -Werror=format-security -Wdate-time -D_FORTIFY_SOURCE=2   -c pwiz/utility/misc/sha1calc.cpp -o pwiz/utility/misc/sha1calc.o
g++ -std=gnu++11 -I"/usr/share/R/include" -DNDEBUG -I./boost_aux/ -I./boost/ -I. -D_LARGEFILE_SOURCE -DHAVE_PWIZ_MZML_LIB -D_NODEBUG    -I'/usr/local/lib/R/site-library/Rcpp/include' -I'/usr/local/lib/R/site-library/Rhdf5lib/include'     -fpic  -g -O2 -ffile-prefix-map=/build/r-base-rgGXCp/r-base-4.5.0=. -fstack-protector-strong -Wformat -Werror=format-security -Wdate-time -D_FORTIFY_SOURCE=2   -c pwiz/utility/misc/String.cpp -o pwiz/utility/misc/String.o
g++ -std=gnu++11 -I"/usr/share/R/include" -DNDEBUG -I./boost_aux/ -I./boost/ -I. -D_LARGEFILE_SOURCE -DHAVE_PWIZ_MZML_LIB -D_NODEBUG    -I'/usr/local/lib/R/site-library/Rcpp/include' -I'/usr/local/lib/R/site-library/Rhdf5lib/include'     -fpic  -g -O2 -ffile-prefix-map=/build/r-base-rgGXCp/r-base-4.5.0=. -fstack-protector-strong -Wformat -Werror=format-security -Wdate-time -D_FORTIFY_SOURCE=2   -c RcppExports.cpp -o RcppExports.o
g++ -std=gnu++11 -I"/usr/share/R/include" -DNDEBUG -I./boost_aux/ -I./boost/ -I. -D_LARGEFILE_SOURCE -DHAVE_PWIZ_MZML_LIB -D_NODEBUG    -I'/usr/local/lib/R/site-library/Rcpp/include' -I'/usr/local/lib/R/site-library/Rhdf5lib/include'     -fpic  -g -O2 -ffile-prefix-map=/build/r-base-rgGXCp/r-base-4.5.0=. -fstack-protector-strong -Wformat -Werror=format-security -Wdate-time -D_FORTIFY_SOURCE=2   -c boost/libs/thread/src/pthread/once.cpp -o boost/libs/thread/src/pthread/once.o
g++ -std=gnu++11 -I"/usr/share/R/include" -DNDEBUG -I./boost_aux/ -I./boost/ -I. -D_LARGEFILE_SOURCE -DHAVE_PWIZ_MZML_LIB -D_NODEBUG    -I'/usr/local/lib/R/site-library/Rcpp/include' -I'/usr/local/lib/R/site-library/Rhdf5lib/include'     -fpic  -g -O2 -ffile-prefix-map=/build/r-base-rgGXCp/r-base-4.5.0=. -fstack-protector-strong -Wformat -Werror=format-security -Wdate-time -D_FORTIFY_SOURCE=2   -c boost/libs/thread/src/pthread/thread.cpp -o boost/libs/thread/src/pthread/thread.o
g++ -std=gnu++11 -shared -L/usr/lib/R/lib -Wl,-Bsymbolic-functions -flto=auto -ffat-lto-objects -flto=auto -Wl,-z,relro -o mzR.so RcppPwiz.o RcppPwizModule.o RcppIdent.o RcppIdentModule.o ./boost/libs/system/src/error_code.o ./boost/libs/regex/src/posix_api.o ./boost/libs/regex/src/regex_debug.o ./boost/libs/regex/src/regex.o ./boost/libs/regex/src/wide_posix_api.o ./boost/libs/regex/src/static_mutex.o ./boost/libs/iostreams/src/zlib.o ./boost/libs/iostreams/src/file_descriptor.o ./boost/libs/filesystem/src/operations.o ./boost/libs/filesystem/src/directory.o ./boost/libs/filesystem/src/exception.o ./boost/libs/filesystem/src/path.o ./boost/libs/filesystem/src/unique_path.o ./boost/libs/filesystem/src/utf8_codecvt_facet.o ./boost/libs/chrono/src/chrono.o ./boost/libs/chrono/src/process_cpu_clocks.o ./boost/libs/chrono/src/thread_clock.o ./pwiz/data/msdata/Version.o ./pwiz/data/identdata/Version.o ./pwiz/data/common/MemoryIndex.o ./pwiz/data/common/CVTranslator.o ./pwiz/data/common/cv.o ./pwiz/data/common/ParamTypes.o ./pwiz/data/common/BinaryIndexStream.o ./pwiz/data/common/diff_std.o ./pwiz/data/common/Unimod.o ./pwiz/data/msdata/mz5/Configuration_mz5.o ./pwiz/data/msdata/mz5/Connection_mz5.o ./pwiz/data/msdata/mz5/Datastructures_mz5.o ./pwiz/data/msdata/mz5/ReferenceRead_mz5.o ./pwiz/data/msdata/mz5/ReferenceWrite_mz5.o ./pwiz/data/msdata/mz5/Translator_mz5.o ./pwiz/data/msdata/DefaultReaderList.o ./pwiz/data/msdata/ChromatogramList_mzML.o ./pwiz/data/msdata/ChromatogramList_mz5.o ./pwiz/data/msdata/examples.o ./pwiz/data/msdata/Serializer_mzML.o ./pwiz/data/msdata/Serializer_MSn.o ./pwiz/data/msdata/Reader.o ./pwiz/data/msdata/Serializer_mz5.o ./pwiz/data/msdata/Serializer_MGF.o ./pwiz/data/msdata/Serializer_mzXML.o ./pwiz/data/msdata/SpectrumListBase.o ./pwiz/data/msdata/SpectrumList_MGF.o ./pwiz/data/msdata/SpectrumList_mzML.o ./pwiz/data/msdata/SpectrumList_MSn.o ./pwiz/data/msdata/SpectrumList_mz5.o ./pwiz/data/msdata/BinaryDataEncoder.o ./pwiz/data/msdata/Diff.o ./pwiz/data/msdata/MSData.o ./pwiz/data/msdata/References.o ./pwiz/data/msdata/SpectrumList_mzXML.o ./pwiz/data/msdata/IO.o ./pwiz/data/msdata/SpectrumList_BTDX.o ./pwiz/data/msdata/SpectrumInfo.o ./pwiz/data/msdata/LegacyAdapter.o ./pwiz/data/msdata/SpectrumIterator.o ./pwiz/data/msdata/MSDataFile.o ./pwiz/data/msdata/MSNumpress.o ./pwiz/data/msdata/SpectrumListCache.o ./pwiz/data/msdata/Index_mzML.o ./pwiz/data/msdata/SpectrumWorkerThreads.o ./pwiz/data/identdata/IdentDataFile.o ./pwiz/data/identdata/IdentData.o ./pwiz/data/identdata/DefaultReaderList.o ./pwiz/data/identdata/Reader.o ./pwiz/data/identdata/Serializer_protXML.o ./pwiz/data/identdata/Serializer_pepXML.o ./pwiz/data/identdata/Serializer_mzid.o ./pwiz/data/identdata/IO.o ./pwiz/data/identdata/References.o ./pwiz/data/identdata/MascotReader.o ./pwiz/data/proteome/Modification.o ./pwiz/data/proteome/Digestion.o ./pwiz/data/proteome/Peptide.o ./pwiz/data/proteome/AminoAcid.o ./pwiz/utility/minimxml/XMLWriter.o ./pwiz/utility/minimxml/SAXParser.o ./pwiz/utility/chemistry/Chemistry.o ./pwiz/utility/chemistry/ChemistryData.o ./pwiz/utility/chemistry/MZTolerance.o ./pwiz/utility/misc/IntegerSet.o ./pwiz/utility/misc/Base64.o ./pwiz/utility/misc/BinaryData.o ./pwiz/utility/misc/IterationListener.o ./pwiz/utility/misc/MSIHandler.o ./pwiz/utility/misc/Filesystem.o ./pwiz/utility/misc/TabReader.o ./pwiz/utility/misc/random_access_compressed_ifstream.o ./pwiz/utility/misc/SHA1.o ./pwiz/utility/misc/SHA1Calculator.o ./pwiz/utility/misc/sha1calc.o ./pwiz/utility/misc/String.o ./RcppExports.o ./boost/libs/thread/src/pthread/once.o ./boost/libs/thread/src/pthread/thread.o -lpthread /usr/local/lib/R/site-library/Rhdf5lib/lib/libhdf5_cpp.a /usr/local/lib/R/site-library/Rhdf5lib/lib/libhdf5.a -lcrypto -lcurl -lsz -laec -lz -ldl -lm -L/usr/lib/R/lib -lR
installing to /usr/local/lib/R/site-library/00LOCK-mzR/00new/mzR/libs
** R
** inst
** byte-compile and prepare package for lazy loading
** help
*** installing help indices
** building package indices
** installing vignettes
** testing if installed package can be loaded from temporary location
** checking absolute paths in shared objects and dynamic libraries
** testing if installed package can be loaded from final location
** testing if installed package keeps a record of temporary installation path
* creating tarball
packaged installation of ‘mzR’ as ‘mzR_2.42.0_R_x86_64-pc-linux-gnu.tar.gz’
* DONE (mzR)
* installing *source* package ‘R.utils’ ...
** this is package ‘R.utils’ version ‘2.13.0’
** package ‘R.utils’ successfully unpacked and MD5 sums checked
** using staged installation
** R
** inst
** byte-compile and prepare package for lazy loading
Warning in setGenericS3.default(name, export = exportGeneric, envir = envir,  :
  Renamed the preexisting function warnings to warnings.default, which was defined in environment R.utils.
Warning in setGenericS3.default("use") :
  Renamed the preexisting function use to use.default, which was defined in environment R.utils.
Warning in setMethodS3.default("use", "default", function(pkg = "R.utils",  :
  Method already existed and was overwritten: use.default
** help
*** installing help indices
** building package indices
** testing if installed package can be loaded from temporary location
** testing if installed package can be loaded from final location
** testing if installed package keeps a record of temporary installation path
* creating tarball
packaged installation of ‘R.utils’ as ‘R.utils_2.13.0_R_x86_64-pc-linux-gnu.tar.gz’
* DONE (R.utils)
* installing *source* package ‘QFeatures’ ...
** this is package ‘QFeatures’ version ‘1.18.0’
** using staged installation
** R
** data
** inst
** byte-compile and prepare package for lazy loading
Creating a new generic function for ‘sweep’ in package ‘QFeatures’
** help
*** installing help indices
*** copying figures
** building package indices
** installing vignettes
** testing if installed package can be loaded from temporary location
** testing if installed package can be loaded from final location
** testing if installed package keeps a record of temporary installation path
* creating tarball
packaged installation of ‘QFeatures’ as ‘QFeatures_1.18.0_R_x86_64-pc-linux-gnu.tar.gz’
* DONE (QFeatures)
* installing *source* package ‘doParallel’ ...
** this is package ‘doParallel’ version ‘1.0.17’
** package ‘doParallel’ successfully unpacked and MD5 sums checked
** using staged installation
** R
** demo
** inst
** byte-compile and prepare package for lazy loading
** help
*** installing help indices
** building package indices
** installing vignettes
** testing if installed package can be loaded from temporary location
** testing if installed package can be loaded from final location
** testing if installed package keeps a record of temporary installation path
* creating tarball
packaged installation of ‘doParallel’ as ‘doParallel_1.0.17_R_x86_64-pc-linux-gnu.tar.gz’
* DONE (doParallel)
* installing *source* package ‘tidytext’ ...
** this is package ‘tidytext’ version ‘0.4.2’
** package ‘tidytext’ successfully unpacked and MD5 sums checked
** using staged installation
** R
** data
*** moving datasets to lazyload DB
** inst
** byte-compile and prepare package for lazy loading
** help
*** installing help indices
*** copying figures
** building package indices
** installing vignettes
** testing if installed package can be loaded from temporary location
** testing if installed package can be loaded from final location
** testing if installed package keeps a record of temporary installation path
* creating tarball
packaged installation of ‘tidytext’ as ‘tidytext_0.4.2_R_x86_64-pc-linux-gnu.tar.gz’
* DONE (tidytext)
* installing *source* package ‘vsn’ ...
** this is package ‘vsn’ version ‘3.76.0’
** using staged installation
** libs
using C compiler: ‘gcc (Ubuntu 11.4.0-1ubuntu1~22.04) 11.4.0’
gcc -I"/usr/share/R/include" -DNDEBUG       -fpic  -g -O2 -ffile-prefix-map=/build/r-base-rgGXCp/r-base-4.5.0=. -fstack-protector-strong -Wformat -Werror=format-security -Wdate-time -D_FORTIFY_SOURCE=2  -c init.c -o init.o
gcc -I"/usr/share/R/include" -DNDEBUG       -fpic  -g -O2 -ffile-prefix-map=/build/r-base-rgGXCp/r-base-4.5.0=. -fstack-protector-strong -Wformat -Werror=format-security -Wdate-time -D_FORTIFY_SOURCE=2  -c vsn.c -o vsn.o
gcc -I"/usr/share/R/include" -DNDEBUG       -fpic  -g -O2 -ffile-prefix-map=/build/r-base-rgGXCp/r-base-4.5.0=. -fstack-protector-strong -Wformat -Werror=format-security -Wdate-time -D_FORTIFY_SOURCE=2  -c vsn2.c -o vsn2.o
gcc -shared -L/usr/lib/R/lib -Wl,-Bsymbolic-functions -flto=auto -ffat-lto-objects -flto=auto -Wl,-z,relro -o vsn.so init.o vsn.o vsn2.o -L/usr/lib/R/lib -lR
installing to /usr/local/lib/R/site-library/00LOCK-vsn/00new/vsn/libs
** R
** data
** inst
** byte-compile and prepare package for lazy loading
** help
*** installing help indices
** building package indices
** installing vignettes
** testing if installed package can be loaded from temporary location
** checking absolute paths in shared objects and dynamic libraries
** testing if installed package can be loaded from final location
** testing if installed package keeps a record of temporary installation path
* creating tarball
packaged installation of ‘vsn’ as ‘vsn_3.76.0_R_x86_64-pc-linux-gnu.tar.gz’
* DONE (vsn)
* installing *source* package ‘MetaboCoreUtils’ ...
** this is package ‘MetaboCoreUtils’ version ‘1.16.1’
** using staged installation
** R
** inst
** byte-compile and prepare package for lazy loading
** help
*** installing help indices
*** copying figures
** building package indices
** installing vignettes
** testing if installed package can be loaded from temporary location
** testing if installed package can be loaded from final location
** testing if installed package keeps a record of temporary installation path
* creating tarball
packaged installation of ‘MetaboCoreUtils’ as ‘MetaboCoreUtils_1.16.1_R_x86_64-pc-linux-gnu.tar.gz’
* DONE (MetaboCoreUtils)
* installing *source* package ‘tensorflow’ ...
** this is package ‘tensorflow’ version ‘2.16.0’
** package ‘tensorflow’ successfully unpacked and MD5 sums checked
** using staged installation
** R
** byte-compile and prepare package for lazy loading
** help
*** installing help indices
*** copying figures
** building package indices
** testing if installed package can be loaded from temporary location
** testing if installed package can be loaded from final location
** testing if installed package keeps a record of temporary installation path
* creating tarball
packaged installation of ‘tensorflow’ as ‘tensorflow_2.16.0_R_x86_64-pc-linux-gnu.tar.gz’
* DONE (tensorflow)
* installing *source* package ‘R.cache’ ...
** this is package ‘R.cache’ version ‘0.17.0’
** package ‘R.cache’ successfully unpacked and MD5 sums checked
** using staged installation
** R
** inst
** byte-compile and prepare package for lazy loading
** help
*** installing help indices
** building package indices
** testing if installed package can be loaded from temporary location
** testing if installed package can be loaded from final location
** testing if installed package keeps a record of temporary installation path
* creating tarball
packaged installation of ‘R.cache’ as ‘R.cache_0.17.0_R_x86_64-pc-linux-gnu.tar.gz’
* DONE (R.cache)
* installing *source* package ‘mzID’ ...
** this is package ‘mzID’ version ‘1.46.0’
** using staged installation
** R
** inst
** byte-compile and prepare package for lazy loading
** help
*** installing help indices
** building package indices
** installing vignettes
** testing if installed package can be loaded from temporary location
** testing if installed package can be loaded from final location
** testing if installed package keeps a record of temporary installation path
* creating tarball
packaged installation of ‘mzID’ as ‘mzID_1.46.0_R_x86_64-pc-linux-gnu.tar.gz’
* DONE (mzID)
* installing *source* package ‘Spectra’ ...
** this is package ‘Spectra’ version ‘1.18.0’
** using staged installation
** R
** data
** inst
** byte-compile and prepare package for lazy loading
Creating a new generic function for ‘entropy’ in package ‘Spectra’
** help
*** installing help indices
** building package indices
** installing vignettes
** testing if installed package can be loaded from temporary location
** testing if installed package can be loaded from final location
** testing if installed package keeps a record of temporary installation path
* creating tarball
packaged installation of ‘Spectra’ as ‘Spectra_1.18.0_R_x86_64-pc-linux-gnu.tar.gz’
* DONE (Spectra)
* installing *source* package ‘available’ ...
** this is package ‘available’ version ‘1.1.0’
** package ‘available’ successfully unpacked and MD5 sums checked
** using staged installation
** R
** byte-compile and prepare package for lazy loading
** help
*** installing help indices
** building package indices
** testing if installed package can be loaded from temporary location
** testing if installed package can be loaded from final location
** testing if installed package keeps a record of temporary installation path
* creating tarball
packaged installation of ‘available’ as ‘available_1.1.0_R_x86_64-pc-linux-gnu.tar.gz’
* DONE (available)
* installing *source* package ‘keras’ ...
** this is package ‘keras’ version ‘2.15.0’
** package ‘keras’ successfully unpacked and MD5 sums checked
** using staged installation
** R
** inst
** byte-compile and prepare package for lazy loading
** help
*** installing help indices
** building package indices
** installing vignettes
** testing if installed package can be loaded from temporary location
** testing if installed package can be loaded from final location
** testing if installed package keeps a record of temporary installation path
* creating tarball
packaged installation of ‘keras’ as ‘keras_2.15.0_R_x86_64-pc-linux-gnu.tar.gz’
* DONE (keras)
* installing *source* package ‘styler’ ...
** this is package ‘styler’ version ‘1.10.3’
** package ‘styler’ successfully unpacked and MD5 sums checked
** using staged installation
** R
** inst
** byte-compile and prepare package for lazy loading
** help
*** installing help indices
*** copying figures
** building package indices
** installing vignettes
** testing if installed package can be loaded from temporary location
** testing if installed package can be loaded from final location
** testing if installed package keeps a record of temporary installation path
* creating tarball
packaged installation of ‘styler’ as ‘styler_1.10.3_R_x86_64-pc-linux-gnu.tar.gz’
* DONE (styler)
* installing *source* package ‘PSMatch’ ...
** this is package ‘PSMatch’ version ‘1.12.0’
** using staged installation
** R
** inst
** byte-compile and prepare package for lazy loading
** help
*** installing help indices
** building package indices
** installing vignettes
** testing if installed package can be loaded from temporary location
** testing if installed package can be loaded from final location
** testing if installed package keeps a record of temporary installation path
* creating tarball
packaged installation of ‘PSMatch’ as ‘PSMatch_1.12.0_R_x86_64-pc-linux-gnu.tar.gz’
* DONE (PSMatch)
* installing *source* package ‘CompoundDb’ ...
** this is package ‘CompoundDb’ version ‘1.12.0’
** using staged installation
** R
** inst
** byte-compile and prepare package for lazy loading
Warning: program compiled against libxml 213 using older 209
Creating a new generic function for ‘mass2mz’ in package ‘CompoundDb’
** help
*** installing help indices
*** copying figures
** building package indices
** installing vignettes
** testing if installed package can be loaded from temporary location
Warning: program compiled against libxml 213 using older 209
** testing if installed package can be loaded from final location
Warning: program compiled against libxml 213 using older 209
** testing if installed package keeps a record of temporary installation path
* creating tarball
packaged installation of ‘CompoundDb’ as ‘CompoundDb_1.12.0_R_x86_64-pc-linux-gnu.tar.gz’
* DONE (CompoundDb)
* installing *source* package ‘biocthis’ ...
** this is package ‘biocthis’ version ‘1.18.0’
** using staged installation
** R
** inst
** byte-compile and prepare package for lazy loading
** help
*** installing help indices
** building package indices
** installing vignettes
** testing if installed package can be loaded from temporary location
** testing if installed package can be loaded from final location
** testing if installed package keeps a record of temporary installation path
* creating tarball
packaged installation of ‘biocthis’ as ‘biocthis_1.18.0_R_x86_64-pc-linux-gnu.tar.gz’
* DONE (biocthis)
* installing *source* package ‘MSnbase’ ...
** this is package ‘MSnbase’ version ‘2.34.1’
** using staged installation
** libs
using C compiler: ‘gcc (Ubuntu 11.4.0-1ubuntu1~22.04) 11.4.0’
using C++ compiler: ‘g++ (Ubuntu 11.4.0-1ubuntu1~22.04) 11.4.0’
g++ -std=gnu++17 -I"/usr/share/R/include" -DNDEBUG  -I'/usr/local/lib/R/site-library/Rcpp/include'     -fpic  -g -O2 -ffile-prefix-map=/build/r-base-rgGXCp/r-base-4.5.0=. -fstack-protector-strong -Wformat -Werror=format-security -Wdate-time -D_FORTIFY_SOURCE=2   -c RcppExports.cpp -o RcppExports.o
gcc -I"/usr/share/R/include" -DNDEBUG  -I'/usr/local/lib/R/site-library/Rcpp/include'     -fpic  -g -O2 -ffile-prefix-map=/build/r-base-rgGXCp/r-base-4.5.0=. -fstack-protector-strong -Wformat -Werror=format-security -Wdate-time -D_FORTIFY_SOURCE=2  -c Spectrum1_class.c -o Spectrum1_class.o
gcc -I"/usr/share/R/include" -DNDEBUG  -I'/usr/local/lib/R/site-library/Rcpp/include'     -fpic  -g -O2 -ffile-prefix-map=/build/r-base-rgGXCp/r-base-4.5.0=. -fstack-protector-strong -Wformat -Werror=format-security -Wdate-time -D_FORTIFY_SOURCE=2  -c Spectrum2_class.c -o Spectrum2_class.o
g++ -std=gnu++17 -I"/usr/share/R/include" -DNDEBUG  -I'/usr/local/lib/R/site-library/Rcpp/include'     -fpic  -g -O2 -ffile-prefix-map=/build/r-base-rgGXCp/r-base-4.5.0=. -fstack-protector-strong -Wformat -Werror=format-security -Wdate-time -D_FORTIFY_SOURCE=2   -c imp_neighbour_avg.cpp -o imp_neighbour_avg.o
gcc -I"/usr/share/R/include" -DNDEBUG  -I'/usr/local/lib/R/site-library/Rcpp/include'     -fpic  -g -O2 -ffile-prefix-map=/build/r-base-rgGXCp/r-base-4.5.0=. -fstack-protector-strong -Wformat -Werror=format-security -Wdate-time -D_FORTIFY_SOURCE=2  -c utils.c -o utils.o
g++ -std=gnu++17 -shared -L/usr/lib/R/lib -Wl,-Bsymbolic-functions -flto=auto -ffat-lto-objects -flto=auto -Wl,-z,relro -o MSnbase.so RcppExports.o Spectrum1_class.o Spectrum2_class.o imp_neighbour_avg.o utils.o -L/usr/lib/R/lib -lR
installing to /usr/local/lib/R/site-library/00LOCK-MSnbase/00new/MSnbase/libs
** R
** data
*** moving datasets to lazyload DB
Creating a new generic function for ‘trimws’ in package ‘MSnbase’
in method for ‘coerce’ with signature ‘"IBSpectra","MSnSet"’: no definition for class “IBSpectra”
in method for ‘plotMzDelta’ with signature ‘"mzRramp"’: no definition for class “mzRramp”
** inst
** byte-compile and prepare package for lazy loading
Creating a new generic function for ‘trimws’ in package ‘MSnbase’
in method for ‘coerce’ with signature ‘"IBSpectra","MSnSet"’: no definition for class “IBSpectra”
in method for ‘plotMzDelta’ with signature ‘"mzRramp"’: no definition for class “mzRramp”
** help
*** installing help indices
** building package indices
** installing vignettes
** testing if installed package can be loaded from temporary location
** checking absolute paths in shared objects and dynamic libraries
** testing if installed package can be loaded from final location
** testing if installed package keeps a record of temporary installation path
* creating tarball
packaged installation of ‘MSnbase’ as ‘MSnbase_2.34.1_R_x86_64-pc-linux-gnu.tar.gz’
* DONE (MSnbase)
* installing *source* package ‘HubPub’ ...
** this is package ‘HubPub’ version ‘1.16.0’
** using staged installation
** R
** inst
** byte-compile and prepare package for lazy loading
Warning: program compiled against libxml 213 using older 209
** help
*** installing help indices
** building package indices
** installing vignettes
** testing if installed package can be loaded from temporary location
Warning: program compiled against libxml 213 using older 209
** testing if installed package can be loaded from final location
Warning: program compiled against libxml 213 using older 209
** testing if installed package keeps a record of temporary installation path
* creating tarball
packaged installation of ‘HubPub’ as ‘HubPub_1.16.0_R_x86_64-pc-linux-gnu.tar.gz’
* DONE (HubPub)

The downloaded source packages are in
	‘/tmp/RtmpkmUGMD/downloaded_packages’
Old packages: 'cli', 'data.table', 'DelayedArray', 'DESeq2', 'diffobj',
  'edgeR', 'future', 'generics', 'globals', 'parallelly', 'pkgdown',
  'RcppArmadillo', 'RSQLite', 'scales', 'sctransform', 'Seurat',
  'SeuratObject', 'SingleCellExperiment', 'spatstat.univar', 'spatstat.utils',
  'SummarizedExperiment', 'systemfonts', 'textshaping', 'utf8', 'zip'

real	20m10.424s
user	17m17.533s
sys	4m21.152s
