+ Rscript -e 'Sys.setenv(BIOCONDUCTOR_USE_CONTAINER_REPOSITORY=FALSE);
  p <- .libPaths();
  p <- c('\'''\'', '\'''\'', p);
  .libPaths(p);
  if(BiocManager::install('\''scDataviz'\'', INSTALL_opts = '\''--build'\'', update = TRUE, quiet = FALSE, dependencies=TRUE, force = TRUE, keep_outputs = TRUE) %in% rownames(installed.packages())) q(status = 0) else q(status = 1)'
'getOption("repos")' replaces Bioconductor standard repositories, see
'help("repositories", package = "BiocManager")' for details.
Replacement repositories:
    CRAN: https://cloud.r-project.org
Bioconductor version 3.21 (BiocManager 1.30.25), R 4.5.0 (2025-04-11)
Installing package(s) 'scDataviz'
also installing the dependencies ‘sparseMatrixStats’, ‘systemfonts’, ‘cytolib’, ‘RProtoBufLib’, ‘DelayedMatrixStats’, ‘svglite’, ‘flowCore’, ‘umap’, ‘corrplot’, ‘PCAtools’, ‘RUnit’, ‘kableExtra’

trying URL 'https://bioconductor.org/packages/3.21/bioc/src/contrib/sparseMatrixStats_1.20.0.tar.gz'
trying URL 'https://cloud.r-project.org/src/contrib/systemfonts_1.2.3.tar.gz'
trying URL 'https://bioconductor.org/packages/3.21/bioc/src/contrib/cytolib_2.20.0.tar.gz'
trying URL 'https://bioconductor.org/packages/3.21/bioc/src/contrib/RProtoBufLib_2.20.0.tar.gz'
trying URL 'https://bioconductor.org/packages/3.21/bioc/src/contrib/DelayedMatrixStats_1.30.0.tar.gz'
trying URL 'https://cloud.r-project.org/src/contrib/svglite_2.2.1.tar.gz'
trying URL 'https://bioconductor.org/packages/3.21/bioc/src/contrib/flowCore_2.20.0.tar.gz'
trying URL 'https://cloud.r-project.org/src/contrib/umap_0.2.10.0.tar.gz'
trying URL 'https://cloud.r-project.org/src/contrib/corrplot_0.95.tar.gz'
trying URL 'https://bioconductor.org/packages/3.21/bioc/src/contrib/PCAtools_2.20.0.tar.gz'
trying URL 'https://cloud.r-project.org/src/contrib/RUnit_0.4.33.tar.gz'
trying URL 'https://cloud.r-project.org/src/contrib/kableExtra_1.4.0.tar.gz'
trying URL 'https://bioconductor.org/packages/3.21/bioc/src/contrib/scDataviz_1.18.0.tar.gz'
* installing *source* package ‘sparseMatrixStats’ ...
** this is package ‘sparseMatrixStats’ version ‘1.20.0’
** using staged installation
** libs
using C++ compiler: ‘g++ (Ubuntu 11.4.0-1ubuntu1~22.04) 11.4.0’
using C++11
g++ -std=gnu++11 -I"/usr/share/R/include" -DNDEBUG  -I'/usr/local/lib/R/site-library/Rcpp/include'     -fpic  -g -O2 -ffile-prefix-map=/build/r-base-rgGXCp/r-base-4.5.0=. -fstack-protector-strong -Wformat -Werror=format-security -Wdate-time -D_FORTIFY_SOURCE=2   -c RcppExports.cpp -o RcppExports.o
g++ -std=gnu++11 -I"/usr/share/R/include" -DNDEBUG  -I'/usr/local/lib/R/site-library/Rcpp/include'     -fpic  -g -O2 -ffile-prefix-map=/build/r-base-rgGXCp/r-base-4.5.0=. -fstack-protector-strong -Wformat -Werror=format-security -Wdate-time -D_FORTIFY_SOURCE=2   -c SparseMatrixView.cpp -o SparseMatrixView.o
g++ -std=gnu++11 -I"/usr/share/R/include" -DNDEBUG  -I'/usr/local/lib/R/site-library/Rcpp/include'     -fpic  -g -O2 -ffile-prefix-map=/build/r-base-rgGXCp/r-base-4.5.0=. -fstack-protector-strong -Wformat -Werror=format-security -Wdate-time -D_FORTIFY_SOURCE=2   -c methods.cpp -o methods.o
g++ -std=gnu++11 -I"/usr/share/R/include" -DNDEBUG  -I'/usr/local/lib/R/site-library/Rcpp/include'     -fpic  -g -O2 -ffile-prefix-map=/build/r-base-rgGXCp/r-base-4.5.0=. -fstack-protector-strong -Wformat -Werror=format-security -Wdate-time -D_FORTIFY_SOURCE=2   -c row_methods.cpp -o row_methods.o
g++ -std=gnu++11 -shared -L/usr/lib/R/lib -Wl,-Bsymbolic-functions -flto=auto -ffat-lto-objects -flto=auto -Wl,-z,relro -o sparseMatrixStats.so RcppExports.o SparseMatrixView.o methods.o row_methods.o -L/usr/lib/R/lib -lR
installing to /usr/local/lib/R/site-library/00LOCK-sparseMatrixStats/00new/sparseMatrixStats/libs
** R
** inst
** byte-compile and prepare package for lazy loading
** help
*** installing help indices
*** copying figures
** building package indices
** installing vignettes
** testing if installed package can be loaded from temporary location
** checking absolute paths in shared objects and dynamic libraries
** testing if installed package can be loaded from final location
** testing if installed package keeps a record of temporary installation path
* creating tarball
packaged installation of ‘sparseMatrixStats’ as ‘sparseMatrixStats_1.20.0_R_x86_64-pc-linux-gnu.tar.gz’
* DONE (sparseMatrixStats)
* installing *source* package ‘systemfonts’ ...
** this is package ‘systemfonts’ version ‘1.2.3’
** package ‘systemfonts’ successfully unpacked and MD5 sums checked
** using staged installation
Found pkg-config cflags and libs!
Using PKG_CFLAGS=-I/usr/include/freetype2 -I/usr/include/libpng16 -I/usr/include/uuid 
Using PKG_LIBS=-lfontconfig -lfreetype 
** libs
using C++ compiler: ‘g++ (Ubuntu 11.4.0-1ubuntu1~22.04) 11.4.0’
rm -f systemfonts.so caches.o cpp11.o dev_metrics.o font_matching.o font_local.o font_registry.o ft_cache.o string_shape.o font_metrics.o font_outlines.o font_fallback.o string_metrics.o emoji.o cache_store.o init.o unix/FontManagerLinux.o
g++ -std=gnu++17 -I"/usr/share/R/include" -DNDEBUG -I/usr/include/freetype2 -I/usr/include/libpng16 -I/usr/include/uuid  -I'/usr/local/lib/R/site-library/cpp11/include'     -fpic  -g -O2 -ffile-prefix-map=/build/r-base-rgGXCp/r-base-4.5.0=. -fstack-protector-strong -Wformat -Werror=format-security -Wdate-time -D_FORTIFY_SOURCE=2   -c caches.cpp -o caches.o
g++ -std=gnu++17 -I"/usr/share/R/include" -DNDEBUG -I/usr/include/freetype2 -I/usr/include/libpng16 -I/usr/include/uuid  -I'/usr/local/lib/R/site-library/cpp11/include'     -fpic  -g -O2 -ffile-prefix-map=/build/r-base-rgGXCp/r-base-4.5.0=. -fstack-protector-strong -Wformat -Werror=format-security -Wdate-time -D_FORTIFY_SOURCE=2   -c cpp11.cpp -o cpp11.o
g++ -std=gnu++17 -I"/usr/share/R/include" -DNDEBUG -I/usr/include/freetype2 -I/usr/include/libpng16 -I/usr/include/uuid  -I'/usr/local/lib/R/site-library/cpp11/include'     -fpic  -g -O2 -ffile-prefix-map=/build/r-base-rgGXCp/r-base-4.5.0=. -fstack-protector-strong -Wformat -Werror=format-security -Wdate-time -D_FORTIFY_SOURCE=2   -c dev_metrics.cpp -o dev_metrics.o
g++ -std=gnu++17 -I"/usr/share/R/include" -DNDEBUG -I/usr/include/freetype2 -I/usr/include/libpng16 -I/usr/include/uuid  -I'/usr/local/lib/R/site-library/cpp11/include'     -fpic  -g -O2 -ffile-prefix-map=/build/r-base-rgGXCp/r-base-4.5.0=. -fstack-protector-strong -Wformat -Werror=format-security -Wdate-time -D_FORTIFY_SOURCE=2   -c font_matching.cpp -o font_matching.o
g++ -std=gnu++17 -I"/usr/share/R/include" -DNDEBUG -I/usr/include/freetype2 -I/usr/include/libpng16 -I/usr/include/uuid  -I'/usr/local/lib/R/site-library/cpp11/include'     -fpic  -g -O2 -ffile-prefix-map=/build/r-base-rgGXCp/r-base-4.5.0=. -fstack-protector-strong -Wformat -Werror=format-security -Wdate-time -D_FORTIFY_SOURCE=2   -c font_local.cpp -o font_local.o
g++ -std=gnu++17 -I"/usr/share/R/include" -DNDEBUG -I/usr/include/freetype2 -I/usr/include/libpng16 -I/usr/include/uuid  -I'/usr/local/lib/R/site-library/cpp11/include'     -fpic  -g -O2 -ffile-prefix-map=/build/r-base-rgGXCp/r-base-4.5.0=. -fstack-protector-strong -Wformat -Werror=format-security -Wdate-time -D_FORTIFY_SOURCE=2   -c font_registry.cpp -o font_registry.o
g++ -std=gnu++17 -I"/usr/share/R/include" -DNDEBUG -I/usr/include/freetype2 -I/usr/include/libpng16 -I/usr/include/uuid  -I'/usr/local/lib/R/site-library/cpp11/include'     -fpic  -g -O2 -ffile-prefix-map=/build/r-base-rgGXCp/r-base-4.5.0=. -fstack-protector-strong -Wformat -Werror=format-security -Wdate-time -D_FORTIFY_SOURCE=2   -c ft_cache.cpp -o ft_cache.o
g++ -std=gnu++17 -I"/usr/share/R/include" -DNDEBUG -I/usr/include/freetype2 -I/usr/include/libpng16 -I/usr/include/uuid  -I'/usr/local/lib/R/site-library/cpp11/include'     -fpic  -g -O2 -ffile-prefix-map=/build/r-base-rgGXCp/r-base-4.5.0=. -fstack-protector-strong -Wformat -Werror=format-security -Wdate-time -D_FORTIFY_SOURCE=2   -c string_shape.cpp -o string_shape.o
g++ -std=gnu++17 -I"/usr/share/R/include" -DNDEBUG -I/usr/include/freetype2 -I/usr/include/libpng16 -I/usr/include/uuid  -I'/usr/local/lib/R/site-library/cpp11/include'     -fpic  -g -O2 -ffile-prefix-map=/build/r-base-rgGXCp/r-base-4.5.0=. -fstack-protector-strong -Wformat -Werror=format-security -Wdate-time -D_FORTIFY_SOURCE=2   -c font_metrics.cpp -o font_metrics.o
g++ -std=gnu++17 -I"/usr/share/R/include" -DNDEBUG -I/usr/include/freetype2 -I/usr/include/libpng16 -I/usr/include/uuid  -I'/usr/local/lib/R/site-library/cpp11/include'     -fpic  -g -O2 -ffile-prefix-map=/build/r-base-rgGXCp/r-base-4.5.0=. -fstack-protector-strong -Wformat -Werror=format-security -Wdate-time -D_FORTIFY_SOURCE=2   -c font_outlines.cpp -o font_outlines.o
g++ -std=gnu++17 -I"/usr/share/R/include" -DNDEBUG -I/usr/include/freetype2 -I/usr/include/libpng16 -I/usr/include/uuid  -I'/usr/local/lib/R/site-library/cpp11/include'     -fpic  -g -O2 -ffile-prefix-map=/build/r-base-rgGXCp/r-base-4.5.0=. -fstack-protector-strong -Wformat -Werror=format-security -Wdate-time -D_FORTIFY_SOURCE=2   -c font_fallback.cpp -o font_fallback.o
g++ -std=gnu++17 -I"/usr/share/R/include" -DNDEBUG -I/usr/include/freetype2 -I/usr/include/libpng16 -I/usr/include/uuid  -I'/usr/local/lib/R/site-library/cpp11/include'     -fpic  -g -O2 -ffile-prefix-map=/build/r-base-rgGXCp/r-base-4.5.0=. -fstack-protector-strong -Wformat -Werror=format-security -Wdate-time -D_FORTIFY_SOURCE=2   -c string_metrics.cpp -o string_metrics.o
g++ -std=gnu++17 -I"/usr/share/R/include" -DNDEBUG -I/usr/include/freetype2 -I/usr/include/libpng16 -I/usr/include/uuid  -I'/usr/local/lib/R/site-library/cpp11/include'     -fpic  -g -O2 -ffile-prefix-map=/build/r-base-rgGXCp/r-base-4.5.0=. -fstack-protector-strong -Wformat -Werror=format-security -Wdate-time -D_FORTIFY_SOURCE=2   -c emoji.cpp -o emoji.o
g++ -std=gnu++17 -I"/usr/share/R/include" -DNDEBUG -I/usr/include/freetype2 -I/usr/include/libpng16 -I/usr/include/uuid  -I'/usr/local/lib/R/site-library/cpp11/include'     -fpic  -g -O2 -ffile-prefix-map=/build/r-base-rgGXCp/r-base-4.5.0=. -fstack-protector-strong -Wformat -Werror=format-security -Wdate-time -D_FORTIFY_SOURCE=2   -c cache_store.cpp -o cache_store.o
g++ -std=gnu++17 -I"/usr/share/R/include" -DNDEBUG -I/usr/include/freetype2 -I/usr/include/libpng16 -I/usr/include/uuid  -I'/usr/local/lib/R/site-library/cpp11/include'     -fpic  -g -O2 -ffile-prefix-map=/build/r-base-rgGXCp/r-base-4.5.0=. -fstack-protector-strong -Wformat -Werror=format-security -Wdate-time -D_FORTIFY_SOURCE=2   -c init.cpp -o init.o
g++ -std=gnu++17 -I"/usr/share/R/include" -DNDEBUG -I/usr/include/freetype2 -I/usr/include/libpng16 -I/usr/include/uuid  -I'/usr/local/lib/R/site-library/cpp11/include'     -fpic  -g -O2 -ffile-prefix-map=/build/r-base-rgGXCp/r-base-4.5.0=. -fstack-protector-strong -Wformat -Werror=format-security -Wdate-time -D_FORTIFY_SOURCE=2   -c unix/FontManagerLinux.cpp -o unix/FontManagerLinux.o
g++ -std=gnu++17 -shared -L/usr/lib/R/lib -Wl,-Bsymbolic-functions -flto=auto -ffat-lto-objects -flto=auto -Wl,-z,relro -o systemfonts.so caches.o cpp11.o dev_metrics.o font_matching.o font_local.o font_registry.o ft_cache.o string_shape.o font_metrics.o font_outlines.o font_fallback.o string_metrics.o emoji.o cache_store.o init.o unix/FontManagerLinux.o -lfontconfig -lfreetype -L/usr/lib/R/lib -lR
installing to /usr/local/lib/R/site-library/00LOCK-systemfonts/00new/systemfonts/libs
** R
** inst
** byte-compile and prepare package for lazy loading
** help
*** installing help indices
*** copying figures
** building package indices
** installing vignettes
** testing if installed package can be loaded from temporary location
** checking absolute paths in shared objects and dynamic libraries
** testing if installed package can be loaded from final location
** testing if installed package keeps a record of temporary installation path
* creating tarball
packaged installation of ‘systemfonts’ as ‘systemfonts_1.2.3_R_x86_64-pc-linux-gnu.tar.gz’
* DONE (systemfonts)
* installing *source* package ‘RProtoBufLib’ ...
** this is package ‘RProtoBufLib’ version ‘2.20.0’
** using staged installation
checking for gcc... gcc
checking whether the C compiler works... yes
checking for C compiler default output file name... a.out
checking for suffix of executables... 
checking whether we are cross compiling... no
checking for suffix of object files... o
checking whether we are using the GNU C compiler... yes
checking whether gcc accepts -g... yes
checking for gcc option to accept ISO C89... none needed
checking whether we are using the GNU C++ compiler... yes
checking whether g++ -std=gnu++17 accepts -g... yes
untarring protobuf ...
building protobuf...
checking whether to enable maintainer-specific portions of Makefiles... yes
checking build system type... x86_64-pc-linux-gnu
checking host system type... x86_64-pc-linux-gnu
checking target system type... x86_64-pc-linux-gnu
checking for a BSD-compatible install... /usr/bin/install -c
checking whether build environment is sane... yes
checking for a thread-safe mkdir -p... /usr/bin/mkdir -p
checking for gawk... no
checking for mawk... mawk
checking whether make sets $(MAKE)... yes
checking whether make supports nested variables... yes
checking whether UID '1000' is supported by ustar format... yes
checking whether GID '100' is supported by ustar format... yes
checking how to create a ustar tar archive... gnutar
checking for gcc... gcc
checking whether the C compiler works... yes
checking for C compiler default output file name... a.out
checking for suffix of executables... 
checking whether we are cross compiling... no
checking for suffix of object files... o
checking whether we are using the GNU C compiler... yes
checking whether gcc accepts -g... yes
checking for gcc option to accept ISO C89... none needed
checking whether gcc understands -c and -o together... yes
checking whether make supports the include directive... yes (GNU style)
checking dependency style of gcc... gcc3
checking whether we are using the GNU C++ compiler... yes
checking whether g++ -std=gnu++17 accepts -g... yes
checking dependency style of g++ -std=gnu++17... gcc3
checking how to run the C preprocessor... gcc -E
checking for gcc... gcc
checking whether we are using the GNU C compiler... (cached) yes
checking whether gcc accepts -g... yes
checking for gcc option to accept ISO C89... (cached) none needed
checking whether gcc understands -c and -o together... (cached) yes
checking dependency style of gcc... (cached) gcc3
checking how to run the C preprocessor... gcc -E
checking how to run the C++ preprocessor... g++ -std=gnu++17 -E
checking for g++... g++
checking whether we are using the GNU C++ compiler... (cached) yes
checking whether g++ accepts -g... yes
checking dependency style of g++... (cached) gcc3
checking how to run the C++ preprocessor... g++ -E
checking for grep that handles long lines and -e... /usr/bin/grep
checking for egrep... /usr/bin/grep -E
checking for ANSI C header files... yes
checking for sys/types.h... yes
checking for sys/stat.h... yes
checking for stdlib.h... yes
checking for string.h... yes
checking for memory.h... yes
checking for strings.h... yes
checking for inttypes.h... yes
checking for stdint.h... yes
checking for unistd.h... yes
checking minix/config.h usability... no
checking minix/config.h presence... no
checking for minix/config.h... no
checking whether it is safe to define __EXTENSIONS__... yes
checking for ar... ar
checking the archiver (ar) interface... ar
checking for gcc... gcc
checking whether we are using the GNU Objective C compiler... no
checking whether gcc accepts -g... no
checking dependency style of gcc... gcc3
checking C++ compiler flags...... use user-supplied: -g -O2 -ffile-prefix-map=/build/r-base-rgGXCp/r-base-4.5.0=. -fstack-protector-strong -Wformat -Werror=format-security -Wdate-time -D_FORTIFY_SOURCE=2
checking whether __SUNPRO_CC is declared... no
checking how to print strings... printf
checking for a sed that does not truncate output... /bin/sed
checking for fgrep... /usr/bin/grep -F
checking for ld used by gcc... /usr/bin/ld
checking if the linker (/usr/bin/ld) is GNU ld... yes
checking for BSD- or MS-compatible name lister (nm)... /usr/bin/nm -B
checking the name lister (/usr/bin/nm -B) interface... BSD nm
checking whether ln -s works... yes
checking the maximum length of command line arguments... 1572864
checking how to convert x86_64-pc-linux-gnu file names to x86_64-pc-linux-gnu format... func_convert_file_noop
checking how to convert x86_64-pc-linux-gnu file names to toolchain format... func_convert_file_noop
checking for /usr/bin/ld option to reload object files... -r
checking for objdump... objdump
checking how to recognize dependent libraries... pass_all
checking for dlltool... no
checking how to associate runtime and link libraries... printf %s\n
checking for archiver @FILE support... @
checking for strip... strip
checking for ranlib... ranlib
checking command to parse /usr/bin/nm -B output from gcc object... ok
checking for sysroot... no
checking for a working dd... /usr/bin/dd
checking how to truncate binary pipes... /usr/bin/dd bs=4096 count=1
checking for mt... no
checking if : is a manifest tool... no
checking for dlfcn.h... yes
checking for objdir... .libs
checking if gcc supports -fno-rtti -fno-exceptions... no
checking for gcc option to produce PIC... -fPIC -DPIC
checking if gcc PIC flag -fPIC -DPIC works... yes
checking if gcc static flag -static works... yes
checking if gcc supports -c -o file.o... yes
checking if gcc supports -c -o file.o... (cached) yes
checking whether the gcc linker (/usr/bin/ld -m elf_x86_64) supports shared libraries... yes
checking whether -lc should be explicitly linked in... no
checking dynamic linker characteristics... GNU/Linux ld.so
checking how to hardcode library paths into programs... immediate
checking whether stripping libraries is possible... yes
checking if libtool supports shared libraries... yes
checking whether to build shared libraries... yes
checking whether to build static libraries... no
checking how to run the C++ preprocessor... g++ -std=gnu++17 -E
checking for ld used by g++ -std=gnu++17... /usr/bin/ld -m elf_x86_64
checking if the linker (/usr/bin/ld -m elf_x86_64) is GNU ld... yes
checking whether the g++ -std=gnu++17 linker (/usr/bin/ld -m elf_x86_64) supports shared libraries... yes
checking for g++ -std=gnu++17 option to produce PIC... -fPIC -DPIC
checking if g++ -std=gnu++17 PIC flag -fPIC -DPIC works... yes
checking if g++ -std=gnu++17 static flag -static works... yes
checking if g++ -std=gnu++17 supports -c -o file.o... yes
checking if g++ -std=gnu++17 supports -c -o file.o... (cached) yes
checking whether the g++ -std=gnu++17 linker (/usr/bin/ld -m elf_x86_64) supports shared libraries... yes
checking dynamic linker characteristics... (cached) GNU/Linux ld.so
checking how to hardcode library paths into programs... immediate
checking whether the linker supports version scripts... yes
checking for ANSI C header files... (cached) yes
checking fcntl.h usability... yes
checking fcntl.h presence... yes
checking for fcntl.h... yes
checking for inttypes.h... (cached) yes
checking limits.h usability... yes
checking limits.h presence... yes
checking for limits.h... yes
checking for stdlib.h... (cached) yes
checking for unistd.h... (cached) yes
checking for working memcmp... yes
checking for working strtod... yes
checking for ftruncate... yes
checking for memset... yes
checking for mkdir... yes
checking for strchr... yes
checking for strerror... yes
checking for strtol... yes
checking zlib version... ok (1.2.0.4 or later)
checking for library containing zlibVersion... -lz
checking whether g++ -std=gnu++17 supports C++11 features by default... yes
checking whether -latomic is needed... no
checking whether gcc is Clang... no
checking whether pthreads work with -pthread... yes
checking for joinable pthread attribute... PTHREAD_CREATE_JOINABLE
checking whether more special flags are required for pthreads... no
checking for PTHREAD_PRIO_INHERIT... yes
checking the location of hash_map... <unordered_map>
checking that generated files are newer than configure... done
configure: creating ./config.status
config.status: creating Makefile
config.status: creating src/Makefile
config.status: creating benchmarks/Makefile
config.status: creating conformance/Makefile
config.status: creating protobuf.pc
config.status: creating protobuf-lite.pc
config.status: creating config.h
config.status: executing depfiles commands
config.status: executing libtool commands
=== configuring in third_party/googletest (/tmp/RtmpINPkZe/R.INSTALL2a367e97dc9/RProtoBufLib/src/protobuf-3.8.0/third_party/googletest)
configure: WARNING: no configuration information is in third_party/googletest
Making install in .
make[1]: Entering directory '/tmp/RtmpINPkZe/R.INSTALL2a367e97dc9/RProtoBufLib/src/protobuf-3.8.0'
make[2]: Entering directory '/tmp/RtmpINPkZe/R.INSTALL2a367e97dc9/RProtoBufLib/src/protobuf-3.8.0'
make[2]: Nothing to be done for 'install-exec-am'.
 /usr/bin/mkdir -p '/tmp/RtmpINPkZe/R.INSTALL2a367e97dc9/RProtoBufLib/src/pb_build/lib/pkgconfig'
 /usr/bin/install -c -m 644 protobuf.pc protobuf-lite.pc '/tmp/RtmpINPkZe/R.INSTALL2a367e97dc9/RProtoBufLib/src/pb_build/lib/pkgconfig'
make[2]: Leaving directory '/tmp/RtmpINPkZe/R.INSTALL2a367e97dc9/RProtoBufLib/src/protobuf-3.8.0'
make[1]: Leaving directory '/tmp/RtmpINPkZe/R.INSTALL2a367e97dc9/RProtoBufLib/src/protobuf-3.8.0'
Making install in src
make[1]: Entering directory '/tmp/RtmpINPkZe/R.INSTALL2a367e97dc9/RProtoBufLib/src/protobuf-3.8.0/src'
depbase=`echo google/protobuf/compiler/main.o | sed 's|[^/]*$|.deps/&|;s|\.o$||'`;\
g++ -std=gnu++17 -DHAVE_CONFIG_H -I. -I..    -pthread -DHAVE_PTHREAD=1 -DHAVE_ZLIB=1 -Wall -Wno-sign-compare  -g -O2 -ffile-prefix-map=/build/r-base-rgGXCp/r-base-4.5.0=. -fstack-protector-strong -Wformat -Werror=format-security -Wdate-time -D_FORTIFY_SOURCE=2 -MT google/protobuf/compiler/main.o -MD -MP -MF $depbase.Tpo -c -o google/protobuf/compiler/main.o google/protobuf/compiler/main.cc &&\
mv -f $depbase.Tpo $depbase.Po
depbase=`echo google/protobuf/stubs/bytestream.lo | sed 's|[^/]*$|.deps/&|;s|\.lo$||'`;\
/bin/bash ../libtool  --tag=CXX   --mode=compile g++ -std=gnu++17 -DHAVE_CONFIG_H -I. -I..    -pthread -DHAVE_PTHREAD=1 -DHAVE_ZLIB=1 -Wall -Wno-sign-compare  -g -O2 -ffile-prefix-map=/build/r-base-rgGXCp/r-base-4.5.0=. -fstack-protector-strong -Wformat -Werror=format-security -Wdate-time -D_FORTIFY_SOURCE=2 -MT google/protobuf/stubs/bytestream.lo -MD -MP -MF $depbase.Tpo -c -o google/protobuf/stubs/bytestream.lo google/protobuf/stubs/bytestream.cc &&\
mv -f $depbase.Tpo $depbase.Plo
libtool: compile:  g++ -std=gnu++17 -DHAVE_CONFIG_H -I. -I.. -pthread -DHAVE_PTHREAD=1 -DHAVE_ZLIB=1 -Wall -Wno-sign-compare -g -O2 -ffile-prefix-map=/build/r-base-rgGXCp/r-base-4.5.0=. -fstack-protector-strong -Wformat -Werror=format-security -Wdate-time -D_FORTIFY_SOURCE=2 -MT google/protobuf/stubs/bytestream.lo -MD -MP -MF google/protobuf/stubs/.deps/bytestream.Tpo -c google/protobuf/stubs/bytestream.cc  -fPIC -DPIC -o google/protobuf/stubs/.libs/bytestream.o
depbase=`echo google/protobuf/stubs/common.lo | sed 's|[^/]*$|.deps/&|;s|\.lo$||'`;\
/bin/bash ../libtool  --tag=CXX   --mode=compile g++ -std=gnu++17 -DHAVE_CONFIG_H -I. -I..    -pthread -DHAVE_PTHREAD=1 -DHAVE_ZLIB=1 -Wall -Wno-sign-compare  -g -O2 -ffile-prefix-map=/build/r-base-rgGXCp/r-base-4.5.0=. -fstack-protector-strong -Wformat -Werror=format-security -Wdate-time -D_FORTIFY_SOURCE=2 -MT google/protobuf/stubs/common.lo -MD -MP -MF $depbase.Tpo -c -o google/protobuf/stubs/common.lo google/protobuf/stubs/common.cc &&\
mv -f $depbase.Tpo $depbase.Plo
libtool: compile:  g++ -std=gnu++17 -DHAVE_CONFIG_H -I. -I.. -pthread -DHAVE_PTHREAD=1 -DHAVE_ZLIB=1 -Wall -Wno-sign-compare -g -O2 -ffile-prefix-map=/build/r-base-rgGXCp/r-base-4.5.0=. -fstack-protector-strong -Wformat -Werror=format-security -Wdate-time -D_FORTIFY_SOURCE=2 -MT google/protobuf/stubs/common.lo -MD -MP -MF google/protobuf/stubs/.deps/common.Tpo -c google/protobuf/stubs/common.cc  -fPIC -DPIC -o google/protobuf/stubs/.libs/common.o
depbase=`echo google/protobuf/stubs/int128.lo | sed 's|[^/]*$|.deps/&|;s|\.lo$||'`;\
/bin/bash ../libtool  --tag=CXX   --mode=compile g++ -std=gnu++17 -DHAVE_CONFIG_H -I. -I..    -pthread -DHAVE_PTHREAD=1 -DHAVE_ZLIB=1 -Wall -Wno-sign-compare  -g -O2 -ffile-prefix-map=/build/r-base-rgGXCp/r-base-4.5.0=. -fstack-protector-strong -Wformat -Werror=format-security -Wdate-time -D_FORTIFY_SOURCE=2 -MT google/protobuf/stubs/int128.lo -MD -MP -MF $depbase.Tpo -c -o google/protobuf/stubs/int128.lo google/protobuf/stubs/int128.cc &&\
mv -f $depbase.Tpo $depbase.Plo
libtool: compile:  g++ -std=gnu++17 -DHAVE_CONFIG_H -I. -I.. -pthread -DHAVE_PTHREAD=1 -DHAVE_ZLIB=1 -Wall -Wno-sign-compare -g -O2 -ffile-prefix-map=/build/r-base-rgGXCp/r-base-4.5.0=. -fstack-protector-strong -Wformat -Werror=format-security -Wdate-time -D_FORTIFY_SOURCE=2 -MT google/protobuf/stubs/int128.lo -MD -MP -MF google/protobuf/stubs/.deps/int128.Tpo -c google/protobuf/stubs/int128.cc  -fPIC -DPIC -o google/protobuf/stubs/.libs/int128.o
depbase=`echo google/protobuf/io/io_win32.lo | sed 's|[^/]*$|.deps/&|;s|\.lo$||'`;\
/bin/bash ../libtool  --tag=CXX   --mode=compile g++ -std=gnu++17 -DHAVE_CONFIG_H -I. -I..    -pthread -DHAVE_PTHREAD=1 -DHAVE_ZLIB=1 -Wall -Wno-sign-compare  -g -O2 -ffile-prefix-map=/build/r-base-rgGXCp/r-base-4.5.0=. -fstack-protector-strong -Wformat -Werror=format-security -Wdate-time -D_FORTIFY_SOURCE=2 -MT google/protobuf/io/io_win32.lo -MD -MP -MF $depbase.Tpo -c -o google/protobuf/io/io_win32.lo google/protobuf/io/io_win32.cc &&\
mv -f $depbase.Tpo $depbase.Plo
libtool: compile:  g++ -std=gnu++17 -DHAVE_CONFIG_H -I. -I.. -pthread -DHAVE_PTHREAD=1 -DHAVE_ZLIB=1 -Wall -Wno-sign-compare -g -O2 -ffile-prefix-map=/build/r-base-rgGXCp/r-base-4.5.0=. -fstack-protector-strong -Wformat -Werror=format-security -Wdate-time -D_FORTIFY_SOURCE=2 -MT google/protobuf/io/io_win32.lo -MD -MP -MF google/protobuf/io/.deps/io_win32.Tpo -c google/protobuf/io/io_win32.cc  -fPIC -DPIC -o google/protobuf/io/.libs/io_win32.o
depbase=`echo google/protobuf/stubs/status.lo | sed 's|[^/]*$|.deps/&|;s|\.lo$||'`;\
/bin/bash ../libtool  --tag=CXX   --mode=compile g++ -std=gnu++17 -DHAVE_CONFIG_H -I. -I..    -pthread -DHAVE_PTHREAD=1 -DHAVE_ZLIB=1 -Wall -Wno-sign-compare  -g -O2 -ffile-prefix-map=/build/r-base-rgGXCp/r-base-4.5.0=. -fstack-protector-strong -Wformat -Werror=format-security -Wdate-time -D_FORTIFY_SOURCE=2 -MT google/protobuf/stubs/status.lo -MD -MP -MF $depbase.Tpo -c -o google/protobuf/stubs/status.lo google/protobuf/stubs/status.cc &&\
mv -f $depbase.Tpo $depbase.Plo
libtool: compile:  g++ -std=gnu++17 -DHAVE_CONFIG_H -I. -I.. -pthread -DHAVE_PTHREAD=1 -DHAVE_ZLIB=1 -Wall -Wno-sign-compare -g -O2 -ffile-prefix-map=/build/r-base-rgGXCp/r-base-4.5.0=. -fstack-protector-strong -Wformat -Werror=format-security -Wdate-time -D_FORTIFY_SOURCE=2 -MT google/protobuf/stubs/status.lo -MD -MP -MF google/protobuf/stubs/.deps/status.Tpo -c google/protobuf/stubs/status.cc  -fPIC -DPIC -o google/protobuf/stubs/.libs/status.o
depbase=`echo google/protobuf/stubs/statusor.lo | sed 's|[^/]*$|.deps/&|;s|\.lo$||'`;\
/bin/bash ../libtool  --tag=CXX   --mode=compile g++ -std=gnu++17 -DHAVE_CONFIG_H -I. -I..    -pthread -DHAVE_PTHREAD=1 -DHAVE_ZLIB=1 -Wall -Wno-sign-compare  -g -O2 -ffile-prefix-map=/build/r-base-rgGXCp/r-base-4.5.0=. -fstack-protector-strong -Wformat -Werror=format-security -Wdate-time -D_FORTIFY_SOURCE=2 -MT google/protobuf/stubs/statusor.lo -MD -MP -MF $depbase.Tpo -c -o google/protobuf/stubs/statusor.lo google/protobuf/stubs/statusor.cc &&\
mv -f $depbase.Tpo $depbase.Plo
libtool: compile:  g++ -std=gnu++17 -DHAVE_CONFIG_H -I. -I.. -pthread -DHAVE_PTHREAD=1 -DHAVE_ZLIB=1 -Wall -Wno-sign-compare -g -O2 -ffile-prefix-map=/build/r-base-rgGXCp/r-base-4.5.0=. -fstack-protector-strong -Wformat -Werror=format-security -Wdate-time -D_FORTIFY_SOURCE=2 -MT google/protobuf/stubs/statusor.lo -MD -MP -MF google/protobuf/stubs/.deps/statusor.Tpo -c google/protobuf/stubs/statusor.cc  -fPIC -DPIC -o google/protobuf/stubs/.libs/statusor.o
depbase=`echo google/protobuf/stubs/stringpiece.lo | sed 's|[^/]*$|.deps/&|;s|\.lo$||'`;\
/bin/bash ../libtool  --tag=CXX   --mode=compile g++ -std=gnu++17 -DHAVE_CONFIG_H -I. -I..    -pthread -DHAVE_PTHREAD=1 -DHAVE_ZLIB=1 -Wall -Wno-sign-compare  -g -O2 -ffile-prefix-map=/build/r-base-rgGXCp/r-base-4.5.0=. -fstack-protector-strong -Wformat -Werror=format-security -Wdate-time -D_FORTIFY_SOURCE=2 -MT google/protobuf/stubs/stringpiece.lo -MD -MP -MF $depbase.Tpo -c -o google/protobuf/stubs/stringpiece.lo google/protobuf/stubs/stringpiece.cc &&\
mv -f $depbase.Tpo $depbase.Plo
libtool: compile:  g++ -std=gnu++17 -DHAVE_CONFIG_H -I. -I.. -pthread -DHAVE_PTHREAD=1 -DHAVE_ZLIB=1 -Wall -Wno-sign-compare -g -O2 -ffile-prefix-map=/build/r-base-rgGXCp/r-base-4.5.0=. -fstack-protector-strong -Wformat -Werror=format-security -Wdate-time -D_FORTIFY_SOURCE=2 -MT google/protobuf/stubs/stringpiece.lo -MD -MP -MF google/protobuf/stubs/.deps/stringpiece.Tpo -c google/protobuf/stubs/stringpiece.cc  -fPIC -DPIC -o google/protobuf/stubs/.libs/stringpiece.o
depbase=`echo google/protobuf/stubs/stringprintf.lo | sed 's|[^/]*$|.deps/&|;s|\.lo$||'`;\
/bin/bash ../libtool  --tag=CXX   --mode=compile g++ -std=gnu++17 -DHAVE_CONFIG_H -I. -I..    -pthread -DHAVE_PTHREAD=1 -DHAVE_ZLIB=1 -Wall -Wno-sign-compare  -g -O2 -ffile-prefix-map=/build/r-base-rgGXCp/r-base-4.5.0=. -fstack-protector-strong -Wformat -Werror=format-security -Wdate-time -D_FORTIFY_SOURCE=2 -MT google/protobuf/stubs/stringprintf.lo -MD -MP -MF $depbase.Tpo -c -o google/protobuf/stubs/stringprintf.lo google/protobuf/stubs/stringprintf.cc &&\
mv -f $depbase.Tpo $depbase.Plo
libtool: compile:  g++ -std=gnu++17 -DHAVE_CONFIG_H -I. -I.. -pthread -DHAVE_PTHREAD=1 -DHAVE_ZLIB=1 -Wall -Wno-sign-compare -g -O2 -ffile-prefix-map=/build/r-base-rgGXCp/r-base-4.5.0=. -fstack-protector-strong -Wformat -Werror=format-security -Wdate-time -D_FORTIFY_SOURCE=2 -MT google/protobuf/stubs/stringprintf.lo -MD -MP -MF google/protobuf/stubs/.deps/stringprintf.Tpo -c google/protobuf/stubs/stringprintf.cc  -fPIC -DPIC -o google/protobuf/stubs/.libs/stringprintf.o
depbase=`echo google/protobuf/stubs/structurally_valid.lo | sed 's|[^/]*$|.deps/&|;s|\.lo$||'`;\
/bin/bash ../libtool  --tag=CXX   --mode=compile g++ -std=gnu++17 -DHAVE_CONFIG_H -I. -I..    -pthread -DHAVE_PTHREAD=1 -DHAVE_ZLIB=1 -Wall -Wno-sign-compare  -g -O2 -ffile-prefix-map=/build/r-base-rgGXCp/r-base-4.5.0=. -fstack-protector-strong -Wformat -Werror=format-security -Wdate-time -D_FORTIFY_SOURCE=2 -MT google/protobuf/stubs/structurally_valid.lo -MD -MP -MF $depbase.Tpo -c -o google/protobuf/stubs/structurally_valid.lo google/protobuf/stubs/structurally_valid.cc &&\
mv -f $depbase.Tpo $depbase.Plo
libtool: compile:  g++ -std=gnu++17 -DHAVE_CONFIG_H -I. -I.. -pthread -DHAVE_PTHREAD=1 -DHAVE_ZLIB=1 -Wall -Wno-sign-compare -g -O2 -ffile-prefix-map=/build/r-base-rgGXCp/r-base-4.5.0=. -fstack-protector-strong -Wformat -Werror=format-security -Wdate-time -D_FORTIFY_SOURCE=2 -MT google/protobuf/stubs/structurally_valid.lo -MD -MP -MF google/protobuf/stubs/.deps/structurally_valid.Tpo -c google/protobuf/stubs/structurally_valid.cc  -fPIC -DPIC -o google/protobuf/stubs/.libs/structurally_valid.o
depbase=`echo google/protobuf/stubs/strutil.lo | sed 's|[^/]*$|.deps/&|;s|\.lo$||'`;\
/bin/bash ../libtool  --tag=CXX   --mode=compile g++ -std=gnu++17 -DHAVE_CONFIG_H -I. -I..    -pthread -DHAVE_PTHREAD=1 -DHAVE_ZLIB=1 -Wall -Wno-sign-compare  -g -O2 -ffile-prefix-map=/build/r-base-rgGXCp/r-base-4.5.0=. -fstack-protector-strong -Wformat -Werror=format-security -Wdate-time -D_FORTIFY_SOURCE=2 -MT google/protobuf/stubs/strutil.lo -MD -MP -MF $depbase.Tpo -c -o google/protobuf/stubs/strutil.lo google/protobuf/stubs/strutil.cc &&\
mv -f $depbase.Tpo $depbase.Plo
libtool: compile:  g++ -std=gnu++17 -DHAVE_CONFIG_H -I. -I.. -pthread -DHAVE_PTHREAD=1 -DHAVE_ZLIB=1 -Wall -Wno-sign-compare -g -O2 -ffile-prefix-map=/build/r-base-rgGXCp/r-base-4.5.0=. -fstack-protector-strong -Wformat -Werror=format-security -Wdate-time -D_FORTIFY_SOURCE=2 -MT google/protobuf/stubs/strutil.lo -MD -MP -MF google/protobuf/stubs/.deps/strutil.Tpo -c google/protobuf/stubs/strutil.cc  -fPIC -DPIC -o google/protobuf/stubs/.libs/strutil.o
depbase=`echo google/protobuf/stubs/time.lo | sed 's|[^/]*$|.deps/&|;s|\.lo$||'`;\
/bin/bash ../libtool  --tag=CXX   --mode=compile g++ -std=gnu++17 -DHAVE_CONFIG_H -I. -I..    -pthread -DHAVE_PTHREAD=1 -DHAVE_ZLIB=1 -Wall -Wno-sign-compare  -g -O2 -ffile-prefix-map=/build/r-base-rgGXCp/r-base-4.5.0=. -fstack-protector-strong -Wformat -Werror=format-security -Wdate-time -D_FORTIFY_SOURCE=2 -MT google/protobuf/stubs/time.lo -MD -MP -MF $depbase.Tpo -c -o google/protobuf/stubs/time.lo google/protobuf/stubs/time.cc &&\
mv -f $depbase.Tpo $depbase.Plo
libtool: compile:  g++ -std=gnu++17 -DHAVE_CONFIG_H -I. -I.. -pthread -DHAVE_PTHREAD=1 -DHAVE_ZLIB=1 -Wall -Wno-sign-compare -g -O2 -ffile-prefix-map=/build/r-base-rgGXCp/r-base-4.5.0=. -fstack-protector-strong -Wformat -Werror=format-security -Wdate-time -D_FORTIFY_SOURCE=2 -MT google/protobuf/stubs/time.lo -MD -MP -MF google/protobuf/stubs/.deps/time.Tpo -c google/protobuf/stubs/time.cc  -fPIC -DPIC -o google/protobuf/stubs/.libs/time.o
depbase=`echo google/protobuf/any_lite.lo | sed 's|[^/]*$|.deps/&|;s|\.lo$||'`;\
/bin/bash ../libtool  --tag=CXX   --mode=compile g++ -std=gnu++17 -DHAVE_CONFIG_H -I. -I..    -pthread -DHAVE_PTHREAD=1 -DHAVE_ZLIB=1 -Wall -Wno-sign-compare  -g -O2 -ffile-prefix-map=/build/r-base-rgGXCp/r-base-4.5.0=. -fstack-protector-strong -Wformat -Werror=format-security -Wdate-time -D_FORTIFY_SOURCE=2 -MT google/protobuf/any_lite.lo -MD -MP -MF $depbase.Tpo -c -o google/protobuf/any_lite.lo google/protobuf/any_lite.cc &&\
mv -f $depbase.Tpo $depbase.Plo
libtool: compile:  g++ -std=gnu++17 -DHAVE_CONFIG_H -I. -I.. -pthread -DHAVE_PTHREAD=1 -DHAVE_ZLIB=1 -Wall -Wno-sign-compare -g -O2 -ffile-prefix-map=/build/r-base-rgGXCp/r-base-4.5.0=. -fstack-protector-strong -Wformat -Werror=format-security -Wdate-time -D_FORTIFY_SOURCE=2 -MT google/protobuf/any_lite.lo -MD -MP -MF google/protobuf/.deps/any_lite.Tpo -c google/protobuf/any_lite.cc  -fPIC -DPIC -o google/protobuf/.libs/any_lite.o
depbase=`echo google/protobuf/arena.lo | sed 's|[^/]*$|.deps/&|;s|\.lo$||'`;\
/bin/bash ../libtool  --tag=CXX   --mode=compile g++ -std=gnu++17 -DHAVE_CONFIG_H -I. -I..    -pthread -DHAVE_PTHREAD=1 -DHAVE_ZLIB=1 -Wall -Wno-sign-compare  -g -O2 -ffile-prefix-map=/build/r-base-rgGXCp/r-base-4.5.0=. -fstack-protector-strong -Wformat -Werror=format-security -Wdate-time -D_FORTIFY_SOURCE=2 -MT google/protobuf/arena.lo -MD -MP -MF $depbase.Tpo -c -o google/protobuf/arena.lo google/protobuf/arena.cc &&\
mv -f $depbase.Tpo $depbase.Plo
libtool: compile:  g++ -std=gnu++17 -DHAVE_CONFIG_H -I. -I.. -pthread -DHAVE_PTHREAD=1 -DHAVE_ZLIB=1 -Wall -Wno-sign-compare -g -O2 -ffile-prefix-map=/build/r-base-rgGXCp/r-base-4.5.0=. -fstack-protector-strong -Wformat -Werror=format-security -Wdate-time -D_FORTIFY_SOURCE=2 -MT google/protobuf/arena.lo -MD -MP -MF google/protobuf/.deps/arena.Tpo -c google/protobuf/arena.cc  -fPIC -DPIC -o google/protobuf/.libs/arena.o
depbase=`echo google/protobuf/extension_set.lo | sed 's|[^/]*$|.deps/&|;s|\.lo$||'`;\
/bin/bash ../libtool  --tag=CXX   --mode=compile g++ -std=gnu++17 -DHAVE_CONFIG_H -I. -I..    -pthread -DHAVE_PTHREAD=1 -DHAVE_ZLIB=1 -Wall -Wno-sign-compare  -g -O2 -ffile-prefix-map=/build/r-base-rgGXCp/r-base-4.5.0=. -fstack-protector-strong -Wformat -Werror=format-security -Wdate-time -D_FORTIFY_SOURCE=2 -MT google/protobuf/extension_set.lo -MD -MP -MF $depbase.Tpo -c -o google/protobuf/extension_set.lo google/protobuf/extension_set.cc &&\
mv -f $depbase.Tpo $depbase.Plo
libtool: compile:  g++ -std=gnu++17 -DHAVE_CONFIG_H -I. -I.. -pthread -DHAVE_PTHREAD=1 -DHAVE_ZLIB=1 -Wall -Wno-sign-compare -g -O2 -ffile-prefix-map=/build/r-base-rgGXCp/r-base-4.5.0=. -fstack-protector-strong -Wformat -Werror=format-security -Wdate-time -D_FORTIFY_SOURCE=2 -MT google/protobuf/extension_set.lo -MD -MP -MF google/protobuf/.deps/extension_set.Tpo -c google/protobuf/extension_set.cc  -fPIC -DPIC -o google/protobuf/.libs/extension_set.o
depbase=`echo google/protobuf/generated_message_util.lo | sed 's|[^/]*$|.deps/&|;s|\.lo$||'`;\
/bin/bash ../libtool  --tag=CXX   --mode=compile g++ -std=gnu++17 -DHAVE_CONFIG_H -I. -I..    -pthread -DHAVE_PTHREAD=1 -DHAVE_ZLIB=1 -Wall -Wno-sign-compare  -g -O2 -ffile-prefix-map=/build/r-base-rgGXCp/r-base-4.5.0=. -fstack-protector-strong -Wformat -Werror=format-security -Wdate-time -D_FORTIFY_SOURCE=2 -MT google/protobuf/generated_message_util.lo -MD -MP -MF $depbase.Tpo -c -o google/protobuf/generated_message_util.lo google/protobuf/generated_message_util.cc &&\
mv -f $depbase.Tpo $depbase.Plo
libtool: compile:  g++ -std=gnu++17 -DHAVE_CONFIG_H -I. -I.. -pthread -DHAVE_PTHREAD=1 -DHAVE_ZLIB=1 -Wall -Wno-sign-compare -g -O2 -ffile-prefix-map=/build/r-base-rgGXCp/r-base-4.5.0=. -fstack-protector-strong -Wformat -Werror=format-security -Wdate-time -D_FORTIFY_SOURCE=2 -MT google/protobuf/generated_message_util.lo -MD -MP -MF google/protobuf/.deps/generated_message_util.Tpo -c google/protobuf/generated_message_util.cc  -fPIC -DPIC -o google/protobuf/.libs/generated_message_util.o
depbase=`echo google/protobuf/generated_message_table_driven_lite.lo | sed 's|[^/]*$|.deps/&|;s|\.lo$||'`;\
/bin/bash ../libtool  --tag=CXX   --mode=compile g++ -std=gnu++17 -DHAVE_CONFIG_H -I. -I..    -pthread -DHAVE_PTHREAD=1 -DHAVE_ZLIB=1 -Wall -Wno-sign-compare  -g -O2 -ffile-prefix-map=/build/r-base-rgGXCp/r-base-4.5.0=. -fstack-protector-strong -Wformat -Werror=format-security -Wdate-time -D_FORTIFY_SOURCE=2 -MT google/protobuf/generated_message_table_driven_lite.lo -MD -MP -MF $depbase.Tpo -c -o google/protobuf/generated_message_table_driven_lite.lo google/protobuf/generated_message_table_driven_lite.cc &&\
mv -f $depbase.Tpo $depbase.Plo
libtool: compile:  g++ -std=gnu++17 -DHAVE_CONFIG_H -I. -I.. -pthread -DHAVE_PTHREAD=1 -DHAVE_ZLIB=1 -Wall -Wno-sign-compare -g -O2 -ffile-prefix-map=/build/r-base-rgGXCp/r-base-4.5.0=. -fstack-protector-strong -Wformat -Werror=format-security -Wdate-time -D_FORTIFY_SOURCE=2 -MT google/protobuf/generated_message_table_driven_lite.lo -MD -MP -MF google/protobuf/.deps/generated_message_table_driven_lite.Tpo -c google/protobuf/generated_message_table_driven_lite.cc  -fPIC -DPIC -o google/protobuf/.libs/generated_message_table_driven_lite.o
depbase=`echo google/protobuf/implicit_weak_message.lo | sed 's|[^/]*$|.deps/&|;s|\.lo$||'`;\
/bin/bash ../libtool  --tag=CXX   --mode=compile g++ -std=gnu++17 -DHAVE_CONFIG_H -I. -I..    -pthread -DHAVE_PTHREAD=1 -DHAVE_ZLIB=1 -Wall -Wno-sign-compare  -g -O2 -ffile-prefix-map=/build/r-base-rgGXCp/r-base-4.5.0=. -fstack-protector-strong -Wformat -Werror=format-security -Wdate-time -D_FORTIFY_SOURCE=2 -MT google/protobuf/implicit_weak_message.lo -MD -MP -MF $depbase.Tpo -c -o google/protobuf/implicit_weak_message.lo google/protobuf/implicit_weak_message.cc &&\
mv -f $depbase.Tpo $depbase.Plo
libtool: compile:  g++ -std=gnu++17 -DHAVE_CONFIG_H -I. -I.. -pthread -DHAVE_PTHREAD=1 -DHAVE_ZLIB=1 -Wall -Wno-sign-compare -g -O2 -ffile-prefix-map=/build/r-base-rgGXCp/r-base-4.5.0=. -fstack-protector-strong -Wformat -Werror=format-security -Wdate-time -D_FORTIFY_SOURCE=2 -MT google/protobuf/implicit_weak_message.lo -MD -MP -MF google/protobuf/.deps/implicit_weak_message.Tpo -c google/protobuf/implicit_weak_message.cc  -fPIC -DPIC -o google/protobuf/.libs/implicit_weak_message.o
depbase=`echo google/protobuf/message_lite.lo | sed 's|[^/]*$|.deps/&|;s|\.lo$||'`;\
/bin/bash ../libtool  --tag=CXX   --mode=compile g++ -std=gnu++17 -DHAVE_CONFIG_H -I. -I..    -pthread -DHAVE_PTHREAD=1 -DHAVE_ZLIB=1 -Wall -Wno-sign-compare  -g -O2 -ffile-prefix-map=/build/r-base-rgGXCp/r-base-4.5.0=. -fstack-protector-strong -Wformat -Werror=format-security -Wdate-time -D_FORTIFY_SOURCE=2 -MT google/protobuf/message_lite.lo -MD -MP -MF $depbase.Tpo -c -o google/protobuf/message_lite.lo google/protobuf/message_lite.cc &&\
mv -f $depbase.Tpo $depbase.Plo
libtool: compile:  g++ -std=gnu++17 -DHAVE_CONFIG_H -I. -I.. -pthread -DHAVE_PTHREAD=1 -DHAVE_ZLIB=1 -Wall -Wno-sign-compare -g -O2 -ffile-prefix-map=/build/r-base-rgGXCp/r-base-4.5.0=. -fstack-protector-strong -Wformat -Werror=format-security -Wdate-time -D_FORTIFY_SOURCE=2 -MT google/protobuf/message_lite.lo -MD -MP -MF google/protobuf/.deps/message_lite.Tpo -c google/protobuf/message_lite.cc  -fPIC -DPIC -o google/protobuf/.libs/message_lite.o
depbase=`echo google/protobuf/parse_context.lo | sed 's|[^/]*$|.deps/&|;s|\.lo$||'`;\
/bin/bash ../libtool  --tag=CXX   --mode=compile g++ -std=gnu++17 -DHAVE_CONFIG_H -I. -I..    -pthread -DHAVE_PTHREAD=1 -DHAVE_ZLIB=1 -Wall -Wno-sign-compare  -g -O2 -ffile-prefix-map=/build/r-base-rgGXCp/r-base-4.5.0=. -fstack-protector-strong -Wformat -Werror=format-security -Wdate-time -D_FORTIFY_SOURCE=2 -MT google/protobuf/parse_context.lo -MD -MP -MF $depbase.Tpo -c -o google/protobuf/parse_context.lo google/protobuf/parse_context.cc &&\
mv -f $depbase.Tpo $depbase.Plo
libtool: compile:  g++ -std=gnu++17 -DHAVE_CONFIG_H -I. -I.. -pthread -DHAVE_PTHREAD=1 -DHAVE_ZLIB=1 -Wall -Wno-sign-compare -g -O2 -ffile-prefix-map=/build/r-base-rgGXCp/r-base-4.5.0=. -fstack-protector-strong -Wformat -Werror=format-security -Wdate-time -D_FORTIFY_SOURCE=2 -MT google/protobuf/parse_context.lo -MD -MP -MF google/protobuf/.deps/parse_context.Tpo -c google/protobuf/parse_context.cc  -fPIC -DPIC -o google/protobuf/.libs/parse_context.o
depbase=`echo google/protobuf/repeated_field.lo | sed 's|[^/]*$|.deps/&|;s|\.lo$||'`;\
/bin/bash ../libtool  --tag=CXX   --mode=compile g++ -std=gnu++17 -DHAVE_CONFIG_H -I. -I..    -pthread -DHAVE_PTHREAD=1 -DHAVE_ZLIB=1 -Wall -Wno-sign-compare  -g -O2 -ffile-prefix-map=/build/r-base-rgGXCp/r-base-4.5.0=. -fstack-protector-strong -Wformat -Werror=format-security -Wdate-time -D_FORTIFY_SOURCE=2 -MT google/protobuf/repeated_field.lo -MD -MP -MF $depbase.Tpo -c -o google/protobuf/repeated_field.lo google/protobuf/repeated_field.cc &&\
mv -f $depbase.Tpo $depbase.Plo
libtool: compile:  g++ -std=gnu++17 -DHAVE_CONFIG_H -I. -I.. -pthread -DHAVE_PTHREAD=1 -DHAVE_ZLIB=1 -Wall -Wno-sign-compare -g -O2 -ffile-prefix-map=/build/r-base-rgGXCp/r-base-4.5.0=. -fstack-protector-strong -Wformat -Werror=format-security -Wdate-time -D_FORTIFY_SOURCE=2 -MT google/protobuf/repeated_field.lo -MD -MP -MF google/protobuf/.deps/repeated_field.Tpo -c google/protobuf/repeated_field.cc  -fPIC -DPIC -o google/protobuf/.libs/repeated_field.o
depbase=`echo google/protobuf/wire_format_lite.lo | sed 's|[^/]*$|.deps/&|;s|\.lo$||'`;\
/bin/bash ../libtool  --tag=CXX   --mode=compile g++ -std=gnu++17 -DHAVE_CONFIG_H -I. -I..    -pthread -DHAVE_PTHREAD=1 -DHAVE_ZLIB=1 -Wall -Wno-sign-compare  -g -O2 -ffile-prefix-map=/build/r-base-rgGXCp/r-base-4.5.0=. -fstack-protector-strong -Wformat -Werror=format-security -Wdate-time -D_FORTIFY_SOURCE=2 -MT google/protobuf/wire_format_lite.lo -MD -MP -MF $depbase.Tpo -c -o google/protobuf/wire_format_lite.lo google/protobuf/wire_format_lite.cc &&\
mv -f $depbase.Tpo $depbase.Plo
libtool: compile:  g++ -std=gnu++17 -DHAVE_CONFIG_H -I. -I.. -pthread -DHAVE_PTHREAD=1 -DHAVE_ZLIB=1 -Wall -Wno-sign-compare -g -O2 -ffile-prefix-map=/build/r-base-rgGXCp/r-base-4.5.0=. -fstack-protector-strong -Wformat -Werror=format-security -Wdate-time -D_FORTIFY_SOURCE=2 -MT google/protobuf/wire_format_lite.lo -MD -MP -MF google/protobuf/.deps/wire_format_lite.Tpo -c google/protobuf/wire_format_lite.cc  -fPIC -DPIC -o google/protobuf/.libs/wire_format_lite.o
depbase=`echo google/protobuf/io/coded_stream.lo | sed 's|[^/]*$|.deps/&|;s|\.lo$||'`;\
/bin/bash ../libtool  --tag=CXX   --mode=compile g++ -std=gnu++17 -DHAVE_CONFIG_H -I. -I..    -pthread -DHAVE_PTHREAD=1 -DHAVE_ZLIB=1 -Wall -Wno-sign-compare  -g -O2 -ffile-prefix-map=/build/r-base-rgGXCp/r-base-4.5.0=. -fstack-protector-strong -Wformat -Werror=format-security -Wdate-time -D_FORTIFY_SOURCE=2 -MT google/protobuf/io/coded_stream.lo -MD -MP -MF $depbase.Tpo -c -o google/protobuf/io/coded_stream.lo google/protobuf/io/coded_stream.cc &&\
mv -f $depbase.Tpo $depbase.Plo
libtool: compile:  g++ -std=gnu++17 -DHAVE_CONFIG_H -I. -I.. -pthread -DHAVE_PTHREAD=1 -DHAVE_ZLIB=1 -Wall -Wno-sign-compare -g -O2 -ffile-prefix-map=/build/r-base-rgGXCp/r-base-4.5.0=. -fstack-protector-strong -Wformat -Werror=format-security -Wdate-time -D_FORTIFY_SOURCE=2 -MT google/protobuf/io/coded_stream.lo -MD -MP -MF google/protobuf/io/.deps/coded_stream.Tpo -c google/protobuf/io/coded_stream.cc  -fPIC -DPIC -o google/protobuf/io/.libs/coded_stream.o
depbase=`echo google/protobuf/io/strtod.lo | sed 's|[^/]*$|.deps/&|;s|\.lo$||'`;\
/bin/bash ../libtool  --tag=CXX   --mode=compile g++ -std=gnu++17 -DHAVE_CONFIG_H -I. -I..    -pthread -DHAVE_PTHREAD=1 -DHAVE_ZLIB=1 -Wall -Wno-sign-compare  -g -O2 -ffile-prefix-map=/build/r-base-rgGXCp/r-base-4.5.0=. -fstack-protector-strong -Wformat -Werror=format-security -Wdate-time -D_FORTIFY_SOURCE=2 -MT google/protobuf/io/strtod.lo -MD -MP -MF $depbase.Tpo -c -o google/protobuf/io/strtod.lo google/protobuf/io/strtod.cc &&\
mv -f $depbase.Tpo $depbase.Plo
libtool: compile:  g++ -std=gnu++17 -DHAVE_CONFIG_H -I. -I.. -pthread -DHAVE_PTHREAD=1 -DHAVE_ZLIB=1 -Wall -Wno-sign-compare -g -O2 -ffile-prefix-map=/build/r-base-rgGXCp/r-base-4.5.0=. -fstack-protector-strong -Wformat -Werror=format-security -Wdate-time -D_FORTIFY_SOURCE=2 -MT google/protobuf/io/strtod.lo -MD -MP -MF google/protobuf/io/.deps/strtod.Tpo -c google/protobuf/io/strtod.cc  -fPIC -DPIC -o google/protobuf/io/.libs/strtod.o
depbase=`echo google/protobuf/io/zero_copy_stream.lo | sed 's|[^/]*$|.deps/&|;s|\.lo$||'`;\
/bin/bash ../libtool  --tag=CXX   --mode=compile g++ -std=gnu++17 -DHAVE_CONFIG_H -I. -I..    -pthread -DHAVE_PTHREAD=1 -DHAVE_ZLIB=1 -Wall -Wno-sign-compare  -g -O2 -ffile-prefix-map=/build/r-base-rgGXCp/r-base-4.5.0=. -fstack-protector-strong -Wformat -Werror=format-security -Wdate-time -D_FORTIFY_SOURCE=2 -MT google/protobuf/io/zero_copy_stream.lo -MD -MP -MF $depbase.Tpo -c -o google/protobuf/io/zero_copy_stream.lo google/protobuf/io/zero_copy_stream.cc &&\
mv -f $depbase.Tpo $depbase.Plo
libtool: compile:  g++ -std=gnu++17 -DHAVE_CONFIG_H -I. -I.. -pthread -DHAVE_PTHREAD=1 -DHAVE_ZLIB=1 -Wall -Wno-sign-compare -g -O2 -ffile-prefix-map=/build/r-base-rgGXCp/r-base-4.5.0=. -fstack-protector-strong -Wformat -Werror=format-security -Wdate-time -D_FORTIFY_SOURCE=2 -MT google/protobuf/io/zero_copy_stream.lo -MD -MP -MF google/protobuf/io/.deps/zero_copy_stream.Tpo -c google/protobuf/io/zero_copy_stream.cc  -fPIC -DPIC -o google/protobuf/io/.libs/zero_copy_stream.o
depbase=`echo google/protobuf/io/zero_copy_stream_impl_lite.lo | sed 's|[^/]*$|.deps/&|;s|\.lo$||'`;\
/bin/bash ../libtool  --tag=CXX   --mode=compile g++ -std=gnu++17 -DHAVE_CONFIG_H -I. -I..    -pthread -DHAVE_PTHREAD=1 -DHAVE_ZLIB=1 -Wall -Wno-sign-compare  -g -O2 -ffile-prefix-map=/build/r-base-rgGXCp/r-base-4.5.0=. -fstack-protector-strong -Wformat -Werror=format-security -Wdate-time -D_FORTIFY_SOURCE=2 -MT google/protobuf/io/zero_copy_stream_impl_lite.lo -MD -MP -MF $depbase.Tpo -c -o google/protobuf/io/zero_copy_stream_impl_lite.lo google/protobuf/io/zero_copy_stream_impl_lite.cc &&\
mv -f $depbase.Tpo $depbase.Plo
libtool: compile:  g++ -std=gnu++17 -DHAVE_CONFIG_H -I. -I.. -pthread -DHAVE_PTHREAD=1 -DHAVE_ZLIB=1 -Wall -Wno-sign-compare -g -O2 -ffile-prefix-map=/build/r-base-rgGXCp/r-base-4.5.0=. -fstack-protector-strong -Wformat -Werror=format-security -Wdate-time -D_FORTIFY_SOURCE=2 -MT google/protobuf/io/zero_copy_stream_impl_lite.lo -MD -MP -MF google/protobuf/io/.deps/zero_copy_stream_impl_lite.Tpo -c google/protobuf/io/zero_copy_stream_impl_lite.cc  -fPIC -DPIC -o google/protobuf/io/.libs/zero_copy_stream_impl_lite.o
depbase=`echo google/protobuf/any.pb.lo | sed 's|[^/]*$|.deps/&|;s|\.lo$||'`;\
/bin/bash ../libtool  --tag=CXX   --mode=compile g++ -std=gnu++17 -DHAVE_CONFIG_H -I. -I..    -pthread -DHAVE_PTHREAD=1 -DHAVE_ZLIB=1 -Wall -Wno-sign-compare  -g -O2 -ffile-prefix-map=/build/r-base-rgGXCp/r-base-4.5.0=. -fstack-protector-strong -Wformat -Werror=format-security -Wdate-time -D_FORTIFY_SOURCE=2 -MT google/protobuf/any.pb.lo -MD -MP -MF $depbase.Tpo -c -o google/protobuf/any.pb.lo google/protobuf/any.pb.cc &&\
mv -f $depbase.Tpo $depbase.Plo
libtool: compile:  g++ -std=gnu++17 -DHAVE_CONFIG_H -I. -I.. -pthread -DHAVE_PTHREAD=1 -DHAVE_ZLIB=1 -Wall -Wno-sign-compare -g -O2 -ffile-prefix-map=/build/r-base-rgGXCp/r-base-4.5.0=. -fstack-protector-strong -Wformat -Werror=format-security -Wdate-time -D_FORTIFY_SOURCE=2 -MT google/protobuf/any.pb.lo -MD -MP -MF google/protobuf/.deps/any.pb.Tpo -c google/protobuf/any.pb.cc  -fPIC -DPIC -o google/protobuf/.libs/any.pb.o
depbase=`echo google/protobuf/api.pb.lo | sed 's|[^/]*$|.deps/&|;s|\.lo$||'`;\
/bin/bash ../libtool  --tag=CXX   --mode=compile g++ -std=gnu++17 -DHAVE_CONFIG_H -I. -I..    -pthread -DHAVE_PTHREAD=1 -DHAVE_ZLIB=1 -Wall -Wno-sign-compare  -g -O2 -ffile-prefix-map=/build/r-base-rgGXCp/r-base-4.5.0=. -fstack-protector-strong -Wformat -Werror=format-security -Wdate-time -D_FORTIFY_SOURCE=2 -MT google/protobuf/api.pb.lo -MD -MP -MF $depbase.Tpo -c -o google/protobuf/api.pb.lo google/protobuf/api.pb.cc &&\
mv -f $depbase.Tpo $depbase.Plo
libtool: compile:  g++ -std=gnu++17 -DHAVE_CONFIG_H -I. -I.. -pthread -DHAVE_PTHREAD=1 -DHAVE_ZLIB=1 -Wall -Wno-sign-compare -g -O2 -ffile-prefix-map=/build/r-base-rgGXCp/r-base-4.5.0=. -fstack-protector-strong -Wformat -Werror=format-security -Wdate-time -D_FORTIFY_SOURCE=2 -MT google/protobuf/api.pb.lo -MD -MP -MF google/protobuf/.deps/api.pb.Tpo -c google/protobuf/api.pb.cc  -fPIC -DPIC -o google/protobuf/.libs/api.pb.o
depbase=`echo google/protobuf/stubs/mathlimits.lo | sed 's|[^/]*$|.deps/&|;s|\.lo$||'`;\
/bin/bash ../libtool  --tag=CXX   --mode=compile g++ -std=gnu++17 -DHAVE_CONFIG_H -I. -I..    -pthread -DHAVE_PTHREAD=1 -DHAVE_ZLIB=1 -Wall -Wno-sign-compare  -g -O2 -ffile-prefix-map=/build/r-base-rgGXCp/r-base-4.5.0=. -fstack-protector-strong -Wformat -Werror=format-security -Wdate-time -D_FORTIFY_SOURCE=2 -MT google/protobuf/stubs/mathlimits.lo -MD -MP -MF $depbase.Tpo -c -o google/protobuf/stubs/mathlimits.lo google/protobuf/stubs/mathlimits.cc &&\
mv -f $depbase.Tpo $depbase.Plo
libtool: compile:  g++ -std=gnu++17 -DHAVE_CONFIG_H -I. -I.. -pthread -DHAVE_PTHREAD=1 -DHAVE_ZLIB=1 -Wall -Wno-sign-compare -g -O2 -ffile-prefix-map=/build/r-base-rgGXCp/r-base-4.5.0=. -fstack-protector-strong -Wformat -Werror=format-security -Wdate-time -D_FORTIFY_SOURCE=2 -MT google/protobuf/stubs/mathlimits.lo -MD -MP -MF google/protobuf/stubs/.deps/mathlimits.Tpo -c google/protobuf/stubs/mathlimits.cc  -fPIC -DPIC -o google/protobuf/stubs/.libs/mathlimits.o
depbase=`echo google/protobuf/any.lo | sed 's|[^/]*$|.deps/&|;s|\.lo$||'`;\
/bin/bash ../libtool  --tag=CXX   --mode=compile g++ -std=gnu++17 -DHAVE_CONFIG_H -I. -I..    -pthread -DHAVE_PTHREAD=1 -DHAVE_ZLIB=1 -Wall -Wno-sign-compare  -g -O2 -ffile-prefix-map=/build/r-base-rgGXCp/r-base-4.5.0=. -fstack-protector-strong -Wformat -Werror=format-security -Wdate-time -D_FORTIFY_SOURCE=2 -MT google/protobuf/any.lo -MD -MP -MF $depbase.Tpo -c -o google/protobuf/any.lo google/protobuf/any.cc &&\
mv -f $depbase.Tpo $depbase.Plo
libtool: compile:  g++ -std=gnu++17 -DHAVE_CONFIG_H -I. -I.. -pthread -DHAVE_PTHREAD=1 -DHAVE_ZLIB=1 -Wall -Wno-sign-compare -g -O2 -ffile-prefix-map=/build/r-base-rgGXCp/r-base-4.5.0=. -fstack-protector-strong -Wformat -Werror=format-security -Wdate-time -D_FORTIFY_SOURCE=2 -MT google/protobuf/any.lo -MD -MP -MF google/protobuf/.deps/any.Tpo -c google/protobuf/any.cc  -fPIC -DPIC -o google/protobuf/.libs/any.o
depbase=`echo google/protobuf/descriptor.lo | sed 's|[^/]*$|.deps/&|;s|\.lo$||'`;\
/bin/bash ../libtool  --tag=CXX   --mode=compile g++ -std=gnu++17 -DHAVE_CONFIG_H -I. -I..    -pthread -DHAVE_PTHREAD=1 -DHAVE_ZLIB=1 -Wall -Wno-sign-compare  -g -O2 -ffile-prefix-map=/build/r-base-rgGXCp/r-base-4.5.0=. -fstack-protector-strong -Wformat -Werror=format-security -Wdate-time -D_FORTIFY_SOURCE=2 -MT google/protobuf/descriptor.lo -MD -MP -MF $depbase.Tpo -c -o google/protobuf/descriptor.lo google/protobuf/descriptor.cc &&\
mv -f $depbase.Tpo $depbase.Plo
libtool: compile:  g++ -std=gnu++17 -DHAVE_CONFIG_H -I. -I.. -pthread -DHAVE_PTHREAD=1 -DHAVE_ZLIB=1 -Wall -Wno-sign-compare -g -O2 -ffile-prefix-map=/build/r-base-rgGXCp/r-base-4.5.0=. -fstack-protector-strong -Wformat -Werror=format-security -Wdate-time -D_FORTIFY_SOURCE=2 -MT google/protobuf/descriptor.lo -MD -MP -MF google/protobuf/.deps/descriptor.Tpo -c google/protobuf/descriptor.cc  -fPIC -DPIC -o google/protobuf/.libs/descriptor.o
depbase=`echo google/protobuf/descriptor_database.lo | sed 's|[^/]*$|.deps/&|;s|\.lo$||'`;\
/bin/bash ../libtool  --tag=CXX   --mode=compile g++ -std=gnu++17 -DHAVE_CONFIG_H -I. -I..    -pthread -DHAVE_PTHREAD=1 -DHAVE_ZLIB=1 -Wall -Wno-sign-compare  -g -O2 -ffile-prefix-map=/build/r-base-rgGXCp/r-base-4.5.0=. -fstack-protector-strong -Wformat -Werror=format-security -Wdate-time -D_FORTIFY_SOURCE=2 -MT google/protobuf/descriptor_database.lo -MD -MP -MF $depbase.Tpo -c -o google/protobuf/descriptor_database.lo google/protobuf/descriptor_database.cc &&\
mv -f $depbase.Tpo $depbase.Plo
libtool: compile:  g++ -std=gnu++17 -DHAVE_CONFIG_H -I. -I.. -pthread -DHAVE_PTHREAD=1 -DHAVE_ZLIB=1 -Wall -Wno-sign-compare -g -O2 -ffile-prefix-map=/build/r-base-rgGXCp/r-base-4.5.0=. -fstack-protector-strong -Wformat -Werror=format-security -Wdate-time -D_FORTIFY_SOURCE=2 -MT google/protobuf/descriptor_database.lo -MD -MP -MF google/protobuf/.deps/descriptor_database.Tpo -c google/protobuf/descriptor_database.cc  -fPIC -DPIC -o google/protobuf/.libs/descriptor_database.o
depbase=`echo google/protobuf/descriptor.pb.lo | sed 's|[^/]*$|.deps/&|;s|\.lo$||'`;\
/bin/bash ../libtool  --tag=CXX   --mode=compile g++ -std=gnu++17 -DHAVE_CONFIG_H -I. -I..    -pthread -DHAVE_PTHREAD=1 -DHAVE_ZLIB=1 -Wall -Wno-sign-compare  -g -O2 -ffile-prefix-map=/build/r-base-rgGXCp/r-base-4.5.0=. -fstack-protector-strong -Wformat -Werror=format-security -Wdate-time -D_FORTIFY_SOURCE=2 -MT google/protobuf/descriptor.pb.lo -MD -MP -MF $depbase.Tpo -c -o google/protobuf/descriptor.pb.lo google/protobuf/descriptor.pb.cc &&\
mv -f $depbase.Tpo $depbase.Plo
libtool: compile:  g++ -std=gnu++17 -DHAVE_CONFIG_H -I. -I.. -pthread -DHAVE_PTHREAD=1 -DHAVE_ZLIB=1 -Wall -Wno-sign-compare -g -O2 -ffile-prefix-map=/build/r-base-rgGXCp/r-base-4.5.0=. -fstack-protector-strong -Wformat -Werror=format-security -Wdate-time -D_FORTIFY_SOURCE=2 -MT google/protobuf/descriptor.pb.lo -MD -MP -MF google/protobuf/.deps/descriptor.pb.Tpo -c google/protobuf/descriptor.pb.cc  -fPIC -DPIC -o google/protobuf/.libs/descriptor.pb.o
depbase=`echo google/protobuf/duration.pb.lo | sed 's|[^/]*$|.deps/&|;s|\.lo$||'`;\
/bin/bash ../libtool  --tag=CXX   --mode=compile g++ -std=gnu++17 -DHAVE_CONFIG_H -I. -I..    -pthread -DHAVE_PTHREAD=1 -DHAVE_ZLIB=1 -Wall -Wno-sign-compare  -g -O2 -ffile-prefix-map=/build/r-base-rgGXCp/r-base-4.5.0=. -fstack-protector-strong -Wformat -Werror=format-security -Wdate-time -D_FORTIFY_SOURCE=2 -MT google/protobuf/duration.pb.lo -MD -MP -MF $depbase.Tpo -c -o google/protobuf/duration.pb.lo google/protobuf/duration.pb.cc &&\
mv -f $depbase.Tpo $depbase.Plo
libtool: compile:  g++ -std=gnu++17 -DHAVE_CONFIG_H -I. -I.. -pthread -DHAVE_PTHREAD=1 -DHAVE_ZLIB=1 -Wall -Wno-sign-compare -g -O2 -ffile-prefix-map=/build/r-base-rgGXCp/r-base-4.5.0=. -fstack-protector-strong -Wformat -Werror=format-security -Wdate-time -D_FORTIFY_SOURCE=2 -MT google/protobuf/duration.pb.lo -MD -MP -MF google/protobuf/.deps/duration.pb.Tpo -c google/protobuf/duration.pb.cc  -fPIC -DPIC -o google/protobuf/.libs/duration.pb.o
depbase=`echo google/protobuf/dynamic_message.lo | sed 's|[^/]*$|.deps/&|;s|\.lo$||'`;\
/bin/bash ../libtool  --tag=CXX   --mode=compile g++ -std=gnu++17 -DHAVE_CONFIG_H -I. -I..    -pthread -DHAVE_PTHREAD=1 -DHAVE_ZLIB=1 -Wall -Wno-sign-compare  -g -O2 -ffile-prefix-map=/build/r-base-rgGXCp/r-base-4.5.0=. -fstack-protector-strong -Wformat -Werror=format-security -Wdate-time -D_FORTIFY_SOURCE=2 -MT google/protobuf/dynamic_message.lo -MD -MP -MF $depbase.Tpo -c -o google/protobuf/dynamic_message.lo google/protobuf/dynamic_message.cc &&\
mv -f $depbase.Tpo $depbase.Plo
libtool: compile:  g++ -std=gnu++17 -DHAVE_CONFIG_H -I. -I.. -pthread -DHAVE_PTHREAD=1 -DHAVE_ZLIB=1 -Wall -Wno-sign-compare -g -O2 -ffile-prefix-map=/build/r-base-rgGXCp/r-base-4.5.0=. -fstack-protector-strong -Wformat -Werror=format-security -Wdate-time -D_FORTIFY_SOURCE=2 -MT google/protobuf/dynamic_message.lo -MD -MP -MF google/protobuf/.deps/dynamic_message.Tpo -c google/protobuf/dynamic_message.cc  -fPIC -DPIC -o google/protobuf/.libs/dynamic_message.o
depbase=`echo google/protobuf/empty.pb.lo | sed 's|[^/]*$|.deps/&|;s|\.lo$||'`;\
/bin/bash ../libtool  --tag=CXX   --mode=compile g++ -std=gnu++17 -DHAVE_CONFIG_H -I. -I..    -pthread -DHAVE_PTHREAD=1 -DHAVE_ZLIB=1 -Wall -Wno-sign-compare  -g -O2 -ffile-prefix-map=/build/r-base-rgGXCp/r-base-4.5.0=. -fstack-protector-strong -Wformat -Werror=format-security -Wdate-time -D_FORTIFY_SOURCE=2 -MT google/protobuf/empty.pb.lo -MD -MP -MF $depbase.Tpo -c -o google/protobuf/empty.pb.lo google/protobuf/empty.pb.cc &&\
mv -f $depbase.Tpo $depbase.Plo
libtool: compile:  g++ -std=gnu++17 -DHAVE_CONFIG_H -I. -I.. -pthread -DHAVE_PTHREAD=1 -DHAVE_ZLIB=1 -Wall -Wno-sign-compare -g -O2 -ffile-prefix-map=/build/r-base-rgGXCp/r-base-4.5.0=. -fstack-protector-strong -Wformat -Werror=format-security -Wdate-time -D_FORTIFY_SOURCE=2 -MT google/protobuf/empty.pb.lo -MD -MP -MF google/protobuf/.deps/empty.pb.Tpo -c google/protobuf/empty.pb.cc  -fPIC -DPIC -o google/protobuf/.libs/empty.pb.o
depbase=`echo google/protobuf/extension_set_heavy.lo | sed 's|[^/]*$|.deps/&|;s|\.lo$||'`;\
/bin/bash ../libtool  --tag=CXX   --mode=compile g++ -std=gnu++17 -DHAVE_CONFIG_H -I. -I..    -pthread -DHAVE_PTHREAD=1 -DHAVE_ZLIB=1 -Wall -Wno-sign-compare  -g -O2 -ffile-prefix-map=/build/r-base-rgGXCp/r-base-4.5.0=. -fstack-protector-strong -Wformat -Werror=format-security -Wdate-time -D_FORTIFY_SOURCE=2 -MT google/protobuf/extension_set_heavy.lo -MD -MP -MF $depbase.Tpo -c -o google/protobuf/extension_set_heavy.lo google/protobuf/extension_set_heavy.cc &&\
mv -f $depbase.Tpo $depbase.Plo
libtool: compile:  g++ -std=gnu++17 -DHAVE_CONFIG_H -I. -I.. -pthread -DHAVE_PTHREAD=1 -DHAVE_ZLIB=1 -Wall -Wno-sign-compare -g -O2 -ffile-prefix-map=/build/r-base-rgGXCp/r-base-4.5.0=. -fstack-protector-strong -Wformat -Werror=format-security -Wdate-time -D_FORTIFY_SOURCE=2 -MT google/protobuf/extension_set_heavy.lo -MD -MP -MF google/protobuf/.deps/extension_set_heavy.Tpo -c google/protobuf/extension_set_heavy.cc  -fPIC -DPIC -o google/protobuf/.libs/extension_set_heavy.o
depbase=`echo google/protobuf/field_mask.pb.lo | sed 's|[^/]*$|.deps/&|;s|\.lo$||'`;\
/bin/bash ../libtool  --tag=CXX   --mode=compile g++ -std=gnu++17 -DHAVE_CONFIG_H -I. -I..    -pthread -DHAVE_PTHREAD=1 -DHAVE_ZLIB=1 -Wall -Wno-sign-compare  -g -O2 -ffile-prefix-map=/build/r-base-rgGXCp/r-base-4.5.0=. -fstack-protector-strong -Wformat -Werror=format-security -Wdate-time -D_FORTIFY_SOURCE=2 -MT google/protobuf/field_mask.pb.lo -MD -MP -MF $depbase.Tpo -c -o google/protobuf/field_mask.pb.lo google/protobuf/field_mask.pb.cc &&\
mv -f $depbase.Tpo $depbase.Plo
libtool: compile:  g++ -std=gnu++17 -DHAVE_CONFIG_H -I. -I.. -pthread -DHAVE_PTHREAD=1 -DHAVE_ZLIB=1 -Wall -Wno-sign-compare -g -O2 -ffile-prefix-map=/build/r-base-rgGXCp/r-base-4.5.0=. -fstack-protector-strong -Wformat -Werror=format-security -Wdate-time -D_FORTIFY_SOURCE=2 -MT google/protobuf/field_mask.pb.lo -MD -MP -MF google/protobuf/.deps/field_mask.pb.Tpo -c google/protobuf/field_mask.pb.cc  -fPIC -DPIC -o google/protobuf/.libs/field_mask.pb.o
depbase=`echo google/protobuf/generated_message_reflection.lo | sed 's|[^/]*$|.deps/&|;s|\.lo$||'`;\
/bin/bash ../libtool  --tag=CXX   --mode=compile g++ -std=gnu++17 -DHAVE_CONFIG_H -I. -I..    -pthread -DHAVE_PTHREAD=1 -DHAVE_ZLIB=1 -Wall -Wno-sign-compare  -g -O2 -ffile-prefix-map=/build/r-base-rgGXCp/r-base-4.5.0=. -fstack-protector-strong -Wformat -Werror=format-security -Wdate-time -D_FORTIFY_SOURCE=2 -MT google/protobuf/generated_message_reflection.lo -MD -MP -MF $depbase.Tpo -c -o google/protobuf/generated_message_reflection.lo google/protobuf/generated_message_reflection.cc &&\
mv -f $depbase.Tpo $depbase.Plo
libtool: compile:  g++ -std=gnu++17 -DHAVE_CONFIG_H -I. -I.. -pthread -DHAVE_PTHREAD=1 -DHAVE_ZLIB=1 -Wall -Wno-sign-compare -g -O2 -ffile-prefix-map=/build/r-base-rgGXCp/r-base-4.5.0=. -fstack-protector-strong -Wformat -Werror=format-security -Wdate-time -D_FORTIFY_SOURCE=2 -MT google/protobuf/generated_message_reflection.lo -MD -MP -MF google/protobuf/.deps/generated_message_reflection.Tpo -c google/protobuf/generated_message_reflection.cc  -fPIC -DPIC -o google/protobuf/.libs/generated_message_reflection.o
depbase=`echo google/protobuf/generated_message_table_driven.lo | sed 's|[^/]*$|.deps/&|;s|\.lo$||'`;\
/bin/bash ../libtool  --tag=CXX   --mode=compile g++ -std=gnu++17 -DHAVE_CONFIG_H -I. -I..    -pthread -DHAVE_PTHREAD=1 -DHAVE_ZLIB=1 -Wall -Wno-sign-compare  -g -O2 -ffile-prefix-map=/build/r-base-rgGXCp/r-base-4.5.0=. -fstack-protector-strong -Wformat -Werror=format-security -Wdate-time -D_FORTIFY_SOURCE=2 -MT google/protobuf/generated_message_table_driven.lo -MD -MP -MF $depbase.Tpo -c -o google/protobuf/generated_message_table_driven.lo google/protobuf/generated_message_table_driven.cc &&\
mv -f $depbase.Tpo $depbase.Plo
libtool: compile:  g++ -std=gnu++17 -DHAVE_CONFIG_H -I. -I.. -pthread -DHAVE_PTHREAD=1 -DHAVE_ZLIB=1 -Wall -Wno-sign-compare -g -O2 -ffile-prefix-map=/build/r-base-rgGXCp/r-base-4.5.0=. -fstack-protector-strong -Wformat -Werror=format-security -Wdate-time -D_FORTIFY_SOURCE=2 -MT google/protobuf/generated_message_table_driven.lo -MD -MP -MF google/protobuf/.deps/generated_message_table_driven.Tpo -c google/protobuf/generated_message_table_driven.cc  -fPIC -DPIC -o google/protobuf/.libs/generated_message_table_driven.o
depbase=`echo google/protobuf/map_field.lo | sed 's|[^/]*$|.deps/&|;s|\.lo$||'`;\
/bin/bash ../libtool  --tag=CXX   --mode=compile g++ -std=gnu++17 -DHAVE_CONFIG_H -I. -I..    -pthread -DHAVE_PTHREAD=1 -DHAVE_ZLIB=1 -Wall -Wno-sign-compare  -g -O2 -ffile-prefix-map=/build/r-base-rgGXCp/r-base-4.5.0=. -fstack-protector-strong -Wformat -Werror=format-security -Wdate-time -D_FORTIFY_SOURCE=2 -MT google/protobuf/map_field.lo -MD -MP -MF $depbase.Tpo -c -o google/protobuf/map_field.lo google/protobuf/map_field.cc &&\
mv -f $depbase.Tpo $depbase.Plo
libtool: compile:  g++ -std=gnu++17 -DHAVE_CONFIG_H -I. -I.. -pthread -DHAVE_PTHREAD=1 -DHAVE_ZLIB=1 -Wall -Wno-sign-compare -g -O2 -ffile-prefix-map=/build/r-base-rgGXCp/r-base-4.5.0=. -fstack-protector-strong -Wformat -Werror=format-security -Wdate-time -D_FORTIFY_SOURCE=2 -MT google/protobuf/map_field.lo -MD -MP -MF google/protobuf/.deps/map_field.Tpo -c google/protobuf/map_field.cc  -fPIC -DPIC -o google/protobuf/.libs/map_field.o
depbase=`echo google/protobuf/message.lo | sed 's|[^/]*$|.deps/&|;s|\.lo$||'`;\
/bin/bash ../libtool  --tag=CXX   --mode=compile g++ -std=gnu++17 -DHAVE_CONFIG_H -I. -I..    -pthread -DHAVE_PTHREAD=1 -DHAVE_ZLIB=1 -Wall -Wno-sign-compare  -g -O2 -ffile-prefix-map=/build/r-base-rgGXCp/r-base-4.5.0=. -fstack-protector-strong -Wformat -Werror=format-security -Wdate-time -D_FORTIFY_SOURCE=2 -MT google/protobuf/message.lo -MD -MP -MF $depbase.Tpo -c -o google/protobuf/message.lo google/protobuf/message.cc &&\
mv -f $depbase.Tpo $depbase.Plo
libtool: compile:  g++ -std=gnu++17 -DHAVE_CONFIG_H -I. -I.. -pthread -DHAVE_PTHREAD=1 -DHAVE_ZLIB=1 -Wall -Wno-sign-compare -g -O2 -ffile-prefix-map=/build/r-base-rgGXCp/r-base-4.5.0=. -fstack-protector-strong -Wformat -Werror=format-security -Wdate-time -D_FORTIFY_SOURCE=2 -MT google/protobuf/message.lo -MD -MP -MF google/protobuf/.deps/message.Tpo -c google/protobuf/message.cc  -fPIC -DPIC -o google/protobuf/.libs/message.o
depbase=`echo google/protobuf/reflection_ops.lo | sed 's|[^/]*$|.deps/&|;s|\.lo$||'`;\
/bin/bash ../libtool  --tag=CXX   --mode=compile g++ -std=gnu++17 -DHAVE_CONFIG_H -I. -I..    -pthread -DHAVE_PTHREAD=1 -DHAVE_ZLIB=1 -Wall -Wno-sign-compare  -g -O2 -ffile-prefix-map=/build/r-base-rgGXCp/r-base-4.5.0=. -fstack-protector-strong -Wformat -Werror=format-security -Wdate-time -D_FORTIFY_SOURCE=2 -MT google/protobuf/reflection_ops.lo -MD -MP -MF $depbase.Tpo -c -o google/protobuf/reflection_ops.lo google/protobuf/reflection_ops.cc &&\
mv -f $depbase.Tpo $depbase.Plo
libtool: compile:  g++ -std=gnu++17 -DHAVE_CONFIG_H -I. -I.. -pthread -DHAVE_PTHREAD=1 -DHAVE_ZLIB=1 -Wall -Wno-sign-compare -g -O2 -ffile-prefix-map=/build/r-base-rgGXCp/r-base-4.5.0=. -fstack-protector-strong -Wformat -Werror=format-security -Wdate-time -D_FORTIFY_SOURCE=2 -MT google/protobuf/reflection_ops.lo -MD -MP -MF google/protobuf/.deps/reflection_ops.Tpo -c google/protobuf/reflection_ops.cc  -fPIC -DPIC -o google/protobuf/.libs/reflection_ops.o
depbase=`echo google/protobuf/service.lo | sed 's|[^/]*$|.deps/&|;s|\.lo$||'`;\
/bin/bash ../libtool  --tag=CXX   --mode=compile g++ -std=gnu++17 -DHAVE_CONFIG_H -I. -I..    -pthread -DHAVE_PTHREAD=1 -DHAVE_ZLIB=1 -Wall -Wno-sign-compare  -g -O2 -ffile-prefix-map=/build/r-base-rgGXCp/r-base-4.5.0=. -fstack-protector-strong -Wformat -Werror=format-security -Wdate-time -D_FORTIFY_SOURCE=2 -MT google/protobuf/service.lo -MD -MP -MF $depbase.Tpo -c -o google/protobuf/service.lo google/protobuf/service.cc &&\
mv -f $depbase.Tpo $depbase.Plo
libtool: compile:  g++ -std=gnu++17 -DHAVE_CONFIG_H -I. -I.. -pthread -DHAVE_PTHREAD=1 -DHAVE_ZLIB=1 -Wall -Wno-sign-compare -g -O2 -ffile-prefix-map=/build/r-base-rgGXCp/r-base-4.5.0=. -fstack-protector-strong -Wformat -Werror=format-security -Wdate-time -D_FORTIFY_SOURCE=2 -MT google/protobuf/service.lo -MD -MP -MF google/protobuf/.deps/service.Tpo -c google/protobuf/service.cc  -fPIC -DPIC -o google/protobuf/.libs/service.o
depbase=`echo google/protobuf/source_context.pb.lo | sed 's|[^/]*$|.deps/&|;s|\.lo$||'`;\
/bin/bash ../libtool  --tag=CXX   --mode=compile g++ -std=gnu++17 -DHAVE_CONFIG_H -I. -I..    -pthread -DHAVE_PTHREAD=1 -DHAVE_ZLIB=1 -Wall -Wno-sign-compare  -g -O2 -ffile-prefix-map=/build/r-base-rgGXCp/r-base-4.5.0=. -fstack-protector-strong -Wformat -Werror=format-security -Wdate-time -D_FORTIFY_SOURCE=2 -MT google/protobuf/source_context.pb.lo -MD -MP -MF $depbase.Tpo -c -o google/protobuf/source_context.pb.lo google/protobuf/source_context.pb.cc &&\
mv -f $depbase.Tpo $depbase.Plo
libtool: compile:  g++ -std=gnu++17 -DHAVE_CONFIG_H -I. -I.. -pthread -DHAVE_PTHREAD=1 -DHAVE_ZLIB=1 -Wall -Wno-sign-compare -g -O2 -ffile-prefix-map=/build/r-base-rgGXCp/r-base-4.5.0=. -fstack-protector-strong -Wformat -Werror=format-security -Wdate-time -D_FORTIFY_SOURCE=2 -MT google/protobuf/source_context.pb.lo -MD -MP -MF google/protobuf/.deps/source_context.pb.Tpo -c google/protobuf/source_context.pb.cc  -fPIC -DPIC -o google/protobuf/.libs/source_context.pb.o
depbase=`echo google/protobuf/struct.pb.lo | sed 's|[^/]*$|.deps/&|;s|\.lo$||'`;\
/bin/bash ../libtool  --tag=CXX   --mode=compile g++ -std=gnu++17 -DHAVE_CONFIG_H -I. -I..    -pthread -DHAVE_PTHREAD=1 -DHAVE_ZLIB=1 -Wall -Wno-sign-compare  -g -O2 -ffile-prefix-map=/build/r-base-rgGXCp/r-base-4.5.0=. -fstack-protector-strong -Wformat -Werror=format-security -Wdate-time -D_FORTIFY_SOURCE=2 -MT google/protobuf/struct.pb.lo -MD -MP -MF $depbase.Tpo -c -o google/protobuf/struct.pb.lo google/protobuf/struct.pb.cc &&\
mv -f $depbase.Tpo $depbase.Plo
libtool: compile:  g++ -std=gnu++17 -DHAVE_CONFIG_H -I. -I.. -pthread -DHAVE_PTHREAD=1 -DHAVE_ZLIB=1 -Wall -Wno-sign-compare -g -O2 -ffile-prefix-map=/build/r-base-rgGXCp/r-base-4.5.0=. -fstack-protector-strong -Wformat -Werror=format-security -Wdate-time -D_FORTIFY_SOURCE=2 -MT google/protobuf/struct.pb.lo -MD -MP -MF google/protobuf/.deps/struct.pb.Tpo -c google/protobuf/struct.pb.cc  -fPIC -DPIC -o google/protobuf/.libs/struct.pb.o
depbase=`echo google/protobuf/stubs/substitute.lo | sed 's|[^/]*$|.deps/&|;s|\.lo$||'`;\
/bin/bash ../libtool  --tag=CXX   --mode=compile g++ -std=gnu++17 -DHAVE_CONFIG_H -I. -I..    -pthread -DHAVE_PTHREAD=1 -DHAVE_ZLIB=1 -Wall -Wno-sign-compare  -g -O2 -ffile-prefix-map=/build/r-base-rgGXCp/r-base-4.5.0=. -fstack-protector-strong -Wformat -Werror=format-security -Wdate-time -D_FORTIFY_SOURCE=2 -MT google/protobuf/stubs/substitute.lo -MD -MP -MF $depbase.Tpo -c -o google/protobuf/stubs/substitute.lo google/protobuf/stubs/substitute.cc &&\
mv -f $depbase.Tpo $depbase.Plo
libtool: compile:  g++ -std=gnu++17 -DHAVE_CONFIG_H -I. -I.. -pthread -DHAVE_PTHREAD=1 -DHAVE_ZLIB=1 -Wall -Wno-sign-compare -g -O2 -ffile-prefix-map=/build/r-base-rgGXCp/r-base-4.5.0=. -fstack-protector-strong -Wformat -Werror=format-security -Wdate-time -D_FORTIFY_SOURCE=2 -MT google/protobuf/stubs/substitute.lo -MD -MP -MF google/protobuf/stubs/.deps/substitute.Tpo -c google/protobuf/stubs/substitute.cc  -fPIC -DPIC -o google/protobuf/stubs/.libs/substitute.o
depbase=`echo google/protobuf/text_format.lo | sed 's|[^/]*$|.deps/&|;s|\.lo$||'`;\
/bin/bash ../libtool  --tag=CXX   --mode=compile g++ -std=gnu++17 -DHAVE_CONFIG_H -I. -I..    -pthread -DHAVE_PTHREAD=1 -DHAVE_ZLIB=1 -Wall -Wno-sign-compare  -g -O2 -ffile-prefix-map=/build/r-base-rgGXCp/r-base-4.5.0=. -fstack-protector-strong -Wformat -Werror=format-security -Wdate-time -D_FORTIFY_SOURCE=2 -MT google/protobuf/text_format.lo -MD -MP -MF $depbase.Tpo -c -o google/protobuf/text_format.lo google/protobuf/text_format.cc &&\
mv -f $depbase.Tpo $depbase.Plo
libtool: compile:  g++ -std=gnu++17 -DHAVE_CONFIG_H -I. -I.. -pthread -DHAVE_PTHREAD=1 -DHAVE_ZLIB=1 -Wall -Wno-sign-compare -g -O2 -ffile-prefix-map=/build/r-base-rgGXCp/r-base-4.5.0=. -fstack-protector-strong -Wformat -Werror=format-security -Wdate-time -D_FORTIFY_SOURCE=2 -MT google/protobuf/text_format.lo -MD -MP -MF google/protobuf/.deps/text_format.Tpo -c google/protobuf/text_format.cc  -fPIC -DPIC -o google/protobuf/.libs/text_format.o
depbase=`echo google/protobuf/timestamp.pb.lo | sed 's|[^/]*$|.deps/&|;s|\.lo$||'`;\
/bin/bash ../libtool  --tag=CXX   --mode=compile g++ -std=gnu++17 -DHAVE_CONFIG_H -I. -I..    -pthread -DHAVE_PTHREAD=1 -DHAVE_ZLIB=1 -Wall -Wno-sign-compare  -g -O2 -ffile-prefix-map=/build/r-base-rgGXCp/r-base-4.5.0=. -fstack-protector-strong -Wformat -Werror=format-security -Wdate-time -D_FORTIFY_SOURCE=2 -MT google/protobuf/timestamp.pb.lo -MD -MP -MF $depbase.Tpo -c -o google/protobuf/timestamp.pb.lo google/protobuf/timestamp.pb.cc &&\
mv -f $depbase.Tpo $depbase.Plo
libtool: compile:  g++ -std=gnu++17 -DHAVE_CONFIG_H -I. -I.. -pthread -DHAVE_PTHREAD=1 -DHAVE_ZLIB=1 -Wall -Wno-sign-compare -g -O2 -ffile-prefix-map=/build/r-base-rgGXCp/r-base-4.5.0=. -fstack-protector-strong -Wformat -Werror=format-security -Wdate-time -D_FORTIFY_SOURCE=2 -MT google/protobuf/timestamp.pb.lo -MD -MP -MF google/protobuf/.deps/timestamp.pb.Tpo -c google/protobuf/timestamp.pb.cc  -fPIC -DPIC -o google/protobuf/.libs/timestamp.pb.o
depbase=`echo google/protobuf/type.pb.lo | sed 's|[^/]*$|.deps/&|;s|\.lo$||'`;\
/bin/bash ../libtool  --tag=CXX   --mode=compile g++ -std=gnu++17 -DHAVE_CONFIG_H -I. -I..    -pthread -DHAVE_PTHREAD=1 -DHAVE_ZLIB=1 -Wall -Wno-sign-compare  -g -O2 -ffile-prefix-map=/build/r-base-rgGXCp/r-base-4.5.0=. -fstack-protector-strong -Wformat -Werror=format-security -Wdate-time -D_FORTIFY_SOURCE=2 -MT google/protobuf/type.pb.lo -MD -MP -MF $depbase.Tpo -c -o google/protobuf/type.pb.lo google/protobuf/type.pb.cc &&\
mv -f $depbase.Tpo $depbase.Plo
libtool: compile:  g++ -std=gnu++17 -DHAVE_CONFIG_H -I. -I.. -pthread -DHAVE_PTHREAD=1 -DHAVE_ZLIB=1 -Wall -Wno-sign-compare -g -O2 -ffile-prefix-map=/build/r-base-rgGXCp/r-base-4.5.0=. -fstack-protector-strong -Wformat -Werror=format-security -Wdate-time -D_FORTIFY_SOURCE=2 -MT google/protobuf/type.pb.lo -MD -MP -MF google/protobuf/.deps/type.pb.Tpo -c google/protobuf/type.pb.cc  -fPIC -DPIC -o google/protobuf/.libs/type.pb.o
depbase=`echo google/protobuf/unknown_field_set.lo | sed 's|[^/]*$|.deps/&|;s|\.lo$||'`;\
/bin/bash ../libtool  --tag=CXX   --mode=compile g++ -std=gnu++17 -DHAVE_CONFIG_H -I. -I..    -pthread -DHAVE_PTHREAD=1 -DHAVE_ZLIB=1 -Wall -Wno-sign-compare  -g -O2 -ffile-prefix-map=/build/r-base-rgGXCp/r-base-4.5.0=. -fstack-protector-strong -Wformat -Werror=format-security -Wdate-time -D_FORTIFY_SOURCE=2 -MT google/protobuf/unknown_field_set.lo -MD -MP -MF $depbase.Tpo -c -o google/protobuf/unknown_field_set.lo google/protobuf/unknown_field_set.cc &&\
mv -f $depbase.Tpo $depbase.Plo
libtool: compile:  g++ -std=gnu++17 -DHAVE_CONFIG_H -I. -I.. -pthread -DHAVE_PTHREAD=1 -DHAVE_ZLIB=1 -Wall -Wno-sign-compare -g -O2 -ffile-prefix-map=/build/r-base-rgGXCp/r-base-4.5.0=. -fstack-protector-strong -Wformat -Werror=format-security -Wdate-time -D_FORTIFY_SOURCE=2 -MT google/protobuf/unknown_field_set.lo -MD -MP -MF google/protobuf/.deps/unknown_field_set.Tpo -c google/protobuf/unknown_field_set.cc  -fPIC -DPIC -o google/protobuf/.libs/unknown_field_set.o
depbase=`echo google/protobuf/wire_format.lo | sed 's|[^/]*$|.deps/&|;s|\.lo$||'`;\
/bin/bash ../libtool  --tag=CXX   --mode=compile g++ -std=gnu++17 -DHAVE_CONFIG_H -I. -I..    -pthread -DHAVE_PTHREAD=1 -DHAVE_ZLIB=1 -Wall -Wno-sign-compare  -g -O2 -ffile-prefix-map=/build/r-base-rgGXCp/r-base-4.5.0=. -fstack-protector-strong -Wformat -Werror=format-security -Wdate-time -D_FORTIFY_SOURCE=2 -MT google/protobuf/wire_format.lo -MD -MP -MF $depbase.Tpo -c -o google/protobuf/wire_format.lo google/protobuf/wire_format.cc &&\
mv -f $depbase.Tpo $depbase.Plo
libtool: compile:  g++ -std=gnu++17 -DHAVE_CONFIG_H -I. -I.. -pthread -DHAVE_PTHREAD=1 -DHAVE_ZLIB=1 -Wall -Wno-sign-compare -g -O2 -ffile-prefix-map=/build/r-base-rgGXCp/r-base-4.5.0=. -fstack-protector-strong -Wformat -Werror=format-security -Wdate-time -D_FORTIFY_SOURCE=2 -MT google/protobuf/wire_format.lo -MD -MP -MF google/protobuf/.deps/wire_format.Tpo -c google/protobuf/wire_format.cc  -fPIC -DPIC -o google/protobuf/.libs/wire_format.o
depbase=`echo google/protobuf/wrappers.pb.lo | sed 's|[^/]*$|.deps/&|;s|\.lo$||'`;\
/bin/bash ../libtool  --tag=CXX   --mode=compile g++ -std=gnu++17 -DHAVE_CONFIG_H -I. -I..    -pthread -DHAVE_PTHREAD=1 -DHAVE_ZLIB=1 -Wall -Wno-sign-compare  -g -O2 -ffile-prefix-map=/build/r-base-rgGXCp/r-base-4.5.0=. -fstack-protector-strong -Wformat -Werror=format-security -Wdate-time -D_FORTIFY_SOURCE=2 -MT google/protobuf/wrappers.pb.lo -MD -MP -MF $depbase.Tpo -c -o google/protobuf/wrappers.pb.lo google/protobuf/wrappers.pb.cc &&\
mv -f $depbase.Tpo $depbase.Plo
libtool: compile:  g++ -std=gnu++17 -DHAVE_CONFIG_H -I. -I.. -pthread -DHAVE_PTHREAD=1 -DHAVE_ZLIB=1 -Wall -Wno-sign-compare -g -O2 -ffile-prefix-map=/build/r-base-rgGXCp/r-base-4.5.0=. -fstack-protector-strong -Wformat -Werror=format-security -Wdate-time -D_FORTIFY_SOURCE=2 -MT google/protobuf/wrappers.pb.lo -MD -MP -MF google/protobuf/.deps/wrappers.pb.Tpo -c google/protobuf/wrappers.pb.cc  -fPIC -DPIC -o google/protobuf/.libs/wrappers.pb.o
depbase=`echo google/protobuf/io/gzip_stream.lo | sed 's|[^/]*$|.deps/&|;s|\.lo$||'`;\
/bin/bash ../libtool  --tag=CXX   --mode=compile g++ -std=gnu++17 -DHAVE_CONFIG_H -I. -I..    -pthread -DHAVE_PTHREAD=1 -DHAVE_ZLIB=1 -Wall -Wno-sign-compare  -g -O2 -ffile-prefix-map=/build/r-base-rgGXCp/r-base-4.5.0=. -fstack-protector-strong -Wformat -Werror=format-security -Wdate-time -D_FORTIFY_SOURCE=2 -MT google/protobuf/io/gzip_stream.lo -MD -MP -MF $depbase.Tpo -c -o google/protobuf/io/gzip_stream.lo google/protobuf/io/gzip_stream.cc &&\
mv -f $depbase.Tpo $depbase.Plo
libtool: compile:  g++ -std=gnu++17 -DHAVE_CONFIG_H -I. -I.. -pthread -DHAVE_PTHREAD=1 -DHAVE_ZLIB=1 -Wall -Wno-sign-compare -g -O2 -ffile-prefix-map=/build/r-base-rgGXCp/r-base-4.5.0=. -fstack-protector-strong -Wformat -Werror=format-security -Wdate-time -D_FORTIFY_SOURCE=2 -MT google/protobuf/io/gzip_stream.lo -MD -MP -MF google/protobuf/io/.deps/gzip_stream.Tpo -c google/protobuf/io/gzip_stream.cc  -fPIC -DPIC -o google/protobuf/io/.libs/gzip_stream.o
depbase=`echo google/protobuf/io/printer.lo | sed 's|[^/]*$|.deps/&|;s|\.lo$||'`;\
/bin/bash ../libtool  --tag=CXX   --mode=compile g++ -std=gnu++17 -DHAVE_CONFIG_H -I. -I..    -pthread -DHAVE_PTHREAD=1 -DHAVE_ZLIB=1 -Wall -Wno-sign-compare  -g -O2 -ffile-prefix-map=/build/r-base-rgGXCp/r-base-4.5.0=. -fstack-protector-strong -Wformat -Werror=format-security -Wdate-time -D_FORTIFY_SOURCE=2 -MT google/protobuf/io/printer.lo -MD -MP -MF $depbase.Tpo -c -o google/protobuf/io/printer.lo google/protobuf/io/printer.cc &&\
mv -f $depbase.Tpo $depbase.Plo
libtool: compile:  g++ -std=gnu++17 -DHAVE_CONFIG_H -I. -I.. -pthread -DHAVE_PTHREAD=1 -DHAVE_ZLIB=1 -Wall -Wno-sign-compare -g -O2 -ffile-prefix-map=/build/r-base-rgGXCp/r-base-4.5.0=. -fstack-protector-strong -Wformat -Werror=format-security -Wdate-time -D_FORTIFY_SOURCE=2 -MT google/protobuf/io/printer.lo -MD -MP -MF google/protobuf/io/.deps/printer.Tpo -c google/protobuf/io/printer.cc  -fPIC -DPIC -o google/protobuf/io/.libs/printer.o
depbase=`echo google/protobuf/io/tokenizer.lo | sed 's|[^/]*$|.deps/&|;s|\.lo$||'`;\
/bin/bash ../libtool  --tag=CXX   --mode=compile g++ -std=gnu++17 -DHAVE_CONFIG_H -I. -I..    -pthread -DHAVE_PTHREAD=1 -DHAVE_ZLIB=1 -Wall -Wno-sign-compare  -g -O2 -ffile-prefix-map=/build/r-base-rgGXCp/r-base-4.5.0=. -fstack-protector-strong -Wformat -Werror=format-security -Wdate-time -D_FORTIFY_SOURCE=2 -MT google/protobuf/io/tokenizer.lo -MD -MP -MF $depbase.Tpo -c -o google/protobuf/io/tokenizer.lo google/protobuf/io/tokenizer.cc &&\
mv -f $depbase.Tpo $depbase.Plo
libtool: compile:  g++ -std=gnu++17 -DHAVE_CONFIG_H -I. -I.. -pthread -DHAVE_PTHREAD=1 -DHAVE_ZLIB=1 -Wall -Wno-sign-compare -g -O2 -ffile-prefix-map=/build/r-base-rgGXCp/r-base-4.5.0=. -fstack-protector-strong -Wformat -Werror=format-security -Wdate-time -D_FORTIFY_SOURCE=2 -MT google/protobuf/io/tokenizer.lo -MD -MP -MF google/protobuf/io/.deps/tokenizer.Tpo -c google/protobuf/io/tokenizer.cc  -fPIC -DPIC -o google/protobuf/io/.libs/tokenizer.o
depbase=`echo google/protobuf/io/zero_copy_stream_impl.lo | sed 's|[^/]*$|.deps/&|;s|\.lo$||'`;\
/bin/bash ../libtool  --tag=CXX   --mode=compile g++ -std=gnu++17 -DHAVE_CONFIG_H -I. -I..    -pthread -DHAVE_PTHREAD=1 -DHAVE_ZLIB=1 -Wall -Wno-sign-compare  -g -O2 -ffile-prefix-map=/build/r-base-rgGXCp/r-base-4.5.0=. -fstack-protector-strong -Wformat -Werror=format-security -Wdate-time -D_FORTIFY_SOURCE=2 -MT google/protobuf/io/zero_copy_stream_impl.lo -MD -MP -MF $depbase.Tpo -c -o google/protobuf/io/zero_copy_stream_impl.lo google/protobuf/io/zero_copy_stream_impl.cc &&\
mv -f $depbase.Tpo $depbase.Plo
libtool: compile:  g++ -std=gnu++17 -DHAVE_CONFIG_H -I. -I.. -pthread -DHAVE_PTHREAD=1 -DHAVE_ZLIB=1 -Wall -Wno-sign-compare -g -O2 -ffile-prefix-map=/build/r-base-rgGXCp/r-base-4.5.0=. -fstack-protector-strong -Wformat -Werror=format-security -Wdate-time -D_FORTIFY_SOURCE=2 -MT google/protobuf/io/zero_copy_stream_impl.lo -MD -MP -MF google/protobuf/io/.deps/zero_copy_stream_impl.Tpo -c google/protobuf/io/zero_copy_stream_impl.cc  -fPIC -DPIC -o google/protobuf/io/.libs/zero_copy_stream_impl.o
depbase=`echo google/protobuf/compiler/importer.lo | sed 's|[^/]*$|.deps/&|;s|\.lo$||'`;\
/bin/bash ../libtool  --tag=CXX   --mode=compile g++ -std=gnu++17 -DHAVE_CONFIG_H -I. -I..    -pthread -DHAVE_PTHREAD=1 -DHAVE_ZLIB=1 -Wall -Wno-sign-compare  -g -O2 -ffile-prefix-map=/build/r-base-rgGXCp/r-base-4.5.0=. -fstack-protector-strong -Wformat -Werror=format-security -Wdate-time -D_FORTIFY_SOURCE=2 -MT google/protobuf/compiler/importer.lo -MD -MP -MF $depbase.Tpo -c -o google/protobuf/compiler/importer.lo google/protobuf/compiler/importer.cc &&\
mv -f $depbase.Tpo $depbase.Plo
libtool: compile:  g++ -std=gnu++17 -DHAVE_CONFIG_H -I. -I.. -pthread -DHAVE_PTHREAD=1 -DHAVE_ZLIB=1 -Wall -Wno-sign-compare -g -O2 -ffile-prefix-map=/build/r-base-rgGXCp/r-base-4.5.0=. -fstack-protector-strong -Wformat -Werror=format-security -Wdate-time -D_FORTIFY_SOURCE=2 -MT google/protobuf/compiler/importer.lo -MD -MP -MF google/protobuf/compiler/.deps/importer.Tpo -c google/protobuf/compiler/importer.cc  -fPIC -DPIC -o google/protobuf/compiler/.libs/importer.o
depbase=`echo google/protobuf/compiler/parser.lo | sed 's|[^/]*$|.deps/&|;s|\.lo$||'`;\
/bin/bash ../libtool  --tag=CXX   --mode=compile g++ -std=gnu++17 -DHAVE_CONFIG_H -I. -I..    -pthread -DHAVE_PTHREAD=1 -DHAVE_ZLIB=1 -Wall -Wno-sign-compare  -g -O2 -ffile-prefix-map=/build/r-base-rgGXCp/r-base-4.5.0=. -fstack-protector-strong -Wformat -Werror=format-security -Wdate-time -D_FORTIFY_SOURCE=2 -MT google/protobuf/compiler/parser.lo -MD -MP -MF $depbase.Tpo -c -o google/protobuf/compiler/parser.lo google/protobuf/compiler/parser.cc &&\
mv -f $depbase.Tpo $depbase.Plo
libtool: compile:  g++ -std=gnu++17 -DHAVE_CONFIG_H -I. -I.. -pthread -DHAVE_PTHREAD=1 -DHAVE_ZLIB=1 -Wall -Wno-sign-compare -g -O2 -ffile-prefix-map=/build/r-base-rgGXCp/r-base-4.5.0=. -fstack-protector-strong -Wformat -Werror=format-security -Wdate-time -D_FORTIFY_SOURCE=2 -MT google/protobuf/compiler/parser.lo -MD -MP -MF google/protobuf/compiler/.deps/parser.Tpo -c google/protobuf/compiler/parser.cc  -fPIC -DPIC -o google/protobuf/compiler/.libs/parser.o
depbase=`echo google/protobuf/util/delimited_message_util.lo | sed 's|[^/]*$|.deps/&|;s|\.lo$||'`;\
/bin/bash ../libtool  --tag=CXX   --mode=compile g++ -std=gnu++17 -DHAVE_CONFIG_H -I. -I..    -pthread -DHAVE_PTHREAD=1 -DHAVE_ZLIB=1 -Wall -Wno-sign-compare  -g -O2 -ffile-prefix-map=/build/r-base-rgGXCp/r-base-4.5.0=. -fstack-protector-strong -Wformat -Werror=format-security -Wdate-time -D_FORTIFY_SOURCE=2 -MT google/protobuf/util/delimited_message_util.lo -MD -MP -MF $depbase.Tpo -c -o google/protobuf/util/delimited_message_util.lo google/protobuf/util/delimited_message_util.cc &&\
mv -f $depbase.Tpo $depbase.Plo
libtool: compile:  g++ -std=gnu++17 -DHAVE_CONFIG_H -I. -I.. -pthread -DHAVE_PTHREAD=1 -DHAVE_ZLIB=1 -Wall -Wno-sign-compare -g -O2 -ffile-prefix-map=/build/r-base-rgGXCp/r-base-4.5.0=. -fstack-protector-strong -Wformat -Werror=format-security -Wdate-time -D_FORTIFY_SOURCE=2 -MT google/protobuf/util/delimited_message_util.lo -MD -MP -MF google/protobuf/util/.deps/delimited_message_util.Tpo -c google/protobuf/util/delimited_message_util.cc  -fPIC -DPIC -o google/protobuf/util/.libs/delimited_message_util.o
depbase=`echo google/protobuf/util/field_comparator.lo | sed 's|[^/]*$|.deps/&|;s|\.lo$||'`;\
/bin/bash ../libtool  --tag=CXX   --mode=compile g++ -std=gnu++17 -DHAVE_CONFIG_H -I. -I..    -pthread -DHAVE_PTHREAD=1 -DHAVE_ZLIB=1 -Wall -Wno-sign-compare  -g -O2 -ffile-prefix-map=/build/r-base-rgGXCp/r-base-4.5.0=. -fstack-protector-strong -Wformat -Werror=format-security -Wdate-time -D_FORTIFY_SOURCE=2 -MT google/protobuf/util/field_comparator.lo -MD -MP -MF $depbase.Tpo -c -o google/protobuf/util/field_comparator.lo google/protobuf/util/field_comparator.cc &&\
mv -f $depbase.Tpo $depbase.Plo
libtool: compile:  g++ -std=gnu++17 -DHAVE_CONFIG_H -I. -I.. -pthread -DHAVE_PTHREAD=1 -DHAVE_ZLIB=1 -Wall -Wno-sign-compare -g -O2 -ffile-prefix-map=/build/r-base-rgGXCp/r-base-4.5.0=. -fstack-protector-strong -Wformat -Werror=format-security -Wdate-time -D_FORTIFY_SOURCE=2 -MT google/protobuf/util/field_comparator.lo -MD -MP -MF google/protobuf/util/.deps/field_comparator.Tpo -c google/protobuf/util/field_comparator.cc  -fPIC -DPIC -o google/protobuf/util/.libs/field_comparator.o
depbase=`echo google/protobuf/util/field_mask_util.lo | sed 's|[^/]*$|.deps/&|;s|\.lo$||'`;\
/bin/bash ../libtool  --tag=CXX   --mode=compile g++ -std=gnu++17 -DHAVE_CONFIG_H -I. -I..    -pthread -DHAVE_PTHREAD=1 -DHAVE_ZLIB=1 -Wall -Wno-sign-compare  -g -O2 -ffile-prefix-map=/build/r-base-rgGXCp/r-base-4.5.0=. -fstack-protector-strong -Wformat -Werror=format-security -Wdate-time -D_FORTIFY_SOURCE=2 -MT google/protobuf/util/field_mask_util.lo -MD -MP -MF $depbase.Tpo -c -o google/protobuf/util/field_mask_util.lo google/protobuf/util/field_mask_util.cc &&\
mv -f $depbase.Tpo $depbase.Plo
libtool: compile:  g++ -std=gnu++17 -DHAVE_CONFIG_H -I. -I.. -pthread -DHAVE_PTHREAD=1 -DHAVE_ZLIB=1 -Wall -Wno-sign-compare -g -O2 -ffile-prefix-map=/build/r-base-rgGXCp/r-base-4.5.0=. -fstack-protector-strong -Wformat -Werror=format-security -Wdate-time -D_FORTIFY_SOURCE=2 -MT google/protobuf/util/field_mask_util.lo -MD -MP -MF google/protobuf/util/.deps/field_mask_util.Tpo -c google/protobuf/util/field_mask_util.cc  -fPIC -DPIC -o google/protobuf/util/.libs/field_mask_util.o
depbase=`echo google/protobuf/util/internal/datapiece.lo | sed 's|[^/]*$|.deps/&|;s|\.lo$||'`;\
/bin/bash ../libtool  --tag=CXX   --mode=compile g++ -std=gnu++17 -DHAVE_CONFIG_H -I. -I..    -pthread -DHAVE_PTHREAD=1 -DHAVE_ZLIB=1 -Wall -Wno-sign-compare  -g -O2 -ffile-prefix-map=/build/r-base-rgGXCp/r-base-4.5.0=. -fstack-protector-strong -Wformat -Werror=format-security -Wdate-time -D_FORTIFY_SOURCE=2 -MT google/protobuf/util/internal/datapiece.lo -MD -MP -MF $depbase.Tpo -c -o google/protobuf/util/internal/datapiece.lo google/protobuf/util/internal/datapiece.cc &&\
mv -f $depbase.Tpo $depbase.Plo
libtool: compile:  g++ -std=gnu++17 -DHAVE_CONFIG_H -I. -I.. -pthread -DHAVE_PTHREAD=1 -DHAVE_ZLIB=1 -Wall -Wno-sign-compare -g -O2 -ffile-prefix-map=/build/r-base-rgGXCp/r-base-4.5.0=. -fstack-protector-strong -Wformat -Werror=format-security -Wdate-time -D_FORTIFY_SOURCE=2 -MT google/protobuf/util/internal/datapiece.lo -MD -MP -MF google/protobuf/util/internal/.deps/datapiece.Tpo -c google/protobuf/util/internal/datapiece.cc  -fPIC -DPIC -o google/protobuf/util/internal/.libs/datapiece.o
depbase=`echo google/protobuf/util/internal/default_value_objectwriter.lo | sed 's|[^/]*$|.deps/&|;s|\.lo$||'`;\
/bin/bash ../libtool  --tag=CXX   --mode=compile g++ -std=gnu++17 -DHAVE_CONFIG_H -I. -I..    -pthread -DHAVE_PTHREAD=1 -DHAVE_ZLIB=1 -Wall -Wno-sign-compare  -g -O2 -ffile-prefix-map=/build/r-base-rgGXCp/r-base-4.5.0=. -fstack-protector-strong -Wformat -Werror=format-security -Wdate-time -D_FORTIFY_SOURCE=2 -MT google/protobuf/util/internal/default_value_objectwriter.lo -MD -MP -MF $depbase.Tpo -c -o google/protobuf/util/internal/default_value_objectwriter.lo google/protobuf/util/internal/default_value_objectwriter.cc &&\
mv -f $depbase.Tpo $depbase.Plo
libtool: compile:  g++ -std=gnu++17 -DHAVE_CONFIG_H -I. -I.. -pthread -DHAVE_PTHREAD=1 -DHAVE_ZLIB=1 -Wall -Wno-sign-compare -g -O2 -ffile-prefix-map=/build/r-base-rgGXCp/r-base-4.5.0=. -fstack-protector-strong -Wformat -Werror=format-security -Wdate-time -D_FORTIFY_SOURCE=2 -MT google/protobuf/util/internal/default_value_objectwriter.lo -MD -MP -MF google/protobuf/util/internal/.deps/default_value_objectwriter.Tpo -c google/protobuf/util/internal/default_value_objectwriter.cc  -fPIC -DPIC -o google/protobuf/util/internal/.libs/default_value_objectwriter.o
depbase=`echo google/protobuf/util/internal/error_listener.lo | sed 's|[^/]*$|.deps/&|;s|\.lo$||'`;\
/bin/bash ../libtool  --tag=CXX   --mode=compile g++ -std=gnu++17 -DHAVE_CONFIG_H -I. -I..    -pthread -DHAVE_PTHREAD=1 -DHAVE_ZLIB=1 -Wall -Wno-sign-compare  -g -O2 -ffile-prefix-map=/build/r-base-rgGXCp/r-base-4.5.0=. -fstack-protector-strong -Wformat -Werror=format-security -Wdate-time -D_FORTIFY_SOURCE=2 -MT google/protobuf/util/internal/error_listener.lo -MD -MP -MF $depbase.Tpo -c -o google/protobuf/util/internal/error_listener.lo google/protobuf/util/internal/error_listener.cc &&\
mv -f $depbase.Tpo $depbase.Plo
libtool: compile:  g++ -std=gnu++17 -DHAVE_CONFIG_H -I. -I.. -pthread -DHAVE_PTHREAD=1 -DHAVE_ZLIB=1 -Wall -Wno-sign-compare -g -O2 -ffile-prefix-map=/build/r-base-rgGXCp/r-base-4.5.0=. -fstack-protector-strong -Wformat -Werror=format-security -Wdate-time -D_FORTIFY_SOURCE=2 -MT google/protobuf/util/internal/error_listener.lo -MD -MP -MF google/protobuf/util/internal/.deps/error_listener.Tpo -c google/protobuf/util/internal/error_listener.cc  -fPIC -DPIC -o google/protobuf/util/internal/.libs/error_listener.o
depbase=`echo google/protobuf/util/internal/field_mask_utility.lo | sed 's|[^/]*$|.deps/&|;s|\.lo$||'`;\
/bin/bash ../libtool  --tag=CXX   --mode=compile g++ -std=gnu++17 -DHAVE_CONFIG_H -I. -I..    -pthread -DHAVE_PTHREAD=1 -DHAVE_ZLIB=1 -Wall -Wno-sign-compare  -g -O2 -ffile-prefix-map=/build/r-base-rgGXCp/r-base-4.5.0=. -fstack-protector-strong -Wformat -Werror=format-security -Wdate-time -D_FORTIFY_SOURCE=2 -MT google/protobuf/util/internal/field_mask_utility.lo -MD -MP -MF $depbase.Tpo -c -o google/protobuf/util/internal/field_mask_utility.lo google/protobuf/util/internal/field_mask_utility.cc &&\
mv -f $depbase.Tpo $depbase.Plo
libtool: compile:  g++ -std=gnu++17 -DHAVE_CONFIG_H -I. -I.. -pthread -DHAVE_PTHREAD=1 -DHAVE_ZLIB=1 -Wall -Wno-sign-compare -g -O2 -ffile-prefix-map=/build/r-base-rgGXCp/r-base-4.5.0=. -fstack-protector-strong -Wformat -Werror=format-security -Wdate-time -D_FORTIFY_SOURCE=2 -MT google/protobuf/util/internal/field_mask_utility.lo -MD -MP -MF google/protobuf/util/internal/.deps/field_mask_utility.Tpo -c google/protobuf/util/internal/field_mask_utility.cc  -fPIC -DPIC -o google/protobuf/util/internal/.libs/field_mask_utility.o
depbase=`echo google/protobuf/util/internal/json_escaping.lo | sed 's|[^/]*$|.deps/&|;s|\.lo$||'`;\
/bin/bash ../libtool  --tag=CXX   --mode=compile g++ -std=gnu++17 -DHAVE_CONFIG_H -I. -I..    -pthread -DHAVE_PTHREAD=1 -DHAVE_ZLIB=1 -Wall -Wno-sign-compare  -g -O2 -ffile-prefix-map=/build/r-base-rgGXCp/r-base-4.5.0=. -fstack-protector-strong -Wformat -Werror=format-security -Wdate-time -D_FORTIFY_SOURCE=2 -MT google/protobuf/util/internal/json_escaping.lo -MD -MP -MF $depbase.Tpo -c -o google/protobuf/util/internal/json_escaping.lo google/protobuf/util/internal/json_escaping.cc &&\
mv -f $depbase.Tpo $depbase.Plo
libtool: compile:  g++ -std=gnu++17 -DHAVE_CONFIG_H -I. -I.. -pthread -DHAVE_PTHREAD=1 -DHAVE_ZLIB=1 -Wall -Wno-sign-compare -g -O2 -ffile-prefix-map=/build/r-base-rgGXCp/r-base-4.5.0=. -fstack-protector-strong -Wformat -Werror=format-security -Wdate-time -D_FORTIFY_SOURCE=2 -MT google/protobuf/util/internal/json_escaping.lo -MD -MP -MF google/protobuf/util/internal/.deps/json_escaping.Tpo -c google/protobuf/util/internal/json_escaping.cc  -fPIC -DPIC -o google/protobuf/util/internal/.libs/json_escaping.o
depbase=`echo google/protobuf/util/internal/json_objectwriter.lo | sed 's|[^/]*$|.deps/&|;s|\.lo$||'`;\
/bin/bash ../libtool  --tag=CXX   --mode=compile g++ -std=gnu++17 -DHAVE_CONFIG_H -I. -I..    -pthread -DHAVE_PTHREAD=1 -DHAVE_ZLIB=1 -Wall -Wno-sign-compare  -g -O2 -ffile-prefix-map=/build/r-base-rgGXCp/r-base-4.5.0=. -fstack-protector-strong -Wformat -Werror=format-security -Wdate-time -D_FORTIFY_SOURCE=2 -MT google/protobuf/util/internal/json_objectwriter.lo -MD -MP -MF $depbase.Tpo -c -o google/protobuf/util/internal/json_objectwriter.lo google/protobuf/util/internal/json_objectwriter.cc &&\
mv -f $depbase.Tpo $depbase.Plo
libtool: compile:  g++ -std=gnu++17 -DHAVE_CONFIG_H -I. -I.. -pthread -DHAVE_PTHREAD=1 -DHAVE_ZLIB=1 -Wall -Wno-sign-compare -g -O2 -ffile-prefix-map=/build/r-base-rgGXCp/r-base-4.5.0=. -fstack-protector-strong -Wformat -Werror=format-security -Wdate-time -D_FORTIFY_SOURCE=2 -MT google/protobuf/util/internal/json_objectwriter.lo -MD -MP -MF google/protobuf/util/internal/.deps/json_objectwriter.Tpo -c google/protobuf/util/internal/json_objectwriter.cc  -fPIC -DPIC -o google/protobuf/util/internal/.libs/json_objectwriter.o
depbase=`echo google/protobuf/util/internal/json_stream_parser.lo | sed 's|[^/]*$|.deps/&|;s|\.lo$||'`;\
/bin/bash ../libtool  --tag=CXX   --mode=compile g++ -std=gnu++17 -DHAVE_CONFIG_H -I. -I..    -pthread -DHAVE_PTHREAD=1 -DHAVE_ZLIB=1 -Wall -Wno-sign-compare  -g -O2 -ffile-prefix-map=/build/r-base-rgGXCp/r-base-4.5.0=. -fstack-protector-strong -Wformat -Werror=format-security -Wdate-time -D_FORTIFY_SOURCE=2 -MT google/protobuf/util/internal/json_stream_parser.lo -MD -MP -MF $depbase.Tpo -c -o google/protobuf/util/internal/json_stream_parser.lo google/protobuf/util/internal/json_stream_parser.cc &&\
mv -f $depbase.Tpo $depbase.Plo
libtool: compile:  g++ -std=gnu++17 -DHAVE_CONFIG_H -I. -I.. -pthread -DHAVE_PTHREAD=1 -DHAVE_ZLIB=1 -Wall -Wno-sign-compare -g -O2 -ffile-prefix-map=/build/r-base-rgGXCp/r-base-4.5.0=. -fstack-protector-strong -Wformat -Werror=format-security -Wdate-time -D_FORTIFY_SOURCE=2 -MT google/protobuf/util/internal/json_stream_parser.lo -MD -MP -MF google/protobuf/util/internal/.deps/json_stream_parser.Tpo -c google/protobuf/util/internal/json_stream_parser.cc  -fPIC -DPIC -o google/protobuf/util/internal/.libs/json_stream_parser.o
depbase=`echo google/protobuf/util/internal/object_writer.lo | sed 's|[^/]*$|.deps/&|;s|\.lo$||'`;\
/bin/bash ../libtool  --tag=CXX   --mode=compile g++ -std=gnu++17 -DHAVE_CONFIG_H -I. -I..    -pthread -DHAVE_PTHREAD=1 -DHAVE_ZLIB=1 -Wall -Wno-sign-compare  -g -O2 -ffile-prefix-map=/build/r-base-rgGXCp/r-base-4.5.0=. -fstack-protector-strong -Wformat -Werror=format-security -Wdate-time -D_FORTIFY_SOURCE=2 -MT google/protobuf/util/internal/object_writer.lo -MD -MP -MF $depbase.Tpo -c -o google/protobuf/util/internal/object_writer.lo google/protobuf/util/internal/object_writer.cc &&\
mv -f $depbase.Tpo $depbase.Plo
libtool: compile:  g++ -std=gnu++17 -DHAVE_CONFIG_H -I. -I.. -pthread -DHAVE_PTHREAD=1 -DHAVE_ZLIB=1 -Wall -Wno-sign-compare -g -O2 -ffile-prefix-map=/build/r-base-rgGXCp/r-base-4.5.0=. -fstack-protector-strong -Wformat -Werror=format-security -Wdate-time -D_FORTIFY_SOURCE=2 -MT google/protobuf/util/internal/object_writer.lo -MD -MP -MF google/protobuf/util/internal/.deps/object_writer.Tpo -c google/protobuf/util/internal/object_writer.cc  -fPIC -DPIC -o google/protobuf/util/internal/.libs/object_writer.o
depbase=`echo google/protobuf/util/internal/protostream_objectsource.lo | sed 's|[^/]*$|.deps/&|;s|\.lo$||'`;\
/bin/bash ../libtool  --tag=CXX   --mode=compile g++ -std=gnu++17 -DHAVE_CONFIG_H -I. -I..    -pthread -DHAVE_PTHREAD=1 -DHAVE_ZLIB=1 -Wall -Wno-sign-compare  -g -O2 -ffile-prefix-map=/build/r-base-rgGXCp/r-base-4.5.0=. -fstack-protector-strong -Wformat -Werror=format-security -Wdate-time -D_FORTIFY_SOURCE=2 -MT google/protobuf/util/internal/protostream_objectsource.lo -MD -MP -MF $depbase.Tpo -c -o google/protobuf/util/internal/protostream_objectsource.lo google/protobuf/util/internal/protostream_objectsource.cc &&\
mv -f $depbase.Tpo $depbase.Plo
libtool: compile:  g++ -std=gnu++17 -DHAVE_CONFIG_H -I. -I.. -pthread -DHAVE_PTHREAD=1 -DHAVE_ZLIB=1 -Wall -Wno-sign-compare -g -O2 -ffile-prefix-map=/build/r-base-rgGXCp/r-base-4.5.0=. -fstack-protector-strong -Wformat -Werror=format-security -Wdate-time -D_FORTIFY_SOURCE=2 -MT google/protobuf/util/internal/protostream_objectsource.lo -MD -MP -MF google/protobuf/util/internal/.deps/protostream_objectsource.Tpo -c google/protobuf/util/internal/protostream_objectsource.cc  -fPIC -DPIC -o google/protobuf/util/internal/.libs/protostream_objectsource.o
depbase=`echo google/protobuf/util/internal/protostream_objectwriter.lo | sed 's|[^/]*$|.deps/&|;s|\.lo$||'`;\
/bin/bash ../libtool  --tag=CXX   --mode=compile g++ -std=gnu++17 -DHAVE_CONFIG_H -I. -I..    -pthread -DHAVE_PTHREAD=1 -DHAVE_ZLIB=1 -Wall -Wno-sign-compare  -g -O2 -ffile-prefix-map=/build/r-base-rgGXCp/r-base-4.5.0=. -fstack-protector-strong -Wformat -Werror=format-security -Wdate-time -D_FORTIFY_SOURCE=2 -MT google/protobuf/util/internal/protostream_objectwriter.lo -MD -MP -MF $depbase.Tpo -c -o google/protobuf/util/internal/protostream_objectwriter.lo google/protobuf/util/internal/protostream_objectwriter.cc &&\
mv -f $depbase.Tpo $depbase.Plo
libtool: compile:  g++ -std=gnu++17 -DHAVE_CONFIG_H -I. -I.. -pthread -DHAVE_PTHREAD=1 -DHAVE_ZLIB=1 -Wall -Wno-sign-compare -g -O2 -ffile-prefix-map=/build/r-base-rgGXCp/r-base-4.5.0=. -fstack-protector-strong -Wformat -Werror=format-security -Wdate-time -D_FORTIFY_SOURCE=2 -MT google/protobuf/util/internal/protostream_objectwriter.lo -MD -MP -MF google/protobuf/util/internal/.deps/protostream_objectwriter.Tpo -c google/protobuf/util/internal/protostream_objectwriter.cc  -fPIC -DPIC -o google/protobuf/util/internal/.libs/protostream_objectwriter.o
depbase=`echo google/protobuf/util/internal/proto_writer.lo | sed 's|[^/]*$|.deps/&|;s|\.lo$||'`;\
/bin/bash ../libtool  --tag=CXX   --mode=compile g++ -std=gnu++17 -DHAVE_CONFIG_H -I. -I..    -pthread -DHAVE_PTHREAD=1 -DHAVE_ZLIB=1 -Wall -Wno-sign-compare  -g -O2 -ffile-prefix-map=/build/r-base-rgGXCp/r-base-4.5.0=. -fstack-protector-strong -Wformat -Werror=format-security -Wdate-time -D_FORTIFY_SOURCE=2 -MT google/protobuf/util/internal/proto_writer.lo -MD -MP -MF $depbase.Tpo -c -o google/protobuf/util/internal/proto_writer.lo google/protobuf/util/internal/proto_writer.cc &&\
mv -f $depbase.Tpo $depbase.Plo
libtool: compile:  g++ -std=gnu++17 -DHAVE_CONFIG_H -I. -I.. -pthread -DHAVE_PTHREAD=1 -DHAVE_ZLIB=1 -Wall -Wno-sign-compare -g -O2 -ffile-prefix-map=/build/r-base-rgGXCp/r-base-4.5.0=. -fstack-protector-strong -Wformat -Werror=format-security -Wdate-time -D_FORTIFY_SOURCE=2 -MT google/protobuf/util/internal/proto_writer.lo -MD -MP -MF google/protobuf/util/internal/.deps/proto_writer.Tpo -c google/protobuf/util/internal/proto_writer.cc  -fPIC -DPIC -o google/protobuf/util/internal/.libs/proto_writer.o
depbase=`echo google/protobuf/util/internal/type_info.lo | sed 's|[^/]*$|.deps/&|;s|\.lo$||'`;\
/bin/bash ../libtool  --tag=CXX   --mode=compile g++ -std=gnu++17 -DHAVE_CONFIG_H -I. -I..    -pthread -DHAVE_PTHREAD=1 -DHAVE_ZLIB=1 -Wall -Wno-sign-compare  -g -O2 -ffile-prefix-map=/build/r-base-rgGXCp/r-base-4.5.0=. -fstack-protector-strong -Wformat -Werror=format-security -Wdate-time -D_FORTIFY_SOURCE=2 -MT google/protobuf/util/internal/type_info.lo -MD -MP -MF $depbase.Tpo -c -o google/protobuf/util/internal/type_info.lo google/protobuf/util/internal/type_info.cc &&\
mv -f $depbase.Tpo $depbase.Plo
libtool: compile:  g++ -std=gnu++17 -DHAVE_CONFIG_H -I. -I.. -pthread -DHAVE_PTHREAD=1 -DHAVE_ZLIB=1 -Wall -Wno-sign-compare -g -O2 -ffile-prefix-map=/build/r-base-rgGXCp/r-base-4.5.0=. -fstack-protector-strong -Wformat -Werror=format-security -Wdate-time -D_FORTIFY_SOURCE=2 -MT google/protobuf/util/internal/type_info.lo -MD -MP -MF google/protobuf/util/internal/.deps/type_info.Tpo -c google/protobuf/util/internal/type_info.cc  -fPIC -DPIC -o google/protobuf/util/internal/.libs/type_info.o
depbase=`echo google/protobuf/util/internal/type_info_test_helper.lo | sed 's|[^/]*$|.deps/&|;s|\.lo$||'`;\
/bin/bash ../libtool  --tag=CXX   --mode=compile g++ -std=gnu++17 -DHAVE_CONFIG_H -I. -I..    -pthread -DHAVE_PTHREAD=1 -DHAVE_ZLIB=1 -Wall -Wno-sign-compare  -g -O2 -ffile-prefix-map=/build/r-base-rgGXCp/r-base-4.5.0=. -fstack-protector-strong -Wformat -Werror=format-security -Wdate-time -D_FORTIFY_SOURCE=2 -MT google/protobuf/util/internal/type_info_test_helper.lo -MD -MP -MF $depbase.Tpo -c -o google/protobuf/util/internal/type_info_test_helper.lo google/protobuf/util/internal/type_info_test_helper.cc &&\
mv -f $depbase.Tpo $depbase.Plo
libtool: compile:  g++ -std=gnu++17 -DHAVE_CONFIG_H -I. -I.. -pthread -DHAVE_PTHREAD=1 -DHAVE_ZLIB=1 -Wall -Wno-sign-compare -g -O2 -ffile-prefix-map=/build/r-base-rgGXCp/r-base-4.5.0=. -fstack-protector-strong -Wformat -Werror=format-security -Wdate-time -D_FORTIFY_SOURCE=2 -MT google/protobuf/util/internal/type_info_test_helper.lo -MD -MP -MF google/protobuf/util/internal/.deps/type_info_test_helper.Tpo -c google/protobuf/util/internal/type_info_test_helper.cc  -fPIC -DPIC -o google/protobuf/util/internal/.libs/type_info_test_helper.o
depbase=`echo google/protobuf/util/internal/utility.lo | sed 's|[^/]*$|.deps/&|;s|\.lo$||'`;\
/bin/bash ../libtool  --tag=CXX   --mode=compile g++ -std=gnu++17 -DHAVE_CONFIG_H -I. -I..    -pthread -DHAVE_PTHREAD=1 -DHAVE_ZLIB=1 -Wall -Wno-sign-compare  -g -O2 -ffile-prefix-map=/build/r-base-rgGXCp/r-base-4.5.0=. -fstack-protector-strong -Wformat -Werror=format-security -Wdate-time -D_FORTIFY_SOURCE=2 -MT google/protobuf/util/internal/utility.lo -MD -MP -MF $depbase.Tpo -c -o google/protobuf/util/internal/utility.lo google/protobuf/util/internal/utility.cc &&\
mv -f $depbase.Tpo $depbase.Plo
libtool: compile:  g++ -std=gnu++17 -DHAVE_CONFIG_H -I. -I.. -pthread -DHAVE_PTHREAD=1 -DHAVE_ZLIB=1 -Wall -Wno-sign-compare -g -O2 -ffile-prefix-map=/build/r-base-rgGXCp/r-base-4.5.0=. -fstack-protector-strong -Wformat -Werror=format-security -Wdate-time -D_FORTIFY_SOURCE=2 -MT google/protobuf/util/internal/utility.lo -MD -MP -MF google/protobuf/util/internal/.deps/utility.Tpo -c google/protobuf/util/internal/utility.cc  -fPIC -DPIC -o google/protobuf/util/internal/.libs/utility.o
depbase=`echo google/protobuf/util/json_util.lo | sed 's|[^/]*$|.deps/&|;s|\.lo$||'`;\
/bin/bash ../libtool  --tag=CXX   --mode=compile g++ -std=gnu++17 -DHAVE_CONFIG_H -I. -I..    -pthread -DHAVE_PTHREAD=1 -DHAVE_ZLIB=1 -Wall -Wno-sign-compare  -g -O2 -ffile-prefix-map=/build/r-base-rgGXCp/r-base-4.5.0=. -fstack-protector-strong -Wformat -Werror=format-security -Wdate-time -D_FORTIFY_SOURCE=2 -MT google/protobuf/util/json_util.lo -MD -MP -MF $depbase.Tpo -c -o google/protobuf/util/json_util.lo google/protobuf/util/json_util.cc &&\
mv -f $depbase.Tpo $depbase.Plo
libtool: compile:  g++ -std=gnu++17 -DHAVE_CONFIG_H -I. -I.. -pthread -DHAVE_PTHREAD=1 -DHAVE_ZLIB=1 -Wall -Wno-sign-compare -g -O2 -ffile-prefix-map=/build/r-base-rgGXCp/r-base-4.5.0=. -fstack-protector-strong -Wformat -Werror=format-security -Wdate-time -D_FORTIFY_SOURCE=2 -MT google/protobuf/util/json_util.lo -MD -MP -MF google/protobuf/util/.deps/json_util.Tpo -c google/protobuf/util/json_util.cc  -fPIC -DPIC -o google/protobuf/util/.libs/json_util.o
depbase=`echo google/protobuf/util/message_differencer.lo | sed 's|[^/]*$|.deps/&|;s|\.lo$||'`;\
/bin/bash ../libtool  --tag=CXX   --mode=compile g++ -std=gnu++17 -DHAVE_CONFIG_H -I. -I..    -pthread -DHAVE_PTHREAD=1 -DHAVE_ZLIB=1 -Wall -Wno-sign-compare  -g -O2 -ffile-prefix-map=/build/r-base-rgGXCp/r-base-4.5.0=. -fstack-protector-strong -Wformat -Werror=format-security -Wdate-time -D_FORTIFY_SOURCE=2 -MT google/protobuf/util/message_differencer.lo -MD -MP -MF $depbase.Tpo -c -o google/protobuf/util/message_differencer.lo google/protobuf/util/message_differencer.cc &&\
mv -f $depbase.Tpo $depbase.Plo
libtool: compile:  g++ -std=gnu++17 -DHAVE_CONFIG_H -I. -I.. -pthread -DHAVE_PTHREAD=1 -DHAVE_ZLIB=1 -Wall -Wno-sign-compare -g -O2 -ffile-prefix-map=/build/r-base-rgGXCp/r-base-4.5.0=. -fstack-protector-strong -Wformat -Werror=format-security -Wdate-time -D_FORTIFY_SOURCE=2 -MT google/protobuf/util/message_differencer.lo -MD -MP -MF google/protobuf/util/.deps/message_differencer.Tpo -c google/protobuf/util/message_differencer.cc  -fPIC -DPIC -o google/protobuf/util/.libs/message_differencer.o
depbase=`echo google/protobuf/util/time_util.lo | sed 's|[^/]*$|.deps/&|;s|\.lo$||'`;\
/bin/bash ../libtool  --tag=CXX   --mode=compile g++ -std=gnu++17 -DHAVE_CONFIG_H -I. -I..    -pthread -DHAVE_PTHREAD=1 -DHAVE_ZLIB=1 -Wall -Wno-sign-compare  -g -O2 -ffile-prefix-map=/build/r-base-rgGXCp/r-base-4.5.0=. -fstack-protector-strong -Wformat -Werror=format-security -Wdate-time -D_FORTIFY_SOURCE=2 -MT google/protobuf/util/time_util.lo -MD -MP -MF $depbase.Tpo -c -o google/protobuf/util/time_util.lo google/protobuf/util/time_util.cc &&\
mv -f $depbase.Tpo $depbase.Plo
libtool: compile:  g++ -std=gnu++17 -DHAVE_CONFIG_H -I. -I.. -pthread -DHAVE_PTHREAD=1 -DHAVE_ZLIB=1 -Wall -Wno-sign-compare -g -O2 -ffile-prefix-map=/build/r-base-rgGXCp/r-base-4.5.0=. -fstack-protector-strong -Wformat -Werror=format-security -Wdate-time -D_FORTIFY_SOURCE=2 -MT google/protobuf/util/time_util.lo -MD -MP -MF google/protobuf/util/.deps/time_util.Tpo -c google/protobuf/util/time_util.cc  -fPIC -DPIC -o google/protobuf/util/.libs/time_util.o
depbase=`echo google/protobuf/util/type_resolver_util.lo | sed 's|[^/]*$|.deps/&|;s|\.lo$||'`;\
/bin/bash ../libtool  --tag=CXX   --mode=compile g++ -std=gnu++17 -DHAVE_CONFIG_H -I. -I..    -pthread -DHAVE_PTHREAD=1 -DHAVE_ZLIB=1 -Wall -Wno-sign-compare  -g -O2 -ffile-prefix-map=/build/r-base-rgGXCp/r-base-4.5.0=. -fstack-protector-strong -Wformat -Werror=format-security -Wdate-time -D_FORTIFY_SOURCE=2 -MT google/protobuf/util/type_resolver_util.lo -MD -MP -MF $depbase.Tpo -c -o google/protobuf/util/type_resolver_util.lo google/protobuf/util/type_resolver_util.cc &&\
mv -f $depbase.Tpo $depbase.Plo
libtool: compile:  g++ -std=gnu++17 -DHAVE_CONFIG_H -I. -I.. -pthread -DHAVE_PTHREAD=1 -DHAVE_ZLIB=1 -Wall -Wno-sign-compare -g -O2 -ffile-prefix-map=/build/r-base-rgGXCp/r-base-4.5.0=. -fstack-protector-strong -Wformat -Werror=format-security -Wdate-time -D_FORTIFY_SOURCE=2 -MT google/protobuf/util/type_resolver_util.lo -MD -MP -MF google/protobuf/util/.deps/type_resolver_util.Tpo -c google/protobuf/util/type_resolver_util.cc  -fPIC -DPIC -o google/protobuf/util/.libs/type_resolver_util.o
/bin/bash ../libtool  --tag=CXX   --mode=link g++ -std=gnu++17 -pthread -DHAVE_PTHREAD=1 -DHAVE_ZLIB=1 -Wall -Wno-sign-compare  -g -O2 -ffile-prefix-map=/build/r-base-rgGXCp/r-base-4.5.0=. -fstack-protector-strong -Wformat -Werror=format-security -Wdate-time -D_FORTIFY_SOURCE=2 -version-info 19:0:0 -export-dynamic -no-undefined -Wl,--version-script=./libprotobuf.map -Wl,-Bsymbolic-functions -flto=auto -ffat-lto-objects -flto=auto -Wl,-z,relro -o libprotobuf.la -rpath /tmp/RtmpINPkZe/R.INSTALL2a367e97dc9/RProtoBufLib/src/pb_build/lib google/protobuf/stubs/bytestream.lo google/protobuf/stubs/common.lo google/protobuf/stubs/int128.lo google/protobuf/io/io_win32.lo google/protobuf/stubs/status.lo google/protobuf/stubs/statusor.lo google/protobuf/stubs/stringpiece.lo google/protobuf/stubs/stringprintf.lo google/protobuf/stubs/structurally_valid.lo google/protobuf/stubs/strutil.lo google/protobuf/stubs/time.lo google/protobuf/any_lite.lo google/protobuf/arena.lo google/protobuf/extension_set.lo google/protobuf/generated_message_util.lo google/protobuf/generated_message_table_driven_lite.lo google/protobuf/implicit_weak_message.lo google/protobuf/message_lite.lo google/protobuf/parse_context.lo google/protobuf/repeated_field.lo google/protobuf/wire_format_lite.lo google/protobuf/io/coded_stream.lo google/protobuf/io/strtod.lo google/protobuf/io/zero_copy_stream.lo google/protobuf/io/zero_copy_stream_impl_lite.lo google/protobuf/any.pb.lo google/protobuf/api.pb.lo google/protobuf/stubs/mathlimits.lo google/protobuf/any.lo google/protobuf/descriptor.lo google/protobuf/descriptor_database.lo google/protobuf/descriptor.pb.lo google/protobuf/duration.pb.lo google/protobuf/dynamic_message.lo google/protobuf/empty.pb.lo google/protobuf/extension_set_heavy.lo google/protobuf/field_mask.pb.lo google/protobuf/generated_message_reflection.lo google/protobuf/generated_message_table_driven.lo google/protobuf/map_field.lo google/protobuf/message.lo google/protobuf/reflection_ops.lo google/protobuf/service.lo google/protobuf/source_context.pb.lo google/protobuf/struct.pb.lo google/protobuf/stubs/substitute.lo google/protobuf/text_format.lo google/protobuf/timestamp.pb.lo google/protobuf/type.pb.lo google/protobuf/unknown_field_set.lo google/protobuf/wire_format.lo google/protobuf/wrappers.pb.lo google/protobuf/io/gzip_stream.lo google/protobuf/io/printer.lo google/protobuf/io/tokenizer.lo google/protobuf/io/zero_copy_stream_impl.lo google/protobuf/compiler/importer.lo google/protobuf/compiler/parser.lo google/protobuf/util/delimited_message_util.lo google/protobuf/util/field_comparator.lo google/protobuf/util/field_mask_util.lo google/protobuf/util/internal/datapiece.lo google/protobuf/util/internal/default_value_objectwriter.lo google/protobuf/util/internal/error_listener.lo google/protobuf/util/internal/field_mask_utility.lo google/protobuf/util/internal/json_escaping.lo google/protobuf/util/internal/json_objectwriter.lo google/protobuf/util/internal/json_stream_parser.lo google/protobuf/util/internal/object_writer.lo google/protobuf/util/internal/protostream_objectsource.lo google/protobuf/util/internal/protostream_objectwriter.lo google/protobuf/util/internal/proto_writer.lo google/protobuf/util/internal/type_info.lo google/protobuf/util/internal/type_info_test_helper.lo google/protobuf/util/internal/utility.lo google/protobuf/util/json_util.lo google/protobuf/util/message_differencer.lo google/protobuf/util/time_util.lo google/protobuf/util/type_resolver_util.lo    -lz 
libtool: link: g++ -std=gnu++17  -fPIC -DPIC -shared -nostdlib /usr/lib/gcc/x86_64-linux-gnu/11/../../../x86_64-linux-gnu/crti.o /usr/lib/gcc/x86_64-linux-gnu/11/crtbeginS.o  google/protobuf/stubs/.libs/bytestream.o google/protobuf/stubs/.libs/common.o google/protobuf/stubs/.libs/int128.o google/protobuf/io/.libs/io_win32.o google/protobuf/stubs/.libs/status.o google/protobuf/stubs/.libs/statusor.o google/protobuf/stubs/.libs/stringpiece.o google/protobuf/stubs/.libs/stringprintf.o google/protobuf/stubs/.libs/structurally_valid.o google/protobuf/stubs/.libs/strutil.o google/protobuf/stubs/.libs/time.o google/protobuf/.libs/any_lite.o google/protobuf/.libs/arena.o google/protobuf/.libs/extension_set.o google/protobuf/.libs/generated_message_util.o google/protobuf/.libs/generated_message_table_driven_lite.o google/protobuf/.libs/implicit_weak_message.o google/protobuf/.libs/message_lite.o google/protobuf/.libs/parse_context.o google/protobuf/.libs/repeated_field.o google/protobuf/.libs/wire_format_lite.o google/protobuf/io/.libs/coded_stream.o google/protobuf/io/.libs/strtod.o google/protobuf/io/.libs/zero_copy_stream.o google/protobuf/io/.libs/zero_copy_stream_impl_lite.o google/protobuf/.libs/any.pb.o google/protobuf/.libs/api.pb.o google/protobuf/stubs/.libs/mathlimits.o google/protobuf/.libs/any.o google/protobuf/.libs/descriptor.o google/protobuf/.libs/descriptor_database.o google/protobuf/.libs/descriptor.pb.o google/protobuf/.libs/duration.pb.o google/protobuf/.libs/dynamic_message.o google/protobuf/.libs/empty.pb.o google/protobuf/.libs/extension_set_heavy.o google/protobuf/.libs/field_mask.pb.o google/protobuf/.libs/generated_message_reflection.o google/protobuf/.libs/generated_message_table_driven.o google/protobuf/.libs/map_field.o google/protobuf/.libs/message.o google/protobuf/.libs/reflection_ops.o google/protobuf/.libs/service.o google/protobuf/.libs/source_context.pb.o google/protobuf/.libs/struct.pb.o google/protobuf/stubs/.libs/substitute.o google/protobuf/.libs/text_format.o google/protobuf/.libs/timestamp.pb.o google/protobuf/.libs/type.pb.o google/protobuf/.libs/unknown_field_set.o google/protobuf/.libs/wire_format.o google/protobuf/.libs/wrappers.pb.o google/protobuf/io/.libs/gzip_stream.o google/protobuf/io/.libs/printer.o google/protobuf/io/.libs/tokenizer.o google/protobuf/io/.libs/zero_copy_stream_impl.o google/protobuf/compiler/.libs/importer.o google/protobuf/compiler/.libs/parser.o google/protobuf/util/.libs/delimited_message_util.o google/protobuf/util/.libs/field_comparator.o google/protobuf/util/.libs/field_mask_util.o google/protobuf/util/internal/.libs/datapiece.o google/protobuf/util/internal/.libs/default_value_objectwriter.o google/protobuf/util/internal/.libs/error_listener.o google/protobuf/util/internal/.libs/field_mask_utility.o google/protobuf/util/internal/.libs/json_escaping.o google/protobuf/util/internal/.libs/json_objectwriter.o google/protobuf/util/internal/.libs/json_stream_parser.o google/protobuf/util/internal/.libs/object_writer.o google/protobuf/util/internal/.libs/protostream_objectsource.o google/protobuf/util/internal/.libs/protostream_objectwriter.o google/protobuf/util/internal/.libs/proto_writer.o google/protobuf/util/internal/.libs/type_info.o google/protobuf/util/internal/.libs/type_info_test_helper.o google/protobuf/util/internal/.libs/utility.o google/protobuf/util/.libs/json_util.o google/protobuf/util/.libs/message_differencer.o google/protobuf/util/.libs/time_util.o google/protobuf/util/.libs/type_resolver_util.o   -lz -L/usr/lib/gcc/x86_64-linux-gnu/11 -L/usr/lib/gcc/x86_64-linux-gnu/11/../../../x86_64-linux-gnu -L/usr/lib/gcc/x86_64-linux-gnu/11/../../../../lib -L/lib/x86_64-linux-gnu -L/lib/../lib -L/usr/lib/x86_64-linux-gnu -L/usr/lib/../lib -L/usr/local/cuda/lib64/stubs -L/usr/lib/gcc/x86_64-linux-gnu/11/../../.. -lstdc++ -lm -lc -lgcc_s /usr/lib/gcc/x86_64-linux-gnu/11/crtendS.o /usr/lib/gcc/x86_64-linux-gnu/11/../../../x86_64-linux-gnu/crtn.o  -pthread -g -O2 -fstack-protector-strong -Wl,--version-script=./libprotobuf.map -Wl,-Bsymbolic-functions -flto=auto -flto=auto -Wl,-z -Wl,relro   -pthread -Wl,-soname -Wl,libprotobuf.so.19 -o .libs/libprotobuf.so.19.0.0
libtool: link: (cd ".libs" && rm -f "libprotobuf.so.19" && ln -s "libprotobuf.so.19.0.0" "libprotobuf.so.19")
libtool: link: (cd ".libs" && rm -f "libprotobuf.so" && ln -s "libprotobuf.so.19.0.0" "libprotobuf.so")
libtool: link: ( cd ".libs" && rm -f "libprotobuf.la" && ln -s "../libprotobuf.la" "libprotobuf.la" )
depbase=`echo google/protobuf/compiler/code_generator.lo | sed 's|[^/]*$|.deps/&|;s|\.lo$||'`;\
/bin/bash ../libtool  --tag=CXX   --mode=compile g++ -std=gnu++17 -DHAVE_CONFIG_H -I. -I..    -pthread -DHAVE_PTHREAD=1 -DHAVE_ZLIB=1 -Wall -Wno-sign-compare  -g -O2 -ffile-prefix-map=/build/r-base-rgGXCp/r-base-4.5.0=. -fstack-protector-strong -Wformat -Werror=format-security -Wdate-time -D_FORTIFY_SOURCE=2 -MT google/protobuf/compiler/code_generator.lo -MD -MP -MF $depbase.Tpo -c -o google/protobuf/compiler/code_generator.lo google/protobuf/compiler/code_generator.cc &&\
mv -f $depbase.Tpo $depbase.Plo
libtool: compile:  g++ -std=gnu++17 -DHAVE_CONFIG_H -I. -I.. -pthread -DHAVE_PTHREAD=1 -DHAVE_ZLIB=1 -Wall -Wno-sign-compare -g -O2 -ffile-prefix-map=/build/r-base-rgGXCp/r-base-4.5.0=. -fstack-protector-strong -Wformat -Werror=format-security -Wdate-time -D_FORTIFY_SOURCE=2 -MT google/protobuf/compiler/code_generator.lo -MD -MP -MF google/protobuf/compiler/.deps/code_generator.Tpo -c google/protobuf/compiler/code_generator.cc  -fPIC -DPIC -o google/protobuf/compiler/.libs/code_generator.o
depbase=`echo google/protobuf/compiler/command_line_interface.lo | sed 's|[^/]*$|.deps/&|;s|\.lo$||'`;\
/bin/bash ../libtool  --tag=CXX   --mode=compile g++ -std=gnu++17 -DHAVE_CONFIG_H -I. -I..    -pthread -DHAVE_PTHREAD=1 -DHAVE_ZLIB=1 -Wall -Wno-sign-compare  -g -O2 -ffile-prefix-map=/build/r-base-rgGXCp/r-base-4.5.0=. -fstack-protector-strong -Wformat -Werror=format-security -Wdate-time -D_FORTIFY_SOURCE=2 -MT google/protobuf/compiler/command_line_interface.lo -MD -MP -MF $depbase.Tpo -c -o google/protobuf/compiler/command_line_interface.lo google/protobuf/compiler/command_line_interface.cc &&\
mv -f $depbase.Tpo $depbase.Plo
libtool: compile:  g++ -std=gnu++17 -DHAVE_CONFIG_H -I. -I.. -pthread -DHAVE_PTHREAD=1 -DHAVE_ZLIB=1 -Wall -Wno-sign-compare -g -O2 -ffile-prefix-map=/build/r-base-rgGXCp/r-base-4.5.0=. -fstack-protector-strong -Wformat -Werror=format-security -Wdate-time -D_FORTIFY_SOURCE=2 -MT google/protobuf/compiler/command_line_interface.lo -MD -MP -MF google/protobuf/compiler/.deps/command_line_interface.Tpo -c google/protobuf/compiler/command_line_interface.cc  -fPIC -DPIC -o google/protobuf/compiler/.libs/command_line_interface.o
depbase=`echo google/protobuf/compiler/plugin.lo | sed 's|[^/]*$|.deps/&|;s|\.lo$||'`;\
/bin/bash ../libtool  --tag=CXX   --mode=compile g++ -std=gnu++17 -DHAVE_CONFIG_H -I. -I..    -pthread -DHAVE_PTHREAD=1 -DHAVE_ZLIB=1 -Wall -Wno-sign-compare  -g -O2 -ffile-prefix-map=/build/r-base-rgGXCp/r-base-4.5.0=. -fstack-protector-strong -Wformat -Werror=format-security -Wdate-time -D_FORTIFY_SOURCE=2 -MT google/protobuf/compiler/plugin.lo -MD -MP -MF $depbase.Tpo -c -o google/protobuf/compiler/plugin.lo google/protobuf/compiler/plugin.cc &&\
mv -f $depbase.Tpo $depbase.Plo
libtool: compile:  g++ -std=gnu++17 -DHAVE_CONFIG_H -I. -I.. -pthread -DHAVE_PTHREAD=1 -DHAVE_ZLIB=1 -Wall -Wno-sign-compare -g -O2 -ffile-prefix-map=/build/r-base-rgGXCp/r-base-4.5.0=. -fstack-protector-strong -Wformat -Werror=format-security -Wdate-time -D_FORTIFY_SOURCE=2 -MT google/protobuf/compiler/plugin.lo -MD -MP -MF google/protobuf/compiler/.deps/plugin.Tpo -c google/protobuf/compiler/plugin.cc  -fPIC -DPIC -o google/protobuf/compiler/.libs/plugin.o
depbase=`echo google/protobuf/compiler/plugin.pb.lo | sed 's|[^/]*$|.deps/&|;s|\.lo$||'`;\
/bin/bash ../libtool  --tag=CXX   --mode=compile g++ -std=gnu++17 -DHAVE_CONFIG_H -I. -I..    -pthread -DHAVE_PTHREAD=1 -DHAVE_ZLIB=1 -Wall -Wno-sign-compare  -g -O2 -ffile-prefix-map=/build/r-base-rgGXCp/r-base-4.5.0=. -fstack-protector-strong -Wformat -Werror=format-security -Wdate-time -D_FORTIFY_SOURCE=2 -MT google/protobuf/compiler/plugin.pb.lo -MD -MP -MF $depbase.Tpo -c -o google/protobuf/compiler/plugin.pb.lo google/protobuf/compiler/plugin.pb.cc &&\
mv -f $depbase.Tpo $depbase.Plo
libtool: compile:  g++ -std=gnu++17 -DHAVE_CONFIG_H -I. -I.. -pthread -DHAVE_PTHREAD=1 -DHAVE_ZLIB=1 -Wall -Wno-sign-compare -g -O2 -ffile-prefix-map=/build/r-base-rgGXCp/r-base-4.5.0=. -fstack-protector-strong -Wformat -Werror=format-security -Wdate-time -D_FORTIFY_SOURCE=2 -MT google/protobuf/compiler/plugin.pb.lo -MD -MP -MF google/protobuf/compiler/.deps/plugin.pb.Tpo -c google/protobuf/compiler/plugin.pb.cc  -fPIC -DPIC -o google/protobuf/compiler/.libs/plugin.pb.o
depbase=`echo google/protobuf/compiler/subprocess.lo | sed 's|[^/]*$|.deps/&|;s|\.lo$||'`;\
/bin/bash ../libtool  --tag=CXX   --mode=compile g++ -std=gnu++17 -DHAVE_CONFIG_H -I. -I..    -pthread -DHAVE_PTHREAD=1 -DHAVE_ZLIB=1 -Wall -Wno-sign-compare  -g -O2 -ffile-prefix-map=/build/r-base-rgGXCp/r-base-4.5.0=. -fstack-protector-strong -Wformat -Werror=format-security -Wdate-time -D_FORTIFY_SOURCE=2 -MT google/protobuf/compiler/subprocess.lo -MD -MP -MF $depbase.Tpo -c -o google/protobuf/compiler/subprocess.lo google/protobuf/compiler/subprocess.cc &&\
mv -f $depbase.Tpo $depbase.Plo
libtool: compile:  g++ -std=gnu++17 -DHAVE_CONFIG_H -I. -I.. -pthread -DHAVE_PTHREAD=1 -DHAVE_ZLIB=1 -Wall -Wno-sign-compare -g -O2 -ffile-prefix-map=/build/r-base-rgGXCp/r-base-4.5.0=. -fstack-protector-strong -Wformat -Werror=format-security -Wdate-time -D_FORTIFY_SOURCE=2 -MT google/protobuf/compiler/subprocess.lo -MD -MP -MF google/protobuf/compiler/.deps/subprocess.Tpo -c google/protobuf/compiler/subprocess.cc  -fPIC -DPIC -o google/protobuf/compiler/.libs/subprocess.o
depbase=`echo google/protobuf/compiler/zip_writer.lo | sed 's|[^/]*$|.deps/&|;s|\.lo$||'`;\
/bin/bash ../libtool  --tag=CXX   --mode=compile g++ -std=gnu++17 -DHAVE_CONFIG_H -I. -I..    -pthread -DHAVE_PTHREAD=1 -DHAVE_ZLIB=1 -Wall -Wno-sign-compare  -g -O2 -ffile-prefix-map=/build/r-base-rgGXCp/r-base-4.5.0=. -fstack-protector-strong -Wformat -Werror=format-security -Wdate-time -D_FORTIFY_SOURCE=2 -MT google/protobuf/compiler/zip_writer.lo -MD -MP -MF $depbase.Tpo -c -o google/protobuf/compiler/zip_writer.lo google/protobuf/compiler/zip_writer.cc &&\
mv -f $depbase.Tpo $depbase.Plo
libtool: compile:  g++ -std=gnu++17 -DHAVE_CONFIG_H -I. -I.. -pthread -DHAVE_PTHREAD=1 -DHAVE_ZLIB=1 -Wall -Wno-sign-compare -g -O2 -ffile-prefix-map=/build/r-base-rgGXCp/r-base-4.5.0=. -fstack-protector-strong -Wformat -Werror=format-security -Wdate-time -D_FORTIFY_SOURCE=2 -MT google/protobuf/compiler/zip_writer.lo -MD -MP -MF google/protobuf/compiler/.deps/zip_writer.Tpo -c google/protobuf/compiler/zip_writer.cc  -fPIC -DPIC -o google/protobuf/compiler/.libs/zip_writer.o
depbase=`echo google/protobuf/compiler/cpp/cpp_enum.lo | sed 's|[^/]*$|.deps/&|;s|\.lo$||'`;\
/bin/bash ../libtool  --tag=CXX   --mode=compile g++ -std=gnu++17 -DHAVE_CONFIG_H -I. -I..    -pthread -DHAVE_PTHREAD=1 -DHAVE_ZLIB=1 -Wall -Wno-sign-compare  -g -O2 -ffile-prefix-map=/build/r-base-rgGXCp/r-base-4.5.0=. -fstack-protector-strong -Wformat -Werror=format-security -Wdate-time -D_FORTIFY_SOURCE=2 -MT google/protobuf/compiler/cpp/cpp_enum.lo -MD -MP -MF $depbase.Tpo -c -o google/protobuf/compiler/cpp/cpp_enum.lo google/protobuf/compiler/cpp/cpp_enum.cc &&\
mv -f $depbase.Tpo $depbase.Plo
libtool: compile:  g++ -std=gnu++17 -DHAVE_CONFIG_H -I. -I.. -pthread -DHAVE_PTHREAD=1 -DHAVE_ZLIB=1 -Wall -Wno-sign-compare -g -O2 -ffile-prefix-map=/build/r-base-rgGXCp/r-base-4.5.0=. -fstack-protector-strong -Wformat -Werror=format-security -Wdate-time -D_FORTIFY_SOURCE=2 -MT google/protobuf/compiler/cpp/cpp_enum.lo -MD -MP -MF google/protobuf/compiler/cpp/.deps/cpp_enum.Tpo -c google/protobuf/compiler/cpp/cpp_enum.cc  -fPIC -DPIC -o google/protobuf/compiler/cpp/.libs/cpp_enum.o
depbase=`echo google/protobuf/compiler/cpp/cpp_enum_field.lo | sed 's|[^/]*$|.deps/&|;s|\.lo$||'`;\
/bin/bash ../libtool  --tag=CXX   --mode=compile g++ -std=gnu++17 -DHAVE_CONFIG_H -I. -I..    -pthread -DHAVE_PTHREAD=1 -DHAVE_ZLIB=1 -Wall -Wno-sign-compare  -g -O2 -ffile-prefix-map=/build/r-base-rgGXCp/r-base-4.5.0=. -fstack-protector-strong -Wformat -Werror=format-security -Wdate-time -D_FORTIFY_SOURCE=2 -MT google/protobuf/compiler/cpp/cpp_enum_field.lo -MD -MP -MF $depbase.Tpo -c -o google/protobuf/compiler/cpp/cpp_enum_field.lo google/protobuf/compiler/cpp/cpp_enum_field.cc &&\
mv -f $depbase.Tpo $depbase.Plo
libtool: compile:  g++ -std=gnu++17 -DHAVE_CONFIG_H -I. -I.. -pthread -DHAVE_PTHREAD=1 -DHAVE_ZLIB=1 -Wall -Wno-sign-compare -g -O2 -ffile-prefix-map=/build/r-base-rgGXCp/r-base-4.5.0=. -fstack-protector-strong -Wformat -Werror=format-security -Wdate-time -D_FORTIFY_SOURCE=2 -MT google/protobuf/compiler/cpp/cpp_enum_field.lo -MD -MP -MF google/protobuf/compiler/cpp/.deps/cpp_enum_field.Tpo -c google/protobuf/compiler/cpp/cpp_enum_field.cc  -fPIC -DPIC -o google/protobuf/compiler/cpp/.libs/cpp_enum_field.o
depbase=`echo google/protobuf/compiler/cpp/cpp_extension.lo | sed 's|[^/]*$|.deps/&|;s|\.lo$||'`;\
/bin/bash ../libtool  --tag=CXX   --mode=compile g++ -std=gnu++17 -DHAVE_CONFIG_H -I. -I..    -pthread -DHAVE_PTHREAD=1 -DHAVE_ZLIB=1 -Wall -Wno-sign-compare  -g -O2 -ffile-prefix-map=/build/r-base-rgGXCp/r-base-4.5.0=. -fstack-protector-strong -Wformat -Werror=format-security -Wdate-time -D_FORTIFY_SOURCE=2 -MT google/protobuf/compiler/cpp/cpp_extension.lo -MD -MP -MF $depbase.Tpo -c -o google/protobuf/compiler/cpp/cpp_extension.lo google/protobuf/compiler/cpp/cpp_extension.cc &&\
mv -f $depbase.Tpo $depbase.Plo
libtool: compile:  g++ -std=gnu++17 -DHAVE_CONFIG_H -I. -I.. -pthread -DHAVE_PTHREAD=1 -DHAVE_ZLIB=1 -Wall -Wno-sign-compare -g -O2 -ffile-prefix-map=/build/r-base-rgGXCp/r-base-4.5.0=. -fstack-protector-strong -Wformat -Werror=format-security -Wdate-time -D_FORTIFY_SOURCE=2 -MT google/protobuf/compiler/cpp/cpp_extension.lo -MD -MP -MF google/protobuf/compiler/cpp/.deps/cpp_extension.Tpo -c google/protobuf/compiler/cpp/cpp_extension.cc  -fPIC -DPIC -o google/protobuf/compiler/cpp/.libs/cpp_extension.o
depbase=`echo google/protobuf/compiler/cpp/cpp_field.lo | sed 's|[^/]*$|.deps/&|;s|\.lo$||'`;\
/bin/bash ../libtool  --tag=CXX   --mode=compile g++ -std=gnu++17 -DHAVE_CONFIG_H -I. -I..    -pthread -DHAVE_PTHREAD=1 -DHAVE_ZLIB=1 -Wall -Wno-sign-compare  -g -O2 -ffile-prefix-map=/build/r-base-rgGXCp/r-base-4.5.0=. -fstack-protector-strong -Wformat -Werror=format-security -Wdate-time -D_FORTIFY_SOURCE=2 -MT google/protobuf/compiler/cpp/cpp_field.lo -MD -MP -MF $depbase.Tpo -c -o google/protobuf/compiler/cpp/cpp_field.lo google/protobuf/compiler/cpp/cpp_field.cc &&\
mv -f $depbase.Tpo $depbase.Plo
libtool: compile:  g++ -std=gnu++17 -DHAVE_CONFIG_H -I. -I.. -pthread -DHAVE_PTHREAD=1 -DHAVE_ZLIB=1 -Wall -Wno-sign-compare -g -O2 -ffile-prefix-map=/build/r-base-rgGXCp/r-base-4.5.0=. -fstack-protector-strong -Wformat -Werror=format-security -Wdate-time -D_FORTIFY_SOURCE=2 -MT google/protobuf/compiler/cpp/cpp_field.lo -MD -MP -MF google/protobuf/compiler/cpp/.deps/cpp_field.Tpo -c google/protobuf/compiler/cpp/cpp_field.cc  -fPIC -DPIC -o google/protobuf/compiler/cpp/.libs/cpp_field.o
depbase=`echo google/protobuf/compiler/cpp/cpp_file.lo | sed 's|[^/]*$|.deps/&|;s|\.lo$||'`;\
/bin/bash ../libtool  --tag=CXX   --mode=compile g++ -std=gnu++17 -DHAVE_CONFIG_H -I. -I..    -pthread -DHAVE_PTHREAD=1 -DHAVE_ZLIB=1 -Wall -Wno-sign-compare  -g -O2 -ffile-prefix-map=/build/r-base-rgGXCp/r-base-4.5.0=. -fstack-protector-strong -Wformat -Werror=format-security -Wdate-time -D_FORTIFY_SOURCE=2 -MT google/protobuf/compiler/cpp/cpp_file.lo -MD -MP -MF $depbase.Tpo -c -o google/protobuf/compiler/cpp/cpp_file.lo google/protobuf/compiler/cpp/cpp_file.cc &&\
mv -f $depbase.Tpo $depbase.Plo
libtool: compile:  g++ -std=gnu++17 -DHAVE_CONFIG_H -I. -I.. -pthread -DHAVE_PTHREAD=1 -DHAVE_ZLIB=1 -Wall -Wno-sign-compare -g -O2 -ffile-prefix-map=/build/r-base-rgGXCp/r-base-4.5.0=. -fstack-protector-strong -Wformat -Werror=format-security -Wdate-time -D_FORTIFY_SOURCE=2 -MT google/protobuf/compiler/cpp/cpp_file.lo -MD -MP -MF google/protobuf/compiler/cpp/.deps/cpp_file.Tpo -c google/protobuf/compiler/cpp/cpp_file.cc  -fPIC -DPIC -o google/protobuf/compiler/cpp/.libs/cpp_file.o
depbase=`echo google/protobuf/compiler/cpp/cpp_generator.lo | sed 's|[^/]*$|.deps/&|;s|\.lo$||'`;\
/bin/bash ../libtool  --tag=CXX   --mode=compile g++ -std=gnu++17 -DHAVE_CONFIG_H -I. -I..    -pthread -DHAVE_PTHREAD=1 -DHAVE_ZLIB=1 -Wall -Wno-sign-compare  -g -O2 -ffile-prefix-map=/build/r-base-rgGXCp/r-base-4.5.0=. -fstack-protector-strong -Wformat -Werror=format-security -Wdate-time -D_FORTIFY_SOURCE=2 -MT google/protobuf/compiler/cpp/cpp_generator.lo -MD -MP -MF $depbase.Tpo -c -o google/protobuf/compiler/cpp/cpp_generator.lo google/protobuf/compiler/cpp/cpp_generator.cc &&\
mv -f $depbase.Tpo $depbase.Plo
libtool: compile:  g++ -std=gnu++17 -DHAVE_CONFIG_H -I. -I.. -pthread -DHAVE_PTHREAD=1 -DHAVE_ZLIB=1 -Wall -Wno-sign-compare -g -O2 -ffile-prefix-map=/build/r-base-rgGXCp/r-base-4.5.0=. -fstack-protector-strong -Wformat -Werror=format-security -Wdate-time -D_FORTIFY_SOURCE=2 -MT google/protobuf/compiler/cpp/cpp_generator.lo -MD -MP -MF google/protobuf/compiler/cpp/.deps/cpp_generator.Tpo -c google/protobuf/compiler/cpp/cpp_generator.cc  -fPIC -DPIC -o google/protobuf/compiler/cpp/.libs/cpp_generator.o
depbase=`echo google/protobuf/compiler/cpp/cpp_helpers.lo | sed 's|[^/]*$|.deps/&|;s|\.lo$||'`;\
/bin/bash ../libtool  --tag=CXX   --mode=compile g++ -std=gnu++17 -DHAVE_CONFIG_H -I. -I..    -pthread -DHAVE_PTHREAD=1 -DHAVE_ZLIB=1 -Wall -Wno-sign-compare  -g -O2 -ffile-prefix-map=/build/r-base-rgGXCp/r-base-4.5.0=. -fstack-protector-strong -Wformat -Werror=format-security -Wdate-time -D_FORTIFY_SOURCE=2 -MT google/protobuf/compiler/cpp/cpp_helpers.lo -MD -MP -MF $depbase.Tpo -c -o google/protobuf/compiler/cpp/cpp_helpers.lo google/protobuf/compiler/cpp/cpp_helpers.cc &&\
mv -f $depbase.Tpo $depbase.Plo
libtool: compile:  g++ -std=gnu++17 -DHAVE_CONFIG_H -I. -I.. -pthread -DHAVE_PTHREAD=1 -DHAVE_ZLIB=1 -Wall -Wno-sign-compare -g -O2 -ffile-prefix-map=/build/r-base-rgGXCp/r-base-4.5.0=. -fstack-protector-strong -Wformat -Werror=format-security -Wdate-time -D_FORTIFY_SOURCE=2 -MT google/protobuf/compiler/cpp/cpp_helpers.lo -MD -MP -MF google/protobuf/compiler/cpp/.deps/cpp_helpers.Tpo -c google/protobuf/compiler/cpp/cpp_helpers.cc  -fPIC -DPIC -o google/protobuf/compiler/cpp/.libs/cpp_helpers.o
depbase=`echo google/protobuf/compiler/cpp/cpp_map_field.lo | sed 's|[^/]*$|.deps/&|;s|\.lo$||'`;\
/bin/bash ../libtool  --tag=CXX   --mode=compile g++ -std=gnu++17 -DHAVE_CONFIG_H -I. -I..    -pthread -DHAVE_PTHREAD=1 -DHAVE_ZLIB=1 -Wall -Wno-sign-compare  -g -O2 -ffile-prefix-map=/build/r-base-rgGXCp/r-base-4.5.0=. -fstack-protector-strong -Wformat -Werror=format-security -Wdate-time -D_FORTIFY_SOURCE=2 -MT google/protobuf/compiler/cpp/cpp_map_field.lo -MD -MP -MF $depbase.Tpo -c -o google/protobuf/compiler/cpp/cpp_map_field.lo google/protobuf/compiler/cpp/cpp_map_field.cc &&\
mv -f $depbase.Tpo $depbase.Plo
libtool: compile:  g++ -std=gnu++17 -DHAVE_CONFIG_H -I. -I.. -pthread -DHAVE_PTHREAD=1 -DHAVE_ZLIB=1 -Wall -Wno-sign-compare -g -O2 -ffile-prefix-map=/build/r-base-rgGXCp/r-base-4.5.0=. -fstack-protector-strong -Wformat -Werror=format-security -Wdate-time -D_FORTIFY_SOURCE=2 -MT google/protobuf/compiler/cpp/cpp_map_field.lo -MD -MP -MF google/protobuf/compiler/cpp/.deps/cpp_map_field.Tpo -c google/protobuf/compiler/cpp/cpp_map_field.cc  -fPIC -DPIC -o google/protobuf/compiler/cpp/.libs/cpp_map_field.o
depbase=`echo google/protobuf/compiler/cpp/cpp_message.lo | sed 's|[^/]*$|.deps/&|;s|\.lo$||'`;\
/bin/bash ../libtool  --tag=CXX   --mode=compile g++ -std=gnu++17 -DHAVE_CONFIG_H -I. -I..    -pthread -DHAVE_PTHREAD=1 -DHAVE_ZLIB=1 -Wall -Wno-sign-compare  -g -O2 -ffile-prefix-map=/build/r-base-rgGXCp/r-base-4.5.0=. -fstack-protector-strong -Wformat -Werror=format-security -Wdate-time -D_FORTIFY_SOURCE=2 -MT google/protobuf/compiler/cpp/cpp_message.lo -MD -MP -MF $depbase.Tpo -c -o google/protobuf/compiler/cpp/cpp_message.lo google/protobuf/compiler/cpp/cpp_message.cc &&\
mv -f $depbase.Tpo $depbase.Plo
libtool: compile:  g++ -std=gnu++17 -DHAVE_CONFIG_H -I. -I.. -pthread -DHAVE_PTHREAD=1 -DHAVE_ZLIB=1 -Wall -Wno-sign-compare -g -O2 -ffile-prefix-map=/build/r-base-rgGXCp/r-base-4.5.0=. -fstack-protector-strong -Wformat -Werror=format-security -Wdate-time -D_FORTIFY_SOURCE=2 -MT google/protobuf/compiler/cpp/cpp_message.lo -MD -MP -MF google/protobuf/compiler/cpp/.deps/cpp_message.Tpo -c google/protobuf/compiler/cpp/cpp_message.cc  -fPIC -DPIC -o google/protobuf/compiler/cpp/.libs/cpp_message.o
depbase=`echo google/protobuf/compiler/cpp/cpp_message_field.lo | sed 's|[^/]*$|.deps/&|;s|\.lo$||'`;\
/bin/bash ../libtool  --tag=CXX   --mode=compile g++ -std=gnu++17 -DHAVE_CONFIG_H -I. -I..    -pthread -DHAVE_PTHREAD=1 -DHAVE_ZLIB=1 -Wall -Wno-sign-compare  -g -O2 -ffile-prefix-map=/build/r-base-rgGXCp/r-base-4.5.0=. -fstack-protector-strong -Wformat -Werror=format-security -Wdate-time -D_FORTIFY_SOURCE=2 -MT google/protobuf/compiler/cpp/cpp_message_field.lo -MD -MP -MF $depbase.Tpo -c -o google/protobuf/compiler/cpp/cpp_message_field.lo google/protobuf/compiler/cpp/cpp_message_field.cc &&\
mv -f $depbase.Tpo $depbase.Plo
libtool: compile:  g++ -std=gnu++17 -DHAVE_CONFIG_H -I. -I.. -pthread -DHAVE_PTHREAD=1 -DHAVE_ZLIB=1 -Wall -Wno-sign-compare -g -O2 -ffile-prefix-map=/build/r-base-rgGXCp/r-base-4.5.0=. -fstack-protector-strong -Wformat -Werror=format-security -Wdate-time -D_FORTIFY_SOURCE=2 -MT google/protobuf/compiler/cpp/cpp_message_field.lo -MD -MP -MF google/protobuf/compiler/cpp/.deps/cpp_message_field.Tpo -c google/protobuf/compiler/cpp/cpp_message_field.cc  -fPIC -DPIC -o google/protobuf/compiler/cpp/.libs/cpp_message_field.o
depbase=`echo google/protobuf/compiler/cpp/cpp_padding_optimizer.lo | sed 's|[^/]*$|.deps/&|;s|\.lo$||'`;\
/bin/bash ../libtool  --tag=CXX   --mode=compile g++ -std=gnu++17 -DHAVE_CONFIG_H -I. -I..    -pthread -DHAVE_PTHREAD=1 -DHAVE_ZLIB=1 -Wall -Wno-sign-compare  -g -O2 -ffile-prefix-map=/build/r-base-rgGXCp/r-base-4.5.0=. -fstack-protector-strong -Wformat -Werror=format-security -Wdate-time -D_FORTIFY_SOURCE=2 -MT google/protobuf/compiler/cpp/cpp_padding_optimizer.lo -MD -MP -MF $depbase.Tpo -c -o google/protobuf/compiler/cpp/cpp_padding_optimizer.lo google/protobuf/compiler/cpp/cpp_padding_optimizer.cc &&\
mv -f $depbase.Tpo $depbase.Plo
libtool: compile:  g++ -std=gnu++17 -DHAVE_CONFIG_H -I. -I.. -pthread -DHAVE_PTHREAD=1 -DHAVE_ZLIB=1 -Wall -Wno-sign-compare -g -O2 -ffile-prefix-map=/build/r-base-rgGXCp/r-base-4.5.0=. -fstack-protector-strong -Wformat -Werror=format-security -Wdate-time -D_FORTIFY_SOURCE=2 -MT google/protobuf/compiler/cpp/cpp_padding_optimizer.lo -MD -MP -MF google/protobuf/compiler/cpp/.deps/cpp_padding_optimizer.Tpo -c google/protobuf/compiler/cpp/cpp_padding_optimizer.cc  -fPIC -DPIC -o google/protobuf/compiler/cpp/.libs/cpp_padding_optimizer.o
depbase=`echo google/protobuf/compiler/cpp/cpp_primitive_field.lo | sed 's|[^/]*$|.deps/&|;s|\.lo$||'`;\
/bin/bash ../libtool  --tag=CXX   --mode=compile g++ -std=gnu++17 -DHAVE_CONFIG_H -I. -I..    -pthread -DHAVE_PTHREAD=1 -DHAVE_ZLIB=1 -Wall -Wno-sign-compare  -g -O2 -ffile-prefix-map=/build/r-base-rgGXCp/r-base-4.5.0=. -fstack-protector-strong -Wformat -Werror=format-security -Wdate-time -D_FORTIFY_SOURCE=2 -MT google/protobuf/compiler/cpp/cpp_primitive_field.lo -MD -MP -MF $depbase.Tpo -c -o google/protobuf/compiler/cpp/cpp_primitive_field.lo google/protobuf/compiler/cpp/cpp_primitive_field.cc &&\
mv -f $depbase.Tpo $depbase.Plo
libtool: compile:  g++ -std=gnu++17 -DHAVE_CONFIG_H -I. -I.. -pthread -DHAVE_PTHREAD=1 -DHAVE_ZLIB=1 -Wall -Wno-sign-compare -g -O2 -ffile-prefix-map=/build/r-base-rgGXCp/r-base-4.5.0=. -fstack-protector-strong -Wformat -Werror=format-security -Wdate-time -D_FORTIFY_SOURCE=2 -MT google/protobuf/compiler/cpp/cpp_primitive_field.lo -MD -MP -MF google/protobuf/compiler/cpp/.deps/cpp_primitive_field.Tpo -c google/protobuf/compiler/cpp/cpp_primitive_field.cc  -fPIC -DPIC -o google/protobuf/compiler/cpp/.libs/cpp_primitive_field.o
depbase=`echo google/protobuf/compiler/cpp/cpp_service.lo | sed 's|[^/]*$|.deps/&|;s|\.lo$||'`;\
/bin/bash ../libtool  --tag=CXX   --mode=compile g++ -std=gnu++17 -DHAVE_CONFIG_H -I. -I..    -pthread -DHAVE_PTHREAD=1 -DHAVE_ZLIB=1 -Wall -Wno-sign-compare  -g -O2 -ffile-prefix-map=/build/r-base-rgGXCp/r-base-4.5.0=. -fstack-protector-strong -Wformat -Werror=format-security -Wdate-time -D_FORTIFY_SOURCE=2 -MT google/protobuf/compiler/cpp/cpp_service.lo -MD -MP -MF $depbase.Tpo -c -o google/protobuf/compiler/cpp/cpp_service.lo google/protobuf/compiler/cpp/cpp_service.cc &&\
mv -f $depbase.Tpo $depbase.Plo
libtool: compile:  g++ -std=gnu++17 -DHAVE_CONFIG_H -I. -I.. -pthread -DHAVE_PTHREAD=1 -DHAVE_ZLIB=1 -Wall -Wno-sign-compare -g -O2 -ffile-prefix-map=/build/r-base-rgGXCp/r-base-4.5.0=. -fstack-protector-strong -Wformat -Werror=format-security -Wdate-time -D_FORTIFY_SOURCE=2 -MT google/protobuf/compiler/cpp/cpp_service.lo -MD -MP -MF google/protobuf/compiler/cpp/.deps/cpp_service.Tpo -c google/protobuf/compiler/cpp/cpp_service.cc  -fPIC -DPIC -o google/protobuf/compiler/cpp/.libs/cpp_service.o
depbase=`echo google/protobuf/compiler/cpp/cpp_string_field.lo | sed 's|[^/]*$|.deps/&|;s|\.lo$||'`;\
/bin/bash ../libtool  --tag=CXX   --mode=compile g++ -std=gnu++17 -DHAVE_CONFIG_H -I. -I..    -pthread -DHAVE_PTHREAD=1 -DHAVE_ZLIB=1 -Wall -Wno-sign-compare  -g -O2 -ffile-prefix-map=/build/r-base-rgGXCp/r-base-4.5.0=. -fstack-protector-strong -Wformat -Werror=format-security -Wdate-time -D_FORTIFY_SOURCE=2 -MT google/protobuf/compiler/cpp/cpp_string_field.lo -MD -MP -MF $depbase.Tpo -c -o google/protobuf/compiler/cpp/cpp_string_field.lo google/protobuf/compiler/cpp/cpp_string_field.cc &&\
mv -f $depbase.Tpo $depbase.Plo
libtool: compile:  g++ -std=gnu++17 -DHAVE_CONFIG_H -I. -I.. -pthread -DHAVE_PTHREAD=1 -DHAVE_ZLIB=1 -Wall -Wno-sign-compare -g -O2 -ffile-prefix-map=/build/r-base-rgGXCp/r-base-4.5.0=. -fstack-protector-strong -Wformat -Werror=format-security -Wdate-time -D_FORTIFY_SOURCE=2 -MT google/protobuf/compiler/cpp/cpp_string_field.lo -MD -MP -MF google/protobuf/compiler/cpp/.deps/cpp_string_field.Tpo -c google/protobuf/compiler/cpp/cpp_string_field.cc  -fPIC -DPIC -o google/protobuf/compiler/cpp/.libs/cpp_string_field.o
/bin/bash ../libtool  --tag=CXX   --mode=link g++ -std=gnu++17 -pthread -DHAVE_PTHREAD=1 -DHAVE_ZLIB=1 -Wall -Wno-sign-compare  -g -O2 -ffile-prefix-map=/build/r-base-rgGXCp/r-base-4.5.0=. -fstack-protector-strong -Wformat -Werror=format-security -Wdate-time -D_FORTIFY_SOURCE=2 -version-info 19:0:0 -export-dynamic -no-undefined -Wl,--version-script=./libprotoc.map -Wl,-Bsymbolic-functions -flto=auto -ffat-lto-objects -flto=auto -Wl,-z,relro -o libprotoc.la -rpath /tmp/RtmpINPkZe/R.INSTALL2a367e97dc9/RProtoBufLib/src/pb_build/lib google/protobuf/compiler/code_generator.lo google/protobuf/compiler/command_line_interface.lo google/protobuf/compiler/plugin.lo google/protobuf/compiler/plugin.pb.lo google/protobuf/compiler/subprocess.lo google/protobuf/compiler/zip_writer.lo google/protobuf/compiler/cpp/cpp_enum.lo google/protobuf/compiler/cpp/cpp_enum_field.lo google/protobuf/compiler/cpp/cpp_extension.lo google/protobuf/compiler/cpp/cpp_field.lo google/protobuf/compiler/cpp/cpp_file.lo google/protobuf/compiler/cpp/cpp_generator.lo google/protobuf/compiler/cpp/cpp_helpers.lo google/protobuf/compiler/cpp/cpp_map_field.lo google/protobuf/compiler/cpp/cpp_message.lo google/protobuf/compiler/cpp/cpp_message_field.lo google/protobuf/compiler/cpp/cpp_padding_optimizer.lo google/protobuf/compiler/cpp/cpp_primitive_field.lo google/protobuf/compiler/cpp/cpp_service.lo google/protobuf/compiler/cpp/cpp_string_field.lo  libprotobuf.la -lz 
libtool: link: g++ -std=gnu++17  -fPIC -DPIC -shared -nostdlib /usr/lib/gcc/x86_64-linux-gnu/11/../../../x86_64-linux-gnu/crti.o /usr/lib/gcc/x86_64-linux-gnu/11/crtbeginS.o  google/protobuf/compiler/.libs/code_generator.o google/protobuf/compiler/.libs/command_line_interface.o google/protobuf/compiler/.libs/plugin.o google/protobuf/compiler/.libs/plugin.pb.o google/protobuf/compiler/.libs/subprocess.o google/protobuf/compiler/.libs/zip_writer.o google/protobuf/compiler/cpp/.libs/cpp_enum.o google/protobuf/compiler/cpp/.libs/cpp_enum_field.o google/protobuf/compiler/cpp/.libs/cpp_extension.o google/protobuf/compiler/cpp/.libs/cpp_field.o google/protobuf/compiler/cpp/.libs/cpp_file.o google/protobuf/compiler/cpp/.libs/cpp_generator.o google/protobuf/compiler/cpp/.libs/cpp_helpers.o google/protobuf/compiler/cpp/.libs/cpp_map_field.o google/protobuf/compiler/cpp/.libs/cpp_message.o google/protobuf/compiler/cpp/.libs/cpp_message_field.o google/protobuf/compiler/cpp/.libs/cpp_padding_optimizer.o google/protobuf/compiler/cpp/.libs/cpp_primitive_field.o google/protobuf/compiler/cpp/.libs/cpp_service.o google/protobuf/compiler/cpp/.libs/cpp_string_field.o   -Wl,-rpath -Wl,/tmp/RtmpINPkZe/R.INSTALL2a367e97dc9/RProtoBufLib/src/protobuf-3.8.0/src/.libs -Wl,-rpath -Wl,/tmp/RtmpINPkZe/R.INSTALL2a367e97dc9/RProtoBufLib/src/pb_build/lib ./.libs/libprotobuf.so -lz -L/usr/lib/gcc/x86_64-linux-gnu/11 -L/usr/lib/gcc/x86_64-linux-gnu/11/../../../x86_64-linux-gnu -L/usr/lib/gcc/x86_64-linux-gnu/11/../../../../lib -L/lib/x86_64-linux-gnu -L/lib/../lib -L/usr/lib/x86_64-linux-gnu -L/usr/lib/../lib -L/usr/local/cuda/lib64/stubs -L/usr/lib/gcc/x86_64-linux-gnu/11/../../.. -lstdc++ -lm -lc -lgcc_s /usr/lib/gcc/x86_64-linux-gnu/11/crtendS.o /usr/lib/gcc/x86_64-linux-gnu/11/../../../x86_64-linux-gnu/crtn.o  -pthread -g -O2 -fstack-protector-strong -Wl,--version-script=./libprotoc.map -Wl,-Bsymbolic-functions -flto=auto -flto=auto -Wl,-z -Wl,relro   -pthread -Wl,-soname -Wl,libprotoc.so.19 -o .libs/libprotoc.so.19.0.0
libtool: link: (cd ".libs" && rm -f "libprotoc.so.19" && ln -s "libprotoc.so.19.0.0" "libprotoc.so.19")
libtool: link: (cd ".libs" && rm -f "libprotoc.so" && ln -s "libprotoc.so.19.0.0" "libprotoc.so")
libtool: link: ( cd ".libs" && rm -f "libprotoc.la" && ln -s "../libprotoc.la" "libprotoc.la" )
/bin/bash ../libtool  --tag=CXX   --mode=link g++ -std=gnu++17 -pthread -DHAVE_PTHREAD=1 -DHAVE_ZLIB=1 -Wall -Wno-sign-compare  -g -O2 -ffile-prefix-map=/build/r-base-rgGXCp/r-base-4.5.0=. -fstack-protector-strong -Wformat -Werror=format-security -Wdate-time -D_FORTIFY_SOURCE=2 -pthread -Wl,-Bsymbolic-functions -flto=auto -ffat-lto-objects -flto=auto -Wl,-z,relro -o protoc google/protobuf/compiler/main.o  libprotobuf.la libprotoc.la -lz 
libtool: link: g++ -std=gnu++17 -pthread -DHAVE_PTHREAD=1 -DHAVE_ZLIB=1 -Wall -Wno-sign-compare -g -O2 -ffile-prefix-map=/build/r-base-rgGXCp/r-base-4.5.0=. -fstack-protector-strong -Wformat -Werror=format-security -Wdate-time -D_FORTIFY_SOURCE=2 -pthread -Wl,-Bsymbolic-functions -flto=auto -ffat-lto-objects -flto=auto -Wl,-z -Wl,relro -o .libs/protoc google/protobuf/compiler/main.o  ./.libs/libprotobuf.so ./.libs/libprotoc.so -lz -pthread -Wl,-rpath -Wl,/tmp/RtmpINPkZe/R.INSTALL2a367e97dc9/RProtoBufLib/src/pb_build/lib
/bin/bash ../libtool  --tag=CXX   --mode=link g++ -std=gnu++17 -pthread -DHAVE_PTHREAD=1 -DHAVE_ZLIB=1 -Wall -Wno-sign-compare  -g -O2 -ffile-prefix-map=/build/r-base-rgGXCp/r-base-4.5.0=. -fstack-protector-strong -Wformat -Werror=format-security -Wdate-time -D_FORTIFY_SOURCE=2 -version-info 19:0:0 -export-dynamic -no-undefined -Wl,--version-script=./libprotobuf-lite.map -Wl,-Bsymbolic-functions -flto=auto -ffat-lto-objects -flto=auto -Wl,-z,relro -o libprotobuf-lite.la -rpath /tmp/RtmpINPkZe/R.INSTALL2a367e97dc9/RProtoBufLib/src/pb_build/lib google/protobuf/stubs/bytestream.lo google/protobuf/stubs/common.lo google/protobuf/stubs/int128.lo google/protobuf/io/io_win32.lo google/protobuf/stubs/status.lo google/protobuf/stubs/statusor.lo google/protobuf/stubs/stringpiece.lo google/protobuf/stubs/stringprintf.lo google/protobuf/stubs/structurally_valid.lo google/protobuf/stubs/strutil.lo google/protobuf/stubs/time.lo google/protobuf/any_lite.lo google/protobuf/arena.lo google/protobuf/extension_set.lo google/protobuf/generated_message_util.lo google/protobuf/generated_message_table_driven_lite.lo google/protobuf/implicit_weak_message.lo google/protobuf/message_lite.lo google/protobuf/parse_context.lo google/protobuf/repeated_field.lo google/protobuf/wire_format_lite.lo google/protobuf/io/coded_stream.lo google/protobuf/io/strtod.lo google/protobuf/io/zero_copy_stream.lo google/protobuf/io/zero_copy_stream_impl_lite.lo   -lz 
libtool: link: g++ -std=gnu++17  -fPIC -DPIC -shared -nostdlib /usr/lib/gcc/x86_64-linux-gnu/11/../../../x86_64-linux-gnu/crti.o /usr/lib/gcc/x86_64-linux-gnu/11/crtbeginS.o  google/protobuf/stubs/.libs/bytestream.o google/protobuf/stubs/.libs/common.o google/protobuf/stubs/.libs/int128.o google/protobuf/io/.libs/io_win32.o google/protobuf/stubs/.libs/status.o google/protobuf/stubs/.libs/statusor.o google/protobuf/stubs/.libs/stringpiece.o google/protobuf/stubs/.libs/stringprintf.o google/protobuf/stubs/.libs/structurally_valid.o google/protobuf/stubs/.libs/strutil.o google/protobuf/stubs/.libs/time.o google/protobuf/.libs/any_lite.o google/protobuf/.libs/arena.o google/protobuf/.libs/extension_set.o google/protobuf/.libs/generated_message_util.o google/protobuf/.libs/generated_message_table_driven_lite.o google/protobuf/.libs/implicit_weak_message.o google/protobuf/.libs/message_lite.o google/protobuf/.libs/parse_context.o google/protobuf/.libs/repeated_field.o google/protobuf/.libs/wire_format_lite.o google/protobuf/io/.libs/coded_stream.o google/protobuf/io/.libs/strtod.o google/protobuf/io/.libs/zero_copy_stream.o google/protobuf/io/.libs/zero_copy_stream_impl_lite.o   -lz -L/usr/lib/gcc/x86_64-linux-gnu/11 -L/usr/lib/gcc/x86_64-linux-gnu/11/../../../x86_64-linux-gnu -L/usr/lib/gcc/x86_64-linux-gnu/11/../../../../lib -L/lib/x86_64-linux-gnu -L/lib/../lib -L/usr/lib/x86_64-linux-gnu -L/usr/lib/../lib -L/usr/local/cuda/lib64/stubs -L/usr/lib/gcc/x86_64-linux-gnu/11/../../.. -lstdc++ -lm -lc -lgcc_s /usr/lib/gcc/x86_64-linux-gnu/11/crtendS.o /usr/lib/gcc/x86_64-linux-gnu/11/../../../x86_64-linux-gnu/crtn.o  -pthread -g -O2 -fstack-protector-strong -Wl,--version-script=./libprotobuf-lite.map -Wl,-Bsymbolic-functions -flto=auto -flto=auto -Wl,-z -Wl,relro   -pthread -Wl,-soname -Wl,libprotobuf-lite.so.19 -o .libs/libprotobuf-lite.so.19.0.0
libtool: link: (cd ".libs" && rm -f "libprotobuf-lite.so.19" && ln -s "libprotobuf-lite.so.19.0.0" "libprotobuf-lite.so.19")
libtool: link: (cd ".libs" && rm -f "libprotobuf-lite.so" && ln -s "libprotobuf-lite.so.19.0.0" "libprotobuf-lite.so")
libtool: link: ( cd ".libs" && rm -f "libprotobuf-lite.la" && ln -s "../libprotobuf-lite.la" "libprotobuf-lite.la" )
make[2]: Entering directory '/tmp/RtmpINPkZe/R.INSTALL2a367e97dc9/RProtoBufLib/src/protobuf-3.8.0/src'
 /usr/bin/mkdir -p '/tmp/RtmpINPkZe/R.INSTALL2a367e97dc9/RProtoBufLib/src/pb_build/lib'
 /bin/bash ../libtool   --mode=install /usr/bin/install -c   libprotobuf-lite.la libprotobuf.la libprotoc.la '/tmp/RtmpINPkZe/R.INSTALL2a367e97dc9/RProtoBufLib/src/pb_build/lib'
libtool: install: /usr/bin/install -c .libs/libprotobuf-lite.so.19.0.0 /tmp/RtmpINPkZe/R.INSTALL2a367e97dc9/RProtoBufLib/src/pb_build/lib/libprotobuf-lite.so.19.0.0
libtool: install: (cd /tmp/RtmpINPkZe/R.INSTALL2a367e97dc9/RProtoBufLib/src/pb_build/lib && { ln -s -f libprotobuf-lite.so.19.0.0 libprotobuf-lite.so.19 || { rm -f libprotobuf-lite.so.19 && ln -s libprotobuf-lite.so.19.0.0 libprotobuf-lite.so.19; }; })
libtool: install: (cd /tmp/RtmpINPkZe/R.INSTALL2a367e97dc9/RProtoBufLib/src/pb_build/lib && { ln -s -f libprotobuf-lite.so.19.0.0 libprotobuf-lite.so || { rm -f libprotobuf-lite.so && ln -s libprotobuf-lite.so.19.0.0 libprotobuf-lite.so; }; })
libtool: install: /usr/bin/install -c .libs/libprotobuf-lite.lai /tmp/RtmpINPkZe/R.INSTALL2a367e97dc9/RProtoBufLib/src/pb_build/lib/libprotobuf-lite.la
libtool: install: /usr/bin/install -c .libs/libprotobuf.so.19.0.0 /tmp/RtmpINPkZe/R.INSTALL2a367e97dc9/RProtoBufLib/src/pb_build/lib/libprotobuf.so.19.0.0
libtool: install: (cd /tmp/RtmpINPkZe/R.INSTALL2a367e97dc9/RProtoBufLib/src/pb_build/lib && { ln -s -f libprotobuf.so.19.0.0 libprotobuf.so.19 || { rm -f libprotobuf.so.19 && ln -s libprotobuf.so.19.0.0 libprotobuf.so.19; }; })
libtool: install: (cd /tmp/RtmpINPkZe/R.INSTALL2a367e97dc9/RProtoBufLib/src/pb_build/lib && { ln -s -f libprotobuf.so.19.0.0 libprotobuf.so || { rm -f libprotobuf.so && ln -s libprotobuf.so.19.0.0 libprotobuf.so; }; })
libtool: install: /usr/bin/install -c .libs/libprotobuf.lai /tmp/RtmpINPkZe/R.INSTALL2a367e97dc9/RProtoBufLib/src/pb_build/lib/libprotobuf.la
libtool: warning: relinking 'libprotoc.la'
libtool: install: (cd /tmp/RtmpINPkZe/R.INSTALL2a367e97dc9/RProtoBufLib/src/protobuf-3.8.0/src; /bin/bash "/tmp/RtmpINPkZe/R.INSTALL2a367e97dc9/RProtoBufLib/src/protobuf-3.8.0/libtool"  --tag CXX --mode=relink g++ -std=gnu++17 -pthread -DHAVE_PTHREAD=1 -DHAVE_ZLIB=1 -Wall -Wno-sign-compare -g -O2 -ffile-prefix-map=/build/r-base-rgGXCp/r-base-4.5.0=. -fstack-protector-strong -Wformat -Werror=format-security -Wdate-time -D_FORTIFY_SOURCE=2 -version-info 19:0:0 -export-dynamic -no-undefined -Wl,--version-script=./libprotoc.map -Wl,-Bsymbolic-functions -flto=auto -ffat-lto-objects -flto=auto -Wl,-z,relro -o libprotoc.la -rpath /tmp/RtmpINPkZe/R.INSTALL2a367e97dc9/RProtoBufLib/src/pb_build/lib google/protobuf/compiler/code_generator.lo google/protobuf/compiler/command_line_interface.lo google/protobuf/compiler/plugin.lo google/protobuf/compiler/plugin.pb.lo google/protobuf/compiler/subprocess.lo google/protobuf/compiler/zip_writer.lo google/protobuf/compiler/cpp/cpp_enum.lo google/protobuf/compiler/cpp/cpp_enum_field.lo google/protobuf/compiler/cpp/cpp_extension.lo google/protobuf/compiler/cpp/cpp_field.lo google/protobuf/compiler/cpp/cpp_file.lo google/protobuf/compiler/cpp/cpp_generator.lo google/protobuf/compiler/cpp/cpp_helpers.lo google/protobuf/compiler/cpp/cpp_map_field.lo google/protobuf/compiler/cpp/cpp_message.lo google/protobuf/compiler/cpp/cpp_message_field.lo google/protobuf/compiler/cpp/cpp_padding_optimizer.lo google/protobuf/compiler/cpp/cpp_primitive_field.lo google/protobuf/compiler/cpp/cpp_service.lo google/protobuf/compiler/cpp/cpp_string_field.lo libprotobuf.la -lz )
libtool: relink: g++ -std=gnu++17  -fPIC -DPIC -shared -nostdlib /usr/lib/gcc/x86_64-linux-gnu/11/../../../x86_64-linux-gnu/crti.o /usr/lib/gcc/x86_64-linux-gnu/11/crtbeginS.o  google/protobuf/compiler/.libs/code_generator.o google/protobuf/compiler/.libs/command_line_interface.o google/protobuf/compiler/.libs/plugin.o google/protobuf/compiler/.libs/plugin.pb.o google/protobuf/compiler/.libs/subprocess.o google/protobuf/compiler/.libs/zip_writer.o google/protobuf/compiler/cpp/.libs/cpp_enum.o google/protobuf/compiler/cpp/.libs/cpp_enum_field.o google/protobuf/compiler/cpp/.libs/cpp_extension.o google/protobuf/compiler/cpp/.libs/cpp_field.o google/protobuf/compiler/cpp/.libs/cpp_file.o google/protobuf/compiler/cpp/.libs/cpp_generator.o google/protobuf/compiler/cpp/.libs/cpp_helpers.o google/protobuf/compiler/cpp/.libs/cpp_map_field.o google/protobuf/compiler/cpp/.libs/cpp_message.o google/protobuf/compiler/cpp/.libs/cpp_message_field.o google/protobuf/compiler/cpp/.libs/cpp_padding_optimizer.o google/protobuf/compiler/cpp/.libs/cpp_primitive_field.o google/protobuf/compiler/cpp/.libs/cpp_service.o google/protobuf/compiler/cpp/.libs/cpp_string_field.o   -Wl,-rpath -Wl,/tmp/RtmpINPkZe/R.INSTALL2a367e97dc9/RProtoBufLib/src/pb_build/lib -L/tmp/RtmpINPkZe/R.INSTALL2a367e97dc9/RProtoBufLib/src/pb_build/lib -lprotobuf -lz -L/usr/lib/gcc/x86_64-linux-gnu/11 -L/usr/lib/gcc/x86_64-linux-gnu/11/../../../x86_64-linux-gnu -L/usr/lib/gcc/x86_64-linux-gnu/11/../../../../lib -L/lib/x86_64-linux-gnu -L/lib/../lib -L/usr/lib/x86_64-linux-gnu -L/usr/lib/../lib -L/usr/local/cuda/lib64/stubs -L/usr/lib/gcc/x86_64-linux-gnu/11/../../.. -lstdc++ -lm -lc -lgcc_s /usr/lib/gcc/x86_64-linux-gnu/11/crtendS.o /usr/lib/gcc/x86_64-linux-gnu/11/../../../x86_64-linux-gnu/crtn.o  -pthread -g -O2 -fstack-protector-strong -Wl,--version-script=./libprotoc.map -Wl,-Bsymbolic-functions -flto=auto -flto=auto -Wl,-z -Wl,relro   -pthread -Wl,-soname -Wl,libprotoc.so.19 -o .libs/libprotoc.so.19.0.0
libtool: install: /usr/bin/install -c .libs/libprotoc.so.19.0.0T /tmp/RtmpINPkZe/R.INSTALL2a367e97dc9/RProtoBufLib/src/pb_build/lib/libprotoc.so.19.0.0
libtool: install: (cd /tmp/RtmpINPkZe/R.INSTALL2a367e97dc9/RProtoBufLib/src/pb_build/lib && { ln -s -f libprotoc.so.19.0.0 libprotoc.so.19 || { rm -f libprotoc.so.19 && ln -s libprotoc.so.19.0.0 libprotoc.so.19; }; })
libtool: install: (cd /tmp/RtmpINPkZe/R.INSTALL2a367e97dc9/RProtoBufLib/src/pb_build/lib && { ln -s -f libprotoc.so.19.0.0 libprotoc.so || { rm -f libprotoc.so && ln -s libprotoc.so.19.0.0 libprotoc.so; }; })
libtool: install: /usr/bin/install -c .libs/libprotoc.lai /tmp/RtmpINPkZe/R.INSTALL2a367e97dc9/RProtoBufLib/src/pb_build/lib/libprotoc.la
libtool: finish: PATH="/opt/conda/bin:/usr/local/nvidia/bin:/usr/local/cuda/bin:/usr/local/sbin:/usr/local/bin:/usr/sbin:/usr/bin:/sbin:/bin:/home/jupyter/.local/bin:/home/jupyter/packages/bin:/sbin" ldconfig -n /tmp/RtmpINPkZe/R.INSTALL2a367e97dc9/RProtoBufLib/src/pb_build/lib
----------------------------------------------------------------------
Libraries have been installed in:
   /tmp/RtmpINPkZe/R.INSTALL2a367e97dc9/RProtoBufLib/src/pb_build/lib

If you ever happen to want to link against installed libraries
in a given directory, LIBDIR, you must either use libtool, and
specify the full pathname of the library, or use the '-LLIBDIR'
flag during linking and do at least one of the following:
   - add LIBDIR to the 'LD_LIBRARY_PATH' environment variable
     during execution
   - add LIBDIR to the 'LD_RUN_PATH' environment variable
     during linking
   - use the '-Wl,-rpath -Wl,LIBDIR' linker flag
   - have your system administrator add LIBDIR to '/etc/ld.so.conf'

See any operating system documentation about shared libraries for
more information, such as the ld(1) and ld.so(8) manual pages.
----------------------------------------------------------------------
 /usr/bin/mkdir -p '/tmp/RtmpINPkZe/R.INSTALL2a367e97dc9/RProtoBufLib/src/pb_build/bin'
  /bin/bash ../libtool   --mode=install /usr/bin/install -c protoc '/tmp/RtmpINPkZe/R.INSTALL2a367e97dc9/RProtoBufLib/src/pb_build/bin'
libtool: install: /usr/bin/install -c .libs/protoc /tmp/RtmpINPkZe/R.INSTALL2a367e97dc9/RProtoBufLib/src/pb_build/bin/protoc
 /usr/bin/mkdir -p '/tmp/RtmpINPkZe/R.INSTALL2a367e97dc9/RProtoBufLib/src/pb_build/include'
 /usr/bin/mkdir -p '/tmp/RtmpINPkZe/R.INSTALL2a367e97dc9/RProtoBufLib/src/pb_build/include/google/protobuf/compiler'
 /usr/bin/install -c -m 644  google/protobuf/compiler/plugin.proto '/tmp/RtmpINPkZe/R.INSTALL2a367e97dc9/RProtoBufLib/src/pb_build/include/google/protobuf/compiler'
 /usr/bin/mkdir -p '/tmp/RtmpINPkZe/R.INSTALL2a367e97dc9/RProtoBufLib/src/pb_build/include/google/protobuf'
 /usr/bin/install -c -m 644  google/protobuf/descriptor.proto google/protobuf/any.proto google/protobuf/api.proto google/protobuf/duration.proto google/protobuf/empty.proto google/protobuf/field_mask.proto google/protobuf/source_context.proto google/protobuf/struct.proto google/protobuf/timestamp.proto google/protobuf/type.proto google/protobuf/wrappers.proto '/tmp/RtmpINPkZe/R.INSTALL2a367e97dc9/RProtoBufLib/src/pb_build/include/google/protobuf'
 /usr/bin/mkdir -p '/tmp/RtmpINPkZe/R.INSTALL2a367e97dc9/RProtoBufLib/src/pb_build/include'
 /usr/bin/mkdir -p '/tmp/RtmpINPkZe/R.INSTALL2a367e97dc9/RProtoBufLib/src/pb_build/include/google/protobuf'
 /usr/bin/install -c -m 644  google/protobuf/any.pb.h google/protobuf/api.pb.h google/protobuf/any.h google/protobuf/arena.h google/protobuf/arena_impl.h google/protobuf/arenastring.h google/protobuf/descriptor_database.h google/protobuf/descriptor.h google/protobuf/descriptor.pb.h google/protobuf/duration.pb.h google/protobuf/dynamic_message.h google/protobuf/empty.pb.h google/protobuf/extension_set.h google/protobuf/extension_set_inl.h google/protobuf/field_mask.pb.h google/protobuf/generated_enum_reflection.h google/protobuf/generated_enum_util.h google/protobuf/generated_message_reflection.h google/protobuf/generated_message_table_driven.h google/protobuf/generated_message_util.h google/protobuf/has_bits.h google/protobuf/implicit_weak_message.h google/protobuf/inlined_string_field.h google/protobuf/map_entry.h google/protobuf/map_entry_lite.h google/protobuf/map_field.h google/protobuf/map_field_inl.h google/protobuf/map_field_lite.h google/protobuf/map.h google/protobuf/map_type_handler.h google/protobuf/message.h google/protobuf/message_lite.h google/protobuf/metadata.h google/protobuf/metadata_lite.h google/protobuf/parse_context.h google/protobuf/port.h google/protobuf/port_def.inc google/protobuf/port_undef.inc google/protobuf/reflection.h google/protobuf/reflection_ops.h '/tmp/RtmpINPkZe/R.INSTALL2a367e97dc9/RProtoBufLib/src/pb_build/include/google/protobuf'
 /usr/bin/mkdir -p '/tmp/RtmpINPkZe/R.INSTALL2a367e97dc9/RProtoBufLib/src/pb_build/include/google/protobuf/compiler'
 /usr/bin/install -c -m 644  google/protobuf/compiler/code_generator.h google/protobuf/compiler/command_line_interface.h google/protobuf/compiler/importer.h google/protobuf/compiler/parser.h google/protobuf/compiler/plugin.h google/protobuf/compiler/plugin.pb.h '/tmp/RtmpINPkZe/R.INSTALL2a367e97dc9/RProtoBufLib/src/pb_build/include/google/protobuf/compiler'
 /usr/bin/mkdir -p '/tmp/RtmpINPkZe/R.INSTALL2a367e97dc9/RProtoBufLib/src/pb_build/include/google/protobuf/compiler/cpp'
 /usr/bin/install -c -m 644  google/protobuf/compiler/cpp/cpp_generator.h '/tmp/RtmpINPkZe/R.INSTALL2a367e97dc9/RProtoBufLib/src/pb_build/include/google/protobuf/compiler/cpp'
 /usr/bin/mkdir -p '/tmp/RtmpINPkZe/R.INSTALL2a367e97dc9/RProtoBufLib/src/pb_build/include/google/protobuf/util'
 /usr/bin/install -c -m 644  google/protobuf/util/type_resolver.h google/protobuf/util/delimited_message_util.h google/protobuf/util/field_comparator.h google/protobuf/util/field_mask_util.h google/protobuf/util/json_util.h google/protobuf/util/time_util.h google/protobuf/util/type_resolver_util.h google/protobuf/util/message_differencer.h '/tmp/RtmpINPkZe/R.INSTALL2a367e97dc9/RProtoBufLib/src/pb_build/include/google/protobuf/util'
 /usr/bin/mkdir -p '/tmp/RtmpINPkZe/R.INSTALL2a367e97dc9/RProtoBufLib/src/pb_build/include/google/protobuf/stubs'
 /usr/bin/install -c -m 644  google/protobuf/stubs/callback.h google/protobuf/stubs/bytestream.h google/protobuf/stubs/casts.h google/protobuf/stubs/common.h google/protobuf/stubs/fastmem.h google/protobuf/stubs/hash.h google/protobuf/stubs/logging.h google/protobuf/stubs/macros.h google/protobuf/stubs/mutex.h google/protobuf/stubs/once.h google/protobuf/stubs/platform_macros.h google/protobuf/stubs/port.h google/protobuf/stubs/status.h google/protobuf/stubs/stl_util.h google/protobuf/stubs/stringpiece.h google/protobuf/stubs/strutil.h google/protobuf/stubs/template_util.h '/tmp/RtmpINPkZe/R.INSTALL2a367e97dc9/RProtoBufLib/src/pb_build/include/google/protobuf/stubs'
 /usr/bin/mkdir -p '/tmp/RtmpINPkZe/R.INSTALL2a367e97dc9/RProtoBufLib/src/pb_build/include/google/protobuf'
 /usr/bin/install -c -m 644  google/protobuf/repeated_field.h google/protobuf/service.h google/protobuf/source_context.pb.h google/protobuf/struct.pb.h google/protobuf/text_format.h google/protobuf/timestamp.pb.h google/protobuf/type.pb.h google/protobuf/unknown_field_set.h google/protobuf/wire_format.h google/protobuf/wire_format_lite.h google/protobuf/wrappers.pb.h '/tmp/RtmpINPkZe/R.INSTALL2a367e97dc9/RProtoBufLib/src/pb_build/include/google/protobuf'
 /usr/bin/mkdir -p '/tmp/RtmpINPkZe/R.INSTALL2a367e97dc9/RProtoBufLib/src/pb_build/include/google/protobuf/io'
 /usr/bin/install -c -m 644  google/protobuf/io/coded_stream.h google/protobuf/io/gzip_stream.h google/protobuf/io/printer.h google/protobuf/io/strtod.h google/protobuf/io/tokenizer.h google/protobuf/io/zero_copy_stream.h google/protobuf/io/zero_copy_stream_impl.h google/protobuf/io/zero_copy_stream_impl_lite.h '/tmp/RtmpINPkZe/R.INSTALL2a367e97dc9/RProtoBufLib/src/pb_build/include/google/protobuf/io'
make[2]: Leaving directory '/tmp/RtmpINPkZe/R.INSTALL2a367e97dc9/RProtoBufLib/src/protobuf-3.8.0/src'
make[1]: Leaving directory '/tmp/RtmpINPkZe/R.INSTALL2a367e97dc9/RProtoBufLib/src/protobuf-3.8.0/src'
configure: creating ./config.status
config.status: creating src/Makevars
** libs
using C++ compiler: ‘g++ (Ubuntu 11.4.0-1ubuntu1~22.04) 11.4.0’
using C++11
g++ -std=gnu++11 -shared -fpic -I../inst/include/ -I/tmp/RtmpINPkZe/R.INSTALL2a367e97dc9/RProtoBufLib/src/pb_build/include/ -o GatingSet_pb_lib/libGatingSet.pb.so GatingSet_pb_lib/GatingSet.pb.cc
mkdir -p "/usr/local/lib/R/site-library/00LOCK-RProtoBufLib/00new/RProtoBufLib/include"
cp -r /tmp/RtmpINPkZe/R.INSTALL2a367e97dc9/RProtoBufLib/src/pb_build/include/google /usr/local/lib/R/site-library/00LOCK-RProtoBufLib/00new/RProtoBufLib/include
mkdir -p "/usr/local/lib/R/site-library/00LOCK-RProtoBufLib/00new/RProtoBufLib/lib/"
cp /tmp/RtmpINPkZe/R.INSTALL2a367e97dc9/RProtoBufLib/src/pb_build/lib/libprotobuf* /usr/local/lib/R/site-library/00LOCK-RProtoBufLib/00new/RProtoBufLib/lib/
cp GatingSet_pb_lib/libGatingSet.pb.so /usr/local/lib/R/site-library/00LOCK-RProtoBufLib/00new/RProtoBufLib/lib//libGatingSet.pb.so
g++ -std=gnu++11 -I"/usr/share/R/include" -DNDEBUG -I../inst/include/ -I/tmp/RtmpINPkZe/R.INSTALL2a367e97dc9/RProtoBufLib/src/pb_build/include/      -fpic  -g -O2 -ffile-prefix-map=/build/r-base-rgGXCp/r-base-4.5.0=. -fstack-protector-strong -Wformat -Werror=format-security -Wdate-time -D_FORTIFY_SOURCE=2   -c dummy.cpp -o dummy.o
g++ -std=gnu++11 -shared -L/usr/lib/R/lib -Wl,-Bsymbolic-functions -flto=auto -ffat-lto-objects -flto=auto -Wl,-z,relro -o RProtoBufLib.so dummy.o -L/usr/lib/R/lib -lR
installing to /usr/local/lib/R/site-library/00LOCK-RProtoBufLib/00new/RProtoBufLib/libs
** R
** inst
** byte-compile and prepare package for lazy loading
** help
*** installing help indices
** building package indices
** installing vignettes
** testing if installed package can be loaded from temporary location
** checking absolute paths in shared objects and dynamic libraries
** testing if installed package can be loaded from final location
** testing if installed package keeps a record of temporary installation path
* creating tarball
packaged installation of ‘RProtoBufLib’ as ‘RProtoBufLib_2.20.0_R_x86_64-pc-linux-gnu.tar.gz’
* DONE (RProtoBufLib)
* installing *source* package ‘umap’ ...
** this is package ‘umap’ version ‘0.2.10.0’
** package ‘umap’ successfully unpacked and MD5 sums checked
** using staged installation
** libs
using C++ compiler: ‘g++ (Ubuntu 11.4.0-1ubuntu1~22.04) 11.4.0’
g++ -std=gnu++17 -I"/usr/share/R/include" -DNDEBUG  -I'/usr/local/lib/R/site-library/Rcpp/include'     -fpic  -g -O2 -ffile-prefix-map=/build/r-base-rgGXCp/r-base-4.5.0=. -fstack-protector-strong -Wformat -Werror=format-security -Wdate-time -D_FORTIFY_SOURCE=2   -c RcppExports.cpp -o RcppExports.o
g++ -std=gnu++17 -I"/usr/share/R/include" -DNDEBUG  -I'/usr/local/lib/R/site-library/Rcpp/include'     -fpic  -g -O2 -ffile-prefix-map=/build/r-base-rgGXCp/r-base-4.5.0=. -fstack-protector-strong -Wformat -Werror=format-security -Wdate-time -D_FORTIFY_SOURCE=2   -c distances.cpp -o distances.o
g++ -std=gnu++17 -I"/usr/share/R/include" -DNDEBUG  -I'/usr/local/lib/R/site-library/Rcpp/include'     -fpic  -g -O2 -ffile-prefix-map=/build/r-base-rgGXCp/r-base-4.5.0=. -fstack-protector-strong -Wformat -Werror=format-security -Wdate-time -D_FORTIFY_SOURCE=2   -c optimize.cpp -o optimize.o
g++ -std=gnu++17 -shared -L/usr/lib/R/lib -Wl,-Bsymbolic-functions -flto=auto -ffat-lto-objects -flto=auto -Wl,-z,relro -o umap.so RcppExports.o distances.o optimize.o -L/usr/lib/R/lib -lR
installing to /usr/local/lib/R/site-library/00LOCK-umap/00new/umap/libs
** R
** inst
** byte-compile and prepare package for lazy loading
** help
*** installing help indices
** building package indices
** installing vignettes
** testing if installed package can be loaded from temporary location
** checking absolute paths in shared objects and dynamic libraries
** testing if installed package can be loaded from final location
** testing if installed package keeps a record of temporary installation path
* creating tarball
packaged installation of ‘umap’ as ‘umap_0.2.10.0_R_x86_64-pc-linux-gnu.tar.gz’
* DONE (umap)
* installing *source* package ‘corrplot’ ...
** this is package ‘corrplot’ version ‘0.95’
** package ‘corrplot’ successfully unpacked and MD5 sums checked
** using staged installation
** R
** inst
** byte-compile and prepare package for lazy loading
** help
*** installing help indices
** building package indices
** installing vignettes
** testing if installed package can be loaded from temporary location
** testing if installed package can be loaded from final location
** testing if installed package keeps a record of temporary installation path
* creating tarball
packaged installation of ‘corrplot’ as ‘corrplot_0.95_R_x86_64-pc-linux-gnu.tar.gz’
* DONE (corrplot)
* installing *source* package ‘RUnit’ ...
** this is package ‘RUnit’ version ‘0.4.33’
** package ‘RUnit’ successfully unpacked and MD5 sums checked
** using staged installation
** R
** inst
** byte-compile and prepare package for lazy loading
** help
*** installing help indices
** building package indices
** installing vignettes
** testing if installed package can be loaded from temporary location
** testing if installed package can be loaded from final location
** testing if installed package keeps a record of temporary installation path
* creating tarball
packaged installation of ‘RUnit’ as ‘RUnit_0.4.33_R_x86_64-pc-linux-gnu.tar.gz’
* DONE (RUnit)
* installing *source* package ‘cytolib’ ...
** this is package ‘cytolib’ version ‘2.20.0’
** using staged installation
checking for a sed that does not truncate output... /bin/sed
checking whether the C++ compiler works... yes
checking for C++ compiler default output file name... a.out
checking for suffix of executables... 
checking whether we are cross compiling... no
checking for suffix of object files... o
checking whether we are using the GNU C++ compiler... yes
checking whether g++ -std=gnu++17 accepts -g... yes
checking how to run the C++ preprocessor... g++ -std=gnu++17 -E
checking whether we are using the GNU C++ compiler... (cached) yes
checking whether g++ -std=gnu++17 accepts -g... (cached) yes
configure: Parsing cytolib version info ...
configure: CYTOLIB_VERSION=2.20.0
configure: creating ./config.status
config.status: creating inst/include/cytolib/cytolibConfig.h
config.status: creating src/Makevars
** libs
using C++ compiler: ‘g++ (Ubuntu 11.4.0-1ubuntu1~22.04) 11.4.0’
using C++11
g++ -std=gnu++11 -I"/usr/share/R/include" -DNDEBUG -DROUT -I../inst/include -w -Wfatal-errors -DBOOST_NO_AUTO_PTR -DBOOST_FILESYSTEM_NO_CXX20_ATOMIC_REF -DBOOST_FILESYSTEM_SINGLE_THREADED  -I'/usr/local/lib/R/site-library/BH/include' -I'/usr/local/lib/R/site-library/RProtoBufLib/include' -I'/usr/local/lib/R/site-library/Rhdf5lib/include'     -fpic  -g -O2 -ffile-prefix-map=/build/r-base-rgGXCp/r-base-4.5.0=. -fstack-protector-strong -Wformat -Werror=format-security -Wdate-time -D_FORTIFY_SOURCE=2   -c dummy.cpp -o dummy.o
g++ -std=gnu++11 -I"/usr/share/R/include" -DNDEBUG -DROUT -I../inst/include -w -Wfatal-errors -DBOOST_NO_AUTO_PTR -DBOOST_FILESYSTEM_NO_CXX20_ATOMIC_REF -DBOOST_FILESYSTEM_SINGLE_THREADED  -I'/usr/local/lib/R/site-library/BH/include' -I'/usr/local/lib/R/site-library/RProtoBufLib/include' -I'/usr/local/lib/R/site-library/Rhdf5lib/include'     -fpic  -g -O2 -ffile-prefix-map=/build/r-base-rgGXCp/r-base-4.5.0=. -fstack-protector-strong -Wformat -Werror=format-security -Wdate-time -D_FORTIFY_SOURCE=2   -c boost/libs/system/src/error_code.cpp -o boost/libs/system/src/error_code.o
g++ -std=gnu++11 -I"/usr/share/R/include" -DNDEBUG -DROUT -I../inst/include -w -Wfatal-errors -DBOOST_NO_AUTO_PTR -DBOOST_FILESYSTEM_NO_CXX20_ATOMIC_REF -DBOOST_FILESYSTEM_SINGLE_THREADED  -I'/usr/local/lib/R/site-library/BH/include' -I'/usr/local/lib/R/site-library/RProtoBufLib/include' -I'/usr/local/lib/R/site-library/Rhdf5lib/include'     -fpic  -g -O2 -ffile-prefix-map=/build/r-base-rgGXCp/r-base-4.5.0=. -fstack-protector-strong -Wformat -Werror=format-security -Wdate-time -D_FORTIFY_SOURCE=2   -c boost/libs/filesystem/src/codecvt_error_category.cpp -o boost/libs/filesystem/src/codecvt_error_category.o
g++ -std=gnu++11 -I"/usr/share/R/include" -DNDEBUG -DROUT -I../inst/include -w -Wfatal-errors -DBOOST_NO_AUTO_PTR -DBOOST_FILESYSTEM_NO_CXX20_ATOMIC_REF -DBOOST_FILESYSTEM_SINGLE_THREADED  -I'/usr/local/lib/R/site-library/BH/include' -I'/usr/local/lib/R/site-library/RProtoBufLib/include' -I'/usr/local/lib/R/site-library/Rhdf5lib/include'     -fpic  -g -O2 -ffile-prefix-map=/build/r-base-rgGXCp/r-base-4.5.0=. -fstack-protector-strong -Wformat -Werror=format-security -Wdate-time -D_FORTIFY_SOURCE=2   -c boost/libs/filesystem/src/directory.cpp -o boost/libs/filesystem/src/directory.o
g++ -std=gnu++11 -I"/usr/share/R/include" -DNDEBUG -DROUT -I../inst/include -w -Wfatal-errors -DBOOST_NO_AUTO_PTR -DBOOST_FILESYSTEM_NO_CXX20_ATOMIC_REF -DBOOST_FILESYSTEM_SINGLE_THREADED  -I'/usr/local/lib/R/site-library/BH/include' -I'/usr/local/lib/R/site-library/RProtoBufLib/include' -I'/usr/local/lib/R/site-library/Rhdf5lib/include'     -fpic  -g -O2 -ffile-prefix-map=/build/r-base-rgGXCp/r-base-4.5.0=. -fstack-protector-strong -Wformat -Werror=format-security -Wdate-time -D_FORTIFY_SOURCE=2   -c boost/libs/filesystem/src/exception.cpp -o boost/libs/filesystem/src/exception.o
g++ -std=gnu++11 -I"/usr/share/R/include" -DNDEBUG -DROUT -I../inst/include -w -Wfatal-errors -DBOOST_NO_AUTO_PTR -DBOOST_FILESYSTEM_NO_CXX20_ATOMIC_REF -DBOOST_FILESYSTEM_SINGLE_THREADED  -I'/usr/local/lib/R/site-library/BH/include' -I'/usr/local/lib/R/site-library/RProtoBufLib/include' -I'/usr/local/lib/R/site-library/Rhdf5lib/include'     -fpic  -g -O2 -ffile-prefix-map=/build/r-base-rgGXCp/r-base-4.5.0=. -fstack-protector-strong -Wformat -Werror=format-security -Wdate-time -D_FORTIFY_SOURCE=2   -c boost/libs/filesystem/src/operations.cpp -o boost/libs/filesystem/src/operations.o
g++ -std=gnu++11 -I"/usr/share/R/include" -DNDEBUG -DROUT -I../inst/include -w -Wfatal-errors -DBOOST_NO_AUTO_PTR -DBOOST_FILESYSTEM_NO_CXX20_ATOMIC_REF -DBOOST_FILESYSTEM_SINGLE_THREADED  -I'/usr/local/lib/R/site-library/BH/include' -I'/usr/local/lib/R/site-library/RProtoBufLib/include' -I'/usr/local/lib/R/site-library/Rhdf5lib/include'     -fpic  -g -O2 -ffile-prefix-map=/build/r-base-rgGXCp/r-base-4.5.0=. -fstack-protector-strong -Wformat -Werror=format-security -Wdate-time -D_FORTIFY_SOURCE=2   -c boost/libs/filesystem/src/path.cpp -o boost/libs/filesystem/src/path.o
g++ -std=gnu++11 -I"/usr/share/R/include" -DNDEBUG -DROUT -I../inst/include -w -Wfatal-errors -DBOOST_NO_AUTO_PTR -DBOOST_FILESYSTEM_NO_CXX20_ATOMIC_REF -DBOOST_FILESYSTEM_SINGLE_THREADED  -I'/usr/local/lib/R/site-library/BH/include' -I'/usr/local/lib/R/site-library/RProtoBufLib/include' -I'/usr/local/lib/R/site-library/Rhdf5lib/include'     -fpic  -g -O2 -ffile-prefix-map=/build/r-base-rgGXCp/r-base-4.5.0=. -fstack-protector-strong -Wformat -Werror=format-security -Wdate-time -D_FORTIFY_SOURCE=2   -c boost/libs/filesystem/src/path_traits.cpp -o boost/libs/filesystem/src/path_traits.o
g++ -std=gnu++11 -I"/usr/share/R/include" -DNDEBUG -DROUT -I../inst/include -w -Wfatal-errors -DBOOST_NO_AUTO_PTR -DBOOST_FILESYSTEM_NO_CXX20_ATOMIC_REF -DBOOST_FILESYSTEM_SINGLE_THREADED  -I'/usr/local/lib/R/site-library/BH/include' -I'/usr/local/lib/R/site-library/RProtoBufLib/include' -I'/usr/local/lib/R/site-library/Rhdf5lib/include'     -fpic  -g -O2 -ffile-prefix-map=/build/r-base-rgGXCp/r-base-4.5.0=. -fstack-protector-strong -Wformat -Werror=format-security -Wdate-time -D_FORTIFY_SOURCE=2   -c boost/libs/filesystem/src/portability.cpp -o boost/libs/filesystem/src/portability.o
g++ -std=gnu++11 -I"/usr/share/R/include" -DNDEBUG -DROUT -I../inst/include -w -Wfatal-errors -DBOOST_NO_AUTO_PTR -DBOOST_FILESYSTEM_NO_CXX20_ATOMIC_REF -DBOOST_FILESYSTEM_SINGLE_THREADED  -I'/usr/local/lib/R/site-library/BH/include' -I'/usr/local/lib/R/site-library/RProtoBufLib/include' -I'/usr/local/lib/R/site-library/Rhdf5lib/include'     -fpic  -g -O2 -ffile-prefix-map=/build/r-base-rgGXCp/r-base-4.5.0=. -fstack-protector-strong -Wformat -Werror=format-security -Wdate-time -D_FORTIFY_SOURCE=2   -c boost/libs/filesystem/src/unique_path.cpp -o boost/libs/filesystem/src/unique_path.o
g++ -std=gnu++11 -I"/usr/share/R/include" -DNDEBUG -DROUT -I../inst/include -w -Wfatal-errors -DBOOST_NO_AUTO_PTR -DBOOST_FILESYSTEM_NO_CXX20_ATOMIC_REF -DBOOST_FILESYSTEM_SINGLE_THREADED  -I'/usr/local/lib/R/site-library/BH/include' -I'/usr/local/lib/R/site-library/RProtoBufLib/include' -I'/usr/local/lib/R/site-library/Rhdf5lib/include'     -fpic  -g -O2 -ffile-prefix-map=/build/r-base-rgGXCp/r-base-4.5.0=. -fstack-protector-strong -Wformat -Werror=format-security -Wdate-time -D_FORTIFY_SOURCE=2   -c boost/libs/filesystem/src/utf8_codecvt_facet.cpp -o boost/libs/filesystem/src/utf8_codecvt_facet.o
g++ -std=gnu++11 -I"/usr/share/R/include" -DNDEBUG -DROUT -I../inst/include -w -Wfatal-errors -DBOOST_NO_AUTO_PTR -DBOOST_FILESYSTEM_NO_CXX20_ATOMIC_REF -DBOOST_FILESYSTEM_SINGLE_THREADED  -I'/usr/local/lib/R/site-library/BH/include' -I'/usr/local/lib/R/site-library/RProtoBufLib/include' -I'/usr/local/lib/R/site-library/Rhdf5lib/include'     -fpic  -g -O2 -ffile-prefix-map=/build/r-base-rgGXCp/r-base-4.5.0=. -fstack-protector-strong -Wformat -Werror=format-security -Wdate-time -D_FORTIFY_SOURCE=2   -c boost/libs/filesystem/src/windows_file_codecvt.cpp -o boost/libs/filesystem/src/windows_file_codecvt.o
g++ -std=gnu++11 -I"/usr/share/R/include" -DNDEBUG -DROUT -I../inst/include -w -Wfatal-errors -DBOOST_NO_AUTO_PTR -DBOOST_FILESYSTEM_NO_CXX20_ATOMIC_REF -DBOOST_FILESYSTEM_SINGLE_THREADED  -I'/usr/local/lib/R/site-library/BH/include' -I'/usr/local/lib/R/site-library/RProtoBufLib/include' -I'/usr/local/lib/R/site-library/Rhdf5lib/include'     -fpic  -g -O2 -ffile-prefix-map=/build/r-base-rgGXCp/r-base-4.5.0=. -fstack-protector-strong -Wformat -Werror=format-security -Wdate-time -D_FORTIFY_SOURCE=2   -c calibrationTable.cpp -o calibrationTable.o
g++ -std=gnu++11 -I"/usr/share/R/include" -DNDEBUG -DROUT -I../inst/include -w -Wfatal-errors -DBOOST_NO_AUTO_PTR -DBOOST_FILESYSTEM_NO_CXX20_ATOMIC_REF -DBOOST_FILESYSTEM_SINGLE_THREADED  -I'/usr/local/lib/R/site-library/BH/include' -I'/usr/local/lib/R/site-library/RProtoBufLib/include' -I'/usr/local/lib/R/site-library/Rhdf5lib/include'     -fpic  -g -O2 -ffile-prefix-map=/build/r-base-rgGXCp/r-base-4.5.0=. -fstack-protector-strong -Wformat -Werror=format-security -Wdate-time -D_FORTIFY_SOURCE=2   -c compensation.cpp -o compensation.o
g++ -std=gnu++11 -I"/usr/share/R/include" -DNDEBUG -DROUT -I../inst/include -w -Wfatal-errors -DBOOST_NO_AUTO_PTR -DBOOST_FILESYSTEM_NO_CXX20_ATOMIC_REF -DBOOST_FILESYSTEM_SINGLE_THREADED  -I'/usr/local/lib/R/site-library/BH/include' -I'/usr/local/lib/R/site-library/RProtoBufLib/include' -I'/usr/local/lib/R/site-library/Rhdf5lib/include'     -fpic  -g -O2 -ffile-prefix-map=/build/r-base-rgGXCp/r-base-4.5.0=. -fstack-protector-strong -Wformat -Werror=format-security -Wdate-time -D_FORTIFY_SOURCE=2   -c CytoFrame.cpp -o CytoFrame.o
g++ -std=gnu++11 -I"/usr/share/R/include" -DNDEBUG -DROUT -I../inst/include -w -Wfatal-errors -DBOOST_NO_AUTO_PTR -DBOOST_FILESYSTEM_NO_CXX20_ATOMIC_REF -DBOOST_FILESYSTEM_SINGLE_THREADED  -I'/usr/local/lib/R/site-library/BH/include' -I'/usr/local/lib/R/site-library/RProtoBufLib/include' -I'/usr/local/lib/R/site-library/Rhdf5lib/include'     -fpic  -g -O2 -ffile-prefix-map=/build/r-base-rgGXCp/r-base-4.5.0=. -fstack-protector-strong -Wformat -Werror=format-security -Wdate-time -D_FORTIFY_SOURCE=2   -c CytoFrameView.cpp -o CytoFrameView.o
g++ -std=gnu++11 -I"/usr/share/R/include" -DNDEBUG -DROUT -I../inst/include -w -Wfatal-errors -DBOOST_NO_AUTO_PTR -DBOOST_FILESYSTEM_NO_CXX20_ATOMIC_REF -DBOOST_FILESYSTEM_SINGLE_THREADED  -I'/usr/local/lib/R/site-library/BH/include' -I'/usr/local/lib/R/site-library/RProtoBufLib/include' -I'/usr/local/lib/R/site-library/Rhdf5lib/include'     -fpic  -g -O2 -ffile-prefix-map=/build/r-base-rgGXCp/r-base-4.5.0=. -fstack-protector-strong -Wformat -Werror=format-security -Wdate-time -D_FORTIFY_SOURCE=2   -c CytoVFS.cpp -o CytoVFS.o
g++ -std=gnu++11 -I"/usr/share/R/include" -DNDEBUG -DROUT -I../inst/include -w -Wfatal-errors -DBOOST_NO_AUTO_PTR -DBOOST_FILESYSTEM_NO_CXX20_ATOMIC_REF -DBOOST_FILESYSTEM_SINGLE_THREADED  -I'/usr/local/lib/R/site-library/BH/include' -I'/usr/local/lib/R/site-library/RProtoBufLib/include' -I'/usr/local/lib/R/site-library/Rhdf5lib/include'     -fpic  -g -O2 -ffile-prefix-map=/build/r-base-rgGXCp/r-base-4.5.0=. -fstack-protector-strong -Wformat -Werror=format-security -Wdate-time -D_FORTIFY_SOURCE=2   -c ellipse2points.cpp -o ellipse2points.o
g++ -std=gnu++11 -I"/usr/share/R/include" -DNDEBUG -DROUT -I../inst/include -w -Wfatal-errors -DBOOST_NO_AUTO_PTR -DBOOST_FILESYSTEM_NO_CXX20_ATOMIC_REF -DBOOST_FILESYSTEM_SINGLE_THREADED  -I'/usr/local/lib/R/site-library/BH/include' -I'/usr/local/lib/R/site-library/RProtoBufLib/include' -I'/usr/local/lib/R/site-library/Rhdf5lib/include'     -fpic  -g -O2 -ffile-prefix-map=/build/r-base-rgGXCp/r-base-4.5.0=. -fstack-protector-strong -Wformat -Werror=format-security -Wdate-time -D_FORTIFY_SOURCE=2   -c gate.cpp -o gate.o
g++ -std=gnu++11 -I"/usr/share/R/include" -DNDEBUG -DROUT -I../inst/include -w -Wfatal-errors -DBOOST_NO_AUTO_PTR -DBOOST_FILESYSTEM_NO_CXX20_ATOMIC_REF -DBOOST_FILESYSTEM_SINGLE_THREADED  -I'/usr/local/lib/R/site-library/BH/include' -I'/usr/local/lib/R/site-library/RProtoBufLib/include' -I'/usr/local/lib/R/site-library/Rhdf5lib/include'     -fpic  -g -O2 -ffile-prefix-map=/build/r-base-rgGXCp/r-base-4.5.0=. -fstack-protector-strong -Wformat -Werror=format-security -Wdate-time -D_FORTIFY_SOURCE=2   -c GatingHierarchy.cpp -o GatingHierarchy.o
g++ -std=gnu++11 -I"/usr/share/R/include" -DNDEBUG -DROUT -I../inst/include -w -Wfatal-errors -DBOOST_NO_AUTO_PTR -DBOOST_FILESYSTEM_NO_CXX20_ATOMIC_REF -DBOOST_FILESYSTEM_SINGLE_THREADED  -I'/usr/local/lib/R/site-library/BH/include' -I'/usr/local/lib/R/site-library/RProtoBufLib/include' -I'/usr/local/lib/R/site-library/Rhdf5lib/include'     -fpic  -g -O2 -ffile-prefix-map=/build/r-base-rgGXCp/r-base-4.5.0=. -fstack-protector-strong -Wformat -Werror=format-security -Wdate-time -D_FORTIFY_SOURCE=2   -c GatingSet.cpp -o GatingSet.o
g++ -std=gnu++11 -I"/usr/share/R/include" -DNDEBUG -DROUT -I../inst/include -w -Wfatal-errors -DBOOST_NO_AUTO_PTR -DBOOST_FILESYSTEM_NO_CXX20_ATOMIC_REF -DBOOST_FILESYSTEM_SINGLE_THREADED  -I'/usr/local/lib/R/site-library/BH/include' -I'/usr/local/lib/R/site-library/RProtoBufLib/include' -I'/usr/local/lib/R/site-library/Rhdf5lib/include'     -fpic  -g -O2 -ffile-prefix-map=/build/r-base-rgGXCp/r-base-4.5.0=. -fstack-protector-strong -Wformat -Werror=format-security -Wdate-time -D_FORTIFY_SOURCE=2   -c global.cpp -o global.o
g++ -std=gnu++11 -I"/usr/share/R/include" -DNDEBUG -DROUT -I../inst/include -w -Wfatal-errors -DBOOST_NO_AUTO_PTR -DBOOST_FILESYSTEM_NO_CXX20_ATOMIC_REF -DBOOST_FILESYSTEM_SINGLE_THREADED  -I'/usr/local/lib/R/site-library/BH/include' -I'/usr/local/lib/R/site-library/RProtoBufLib/include' -I'/usr/local/lib/R/site-library/Rhdf5lib/include'     -fpic  -g -O2 -ffile-prefix-map=/build/r-base-rgGXCp/r-base-4.5.0=. -fstack-protector-strong -Wformat -Werror=format-security -Wdate-time -D_FORTIFY_SOURCE=2   -c H5CytoFrame.cpp -o H5CytoFrame.o
g++ -std=gnu++11 -I"/usr/share/R/include" -DNDEBUG -DROUT -I../inst/include -w -Wfatal-errors -DBOOST_NO_AUTO_PTR -DBOOST_FILESYSTEM_NO_CXX20_ATOMIC_REF -DBOOST_FILESYSTEM_SINGLE_THREADED  -I'/usr/local/lib/R/site-library/BH/include' -I'/usr/local/lib/R/site-library/RProtoBufLib/include' -I'/usr/local/lib/R/site-library/Rhdf5lib/include'     -fpic  -g -O2 -ffile-prefix-map=/build/r-base-rgGXCp/r-base-4.5.0=. -fstack-protector-strong -Wformat -Werror=format-security -Wdate-time -D_FORTIFY_SOURCE=2   -c in_polygon.cpp -o in_polygon.o
g++ -std=gnu++11 -I"/usr/share/R/include" -DNDEBUG -DROUT -I../inst/include -w -Wfatal-errors -DBOOST_NO_AUTO_PTR -DBOOST_FILESYSTEM_NO_CXX20_ATOMIC_REF -DBOOST_FILESYSTEM_SINGLE_THREADED  -I'/usr/local/lib/R/site-library/BH/include' -I'/usr/local/lib/R/site-library/RProtoBufLib/include' -I'/usr/local/lib/R/site-library/Rhdf5lib/include'     -fpic  -g -O2 -ffile-prefix-map=/build/r-base-rgGXCp/r-base-4.5.0=. -fstack-protector-strong -Wformat -Werror=format-security -Wdate-time -D_FORTIFY_SOURCE=2   -c MemCytoFrame.cpp -o MemCytoFrame.o
g++ -std=gnu++11 -I"/usr/share/R/include" -DNDEBUG -DROUT -I../inst/include -w -Wfatal-errors -DBOOST_NO_AUTO_PTR -DBOOST_FILESYSTEM_NO_CXX20_ATOMIC_REF -DBOOST_FILESYSTEM_SINGLE_THREADED  -I'/usr/local/lib/R/site-library/BH/include' -I'/usr/local/lib/R/site-library/RProtoBufLib/include' -I'/usr/local/lib/R/site-library/Rhdf5lib/include'     -fpic  -g -O2 -ffile-prefix-map=/build/r-base-rgGXCp/r-base-4.5.0=. -fstack-protector-strong -Wformat -Werror=format-security -Wdate-time -D_FORTIFY_SOURCE=2   -c nodeProperties.cpp -o nodeProperties.o
g++ -std=gnu++11 -I"/usr/share/R/include" -DNDEBUG -DROUT -I../inst/include -w -Wfatal-errors -DBOOST_NO_AUTO_PTR -DBOOST_FILESYSTEM_NO_CXX20_ATOMIC_REF -DBOOST_FILESYSTEM_SINGLE_THREADED  -I'/usr/local/lib/R/site-library/BH/include' -I'/usr/local/lib/R/site-library/RProtoBufLib/include' -I'/usr/local/lib/R/site-library/Rhdf5lib/include'     -fpic  -g -O2 -ffile-prefix-map=/build/r-base-rgGXCp/r-base-4.5.0=. -fstack-protector-strong -Wformat -Werror=format-security -Wdate-time -D_FORTIFY_SOURCE=2   -c POPINDICES.cpp -o POPINDICES.o
g++ -std=gnu++11 -I"/usr/share/R/include" -DNDEBUG -DROUT -I../inst/include -w -Wfatal-errors -DBOOST_NO_AUTO_PTR -DBOOST_FILESYSTEM_NO_CXX20_ATOMIC_REF -DBOOST_FILESYSTEM_SINGLE_THREADED  -I'/usr/local/lib/R/site-library/BH/include' -I'/usr/local/lib/R/site-library/RProtoBufLib/include' -I'/usr/local/lib/R/site-library/Rhdf5lib/include'     -fpic  -g -O2 -ffile-prefix-map=/build/r-base-rgGXCp/r-base-4.5.0=. -fstack-protector-strong -Wformat -Werror=format-security -Wdate-time -D_FORTIFY_SOURCE=2   -c spline.cpp -o spline.o
g++ -std=gnu++11 -I"/usr/share/R/include" -DNDEBUG -DROUT -I../inst/include -w -Wfatal-errors -DBOOST_NO_AUTO_PTR -DBOOST_FILESYSTEM_NO_CXX20_ATOMIC_REF -DBOOST_FILESYSTEM_SINGLE_THREADED  -I'/usr/local/lib/R/site-library/BH/include' -I'/usr/local/lib/R/site-library/RProtoBufLib/include' -I'/usr/local/lib/R/site-library/Rhdf5lib/include'     -fpic  -g -O2 -ffile-prefix-map=/build/r-base-rgGXCp/r-base-4.5.0=. -fstack-protector-strong -Wformat -Werror=format-security -Wdate-time -D_FORTIFY_SOURCE=2   -c transformation.cpp -o transformation.o
g++ -std=gnu++11 -I"/usr/share/R/include" -DNDEBUG -DROUT -I../inst/include -w -Wfatal-errors -DBOOST_NO_AUTO_PTR -DBOOST_FILESYSTEM_NO_CXX20_ATOMIC_REF -DBOOST_FILESYSTEM_SINGLE_THREADED  -I'/usr/local/lib/R/site-library/BH/include' -I'/usr/local/lib/R/site-library/RProtoBufLib/include' -I'/usr/local/lib/R/site-library/Rhdf5lib/include'     -fpic  -g -O2 -ffile-prefix-map=/build/r-base-rgGXCp/r-base-4.5.0=. -fstack-protector-strong -Wformat -Werror=format-security -Wdate-time -D_FORTIFY_SOURCE=2   -c trans_group.cpp -o trans_group.o
mkdir -p "/usr/local/lib/R/site-library/00LOCK-cytolib/00new/cytolib/lib"
ar rs "/usr/local/lib/R/site-library/00LOCK-cytolib/00new/cytolib/lib/libcytolib.a" calibrationTable.o compensation.o CytoFrame.o CytoFrameView.o CytoVFS.o dummy.o ellipse2points.o gate.o GatingHierarchy.o GatingSet.o global.o H5CytoFrame.o in_polygon.o MemCytoFrame.o nodeProperties.o POPINDICES.o spline.o transformation.o trans_group.o boost/libs/filesystem/src/codecvt_error_category.o boost/libs/filesystem/src/directory.o boost/libs/filesystem/src/exception.o boost/libs/filesystem/src/operations.o boost/libs/filesystem/src/path.o boost/libs/filesystem/src/path_traits.o boost/libs/filesystem/src/portability.o boost/libs/filesystem/src/unique_path.o boost/libs/filesystem/src/utf8_codecvt_facet.o boost/libs/filesystem/src/windows_file_codecvt.o boost/libs/system/src/error_code.o
ar: creating /usr/local/lib/R/site-library/00LOCK-cytolib/00new/cytolib/lib/libcytolib.a
g++ -std=gnu++11 -shared -L/usr/lib/R/lib -Wl,-Bsymbolic-functions -flto=auto -ffat-lto-objects -flto=auto -Wl,-z,relro -o cytolib.so dummy.o -L/usr/lib/R/lib -lR
installing to /usr/local/lib/R/site-library/00LOCK-cytolib/00new/cytolib/libs
** R
** inst
** byte-compile and prepare package for lazy loading
** help
*** installing help indices
** building package indices
** installing vignettes
** testing if installed package can be loaded from temporary location
** checking absolute paths in shared objects and dynamic libraries
** testing if installed package can be loaded from final location
** testing if installed package keeps a record of temporary installation path
* creating tarball
packaged installation of ‘cytolib’ as ‘cytolib_2.20.0_R_x86_64-pc-linux-gnu.tar.gz’
* DONE (cytolib)
* installing *source* package ‘DelayedMatrixStats’ ...
** this is package ‘DelayedMatrixStats’ version ‘1.30.0’
** using staged installation
** R
** inst
** byte-compile and prepare package for lazy loading
** help
*** installing help indices
** building package indices
** installing vignettes
** testing if installed package can be loaded from temporary location
** testing if installed package can be loaded from final location
** testing if installed package keeps a record of temporary installation path
* creating tarball
packaged installation of ‘DelayedMatrixStats’ as ‘DelayedMatrixStats_1.30.0_R_x86_64-pc-linux-gnu.tar.gz’
* DONE (DelayedMatrixStats)
* installing *source* package ‘svglite’ ...
** this is package ‘svglite’ version ‘2.2.1’
** package ‘svglite’ successfully unpacked and MD5 sums checked
** using staged installation
** libs
using C++ compiler: ‘g++ (Ubuntu 11.4.0-1ubuntu1~22.04) 11.4.0’
g++ -std=gnu++17 -I"/usr/share/R/include" -DNDEBUG  -I'/usr/local/lib/R/site-library/cpp11/include' -I'/usr/local/lib/R/site-library/systemfonts/include' -I'/usr/local/lib/R/site-library/textshaping/include'     -fpic  -g -O2 -ffile-prefix-map=/build/r-base-rgGXCp/r-base-4.5.0=. -fstack-protector-strong -Wformat -Werror=format-security -Wdate-time -D_FORTIFY_SOURCE=2   -c SvgStream.cpp -o SvgStream.o
g++ -std=gnu++17 -I"/usr/share/R/include" -DNDEBUG  -I'/usr/local/lib/R/site-library/cpp11/include' -I'/usr/local/lib/R/site-library/systemfonts/include' -I'/usr/local/lib/R/site-library/textshaping/include'     -fpic  -g -O2 -ffile-prefix-map=/build/r-base-rgGXCp/r-base-4.5.0=. -fstack-protector-strong -Wformat -Werror=format-security -Wdate-time -D_FORTIFY_SOURCE=2   -c cpp11.cpp -o cpp11.o
g++ -std=gnu++17 -I"/usr/share/R/include" -DNDEBUG  -I'/usr/local/lib/R/site-library/cpp11/include' -I'/usr/local/lib/R/site-library/systemfonts/include' -I'/usr/local/lib/R/site-library/textshaping/include'     -fpic  -g -O2 -ffile-prefix-map=/build/r-base-rgGXCp/r-base-4.5.0=. -fstack-protector-strong -Wformat -Werror=format-security -Wdate-time -D_FORTIFY_SOURCE=2   -c devSVG.cpp -o devSVG.o
g++ -std=gnu++17 -shared -L/usr/lib/R/lib -Wl,-Bsymbolic-functions -flto=auto -ffat-lto-objects -flto=auto -Wl,-z,relro -o svglite.so SvgStream.o cpp11.o devSVG.o -lpng -lz -L/usr/lib/R/lib -lR
installing to /usr/local/lib/R/site-library/00LOCK-svglite/00new/svglite/libs
** R
** inst
** byte-compile and prepare package for lazy loading
** help
*** installing help indices
*** copying figures
** building package indices
** installing vignettes
** testing if installed package can be loaded from temporary location
** checking absolute paths in shared objects and dynamic libraries
** testing if installed package can be loaded from final location
** testing if installed package keeps a record of temporary installation path
* creating tarball
packaged installation of ‘svglite’ as ‘svglite_2.2.1_R_x86_64-pc-linux-gnu.tar.gz’
* DONE (svglite)
* installing *source* package ‘flowCore’ ...
** this is package ‘flowCore’ version ‘2.20.0’
** using staged installation
** libs
using C++ compiler: ‘g++ (Ubuntu 11.4.0-1ubuntu1~22.04) 11.4.0’
using C++17
g++ -std=gnu++17 -I"/usr/share/R/include" -DNDEBUG -DBOOST_NO_AUTO_PTR -w -Wfatal-errors -I'/usr/local/lib/R/site-library/cpp11/include' -I'/usr/local/lib/R/site-library/BH/include' -I'/usr/local/lib/R/site-library/cytolib/include' -I'/usr/local/lib/R/site-library/RProtoBufLib/include'     -fpic  -g -O2 -ffile-prefix-map=/build/r-base-rgGXCp/r-base-4.5.0=. -fstack-protector-strong -Wformat -Werror=format-security -Wdate-time -D_FORTIFY_SOURCE=2   -c FastLogicle.cpp -o FastLogicle.o
g++ -std=gnu++17 -I"/usr/share/R/include" -DNDEBUG -DBOOST_NO_AUTO_PTR -w -Wfatal-errors -I'/usr/local/lib/R/site-library/cpp11/include' -I'/usr/local/lib/R/site-library/BH/include' -I'/usr/local/lib/R/site-library/cytolib/include' -I'/usr/local/lib/R/site-library/RProtoBufLib/include'     -fpic  -g -O2 -ffile-prefix-map=/build/r-base-rgGXCp/r-base-4.5.0=. -fstack-protector-strong -Wformat -Werror=format-security -Wdate-time -D_FORTIFY_SOURCE=2   -c Hyperlog.cpp -o Hyperlog.o
g++ -std=gnu++17 -I"/usr/share/R/include" -DNDEBUG -DBOOST_NO_AUTO_PTR -w -Wfatal-errors -I'/usr/local/lib/R/site-library/cpp11/include' -I'/usr/local/lib/R/site-library/BH/include' -I'/usr/local/lib/R/site-library/cytolib/include' -I'/usr/local/lib/R/site-library/RProtoBufLib/include'     -fpic  -g -O2 -ffile-prefix-map=/build/r-base-rgGXCp/r-base-4.5.0=. -fstack-protector-strong -Wformat -Werror=format-security -Wdate-time -D_FORTIFY_SOURCE=2   -c Logicle.cpp -o Logicle.o
g++ -std=gnu++17 -I"/usr/share/R/include" -DNDEBUG -DBOOST_NO_AUTO_PTR -w -Wfatal-errors -I'/usr/local/lib/R/site-library/cpp11/include' -I'/usr/local/lib/R/site-library/BH/include' -I'/usr/local/lib/R/site-library/cytolib/include' -I'/usr/local/lib/R/site-library/RProtoBufLib/include'     -fpic  -g -O2 -ffile-prefix-map=/build/r-base-rgGXCp/r-base-4.5.0=. -fstack-protector-strong -Wformat -Werror=format-security -Wdate-time -D_FORTIFY_SOURCE=2   -c biexponential.cpp -o biexponential.o
g++ -std=gnu++17 -I"/usr/share/R/include" -DNDEBUG -DBOOST_NO_AUTO_PTR -w -Wfatal-errors -I'/usr/local/lib/R/site-library/cpp11/include' -I'/usr/local/lib/R/site-library/BH/include' -I'/usr/local/lib/R/site-library/cytolib/include' -I'/usr/local/lib/R/site-library/RProtoBufLib/include'     -fpic  -g -O2 -ffile-prefix-map=/build/r-base-rgGXCp/r-base-4.5.0=. -fstack-protector-strong -Wformat -Werror=format-security -Wdate-time -D_FORTIFY_SOURCE=2   -c convertRawBytes.cpp -o convertRawBytes.o
g++ -std=gnu++17 -I"/usr/share/R/include" -DNDEBUG -DBOOST_NO_AUTO_PTR -w -Wfatal-errors -I'/usr/local/lib/R/site-library/cpp11/include' -I'/usr/local/lib/R/site-library/BH/include' -I'/usr/local/lib/R/site-library/cytolib/include' -I'/usr/local/lib/R/site-library/RProtoBufLib/include'     -fpic  -g -O2 -ffile-prefix-map=/build/r-base-rgGXCp/r-base-4.5.0=. -fstack-protector-strong -Wformat -Werror=format-security -Wdate-time -D_FORTIFY_SOURCE=2   -c cpp11.cpp -o cpp11.o
g++ -std=gnu++17 -I"/usr/share/R/include" -DNDEBUG -DBOOST_NO_AUTO_PTR -w -Wfatal-errors -I'/usr/local/lib/R/site-library/cpp11/include' -I'/usr/local/lib/R/site-library/BH/include' -I'/usr/local/lib/R/site-library/cytolib/include' -I'/usr/local/lib/R/site-library/RProtoBufLib/include'     -fpic  -g -O2 -ffile-prefix-map=/build/r-base-rgGXCp/r-base-4.5.0=. -fstack-protector-strong -Wformat -Werror=format-security -Wdate-time -D_FORTIFY_SOURCE=2   -c fcsTextParse.cpp -o fcsTextParse.o
g++ -std=gnu++17 -I"/usr/share/R/include" -DNDEBUG -DBOOST_NO_AUTO_PTR -w -Wfatal-errors -I'/usr/local/lib/R/site-library/cpp11/include' -I'/usr/local/lib/R/site-library/BH/include' -I'/usr/local/lib/R/site-library/cytolib/include' -I'/usr/local/lib/R/site-library/RProtoBufLib/include'     -fpic  -g -O2 -ffile-prefix-map=/build/r-base-rgGXCp/r-base-4.5.0=. -fstack-protector-strong -Wformat -Werror=format-security -Wdate-time -D_FORTIFY_SOURCE=2   -c hyperlogTransform.cpp -o hyperlogTransform.o
g++ -std=gnu++17 -I"/usr/share/R/include" -DNDEBUG -DBOOST_NO_AUTO_PTR -w -Wfatal-errors -I'/usr/local/lib/R/site-library/cpp11/include' -I'/usr/local/lib/R/site-library/BH/include' -I'/usr/local/lib/R/site-library/cytolib/include' -I'/usr/local/lib/R/site-library/RProtoBufLib/include'     -fpic  -g -O2 -ffile-prefix-map=/build/r-base-rgGXCp/r-base-4.5.0=. -fstack-protector-strong -Wformat -Werror=format-security -Wdate-time -D_FORTIFY_SOURCE=2   -c inPolygon.cpp -o inPolygon.o
g++ -std=gnu++17 -I"/usr/share/R/include" -DNDEBUG -DBOOST_NO_AUTO_PTR -w -Wfatal-errors -I'/usr/local/lib/R/site-library/cpp11/include' -I'/usr/local/lib/R/site-library/BH/include' -I'/usr/local/lib/R/site-library/cytolib/include' -I'/usr/local/lib/R/site-library/RProtoBufLib/include'     -fpic  -g -O2 -ffile-prefix-map=/build/r-base-rgGXCp/r-base-4.5.0=. -fstack-protector-strong -Wformat -Werror=format-security -Wdate-time -D_FORTIFY_SOURCE=2   -c inPolytope.cpp -o inPolytope.o
g++ -std=gnu++17 -I"/usr/share/R/include" -DNDEBUG -DBOOST_NO_AUTO_PTR -w -Wfatal-errors -I'/usr/local/lib/R/site-library/cpp11/include' -I'/usr/local/lib/R/site-library/BH/include' -I'/usr/local/lib/R/site-library/cytolib/include' -I'/usr/local/lib/R/site-library/RProtoBufLib/include'     -fpic  -g -O2 -ffile-prefix-map=/build/r-base-rgGXCp/r-base-4.5.0=. -fstack-protector-strong -Wformat -Werror=format-security -Wdate-time -D_FORTIFY_SOURCE=2   -c logicleTransform.cpp -o logicleTransform.o
g++ -std=gnu++17 -I"/usr/share/R/include" -DNDEBUG -DBOOST_NO_AUTO_PTR -w -Wfatal-errors -I'/usr/local/lib/R/site-library/cpp11/include' -I'/usr/local/lib/R/site-library/BH/include' -I'/usr/local/lib/R/site-library/cytolib/include' -I'/usr/local/lib/R/site-library/RProtoBufLib/include'     -fpic  -g -O2 -ffile-prefix-map=/build/r-base-rgGXCp/r-base-4.5.0=. -fstack-protector-strong -Wformat -Werror=format-security -Wdate-time -D_FORTIFY_SOURCE=2   -c poly_centroid.cpp -o poly_centroid.o
g++ -std=gnu++17 -I"/usr/share/R/include" -DNDEBUG -DBOOST_NO_AUTO_PTR -w -Wfatal-errors -I'/usr/local/lib/R/site-library/cpp11/include' -I'/usr/local/lib/R/site-library/BH/include' -I'/usr/local/lib/R/site-library/cytolib/include' -I'/usr/local/lib/R/site-library/RProtoBufLib/include'     -fpic  -g -O2 -ffile-prefix-map=/build/r-base-rgGXCp/r-base-4.5.0=. -fstack-protector-strong -Wformat -Werror=format-security -Wdate-time -D_FORTIFY_SOURCE=2   -c sortBytes.cpp -o sortBytes.o
g++ -std=gnu++17 -I"/usr/share/R/include" -DNDEBUG -DBOOST_NO_AUTO_PTR -w -Wfatal-errors -I'/usr/local/lib/R/site-library/cpp11/include' -I'/usr/local/lib/R/site-library/BH/include' -I'/usr/local/lib/R/site-library/cytolib/include' -I'/usr/local/lib/R/site-library/RProtoBufLib/include'     -fpic  -g -O2 -ffile-prefix-map=/build/r-base-rgGXCp/r-base-4.5.0=. -fstack-protector-strong -Wformat -Werror=format-security -Wdate-time -D_FORTIFY_SOURCE=2   -c uint2double.cpp -o uint2double.o
g++ -std=gnu++17 -I"/usr/share/R/include" -DNDEBUG -DBOOST_NO_AUTO_PTR -w -Wfatal-errors -I'/usr/local/lib/R/site-library/cpp11/include' -I'/usr/local/lib/R/site-library/BH/include' -I'/usr/local/lib/R/site-library/cytolib/include' -I'/usr/local/lib/R/site-library/RProtoBufLib/include'     -fpic  -g -O2 -ffile-prefix-map=/build/r-base-rgGXCp/r-base-4.5.0=. -fstack-protector-strong -Wformat -Werror=format-security -Wdate-time -D_FORTIFY_SOURCE=2   -c zeroin.cpp -o zeroin.o
g++ -std=gnu++17 -shared -L/usr/lib/R/lib -Wl,-Bsymbolic-functions -flto=auto -ffat-lto-objects -flto=auto -Wl,-z,relro -o flowCore.so FastLogicle.o Hyperlog.o Logicle.o biexponential.o convertRawBytes.o cpp11.o fcsTextParse.o hyperlogTransform.o inPolygon.o inPolytope.o logicleTransform.o poly_centroid.o sortBytes.o uint2double.o zeroin.o /usr/local/lib/R/site-library/cytolib/lib/libcytolib.a -L/usr/lib/R/lib -lR
if [ `uname -s` = 'Darwin' ]; then install_name_tool -change /usr/local/clang4/lib/libc++.1.dylib /usr/lib/libc++.1.dylib flowCore.so; fi
installing to /usr/local/lib/R/site-library/00LOCK-flowCore/00new/flowCore/libs
** R
** data
** inst
** byte-compile and prepare package for lazy loading
** help
*** installing help indices
** building package indices
** installing vignettes
** testing if installed package can be loaded from temporary location
** checking absolute paths in shared objects and dynamic libraries
** testing if installed package can be loaded from final location
** testing if installed package keeps a record of temporary installation path
* creating tarball
packaged installation of ‘flowCore’ as ‘flowCore_2.20.0_R_x86_64-pc-linux-gnu.tar.gz’
* DONE (flowCore)
* installing *source* package ‘PCAtools’ ...
** this is package ‘PCAtools’ version ‘2.20.0’
** using staged installation
** libs
using C++ compiler: ‘g++ (Ubuntu 11.4.0-1ubuntu1~22.04) 11.4.0’
using C++11
g++ -std=gnu++11 -I"/usr/share/R/include" -DNDEBUG  -I'/usr/local/lib/R/site-library/Rcpp/include' -I'/usr/local/lib/R/site-library/beachmat/include' -I'/usr/local/lib/R/site-library/BH/include' -I'/usr/local/lib/R/site-library/dqrng/include'     -fpic  -g -O2 -ffile-prefix-map=/build/r-base-rgGXCp/r-base-4.5.0=. -fstack-protector-strong -Wformat -Werror=format-security -Wdate-time -D_FORTIFY_SOURCE=2   -c RcppExports.cpp -o RcppExports.o
g++ -std=gnu++11 -I"/usr/share/R/include" -DNDEBUG  -I'/usr/local/lib/R/site-library/Rcpp/include' -I'/usr/local/lib/R/site-library/beachmat/include' -I'/usr/local/lib/R/site-library/BH/include' -I'/usr/local/lib/R/site-library/dqrng/include'     -fpic  -g -O2 -ffile-prefix-map=/build/r-base-rgGXCp/r-base-4.5.0=. -fstack-protector-strong -Wformat -Werror=format-security -Wdate-time -D_FORTIFY_SOURCE=2   -c shuffle_matrix.cpp -o shuffle_matrix.o
In file included from /usr/local/lib/R/site-library/BH/include/boost/concept/assert.hpp:35,
                 from /usr/local/lib/R/site-library/BH/include/boost/concept_check.hpp:20,
                 from /usr/local/lib/R/site-library/BH/include/boost/range/concepts.hpp:19,
                 from /usr/local/lib/R/site-library/BH/include/boost/range/size_type.hpp:20,
                 from /usr/local/lib/R/site-library/BH/include/boost/range/size.hpp:21,
                 from /usr/local/lib/R/site-library/BH/include/boost/random/hyperexponential_distribution.hpp:30,
                 from /usr/local/lib/R/site-library/BH/include/boost/random.hpp:71,
                 from shuffle_matrix.cpp:4:
/usr/local/lib/R/site-library/BH/include/boost/concept/detail/general.hpp: In instantiation of ‘static void boost::concepts::requirement<boost::concepts::failed************ Model::************>::failed() [with Model = boost::concepts::usage_requirements<boost::CopyConstructible<double*> >]’:
/usr/local/lib/R/site-library/BH/include/boost/concept_check.hpp:167:5:   required from ‘struct boost::CopyConstructible<double*>’
/usr/local/lib/R/site-library/BH/include/boost/range/concepts.hpp:125:16:   required from ‘struct boost::range_detail::IncrementableIteratorConcept<double*>’
/usr/local/lib/R/site-library/BH/include/boost/range/concepts.hpp:147:16:   required from ‘struct boost::range_detail::SinglePassIteratorConcept<double*>’
/usr/local/lib/R/site-library/BH/include/boost/concept/detail/has_constraints.hpp:32:62:   required by substitution of ‘template<class Model> boost::concepts::detail::yes boost::concepts::detail::has_constraints_(Model*, boost::concepts::detail::wrap_constraints<Model, (& Model::constraints)>*) [with Model = boost::range_detail::SinglePassIteratorConcept<double*>]’
/usr/local/lib/R/site-library/BH/include/boost/concept/detail/has_constraints.hpp:42:5:   required from ‘const bool boost::concepts::not_satisfied<boost::range_detail::SinglePassIteratorConcept<double*> >::value’
/usr/local/lib/R/site-library/BH/include/boost/concept/detail/has_constraints.hpp:45:51:   [ skipping 6 instantiation contexts, use -ftemplate-backtrace-limit=0 to disable ]
/usr/local/lib/R/site-library/BH/include/boost/concept/detail/has_constraints.hpp:32:62:   required by substitution of ‘template<class Model> boost::concepts::detail::yes boost::concepts::detail::has_constraints_(Model*, boost::concepts::detail::wrap_constraints<Model, (& Model::constraints)>*) [with Model = boost::RandomAccessRangeConcept<Rcpp::Vector<14, Rcpp::PreserveStorage> >]’
/usr/local/lib/R/site-library/BH/include/boost/concept/detail/has_constraints.hpp:42:5:   required from ‘const bool boost::concepts::not_satisfied<boost::RandomAccessRangeConcept<Rcpp::Vector<14, Rcpp::PreserveStorage> > >::value’
/usr/local/lib/R/site-library/BH/include/boost/concept/detail/has_constraints.hpp:45:51:   required from ‘struct boost::concepts::not_satisfied<boost::RandomAccessRangeConcept<Rcpp::Vector<14, Rcpp::PreserveStorage> > >’
/usr/local/lib/R/site-library/BH/include/boost/concept/detail/general.hpp:72:8:   required from ‘struct boost::concepts::requirement_<void (*)(boost::RandomAccessRangeConcept<Rcpp::Vector<14, Rcpp::PreserveStorage> >)>’
/usr/local/lib/R/site-library/BH/include/boost/range/algorithm/nth_element.hpp:33:5:   required from ‘RandomAccessRange& boost::range::random_shuffle(RandomAccessRange&, Generator&) [with RandomAccessRange = Rcpp::Vector<14, Rcpp::PreserveStorage>; Generator = pcg_detail::engine<unsigned int, long unsigned int, pcg_detail::xsh_rr_mixin<unsigned int, long unsigned int>, true, pcg_detail::specific_stream<long unsigned int>, pcg_detail::default_multiplier<long unsigned int> >]’
shuffle_matrix.cpp:19:37:   required from here
/usr/local/lib/R/site-library/BH/include/boost/concept/detail/general.hpp:50:47: warning: ‘this’ pointer is null [-Wnonnull]
   50 |     static void failed() { ((Model*)0)->~Model(); }
      |                            ~~~~~~~~~~~~~~~~~~~^~
In file included from /usr/local/lib/R/site-library/BH/include/boost/concept_check.hpp:31,
                 from /usr/local/lib/R/site-library/BH/include/boost/range/concepts.hpp:19,
                 from /usr/local/lib/R/site-library/BH/include/boost/range/size_type.hpp:20,
                 from /usr/local/lib/R/site-library/BH/include/boost/range/size.hpp:21,
                 from /usr/local/lib/R/site-library/BH/include/boost/random/hyperexponential_distribution.hpp:30,
                 from /usr/local/lib/R/site-library/BH/include/boost/random.hpp:71,
                 from shuffle_matrix.cpp:4:
/usr/local/lib/R/site-library/BH/include/boost/concept/usage.hpp:20:5: note: in a call to non-static member function ‘boost::concepts::usage_requirements<Model>::~usage_requirements() [with Model = boost::CopyConstructible<double*>]’
   20 |     ~usage_requirements() { ((Model*)0)->~Model(); }
      |     ^
In file included from /usr/local/lib/R/site-library/BH/include/boost/concept/assert.hpp:35,
                 from /usr/local/lib/R/site-library/BH/include/boost/concept_check.hpp:20,
                 from /usr/local/lib/R/site-library/BH/include/boost/range/concepts.hpp:19,
                 from /usr/local/lib/R/site-library/BH/include/boost/range/size_type.hpp:20,
                 from /usr/local/lib/R/site-library/BH/include/boost/range/size.hpp:21,
                 from /usr/local/lib/R/site-library/BH/include/boost/random/hyperexponential_distribution.hpp:30,
                 from /usr/local/lib/R/site-library/BH/include/boost/random.hpp:71,
                 from shuffle_matrix.cpp:4:
/usr/local/lib/R/site-library/BH/include/boost/concept/detail/general.hpp: In instantiation of ‘static void boost::concepts::requirement<boost::concepts::failed************ Model::************>::failed() [with Model = boost::concepts::usage_requirements<boost::Convertible<boost::iterators::random_access_traversal_tag, boost::iterators::incrementable_traversal_tag> >]’:
/usr/local/lib/R/site-library/BH/include/boost/concept_check.hpp:208:5:   required from ‘struct boost::Convertible<boost::iterators::random_access_traversal_tag, boost::iterators::incrementable_traversal_tag>’
/usr/local/lib/R/site-library/BH/include/boost/concept/detail/has_constraints.hpp:32:62:   required by substitution of ‘template<class Model> boost::concepts::detail::yes boost::concepts::detail::has_constraints_(Model*, boost::concepts::detail::wrap_constraints<Model, (& Model::constraints)>*) [with Model = boost::Convertible<boost::iterators::random_access_traversal_tag, boost::iterators::incrementable_traversal_tag>]’
/usr/local/lib/R/site-library/BH/include/boost/concept/detail/has_constraints.hpp:42:5:   required from ‘const bool boost::concepts::not_satisfied<boost::Convertible<boost::iterators::random_access_traversal_tag, boost::iterators::incrementable_traversal_tag> >::value’
/usr/local/lib/R/site-library/BH/include/boost/concept/detail/has_constraints.hpp:45:51:   required from ‘struct boost::concepts::not_satisfied<boost::Convertible<boost::iterators::random_access_traversal_tag, boost::iterators::incrementable_traversal_tag> >’
/usr/local/lib/R/site-library/BH/include/boost/concept/detail/general.hpp:72:8:   required from ‘struct boost::concepts::requirement_<void (*)(boost::Convertible<boost::iterators::random_access_traversal_tag, boost::iterators::incrementable_traversal_tag>)>’
/usr/local/lib/R/site-library/BH/include/boost/iterator/iterator_concepts.hpp:114:7:   [ skipping 10 instantiation contexts, use -ftemplate-backtrace-limit=0 to disable ]
/usr/local/lib/R/site-library/BH/include/boost/concept/detail/has_constraints.hpp:32:62:   required by substitution of ‘template<class Model> boost::concepts::detail::yes boost::concepts::detail::has_constraints_(Model*, boost::concepts::detail::wrap_constraints<Model, (& Model::constraints)>*) [with Model = boost::RandomAccessRangeConcept<Rcpp::Vector<14, Rcpp::PreserveStorage> >]’
/usr/local/lib/R/site-library/BH/include/boost/concept/detail/has_constraints.hpp:42:5:   required from ‘const bool boost::concepts::not_satisfied<boost::RandomAccessRangeConcept<Rcpp::Vector<14, Rcpp::PreserveStorage> > >::value’
/usr/local/lib/R/site-library/BH/include/boost/concept/detail/has_constraints.hpp:45:51:   required from ‘struct boost::concepts::not_satisfied<boost::RandomAccessRangeConcept<Rcpp::Vector<14, Rcpp::PreserveStorage> > >’
/usr/local/lib/R/site-library/BH/include/boost/concept/detail/general.hpp:72:8:   required from ‘struct boost::concepts::requirement_<void (*)(boost::RandomAccessRangeConcept<Rcpp::Vector<14, Rcpp::PreserveStorage> >)>’
/usr/local/lib/R/site-library/BH/include/boost/range/algorithm/nth_element.hpp:33:5:   required from ‘RandomAccessRange& boost::range::random_shuffle(RandomAccessRange&, Generator&) [with RandomAccessRange = Rcpp::Vector<14, Rcpp::PreserveStorage>; Generator = pcg_detail::engine<unsigned int, long unsigned int, pcg_detail::xsh_rr_mixin<unsigned int, long unsigned int>, true, pcg_detail::specific_stream<long unsigned int>, pcg_detail::default_multiplier<long unsigned int> >]’
shuffle_matrix.cpp:19:37:   required from here
/usr/local/lib/R/site-library/BH/include/boost/concept/detail/general.hpp:50:47: warning: ‘this’ pointer is null [-Wnonnull]
   50 |     static void failed() { ((Model*)0)->~Model(); }
      |                            ~~~~~~~~~~~~~~~~~~~^~
In file included from /usr/local/lib/R/site-library/BH/include/boost/concept_check.hpp:31,
                 from /usr/local/lib/R/site-library/BH/include/boost/range/concepts.hpp:19,
                 from /usr/local/lib/R/site-library/BH/include/boost/range/size_type.hpp:20,
                 from /usr/local/lib/R/site-library/BH/include/boost/range/size.hpp:21,
                 from /usr/local/lib/R/site-library/BH/include/boost/random/hyperexponential_distribution.hpp:30,
                 from /usr/local/lib/R/site-library/BH/include/boost/random.hpp:71,
                 from shuffle_matrix.cpp:4:
/usr/local/lib/R/site-library/BH/include/boost/concept/usage.hpp:20:5: note: in a call to non-static member function ‘boost::concepts::usage_requirements<Model>::~usage_requirements() [with Model = boost::Convertible<boost::iterators::random_access_traversal_tag, boost::iterators::incrementable_traversal_tag>]’
   20 |     ~usage_requirements() { ((Model*)0)->~Model(); }
      |     ^
In file included from /usr/local/lib/R/site-library/BH/include/boost/concept/assert.hpp:35,
                 from /usr/local/lib/R/site-library/BH/include/boost/concept_check.hpp:20,
                 from /usr/local/lib/R/site-library/BH/include/boost/range/concepts.hpp:19,
                 from /usr/local/lib/R/site-library/BH/include/boost/range/size_type.hpp:20,
                 from /usr/local/lib/R/site-library/BH/include/boost/range/size.hpp:21,
                 from /usr/local/lib/R/site-library/BH/include/boost/random/hyperexponential_distribution.hpp:30,
                 from /usr/local/lib/R/site-library/BH/include/boost/random.hpp:71,
                 from shuffle_matrix.cpp:4:
/usr/local/lib/R/site-library/BH/include/boost/concept/detail/general.hpp: In instantiation of ‘static void boost::concepts::requirement<boost::concepts::failed************ Model::************>::failed() [with Model = boost::Convertible<boost::iterators::random_access_traversal_tag, boost::iterators::incrementable_traversal_tag>]’:
/usr/local/lib/R/site-library/BH/include/boost/iterator/iterator_concepts.hpp:114:7:   required from ‘struct boost::range_detail::IncrementableIteratorConcept<double*>’
/usr/local/lib/R/site-library/BH/include/boost/range/concepts.hpp:147:16:   required from ‘struct boost::range_detail::SinglePassIteratorConcept<double*>’
/usr/local/lib/R/site-library/BH/include/boost/concept/detail/has_constraints.hpp:32:62:   required by substitution of ‘template<class Model> boost::concepts::detail::yes boost::concepts::detail::has_constraints_(Model*, boost::concepts::detail::wrap_constraints<Model, (& Model::constraints)>*) [with Model = boost::range_detail::SinglePassIteratorConcept<double*>]’
/usr/local/lib/R/site-library/BH/include/boost/concept/detail/has_constraints.hpp:42:5:   required from ‘const bool boost::concepts::not_satisfied<boost::range_detail::SinglePassIteratorConcept<double*> >::value’
/usr/local/lib/R/site-library/BH/include/boost/concept/detail/has_constraints.hpp:45:51:   required from ‘struct boost::concepts::not_satisfied<boost::range_detail::SinglePassIteratorConcept<double*> >’
/usr/local/lib/R/site-library/BH/include/boost/concept/detail/general.hpp:72:8:   [ skipping 5 instantiation contexts, use -ftemplate-backtrace-limit=0 to disable ]
/usr/local/lib/R/site-library/BH/include/boost/concept/detail/has_constraints.hpp:32:62:   required by substitution of ‘template<class Model> boost::concepts::detail::yes boost::concepts::detail::has_constraints_(Model*, boost::concepts::detail::wrap_constraints<Model, (& Model::constraints)>*) [with Model = boost::RandomAccessRangeConcept<Rcpp::Vector<14, Rcpp::PreserveStorage> >]’
/usr/local/lib/R/site-library/BH/include/boost/concept/detail/has_constraints.hpp:42:5:   required from ‘const bool boost::concepts::not_satisfied<boost::RandomAccessRangeConcept<Rcpp::Vector<14, Rcpp::PreserveStorage> > >::value’
/usr/local/lib/R/site-library/BH/include/boost/concept/detail/has_constraints.hpp:45:51:   required from ‘struct boost::concepts::not_satisfied<boost::RandomAccessRangeConcept<Rcpp::Vector<14, Rcpp::PreserveStorage> > >’
/usr/local/lib/R/site-library/BH/include/boost/concept/detail/general.hpp:72:8:   required from ‘struct boost::concepts::requirement_<void (*)(boost::RandomAccessRangeConcept<Rcpp::Vector<14, Rcpp::PreserveStorage> >)>’
/usr/local/lib/R/site-library/BH/include/boost/range/algorithm/nth_element.hpp:33:5:   required from ‘RandomAccessRange& boost::range::random_shuffle(RandomAccessRange&, Generator&) [with RandomAccessRange = Rcpp::Vector<14, Rcpp::PreserveStorage>; Generator = pcg_detail::engine<unsigned int, long unsigned int, pcg_detail::xsh_rr_mixin<unsigned int, long unsigned int>, true, pcg_detail::specific_stream<long unsigned int>, pcg_detail::default_multiplier<long unsigned int> >]’
shuffle_matrix.cpp:19:37:   required from here
/usr/local/lib/R/site-library/BH/include/boost/concept/detail/general.hpp:50:47: warning: ‘this’ pointer is null [-Wnonnull]
   50 |     static void failed() { ((Model*)0)->~Model(); }
      |                            ~~~~~~~~~~~~~~~~~~~^~
In file included from /usr/local/lib/R/site-library/BH/include/boost/concept_check.hpp:31,
                 from /usr/local/lib/R/site-library/BH/include/boost/range/concepts.hpp:19,
                 from /usr/local/lib/R/site-library/BH/include/boost/range/size_type.hpp:20,
                 from /usr/local/lib/R/site-library/BH/include/boost/range/size.hpp:21,
                 from /usr/local/lib/R/site-library/BH/include/boost/random/hyperexponential_distribution.hpp:30,
                 from /usr/local/lib/R/site-library/BH/include/boost/random.hpp:71,
                 from shuffle_matrix.cpp:4:
/usr/local/lib/R/site-library/BH/include/boost/concept/usage.hpp:37:7: note: in a call to non-static member function ‘boost::Convertible<X, Y>::~Convertible() [with X = boost::iterators::random_access_traversal_tag; Y = boost::iterators::incrementable_traversal_tag]’
   37 |       ~model()
      |       ^
/usr/local/lib/R/site-library/BH/include/boost/concept_check.hpp:208:5: note: in expansion of macro ‘BOOST_CONCEPT_USAGE’
  208 |     BOOST_CONCEPT_USAGE(Convertible) {
      |     ^~~~~~~~~~~~~~~~~~~
In file included from /usr/local/lib/R/site-library/BH/include/boost/concept/assert.hpp:35,
                 from /usr/local/lib/R/site-library/BH/include/boost/concept_check.hpp:20,
                 from /usr/local/lib/R/site-library/BH/include/boost/range/concepts.hpp:19,
                 from /usr/local/lib/R/site-library/BH/include/boost/range/size_type.hpp:20,
                 from /usr/local/lib/R/site-library/BH/include/boost/range/size.hpp:21,
                 from /usr/local/lib/R/site-library/BH/include/boost/random/hyperexponential_distribution.hpp:30,
                 from /usr/local/lib/R/site-library/BH/include/boost/random.hpp:71,
                 from shuffle_matrix.cpp:4:
/usr/local/lib/R/site-library/BH/include/boost/concept/detail/general.hpp: In instantiation of ‘static void boost::concepts::requirement<boost::concepts::failed************ Model::************>::failed() [with Model = boost::concepts::usage_requirements<boost::range_detail::IncrementableIteratorConcept<double*> >]’:
/usr/local/lib/R/site-library/BH/include/boost/range/concepts.hpp:136:13:   required from ‘struct boost::range_detail::IncrementableIteratorConcept<double*>’
/usr/local/lib/R/site-library/BH/include/boost/range/concepts.hpp:147:16:   required from ‘struct boost::range_detail::SinglePassIteratorConcept<double*>’
/usr/local/lib/R/site-library/BH/include/boost/concept/detail/has_constraints.hpp:32:62:   required by substitution of ‘template<class Model> boost::concepts::detail::yes boost::concepts::detail::has_constraints_(Model*, boost::concepts::detail::wrap_constraints<Model, (& Model::constraints)>*) [with Model = boost::range_detail::SinglePassIteratorConcept<double*>]’
/usr/local/lib/R/site-library/BH/include/boost/concept/detail/has_constraints.hpp:42:5:   required from ‘const bool boost::concepts::not_satisfied<boost::range_detail::SinglePassIteratorConcept<double*> >::value’
/usr/local/lib/R/site-library/BH/include/boost/concept/detail/has_constraints.hpp:45:51:   required from ‘struct boost::concepts::not_satisfied<boost::range_detail::SinglePassIteratorConcept<double*> >’
/usr/local/lib/R/site-library/BH/include/boost/concept/detail/general.hpp:72:8:   [ skipping 5 instantiation contexts, use -ftemplate-backtrace-limit=0 to disable ]
/usr/local/lib/R/site-library/BH/include/boost/concept/detail/has_constraints.hpp:32:62:   required by substitution of ‘template<class Model> boost::concepts::detail::yes boost::concepts::detail::has_constraints_(Model*, boost::concepts::detail::wrap_constraints<Model, (& Model::constraints)>*) [with Model = boost::RandomAccessRangeConcept<Rcpp::Vector<14, Rcpp::PreserveStorage> >]’
/usr/local/lib/R/site-library/BH/include/boost/concept/detail/has_constraints.hpp:42:5:   required from ‘const bool boost::concepts::not_satisfied<boost::RandomAccessRangeConcept<Rcpp::Vector<14, Rcpp::PreserveStorage> > >::value’
/usr/local/lib/R/site-library/BH/include/boost/concept/detail/has_constraints.hpp:45:51:   required from ‘struct boost::concepts::not_satisfied<boost::RandomAccessRangeConcept<Rcpp::Vector<14, Rcpp::PreserveStorage> > >’
/usr/local/lib/R/site-library/BH/include/boost/concept/detail/general.hpp:72:8:   required from ‘struct boost::concepts::requirement_<void (*)(boost::RandomAccessRangeConcept<Rcpp::Vector<14, Rcpp::PreserveStorage> >)>’
/usr/local/lib/R/site-library/BH/include/boost/range/algorithm/nth_element.hpp:33:5:   required from ‘RandomAccessRange& boost::range::random_shuffle(RandomAccessRange&, Generator&) [with RandomAccessRange = Rcpp::Vector<14, Rcpp::PreserveStorage>; Generator = pcg_detail::engine<unsigned int, long unsigned int, pcg_detail::xsh_rr_mixin<unsigned int, long unsigned int>, true, pcg_detail::specific_stream<long unsigned int>, pcg_detail::default_multiplier<long unsigned int> >]’
shuffle_matrix.cpp:19:37:   required from here
/usr/local/lib/R/site-library/BH/include/boost/concept/detail/general.hpp:50:47: warning: ‘this’ pointer is null [-Wnonnull]
   50 |     static void failed() { ((Model*)0)->~Model(); }
      |                            ~~~~~~~~~~~~~~~~~~~^~
In file included from /usr/local/lib/R/site-library/BH/include/boost/concept_check.hpp:31,
                 from /usr/local/lib/R/site-library/BH/include/boost/range/concepts.hpp:19,
                 from /usr/local/lib/R/site-library/BH/include/boost/range/size_type.hpp:20,
                 from /usr/local/lib/R/site-library/BH/include/boost/range/size.hpp:21,
                 from /usr/local/lib/R/site-library/BH/include/boost/random/hyperexponential_distribution.hpp:30,
                 from /usr/local/lib/R/site-library/BH/include/boost/random.hpp:71,
                 from shuffle_matrix.cpp:4:
/usr/local/lib/R/site-library/BH/include/boost/concept/usage.hpp:20:5: note: in a call to non-static member function ‘boost::concepts::usage_requirements<Model>::~usage_requirements() [with Model = boost::range_detail::IncrementableIteratorConcept<double*>]’
   20 |     ~usage_requirements() { ((Model*)0)->~Model(); }
      |     ^
In file included from /usr/local/lib/R/site-library/BH/include/boost/concept/assert.hpp:35,
                 from /usr/local/lib/R/site-library/BH/include/boost/concept_check.hpp:20,
                 from /usr/local/lib/R/site-library/BH/include/boost/range/concepts.hpp:19,
                 from /usr/local/lib/R/site-library/BH/include/boost/range/size_type.hpp:20,
                 from /usr/local/lib/R/site-library/BH/include/boost/range/size.hpp:21,
                 from /usr/local/lib/R/site-library/BH/include/boost/random/hyperexponential_distribution.hpp:30,
                 from /usr/local/lib/R/site-library/BH/include/boost/random.hpp:71,
                 from shuffle_matrix.cpp:4:
/usr/local/lib/R/site-library/BH/include/boost/concept/detail/general.hpp: In instantiation of ‘static void boost::concepts::requirement<boost::concepts::failed************ Model::************>::failed() [with Model = boost::concepts::usage_requirements<boost::EqualityComparable<double*> >]’:
/usr/local/lib/R/site-library/BH/include/boost/concept_check.hpp:233:5:   required from ‘struct boost::EqualityComparable<double*>’
/usr/local/lib/R/site-library/BH/include/boost/range/concepts.hpp:147:16:   required from ‘struct boost::range_detail::SinglePassIteratorConcept<double*>’
/usr/local/lib/R/site-library/BH/include/boost/concept/detail/has_constraints.hpp:32:62:   required by substitution of ‘template<class Model> boost::concepts::detail::yes boost::concepts::detail::has_constraints_(Model*, boost::concepts::detail::wrap_constraints<Model, (& Model::constraints)>*) [with Model = boost::range_detail::SinglePassIteratorConcept<double*>]’
/usr/local/lib/R/site-library/BH/include/boost/concept/detail/has_constraints.hpp:42:5:   required from ‘const bool boost::concepts::not_satisfied<boost::range_detail::SinglePassIteratorConcept<double*> >::value’
/usr/local/lib/R/site-library/BH/include/boost/concept/detail/has_constraints.hpp:45:51:   required from ‘struct boost::concepts::not_satisfied<boost::range_detail::SinglePassIteratorConcept<double*> >’
/usr/local/lib/R/site-library/BH/include/boost/concept/detail/general.hpp:72:8:   [ skipping 5 instantiation contexts, use -ftemplate-backtrace-limit=0 to disable ]
/usr/local/lib/R/site-library/BH/include/boost/concept/detail/has_constraints.hpp:32:62:   required by substitution of ‘template<class Model> boost::concepts::detail::yes boost::concepts::detail::has_constraints_(Model*, boost::concepts::detail::wrap_constraints<Model, (& Model::constraints)>*) [with Model = boost::RandomAccessRangeConcept<Rcpp::Vector<14, Rcpp::PreserveStorage> >]’
/usr/local/lib/R/site-library/BH/include/boost/concept/detail/has_constraints.hpp:42:5:   required from ‘const bool boost::concepts::not_satisfied<boost::RandomAccessRangeConcept<Rcpp::Vector<14, Rcpp::PreserveStorage> > >::value’
/usr/local/lib/R/site-library/BH/include/boost/concept/detail/has_constraints.hpp:45:51:   required from ‘struct boost::concepts::not_satisfied<boost::RandomAccessRangeConcept<Rcpp::Vector<14, Rcpp::PreserveStorage> > >’
/usr/local/lib/R/site-library/BH/include/boost/concept/detail/general.hpp:72:8:   required from ‘struct boost::concepts::requirement_<void (*)(boost::RandomAccessRangeConcept<Rcpp::Vector<14, Rcpp::PreserveStorage> >)>’
/usr/local/lib/R/site-library/BH/include/boost/range/algorithm/nth_element.hpp:33:5:   required from ‘RandomAccessRange& boost::range::random_shuffle(RandomAccessRange&, Generator&) [with RandomAccessRange = Rcpp::Vector<14, Rcpp::PreserveStorage>; Generator = pcg_detail::engine<unsigned int, long unsigned int, pcg_detail::xsh_rr_mixin<unsigned int, long unsigned int>, true, pcg_detail::specific_stream<long unsigned int>, pcg_detail::default_multiplier<long unsigned int> >]’
shuffle_matrix.cpp:19:37:   required from here
/usr/local/lib/R/site-library/BH/include/boost/concept/detail/general.hpp:50:47: warning: ‘this’ pointer is null [-Wnonnull]
   50 |     static void failed() { ((Model*)0)->~Model(); }
      |                            ~~~~~~~~~~~~~~~~~~~^~
In file included from /usr/local/lib/R/site-library/BH/include/boost/concept_check.hpp:31,
                 from /usr/local/lib/R/site-library/BH/include/boost/range/concepts.hpp:19,
                 from /usr/local/lib/R/site-library/BH/include/boost/range/size_type.hpp:20,
                 from /usr/local/lib/R/site-library/BH/include/boost/range/size.hpp:21,
                 from /usr/local/lib/R/site-library/BH/include/boost/random/hyperexponential_distribution.hpp:30,
                 from /usr/local/lib/R/site-library/BH/include/boost/random.hpp:71,
                 from shuffle_matrix.cpp:4:
/usr/local/lib/R/site-library/BH/include/boost/concept/usage.hpp:20:5: note: in a call to non-static member function ‘boost::concepts::usage_requirements<Model>::~usage_requirements() [with Model = boost::EqualityComparable<double*>]’
   20 |     ~usage_requirements() { ((Model*)0)->~Model(); }
      |     ^
In file included from /usr/local/lib/R/site-library/BH/include/boost/concept/assert.hpp:35,
                 from /usr/local/lib/R/site-library/BH/include/boost/concept_check.hpp:20,
                 from /usr/local/lib/R/site-library/BH/include/boost/range/concepts.hpp:19,
                 from /usr/local/lib/R/site-library/BH/include/boost/range/size_type.hpp:20,
                 from /usr/local/lib/R/site-library/BH/include/boost/range/size.hpp:21,
                 from /usr/local/lib/R/site-library/BH/include/boost/random/hyperexponential_distribution.hpp:30,
                 from /usr/local/lib/R/site-library/BH/include/boost/random.hpp:71,
                 from shuffle_matrix.cpp:4:
/usr/local/lib/R/site-library/BH/include/boost/concept/detail/general.hpp: In instantiation of ‘static void boost::concepts::requirement<boost::concepts::failed************ Model::************>::failed() [with Model = boost::concepts::usage_requirements<boost::Convertible<boost::iterators::random_access_traversal_tag, boost::iterators::single_pass_traversal_tag> >]’:
/usr/local/lib/R/site-library/BH/include/boost/concept_check.hpp:208:5:   required from ‘struct boost::Convertible<boost::iterators::random_access_traversal_tag, boost::iterators::single_pass_traversal_tag>’
/usr/local/lib/R/site-library/BH/include/boost/concept/detail/has_constraints.hpp:32:62:   required by substitution of ‘template<class Model> boost::concepts::detail::yes boost::concepts::detail::has_constraints_(Model*, boost::concepts::detail::wrap_constraints<Model, (& Model::constraints)>*) [with Model = boost::Convertible<boost::iterators::random_access_traversal_tag, boost::iterators::single_pass_traversal_tag>]’
/usr/local/lib/R/site-library/BH/include/boost/concept/detail/has_constraints.hpp:42:5:   required from ‘const bool boost::concepts::not_satisfied<boost::Convertible<boost::iterators::random_access_traversal_tag, boost::iterators::single_pass_traversal_tag> >::value’
/usr/local/lib/R/site-library/BH/include/boost/concept/detail/has_constraints.hpp:45:51:   required from ‘struct boost::concepts::not_satisfied<boost::Convertible<boost::iterators::random_access_traversal_tag, boost::iterators::single_pass_traversal_tag> >’
/usr/local/lib/R/site-library/BH/include/boost/concept/detail/general.hpp:72:8:   required from ‘struct boost::concepts::requirement_<void (*)(boost::Convertible<boost::iterators::random_access_traversal_tag, boost::iterators::single_pass_traversal_tag>)>’
/usr/local/lib/R/site-library/BH/include/boost/range/concepts.hpp:152:13:   [ skipping 9 instantiation contexts, use -ftemplate-backtrace-limit=0 to disable ]
/usr/local/lib/R/site-library/BH/include/boost/concept/detail/has_constraints.hpp:32:62:   required by substitution of ‘template<class Model> boost::concepts::detail::yes boost::concepts::detail::has_constraints_(Model*, boost::concepts::detail::wrap_constraints<Model, (& Model::constraints)>*) [with Model = boost::RandomAccessRangeConcept<Rcpp::Vector<14, Rcpp::PreserveStorage> >]’
/usr/local/lib/R/site-library/BH/include/boost/concept/detail/has_constraints.hpp:42:5:   required from ‘const bool boost::concepts::not_satisfied<boost::RandomAccessRangeConcept<Rcpp::Vector<14, Rcpp::PreserveStorage> > >::value’
/usr/local/lib/R/site-library/BH/include/boost/concept/detail/has_constraints.hpp:45:51:   required from ‘struct boost::concepts::not_satisfied<boost::RandomAccessRangeConcept<Rcpp::Vector<14, Rcpp::PreserveStorage> > >’
/usr/local/lib/R/site-library/BH/include/boost/concept/detail/general.hpp:72:8:   required from ‘struct boost::concepts::requirement_<void (*)(boost::RandomAccessRangeConcept<Rcpp::Vector<14, Rcpp::PreserveStorage> >)>’
/usr/local/lib/R/site-library/BH/include/boost/range/algorithm/nth_element.hpp:33:5:   required from ‘RandomAccessRange& boost::range::random_shuffle(RandomAccessRange&, Generator&) [with RandomAccessRange = Rcpp::Vector<14, Rcpp::PreserveStorage>; Generator = pcg_detail::engine<unsigned int, long unsigned int, pcg_detail::xsh_rr_mixin<unsigned int, long unsigned int>, true, pcg_detail::specific_stream<long unsigned int>, pcg_detail::default_multiplier<long unsigned int> >]’
shuffle_matrix.cpp:19:37:   required from here
/usr/local/lib/R/site-library/BH/include/boost/concept/detail/general.hpp:50:47: warning: ‘this’ pointer is null [-Wnonnull]
   50 |     static void failed() { ((Model*)0)->~Model(); }
      |                            ~~~~~~~~~~~~~~~~~~~^~
In file included from /usr/local/lib/R/site-library/BH/include/boost/concept_check.hpp:31,
                 from /usr/local/lib/R/site-library/BH/include/boost/range/concepts.hpp:19,
                 from /usr/local/lib/R/site-library/BH/include/boost/range/size_type.hpp:20,
                 from /usr/local/lib/R/site-library/BH/include/boost/range/size.hpp:21,
                 from /usr/local/lib/R/site-library/BH/include/boost/random/hyperexponential_distribution.hpp:30,
                 from /usr/local/lib/R/site-library/BH/include/boost/random.hpp:71,
                 from shuffle_matrix.cpp:4:
/usr/local/lib/R/site-library/BH/include/boost/concept/usage.hpp:20:5: note: in a call to non-static member function ‘boost::concepts::usage_requirements<Model>::~usage_requirements() [with Model = boost::Convertible<boost::iterators::random_access_traversal_tag, boost::iterators::single_pass_traversal_tag>]’
   20 |     ~usage_requirements() { ((Model*)0)->~Model(); }
      |     ^
In file included from /usr/local/lib/R/site-library/BH/include/boost/concept/assert.hpp:35,
                 from /usr/local/lib/R/site-library/BH/include/boost/concept_check.hpp:20,
                 from /usr/local/lib/R/site-library/BH/include/boost/range/concepts.hpp:19,
                 from /usr/local/lib/R/site-library/BH/include/boost/range/size_type.hpp:20,
                 from /usr/local/lib/R/site-library/BH/include/boost/range/size.hpp:21,
                 from /usr/local/lib/R/site-library/BH/include/boost/random/hyperexponential_distribution.hpp:30,
                 from /usr/local/lib/R/site-library/BH/include/boost/random.hpp:71,
                 from shuffle_matrix.cpp:4:
/usr/local/lib/R/site-library/BH/include/boost/concept/detail/general.hpp: In instantiation of ‘static void boost::concepts::requirement<boost::concepts::failed************ Model::************>::failed() [with Model = boost::Convertible<boost::iterators::random_access_traversal_tag, boost::iterators::single_pass_traversal_tag>]’:
/usr/local/lib/R/site-library/BH/include/boost/range/concepts.hpp:152:13:   required from ‘struct boost::range_detail::SinglePassIteratorConcept<double*>’
/usr/local/lib/R/site-library/BH/include/boost/concept/detail/has_constraints.hpp:32:62:   required by substitution of ‘template<class Model> boost::concepts::detail::yes boost::concepts::detail::has_constraints_(Model*, boost::concepts::detail::wrap_constraints<Model, (& Model::constraints)>*) [with Model = boost::range_detail::SinglePassIteratorConcept<double*>]’
/usr/local/lib/R/site-library/BH/include/boost/concept/detail/has_constraints.hpp:42:5:   required from ‘const bool boost::concepts::not_satisfied<boost::range_detail::SinglePassIteratorConcept<double*> >::value’
/usr/local/lib/R/site-library/BH/include/boost/concept/detail/has_constraints.hpp:45:51:   required from ‘struct boost::concepts::not_satisfied<boost::range_detail::SinglePassIteratorConcept<double*> >’
/usr/local/lib/R/site-library/BH/include/boost/concept/detail/general.hpp:72:8:   required from ‘struct boost::concepts::requirement_<void (*)(boost::range_detail::SinglePassIteratorConcept<double*>)>’
/usr/local/lib/R/site-library/BH/include/boost/range/concepts.hpp:278:9:   [ skipping 4 instantiation contexts, use -ftemplate-backtrace-limit=0 to disable ]
/usr/local/lib/R/site-library/BH/include/boost/concept/detail/has_constraints.hpp:32:62:   required by substitution of ‘template<class Model> boost::concepts::detail::yes boost::concepts::detail::has_constraints_(Model*, boost::concepts::detail::wrap_constraints<Model, (& Model::constraints)>*) [with Model = boost::RandomAccessRangeConcept<Rcpp::Vector<14, Rcpp::PreserveStorage> >]’
/usr/local/lib/R/site-library/BH/include/boost/concept/detail/has_constraints.hpp:42:5:   required from ‘const bool boost::concepts::not_satisfied<boost::RandomAccessRangeConcept<Rcpp::Vector<14, Rcpp::PreserveStorage> > >::value’
/usr/local/lib/R/site-library/BH/include/boost/concept/detail/has_constraints.hpp:45:51:   required from ‘struct boost::concepts::not_satisfied<boost::RandomAccessRangeConcept<Rcpp::Vector<14, Rcpp::PreserveStorage> > >’
/usr/local/lib/R/site-library/BH/include/boost/concept/detail/general.hpp:72:8:   required from ‘struct boost::concepts::requirement_<void (*)(boost::RandomAccessRangeConcept<Rcpp::Vector<14, Rcpp::PreserveStorage> >)>’
/usr/local/lib/R/site-library/BH/include/boost/range/algorithm/nth_element.hpp:33:5:   required from ‘RandomAccessRange& boost::range::random_shuffle(RandomAccessRange&, Generator&) [with RandomAccessRange = Rcpp::Vector<14, Rcpp::PreserveStorage>; Generator = pcg_detail::engine<unsigned int, long unsigned int, pcg_detail::xsh_rr_mixin<unsigned int, long unsigned int>, true, pcg_detail::specific_stream<long unsigned int>, pcg_detail::default_multiplier<long unsigned int> >]’
shuffle_matrix.cpp:19:37:   required from here
/usr/local/lib/R/site-library/BH/include/boost/concept/detail/general.hpp:50:47: warning: ‘this’ pointer is null [-Wnonnull]
   50 |     static void failed() { ((Model*)0)->~Model(); }
      |                            ~~~~~~~~~~~~~~~~~~~^~
In file included from /usr/local/lib/R/site-library/BH/include/boost/concept_check.hpp:31,
                 from /usr/local/lib/R/site-library/BH/include/boost/range/concepts.hpp:19,
                 from /usr/local/lib/R/site-library/BH/include/boost/range/size_type.hpp:20,
                 from /usr/local/lib/R/site-library/BH/include/boost/range/size.hpp:21,
                 from /usr/local/lib/R/site-library/BH/include/boost/random/hyperexponential_distribution.hpp:30,
                 from /usr/local/lib/R/site-library/BH/include/boost/random.hpp:71,
                 from shuffle_matrix.cpp:4:
/usr/local/lib/R/site-library/BH/include/boost/concept/usage.hpp:37:7: note: in a call to non-static member function ‘boost::Convertible<X, Y>::~Convertible() [with X = boost::iterators::random_access_traversal_tag; Y = boost::iterators::single_pass_traversal_tag]’
   37 |       ~model()
      |       ^
/usr/local/lib/R/site-library/BH/include/boost/concept_check.hpp:208:5: note: in expansion of macro ‘BOOST_CONCEPT_USAGE’
  208 |     BOOST_CONCEPT_USAGE(Convertible) {
      |     ^~~~~~~~~~~~~~~~~~~
In file included from /usr/local/lib/R/site-library/BH/include/boost/concept/assert.hpp:35,
                 from /usr/local/lib/R/site-library/BH/include/boost/concept_check.hpp:20,
                 from /usr/local/lib/R/site-library/BH/include/boost/range/concepts.hpp:19,
                 from /usr/local/lib/R/site-library/BH/include/boost/range/size_type.hpp:20,
                 from /usr/local/lib/R/site-library/BH/include/boost/range/size.hpp:21,
                 from /usr/local/lib/R/site-library/BH/include/boost/random/hyperexponential_distribution.hpp:30,
                 from /usr/local/lib/R/site-library/BH/include/boost/random.hpp:71,
                 from shuffle_matrix.cpp:4:
/usr/local/lib/R/site-library/BH/include/boost/concept/detail/general.hpp: In instantiation of ‘static void boost::concepts::requirement<boost::concepts::failed************ Model::************>::failed() [with Model = boost::concepts::usage_requirements<boost::range_detail::SinglePassIteratorConcept<double*> >]’:
/usr/local/lib/R/site-library/BH/include/boost/range/concepts.hpp:158:13:   required from ‘struct boost::range_detail::SinglePassIteratorConcept<double*>’
/usr/local/lib/R/site-library/BH/include/boost/concept/detail/has_constraints.hpp:32:62:   required by substitution of ‘template<class Model> boost::concepts::detail::yes boost::concepts::detail::has_constraints_(Model*, boost::concepts::detail::wrap_constraints<Model, (& Model::constraints)>*) [with Model = boost::range_detail::SinglePassIteratorConcept<double*>]’
/usr/local/lib/R/site-library/BH/include/boost/concept/detail/has_constraints.hpp:42:5:   required from ‘const bool boost::concepts::not_satisfied<boost::range_detail::SinglePassIteratorConcept<double*> >::value’
/usr/local/lib/R/site-library/BH/include/boost/concept/detail/has_constraints.hpp:45:51:   required from ‘struct boost::concepts::not_satisfied<boost::range_detail::SinglePassIteratorConcept<double*> >’
/usr/local/lib/R/site-library/BH/include/boost/concept/detail/general.hpp:72:8:   required from ‘struct boost::concepts::requirement_<void (*)(boost::range_detail::SinglePassIteratorConcept<double*>)>’
/usr/local/lib/R/site-library/BH/include/boost/range/concepts.hpp:278:9:   [ skipping 4 instantiation contexts, use -ftemplate-backtrace-limit=0 to disable ]
/usr/local/lib/R/site-library/BH/include/boost/concept/detail/has_constraints.hpp:32:62:   required by substitution of ‘template<class Model> boost::concepts::detail::yes boost::concepts::detail::has_constraints_(Model*, boost::concepts::detail::wrap_constraints<Model, (& Model::constraints)>*) [with Model = boost::RandomAccessRangeConcept<Rcpp::Vector<14, Rcpp::PreserveStorage> >]’
/usr/local/lib/R/site-library/BH/include/boost/concept/detail/has_constraints.hpp:42:5:   required from ‘const bool boost::concepts::not_satisfied<boost::RandomAccessRangeConcept<Rcpp::Vector<14, Rcpp::PreserveStorage> > >::value’
/usr/local/lib/R/site-library/BH/include/boost/concept/detail/has_constraints.hpp:45:51:   required from ‘struct boost::concepts::not_satisfied<boost::RandomAccessRangeConcept<Rcpp::Vector<14, Rcpp::PreserveStorage> > >’
/usr/local/lib/R/site-library/BH/include/boost/concept/detail/general.hpp:72:8:   required from ‘struct boost::concepts::requirement_<void (*)(boost::RandomAccessRangeConcept<Rcpp::Vector<14, Rcpp::PreserveStorage> >)>’
/usr/local/lib/R/site-library/BH/include/boost/range/algorithm/nth_element.hpp:33:5:   required from ‘RandomAccessRange& boost::range::random_shuffle(RandomAccessRange&, Generator&) [with RandomAccessRange = Rcpp::Vector<14, Rcpp::PreserveStorage>; Generator = pcg_detail::engine<unsigned int, long unsigned int, pcg_detail::xsh_rr_mixin<unsigned int, long unsigned int>, true, pcg_detail::specific_stream<long unsigned int>, pcg_detail::default_multiplier<long unsigned int> >]’
shuffle_matrix.cpp:19:37:   required from here
/usr/local/lib/R/site-library/BH/include/boost/concept/detail/general.hpp:50:47: warning: ‘this’ pointer is null [-Wnonnull]
   50 |     static void failed() { ((Model*)0)->~Model(); }
      |                            ~~~~~~~~~~~~~~~~~~~^~
In file included from /usr/local/lib/R/site-library/BH/include/boost/concept_check.hpp:31,
                 from /usr/local/lib/R/site-library/BH/include/boost/range/concepts.hpp:19,
                 from /usr/local/lib/R/site-library/BH/include/boost/range/size_type.hpp:20,
                 from /usr/local/lib/R/site-library/BH/include/boost/range/size.hpp:21,
                 from /usr/local/lib/R/site-library/BH/include/boost/random/hyperexponential_distribution.hpp:30,
                 from /usr/local/lib/R/site-library/BH/include/boost/random.hpp:71,
                 from shuffle_matrix.cpp:4:
/usr/local/lib/R/site-library/BH/include/boost/concept/usage.hpp:20:5: note: in a call to non-static member function ‘boost::concepts::usage_requirements<Model>::~usage_requirements() [with Model = boost::range_detail::SinglePassIteratorConcept<double*>]’
   20 |     ~usage_requirements() { ((Model*)0)->~Model(); }
      |     ^
In file included from /usr/local/lib/R/site-library/BH/include/boost/concept/assert.hpp:35,
                 from /usr/local/lib/R/site-library/BH/include/boost/concept_check.hpp:20,
                 from /usr/local/lib/R/site-library/BH/include/boost/range/concepts.hpp:19,
                 from /usr/local/lib/R/site-library/BH/include/boost/range/size_type.hpp:20,
                 from /usr/local/lib/R/site-library/BH/include/boost/range/size.hpp:21,
                 from /usr/local/lib/R/site-library/BH/include/boost/random/hyperexponential_distribution.hpp:30,
                 from /usr/local/lib/R/site-library/BH/include/boost/random.hpp:71,
                 from shuffle_matrix.cpp:4:
/usr/local/lib/R/site-library/BH/include/boost/concept/detail/general.hpp: In instantiation of ‘static void boost::concepts::requirement<boost::concepts::failed************ Model::************>::failed() [with Model = boost::range_detail::SinglePassIteratorConcept<double*>]’:
/usr/local/lib/R/site-library/BH/include/boost/range/concepts.hpp:278:9:   required from ‘struct boost::SinglePassRangeConcept<Rcpp::Vector<14, Rcpp::PreserveStorage> >’
/usr/local/lib/R/site-library/BH/include/boost/range/concepts.hpp:318:12:   required from ‘struct boost::ForwardRangeConcept<Rcpp::Vector<14, Rcpp::PreserveStorage> >’
/usr/local/lib/R/site-library/BH/include/boost/range/concepts.hpp:352:12:   required from ‘struct boost::BidirectionalRangeConcept<Rcpp::Vector<14, Rcpp::PreserveStorage> >’
/usr/local/lib/R/site-library/BH/include/boost/range/concepts.hpp:370:12:   required from ‘struct boost::RandomAccessRangeConcept<Rcpp::Vector<14, Rcpp::PreserveStorage> >’
/usr/local/lib/R/site-library/BH/include/boost/concept/detail/has_constraints.hpp:32:62:   required by substitution of ‘template<class Model> boost::concepts::detail::yes boost::concepts::detail::has_constraints_(Model*, boost::concepts::detail::wrap_constraints<Model, (& Model::constraints)>*) [with Model = boost::RandomAccessRangeConcept<Rcpp::Vector<14, Rcpp::PreserveStorage> >]’
/usr/local/lib/R/site-library/BH/include/boost/concept/detail/has_constraints.hpp:42:5:   required from ‘const bool boost::concepts::not_satisfied<boost::RandomAccessRangeConcept<Rcpp::Vector<14, Rcpp::PreserveStorage> > >::value’
/usr/local/lib/R/site-library/BH/include/boost/concept/detail/has_constraints.hpp:45:51:   required from ‘struct boost::concepts::not_satisfied<boost::RandomAccessRangeConcept<Rcpp::Vector<14, Rcpp::PreserveStorage> > >’
/usr/local/lib/R/site-library/BH/include/boost/concept/detail/general.hpp:72:8:   required from ‘struct boost::concepts::requirement_<void (*)(boost::RandomAccessRangeConcept<Rcpp::Vector<14, Rcpp::PreserveStorage> >)>’
/usr/local/lib/R/site-library/BH/include/boost/range/algorithm/nth_element.hpp:33:5:   required from ‘RandomAccessRange& boost::range::random_shuffle(RandomAccessRange&, Generator&) [with RandomAccessRange = Rcpp::Vector<14, Rcpp::PreserveStorage>; Generator = pcg_detail::engine<unsigned int, long unsigned int, pcg_detail::xsh_rr_mixin<unsigned int, long unsigned int>, true, pcg_detail::specific_stream<long unsigned int>, pcg_detail::default_multiplier<long unsigned int> >]’
shuffle_matrix.cpp:19:37:   required from here
/usr/local/lib/R/site-library/BH/include/boost/concept/detail/general.hpp:50:47: warning: ‘this’ pointer is null [-Wnonnull]
   50 |     static void failed() { ((Model*)0)->~Model(); }
      |                            ~~~~~~~~~~~~~~~~~~~^~
In file included from /usr/local/lib/R/site-library/BH/include/boost/concept_check.hpp:31,
                 from /usr/local/lib/R/site-library/BH/include/boost/range/concepts.hpp:19,
                 from /usr/local/lib/R/site-library/BH/include/boost/range/size_type.hpp:20,
                 from /usr/local/lib/R/site-library/BH/include/boost/range/size.hpp:21,
                 from /usr/local/lib/R/site-library/BH/include/boost/random/hyperexponential_distribution.hpp:30,
                 from /usr/local/lib/R/site-library/BH/include/boost/random.hpp:71,
                 from shuffle_matrix.cpp:4:
/usr/local/lib/R/site-library/BH/include/boost/concept/usage.hpp:37:7: note: in a call to non-static member function ‘boost::range_detail::SinglePassIteratorConcept<Iterator>::~SinglePassIteratorConcept() [with Iterator = double*]’
   37 |       ~model()
      |       ^
/usr/local/lib/R/site-library/BH/include/boost/range/concepts.hpp:158:13: note: in expansion of macro ‘BOOST_CONCEPT_USAGE’
  158 |             BOOST_CONCEPT_USAGE(SinglePassIteratorConcept)
      |             ^~~~~~~~~~~~~~~~~~~
In file included from /usr/local/lib/R/site-library/BH/include/boost/concept/assert.hpp:35,
                 from /usr/local/lib/R/site-library/BH/include/boost/concept_check.hpp:20,
                 from /usr/local/lib/R/site-library/BH/include/boost/range/concepts.hpp:19,
                 from /usr/local/lib/R/site-library/BH/include/boost/range/size_type.hpp:20,
                 from /usr/local/lib/R/site-library/BH/include/boost/range/size.hpp:21,
                 from /usr/local/lib/R/site-library/BH/include/boost/random/hyperexponential_distribution.hpp:30,
                 from /usr/local/lib/R/site-library/BH/include/boost/random.hpp:71,
                 from shuffle_matrix.cpp:4:
/usr/local/lib/R/site-library/BH/include/boost/concept/detail/general.hpp: In instantiation of ‘static void boost::concepts::requirement<boost::concepts::failed************ Model::************>::failed() [with Model = boost::concepts::usage_requirements<boost::CopyConstructible<const double*> >]’:
/usr/local/lib/R/site-library/BH/include/boost/concept_check.hpp:167:5:   required from ‘struct boost::CopyConstructible<const double*>’
/usr/local/lib/R/site-library/BH/include/boost/range/concepts.hpp:125:16:   required from ‘struct boost::range_detail::IncrementableIteratorConcept<const double*>’
/usr/local/lib/R/site-library/BH/include/boost/range/concepts.hpp:147:16:   required from ‘struct boost::range_detail::SinglePassIteratorConcept<const double*>’
/usr/local/lib/R/site-library/BH/include/boost/concept/detail/has_constraints.hpp:32:62:   required by substitution of ‘template<class Model> boost::concepts::detail::yes boost::concepts::detail::has_constraints_(Model*, boost::concepts::detail::wrap_constraints<Model, (& Model::constraints)>*) [with Model = boost::range_detail::SinglePassIteratorConcept<const double*>]’
/usr/local/lib/R/site-library/BH/include/boost/concept/detail/has_constraints.hpp:42:5:   required from ‘const bool boost::concepts::not_satisfied<boost::range_detail::SinglePassIteratorConcept<const double*> >::value’
/usr/local/lib/R/site-library/BH/include/boost/concept/detail/has_constraints.hpp:45:51:   [ skipping 6 instantiation contexts, use -ftemplate-backtrace-limit=0 to disable ]
/usr/local/lib/R/site-library/BH/include/boost/concept/detail/has_constraints.hpp:32:62:   required by substitution of ‘template<class Model> boost::concepts::detail::yes boost::concepts::detail::has_constraints_(Model*, boost::concepts::detail::wrap_constraints<Model, (& Model::constraints)>*) [with Model = boost::RandomAccessRangeConcept<Rcpp::Vector<14, Rcpp::PreserveStorage> >]’
/usr/local/lib/R/site-library/BH/include/boost/concept/detail/has_constraints.hpp:42:5:   required from ‘const bool boost::concepts::not_satisfied<boost::RandomAccessRangeConcept<Rcpp::Vector<14, Rcpp::PreserveStorage> > >::value’
/usr/local/lib/R/site-library/BH/include/boost/concept/detail/has_constraints.hpp:45:51:   required from ‘struct boost::concepts::not_satisfied<boost::RandomAccessRangeConcept<Rcpp::Vector<14, Rcpp::PreserveStorage> > >’
/usr/local/lib/R/site-library/BH/include/boost/concept/detail/general.hpp:72:8:   required from ‘struct boost::concepts::requirement_<void (*)(boost::RandomAccessRangeConcept<Rcpp::Vector<14, Rcpp::PreserveStorage> >)>’
/usr/local/lib/R/site-library/BH/include/boost/range/algorithm/nth_element.hpp:33:5:   required from ‘RandomAccessRange& boost::range::random_shuffle(RandomAccessRange&, Generator&) [with RandomAccessRange = Rcpp::Vector<14, Rcpp::PreserveStorage>; Generator = pcg_detail::engine<unsigned int, long unsigned int, pcg_detail::xsh_rr_mixin<unsigned int, long unsigned int>, true, pcg_detail::specific_stream<long unsigned int>, pcg_detail::default_multiplier<long unsigned int> >]’
shuffle_matrix.cpp:19:37:   required from here
/usr/local/lib/R/site-library/BH/include/boost/concept/detail/general.hpp:50:47: warning: ‘this’ pointer is null [-Wnonnull]
   50 |     static void failed() { ((Model*)0)->~Model(); }
      |                            ~~~~~~~~~~~~~~~~~~~^~
In file included from /usr/local/lib/R/site-library/BH/include/boost/concept_check.hpp:31,
                 from /usr/local/lib/R/site-library/BH/include/boost/range/concepts.hpp:19,
                 from /usr/local/lib/R/site-library/BH/include/boost/range/size_type.hpp:20,
                 from /usr/local/lib/R/site-library/BH/include/boost/range/size.hpp:21,
                 from /usr/local/lib/R/site-library/BH/include/boost/random/hyperexponential_distribution.hpp:30,
                 from /usr/local/lib/R/site-library/BH/include/boost/random.hpp:71,
                 from shuffle_matrix.cpp:4:
/usr/local/lib/R/site-library/BH/include/boost/concept/usage.hpp:20:5: note: in a call to non-static member function ‘boost::concepts::usage_requirements<Model>::~usage_requirements() [with Model = boost::CopyConstructible<const double*>]’
   20 |     ~usage_requirements() { ((Model*)0)->~Model(); }
      |     ^
In file included from /usr/local/lib/R/site-library/BH/include/boost/concept/assert.hpp:35,
                 from /usr/local/lib/R/site-library/BH/include/boost/concept_check.hpp:20,
                 from /usr/local/lib/R/site-library/BH/include/boost/range/concepts.hpp:19,
                 from /usr/local/lib/R/site-library/BH/include/boost/range/size_type.hpp:20,
                 from /usr/local/lib/R/site-library/BH/include/boost/range/size.hpp:21,
                 from /usr/local/lib/R/site-library/BH/include/boost/random/hyperexponential_distribution.hpp:30,
                 from /usr/local/lib/R/site-library/BH/include/boost/random.hpp:71,
                 from shuffle_matrix.cpp:4:
/usr/local/lib/R/site-library/BH/include/boost/concept/detail/general.hpp: In instantiation of ‘static void boost::concepts::requirement<boost::concepts::failed************ Model::************>::failed() [with Model = boost::concepts::usage_requirements<boost::range_detail::IncrementableIteratorConcept<const double*> >]’:
/usr/local/lib/R/site-library/BH/include/boost/range/concepts.hpp:136:13:   required from ‘struct boost::range_detail::IncrementableIteratorConcept<const double*>’
/usr/local/lib/R/site-library/BH/include/boost/range/concepts.hpp:147:16:   required from ‘struct boost::range_detail::SinglePassIteratorConcept<const double*>’
/usr/local/lib/R/site-library/BH/include/boost/concept/detail/has_constraints.hpp:32:62:   required by substitution of ‘template<class Model> boost::concepts::detail::yes boost::concepts::detail::has_constraints_(Model*, boost::concepts::detail::wrap_constraints<Model, (& Model::constraints)>*) [with Model = boost::range_detail::SinglePassIteratorConcept<const double*>]’
/usr/local/lib/R/site-library/BH/include/boost/concept/detail/has_constraints.hpp:42:5:   required from ‘const bool boost::concepts::not_satisfied<boost::range_detail::SinglePassIteratorConcept<const double*> >::value’
/usr/local/lib/R/site-library/BH/include/boost/concept/detail/has_constraints.hpp:45:51:   required from ‘struct boost::concepts::not_satisfied<boost::range_detail::SinglePassIteratorConcept<const double*> >’
/usr/local/lib/R/site-library/BH/include/boost/concept/detail/general.hpp:72:8:   [ skipping 5 instantiation contexts, use -ftemplate-backtrace-limit=0 to disable ]
/usr/local/lib/R/site-library/BH/include/boost/concept/detail/has_constraints.hpp:32:62:   required by substitution of ‘template<class Model> boost::concepts::detail::yes boost::concepts::detail::has_constraints_(Model*, boost::concepts::detail::wrap_constraints<Model, (& Model::constraints)>*) [with Model = boost::RandomAccessRangeConcept<Rcpp::Vector<14, Rcpp::PreserveStorage> >]’
/usr/local/lib/R/site-library/BH/include/boost/concept/detail/has_constraints.hpp:42:5:   required from ‘const bool boost::concepts::not_satisfied<boost::RandomAccessRangeConcept<Rcpp::Vector<14, Rcpp::PreserveStorage> > >::value’
/usr/local/lib/R/site-library/BH/include/boost/concept/detail/has_constraints.hpp:45:51:   required from ‘struct boost::concepts::not_satisfied<boost::RandomAccessRangeConcept<Rcpp::Vector<14, Rcpp::PreserveStorage> > >’
/usr/local/lib/R/site-library/BH/include/boost/concept/detail/general.hpp:72:8:   required from ‘struct boost::concepts::requirement_<void (*)(boost::RandomAccessRangeConcept<Rcpp::Vector<14, Rcpp::PreserveStorage> >)>’
/usr/local/lib/R/site-library/BH/include/boost/range/algorithm/nth_element.hpp:33:5:   required from ‘RandomAccessRange& boost::range::random_shuffle(RandomAccessRange&, Generator&) [with RandomAccessRange = Rcpp::Vector<14, Rcpp::PreserveStorage>; Generator = pcg_detail::engine<unsigned int, long unsigned int, pcg_detail::xsh_rr_mixin<unsigned int, long unsigned int>, true, pcg_detail::specific_stream<long unsigned int>, pcg_detail::default_multiplier<long unsigned int> >]’
shuffle_matrix.cpp:19:37:   required from here
/usr/local/lib/R/site-library/BH/include/boost/concept/detail/general.hpp:50:47: warning: ‘this’ pointer is null [-Wnonnull]
   50 |     static void failed() { ((Model*)0)->~Model(); }
      |                            ~~~~~~~~~~~~~~~~~~~^~
In file included from /usr/local/lib/R/site-library/BH/include/boost/concept_check.hpp:31,
                 from /usr/local/lib/R/site-library/BH/include/boost/range/concepts.hpp:19,
                 from /usr/local/lib/R/site-library/BH/include/boost/range/size_type.hpp:20,
                 from /usr/local/lib/R/site-library/BH/include/boost/range/size.hpp:21,
                 from /usr/local/lib/R/site-library/BH/include/boost/random/hyperexponential_distribution.hpp:30,
                 from /usr/local/lib/R/site-library/BH/include/boost/random.hpp:71,
                 from shuffle_matrix.cpp:4:
/usr/local/lib/R/site-library/BH/include/boost/concept/usage.hpp:20:5: note: in a call to non-static member function ‘boost::concepts::usage_requirements<Model>::~usage_requirements() [with Model = boost::range_detail::IncrementableIteratorConcept<const double*>]’
   20 |     ~usage_requirements() { ((Model*)0)->~Model(); }
      |     ^
In file included from /usr/local/lib/R/site-library/BH/include/boost/concept/assert.hpp:35,
                 from /usr/local/lib/R/site-library/BH/include/boost/concept_check.hpp:20,
                 from /usr/local/lib/R/site-library/BH/include/boost/range/concepts.hpp:19,
                 from /usr/local/lib/R/site-library/BH/include/boost/range/size_type.hpp:20,
                 from /usr/local/lib/R/site-library/BH/include/boost/range/size.hpp:21,
                 from /usr/local/lib/R/site-library/BH/include/boost/random/hyperexponential_distribution.hpp:30,
                 from /usr/local/lib/R/site-library/BH/include/boost/random.hpp:71,
                 from shuffle_matrix.cpp:4:
/usr/local/lib/R/site-library/BH/include/boost/concept/detail/general.hpp: In instantiation of ‘static void boost::concepts::requirement<boost::concepts::failed************ Model::************>::failed() [with Model = boost::concepts::usage_requirements<boost::EqualityComparable<const double*> >]’:
/usr/local/lib/R/site-library/BH/include/boost/concept_check.hpp:233:5:   required from ‘struct boost::EqualityComparable<const double*>’
/usr/local/lib/R/site-library/BH/include/boost/range/concepts.hpp:147:16:   required from ‘struct boost::range_detail::SinglePassIteratorConcept<const double*>’
/usr/local/lib/R/site-library/BH/include/boost/concept/detail/has_constraints.hpp:32:62:   required by substitution of ‘template<class Model> boost::concepts::detail::yes boost::concepts::detail::has_constraints_(Model*, boost::concepts::detail::wrap_constraints<Model, (& Model::constraints)>*) [with Model = boost::range_detail::SinglePassIteratorConcept<const double*>]’
/usr/local/lib/R/site-library/BH/include/boost/concept/detail/has_constraints.hpp:42:5:   required from ‘const bool boost::concepts::not_satisfied<boost::range_detail::SinglePassIteratorConcept<const double*> >::value’
/usr/local/lib/R/site-library/BH/include/boost/concept/detail/has_constraints.hpp:45:51:   required from ‘struct boost::concepts::not_satisfied<boost::range_detail::SinglePassIteratorConcept<const double*> >’
/usr/local/lib/R/site-library/BH/include/boost/concept/detail/general.hpp:72:8:   [ skipping 5 instantiation contexts, use -ftemplate-backtrace-limit=0 to disable ]
/usr/local/lib/R/site-library/BH/include/boost/concept/detail/has_constraints.hpp:32:62:   required by substitution of ‘template<class Model> boost::concepts::detail::yes boost::concepts::detail::has_constraints_(Model*, boost::concepts::detail::wrap_constraints<Model, (& Model::constraints)>*) [with Model = boost::RandomAccessRangeConcept<Rcpp::Vector<14, Rcpp::PreserveStorage> >]’
/usr/local/lib/R/site-library/BH/include/boost/concept/detail/has_constraints.hpp:42:5:   required from ‘const bool boost::concepts::not_satisfied<boost::RandomAccessRangeConcept<Rcpp::Vector<14, Rcpp::PreserveStorage> > >::value’
/usr/local/lib/R/site-library/BH/include/boost/concept/detail/has_constraints.hpp:45:51:   required from ‘struct boost::concepts::not_satisfied<boost::RandomAccessRangeConcept<Rcpp::Vector<14, Rcpp::PreserveStorage> > >’
/usr/local/lib/R/site-library/BH/include/boost/concept/detail/general.hpp:72:8:   required from ‘struct boost::concepts::requirement_<void (*)(boost::RandomAccessRangeConcept<Rcpp::Vector<14, Rcpp::PreserveStorage> >)>’
/usr/local/lib/R/site-library/BH/include/boost/range/algorithm/nth_element.hpp:33:5:   required from ‘RandomAccessRange& boost::range::random_shuffle(RandomAccessRange&, Generator&) [with RandomAccessRange = Rcpp::Vector<14, Rcpp::PreserveStorage>; Generator = pcg_detail::engine<unsigned int, long unsigned int, pcg_detail::xsh_rr_mixin<unsigned int, long unsigned int>, true, pcg_detail::specific_stream<long unsigned int>, pcg_detail::default_multiplier<long unsigned int> >]’
shuffle_matrix.cpp:19:37:   required from here
/usr/local/lib/R/site-library/BH/include/boost/concept/detail/general.hpp:50:47: warning: ‘this’ pointer is null [-Wnonnull]
   50 |     static void failed() { ((Model*)0)->~Model(); }
      |                            ~~~~~~~~~~~~~~~~~~~^~
In file included from /usr/local/lib/R/site-library/BH/include/boost/concept_check.hpp:31,
                 from /usr/local/lib/R/site-library/BH/include/boost/range/concepts.hpp:19,
                 from /usr/local/lib/R/site-library/BH/include/boost/range/size_type.hpp:20,
                 from /usr/local/lib/R/site-library/BH/include/boost/range/size.hpp:21,
                 from /usr/local/lib/R/site-library/BH/include/boost/random/hyperexponential_distribution.hpp:30,
                 from /usr/local/lib/R/site-library/BH/include/boost/random.hpp:71,
                 from shuffle_matrix.cpp:4:
/usr/local/lib/R/site-library/BH/include/boost/concept/usage.hpp:20:5: note: in a call to non-static member function ‘boost::concepts::usage_requirements<Model>::~usage_requirements() [with Model = boost::EqualityComparable<const double*>]’
   20 |     ~usage_requirements() { ((Model*)0)->~Model(); }
      |     ^
In file included from /usr/local/lib/R/site-library/BH/include/boost/concept/assert.hpp:35,
                 from /usr/local/lib/R/site-library/BH/include/boost/concept_check.hpp:20,
                 from /usr/local/lib/R/site-library/BH/include/boost/range/concepts.hpp:19,
                 from /usr/local/lib/R/site-library/BH/include/boost/range/size_type.hpp:20,
                 from /usr/local/lib/R/site-library/BH/include/boost/range/size.hpp:21,
                 from /usr/local/lib/R/site-library/BH/include/boost/random/hyperexponential_distribution.hpp:30,
                 from /usr/local/lib/R/site-library/BH/include/boost/random.hpp:71,
                 from shuffle_matrix.cpp:4:
/usr/local/lib/R/site-library/BH/include/boost/concept/detail/general.hpp: In instantiation of ‘static void boost::concepts::requirement<boost::concepts::failed************ Model::************>::failed() [with Model = boost::concepts::usage_requirements<boost::range_detail::SinglePassIteratorConcept<const double*> >]’:
/usr/local/lib/R/site-library/BH/include/boost/range/concepts.hpp:158:13:   required from ‘struct boost::range_detail::SinglePassIteratorConcept<const double*>’
/usr/local/lib/R/site-library/BH/include/boost/concept/detail/has_constraints.hpp:32:62:   required by substitution of ‘template<class Model> boost::concepts::detail::yes boost::concepts::detail::has_constraints_(Model*, boost::concepts::detail::wrap_constraints<Model, (& Model::constraints)>*) [with Model = boost::range_detail::SinglePassIteratorConcept<const double*>]’
/usr/local/lib/R/site-library/BH/include/boost/concept/detail/has_constraints.hpp:42:5:   required from ‘const bool boost::concepts::not_satisfied<boost::range_detail::SinglePassIteratorConcept<const double*> >::value’
/usr/local/lib/R/site-library/BH/include/boost/concept/detail/has_constraints.hpp:45:51:   required from ‘struct boost::concepts::not_satisfied<boost::range_detail::SinglePassIteratorConcept<const double*> >’
/usr/local/lib/R/site-library/BH/include/boost/concept/detail/general.hpp:72:8:   required from ‘struct boost::concepts::requirement_<void (*)(boost::range_detail::SinglePassIteratorConcept<const double*>)>’
/usr/local/lib/R/site-library/BH/include/boost/range/concepts.hpp:281:9:   [ skipping 4 instantiation contexts, use -ftemplate-backtrace-limit=0 to disable ]
/usr/local/lib/R/site-library/BH/include/boost/concept/detail/has_constraints.hpp:32:62:   required by substitution of ‘template<class Model> boost::concepts::detail::yes boost::concepts::detail::has_constraints_(Model*, boost::concepts::detail::wrap_constraints<Model, (& Model::constraints)>*) [with Model = boost::RandomAccessRangeConcept<Rcpp::Vector<14, Rcpp::PreserveStorage> >]’
/usr/local/lib/R/site-library/BH/include/boost/concept/detail/has_constraints.hpp:42:5:   required from ‘const bool boost::concepts::not_satisfied<boost::RandomAccessRangeConcept<Rcpp::Vector<14, Rcpp::PreserveStorage> > >::value’
/usr/local/lib/R/site-library/BH/include/boost/concept/detail/has_constraints.hpp:45:51:   required from ‘struct boost::concepts::not_satisfied<boost::RandomAccessRangeConcept<Rcpp::Vector<14, Rcpp::PreserveStorage> > >’
/usr/local/lib/R/site-library/BH/include/boost/concept/detail/general.hpp:72:8:   required from ‘struct boost::concepts::requirement_<void (*)(boost::RandomAccessRangeConcept<Rcpp::Vector<14, Rcpp::PreserveStorage> >)>’
/usr/local/lib/R/site-library/BH/include/boost/range/algorithm/nth_element.hpp:33:5:   required from ‘RandomAccessRange& boost::range::random_shuffle(RandomAccessRange&, Generator&) [with RandomAccessRange = Rcpp::Vector<14, Rcpp::PreserveStorage>; Generator = pcg_detail::engine<unsigned int, long unsigned int, pcg_detail::xsh_rr_mixin<unsigned int, long unsigned int>, true, pcg_detail::specific_stream<long unsigned int>, pcg_detail::default_multiplier<long unsigned int> >]’
shuffle_matrix.cpp:19:37:   required from here
/usr/local/lib/R/site-library/BH/include/boost/concept/detail/general.hpp:50:47: warning: ‘this’ pointer is null [-Wnonnull]
   50 |     static void failed() { ((Model*)0)->~Model(); }
      |                            ~~~~~~~~~~~~~~~~~~~^~
In file included from /usr/local/lib/R/site-library/BH/include/boost/concept_check.hpp:31,
                 from /usr/local/lib/R/site-library/BH/include/boost/range/concepts.hpp:19,
                 from /usr/local/lib/R/site-library/BH/include/boost/range/size_type.hpp:20,
                 from /usr/local/lib/R/site-library/BH/include/boost/range/size.hpp:21,
                 from /usr/local/lib/R/site-library/BH/include/boost/random/hyperexponential_distribution.hpp:30,
                 from /usr/local/lib/R/site-library/BH/include/boost/random.hpp:71,
                 from shuffle_matrix.cpp:4:
/usr/local/lib/R/site-library/BH/include/boost/concept/usage.hpp:20:5: note: in a call to non-static member function ‘boost::concepts::usage_requirements<Model>::~usage_requirements() [with Model = boost::range_detail::SinglePassIteratorConcept<const double*>]’
   20 |     ~usage_requirements() { ((Model*)0)->~Model(); }
      |     ^
In file included from /usr/local/lib/R/site-library/BH/include/boost/concept/assert.hpp:35,
                 from /usr/local/lib/R/site-library/BH/include/boost/concept_check.hpp:20,
                 from /usr/local/lib/R/site-library/BH/include/boost/range/concepts.hpp:19,
                 from /usr/local/lib/R/site-library/BH/include/boost/range/size_type.hpp:20,
                 from /usr/local/lib/R/site-library/BH/include/boost/range/size.hpp:21,
                 from /usr/local/lib/R/site-library/BH/include/boost/random/hyperexponential_distribution.hpp:30,
                 from /usr/local/lib/R/site-library/BH/include/boost/random.hpp:71,
                 from shuffle_matrix.cpp:4:
/usr/local/lib/R/site-library/BH/include/boost/concept/detail/general.hpp: In instantiation of ‘static void boost::concepts::requirement<boost::concepts::failed************ Model::************>::failed() [with Model = boost::range_detail::SinglePassIteratorConcept<const double*>]’:
/usr/local/lib/R/site-library/BH/include/boost/range/concepts.hpp:281:9:   required from ‘struct boost::SinglePassRangeConcept<Rcpp::Vector<14, Rcpp::PreserveStorage> >’
/usr/local/lib/R/site-library/BH/include/boost/range/concepts.hpp:318:12:   required from ‘struct boost::ForwardRangeConcept<Rcpp::Vector<14, Rcpp::PreserveStorage> >’
/usr/local/lib/R/site-library/BH/include/boost/range/concepts.hpp:352:12:   required from ‘struct boost::BidirectionalRangeConcept<Rcpp::Vector<14, Rcpp::PreserveStorage> >’
/usr/local/lib/R/site-library/BH/include/boost/range/concepts.hpp:370:12:   required from ‘struct boost::RandomAccessRangeConcept<Rcpp::Vector<14, Rcpp::PreserveStorage> >’
/usr/local/lib/R/site-library/BH/include/boost/concept/detail/has_constraints.hpp:32:62:   required by substitution of ‘template<class Model> boost::concepts::detail::yes boost::concepts::detail::has_constraints_(Model*, boost::concepts::detail::wrap_constraints<Model, (& Model::constraints)>*) [with Model = boost::RandomAccessRangeConcept<Rcpp::Vector<14, Rcpp::PreserveStorage> >]’
/usr/local/lib/R/site-library/BH/include/boost/concept/detail/has_constraints.hpp:42:5:   required from ‘const bool boost::concepts::not_satisfied<boost::RandomAccessRangeConcept<Rcpp::Vector<14, Rcpp::PreserveStorage> > >::value’
/usr/local/lib/R/site-library/BH/include/boost/concept/detail/has_constraints.hpp:45:51:   required from ‘struct boost::concepts::not_satisfied<boost::RandomAccessRangeConcept<Rcpp::Vector<14, Rcpp::PreserveStorage> > >’
/usr/local/lib/R/site-library/BH/include/boost/concept/detail/general.hpp:72:8:   required from ‘struct boost::concepts::requirement_<void (*)(boost::RandomAccessRangeConcept<Rcpp::Vector<14, Rcpp::PreserveStorage> >)>’
/usr/local/lib/R/site-library/BH/include/boost/range/algorithm/nth_element.hpp:33:5:   required from ‘RandomAccessRange& boost::range::random_shuffle(RandomAccessRange&, Generator&) [with RandomAccessRange = Rcpp::Vector<14, Rcpp::PreserveStorage>; Generator = pcg_detail::engine<unsigned int, long unsigned int, pcg_detail::xsh_rr_mixin<unsigned int, long unsigned int>, true, pcg_detail::specific_stream<long unsigned int>, pcg_detail::default_multiplier<long unsigned int> >]’
shuffle_matrix.cpp:19:37:   required from here
/usr/local/lib/R/site-library/BH/include/boost/concept/detail/general.hpp:50:47: warning: ‘this’ pointer is null [-Wnonnull]
   50 |     static void failed() { ((Model*)0)->~Model(); }
      |                            ~~~~~~~~~~~~~~~~~~~^~
In file included from /usr/local/lib/R/site-library/BH/include/boost/concept_check.hpp:31,
                 from /usr/local/lib/R/site-library/BH/include/boost/range/concepts.hpp:19,
                 from /usr/local/lib/R/site-library/BH/include/boost/range/size_type.hpp:20,
                 from /usr/local/lib/R/site-library/BH/include/boost/range/size.hpp:21,
                 from /usr/local/lib/R/site-library/BH/include/boost/random/hyperexponential_distribution.hpp:30,
                 from /usr/local/lib/R/site-library/BH/include/boost/random.hpp:71,
                 from shuffle_matrix.cpp:4:
/usr/local/lib/R/site-library/BH/include/boost/concept/usage.hpp:37:7: note: in a call to non-static member function ‘boost::range_detail::SinglePassIteratorConcept<Iterator>::~SinglePassIteratorConcept() [with Iterator = const double*]’
   37 |       ~model()
      |       ^
/usr/local/lib/R/site-library/BH/include/boost/range/concepts.hpp:158:13: note: in expansion of macro ‘BOOST_CONCEPT_USAGE’
  158 |             BOOST_CONCEPT_USAGE(SinglePassIteratorConcept)
      |             ^~~~~~~~~~~~~~~~~~~
In file included from /usr/local/lib/R/site-library/BH/include/boost/concept/assert.hpp:35,
                 from /usr/local/lib/R/site-library/BH/include/boost/concept_check.hpp:20,
                 from /usr/local/lib/R/site-library/BH/include/boost/range/concepts.hpp:19,
                 from /usr/local/lib/R/site-library/BH/include/boost/range/size_type.hpp:20,
                 from /usr/local/lib/R/site-library/BH/include/boost/range/size.hpp:21,
                 from /usr/local/lib/R/site-library/BH/include/boost/random/hyperexponential_distribution.hpp:30,
                 from /usr/local/lib/R/site-library/BH/include/boost/random.hpp:71,
                 from shuffle_matrix.cpp:4:
/usr/local/lib/R/site-library/BH/include/boost/concept/detail/general.hpp: In instantiation of ‘static void boost::concepts::requirement<boost::concepts::failed************ Model::************>::failed() [with Model = boost::concepts::usage_requirements<boost::SinglePassRangeConcept<Rcpp::Vector<14, Rcpp::PreserveStorage> > >]’:
/usr/local/lib/R/site-library/BH/include/boost/range/concepts.hpp:284:9:   required from ‘struct boost::SinglePassRangeConcept<Rcpp::Vector<14, Rcpp::PreserveStorage> >’
/usr/local/lib/R/site-library/BH/include/boost/range/concepts.hpp:318:12:   required from ‘struct boost::ForwardRangeConcept<Rcpp::Vector<14, Rcpp::PreserveStorage> >’
/usr/local/lib/R/site-library/BH/include/boost/range/concepts.hpp:352:12:   required from ‘struct boost::BidirectionalRangeConcept<Rcpp::Vector<14, Rcpp::PreserveStorage> >’
/usr/local/lib/R/site-library/BH/include/boost/range/concepts.hpp:370:12:   required from ‘struct boost::RandomAccessRangeConcept<Rcpp::Vector<14, Rcpp::PreserveStorage> >’
/usr/local/lib/R/site-library/BH/include/boost/concept/detail/has_constraints.hpp:32:62:   required by substitution of ‘template<class Model> boost::concepts::detail::yes boost::concepts::detail::has_constraints_(Model*, boost::concepts::detail::wrap_constraints<Model, (& Model::constraints)>*) [with Model = boost::RandomAccessRangeConcept<Rcpp::Vector<14, Rcpp::PreserveStorage> >]’
/usr/local/lib/R/site-library/BH/include/boost/concept/detail/has_constraints.hpp:42:5:   required from ‘const bool boost::concepts::not_satisfied<boost::RandomAccessRangeConcept<Rcpp::Vector<14, Rcpp::PreserveStorage> > >::value’
/usr/local/lib/R/site-library/BH/include/boost/concept/detail/has_constraints.hpp:45:51:   required from ‘struct boost::concepts::not_satisfied<boost::RandomAccessRangeConcept<Rcpp::Vector<14, Rcpp::PreserveStorage> > >’
/usr/local/lib/R/site-library/BH/include/boost/concept/detail/general.hpp:72:8:   required from ‘struct boost::concepts::requirement_<void (*)(boost::RandomAccessRangeConcept<Rcpp::Vector<14, Rcpp::PreserveStorage> >)>’
/usr/local/lib/R/site-library/BH/include/boost/range/algorithm/nth_element.hpp:33:5:   required from ‘RandomAccessRange& boost::range::random_shuffle(RandomAccessRange&, Generator&) [with RandomAccessRange = Rcpp::Vector<14, Rcpp::PreserveStorage>; Generator = pcg_detail::engine<unsigned int, long unsigned int, pcg_detail::xsh_rr_mixin<unsigned int, long unsigned int>, true, pcg_detail::specific_stream<long unsigned int>, pcg_detail::default_multiplier<long unsigned int> >]’
shuffle_matrix.cpp:19:37:   required from here
/usr/local/lib/R/site-library/BH/include/boost/concept/detail/general.hpp:50:47: warning: ‘this’ pointer is null [-Wnonnull]
   50 |     static void failed() { ((Model*)0)->~Model(); }
      |                            ~~~~~~~~~~~~~~~~~~~^~
In file included from /usr/local/lib/R/site-library/BH/include/boost/concept_check.hpp:31,
                 from /usr/local/lib/R/site-library/BH/include/boost/range/concepts.hpp:19,
                 from /usr/local/lib/R/site-library/BH/include/boost/range/size_type.hpp:20,
                 from /usr/local/lib/R/site-library/BH/include/boost/range/size.hpp:21,
                 from /usr/local/lib/R/site-library/BH/include/boost/random/hyperexponential_distribution.hpp:30,
                 from /usr/local/lib/R/site-library/BH/include/boost/random.hpp:71,
                 from shuffle_matrix.cpp:4:
/usr/local/lib/R/site-library/BH/include/boost/concept/usage.hpp:20:5: note: in a call to non-static member function ‘boost::concepts::usage_requirements<Model>::~usage_requirements() [with Model = boost::SinglePassRangeConcept<Rcpp::Vector<14, Rcpp::PreserveStorage> >]’
   20 |     ~usage_requirements() { ((Model*)0)->~Model(); }
      |     ^
In file included from /usr/local/lib/R/site-library/BH/include/boost/concept/assert.hpp:35,
                 from /usr/local/lib/R/site-library/BH/include/boost/concept_check.hpp:20,
                 from /usr/local/lib/R/site-library/BH/include/boost/range/concepts.hpp:19,
                 from /usr/local/lib/R/site-library/BH/include/boost/range/size_type.hpp:20,
                 from /usr/local/lib/R/site-library/BH/include/boost/range/size.hpp:21,
                 from /usr/local/lib/R/site-library/BH/include/boost/random/hyperexponential_distribution.hpp:30,
                 from /usr/local/lib/R/site-library/BH/include/boost/random.hpp:71,
                 from shuffle_matrix.cpp:4:
/usr/local/lib/R/site-library/BH/include/boost/concept/detail/general.hpp: In instantiation of ‘static void boost::concepts::requirement<boost::concepts::failed************ Model::************>::failed() [with Model = boost::concepts::usage_requirements<boost::DefaultConstructible<double*> >]’:
/usr/local/lib/R/site-library/BH/include/boost/concept_check.hpp:137:5:   required from ‘struct boost::DefaultConstructible<double*>’
/usr/local/lib/R/site-library/BH/include/boost/range/concepts.hpp:181:16:   required from ‘struct boost::range_detail::ForwardIteratorConcept<double*>’
/usr/local/lib/R/site-library/BH/include/boost/concept/detail/has_constraints.hpp:32:62:   required by substitution of ‘template<class Model> boost::concepts::detail::yes boost::concepts::detail::has_constraints_(Model*, boost::concepts::detail::wrap_constraints<Model, (& Model::constraints)>*) [with Model = boost::range_detail::ForwardIteratorConcept<double*>]’
/usr/local/lib/R/site-library/BH/include/boost/concept/detail/has_constraints.hpp:42:5:   required from ‘const bool boost::concepts::not_satisfied<boost::range_detail::ForwardIteratorConcept<double*> >::value’
/usr/local/lib/R/site-library/BH/include/boost/concept/detail/has_constraints.hpp:45:51:   required from ‘struct boost::concepts::not_satisfied<boost::range_detail::ForwardIteratorConcept<double*> >’
/usr/local/lib/R/site-library/BH/include/boost/concept/detail/general.hpp:72:8:   [ skipping 4 instantiation contexts, use -ftemplate-backtrace-limit=0 to disable ]
/usr/local/lib/R/site-library/BH/include/boost/concept/detail/has_constraints.hpp:32:62:   required by substitution of ‘template<class Model> boost::concepts::detail::yes boost::concepts::detail::has_constraints_(Model*, boost::concepts::detail::wrap_constraints<Model, (& Model::constraints)>*) [with Model = boost::RandomAccessRangeConcept<Rcpp::Vector<14, Rcpp::PreserveStorage> >]’
/usr/local/lib/R/site-library/BH/include/boost/concept/detail/has_constraints.hpp:42:5:   required from ‘const bool boost::concepts::not_satisfied<boost::RandomAccessRangeConcept<Rcpp::Vector<14, Rcpp::PreserveStorage> > >::value’
/usr/local/lib/R/site-library/BH/include/boost/concept/detail/has_constraints.hpp:45:51:   required from ‘struct boost::concepts::not_satisfied<boost::RandomAccessRangeConcept<Rcpp::Vector<14, Rcpp::PreserveStorage> > >’
/usr/local/lib/R/site-library/BH/include/boost/concept/detail/general.hpp:72:8:   required from ‘struct boost::concepts::requirement_<void (*)(boost::RandomAccessRangeConcept<Rcpp::Vector<14, Rcpp::PreserveStorage> >)>’
/usr/local/lib/R/site-library/BH/include/boost/range/algorithm/nth_element.hpp:33:5:   required from ‘RandomAccessRange& boost::range::random_shuffle(RandomAccessRange&, Generator&) [with RandomAccessRange = Rcpp::Vector<14, Rcpp::PreserveStorage>; Generator = pcg_detail::engine<unsigned int, long unsigned int, pcg_detail::xsh_rr_mixin<unsigned int, long unsigned int>, true, pcg_detail::specific_stream<long unsigned int>, pcg_detail::default_multiplier<long unsigned int> >]’
shuffle_matrix.cpp:19:37:   required from here
/usr/local/lib/R/site-library/BH/include/boost/concept/detail/general.hpp:50:47: warning: ‘this’ pointer is null [-Wnonnull]
   50 |     static void failed() { ((Model*)0)->~Model(); }
      |                            ~~~~~~~~~~~~~~~~~~~^~
In file included from /usr/local/lib/R/site-library/BH/include/boost/concept_check.hpp:31,
                 from /usr/local/lib/R/site-library/BH/include/boost/range/concepts.hpp:19,
                 from /usr/local/lib/R/site-library/BH/include/boost/range/size_type.hpp:20,
                 from /usr/local/lib/R/site-library/BH/include/boost/range/size.hpp:21,
                 from /usr/local/lib/R/site-library/BH/include/boost/random/hyperexponential_distribution.hpp:30,
                 from /usr/local/lib/R/site-library/BH/include/boost/random.hpp:71,
                 from shuffle_matrix.cpp:4:
/usr/local/lib/R/site-library/BH/include/boost/concept/usage.hpp:20:5: note: in a call to non-static member function ‘boost::concepts::usage_requirements<Model>::~usage_requirements() [with Model = boost::DefaultConstructible<double*>]’
   20 |     ~usage_requirements() { ((Model*)0)->~Model(); }
      |     ^
In file included from /usr/local/lib/R/site-library/BH/include/boost/concept/assert.hpp:35,
                 from /usr/local/lib/R/site-library/BH/include/boost/concept_check.hpp:20,
                 from /usr/local/lib/R/site-library/BH/include/boost/range/concepts.hpp:19,
                 from /usr/local/lib/R/site-library/BH/include/boost/range/size_type.hpp:20,
                 from /usr/local/lib/R/site-library/BH/include/boost/range/size.hpp:21,
                 from /usr/local/lib/R/site-library/BH/include/boost/random/hyperexponential_distribution.hpp:30,
                 from /usr/local/lib/R/site-library/BH/include/boost/random.hpp:71,
                 from shuffle_matrix.cpp:4:
/usr/local/lib/R/site-library/BH/include/boost/concept/detail/general.hpp: In instantiation of ‘static void boost::concepts::requirement<boost::concepts::failed************ Model::************>::failed() [with Model = boost::concepts::usage_requirements<boost::Convertible<boost::iterators::random_access_traversal_tag, boost::iterators::forward_traversal_tag> >]’:
/usr/local/lib/R/site-library/BH/include/boost/concept_check.hpp:208:5:   required from ‘struct boost::Convertible<boost::iterators::random_access_traversal_tag, boost::iterators::forward_traversal_tag>’
/usr/local/lib/R/site-library/BH/include/boost/concept/detail/has_constraints.hpp:32:62:   required by substitution of ‘template<class Model> boost::concepts::detail::yes boost::concepts::detail::has_constraints_(Model*, boost::concepts::detail::wrap_constraints<Model, (& Model::constraints)>*) [with Model = boost::Convertible<boost::iterators::random_access_traversal_tag, boost::iterators::forward_traversal_tag>]’
/usr/local/lib/R/site-library/BH/include/boost/concept/detail/has_constraints.hpp:42:5:   required from ‘const bool boost::concepts::not_satisfied<boost::Convertible<boost::iterators::random_access_traversal_tag, boost::iterators::forward_traversal_tag> >::value’
/usr/local/lib/R/site-library/BH/include/boost/concept/detail/has_constraints.hpp:45:51:   required from ‘struct boost::concepts::not_satisfied<boost::Convertible<boost::iterators::random_access_traversal_tag, boost::iterators::forward_traversal_tag> >’
/usr/local/lib/R/site-library/BH/include/boost/concept/detail/general.hpp:72:8:   required from ‘struct boost::concepts::requirement_<void (*)(boost::Convertible<boost::iterators::random_access_traversal_tag, boost::iterators::forward_traversal_tag>)>’
/usr/local/lib/R/site-library/BH/include/boost/range/concepts.hpp:191:13:   [ skipping 8 instantiation contexts, use -ftemplate-backtrace-limit=0 to disable ]
/usr/local/lib/R/site-library/BH/include/boost/concept/detail/has_constraints.hpp:32:62:   required by substitution of ‘template<class Model> boost::concepts::detail::yes boost::concepts::detail::has_constraints_(Model*, boost::concepts::detail::wrap_constraints<Model, (& Model::constraints)>*) [with Model = boost::RandomAccessRangeConcept<Rcpp::Vector<14, Rcpp::PreserveStorage> >]’
/usr/local/lib/R/site-library/BH/include/boost/concept/detail/has_constraints.hpp:42:5:   required from ‘const bool boost::concepts::not_satisfied<boost::RandomAccessRangeConcept<Rcpp::Vector<14, Rcpp::PreserveStorage> > >::value’
/usr/local/lib/R/site-library/BH/include/boost/concept/detail/has_constraints.hpp:45:51:   required from ‘struct boost::concepts::not_satisfied<boost::RandomAccessRangeConcept<Rcpp::Vector<14, Rcpp::PreserveStorage> > >’
/usr/local/lib/R/site-library/BH/include/boost/concept/detail/general.hpp:72:8:   required from ‘struct boost::concepts::requirement_<void (*)(boost::RandomAccessRangeConcept<Rcpp::Vector<14, Rcpp::PreserveStorage> >)>’
/usr/local/lib/R/site-library/BH/include/boost/range/algorithm/nth_element.hpp:33:5:   required from ‘RandomAccessRange& boost::range::random_shuffle(RandomAccessRange&, Generator&) [with RandomAccessRange = Rcpp::Vector<14, Rcpp::PreserveStorage>; Generator = pcg_detail::engine<unsigned int, long unsigned int, pcg_detail::xsh_rr_mixin<unsigned int, long unsigned int>, true, pcg_detail::specific_stream<long unsigned int>, pcg_detail::default_multiplier<long unsigned int> >]’
shuffle_matrix.cpp:19:37:   required from here
/usr/local/lib/R/site-library/BH/include/boost/concept/detail/general.hpp:50:47: warning: ‘this’ pointer is null [-Wnonnull]
   50 |     static void failed() { ((Model*)0)->~Model(); }
      |                            ~~~~~~~~~~~~~~~~~~~^~
In file included from /usr/local/lib/R/site-library/BH/include/boost/concept_check.hpp:31,
                 from /usr/local/lib/R/site-library/BH/include/boost/range/concepts.hpp:19,
                 from /usr/local/lib/R/site-library/BH/include/boost/range/size_type.hpp:20,
                 from /usr/local/lib/R/site-library/BH/include/boost/range/size.hpp:21,
                 from /usr/local/lib/R/site-library/BH/include/boost/random/hyperexponential_distribution.hpp:30,
                 from /usr/local/lib/R/site-library/BH/include/boost/random.hpp:71,
                 from shuffle_matrix.cpp:4:
/usr/local/lib/R/site-library/BH/include/boost/concept/usage.hpp:20:5: note: in a call to non-static member function ‘boost::concepts::usage_requirements<Model>::~usage_requirements() [with Model = boost::Convertible<boost::iterators::random_access_traversal_tag, boost::iterators::forward_traversal_tag>]’
   20 |     ~usage_requirements() { ((Model*)0)->~Model(); }
      |     ^
In file included from /usr/local/lib/R/site-library/BH/include/boost/concept/assert.hpp:35,
                 from /usr/local/lib/R/site-library/BH/include/boost/concept_check.hpp:20,
                 from /usr/local/lib/R/site-library/BH/include/boost/range/concepts.hpp:19,
                 from /usr/local/lib/R/site-library/BH/include/boost/range/size_type.hpp:20,
                 from /usr/local/lib/R/site-library/BH/include/boost/range/size.hpp:21,
                 from /usr/local/lib/R/site-library/BH/include/boost/random/hyperexponential_distribution.hpp:30,
                 from /usr/local/lib/R/site-library/BH/include/boost/random.hpp:71,
                 from shuffle_matrix.cpp:4:
/usr/local/lib/R/site-library/BH/include/boost/concept/detail/general.hpp: In instantiation of ‘static void boost::concepts::requirement<boost::concepts::failed************ Model::************>::failed() [with Model = boost::Convertible<boost::iterators::random_access_traversal_tag, boost::iterators::forward_traversal_tag>]’:
/usr/local/lib/R/site-library/BH/include/boost/range/concepts.hpp:191:13:   required from ‘struct boost::range_detail::ForwardIteratorConcept<double*>’
/usr/local/lib/R/site-library/BH/include/boost/concept/detail/has_constraints.hpp:32:62:   required by substitution of ‘template<class Model> boost::concepts::detail::yes boost::concepts::detail::has_constraints_(Model*, boost::concepts::detail::wrap_constraints<Model, (& Model::constraints)>*) [with Model = boost::range_detail::ForwardIteratorConcept<double*>]’
/usr/local/lib/R/site-library/BH/include/boost/concept/detail/has_constraints.hpp:42:5:   required from ‘const bool boost::concepts::not_satisfied<boost::range_detail::ForwardIteratorConcept<double*> >::value’
/usr/local/lib/R/site-library/BH/include/boost/concept/detail/has_constraints.hpp:45:51:   required from ‘struct boost::concepts::not_satisfied<boost::range_detail::ForwardIteratorConcept<double*> >’
/usr/local/lib/R/site-library/BH/include/boost/concept/detail/general.hpp:72:8:   required from ‘struct boost::concepts::requirement_<void (*)(boost::range_detail::ForwardIteratorConcept<double*>)>’
/usr/local/lib/R/site-library/BH/include/boost/range/concepts.hpp:321:9:   [ skipping 3 instantiation contexts, use -ftemplate-backtrace-limit=0 to disable ]
/usr/local/lib/R/site-library/BH/include/boost/concept/detail/has_constraints.hpp:32:62:   required by substitution of ‘template<class Model> boost::concepts::detail::yes boost::concepts::detail::has_constraints_(Model*, boost::concepts::detail::wrap_constraints<Model, (& Model::constraints)>*) [with Model = boost::RandomAccessRangeConcept<Rcpp::Vector<14, Rcpp::PreserveStorage> >]’
/usr/local/lib/R/site-library/BH/include/boost/concept/detail/has_constraints.hpp:42:5:   required from ‘const bool boost::concepts::not_satisfied<boost::RandomAccessRangeConcept<Rcpp::Vector<14, Rcpp::PreserveStorage> > >::value’
/usr/local/lib/R/site-library/BH/include/boost/concept/detail/has_constraints.hpp:45:51:   required from ‘struct boost::concepts::not_satisfied<boost::RandomAccessRangeConcept<Rcpp::Vector<14, Rcpp::PreserveStorage> > >’
/usr/local/lib/R/site-library/BH/include/boost/concept/detail/general.hpp:72:8:   required from ‘struct boost::concepts::requirement_<void (*)(boost::RandomAccessRangeConcept<Rcpp::Vector<14, Rcpp::PreserveStorage> >)>’
/usr/local/lib/R/site-library/BH/include/boost/range/algorithm/nth_element.hpp:33:5:   required from ‘RandomAccessRange& boost::range::random_shuffle(RandomAccessRange&, Generator&) [with RandomAccessRange = Rcpp::Vector<14, Rcpp::PreserveStorage>; Generator = pcg_detail::engine<unsigned int, long unsigned int, pcg_detail::xsh_rr_mixin<unsigned int, long unsigned int>, true, pcg_detail::specific_stream<long unsigned int>, pcg_detail::default_multiplier<long unsigned int> >]’
shuffle_matrix.cpp:19:37:   required from here
/usr/local/lib/R/site-library/BH/include/boost/concept/detail/general.hpp:50:47: warning: ‘this’ pointer is null [-Wnonnull]
   50 |     static void failed() { ((Model*)0)->~Model(); }
      |                            ~~~~~~~~~~~~~~~~~~~^~
In file included from /usr/local/lib/R/site-library/BH/include/boost/concept_check.hpp:31,
                 from /usr/local/lib/R/site-library/BH/include/boost/range/concepts.hpp:19,
                 from /usr/local/lib/R/site-library/BH/include/boost/range/size_type.hpp:20,
                 from /usr/local/lib/R/site-library/BH/include/boost/range/size.hpp:21,
                 from /usr/local/lib/R/site-library/BH/include/boost/random/hyperexponential_distribution.hpp:30,
                 from /usr/local/lib/R/site-library/BH/include/boost/random.hpp:71,
                 from shuffle_matrix.cpp:4:
/usr/local/lib/R/site-library/BH/include/boost/concept/usage.hpp:37:7: note: in a call to non-static member function ‘boost::Convertible<X, Y>::~Convertible() [with X = boost::iterators::random_access_traversal_tag; Y = boost::iterators::forward_traversal_tag]’
   37 |       ~model()
      |       ^
/usr/local/lib/R/site-library/BH/include/boost/concept_check.hpp:208:5: note: in expansion of macro ‘BOOST_CONCEPT_USAGE’
  208 |     BOOST_CONCEPT_USAGE(Convertible) {
      |     ^~~~~~~~~~~~~~~~~~~
In file included from /usr/local/lib/R/site-library/BH/include/boost/concept/assert.hpp:35,
                 from /usr/local/lib/R/site-library/BH/include/boost/concept_check.hpp:20,
                 from /usr/local/lib/R/site-library/BH/include/boost/range/concepts.hpp:19,
                 from /usr/local/lib/R/site-library/BH/include/boost/range/size_type.hpp:20,
                 from /usr/local/lib/R/site-library/BH/include/boost/range/size.hpp:21,
                 from /usr/local/lib/R/site-library/BH/include/boost/random/hyperexponential_distribution.hpp:30,
                 from /usr/local/lib/R/site-library/BH/include/boost/random.hpp:71,
                 from shuffle_matrix.cpp:4:
/usr/local/lib/R/site-library/BH/include/boost/concept/detail/general.hpp: In instantiation of ‘static void boost::concepts::requirement<boost::concepts::failed************ Model::************>::failed() [with Model = boost::concepts::usage_requirements<boost::range_detail::ForwardIteratorConcept<double*> >]’:
/usr/local/lib/R/site-library/BH/include/boost/range/concepts.hpp:197:13:   required from ‘struct boost::range_detail::ForwardIteratorConcept<double*>’
/usr/local/lib/R/site-library/BH/include/boost/concept/detail/has_constraints.hpp:32:62:   required by substitution of ‘template<class Model> boost::concepts::detail::yes boost::concepts::detail::has_constraints_(Model*, boost::concepts::detail::wrap_constraints<Model, (& Model::constraints)>*) [with Model = boost::range_detail::ForwardIteratorConcept<double*>]’
/usr/local/lib/R/site-library/BH/include/boost/concept/detail/has_constraints.hpp:42:5:   required from ‘const bool boost::concepts::not_satisfied<boost::range_detail::ForwardIteratorConcept<double*> >::value’
/usr/local/lib/R/site-library/BH/include/boost/concept/detail/has_constraints.hpp:45:51:   required from ‘struct boost::concepts::not_satisfied<boost::range_detail::ForwardIteratorConcept<double*> >’
/usr/local/lib/R/site-library/BH/include/boost/concept/detail/general.hpp:72:8:   required from ‘struct boost::concepts::requirement_<void (*)(boost::range_detail::ForwardIteratorConcept<double*>)>’
/usr/local/lib/R/site-library/BH/include/boost/range/concepts.hpp:321:9:   [ skipping 3 instantiation contexts, use -ftemplate-backtrace-limit=0 to disable ]
/usr/local/lib/R/site-library/BH/include/boost/concept/detail/has_constraints.hpp:32:62:   required by substitution of ‘template<class Model> boost::concepts::detail::yes boost::concepts::detail::has_constraints_(Model*, boost::concepts::detail::wrap_constraints<Model, (& Model::constraints)>*) [with Model = boost::RandomAccessRangeConcept<Rcpp::Vector<14, Rcpp::PreserveStorage> >]’
/usr/local/lib/R/site-library/BH/include/boost/concept/detail/has_constraints.hpp:42:5:   required from ‘const bool boost::concepts::not_satisfied<boost::RandomAccessRangeConcept<Rcpp::Vector<14, Rcpp::PreserveStorage> > >::value’
/usr/local/lib/R/site-library/BH/include/boost/concept/detail/has_constraints.hpp:45:51:   required from ‘struct boost::concepts::not_satisfied<boost::RandomAccessRangeConcept<Rcpp::Vector<14, Rcpp::PreserveStorage> > >’
/usr/local/lib/R/site-library/BH/include/boost/concept/detail/general.hpp:72:8:   required from ‘struct boost::concepts::requirement_<void (*)(boost::RandomAccessRangeConcept<Rcpp::Vector<14, Rcpp::PreserveStorage> >)>’
/usr/local/lib/R/site-library/BH/include/boost/range/algorithm/nth_element.hpp:33:5:   required from ‘RandomAccessRange& boost::range::random_shuffle(RandomAccessRange&, Generator&) [with RandomAccessRange = Rcpp::Vector<14, Rcpp::PreserveStorage>; Generator = pcg_detail::engine<unsigned int, long unsigned int, pcg_detail::xsh_rr_mixin<unsigned int, long unsigned int>, true, pcg_detail::specific_stream<long unsigned int>, pcg_detail::default_multiplier<long unsigned int> >]’
shuffle_matrix.cpp:19:37:   required from here
/usr/local/lib/R/site-library/BH/include/boost/concept/detail/general.hpp:50:47: warning: ‘this’ pointer is null [-Wnonnull]
   50 |     static void failed() { ((Model*)0)->~Model(); }
      |                            ~~~~~~~~~~~~~~~~~~~^~
In file included from /usr/local/lib/R/site-library/BH/include/boost/concept_check.hpp:31,
                 from /usr/local/lib/R/site-library/BH/include/boost/range/concepts.hpp:19,
                 from /usr/local/lib/R/site-library/BH/include/boost/range/size_type.hpp:20,
                 from /usr/local/lib/R/site-library/BH/include/boost/range/size.hpp:21,
                 from /usr/local/lib/R/site-library/BH/include/boost/random/hyperexponential_distribution.hpp:30,
                 from /usr/local/lib/R/site-library/BH/include/boost/random.hpp:71,
                 from shuffle_matrix.cpp:4:
/usr/local/lib/R/site-library/BH/include/boost/concept/usage.hpp:20:5: note: in a call to non-static member function ‘boost::concepts::usage_requirements<Model>::~usage_requirements() [with Model = boost::range_detail::ForwardIteratorConcept<double*>]’
   20 |     ~usage_requirements() { ((Model*)0)->~Model(); }
      |     ^
In file included from /usr/local/lib/R/site-library/BH/include/boost/concept/assert.hpp:35,
                 from /usr/local/lib/R/site-library/BH/include/boost/concept_check.hpp:20,
                 from /usr/local/lib/R/site-library/BH/include/boost/range/concepts.hpp:19,
                 from /usr/local/lib/R/site-library/BH/include/boost/range/size_type.hpp:20,
                 from /usr/local/lib/R/site-library/BH/include/boost/range/size.hpp:21,
                 from /usr/local/lib/R/site-library/BH/include/boost/random/hyperexponential_distribution.hpp:30,
                 from /usr/local/lib/R/site-library/BH/include/boost/random.hpp:71,
                 from shuffle_matrix.cpp:4:
/usr/local/lib/R/site-library/BH/include/boost/concept/detail/general.hpp: In instantiation of ‘static void boost::concepts::requirement<boost::concepts::failed************ Model::************>::failed() [with Model = boost::range_detail::ForwardIteratorConcept<double*>]’:
/usr/local/lib/R/site-library/BH/include/boost/range/concepts.hpp:321:9:   required from ‘struct boost::ForwardRangeConcept<Rcpp::Vector<14, Rcpp::PreserveStorage> >’
/usr/local/lib/R/site-library/BH/include/boost/range/concepts.hpp:352:12:   required from ‘struct boost::BidirectionalRangeConcept<Rcpp::Vector<14, Rcpp::PreserveStorage> >’
/usr/local/lib/R/site-library/BH/include/boost/range/concepts.hpp:370:12:   required from ‘struct boost::RandomAccessRangeConcept<Rcpp::Vector<14, Rcpp::PreserveStorage> >’
/usr/local/lib/R/site-library/BH/include/boost/concept/detail/has_constraints.hpp:32:62:   required by substitution of ‘template<class Model> boost::concepts::detail::yes boost::concepts::detail::has_constraints_(Model*, boost::concepts::detail::wrap_constraints<Model, (& Model::constraints)>*) [with Model = boost::RandomAccessRangeConcept<Rcpp::Vector<14, Rcpp::PreserveStorage> >]’
/usr/local/lib/R/site-library/BH/include/boost/concept/detail/has_constraints.hpp:42:5:   required from ‘const bool boost::concepts::not_satisfied<boost::RandomAccessRangeConcept<Rcpp::Vector<14, Rcpp::PreserveStorage> > >::value’
/usr/local/lib/R/site-library/BH/include/boost/concept/detail/has_constraints.hpp:45:51:   required from ‘struct boost::concepts::not_satisfied<boost::RandomAccessRangeConcept<Rcpp::Vector<14, Rcpp::PreserveStorage> > >’
/usr/local/lib/R/site-library/BH/include/boost/concept/detail/general.hpp:72:8:   required from ‘struct boost::concepts::requirement_<void (*)(boost::RandomAccessRangeConcept<Rcpp::Vector<14, Rcpp::PreserveStorage> >)>’
/usr/local/lib/R/site-library/BH/include/boost/range/algorithm/nth_element.hpp:33:5:   required from ‘RandomAccessRange& boost::range::random_shuffle(RandomAccessRange&, Generator&) [with RandomAccessRange = Rcpp::Vector<14, Rcpp::PreserveStorage>; Generator = pcg_detail::engine<unsigned int, long unsigned int, pcg_detail::xsh_rr_mixin<unsigned int, long unsigned int>, true, pcg_detail::specific_stream<long unsigned int>, pcg_detail::default_multiplier<long unsigned int> >]’
shuffle_matrix.cpp:19:37:   required from here
/usr/local/lib/R/site-library/BH/include/boost/concept/detail/general.hpp:50:47: warning: ‘this’ pointer is null [-Wnonnull]
   50 |     static void failed() { ((Model*)0)->~Model(); }
      |                            ~~~~~~~~~~~~~~~~~~~^~
In file included from /usr/local/lib/R/site-library/BH/include/boost/concept_check.hpp:31,
                 from /usr/local/lib/R/site-library/BH/include/boost/range/concepts.hpp:19,
                 from /usr/local/lib/R/site-library/BH/include/boost/range/size_type.hpp:20,
                 from /usr/local/lib/R/site-library/BH/include/boost/range/size.hpp:21,
                 from /usr/local/lib/R/site-library/BH/include/boost/random/hyperexponential_distribution.hpp:30,
                 from /usr/local/lib/R/site-library/BH/include/boost/random.hpp:71,
                 from shuffle_matrix.cpp:4:
/usr/local/lib/R/site-library/BH/include/boost/concept/usage.hpp:37:7: note: in a call to non-static member function ‘boost::range_detail::ForwardIteratorConcept<Iterator>::~ForwardIteratorConcept() [with Iterator = double*]’
   37 |       ~model()
      |       ^
/usr/local/lib/R/site-library/BH/include/boost/range/concepts.hpp:197:13: note: in expansion of macro ‘BOOST_CONCEPT_USAGE’
  197 |             BOOST_CONCEPT_USAGE(ForwardIteratorConcept)
      |             ^~~~~~~~~~~~~~~~~~~
In file included from /usr/local/lib/R/site-library/BH/include/boost/concept/assert.hpp:35,
                 from /usr/local/lib/R/site-library/BH/include/boost/concept_check.hpp:20,
                 from /usr/local/lib/R/site-library/BH/include/boost/range/concepts.hpp:19,
                 from /usr/local/lib/R/site-library/BH/include/boost/range/size_type.hpp:20,
                 from /usr/local/lib/R/site-library/BH/include/boost/range/size.hpp:21,
                 from /usr/local/lib/R/site-library/BH/include/boost/random/hyperexponential_distribution.hpp:30,
                 from /usr/local/lib/R/site-library/BH/include/boost/random.hpp:71,
                 from shuffle_matrix.cpp:4:
/usr/local/lib/R/site-library/BH/include/boost/concept/detail/general.hpp: In instantiation of ‘static void boost::concepts::requirement<boost::concepts::failed************ Model::************>::failed() [with Model = boost::concepts::usage_requirements<boost::DefaultConstructible<const double*> >]’:
/usr/local/lib/R/site-library/BH/include/boost/concept_check.hpp:137:5:   required from ‘struct boost::DefaultConstructible<const double*>’
/usr/local/lib/R/site-library/BH/include/boost/range/concepts.hpp:181:16:   required from ‘struct boost::range_detail::ForwardIteratorConcept<const double*>’
/usr/local/lib/R/site-library/BH/include/boost/concept/detail/has_constraints.hpp:32:62:   required by substitution of ‘template<class Model> boost::concepts::detail::yes boost::concepts::detail::has_constraints_(Model*, boost::concepts::detail::wrap_constraints<Model, (& Model::constraints)>*) [with Model = boost::range_detail::ForwardIteratorConcept<const double*>]’
/usr/local/lib/R/site-library/BH/include/boost/concept/detail/has_constraints.hpp:42:5:   required from ‘const bool boost::concepts::not_satisfied<boost::range_detail::ForwardIteratorConcept<const double*> >::value’
/usr/local/lib/R/site-library/BH/include/boost/concept/detail/has_constraints.hpp:45:51:   required from ‘struct boost::concepts::not_satisfied<boost::range_detail::ForwardIteratorConcept<const double*> >’
/usr/local/lib/R/site-library/BH/include/boost/concept/detail/general.hpp:72:8:   [ skipping 4 instantiation contexts, use -ftemplate-backtrace-limit=0 to disable ]
/usr/local/lib/R/site-library/BH/include/boost/concept/detail/has_constraints.hpp:32:62:   required by substitution of ‘template<class Model> boost::concepts::detail::yes boost::concepts::detail::has_constraints_(Model*, boost::concepts::detail::wrap_constraints<Model, (& Model::constraints)>*) [with Model = boost::RandomAccessRangeConcept<Rcpp::Vector<14, Rcpp::PreserveStorage> >]’
/usr/local/lib/R/site-library/BH/include/boost/concept/detail/has_constraints.hpp:42:5:   required from ‘const bool boost::concepts::not_satisfied<boost::RandomAccessRangeConcept<Rcpp::Vector<14, Rcpp::PreserveStorage> > >::value’
/usr/local/lib/R/site-library/BH/include/boost/concept/detail/has_constraints.hpp:45:51:   required from ‘struct boost::concepts::not_satisfied<boost::RandomAccessRangeConcept<Rcpp::Vector<14, Rcpp::PreserveStorage> > >’
/usr/local/lib/R/site-library/BH/include/boost/concept/detail/general.hpp:72:8:   required from ‘struct boost::concepts::requirement_<void (*)(boost::RandomAccessRangeConcept<Rcpp::Vector<14, Rcpp::PreserveStorage> >)>’
/usr/local/lib/R/site-library/BH/include/boost/range/algorithm/nth_element.hpp:33:5:   required from ‘RandomAccessRange& boost::range::random_shuffle(RandomAccessRange&, Generator&) [with RandomAccessRange = Rcpp::Vector<14, Rcpp::PreserveStorage>; Generator = pcg_detail::engine<unsigned int, long unsigned int, pcg_detail::xsh_rr_mixin<unsigned int, long unsigned int>, true, pcg_detail::specific_stream<long unsigned int>, pcg_detail::default_multiplier<long unsigned int> >]’
shuffle_matrix.cpp:19:37:   required from here
/usr/local/lib/R/site-library/BH/include/boost/concept/detail/general.hpp:50:47: warning: ‘this’ pointer is null [-Wnonnull]
   50 |     static void failed() { ((Model*)0)->~Model(); }
      |                            ~~~~~~~~~~~~~~~~~~~^~
In file included from /usr/local/lib/R/site-library/BH/include/boost/concept_check.hpp:31,
                 from /usr/local/lib/R/site-library/BH/include/boost/range/concepts.hpp:19,
                 from /usr/local/lib/R/site-library/BH/include/boost/range/size_type.hpp:20,
                 from /usr/local/lib/R/site-library/BH/include/boost/range/size.hpp:21,
                 from /usr/local/lib/R/site-library/BH/include/boost/random/hyperexponential_distribution.hpp:30,
                 from /usr/local/lib/R/site-library/BH/include/boost/random.hpp:71,
                 from shuffle_matrix.cpp:4:
/usr/local/lib/R/site-library/BH/include/boost/concept/usage.hpp:20:5: note: in a call to non-static member function ‘boost::concepts::usage_requirements<Model>::~usage_requirements() [with Model = boost::DefaultConstructible<const double*>]’
   20 |     ~usage_requirements() { ((Model*)0)->~Model(); }
      |     ^
In file included from /usr/local/lib/R/site-library/BH/include/boost/concept/assert.hpp:35,
                 from /usr/local/lib/R/site-library/BH/include/boost/concept_check.hpp:20,
                 from /usr/local/lib/R/site-library/BH/include/boost/range/concepts.hpp:19,
                 from /usr/local/lib/R/site-library/BH/include/boost/range/size_type.hpp:20,
                 from /usr/local/lib/R/site-library/BH/include/boost/range/size.hpp:21,
                 from /usr/local/lib/R/site-library/BH/include/boost/random/hyperexponential_distribution.hpp:30,
                 from /usr/local/lib/R/site-library/BH/include/boost/random.hpp:71,
                 from shuffle_matrix.cpp:4:
/usr/local/lib/R/site-library/BH/include/boost/concept/detail/general.hpp: In instantiation of ‘static void boost::concepts::requirement<boost::concepts::failed************ Model::************>::failed() [with Model = boost::concepts::usage_requirements<boost::range_detail::ForwardIteratorConcept<const double*> >]’:
/usr/local/lib/R/site-library/BH/include/boost/range/concepts.hpp:197:13:   required from ‘struct boost::range_detail::ForwardIteratorConcept<const double*>’
/usr/local/lib/R/site-library/BH/include/boost/concept/detail/has_constraints.hpp:32:62:   required by substitution of ‘template<class Model> boost::concepts::detail::yes boost::concepts::detail::has_constraints_(Model*, boost::concepts::detail::wrap_constraints<Model, (& Model::constraints)>*) [with Model = boost::range_detail::ForwardIteratorConcept<const double*>]’
/usr/local/lib/R/site-library/BH/include/boost/concept/detail/has_constraints.hpp:42:5:   required from ‘const bool boost::concepts::not_satisfied<boost::range_detail::ForwardIteratorConcept<const double*> >::value’
/usr/local/lib/R/site-library/BH/include/boost/concept/detail/has_constraints.hpp:45:51:   required from ‘struct boost::concepts::not_satisfied<boost::range_detail::ForwardIteratorConcept<const double*> >’
/usr/local/lib/R/site-library/BH/include/boost/concept/detail/general.hpp:72:8:   required from ‘struct boost::concepts::requirement_<void (*)(boost::range_detail::ForwardIteratorConcept<const double*>)>’
/usr/local/lib/R/site-library/BH/include/boost/range/concepts.hpp:322:9:   [ skipping 3 instantiation contexts, use -ftemplate-backtrace-limit=0 to disable ]
/usr/local/lib/R/site-library/BH/include/boost/concept/detail/has_constraints.hpp:32:62:   required by substitution of ‘template<class Model> boost::concepts::detail::yes boost::concepts::detail::has_constraints_(Model*, boost::concepts::detail::wrap_constraints<Model, (& Model::constraints)>*) [with Model = boost::RandomAccessRangeConcept<Rcpp::Vector<14, Rcpp::PreserveStorage> >]’
/usr/local/lib/R/site-library/BH/include/boost/concept/detail/has_constraints.hpp:42:5:   required from ‘const bool boost::concepts::not_satisfied<boost::RandomAccessRangeConcept<Rcpp::Vector<14, Rcpp::PreserveStorage> > >::value’
/usr/local/lib/R/site-library/BH/include/boost/concept/detail/has_constraints.hpp:45:51:   required from ‘struct boost::concepts::not_satisfied<boost::RandomAccessRangeConcept<Rcpp::Vector<14, Rcpp::PreserveStorage> > >’
/usr/local/lib/R/site-library/BH/include/boost/concept/detail/general.hpp:72:8:   required from ‘struct boost::concepts::requirement_<void (*)(boost::RandomAccessRangeConcept<Rcpp::Vector<14, Rcpp::PreserveStorage> >)>’
/usr/local/lib/R/site-library/BH/include/boost/range/algorithm/nth_element.hpp:33:5:   required from ‘RandomAccessRange& boost::range::random_shuffle(RandomAccessRange&, Generator&) [with RandomAccessRange = Rcpp::Vector<14, Rcpp::PreserveStorage>; Generator = pcg_detail::engine<unsigned int, long unsigned int, pcg_detail::xsh_rr_mixin<unsigned int, long unsigned int>, true, pcg_detail::specific_stream<long unsigned int>, pcg_detail::default_multiplier<long unsigned int> >]’
shuffle_matrix.cpp:19:37:   required from here
/usr/local/lib/R/site-library/BH/include/boost/concept/detail/general.hpp:50:47: warning: ‘this’ pointer is null [-Wnonnull]
   50 |     static void failed() { ((Model*)0)->~Model(); }
      |                            ~~~~~~~~~~~~~~~~~~~^~
In file included from /usr/local/lib/R/site-library/BH/include/boost/concept_check.hpp:31,
                 from /usr/local/lib/R/site-library/BH/include/boost/range/concepts.hpp:19,
                 from /usr/local/lib/R/site-library/BH/include/boost/range/size_type.hpp:20,
                 from /usr/local/lib/R/site-library/BH/include/boost/range/size.hpp:21,
                 from /usr/local/lib/R/site-library/BH/include/boost/random/hyperexponential_distribution.hpp:30,
                 from /usr/local/lib/R/site-library/BH/include/boost/random.hpp:71,
                 from shuffle_matrix.cpp:4:
/usr/local/lib/R/site-library/BH/include/boost/concept/usage.hpp:20:5: note: in a call to non-static member function ‘boost::concepts::usage_requirements<Model>::~usage_requirements() [with Model = boost::range_detail::ForwardIteratorConcept<const double*>]’
   20 |     ~usage_requirements() { ((Model*)0)->~Model(); }
      |     ^
In file included from /usr/local/lib/R/site-library/BH/include/boost/concept/assert.hpp:35,
                 from /usr/local/lib/R/site-library/BH/include/boost/concept_check.hpp:20,
                 from /usr/local/lib/R/site-library/BH/include/boost/range/concepts.hpp:19,
                 from /usr/local/lib/R/site-library/BH/include/boost/range/size_type.hpp:20,
                 from /usr/local/lib/R/site-library/BH/include/boost/range/size.hpp:21,
                 from /usr/local/lib/R/site-library/BH/include/boost/random/hyperexponential_distribution.hpp:30,
                 from /usr/local/lib/R/site-library/BH/include/boost/random.hpp:71,
                 from shuffle_matrix.cpp:4:
/usr/local/lib/R/site-library/BH/include/boost/concept/detail/general.hpp: In instantiation of ‘static void boost::concepts::requirement<boost::concepts::failed************ Model::************>::failed() [with Model = boost::range_detail::ForwardIteratorConcept<const double*>]’:
/usr/local/lib/R/site-library/BH/include/boost/range/concepts.hpp:322:9:   required from ‘struct boost::ForwardRangeConcept<Rcpp::Vector<14, Rcpp::PreserveStorage> >’
/usr/local/lib/R/site-library/BH/include/boost/range/concepts.hpp:352:12:   required from ‘struct boost::BidirectionalRangeConcept<Rcpp::Vector<14, Rcpp::PreserveStorage> >’
/usr/local/lib/R/site-library/BH/include/boost/range/concepts.hpp:370:12:   required from ‘struct boost::RandomAccessRangeConcept<Rcpp::Vector<14, Rcpp::PreserveStorage> >’
/usr/local/lib/R/site-library/BH/include/boost/concept/detail/has_constraints.hpp:32:62:   required by substitution of ‘template<class Model> boost::concepts::detail::yes boost::concepts::detail::has_constraints_(Model*, boost::concepts::detail::wrap_constraints<Model, (& Model::constraints)>*) [with Model = boost::RandomAccessRangeConcept<Rcpp::Vector<14, Rcpp::PreserveStorage> >]’
/usr/local/lib/R/site-library/BH/include/boost/concept/detail/has_constraints.hpp:42:5:   required from ‘const bool boost::concepts::not_satisfied<boost::RandomAccessRangeConcept<Rcpp::Vector<14, Rcpp::PreserveStorage> > >::value’
/usr/local/lib/R/site-library/BH/include/boost/concept/detail/has_constraints.hpp:45:51:   required from ‘struct boost::concepts::not_satisfied<boost::RandomAccessRangeConcept<Rcpp::Vector<14, Rcpp::PreserveStorage> > >’
/usr/local/lib/R/site-library/BH/include/boost/concept/detail/general.hpp:72:8:   required from ‘struct boost::concepts::requirement_<void (*)(boost::RandomAccessRangeConcept<Rcpp::Vector<14, Rcpp::PreserveStorage> >)>’
/usr/local/lib/R/site-library/BH/include/boost/range/algorithm/nth_element.hpp:33:5:   required from ‘RandomAccessRange& boost::range::random_shuffle(RandomAccessRange&, Generator&) [with RandomAccessRange = Rcpp::Vector<14, Rcpp::PreserveStorage>; Generator = pcg_detail::engine<unsigned int, long unsigned int, pcg_detail::xsh_rr_mixin<unsigned int, long unsigned int>, true, pcg_detail::specific_stream<long unsigned int>, pcg_detail::default_multiplier<long unsigned int> >]’
shuffle_matrix.cpp:19:37:   required from here
/usr/local/lib/R/site-library/BH/include/boost/concept/detail/general.hpp:50:47: warning: ‘this’ pointer is null [-Wnonnull]
   50 |     static void failed() { ((Model*)0)->~Model(); }
      |                            ~~~~~~~~~~~~~~~~~~~^~
In file included from /usr/local/lib/R/site-library/BH/include/boost/concept_check.hpp:31,
                 from /usr/local/lib/R/site-library/BH/include/boost/range/concepts.hpp:19,
                 from /usr/local/lib/R/site-library/BH/include/boost/range/size_type.hpp:20,
                 from /usr/local/lib/R/site-library/BH/include/boost/range/size.hpp:21,
                 from /usr/local/lib/R/site-library/BH/include/boost/random/hyperexponential_distribution.hpp:30,
                 from /usr/local/lib/R/site-library/BH/include/boost/random.hpp:71,
                 from shuffle_matrix.cpp:4:
/usr/local/lib/R/site-library/BH/include/boost/concept/usage.hpp:37:7: note: in a call to non-static member function ‘boost::range_detail::ForwardIteratorConcept<Iterator>::~ForwardIteratorConcept() [with Iterator = const double*]’
   37 |       ~model()
      |       ^
/usr/local/lib/R/site-library/BH/include/boost/range/concepts.hpp:197:13: note: in expansion of macro ‘BOOST_CONCEPT_USAGE’
  197 |             BOOST_CONCEPT_USAGE(ForwardIteratorConcept)
      |             ^~~~~~~~~~~~~~~~~~~
In file included from /usr/local/lib/R/site-library/BH/include/boost/concept/assert.hpp:35,
                 from /usr/local/lib/R/site-library/BH/include/boost/concept_check.hpp:20,
                 from /usr/local/lib/R/site-library/BH/include/boost/range/concepts.hpp:19,
                 from /usr/local/lib/R/site-library/BH/include/boost/range/size_type.hpp:20,
                 from /usr/local/lib/R/site-library/BH/include/boost/range/size.hpp:21,
                 from /usr/local/lib/R/site-library/BH/include/boost/random/hyperexponential_distribution.hpp:30,
                 from /usr/local/lib/R/site-library/BH/include/boost/random.hpp:71,
                 from shuffle_matrix.cpp:4:
/usr/local/lib/R/site-library/BH/include/boost/concept/detail/general.hpp: In instantiation of ‘static void boost::concepts::requirement<boost::concepts::failed************ Model::************>::failed() [with Model = boost::concepts::usage_requirements<boost::Convertible<boost::iterators::random_access_traversal_tag, boost::iterators::bidirectional_traversal_tag> >]’:
/usr/local/lib/R/site-library/BH/include/boost/concept_check.hpp:208:5:   required from ‘struct boost::Convertible<boost::iterators::random_access_traversal_tag, boost::iterators::bidirectional_traversal_tag>’
/usr/local/lib/R/site-library/BH/include/boost/concept/detail/has_constraints.hpp:32:62:   required by substitution of ‘template<class Model> boost::concepts::detail::yes boost::concepts::detail::has_constraints_(Model*, boost::concepts::detail::wrap_constraints<Model, (& Model::constraints)>*) [with Model = boost::Convertible<boost::iterators::random_access_traversal_tag, boost::iterators::bidirectional_traversal_tag>]’
/usr/local/lib/R/site-library/BH/include/boost/concept/detail/has_constraints.hpp:42:5:   required from ‘const bool boost::concepts::not_satisfied<boost::Convertible<boost::iterators::random_access_traversal_tag, boost::iterators::bidirectional_traversal_tag> >::value’
/usr/local/lib/R/site-library/BH/include/boost/concept/detail/has_constraints.hpp:45:51:   required from ‘struct boost::concepts::not_satisfied<boost::Convertible<boost::iterators::random_access_traversal_tag, boost::iterators::bidirectional_traversal_tag> >’
/usr/local/lib/R/site-library/BH/include/boost/concept/detail/general.hpp:72:8:   required from ‘struct boost::concepts::requirement_<void (*)(boost::Convertible<boost::iterators::random_access_traversal_tag, boost::iterators::bidirectional_traversal_tag>)>’
/usr/local/lib/R/site-library/BH/include/boost/range/concepts.hpp:218:14:   [ skipping 7 instantiation contexts, use -ftemplate-backtrace-limit=0 to disable ]
/usr/local/lib/R/site-library/BH/include/boost/concept/detail/has_constraints.hpp:32:62:   required by substitution of ‘template<class Model> boost::concepts::detail::yes boost::concepts::detail::has_constraints_(Model*, boost::concepts::detail::wrap_constraints<Model, (& Model::constraints)>*) [with Model = boost::RandomAccessRangeConcept<Rcpp::Vector<14, Rcpp::PreserveStorage> >]’
/usr/local/lib/R/site-library/BH/include/boost/concept/detail/has_constraints.hpp:42:5:   required from ‘const bool boost::concepts::not_satisfied<boost::RandomAccessRangeConcept<Rcpp::Vector<14, Rcpp::PreserveStorage> > >::value’
/usr/local/lib/R/site-library/BH/include/boost/concept/detail/has_constraints.hpp:45:51:   required from ‘struct boost::concepts::not_satisfied<boost::RandomAccessRangeConcept<Rcpp::Vector<14, Rcpp::PreserveStorage> > >’
/usr/local/lib/R/site-library/BH/include/boost/concept/detail/general.hpp:72:8:   required from ‘struct boost::concepts::requirement_<void (*)(boost::RandomAccessRangeConcept<Rcpp::Vector<14, Rcpp::PreserveStorage> >)>’
/usr/local/lib/R/site-library/BH/include/boost/range/algorithm/nth_element.hpp:33:5:   required from ‘RandomAccessRange& boost::range::random_shuffle(RandomAccessRange&, Generator&) [with RandomAccessRange = Rcpp::Vector<14, Rcpp::PreserveStorage>; Generator = pcg_detail::engine<unsigned int, long unsigned int, pcg_detail::xsh_rr_mixin<unsigned int, long unsigned int>, true, pcg_detail::specific_stream<long unsigned int>, pcg_detail::default_multiplier<long unsigned int> >]’
shuffle_matrix.cpp:19:37:   required from here
/usr/local/lib/R/site-library/BH/include/boost/concept/detail/general.hpp:50:47: warning: ‘this’ pointer is null [-Wnonnull]
   50 |     static void failed() { ((Model*)0)->~Model(); }
      |                            ~~~~~~~~~~~~~~~~~~~^~
In file included from /usr/local/lib/R/site-library/BH/include/boost/concept_check.hpp:31,
                 from /usr/local/lib/R/site-library/BH/include/boost/range/concepts.hpp:19,
                 from /usr/local/lib/R/site-library/BH/include/boost/range/size_type.hpp:20,
                 from /usr/local/lib/R/site-library/BH/include/boost/range/size.hpp:21,
                 from /usr/local/lib/R/site-library/BH/include/boost/random/hyperexponential_distribution.hpp:30,
                 from /usr/local/lib/R/site-library/BH/include/boost/random.hpp:71,
                 from shuffle_matrix.cpp:4:
/usr/local/lib/R/site-library/BH/include/boost/concept/usage.hpp:20:5: note: in a call to non-static member function ‘boost::concepts::usage_requirements<Model>::~usage_requirements() [with Model = boost::Convertible<boost::iterators::random_access_traversal_tag, boost::iterators::bidirectional_traversal_tag>]’
   20 |     ~usage_requirements() { ((Model*)0)->~Model(); }
      |     ^
In file included from /usr/local/lib/R/site-library/BH/include/boost/concept/assert.hpp:35,
                 from /usr/local/lib/R/site-library/BH/include/boost/concept_check.hpp:20,
                 from /usr/local/lib/R/site-library/BH/include/boost/range/concepts.hpp:19,
                 from /usr/local/lib/R/site-library/BH/include/boost/range/size_type.hpp:20,
                 from /usr/local/lib/R/site-library/BH/include/boost/range/size.hpp:21,
                 from /usr/local/lib/R/site-library/BH/include/boost/random/hyperexponential_distribution.hpp:30,
                 from /usr/local/lib/R/site-library/BH/include/boost/random.hpp:71,
                 from shuffle_matrix.cpp:4:
/usr/local/lib/R/site-library/BH/include/boost/concept/detail/general.hpp: In instantiation of ‘static void boost::concepts::requirement<boost::concepts::failed************ Model::************>::failed() [with Model = boost::Convertible<boost::iterators::random_access_traversal_tag, boost::iterators::bidirectional_traversal_tag>]’:
/usr/local/lib/R/site-library/BH/include/boost/range/concepts.hpp:218:14:   required from ‘struct boost::range_detail::BidirectionalIteratorConcept<double*>’
/usr/local/lib/R/site-library/BH/include/boost/concept/detail/has_constraints.hpp:32:62:   required by substitution of ‘template<class Model> boost::concepts::detail::yes boost::concepts::detail::has_constraints_(Model*, boost::concepts::detail::wrap_constraints<Model, (& Model::constraints)>*) [with Model = boost::range_detail::BidirectionalIteratorConcept<double*>]’
/usr/local/lib/R/site-library/BH/include/boost/concept/detail/has_constraints.hpp:42:5:   required from ‘const bool boost::concepts::not_satisfied<boost::range_detail::BidirectionalIteratorConcept<double*> >::value’
/usr/local/lib/R/site-library/BH/include/boost/concept/detail/has_constraints.hpp:45:51:   required from ‘struct boost::concepts::not_satisfied<boost::range_detail::BidirectionalIteratorConcept<double*> >’
/usr/local/lib/R/site-library/BH/include/boost/concept/detail/general.hpp:72:8:   required from ‘struct boost::concepts::requirement_<void (*)(boost::range_detail::BidirectionalIteratorConcept<double*>)>’
/usr/local/lib/R/site-library/BH/include/boost/range/concepts.hpp:355:9:   [ skipping 2 instantiation contexts, use -ftemplate-backtrace-limit=0 to disable ]
/usr/local/lib/R/site-library/BH/include/boost/concept/detail/has_constraints.hpp:32:62:   required by substitution of ‘template<class Model> boost::concepts::detail::yes boost::concepts::detail::has_constraints_(Model*, boost::concepts::detail::wrap_constraints<Model, (& Model::constraints)>*) [with Model = boost::RandomAccessRangeConcept<Rcpp::Vector<14, Rcpp::PreserveStorage> >]’
/usr/local/lib/R/site-library/BH/include/boost/concept/detail/has_constraints.hpp:42:5:   required from ‘const bool boost::concepts::not_satisfied<boost::RandomAccessRangeConcept<Rcpp::Vector<14, Rcpp::PreserveStorage> > >::value’
/usr/local/lib/R/site-library/BH/include/boost/concept/detail/has_constraints.hpp:45:51:   required from ‘struct boost::concepts::not_satisfied<boost::RandomAccessRangeConcept<Rcpp::Vector<14, Rcpp::PreserveStorage> > >’
/usr/local/lib/R/site-library/BH/include/boost/concept/detail/general.hpp:72:8:   required from ‘struct boost::concepts::requirement_<void (*)(boost::RandomAccessRangeConcept<Rcpp::Vector<14, Rcpp::PreserveStorage> >)>’
/usr/local/lib/R/site-library/BH/include/boost/range/algorithm/nth_element.hpp:33:5:   required from ‘RandomAccessRange& boost::range::random_shuffle(RandomAccessRange&, Generator&) [with RandomAccessRange = Rcpp::Vector<14, Rcpp::PreserveStorage>; Generator = pcg_detail::engine<unsigned int, long unsigned int, pcg_detail::xsh_rr_mixin<unsigned int, long unsigned int>, true, pcg_detail::specific_stream<long unsigned int>, pcg_detail::default_multiplier<long unsigned int> >]’
shuffle_matrix.cpp:19:37:   required from here
/usr/local/lib/R/site-library/BH/include/boost/concept/detail/general.hpp:50:47: warning: ‘this’ pointer is null [-Wnonnull]
   50 |     static void failed() { ((Model*)0)->~Model(); }
      |                            ~~~~~~~~~~~~~~~~~~~^~
In file included from /usr/local/lib/R/site-library/BH/include/boost/concept_check.hpp:31,
                 from /usr/local/lib/R/site-library/BH/include/boost/range/concepts.hpp:19,
                 from /usr/local/lib/R/site-library/BH/include/boost/range/size_type.hpp:20,
                 from /usr/local/lib/R/site-library/BH/include/boost/range/size.hpp:21,
                 from /usr/local/lib/R/site-library/BH/include/boost/random/hyperexponential_distribution.hpp:30,
                 from /usr/local/lib/R/site-library/BH/include/boost/random.hpp:71,
                 from shuffle_matrix.cpp:4:
/usr/local/lib/R/site-library/BH/include/boost/concept/usage.hpp:37:7: note: in a call to non-static member function ‘boost::Convertible<X, Y>::~Convertible() [with X = boost::iterators::random_access_traversal_tag; Y = boost::iterators::bidirectional_traversal_tag]’
   37 |       ~model()
      |       ^
/usr/local/lib/R/site-library/BH/include/boost/concept_check.hpp:208:5: note: in expansion of macro ‘BOOST_CONCEPT_USAGE’
  208 |     BOOST_CONCEPT_USAGE(Convertible) {
      |     ^~~~~~~~~~~~~~~~~~~
In file included from /usr/local/lib/R/site-library/BH/include/boost/concept/assert.hpp:35,
                 from /usr/local/lib/R/site-library/BH/include/boost/concept_check.hpp:20,
                 from /usr/local/lib/R/site-library/BH/include/boost/range/concepts.hpp:19,
                 from /usr/local/lib/R/site-library/BH/include/boost/range/size_type.hpp:20,
                 from /usr/local/lib/R/site-library/BH/include/boost/range/size.hpp:21,
                 from /usr/local/lib/R/site-library/BH/include/boost/random/hyperexponential_distribution.hpp:30,
                 from /usr/local/lib/R/site-library/BH/include/boost/random.hpp:71,
                 from shuffle_matrix.cpp:4:
/usr/local/lib/R/site-library/BH/include/boost/concept/detail/general.hpp: In instantiation of ‘static void boost::concepts::requirement<boost::concepts::failed************ Model::************>::failed() [with Model = boost::concepts::usage_requirements<boost::range_detail::BidirectionalIteratorConcept<double*> >]’:
/usr/local/lib/R/site-library/BH/include/boost/range/concepts.hpp:224:14:   required from ‘struct boost::range_detail::BidirectionalIteratorConcept<double*>’
/usr/local/lib/R/site-library/BH/include/boost/concept/detail/has_constraints.hpp:32:62:   required by substitution of ‘template<class Model> boost::concepts::detail::yes boost::concepts::detail::has_constraints_(Model*, boost::concepts::detail::wrap_constraints<Model, (& Model::constraints)>*) [with Model = boost::range_detail::BidirectionalIteratorConcept<double*>]’
/usr/local/lib/R/site-library/BH/include/boost/concept/detail/has_constraints.hpp:42:5:   required from ‘const bool boost::concepts::not_satisfied<boost::range_detail::BidirectionalIteratorConcept<double*> >::value’
/usr/local/lib/R/site-library/BH/include/boost/concept/detail/has_constraints.hpp:45:51:   required from ‘struct boost::concepts::not_satisfied<boost::range_detail::BidirectionalIteratorConcept<double*> >’
/usr/local/lib/R/site-library/BH/include/boost/concept/detail/general.hpp:72:8:   required from ‘struct boost::concepts::requirement_<void (*)(boost::range_detail::BidirectionalIteratorConcept<double*>)>’
/usr/local/lib/R/site-library/BH/include/boost/range/concepts.hpp:355:9:   [ skipping 2 instantiation contexts, use -ftemplate-backtrace-limit=0 to disable ]
/usr/local/lib/R/site-library/BH/include/boost/concept/detail/has_constraints.hpp:32:62:   required by substitution of ‘template<class Model> boost::concepts::detail::yes boost::concepts::detail::has_constraints_(Model*, boost::concepts::detail::wrap_constraints<Model, (& Model::constraints)>*) [with Model = boost::RandomAccessRangeConcept<Rcpp::Vector<14, Rcpp::PreserveStorage> >]’
/usr/local/lib/R/site-library/BH/include/boost/concept/detail/has_constraints.hpp:42:5:   required from ‘const bool boost::concepts::not_satisfied<boost::RandomAccessRangeConcept<Rcpp::Vector<14, Rcpp::PreserveStorage> > >::value’
/usr/local/lib/R/site-library/BH/include/boost/concept/detail/has_constraints.hpp:45:51:   required from ‘struct boost::concepts::not_satisfied<boost::RandomAccessRangeConcept<Rcpp::Vector<14, Rcpp::PreserveStorage> > >’
/usr/local/lib/R/site-library/BH/include/boost/concept/detail/general.hpp:72:8:   required from ‘struct boost::concepts::requirement_<void (*)(boost::RandomAccessRangeConcept<Rcpp::Vector<14, Rcpp::PreserveStorage> >)>’
/usr/local/lib/R/site-library/BH/include/boost/range/algorithm/nth_element.hpp:33:5:   required from ‘RandomAccessRange& boost::range::random_shuffle(RandomAccessRange&, Generator&) [with RandomAccessRange = Rcpp::Vector<14, Rcpp::PreserveStorage>; Generator = pcg_detail::engine<unsigned int, long unsigned int, pcg_detail::xsh_rr_mixin<unsigned int, long unsigned int>, true, pcg_detail::specific_stream<long unsigned int>, pcg_detail::default_multiplier<long unsigned int> >]’
shuffle_matrix.cpp:19:37:   required from here
/usr/local/lib/R/site-library/BH/include/boost/concept/detail/general.hpp:50:47: warning: ‘this’ pointer is null [-Wnonnull]
   50 |     static void failed() { ((Model*)0)->~Model(); }
      |                            ~~~~~~~~~~~~~~~~~~~^~
In file included from /usr/local/lib/R/site-library/BH/include/boost/concept_check.hpp:31,
                 from /usr/local/lib/R/site-library/BH/include/boost/range/concepts.hpp:19,
                 from /usr/local/lib/R/site-library/BH/include/boost/range/size_type.hpp:20,
                 from /usr/local/lib/R/site-library/BH/include/boost/range/size.hpp:21,
                 from /usr/local/lib/R/site-library/BH/include/boost/random/hyperexponential_distribution.hpp:30,
                 from /usr/local/lib/R/site-library/BH/include/boost/random.hpp:71,
                 from shuffle_matrix.cpp:4:
/usr/local/lib/R/site-library/BH/include/boost/concept/usage.hpp:20:5: note: in a call to non-static member function ‘boost::concepts::usage_requirements<Model>::~usage_requirements() [with Model = boost::range_detail::BidirectionalIteratorConcept<double*>]’
   20 |     ~usage_requirements() { ((Model*)0)->~Model(); }
      |     ^
In file included from /usr/local/lib/R/site-library/BH/include/boost/concept/assert.hpp:35,
                 from /usr/local/lib/R/site-library/BH/include/boost/concept_check.hpp:20,
                 from /usr/local/lib/R/site-library/BH/include/boost/range/concepts.hpp:19,
                 from /usr/local/lib/R/site-library/BH/include/boost/range/size_type.hpp:20,
                 from /usr/local/lib/R/site-library/BH/include/boost/range/size.hpp:21,
                 from /usr/local/lib/R/site-library/BH/include/boost/random/hyperexponential_distribution.hpp:30,
                 from /usr/local/lib/R/site-library/BH/include/boost/random.hpp:71,
                 from shuffle_matrix.cpp:4:
/usr/local/lib/R/site-library/BH/include/boost/concept/detail/general.hpp: In instantiation of ‘static void boost::concepts::requirement<boost::concepts::failed************ Model::************>::failed() [with Model = boost::range_detail::BidirectionalIteratorConcept<double*>]’:
/usr/local/lib/R/site-library/BH/include/boost/range/concepts.hpp:355:9:   required from ‘struct boost::BidirectionalRangeConcept<Rcpp::Vector<14, Rcpp::PreserveStorage> >’
/usr/local/lib/R/site-library/BH/include/boost/range/concepts.hpp:370:12:   required from ‘struct boost::RandomAccessRangeConcept<Rcpp::Vector<14, Rcpp::PreserveStorage> >’
/usr/local/lib/R/site-library/BH/include/boost/concept/detail/has_constraints.hpp:32:62:   required by substitution of ‘template<class Model> boost::concepts::detail::yes boost::concepts::detail::has_constraints_(Model*, boost::concepts::detail::wrap_constraints<Model, (& Model::constraints)>*) [with Model = boost::RandomAccessRangeConcept<Rcpp::Vector<14, Rcpp::PreserveStorage> >]’
/usr/local/lib/R/site-library/BH/include/boost/concept/detail/has_constraints.hpp:42:5:   required from ‘const bool boost::concepts::not_satisfied<boost::RandomAccessRangeConcept<Rcpp::Vector<14, Rcpp::PreserveStorage> > >::value’
/usr/local/lib/R/site-library/BH/include/boost/concept/detail/has_constraints.hpp:45:51:   required from ‘struct boost::concepts::not_satisfied<boost::RandomAccessRangeConcept<Rcpp::Vector<14, Rcpp::PreserveStorage> > >’
/usr/local/lib/R/site-library/BH/include/boost/concept/detail/general.hpp:72:8:   required from ‘struct boost::concepts::requirement_<void (*)(boost::RandomAccessRangeConcept<Rcpp::Vector<14, Rcpp::PreserveStorage> >)>’
/usr/local/lib/R/site-library/BH/include/boost/range/algorithm/nth_element.hpp:33:5:   required from ‘RandomAccessRange& boost::range::random_shuffle(RandomAccessRange&, Generator&) [with RandomAccessRange = Rcpp::Vector<14, Rcpp::PreserveStorage>; Generator = pcg_detail::engine<unsigned int, long unsigned int, pcg_detail::xsh_rr_mixin<unsigned int, long unsigned int>, true, pcg_detail::specific_stream<long unsigned int>, pcg_detail::default_multiplier<long unsigned int> >]’
shuffle_matrix.cpp:19:37:   required from here
/usr/local/lib/R/site-library/BH/include/boost/concept/detail/general.hpp:50:47: warning: ‘this’ pointer is null [-Wnonnull]
   50 |     static void failed() { ((Model*)0)->~Model(); }
      |                            ~~~~~~~~~~~~~~~~~~~^~
In file included from /usr/local/lib/R/site-library/BH/include/boost/concept_check.hpp:31,
                 from /usr/local/lib/R/site-library/BH/include/boost/range/concepts.hpp:19,
                 from /usr/local/lib/R/site-library/BH/include/boost/range/size_type.hpp:20,
                 from /usr/local/lib/R/site-library/BH/include/boost/range/size.hpp:21,
                 from /usr/local/lib/R/site-library/BH/include/boost/random/hyperexponential_distribution.hpp:30,
                 from /usr/local/lib/R/site-library/BH/include/boost/random.hpp:71,
                 from shuffle_matrix.cpp:4:
/usr/local/lib/R/site-library/BH/include/boost/concept/usage.hpp:37:7: note: in a call to non-static member function ‘boost::range_detail::BidirectionalIteratorConcept<Iterator>::~BidirectionalIteratorConcept() [with Iterator = double*]’
   37 |       ~model()
      |       ^
/usr/local/lib/R/site-library/BH/include/boost/range/concepts.hpp:224:14: note: in expansion of macro ‘BOOST_CONCEPT_USAGE’
  224 |              BOOST_CONCEPT_USAGE(BidirectionalIteratorConcept)
      |              ^~~~~~~~~~~~~~~~~~~
In file included from /usr/local/lib/R/site-library/BH/include/boost/concept/assert.hpp:35,
                 from /usr/local/lib/R/site-library/BH/include/boost/concept_check.hpp:20,
                 from /usr/local/lib/R/site-library/BH/include/boost/range/concepts.hpp:19,
                 from /usr/local/lib/R/site-library/BH/include/boost/range/size_type.hpp:20,
                 from /usr/local/lib/R/site-library/BH/include/boost/range/size.hpp:21,
                 from /usr/local/lib/R/site-library/BH/include/boost/random/hyperexponential_distribution.hpp:30,
                 from /usr/local/lib/R/site-library/BH/include/boost/random.hpp:71,
                 from shuffle_matrix.cpp:4:
/usr/local/lib/R/site-library/BH/include/boost/concept/detail/general.hpp: In instantiation of ‘static void boost::concepts::requirement<boost::concepts::failed************ Model::************>::failed() [with Model = boost::concepts::usage_requirements<boost::range_detail::BidirectionalIteratorConcept<const double*> >]’:
/usr/local/lib/R/site-library/BH/include/boost/range/concepts.hpp:224:14:   required from ‘struct boost::range_detail::BidirectionalIteratorConcept<const double*>’
/usr/local/lib/R/site-library/BH/include/boost/concept/detail/has_constraints.hpp:32:62:   required by substitution of ‘template<class Model> boost::concepts::detail::yes boost::concepts::detail::has_constraints_(Model*, boost::concepts::detail::wrap_constraints<Model, (& Model::constraints)>*) [with Model = boost::range_detail::BidirectionalIteratorConcept<const double*>]’
/usr/local/lib/R/site-library/BH/include/boost/concept/detail/has_constraints.hpp:42:5:   required from ‘const bool boost::concepts::not_satisfied<boost::range_detail::BidirectionalIteratorConcept<const double*> >::value’
/usr/local/lib/R/site-library/BH/include/boost/concept/detail/has_constraints.hpp:45:51:   required from ‘struct boost::concepts::not_satisfied<boost::range_detail::BidirectionalIteratorConcept<const double*> >’
/usr/local/lib/R/site-library/BH/include/boost/concept/detail/general.hpp:72:8:   required from ‘struct boost::concepts::requirement_<void (*)(boost::range_detail::BidirectionalIteratorConcept<const double*>)>’
/usr/local/lib/R/site-library/BH/include/boost/range/concepts.hpp:356:9:   [ skipping 2 instantiation contexts, use -ftemplate-backtrace-limit=0 to disable ]
/usr/local/lib/R/site-library/BH/include/boost/concept/detail/has_constraints.hpp:32:62:   required by substitution of ‘template<class Model> boost::concepts::detail::yes boost::concepts::detail::has_constraints_(Model*, boost::concepts::detail::wrap_constraints<Model, (& Model::constraints)>*) [with Model = boost::RandomAccessRangeConcept<Rcpp::Vector<14, Rcpp::PreserveStorage> >]’
/usr/local/lib/R/site-library/BH/include/boost/concept/detail/has_constraints.hpp:42:5:   required from ‘const bool boost::concepts::not_satisfied<boost::RandomAccessRangeConcept<Rcpp::Vector<14, Rcpp::PreserveStorage> > >::value’
/usr/local/lib/R/site-library/BH/include/boost/concept/detail/has_constraints.hpp:45:51:   required from ‘struct boost::concepts::not_satisfied<boost::RandomAccessRangeConcept<Rcpp::Vector<14, Rcpp::PreserveStorage> > >’
/usr/local/lib/R/site-library/BH/include/boost/concept/detail/general.hpp:72:8:   required from ‘struct boost::concepts::requirement_<void (*)(boost::RandomAccessRangeConcept<Rcpp::Vector<14, Rcpp::PreserveStorage> >)>’
/usr/local/lib/R/site-library/BH/include/boost/range/algorithm/nth_element.hpp:33:5:   required from ‘RandomAccessRange& boost::range::random_shuffle(RandomAccessRange&, Generator&) [with RandomAccessRange = Rcpp::Vector<14, Rcpp::PreserveStorage>; Generator = pcg_detail::engine<unsigned int, long unsigned int, pcg_detail::xsh_rr_mixin<unsigned int, long unsigned int>, true, pcg_detail::specific_stream<long unsigned int>, pcg_detail::default_multiplier<long unsigned int> >]’
shuffle_matrix.cpp:19:37:   required from here
/usr/local/lib/R/site-library/BH/include/boost/concept/detail/general.hpp:50:47: warning: ‘this’ pointer is null [-Wnonnull]
   50 |     static void failed() { ((Model*)0)->~Model(); }
      |                            ~~~~~~~~~~~~~~~~~~~^~
In file included from /usr/local/lib/R/site-library/BH/include/boost/concept_check.hpp:31,
                 from /usr/local/lib/R/site-library/BH/include/boost/range/concepts.hpp:19,
                 from /usr/local/lib/R/site-library/BH/include/boost/range/size_type.hpp:20,
                 from /usr/local/lib/R/site-library/BH/include/boost/range/size.hpp:21,
                 from /usr/local/lib/R/site-library/BH/include/boost/random/hyperexponential_distribution.hpp:30,
                 from /usr/local/lib/R/site-library/BH/include/boost/random.hpp:71,
                 from shuffle_matrix.cpp:4:
/usr/local/lib/R/site-library/BH/include/boost/concept/usage.hpp:20:5: note: in a call to non-static member function ‘boost::concepts::usage_requirements<Model>::~usage_requirements() [with Model = boost::range_detail::BidirectionalIteratorConcept<const double*>]’
   20 |     ~usage_requirements() { ((Model*)0)->~Model(); }
      |     ^
In file included from /usr/local/lib/R/site-library/BH/include/boost/concept/assert.hpp:35,
                 from /usr/local/lib/R/site-library/BH/include/boost/concept_check.hpp:20,
                 from /usr/local/lib/R/site-library/BH/include/boost/range/concepts.hpp:19,
                 from /usr/local/lib/R/site-library/BH/include/boost/range/size_type.hpp:20,
                 from /usr/local/lib/R/site-library/BH/include/boost/range/size.hpp:21,
                 from /usr/local/lib/R/site-library/BH/include/boost/random/hyperexponential_distribution.hpp:30,
                 from /usr/local/lib/R/site-library/BH/include/boost/random.hpp:71,
                 from shuffle_matrix.cpp:4:
/usr/local/lib/R/site-library/BH/include/boost/concept/detail/general.hpp: In instantiation of ‘static void boost::concepts::requirement<boost::concepts::failed************ Model::************>::failed() [with Model = boost::range_detail::BidirectionalIteratorConcept<const double*>]’:
/usr/local/lib/R/site-library/BH/include/boost/range/concepts.hpp:356:9:   required from ‘struct boost::BidirectionalRangeConcept<Rcpp::Vector<14, Rcpp::PreserveStorage> >’
/usr/local/lib/R/site-library/BH/include/boost/range/concepts.hpp:370:12:   required from ‘struct boost::RandomAccessRangeConcept<Rcpp::Vector<14, Rcpp::PreserveStorage> >’
/usr/local/lib/R/site-library/BH/include/boost/concept/detail/has_constraints.hpp:32:62:   required by substitution of ‘template<class Model> boost::concepts::detail::yes boost::concepts::detail::has_constraints_(Model*, boost::concepts::detail::wrap_constraints<Model, (& Model::constraints)>*) [with Model = boost::RandomAccessRangeConcept<Rcpp::Vector<14, Rcpp::PreserveStorage> >]’
/usr/local/lib/R/site-library/BH/include/boost/concept/detail/has_constraints.hpp:42:5:   required from ‘const bool boost::concepts::not_satisfied<boost::RandomAccessRangeConcept<Rcpp::Vector<14, Rcpp::PreserveStorage> > >::value’
/usr/local/lib/R/site-library/BH/include/boost/concept/detail/has_constraints.hpp:45:51:   required from ‘struct boost::concepts::not_satisfied<boost::RandomAccessRangeConcept<Rcpp::Vector<14, Rcpp::PreserveStorage> > >’
/usr/local/lib/R/site-library/BH/include/boost/concept/detail/general.hpp:72:8:   required from ‘struct boost::concepts::requirement_<void (*)(boost::RandomAccessRangeConcept<Rcpp::Vector<14, Rcpp::PreserveStorage> >)>’
/usr/local/lib/R/site-library/BH/include/boost/range/algorithm/nth_element.hpp:33:5:   required from ‘RandomAccessRange& boost::range::random_shuffle(RandomAccessRange&, Generator&) [with RandomAccessRange = Rcpp::Vector<14, Rcpp::PreserveStorage>; Generator = pcg_detail::engine<unsigned int, long unsigned int, pcg_detail::xsh_rr_mixin<unsigned int, long unsigned int>, true, pcg_detail::specific_stream<long unsigned int>, pcg_detail::default_multiplier<long unsigned int> >]’
shuffle_matrix.cpp:19:37:   required from here
/usr/local/lib/R/site-library/BH/include/boost/concept/detail/general.hpp:50:47: warning: ‘this’ pointer is null [-Wnonnull]
   50 |     static void failed() { ((Model*)0)->~Model(); }
      |                            ~~~~~~~~~~~~~~~~~~~^~
In file included from /usr/local/lib/R/site-library/BH/include/boost/concept_check.hpp:31,
                 from /usr/local/lib/R/site-library/BH/include/boost/range/concepts.hpp:19,
                 from /usr/local/lib/R/site-library/BH/include/boost/range/size_type.hpp:20,
                 from /usr/local/lib/R/site-library/BH/include/boost/range/size.hpp:21,
                 from /usr/local/lib/R/site-library/BH/include/boost/random/hyperexponential_distribution.hpp:30,
                 from /usr/local/lib/R/site-library/BH/include/boost/random.hpp:71,
                 from shuffle_matrix.cpp:4:
/usr/local/lib/R/site-library/BH/include/boost/concept/usage.hpp:37:7: note: in a call to non-static member function ‘boost::range_detail::BidirectionalIteratorConcept<Iterator>::~BidirectionalIteratorConcept() [with Iterator = const double*]’
   37 |       ~model()
      |       ^
/usr/local/lib/R/site-library/BH/include/boost/range/concepts.hpp:224:14: note: in expansion of macro ‘BOOST_CONCEPT_USAGE’
  224 |              BOOST_CONCEPT_USAGE(BidirectionalIteratorConcept)
      |              ^~~~~~~~~~~~~~~~~~~
In file included from /usr/local/lib/R/site-library/BH/include/boost/concept/assert.hpp:35,
                 from /usr/local/lib/R/site-library/BH/include/boost/concept_check.hpp:20,
                 from /usr/local/lib/R/site-library/BH/include/boost/range/concepts.hpp:19,
                 from /usr/local/lib/R/site-library/BH/include/boost/range/size_type.hpp:20,
                 from /usr/local/lib/R/site-library/BH/include/boost/range/size.hpp:21,
                 from /usr/local/lib/R/site-library/BH/include/boost/random/hyperexponential_distribution.hpp:30,
                 from /usr/local/lib/R/site-library/BH/include/boost/random.hpp:71,
                 from shuffle_matrix.cpp:4:
/usr/local/lib/R/site-library/BH/include/boost/concept/detail/general.hpp: In instantiation of ‘static void boost::concepts::requirement<boost::concepts::failed************ Model::************>::failed() [with Model = boost::concepts::usage_requirements<boost::Convertible<boost::iterators::random_access_traversal_tag, boost::iterators::random_access_traversal_tag> >]’:
/usr/local/lib/R/site-library/BH/include/boost/concept_check.hpp:208:5:   required from ‘struct boost::Convertible<boost::iterators::random_access_traversal_tag, boost::iterators::random_access_traversal_tag>’
/usr/local/lib/R/site-library/BH/include/boost/concept/detail/has_constraints.hpp:32:62:   required by substitution of ‘template<class Model> boost::concepts::detail::yes boost::concepts::detail::has_constraints_(Model*, boost::concepts::detail::wrap_constraints<Model, (& Model::constraints)>*) [with Model = boost::Convertible<boost::iterators::random_access_traversal_tag, boost::iterators::random_access_traversal_tag>]’
/usr/local/lib/R/site-library/BH/include/boost/concept/detail/has_constraints.hpp:42:5:   required from ‘const bool boost::concepts::not_satisfied<boost::Convertible<boost::iterators::random_access_traversal_tag, boost::iterators::random_access_traversal_tag> >::value’
/usr/local/lib/R/site-library/BH/include/boost/concept/detail/has_constraints.hpp:45:51:   required from ‘struct boost::concepts::not_satisfied<boost::Convertible<boost::iterators::random_access_traversal_tag, boost::iterators::random_access_traversal_tag> >’
/usr/local/lib/R/site-library/BH/include/boost/concept/detail/general.hpp:72:8:   required from ‘struct boost::concepts::requirement_<void (*)(boost::Convertible<boost::iterators::random_access_traversal_tag, boost::iterators::random_access_traversal_tag>)>’
/usr/local/lib/R/site-library/BH/include/boost/range/concepts.hpp:239:14:   [ skipping 6 instantiation contexts, use -ftemplate-backtrace-limit=0 to disable ]
/usr/local/lib/R/site-library/BH/include/boost/concept/detail/has_constraints.hpp:32:62:   required by substitution of ‘template<class Model> boost::concepts::detail::yes boost::concepts::detail::has_constraints_(Model*, boost::concepts::detail::wrap_constraints<Model, (& Model::constraints)>*) [with Model = boost::RandomAccessRangeConcept<Rcpp::Vector<14, Rcpp::PreserveStorage> >]’
/usr/local/lib/R/site-library/BH/include/boost/concept/detail/has_constraints.hpp:42:5:   required from ‘const bool boost::concepts::not_satisfied<boost::RandomAccessRangeConcept<Rcpp::Vector<14, Rcpp::PreserveStorage> > >::value’
/usr/local/lib/R/site-library/BH/include/boost/concept/detail/has_constraints.hpp:45:51:   required from ‘struct boost::concepts::not_satisfied<boost::RandomAccessRangeConcept<Rcpp::Vector<14, Rcpp::PreserveStorage> > >’
/usr/local/lib/R/site-library/BH/include/boost/concept/detail/general.hpp:72:8:   required from ‘struct boost::concepts::requirement_<void (*)(boost::RandomAccessRangeConcept<Rcpp::Vector<14, Rcpp::PreserveStorage> >)>’
/usr/local/lib/R/site-library/BH/include/boost/range/algorithm/nth_element.hpp:33:5:   required from ‘RandomAccessRange& boost::range::random_shuffle(RandomAccessRange&, Generator&) [with RandomAccessRange = Rcpp::Vector<14, Rcpp::PreserveStorage>; Generator = pcg_detail::engine<unsigned int, long unsigned int, pcg_detail::xsh_rr_mixin<unsigned int, long unsigned int>, true, pcg_detail::specific_stream<long unsigned int>, pcg_detail::default_multiplier<long unsigned int> >]’
shuffle_matrix.cpp:19:37:   required from here
/usr/local/lib/R/site-library/BH/include/boost/concept/detail/general.hpp:50:47: warning: ‘this’ pointer is null [-Wnonnull]
   50 |     static void failed() { ((Model*)0)->~Model(); }
      |                            ~~~~~~~~~~~~~~~~~~~^~
In file included from /usr/local/lib/R/site-library/BH/include/boost/concept_check.hpp:31,
                 from /usr/local/lib/R/site-library/BH/include/boost/range/concepts.hpp:19,
                 from /usr/local/lib/R/site-library/BH/include/boost/range/size_type.hpp:20,
                 from /usr/local/lib/R/site-library/BH/include/boost/range/size.hpp:21,
                 from /usr/local/lib/R/site-library/BH/include/boost/random/hyperexponential_distribution.hpp:30,
                 from /usr/local/lib/R/site-library/BH/include/boost/random.hpp:71,
                 from shuffle_matrix.cpp:4:
/usr/local/lib/R/site-library/BH/include/boost/concept/usage.hpp:20:5: note: in a call to non-static member function ‘boost::concepts::usage_requirements<Model>::~usage_requirements() [with Model = boost::Convertible<boost::iterators::random_access_traversal_tag, boost::iterators::random_access_traversal_tag>]’
   20 |     ~usage_requirements() { ((Model*)0)->~Model(); }
      |     ^
In file included from /usr/local/lib/R/site-library/BH/include/boost/concept/assert.hpp:35,
                 from /usr/local/lib/R/site-library/BH/include/boost/concept_check.hpp:20,
                 from /usr/local/lib/R/site-library/BH/include/boost/range/concepts.hpp:19,
                 from /usr/local/lib/R/site-library/BH/include/boost/range/size_type.hpp:20,
                 from /usr/local/lib/R/site-library/BH/include/boost/range/size.hpp:21,
                 from /usr/local/lib/R/site-library/BH/include/boost/random/hyperexponential_distribution.hpp:30,
                 from /usr/local/lib/R/site-library/BH/include/boost/random.hpp:71,
                 from shuffle_matrix.cpp:4:
/usr/local/lib/R/site-library/BH/include/boost/concept/detail/general.hpp: In instantiation of ‘static void boost::concepts::requirement<boost::concepts::failed************ Model::************>::failed() [with Model = boost::Convertible<boost::iterators::random_access_traversal_tag, boost::iterators::random_access_traversal_tag>]’:
/usr/local/lib/R/site-library/BH/include/boost/range/concepts.hpp:239:14:   required from ‘struct boost::range_detail::RandomAccessIteratorConcept<double*>’
/usr/local/lib/R/site-library/BH/include/boost/concept/detail/has_constraints.hpp:32:62:   required by substitution of ‘template<class Model> boost::concepts::detail::yes boost::concepts::detail::has_constraints_(Model*, boost::concepts::detail::wrap_constraints<Model, (& Model::constraints)>*) [with Model = boost::range_detail::RandomAccessIteratorConcept<double*>]’
/usr/local/lib/R/site-library/BH/include/boost/concept/detail/has_constraints.hpp:42:5:   required from ‘const bool boost::concepts::not_satisfied<boost::range_detail::RandomAccessIteratorConcept<double*> >::value’
/usr/local/lib/R/site-library/BH/include/boost/concept/detail/has_constraints.hpp:45:51:   required from ‘struct boost::concepts::not_satisfied<boost::range_detail::RandomAccessIteratorConcept<double*> >’
/usr/local/lib/R/site-library/BH/include/boost/concept/detail/general.hpp:72:8:   [ skipping 2 instantiation contexts, use -ftemplate-backtrace-limit=0 to disable ]
/usr/local/lib/R/site-library/BH/include/boost/concept/detail/has_constraints.hpp:32:62:   required by substitution of ‘template<class Model> boost::concepts::detail::yes boost::concepts::detail::has_constraints_(Model*, boost::concepts::detail::wrap_constraints<Model, (& Model::constraints)>*) [with Model = boost::RandomAccessRangeConcept<Rcpp::Vector<14, Rcpp::PreserveStorage> >]’
/usr/local/lib/R/site-library/BH/include/boost/concept/detail/has_constraints.hpp:42:5:   required from ‘const bool boost::concepts::not_satisfied<boost::RandomAccessRangeConcept<Rcpp::Vector<14, Rcpp::PreserveStorage> > >::value’
/usr/local/lib/R/site-library/BH/include/boost/concept/detail/has_constraints.hpp:45:51:   required from ‘struct boost::concepts::not_satisfied<boost::RandomAccessRangeConcept<Rcpp::Vector<14, Rcpp::PreserveStorage> > >’
/usr/local/lib/R/site-library/BH/include/boost/concept/detail/general.hpp:72:8:   required from ‘struct boost::concepts::requirement_<void (*)(boost::RandomAccessRangeConcept<Rcpp::Vector<14, Rcpp::PreserveStorage> >)>’
/usr/local/lib/R/site-library/BH/include/boost/range/algorithm/nth_element.hpp:33:5:   required from ‘RandomAccessRange& boost::range::random_shuffle(RandomAccessRange&, Generator&) [with RandomAccessRange = Rcpp::Vector<14, Rcpp::PreserveStorage>; Generator = pcg_detail::engine<unsigned int, long unsigned int, pcg_detail::xsh_rr_mixin<unsigned int, long unsigned int>, true, pcg_detail::specific_stream<long unsigned int>, pcg_detail::default_multiplier<long unsigned int> >]’
shuffle_matrix.cpp:19:37:   required from here
/usr/local/lib/R/site-library/BH/include/boost/concept/detail/general.hpp:50:47: warning: ‘this’ pointer is null [-Wnonnull]
   50 |     static void failed() { ((Model*)0)->~Model(); }
      |                            ~~~~~~~~~~~~~~~~~~~^~
In file included from /usr/local/lib/R/site-library/BH/include/boost/concept_check.hpp:31,
                 from /usr/local/lib/R/site-library/BH/include/boost/range/concepts.hpp:19,
                 from /usr/local/lib/R/site-library/BH/include/boost/range/size_type.hpp:20,
                 from /usr/local/lib/R/site-library/BH/include/boost/range/size.hpp:21,
                 from /usr/local/lib/R/site-library/BH/include/boost/random/hyperexponential_distribution.hpp:30,
                 from /usr/local/lib/R/site-library/BH/include/boost/random.hpp:71,
                 from shuffle_matrix.cpp:4:
/usr/local/lib/R/site-library/BH/include/boost/concept/usage.hpp:37:7: note: in a call to non-static member function ‘boost::Convertible<X, Y>::~Convertible() [with X = boost::iterators::random_access_traversal_tag; Y = boost::iterators::random_access_traversal_tag]’
   37 |       ~model()
      |       ^
/usr/local/lib/R/site-library/BH/include/boost/concept_check.hpp:208:5: note: in expansion of macro ‘BOOST_CONCEPT_USAGE’
  208 |     BOOST_CONCEPT_USAGE(Convertible) {
      |     ^~~~~~~~~~~~~~~~~~~
In file included from /usr/local/lib/R/site-library/BH/include/boost/concept/assert.hpp:35,
                 from /usr/local/lib/R/site-library/BH/include/boost/concept_check.hpp:20,
                 from /usr/local/lib/R/site-library/BH/include/boost/range/concepts.hpp:19,
                 from /usr/local/lib/R/site-library/BH/include/boost/range/size_type.hpp:20,
                 from /usr/local/lib/R/site-library/BH/include/boost/range/size.hpp:21,
                 from /usr/local/lib/R/site-library/BH/include/boost/random/hyperexponential_distribution.hpp:30,
                 from /usr/local/lib/R/site-library/BH/include/boost/random.hpp:71,
                 from shuffle_matrix.cpp:4:
/usr/local/lib/R/site-library/BH/include/boost/concept/detail/general.hpp: In instantiation of ‘static void boost::concepts::requirement<boost::concepts::failed************ Model::************>::failed() [with Model = boost::concepts::usage_requirements<boost::range_detail::RandomAccessIteratorConcept<double*> >]’:
/usr/local/lib/R/site-library/BH/include/boost/range/concepts.hpp:245:14:   required from ‘struct boost::range_detail::RandomAccessIteratorConcept<double*>’
/usr/local/lib/R/site-library/BH/include/boost/concept/detail/has_constraints.hpp:32:62:   required by substitution of ‘template<class Model> boost::concepts::detail::yes boost::concepts::detail::has_constraints_(Model*, boost::concepts::detail::wrap_constraints<Model, (& Model::constraints)>*) [with Model = boost::range_detail::RandomAccessIteratorConcept<double*>]’
/usr/local/lib/R/site-library/BH/include/boost/concept/detail/has_constraints.hpp:42:5:   required from ‘const bool boost::concepts::not_satisfied<boost::range_detail::RandomAccessIteratorConcept<double*> >::value’
/usr/local/lib/R/site-library/BH/include/boost/concept/detail/has_constraints.hpp:45:51:   required from ‘struct boost::concepts::not_satisfied<boost::range_detail::RandomAccessIteratorConcept<double*> >’
/usr/local/lib/R/site-library/BH/include/boost/concept/detail/general.hpp:72:8:   [ skipping 2 instantiation contexts, use -ftemplate-backtrace-limit=0 to disable ]
/usr/local/lib/R/site-library/BH/include/boost/concept/detail/has_constraints.hpp:32:62:   required by substitution of ‘template<class Model> boost::concepts::detail::yes boost::concepts::detail::has_constraints_(Model*, boost::concepts::detail::wrap_constraints<Model, (& Model::constraints)>*) [with Model = boost::RandomAccessRangeConcept<Rcpp::Vector<14, Rcpp::PreserveStorage> >]’
/usr/local/lib/R/site-library/BH/include/boost/concept/detail/has_constraints.hpp:42:5:   required from ‘const bool boost::concepts::not_satisfied<boost::RandomAccessRangeConcept<Rcpp::Vector<14, Rcpp::PreserveStorage> > >::value’
/usr/local/lib/R/site-library/BH/include/boost/concept/detail/has_constraints.hpp:45:51:   required from ‘struct boost::concepts::not_satisfied<boost::RandomAccessRangeConcept<Rcpp::Vector<14, Rcpp::PreserveStorage> > >’
/usr/local/lib/R/site-library/BH/include/boost/concept/detail/general.hpp:72:8:   required from ‘struct boost::concepts::requirement_<void (*)(boost::RandomAccessRangeConcept<Rcpp::Vector<14, Rcpp::PreserveStorage> >)>’
/usr/local/lib/R/site-library/BH/include/boost/range/algorithm/nth_element.hpp:33:5:   required from ‘RandomAccessRange& boost::range::random_shuffle(RandomAccessRange&, Generator&) [with RandomAccessRange = Rcpp::Vector<14, Rcpp::PreserveStorage>; Generator = pcg_detail::engine<unsigned int, long unsigned int, pcg_detail::xsh_rr_mixin<unsigned int, long unsigned int>, true, pcg_detail::specific_stream<long unsigned int>, pcg_detail::default_multiplier<long unsigned int> >]’
shuffle_matrix.cpp:19:37:   required from here
/usr/local/lib/R/site-library/BH/include/boost/concept/detail/general.hpp:50:47: warning: ‘this’ pointer is null [-Wnonnull]
   50 |     static void failed() { ((Model*)0)->~Model(); }
      |                            ~~~~~~~~~~~~~~~~~~~^~
In file included from /usr/local/lib/R/site-library/BH/include/boost/concept_check.hpp:31,
                 from /usr/local/lib/R/site-library/BH/include/boost/range/concepts.hpp:19,
                 from /usr/local/lib/R/site-library/BH/include/boost/range/size_type.hpp:20,
                 from /usr/local/lib/R/site-library/BH/include/boost/range/size.hpp:21,
                 from /usr/local/lib/R/site-library/BH/include/boost/random/hyperexponential_distribution.hpp:30,
                 from /usr/local/lib/R/site-library/BH/include/boost/random.hpp:71,
                 from shuffle_matrix.cpp:4:
/usr/local/lib/R/site-library/BH/include/boost/concept/usage.hpp:20:5: note: in a call to non-static member function ‘boost::concepts::usage_requirements<Model>::~usage_requirements() [with Model = boost::range_detail::RandomAccessIteratorConcept<double*>]’
   20 |     ~usage_requirements() { ((Model*)0)->~Model(); }
      |     ^
In file included from /usr/local/lib/R/site-library/BH/include/boost/concept/assert.hpp:35,
                 from /usr/local/lib/R/site-library/BH/include/boost/concept_check.hpp:20,
                 from /usr/local/lib/R/site-library/BH/include/boost/range/concepts.hpp:19,
                 from /usr/local/lib/R/site-library/BH/include/boost/range/size_type.hpp:20,
                 from /usr/local/lib/R/site-library/BH/include/boost/range/size.hpp:21,
                 from /usr/local/lib/R/site-library/BH/include/boost/random/hyperexponential_distribution.hpp:30,
                 from /usr/local/lib/R/site-library/BH/include/boost/random.hpp:71,
                 from shuffle_matrix.cpp:4:
/usr/local/lib/R/site-library/BH/include/boost/concept/detail/general.hpp: In instantiation of ‘static void boost::concepts::requirement<boost::concepts::failed************ Model::************>::failed() [with Model = boost::range_detail::RandomAccessIteratorConcept<double*>]’:
/usr/local/lib/R/site-library/BH/include/boost/range/concepts.hpp:373:9:   required from ‘struct boost::RandomAccessRangeConcept<Rcpp::Vector<14, Rcpp::PreserveStorage> >’
/usr/local/lib/R/site-library/BH/include/boost/concept/detail/has_constraints.hpp:32:62:   required by substitution of ‘template<class Model> boost::concepts::detail::yes boost::concepts::detail::has_constraints_(Model*, boost::concepts::detail::wrap_constraints<Model, (& Model::constraints)>*) [with Model = boost::RandomAccessRangeConcept<Rcpp::Vector<14, Rcpp::PreserveStorage> >]’
/usr/local/lib/R/site-library/BH/include/boost/concept/detail/has_constraints.hpp:42:5:   required from ‘const bool boost::concepts::not_satisfied<boost::RandomAccessRangeConcept<Rcpp::Vector<14, Rcpp::PreserveStorage> > >::value’
/usr/local/lib/R/site-library/BH/include/boost/concept/detail/has_constraints.hpp:45:51:   required from ‘struct boost::concepts::not_satisfied<boost::RandomAccessRangeConcept<Rcpp::Vector<14, Rcpp::PreserveStorage> > >’
/usr/local/lib/R/site-library/BH/include/boost/concept/detail/general.hpp:72:8:   required from ‘struct boost::concepts::requirement_<void (*)(boost::RandomAccessRangeConcept<Rcpp::Vector<14, Rcpp::PreserveStorage> >)>’
/usr/local/lib/R/site-library/BH/include/boost/range/algorithm/nth_element.hpp:33:5:   required from ‘RandomAccessRange& boost::range::random_shuffle(RandomAccessRange&, Generator&) [with RandomAccessRange = Rcpp::Vector<14, Rcpp::PreserveStorage>; Generator = pcg_detail::engine<unsigned int, long unsigned int, pcg_detail::xsh_rr_mixin<unsigned int, long unsigned int>, true, pcg_detail::specific_stream<long unsigned int>, pcg_detail::default_multiplier<long unsigned int> >]’
shuffle_matrix.cpp:19:37:   required from here
/usr/local/lib/R/site-library/BH/include/boost/concept/detail/general.hpp:50:47: warning: ‘this’ pointer is null [-Wnonnull]
   50 |     static void failed() { ((Model*)0)->~Model(); }
      |                            ~~~~~~~~~~~~~~~~~~~^~
In file included from /usr/local/lib/R/site-library/BH/include/boost/concept_check.hpp:31,
                 from /usr/local/lib/R/site-library/BH/include/boost/range/concepts.hpp:19,
                 from /usr/local/lib/R/site-library/BH/include/boost/range/size_type.hpp:20,
                 from /usr/local/lib/R/site-library/BH/include/boost/range/size.hpp:21,
                 from /usr/local/lib/R/site-library/BH/include/boost/random/hyperexponential_distribution.hpp:30,
                 from /usr/local/lib/R/site-library/BH/include/boost/random.hpp:71,
                 from shuffle_matrix.cpp:4:
/usr/local/lib/R/site-library/BH/include/boost/concept/usage.hpp:37:7: note: in a call to non-static member function ‘boost::range_detail::RandomAccessIteratorConcept<Iterator>::~RandomAccessIteratorConcept() [with Iterator = double*]’
   37 |       ~model()
      |       ^
/usr/local/lib/R/site-library/BH/include/boost/range/concepts.hpp:245:14: note: in expansion of macro ‘BOOST_CONCEPT_USAGE’
  245 |              BOOST_CONCEPT_USAGE(RandomAccessIteratorConcept)
      |              ^~~~~~~~~~~~~~~~~~~
In file included from /usr/local/lib/R/site-library/BH/include/boost/concept/assert.hpp:35,
                 from /usr/local/lib/R/site-library/BH/include/boost/concept_check.hpp:20,
                 from /usr/local/lib/R/site-library/BH/include/boost/range/concepts.hpp:19,
                 from /usr/local/lib/R/site-library/BH/include/boost/range/size_type.hpp:20,
                 from /usr/local/lib/R/site-library/BH/include/boost/range/size.hpp:21,
                 from /usr/local/lib/R/site-library/BH/include/boost/random/hyperexponential_distribution.hpp:30,
                 from /usr/local/lib/R/site-library/BH/include/boost/random.hpp:71,
                 from shuffle_matrix.cpp:4:
/usr/local/lib/R/site-library/BH/include/boost/concept/detail/general.hpp: In instantiation of ‘static void boost::concepts::requirement<boost::concepts::failed************ Model::************>::failed() [with Model = boost::concepts::usage_requirements<boost::range_detail::RandomAccessIteratorConcept<const double*> >]’:
/usr/local/lib/R/site-library/BH/include/boost/range/concepts.hpp:245:14:   required from ‘struct boost::range_detail::RandomAccessIteratorConcept<const double*>’
/usr/local/lib/R/site-library/BH/include/boost/concept/detail/has_constraints.hpp:32:62:   required by substitution of ‘template<class Model> boost::concepts::detail::yes boost::concepts::detail::has_constraints_(Model*, boost::concepts::detail::wrap_constraints<Model, (& Model::constraints)>*) [with Model = boost::range_detail::RandomAccessIteratorConcept<const double*>]’
/usr/local/lib/R/site-library/BH/include/boost/concept/detail/has_constraints.hpp:42:5:   required from ‘const bool boost::concepts::not_satisfied<boost::range_detail::RandomAccessIteratorConcept<const double*> >::value’
/usr/local/lib/R/site-library/BH/include/boost/concept/detail/has_constraints.hpp:45:51:   required from ‘struct boost::concepts::not_satisfied<boost::range_detail::RandomAccessIteratorConcept<const double*> >’
/usr/local/lib/R/site-library/BH/include/boost/concept/detail/general.hpp:72:8:   [ skipping 2 instantiation contexts, use -ftemplate-backtrace-limit=0 to disable ]
/usr/local/lib/R/site-library/BH/include/boost/concept/detail/has_constraints.hpp:32:62:   required by substitution of ‘template<class Model> boost::concepts::detail::yes boost::concepts::detail::has_constraints_(Model*, boost::concepts::detail::wrap_constraints<Model, (& Model::constraints)>*) [with Model = boost::RandomAccessRangeConcept<Rcpp::Vector<14, Rcpp::PreserveStorage> >]’
/usr/local/lib/R/site-library/BH/include/boost/concept/detail/has_constraints.hpp:42:5:   required from ‘const bool boost::concepts::not_satisfied<boost::RandomAccessRangeConcept<Rcpp::Vector<14, Rcpp::PreserveStorage> > >::value’
/usr/local/lib/R/site-library/BH/include/boost/concept/detail/has_constraints.hpp:45:51:   required from ‘struct boost::concepts::not_satisfied<boost::RandomAccessRangeConcept<Rcpp::Vector<14, Rcpp::PreserveStorage> > >’
/usr/local/lib/R/site-library/BH/include/boost/concept/detail/general.hpp:72:8:   required from ‘struct boost::concepts::requirement_<void (*)(boost::RandomAccessRangeConcept<Rcpp::Vector<14, Rcpp::PreserveStorage> >)>’
/usr/local/lib/R/site-library/BH/include/boost/range/algorithm/nth_element.hpp:33:5:   required from ‘RandomAccessRange& boost::range::random_shuffle(RandomAccessRange&, Generator&) [with RandomAccessRange = Rcpp::Vector<14, Rcpp::PreserveStorage>; Generator = pcg_detail::engine<unsigned int, long unsigned int, pcg_detail::xsh_rr_mixin<unsigned int, long unsigned int>, true, pcg_detail::specific_stream<long unsigned int>, pcg_detail::default_multiplier<long unsigned int> >]’
shuffle_matrix.cpp:19:37:   required from here
/usr/local/lib/R/site-library/BH/include/boost/concept/detail/general.hpp:50:47: warning: ‘this’ pointer is null [-Wnonnull]
   50 |     static void failed() { ((Model*)0)->~Model(); }
      |                            ~~~~~~~~~~~~~~~~~~~^~
In file included from /usr/local/lib/R/site-library/BH/include/boost/concept_check.hpp:31,
                 from /usr/local/lib/R/site-library/BH/include/boost/range/concepts.hpp:19,
                 from /usr/local/lib/R/site-library/BH/include/boost/range/size_type.hpp:20,
                 from /usr/local/lib/R/site-library/BH/include/boost/range/size.hpp:21,
                 from /usr/local/lib/R/site-library/BH/include/boost/random/hyperexponential_distribution.hpp:30,
                 from /usr/local/lib/R/site-library/BH/include/boost/random.hpp:71,
                 from shuffle_matrix.cpp:4:
/usr/local/lib/R/site-library/BH/include/boost/concept/usage.hpp:20:5: note: in a call to non-static member function ‘boost::concepts::usage_requirements<Model>::~usage_requirements() [with Model = boost::range_detail::RandomAccessIteratorConcept<const double*>]’
   20 |     ~usage_requirements() { ((Model*)0)->~Model(); }
      |     ^
In file included from /usr/local/lib/R/site-library/BH/include/boost/concept/assert.hpp:35,
                 from /usr/local/lib/R/site-library/BH/include/boost/concept_check.hpp:20,
                 from /usr/local/lib/R/site-library/BH/include/boost/range/concepts.hpp:19,
                 from /usr/local/lib/R/site-library/BH/include/boost/range/size_type.hpp:20,
                 from /usr/local/lib/R/site-library/BH/include/boost/range/size.hpp:21,
                 from /usr/local/lib/R/site-library/BH/include/boost/random/hyperexponential_distribution.hpp:30,
                 from /usr/local/lib/R/site-library/BH/include/boost/random.hpp:71,
                 from shuffle_matrix.cpp:4:
/usr/local/lib/R/site-library/BH/include/boost/concept/detail/general.hpp: In instantiation of ‘static void boost::concepts::requirement<boost::concepts::failed************ Model::************>::failed() [with Model = boost::range_detail::RandomAccessIteratorConcept<const double*>]’:
/usr/local/lib/R/site-library/BH/include/boost/range/concepts.hpp:374:9:   required from ‘struct boost::RandomAccessRangeConcept<Rcpp::Vector<14, Rcpp::PreserveStorage> >’
/usr/local/lib/R/site-library/BH/include/boost/concept/detail/has_constraints.hpp:32:62:   required by substitution of ‘template<class Model> boost::concepts::detail::yes boost::concepts::detail::has_constraints_(Model*, boost::concepts::detail::wrap_constraints<Model, (& Model::constraints)>*) [with Model = boost::RandomAccessRangeConcept<Rcpp::Vector<14, Rcpp::PreserveStorage> >]’
/usr/local/lib/R/site-library/BH/include/boost/concept/detail/has_constraints.hpp:42:5:   required from ‘const bool boost::concepts::not_satisfied<boost::RandomAccessRangeConcept<Rcpp::Vector<14, Rcpp::PreserveStorage> > >::value’
/usr/local/lib/R/site-library/BH/include/boost/concept/detail/has_constraints.hpp:45:51:   required from ‘struct boost::concepts::not_satisfied<boost::RandomAccessRangeConcept<Rcpp::Vector<14, Rcpp::PreserveStorage> > >’
/usr/local/lib/R/site-library/BH/include/boost/concept/detail/general.hpp:72:8:   required from ‘struct boost::concepts::requirement_<void (*)(boost::RandomAccessRangeConcept<Rcpp::Vector<14, Rcpp::PreserveStorage> >)>’
/usr/local/lib/R/site-library/BH/include/boost/range/algorithm/nth_element.hpp:33:5:   required from ‘RandomAccessRange& boost::range::random_shuffle(RandomAccessRange&, Generator&) [with RandomAccessRange = Rcpp::Vector<14, Rcpp::PreserveStorage>; Generator = pcg_detail::engine<unsigned int, long unsigned int, pcg_detail::xsh_rr_mixin<unsigned int, long unsigned int>, true, pcg_detail::specific_stream<long unsigned int>, pcg_detail::default_multiplier<long unsigned int> >]’
shuffle_matrix.cpp:19:37:   required from here
/usr/local/lib/R/site-library/BH/include/boost/concept/detail/general.hpp:50:47: warning: ‘this’ pointer is null [-Wnonnull]
   50 |     static void failed() { ((Model*)0)->~Model(); }
      |                            ~~~~~~~~~~~~~~~~~~~^~
In file included from /usr/local/lib/R/site-library/BH/include/boost/concept_check.hpp:31,
                 from /usr/local/lib/R/site-library/BH/include/boost/range/concepts.hpp:19,
                 from /usr/local/lib/R/site-library/BH/include/boost/range/size_type.hpp:20,
                 from /usr/local/lib/R/site-library/BH/include/boost/range/size.hpp:21,
                 from /usr/local/lib/R/site-library/BH/include/boost/random/hyperexponential_distribution.hpp:30,
                 from /usr/local/lib/R/site-library/BH/include/boost/random.hpp:71,
                 from shuffle_matrix.cpp:4:
/usr/local/lib/R/site-library/BH/include/boost/concept/usage.hpp:37:7: note: in a call to non-static member function ‘boost::range_detail::RandomAccessIteratorConcept<Iterator>::~RandomAccessIteratorConcept() [with Iterator = const double*]’
   37 |       ~model()
      |       ^
/usr/local/lib/R/site-library/BH/include/boost/range/concepts.hpp:245:14: note: in expansion of macro ‘BOOST_CONCEPT_USAGE’
  245 |              BOOST_CONCEPT_USAGE(RandomAccessIteratorConcept)
      |              ^~~~~~~~~~~~~~~~~~~
In file included from /usr/local/lib/R/site-library/BH/include/boost/concept/assert.hpp:35,
                 from /usr/local/lib/R/site-library/BH/include/boost/concept_check.hpp:20,
                 from /usr/local/lib/R/site-library/BH/include/boost/range/concepts.hpp:19,
                 from /usr/local/lib/R/site-library/BH/include/boost/range/size_type.hpp:20,
                 from /usr/local/lib/R/site-library/BH/include/boost/range/size.hpp:21,
                 from /usr/local/lib/R/site-library/BH/include/boost/random/hyperexponential_distribution.hpp:30,
                 from /usr/local/lib/R/site-library/BH/include/boost/random.hpp:71,
                 from shuffle_matrix.cpp:4:
/usr/local/lib/R/site-library/BH/include/boost/concept/detail/general.hpp: In instantiation of ‘static void boost::concepts::requirement<boost::concepts::failed************ Model::************>::failed() [with Model = boost::RandomAccessRangeConcept<Rcpp::Vector<14, Rcpp::PreserveStorage> >]’:
/usr/local/lib/R/site-library/BH/include/boost/range/algorithm/nth_element.hpp:33:5:   required from ‘RandomAccessRange& boost::range::random_shuffle(RandomAccessRange&, Generator&) [with RandomAccessRange = Rcpp::Vector<14, Rcpp::PreserveStorage>; Generator = pcg_detail::engine<unsigned int, long unsigned int, pcg_detail::xsh_rr_mixin<unsigned int, long unsigned int>, true, pcg_detail::specific_stream<long unsigned int>, pcg_detail::default_multiplier<long unsigned int> >]’
shuffle_matrix.cpp:19:37:   required from here
/usr/local/lib/R/site-library/BH/include/boost/concept/detail/general.hpp:50:47: warning: ‘this’ pointer is null [-Wnonnull]
   50 |     static void failed() { ((Model*)0)->~Model(); }
      |                            ~~~~~~~~~~~~~~~~~~~^~
In file included from /usr/local/lib/R/site-library/BH/include/boost/range/size_type.hpp:20,
                 from /usr/local/lib/R/site-library/BH/include/boost/range/size.hpp:21,
                 from /usr/local/lib/R/site-library/BH/include/boost/random/hyperexponential_distribution.hpp:30,
                 from /usr/local/lib/R/site-library/BH/include/boost/random.hpp:71,
                 from shuffle_matrix.cpp:4:
/usr/local/lib/R/site-library/BH/include/boost/range/concepts.hpp:370:12: note: in a call to non-static member function ‘boost::RandomAccessRangeConcept<Rcpp::Vector<14, Rcpp::PreserveStorage> >::~RandomAccessRangeConcept()’
  370 |     struct RandomAccessRangeConcept : BidirectionalRangeConcept<T>
      |            ^~~~~~~~~~~~~~~~~~~~~~~~
In file included from /usr/local/lib/R/site-library/BH/include/boost/concept_check.hpp:31,
                 from /usr/local/lib/R/site-library/BH/include/boost/range/concepts.hpp:19,
                 from /usr/local/lib/R/site-library/BH/include/boost/range/size_type.hpp:20,
                 from /usr/local/lib/R/site-library/BH/include/boost/range/size.hpp:21,
                 from /usr/local/lib/R/site-library/BH/include/boost/random/hyperexponential_distribution.hpp:30,
                 from /usr/local/lib/R/site-library/BH/include/boost/random.hpp:71,
                 from shuffle_matrix.cpp:4:
/usr/local/lib/R/site-library/BH/include/boost/concept/usage.hpp: In instantiation of ‘boost::concepts::usage_requirements<Model>::~usage_requirements() [with Model = boost::CopyConstructible<double*>]’:
/usr/local/lib/R/site-library/BH/include/boost/concept/detail/general.hpp:50:47:   required from ‘static void boost::concepts::requirement<boost::concepts::failed************ Model::************>::failed() [with Model = boost::concepts::usage_requirements<boost::CopyConstructible<double*> >]’
/usr/local/lib/R/site-library/BH/include/boost/concept_check.hpp:167:5:   required from ‘struct boost::CopyConstructible<double*>’
/usr/local/lib/R/site-library/BH/include/boost/range/concepts.hpp:125:16:   required from ‘struct boost::range_detail::IncrementableIteratorConcept<double*>’
/usr/local/lib/R/site-library/BH/include/boost/range/concepts.hpp:147:16:   required from ‘struct boost::range_detail::SinglePassIteratorConcept<double*>’
/usr/local/lib/R/site-library/BH/include/boost/concept/detail/has_constraints.hpp:32:62:   required by substitution of ‘template<class Model> boost::concepts::detail::yes boost::concepts::detail::has_constraints_(Model*, boost::concepts::detail::wrap_constraints<Model, (& Model::constraints)>*) [with Model = boost::range_detail::SinglePassIteratorConcept<double*>]’
/usr/local/lib/R/site-library/BH/include/boost/concept/detail/has_constraints.hpp:42:5:   [ skipping 7 instantiation contexts, use -ftemplate-backtrace-limit=0 to disable ]
/usr/local/lib/R/site-library/BH/include/boost/concept/detail/has_constraints.hpp:32:62:   required by substitution of ‘template<class Model> boost::concepts::detail::yes boost::concepts::detail::has_constraints_(Model*, boost::concepts::detail::wrap_constraints<Model, (& Model::constraints)>*) [with Model = boost::RandomAccessRangeConcept<Rcpp::Vector<14, Rcpp::PreserveStorage> >]’
/usr/local/lib/R/site-library/BH/include/boost/concept/detail/has_constraints.hpp:42:5:   required from ‘const bool boost::concepts::not_satisfied<boost::RandomAccessRangeConcept<Rcpp::Vector<14, Rcpp::PreserveStorage> > >::value’
/usr/local/lib/R/site-library/BH/include/boost/concept/detail/has_constraints.hpp:45:51:   required from ‘struct boost::concepts::not_satisfied<boost::RandomAccessRangeConcept<Rcpp::Vector<14, Rcpp::PreserveStorage> > >’
/usr/local/lib/R/site-library/BH/include/boost/concept/detail/general.hpp:72:8:   required from ‘struct boost::concepts::requirement_<void (*)(boost::RandomAccessRangeConcept<Rcpp::Vector<14, Rcpp::PreserveStorage> >)>’
/usr/local/lib/R/site-library/BH/include/boost/range/algorithm/nth_element.hpp:33:5:   required from ‘RandomAccessRange& boost::range::random_shuffle(RandomAccessRange&, Generator&) [with RandomAccessRange = Rcpp::Vector<14, Rcpp::PreserveStorage>; Generator = pcg_detail::engine<unsigned int, long unsigned int, pcg_detail::xsh_rr_mixin<unsigned int, long unsigned int>, true, pcg_detail::specific_stream<long unsigned int>, pcg_detail::default_multiplier<long unsigned int> >]’
shuffle_matrix.cpp:19:37:   required from here
/usr/local/lib/R/site-library/BH/include/boost/concept/usage.hpp:20:48: warning: ‘this’ pointer is null [-Wnonnull]
   20 |     ~usage_requirements() { ((Model*)0)->~Model(); }
      |                             ~~~~~~~~~~~~~~~~~~~^~
/usr/local/lib/R/site-library/BH/include/boost/concept/usage.hpp:37:7: note: in a call to non-static member function ‘boost::CopyConstructible<TT>::~CopyConstructible() [with TT = double*]’
   37 |       ~model()
      |       ^
/usr/local/lib/R/site-library/BH/include/boost/concept_check.hpp:167:5: note: in expansion of macro ‘BOOST_CONCEPT_USAGE’
  167 |     BOOST_CONCEPT_USAGE(CopyConstructible) {
      |     ^~~~~~~~~~~~~~~~~~~
/usr/local/lib/R/site-library/BH/include/boost/concept/usage.hpp: In instantiation of ‘boost::concepts::usage_requirements<Model>::~usage_requirements() [with Model = boost::Convertible<boost::iterators::random_access_traversal_tag, boost::iterators::incrementable_traversal_tag>]’:
/usr/local/lib/R/site-library/BH/include/boost/concept/detail/general.hpp:50:47:   required from ‘static void boost::concepts::requirement<boost::concepts::failed************ Model::************>::failed() [with Model = boost::concepts::usage_requirements<boost::Convertible<boost::iterators::random_access_traversal_tag, boost::iterators::incrementable_traversal_tag> >]’
/usr/local/lib/R/site-library/BH/include/boost/concept_check.hpp:208:5:   required from ‘struct boost::Convertible<boost::iterators::random_access_traversal_tag, boost::iterators::incrementable_traversal_tag>’
/usr/local/lib/R/site-library/BH/include/boost/concept/detail/has_constraints.hpp:32:62:   required by substitution of ‘template<class Model> boost::concepts::detail::yes boost::concepts::detail::has_constraints_(Model*, boost::concepts::detail::wrap_constraints<Model, (& Model::constraints)>*) [with Model = boost::Convertible<boost::iterators::random_access_traversal_tag, boost::iterators::incrementable_traversal_tag>]’
/usr/local/lib/R/site-library/BH/include/boost/concept/detail/has_constraints.hpp:42:5:   required from ‘const bool boost::concepts::not_satisfied<boost::Convertible<boost::iterators::random_access_traversal_tag, boost::iterators::incrementable_traversal_tag> >::value’
/usr/local/lib/R/site-library/BH/include/boost/concept/detail/has_constraints.hpp:45:51:   required from ‘struct boost::concepts::not_satisfied<boost::Convertible<boost::iterators::random_access_traversal_tag, boost::iterators::incrementable_traversal_tag> >’
/usr/local/lib/R/site-library/BH/include/boost/concept/detail/general.hpp:72:8:   [ skipping 11 instantiation contexts, use -ftemplate-backtrace-limit=0 to disable ]
/usr/local/lib/R/site-library/BH/include/boost/concept/detail/has_constraints.hpp:32:62:   required by substitution of ‘template<class Model> boost::concepts::detail::yes boost::concepts::detail::has_constraints_(Model*, boost::concepts::detail::wrap_constraints<Model, (& Model::constraints)>*) [with Model = boost::RandomAccessRangeConcept<Rcpp::Vector<14, Rcpp::PreserveStorage> >]’
/usr/local/lib/R/site-library/BH/include/boost/concept/detail/has_constraints.hpp:42:5:   required from ‘const bool boost::concepts::not_satisfied<boost::RandomAccessRangeConcept<Rcpp::Vector<14, Rcpp::PreserveStorage> > >::value’
/usr/local/lib/R/site-library/BH/include/boost/concept/detail/has_constraints.hpp:45:51:   required from ‘struct boost::concepts::not_satisfied<boost::RandomAccessRangeConcept<Rcpp::Vector<14, Rcpp::PreserveStorage> > >’
/usr/local/lib/R/site-library/BH/include/boost/concept/detail/general.hpp:72:8:   required from ‘struct boost::concepts::requirement_<void (*)(boost::RandomAccessRangeConcept<Rcpp::Vector<14, Rcpp::PreserveStorage> >)>’
/usr/local/lib/R/site-library/BH/include/boost/range/algorithm/nth_element.hpp:33:5:   required from ‘RandomAccessRange& boost::range::random_shuffle(RandomAccessRange&, Generator&) [with RandomAccessRange = Rcpp::Vector<14, Rcpp::PreserveStorage>; Generator = pcg_detail::engine<unsigned int, long unsigned int, pcg_detail::xsh_rr_mixin<unsigned int, long unsigned int>, true, pcg_detail::specific_stream<long unsigned int>, pcg_detail::default_multiplier<long unsigned int> >]’
shuffle_matrix.cpp:19:37:   required from here
/usr/local/lib/R/site-library/BH/include/boost/concept/usage.hpp:20:48: warning: ‘this’ pointer is null [-Wnonnull]
   20 |     ~usage_requirements() { ((Model*)0)->~Model(); }
      |                             ~~~~~~~~~~~~~~~~~~~^~
/usr/local/lib/R/site-library/BH/include/boost/concept/usage.hpp:37:7: note: in a call to non-static member function ‘boost::Convertible<X, Y>::~Convertible() [with X = boost::iterators::random_access_traversal_tag; Y = boost::iterators::incrementable_traversal_tag]’
   37 |       ~model()
      |       ^
/usr/local/lib/R/site-library/BH/include/boost/concept_check.hpp:208:5: note: in expansion of macro ‘BOOST_CONCEPT_USAGE’
  208 |     BOOST_CONCEPT_USAGE(Convertible) {
      |     ^~~~~~~~~~~~~~~~~~~
/usr/local/lib/R/site-library/BH/include/boost/concept/usage.hpp: In instantiation of ‘boost::concepts::usage_requirements<Model>::~usage_requirements() [with Model = boost::range_detail::IncrementableIteratorConcept<double*>]’:
/usr/local/lib/R/site-library/BH/include/boost/concept/detail/general.hpp:50:47:   required from ‘static void boost::concepts::requirement<boost::concepts::failed************ Model::************>::failed() [with Model = boost::concepts::usage_requirements<boost::range_detail::IncrementableIteratorConcept<double*> >]’
/usr/local/lib/R/site-library/BH/include/boost/range/concepts.hpp:136:13:   required from ‘struct boost::range_detail::IncrementableIteratorConcept<double*>’
/usr/local/lib/R/site-library/BH/include/boost/range/concepts.hpp:147:16:   required from ‘struct boost::range_detail::SinglePassIteratorConcept<double*>’
/usr/local/lib/R/site-library/BH/include/boost/concept/detail/has_constraints.hpp:32:62:   required by substitution of ‘template<class Model> boost::concepts::detail::yes boost::concepts::detail::has_constraints_(Model*, boost::concepts::detail::wrap_constraints<Model, (& Model::constraints)>*) [with Model = boost::range_detail::SinglePassIteratorConcept<double*>]’
/usr/local/lib/R/site-library/BH/include/boost/concept/detail/has_constraints.hpp:42:5:   required from ‘const bool boost::concepts::not_satisfied<boost::range_detail::SinglePassIteratorConcept<double*> >::value’
/usr/local/lib/R/site-library/BH/include/boost/concept/detail/has_constraints.hpp:45:51:   [ skipping 6 instantiation contexts, use -ftemplate-backtrace-limit=0 to disable ]
/usr/local/lib/R/site-library/BH/include/boost/concept/detail/has_constraints.hpp:32:62:   required by substitution of ‘template<class Model> boost::concepts::detail::yes boost::concepts::detail::has_constraints_(Model*, boost::concepts::detail::wrap_constraints<Model, (& Model::constraints)>*) [with Model = boost::RandomAccessRangeConcept<Rcpp::Vector<14, Rcpp::PreserveStorage> >]’
/usr/local/lib/R/site-library/BH/include/boost/concept/detail/has_constraints.hpp:42:5:   required from ‘const bool boost::concepts::not_satisfied<boost::RandomAccessRangeConcept<Rcpp::Vector<14, Rcpp::PreserveStorage> > >::value’
/usr/local/lib/R/site-library/BH/include/boost/concept/detail/has_constraints.hpp:45:51:   required from ‘struct boost::concepts::not_satisfied<boost::RandomAccessRangeConcept<Rcpp::Vector<14, Rcpp::PreserveStorage> > >’
/usr/local/lib/R/site-library/BH/include/boost/concept/detail/general.hpp:72:8:   required from ‘struct boost::concepts::requirement_<void (*)(boost::RandomAccessRangeConcept<Rcpp::Vector<14, Rcpp::PreserveStorage> >)>’
/usr/local/lib/R/site-library/BH/include/boost/range/algorithm/nth_element.hpp:33:5:   required from ‘RandomAccessRange& boost::range::random_shuffle(RandomAccessRange&, Generator&) [with RandomAccessRange = Rcpp::Vector<14, Rcpp::PreserveStorage>; Generator = pcg_detail::engine<unsigned int, long unsigned int, pcg_detail::xsh_rr_mixin<unsigned int, long unsigned int>, true, pcg_detail::specific_stream<long unsigned int>, pcg_detail::default_multiplier<long unsigned int> >]’
shuffle_matrix.cpp:19:37:   required from here
/usr/local/lib/R/site-library/BH/include/boost/concept/usage.hpp:20:48: warning: ‘this’ pointer is null [-Wnonnull]
   20 |     ~usage_requirements() { ((Model*)0)->~Model(); }
      |                             ~~~~~~~~~~~~~~~~~~~^~
/usr/local/lib/R/site-library/BH/include/boost/concept/usage.hpp:37:7: note: in a call to non-static member function ‘boost::range_detail::IncrementableIteratorConcept<Iterator>::~IncrementableIteratorConcept() [with Iterator = double*]’
   37 |       ~model()
      |       ^
/usr/local/lib/R/site-library/BH/include/boost/range/concepts.hpp:136:13: note: in expansion of macro ‘BOOST_CONCEPT_USAGE’
  136 |             BOOST_CONCEPT_USAGE(IncrementableIteratorConcept)
      |             ^~~~~~~~~~~~~~~~~~~
/usr/local/lib/R/site-library/BH/include/boost/concept/usage.hpp: In instantiation of ‘boost::concepts::usage_requirements<Model>::~usage_requirements() [with Model = boost::EqualityComparable<double*>]’:
/usr/local/lib/R/site-library/BH/include/boost/concept/detail/general.hpp:50:47:   required from ‘static void boost::concepts::requirement<boost::concepts::failed************ Model::************>::failed() [with Model = boost::concepts::usage_requirements<boost::EqualityComparable<double*> >]’
/usr/local/lib/R/site-library/BH/include/boost/concept_check.hpp:233:5:   required from ‘struct boost::EqualityComparable<double*>’
/usr/local/lib/R/site-library/BH/include/boost/range/concepts.hpp:147:16:   required from ‘struct boost::range_detail::SinglePassIteratorConcept<double*>’
/usr/local/lib/R/site-library/BH/include/boost/concept/detail/has_constraints.hpp:32:62:   required by substitution of ‘template<class Model> boost::concepts::detail::yes boost::concepts::detail::has_constraints_(Model*, boost::concepts::detail::wrap_constraints<Model, (& Model::constraints)>*) [with Model = boost::range_detail::SinglePassIteratorConcept<double*>]’
/usr/local/lib/R/site-library/BH/include/boost/concept/detail/has_constraints.hpp:42:5:   required from ‘const bool boost::concepts::not_satisfied<boost::range_detail::SinglePassIteratorConcept<double*> >::value’
/usr/local/lib/R/site-library/BH/include/boost/concept/detail/has_constraints.hpp:45:51:   [ skipping 6 instantiation contexts, use -ftemplate-backtrace-limit=0 to disable ]
/usr/local/lib/R/site-library/BH/include/boost/concept/detail/has_constraints.hpp:32:62:   required by substitution of ‘template<class Model> boost::concepts::detail::yes boost::concepts::detail::has_constraints_(Model*, boost::concepts::detail::wrap_constraints<Model, (& Model::constraints)>*) [with Model = boost::RandomAccessRangeConcept<Rcpp::Vector<14, Rcpp::PreserveStorage> >]’
/usr/local/lib/R/site-library/BH/include/boost/concept/detail/has_constraints.hpp:42:5:   required from ‘const bool boost::concepts::not_satisfied<boost::RandomAccessRangeConcept<Rcpp::Vector<14, Rcpp::PreserveStorage> > >::value’
/usr/local/lib/R/site-library/BH/include/boost/concept/detail/has_constraints.hpp:45:51:   required from ‘struct boost::concepts::not_satisfied<boost::RandomAccessRangeConcept<Rcpp::Vector<14, Rcpp::PreserveStorage> > >’
/usr/local/lib/R/site-library/BH/include/boost/concept/detail/general.hpp:72:8:   required from ‘struct boost::concepts::requirement_<void (*)(boost::RandomAccessRangeConcept<Rcpp::Vector<14, Rcpp::PreserveStorage> >)>’
/usr/local/lib/R/site-library/BH/include/boost/range/algorithm/nth_element.hpp:33:5:   required from ‘RandomAccessRange& boost::range::random_shuffle(RandomAccessRange&, Generator&) [with RandomAccessRange = Rcpp::Vector<14, Rcpp::PreserveStorage>; Generator = pcg_detail::engine<unsigned int, long unsigned int, pcg_detail::xsh_rr_mixin<unsigned int, long unsigned int>, true, pcg_detail::specific_stream<long unsigned int>, pcg_detail::default_multiplier<long unsigned int> >]’
shuffle_matrix.cpp:19:37:   required from here
/usr/local/lib/R/site-library/BH/include/boost/concept/usage.hpp:20:48: warning: ‘this’ pointer is null [-Wnonnull]
   20 |     ~usage_requirements() { ((Model*)0)->~Model(); }
      |                             ~~~~~~~~~~~~~~~~~~~^~
/usr/local/lib/R/site-library/BH/include/boost/concept/usage.hpp:37:7: note: in a call to non-static member function ‘boost::EqualityComparable<TT>::~EqualityComparable() [with TT = double*]’
   37 |       ~model()
      |       ^
/usr/local/lib/R/site-library/BH/include/boost/concept_check.hpp:233:5: note: in expansion of macro ‘BOOST_CONCEPT_USAGE’
  233 |     BOOST_CONCEPT_USAGE(EqualityComparable) {
      |     ^~~~~~~~~~~~~~~~~~~
/usr/local/lib/R/site-library/BH/include/boost/concept/usage.hpp: In instantiation of ‘boost::concepts::usage_requirements<Model>::~usage_requirements() [with Model = boost::Convertible<boost::iterators::random_access_traversal_tag, boost::iterators::single_pass_traversal_tag>]’:
/usr/local/lib/R/site-library/BH/include/boost/concept/detail/general.hpp:50:47:   required from ‘static void boost::concepts::requirement<boost::concepts::failed************ Model::************>::failed() [with Model = boost::concepts::usage_requirements<boost::Convertible<boost::iterators::random_access_traversal_tag, boost::iterators::single_pass_traversal_tag> >]’
/usr/local/lib/R/site-library/BH/include/boost/concept_check.hpp:208:5:   required from ‘struct boost::Convertible<boost::iterators::random_access_traversal_tag, boost::iterators::single_pass_traversal_tag>’
/usr/local/lib/R/site-library/BH/include/boost/concept/detail/has_constraints.hpp:32:62:   required by substitution of ‘template<class Model> boost::concepts::detail::yes boost::concepts::detail::has_constraints_(Model*, boost::concepts::detail::wrap_constraints<Model, (& Model::constraints)>*) [with Model = boost::Convertible<boost::iterators::random_access_traversal_tag, boost::iterators::single_pass_traversal_tag>]’
/usr/local/lib/R/site-library/BH/include/boost/concept/detail/has_constraints.hpp:42:5:   required from ‘const bool boost::concepts::not_satisfied<boost::Convertible<boost::iterators::random_access_traversal_tag, boost::iterators::single_pass_traversal_tag> >::value’
/usr/local/lib/R/site-library/BH/include/boost/concept/detail/has_constraints.hpp:45:51:   required from ‘struct boost::concepts::not_satisfied<boost::Convertible<boost::iterators::random_access_traversal_tag, boost::iterators::single_pass_traversal_tag> >’
/usr/local/lib/R/site-library/BH/include/boost/concept/detail/general.hpp:72:8:   [ skipping 10 instantiation contexts, use -ftemplate-backtrace-limit=0 to disable ]
/usr/local/lib/R/site-library/BH/include/boost/concept/detail/has_constraints.hpp:32:62:   required by substitution of ‘template<class Model> boost::concepts::detail::yes boost::concepts::detail::has_constraints_(Model*, boost::concepts::detail::wrap_constraints<Model, (& Model::constraints)>*) [with Model = boost::RandomAccessRangeConcept<Rcpp::Vector<14, Rcpp::PreserveStorage> >]’
/usr/local/lib/R/site-library/BH/include/boost/concept/detail/has_constraints.hpp:42:5:   required from ‘const bool boost::concepts::not_satisfied<boost::RandomAccessRangeConcept<Rcpp::Vector<14, Rcpp::PreserveStorage> > >::value’
/usr/local/lib/R/site-library/BH/include/boost/concept/detail/has_constraints.hpp:45:51:   required from ‘struct boost::concepts::not_satisfied<boost::RandomAccessRangeConcept<Rcpp::Vector<14, Rcpp::PreserveStorage> > >’
/usr/local/lib/R/site-library/BH/include/boost/concept/detail/general.hpp:72:8:   required from ‘struct boost::concepts::requirement_<void (*)(boost::RandomAccessRangeConcept<Rcpp::Vector<14, Rcpp::PreserveStorage> >)>’
/usr/local/lib/R/site-library/BH/include/boost/range/algorithm/nth_element.hpp:33:5:   required from ‘RandomAccessRange& boost::range::random_shuffle(RandomAccessRange&, Generator&) [with RandomAccessRange = Rcpp::Vector<14, Rcpp::PreserveStorage>; Generator = pcg_detail::engine<unsigned int, long unsigned int, pcg_detail::xsh_rr_mixin<unsigned int, long unsigned int>, true, pcg_detail::specific_stream<long unsigned int>, pcg_detail::default_multiplier<long unsigned int> >]’
shuffle_matrix.cpp:19:37:   required from here
/usr/local/lib/R/site-library/BH/include/boost/concept/usage.hpp:20:48: warning: ‘this’ pointer is null [-Wnonnull]
   20 |     ~usage_requirements() { ((Model*)0)->~Model(); }
      |                             ~~~~~~~~~~~~~~~~~~~^~
/usr/local/lib/R/site-library/BH/include/boost/concept/usage.hpp:37:7: note: in a call to non-static member function ‘boost::Convertible<X, Y>::~Convertible() [with X = boost::iterators::random_access_traversal_tag; Y = boost::iterators::single_pass_traversal_tag]’
   37 |       ~model()
      |       ^
/usr/local/lib/R/site-library/BH/include/boost/concept_check.hpp:208:5: note: in expansion of macro ‘BOOST_CONCEPT_USAGE’
  208 |     BOOST_CONCEPT_USAGE(Convertible) {
      |     ^~~~~~~~~~~~~~~~~~~
/usr/local/lib/R/site-library/BH/include/boost/concept/usage.hpp: In instantiation of ‘boost::concepts::usage_requirements<Model>::~usage_requirements() [with Model = boost::range_detail::SinglePassIteratorConcept<double*>]’:
/usr/local/lib/R/site-library/BH/include/boost/concept/detail/general.hpp:50:47:   required from ‘static void boost::concepts::requirement<boost::concepts::failed************ Model::************>::failed() [with Model = boost::concepts::usage_requirements<boost::range_detail::SinglePassIteratorConcept<double*> >]’
/usr/local/lib/R/site-library/BH/include/boost/range/concepts.hpp:158:13:   required from ‘struct boost::range_detail::SinglePassIteratorConcept<double*>’
/usr/local/lib/R/site-library/BH/include/boost/concept/detail/has_constraints.hpp:32:62:   required by substitution of ‘template<class Model> boost::concepts::detail::yes boost::concepts::detail::has_constraints_(Model*, boost::concepts::detail::wrap_constraints<Model, (& Model::constraints)>*) [with Model = boost::range_detail::SinglePassIteratorConcept<double*>]’
/usr/local/lib/R/site-library/BH/include/boost/concept/detail/has_constraints.hpp:42:5:   required from ‘const bool boost::concepts::not_satisfied<boost::range_detail::SinglePassIteratorConcept<double*> >::value’
/usr/local/lib/R/site-library/BH/include/boost/concept/detail/has_constraints.hpp:45:51:   required from ‘struct boost::concepts::not_satisfied<boost::range_detail::SinglePassIteratorConcept<double*> >’
/usr/local/lib/R/site-library/BH/include/boost/concept/detail/general.hpp:72:8:   [ skipping 5 instantiation contexts, use -ftemplate-backtrace-limit=0 to disable ]
/usr/local/lib/R/site-library/BH/include/boost/concept/detail/has_constraints.hpp:32:62:   required by substitution of ‘template<class Model> boost::concepts::detail::yes boost::concepts::detail::has_constraints_(Model*, boost::concepts::detail::wrap_constraints<Model, (& Model::constraints)>*) [with Model = boost::RandomAccessRangeConcept<Rcpp::Vector<14, Rcpp::PreserveStorage> >]’
/usr/local/lib/R/site-library/BH/include/boost/concept/detail/has_constraints.hpp:42:5:   required from ‘const bool boost::concepts::not_satisfied<boost::RandomAccessRangeConcept<Rcpp::Vector<14, Rcpp::PreserveStorage> > >::value’
/usr/local/lib/R/site-library/BH/include/boost/concept/detail/has_constraints.hpp:45:51:   required from ‘struct boost::concepts::not_satisfied<boost::RandomAccessRangeConcept<Rcpp::Vector<14, Rcpp::PreserveStorage> > >’
/usr/local/lib/R/site-library/BH/include/boost/concept/detail/general.hpp:72:8:   required from ‘struct boost::concepts::requirement_<void (*)(boost::RandomAccessRangeConcept<Rcpp::Vector<14, Rcpp::PreserveStorage> >)>’
/usr/local/lib/R/site-library/BH/include/boost/range/algorithm/nth_element.hpp:33:5:   required from ‘RandomAccessRange& boost::range::random_shuffle(RandomAccessRange&, Generator&) [with RandomAccessRange = Rcpp::Vector<14, Rcpp::PreserveStorage>; Generator = pcg_detail::engine<unsigned int, long unsigned int, pcg_detail::xsh_rr_mixin<unsigned int, long unsigned int>, true, pcg_detail::specific_stream<long unsigned int>, pcg_detail::default_multiplier<long unsigned int> >]’
shuffle_matrix.cpp:19:37:   required from here
/usr/local/lib/R/site-library/BH/include/boost/concept/usage.hpp:20:48: warning: ‘this’ pointer is null [-Wnonnull]
   20 |     ~usage_requirements() { ((Model*)0)->~Model(); }
      |                             ~~~~~~~~~~~~~~~~~~~^~
/usr/local/lib/R/site-library/BH/include/boost/concept/usage.hpp:37:7: note: in a call to non-static member function ‘boost::range_detail::SinglePassIteratorConcept<Iterator>::~SinglePassIteratorConcept() [with Iterator = double*]’
   37 |       ~model()
      |       ^
/usr/local/lib/R/site-library/BH/include/boost/range/concepts.hpp:158:13: note: in expansion of macro ‘BOOST_CONCEPT_USAGE’
  158 |             BOOST_CONCEPT_USAGE(SinglePassIteratorConcept)
      |             ^~~~~~~~~~~~~~~~~~~
/usr/local/lib/R/site-library/BH/include/boost/concept/usage.hpp: In instantiation of ‘boost::concepts::usage_requirements<Model>::~usage_requirements() [with Model = boost::CopyConstructible<const double*>]’:
/usr/local/lib/R/site-library/BH/include/boost/concept/detail/general.hpp:50:47:   required from ‘static void boost::concepts::requirement<boost::concepts::failed************ Model::************>::failed() [with Model = boost::concepts::usage_requirements<boost::CopyConstructible<const double*> >]’
/usr/local/lib/R/site-library/BH/include/boost/concept_check.hpp:167:5:   required from ‘struct boost::CopyConstructible<const double*>’
/usr/local/lib/R/site-library/BH/include/boost/range/concepts.hpp:125:16:   required from ‘struct boost::range_detail::IncrementableIteratorConcept<const double*>’
/usr/local/lib/R/site-library/BH/include/boost/range/concepts.hpp:147:16:   required from ‘struct boost::range_detail::SinglePassIteratorConcept<const double*>’
/usr/local/lib/R/site-library/BH/include/boost/concept/detail/has_constraints.hpp:32:62:   required by substitution of ‘template<class Model> boost::concepts::detail::yes boost::concepts::detail::has_constraints_(Model*, boost::concepts::detail::wrap_constraints<Model, (& Model::constraints)>*) [with Model = boost::range_detail::SinglePassIteratorConcept<const double*>]’
/usr/local/lib/R/site-library/BH/include/boost/concept/detail/has_constraints.hpp:42:5:   [ skipping 7 instantiation contexts, use -ftemplate-backtrace-limit=0 to disable ]
/usr/local/lib/R/site-library/BH/include/boost/concept/detail/has_constraints.hpp:32:62:   required by substitution of ‘template<class Model> boost::concepts::detail::yes boost::concepts::detail::has_constraints_(Model*, boost::concepts::detail::wrap_constraints<Model, (& Model::constraints)>*) [with Model = boost::RandomAccessRangeConcept<Rcpp::Vector<14, Rcpp::PreserveStorage> >]’
/usr/local/lib/R/site-library/BH/include/boost/concept/detail/has_constraints.hpp:42:5:   required from ‘const bool boost::concepts::not_satisfied<boost::RandomAccessRangeConcept<Rcpp::Vector<14, Rcpp::PreserveStorage> > >::value’
/usr/local/lib/R/site-library/BH/include/boost/concept/detail/has_constraints.hpp:45:51:   required from ‘struct boost::concepts::not_satisfied<boost::RandomAccessRangeConcept<Rcpp::Vector<14, Rcpp::PreserveStorage> > >’
/usr/local/lib/R/site-library/BH/include/boost/concept/detail/general.hpp:72:8:   required from ‘struct boost::concepts::requirement_<void (*)(boost::RandomAccessRangeConcept<Rcpp::Vector<14, Rcpp::PreserveStorage> >)>’
/usr/local/lib/R/site-library/BH/include/boost/range/algorithm/nth_element.hpp:33:5:   required from ‘RandomAccessRange& boost::range::random_shuffle(RandomAccessRange&, Generator&) [with RandomAccessRange = Rcpp::Vector<14, Rcpp::PreserveStorage>; Generator = pcg_detail::engine<unsigned int, long unsigned int, pcg_detail::xsh_rr_mixin<unsigned int, long unsigned int>, true, pcg_detail::specific_stream<long unsigned int>, pcg_detail::default_multiplier<long unsigned int> >]’
shuffle_matrix.cpp:19:37:   required from here
/usr/local/lib/R/site-library/BH/include/boost/concept/usage.hpp:20:48: warning: ‘this’ pointer is null [-Wnonnull]
   20 |     ~usage_requirements() { ((Model*)0)->~Model(); }
      |                             ~~~~~~~~~~~~~~~~~~~^~
/usr/local/lib/R/site-library/BH/include/boost/concept/usage.hpp:37:7: note: in a call to non-static member function ‘boost::CopyConstructible<TT>::~CopyConstructible() [with TT = const double*]’
   37 |       ~model()
      |       ^
/usr/local/lib/R/site-library/BH/include/boost/concept_check.hpp:167:5: note: in expansion of macro ‘BOOST_CONCEPT_USAGE’
  167 |     BOOST_CONCEPT_USAGE(CopyConstructible) {
      |     ^~~~~~~~~~~~~~~~~~~
/usr/local/lib/R/site-library/BH/include/boost/concept/usage.hpp: In instantiation of ‘boost::concepts::usage_requirements<Model>::~usage_requirements() [with Model = boost::range_detail::IncrementableIteratorConcept<const double*>]’:
/usr/local/lib/R/site-library/BH/include/boost/concept/detail/general.hpp:50:47:   required from ‘static void boost::concepts::requirement<boost::concepts::failed************ Model::************>::failed() [with Model = boost::concepts::usage_requirements<boost::range_detail::IncrementableIteratorConcept<const double*> >]’
/usr/local/lib/R/site-library/BH/include/boost/range/concepts.hpp:136:13:   required from ‘struct boost::range_detail::IncrementableIteratorConcept<const double*>’
/usr/local/lib/R/site-library/BH/include/boost/range/concepts.hpp:147:16:   required from ‘struct boost::range_detail::SinglePassIteratorConcept<const double*>’
/usr/local/lib/R/site-library/BH/include/boost/concept/detail/has_constraints.hpp:32:62:   required by substitution of ‘template<class Model> boost::concepts::detail::yes boost::concepts::detail::has_constraints_(Model*, boost::concepts::detail::wrap_constraints<Model, (& Model::constraints)>*) [with Model = boost::range_detail::SinglePassIteratorConcept<const double*>]’
/usr/local/lib/R/site-library/BH/include/boost/concept/detail/has_constraints.hpp:42:5:   required from ‘const bool boost::concepts::not_satisfied<boost::range_detail::SinglePassIteratorConcept<const double*> >::value’
/usr/local/lib/R/site-library/BH/include/boost/concept/detail/has_constraints.hpp:45:51:   [ skipping 6 instantiation contexts, use -ftemplate-backtrace-limit=0 to disable ]
/usr/local/lib/R/site-library/BH/include/boost/concept/detail/has_constraints.hpp:32:62:   required by substitution of ‘template<class Model> boost::concepts::detail::yes boost::concepts::detail::has_constraints_(Model*, boost::concepts::detail::wrap_constraints<Model, (& Model::constraints)>*) [with Model = boost::RandomAccessRangeConcept<Rcpp::Vector<14, Rcpp::PreserveStorage> >]’
/usr/local/lib/R/site-library/BH/include/boost/concept/detail/has_constraints.hpp:42:5:   required from ‘const bool boost::concepts::not_satisfied<boost::RandomAccessRangeConcept<Rcpp::Vector<14, Rcpp::PreserveStorage> > >::value’
/usr/local/lib/R/site-library/BH/include/boost/concept/detail/has_constraints.hpp:45:51:   required from ‘struct boost::concepts::not_satisfied<boost::RandomAccessRangeConcept<Rcpp::Vector<14, Rcpp::PreserveStorage> > >’
/usr/local/lib/R/site-library/BH/include/boost/concept/detail/general.hpp:72:8:   required from ‘struct boost::concepts::requirement_<void (*)(boost::RandomAccessRangeConcept<Rcpp::Vector<14, Rcpp::PreserveStorage> >)>’
/usr/local/lib/R/site-library/BH/include/boost/range/algorithm/nth_element.hpp:33:5:   required from ‘RandomAccessRange& boost::range::random_shuffle(RandomAccessRange&, Generator&) [with RandomAccessRange = Rcpp::Vector<14, Rcpp::PreserveStorage>; Generator = pcg_detail::engine<unsigned int, long unsigned int, pcg_detail::xsh_rr_mixin<unsigned int, long unsigned int>, true, pcg_detail::specific_stream<long unsigned int>, pcg_detail::default_multiplier<long unsigned int> >]’
shuffle_matrix.cpp:19:37:   required from here
/usr/local/lib/R/site-library/BH/include/boost/concept/usage.hpp:20:48: warning: ‘this’ pointer is null [-Wnonnull]
   20 |     ~usage_requirements() { ((Model*)0)->~Model(); }
      |                             ~~~~~~~~~~~~~~~~~~~^~
/usr/local/lib/R/site-library/BH/include/boost/concept/usage.hpp:37:7: note: in a call to non-static member function ‘boost::range_detail::IncrementableIteratorConcept<Iterator>::~IncrementableIteratorConcept() [with Iterator = const double*]’
   37 |       ~model()
      |       ^
/usr/local/lib/R/site-library/BH/include/boost/range/concepts.hpp:136:13: note: in expansion of macro ‘BOOST_CONCEPT_USAGE’
  136 |             BOOST_CONCEPT_USAGE(IncrementableIteratorConcept)
      |             ^~~~~~~~~~~~~~~~~~~
/usr/local/lib/R/site-library/BH/include/boost/concept/usage.hpp: In instantiation of ‘boost::concepts::usage_requirements<Model>::~usage_requirements() [with Model = boost::EqualityComparable<const double*>]’:
/usr/local/lib/R/site-library/BH/include/boost/concept/detail/general.hpp:50:47:   required from ‘static void boost::concepts::requirement<boost::concepts::failed************ Model::************>::failed() [with Model = boost::concepts::usage_requirements<boost::EqualityComparable<const double*> >]’
/usr/local/lib/R/site-library/BH/include/boost/concept_check.hpp:233:5:   required from ‘struct boost::EqualityComparable<const double*>’
/usr/local/lib/R/site-library/BH/include/boost/range/concepts.hpp:147:16:   required from ‘struct boost::range_detail::SinglePassIteratorConcept<const double*>’
/usr/local/lib/R/site-library/BH/include/boost/concept/detail/has_constraints.hpp:32:62:   required by substitution of ‘template<class Model> boost::concepts::detail::yes boost::concepts::detail::has_constraints_(Model*, boost::concepts::detail::wrap_constraints<Model, (& Model::constraints)>*) [with Model = boost::range_detail::SinglePassIteratorConcept<const double*>]’
/usr/local/lib/R/site-library/BH/include/boost/concept/detail/has_constraints.hpp:42:5:   required from ‘const bool boost::concepts::not_satisfied<boost::range_detail::SinglePassIteratorConcept<const double*> >::value’
/usr/local/lib/R/site-library/BH/include/boost/concept/detail/has_constraints.hpp:45:51:   [ skipping 6 instantiation contexts, use -ftemplate-backtrace-limit=0 to disable ]
/usr/local/lib/R/site-library/BH/include/boost/concept/detail/has_constraints.hpp:32:62:   required by substitution of ‘template<class Model> boost::concepts::detail::yes boost::concepts::detail::has_constraints_(Model*, boost::concepts::detail::wrap_constraints<Model, (& Model::constraints)>*) [with Model = boost::RandomAccessRangeConcept<Rcpp::Vector<14, Rcpp::PreserveStorage> >]’
/usr/local/lib/R/site-library/BH/include/boost/concept/detail/has_constraints.hpp:42:5:   required from ‘const bool boost::concepts::not_satisfied<boost::RandomAccessRangeConcept<Rcpp::Vector<14, Rcpp::PreserveStorage> > >::value’
/usr/local/lib/R/site-library/BH/include/boost/concept/detail/has_constraints.hpp:45:51:   required from ‘struct boost::concepts::not_satisfied<boost::RandomAccessRangeConcept<Rcpp::Vector<14, Rcpp::PreserveStorage> > >’
/usr/local/lib/R/site-library/BH/include/boost/concept/detail/general.hpp:72:8:   required from ‘struct boost::concepts::requirement_<void (*)(boost::RandomAccessRangeConcept<Rcpp::Vector<14, Rcpp::PreserveStorage> >)>’
/usr/local/lib/R/site-library/BH/include/boost/range/algorithm/nth_element.hpp:33:5:   required from ‘RandomAccessRange& boost::range::random_shuffle(RandomAccessRange&, Generator&) [with RandomAccessRange = Rcpp::Vector<14, Rcpp::PreserveStorage>; Generator = pcg_detail::engine<unsigned int, long unsigned int, pcg_detail::xsh_rr_mixin<unsigned int, long unsigned int>, true, pcg_detail::specific_stream<long unsigned int>, pcg_detail::default_multiplier<long unsigned int> >]’
shuffle_matrix.cpp:19:37:   required from here
/usr/local/lib/R/site-library/BH/include/boost/concept/usage.hpp:20:48: warning: ‘this’ pointer is null [-Wnonnull]
   20 |     ~usage_requirements() { ((Model*)0)->~Model(); }
      |                             ~~~~~~~~~~~~~~~~~~~^~
/usr/local/lib/R/site-library/BH/include/boost/concept/usage.hpp:37:7: note: in a call to non-static member function ‘boost::EqualityComparable<TT>::~EqualityComparable() [with TT = const double*]’
   37 |       ~model()
      |       ^
/usr/local/lib/R/site-library/BH/include/boost/concept_check.hpp:233:5: note: in expansion of macro ‘BOOST_CONCEPT_USAGE’
  233 |     BOOST_CONCEPT_USAGE(EqualityComparable) {
      |     ^~~~~~~~~~~~~~~~~~~
/usr/local/lib/R/site-library/BH/include/boost/concept/usage.hpp: In instantiation of ‘boost::concepts::usage_requirements<Model>::~usage_requirements() [with Model = boost::range_detail::SinglePassIteratorConcept<const double*>]’:
/usr/local/lib/R/site-library/BH/include/boost/concept/detail/general.hpp:50:47:   required from ‘static void boost::concepts::requirement<boost::concepts::failed************ Model::************>::failed() [with Model = boost::concepts::usage_requirements<boost::range_detail::SinglePassIteratorConcept<const double*> >]’
/usr/local/lib/R/site-library/BH/include/boost/range/concepts.hpp:158:13:   required from ‘struct boost::range_detail::SinglePassIteratorConcept<const double*>’
/usr/local/lib/R/site-library/BH/include/boost/concept/detail/has_constraints.hpp:32:62:   required by substitution of ‘template<class Model> boost::concepts::detail::yes boost::concepts::detail::has_constraints_(Model*, boost::concepts::detail::wrap_constraints<Model, (& Model::constraints)>*) [with Model = boost::range_detail::SinglePassIteratorConcept<const double*>]’
/usr/local/lib/R/site-library/BH/include/boost/concept/detail/has_constraints.hpp:42:5:   required from ‘const bool boost::concepts::not_satisfied<boost::range_detail::SinglePassIteratorConcept<const double*> >::value’
/usr/local/lib/R/site-library/BH/include/boost/concept/detail/has_constraints.hpp:45:51:   required from ‘struct boost::concepts::not_satisfied<boost::range_detail::SinglePassIteratorConcept<const double*> >’
/usr/local/lib/R/site-library/BH/include/boost/concept/detail/general.hpp:72:8:   [ skipping 5 instantiation contexts, use -ftemplate-backtrace-limit=0 to disable ]
/usr/local/lib/R/site-library/BH/include/boost/concept/detail/has_constraints.hpp:32:62:   required by substitution of ‘template<class Model> boost::concepts::detail::yes boost::concepts::detail::has_constraints_(Model*, boost::concepts::detail::wrap_constraints<Model, (& Model::constraints)>*) [with Model = boost::RandomAccessRangeConcept<Rcpp::Vector<14, Rcpp::PreserveStorage> >]’
/usr/local/lib/R/site-library/BH/include/boost/concept/detail/has_constraints.hpp:42:5:   required from ‘const bool boost::concepts::not_satisfied<boost::RandomAccessRangeConcept<Rcpp::Vector<14, Rcpp::PreserveStorage> > >::value’
/usr/local/lib/R/site-library/BH/include/boost/concept/detail/has_constraints.hpp:45:51:   required from ‘struct boost::concepts::not_satisfied<boost::RandomAccessRangeConcept<Rcpp::Vector<14, Rcpp::PreserveStorage> > >’
/usr/local/lib/R/site-library/BH/include/boost/concept/detail/general.hpp:72:8:   required from ‘struct boost::concepts::requirement_<void (*)(boost::RandomAccessRangeConcept<Rcpp::Vector<14, Rcpp::PreserveStorage> >)>’
/usr/local/lib/R/site-library/BH/include/boost/range/algorithm/nth_element.hpp:33:5:   required from ‘RandomAccessRange& boost::range::random_shuffle(RandomAccessRange&, Generator&) [with RandomAccessRange = Rcpp::Vector<14, Rcpp::PreserveStorage>; Generator = pcg_detail::engine<unsigned int, long unsigned int, pcg_detail::xsh_rr_mixin<unsigned int, long unsigned int>, true, pcg_detail::specific_stream<long unsigned int>, pcg_detail::default_multiplier<long unsigned int> >]’
shuffle_matrix.cpp:19:37:   required from here
/usr/local/lib/R/site-library/BH/include/boost/concept/usage.hpp:20:48: warning: ‘this’ pointer is null [-Wnonnull]
   20 |     ~usage_requirements() { ((Model*)0)->~Model(); }
      |                             ~~~~~~~~~~~~~~~~~~~^~
/usr/local/lib/R/site-library/BH/include/boost/concept/usage.hpp:37:7: note: in a call to non-static member function ‘boost::range_detail::SinglePassIteratorConcept<Iterator>::~SinglePassIteratorConcept() [with Iterator = const double*]’
   37 |       ~model()
      |       ^
/usr/local/lib/R/site-library/BH/include/boost/range/concepts.hpp:158:13: note: in expansion of macro ‘BOOST_CONCEPT_USAGE’
  158 |             BOOST_CONCEPT_USAGE(SinglePassIteratorConcept)
      |             ^~~~~~~~~~~~~~~~~~~
/usr/local/lib/R/site-library/BH/include/boost/concept/usage.hpp: In instantiation of ‘boost::concepts::usage_requirements<Model>::~usage_requirements() [with Model = boost::SinglePassRangeConcept<Rcpp::Vector<14, Rcpp::PreserveStorage> >]’:
/usr/local/lib/R/site-library/BH/include/boost/concept/detail/general.hpp:50:47:   required from ‘static void boost::concepts::requirement<boost::concepts::failed************ Model::************>::failed() [with Model = boost::concepts::usage_requirements<boost::SinglePassRangeConcept<Rcpp::Vector<14, Rcpp::PreserveStorage> > >]’
/usr/local/lib/R/site-library/BH/include/boost/range/concepts.hpp:284:9:   required from ‘struct boost::SinglePassRangeConcept<Rcpp::Vector<14, Rcpp::PreserveStorage> >’
/usr/local/lib/R/site-library/BH/include/boost/range/concepts.hpp:318:12:   required from ‘struct boost::ForwardRangeConcept<Rcpp::Vector<14, Rcpp::PreserveStorage> >’
/usr/local/lib/R/site-library/BH/include/boost/range/concepts.hpp:352:12:   required from ‘struct boost::BidirectionalRangeConcept<Rcpp::Vector<14, Rcpp::PreserveStorage> >’
/usr/local/lib/R/site-library/BH/include/boost/range/concepts.hpp:370:12:   required from ‘struct boost::RandomAccessRangeConcept<Rcpp::Vector<14, Rcpp::PreserveStorage> >’
/usr/local/lib/R/site-library/BH/include/boost/concept/detail/has_constraints.hpp:32:62:   required by substitution of ‘template<class Model> boost::concepts::detail::yes boost::concepts::detail::has_constraints_(Model*, boost::concepts::detail::wrap_constraints<Model, (& Model::constraints)>*) [with Model = boost::RandomAccessRangeConcept<Rcpp::Vector<14, Rcpp::PreserveStorage> >]’
/usr/local/lib/R/site-library/BH/include/boost/concept/detail/has_constraints.hpp:42:5:   required from ‘const bool boost::concepts::not_satisfied<boost::RandomAccessRangeConcept<Rcpp::Vector<14, Rcpp::PreserveStorage> > >::value’
/usr/local/lib/R/site-library/BH/include/boost/concept/detail/has_constraints.hpp:45:51:   required from ‘struct boost::concepts::not_satisfied<boost::RandomAccessRangeConcept<Rcpp::Vector<14, Rcpp::PreserveStorage> > >’
/usr/local/lib/R/site-library/BH/include/boost/concept/detail/general.hpp:72:8:   required from ‘struct boost::concepts::requirement_<void (*)(boost::RandomAccessRangeConcept<Rcpp::Vector<14, Rcpp::PreserveStorage> >)>’
/usr/local/lib/R/site-library/BH/include/boost/range/algorithm/nth_element.hpp:33:5:   required from ‘RandomAccessRange& boost::range::random_shuffle(RandomAccessRange&, Generator&) [with RandomAccessRange = Rcpp::Vector<14, Rcpp::PreserveStorage>; Generator = pcg_detail::engine<unsigned int, long unsigned int, pcg_detail::xsh_rr_mixin<unsigned int, long unsigned int>, true, pcg_detail::specific_stream<long unsigned int>, pcg_detail::default_multiplier<long unsigned int> >]’
shuffle_matrix.cpp:19:37:   required from here
/usr/local/lib/R/site-library/BH/include/boost/concept/usage.hpp:20:48: warning: ‘this’ pointer is null [-Wnonnull]
   20 |     ~usage_requirements() { ((Model*)0)->~Model(); }
      |                             ~~~~~~~~~~~~~~~~~~~^~
/usr/local/lib/R/site-library/BH/include/boost/concept/usage.hpp:37:7: note: in a call to non-static member function ‘boost::SinglePassRangeConcept<T>::~SinglePassRangeConcept() [with T = Rcpp::Vector<14, Rcpp::PreserveStorage>]’
   37 |       ~model()
      |       ^
/usr/local/lib/R/site-library/BH/include/boost/range/concepts.hpp:284:9: note: in expansion of macro ‘BOOST_CONCEPT_USAGE’
  284 |         BOOST_CONCEPT_USAGE(SinglePassRangeConcept)
      |         ^~~~~~~~~~~~~~~~~~~
/usr/local/lib/R/site-library/BH/include/boost/concept/usage.hpp: In instantiation of ‘boost::concepts::usage_requirements<Model>::~usage_requirements() [with Model = boost::DefaultConstructible<double*>]’:
/usr/local/lib/R/site-library/BH/include/boost/concept/detail/general.hpp:50:47:   required from ‘static void boost::concepts::requirement<boost::concepts::failed************ Model::************>::failed() [with Model = boost::concepts::usage_requirements<boost::DefaultConstructible<double*> >]’
/usr/local/lib/R/site-library/BH/include/boost/concept_check.hpp:137:5:   required from ‘struct boost::DefaultConstructible<double*>’
/usr/local/lib/R/site-library/BH/include/boost/range/concepts.hpp:181:16:   required from ‘struct boost::range_detail::ForwardIteratorConcept<double*>’
/usr/local/lib/R/site-library/BH/include/boost/concept/detail/has_constraints.hpp:32:62:   required by substitution of ‘template<class Model> boost::concepts::detail::yes boost::concepts::detail::has_constraints_(Model*, boost::concepts::detail::wrap_constraints<Model, (& Model::constraints)>*) [with Model = boost::range_detail::ForwardIteratorConcept<double*>]’
/usr/local/lib/R/site-library/BH/include/boost/concept/detail/has_constraints.hpp:42:5:   required from ‘const bool boost::concepts::not_satisfied<boost::range_detail::ForwardIteratorConcept<double*> >::value’
/usr/local/lib/R/site-library/BH/include/boost/concept/detail/has_constraints.hpp:45:51:   [ skipping 5 instantiation contexts, use -ftemplate-backtrace-limit=0 to disable ]
/usr/local/lib/R/site-library/BH/include/boost/concept/detail/has_constraints.hpp:32:62:   required by substitution of ‘template<class Model> boost::concepts::detail::yes boost::concepts::detail::has_constraints_(Model*, boost::concepts::detail::wrap_constraints<Model, (& Model::constraints)>*) [with Model = boost::RandomAccessRangeConcept<Rcpp::Vector<14, Rcpp::PreserveStorage> >]’
/usr/local/lib/R/site-library/BH/include/boost/concept/detail/has_constraints.hpp:42:5:   required from ‘const bool boost::concepts::not_satisfied<boost::RandomAccessRangeConcept<Rcpp::Vector<14, Rcpp::PreserveStorage> > >::value’
/usr/local/lib/R/site-library/BH/include/boost/concept/detail/has_constraints.hpp:45:51:   required from ‘struct boost::concepts::not_satisfied<boost::RandomAccessRangeConcept<Rcpp::Vector<14, Rcpp::PreserveStorage> > >’
/usr/local/lib/R/site-library/BH/include/boost/concept/detail/general.hpp:72:8:   required from ‘struct boost::concepts::requirement_<void (*)(boost::RandomAccessRangeConcept<Rcpp::Vector<14, Rcpp::PreserveStorage> >)>’
/usr/local/lib/R/site-library/BH/include/boost/range/algorithm/nth_element.hpp:33:5:   required from ‘RandomAccessRange& boost::range::random_shuffle(RandomAccessRange&, Generator&) [with RandomAccessRange = Rcpp::Vector<14, Rcpp::PreserveStorage>; Generator = pcg_detail::engine<unsigned int, long unsigned int, pcg_detail::xsh_rr_mixin<unsigned int, long unsigned int>, true, pcg_detail::specific_stream<long unsigned int>, pcg_detail::default_multiplier<long unsigned int> >]’
shuffle_matrix.cpp:19:37:   required from here
/usr/local/lib/R/site-library/BH/include/boost/concept/usage.hpp:20:48: warning: ‘this’ pointer is null [-Wnonnull]
   20 |     ~usage_requirements() { ((Model*)0)->~Model(); }
      |                             ~~~~~~~~~~~~~~~~~~~^~
/usr/local/lib/R/site-library/BH/include/boost/concept/usage.hpp:37:7: note: in a call to non-static member function ‘boost::DefaultConstructible<TT>::~DefaultConstructible() [with TT = double*]’
   37 |       ~model()
      |       ^
/usr/local/lib/R/site-library/BH/include/boost/concept_check.hpp:137:5: note: in expansion of macro ‘BOOST_CONCEPT_USAGE’
  137 |     BOOST_CONCEPT_USAGE(DefaultConstructible) {
      |     ^~~~~~~~~~~~~~~~~~~
/usr/local/lib/R/site-library/BH/include/boost/concept/usage.hpp: In instantiation of ‘boost::concepts::usage_requirements<Model>::~usage_requirements() [with Model = boost::Convertible<boost::iterators::random_access_traversal_tag, boost::iterators::forward_traversal_tag>]’:
/usr/local/lib/R/site-library/BH/include/boost/concept/detail/general.hpp:50:47:   required from ‘static void boost::concepts::requirement<boost::concepts::failed************ Model::************>::failed() [with Model = boost::concepts::usage_requirements<boost::Convertible<boost::iterators::random_access_traversal_tag, boost::iterators::forward_traversal_tag> >]’
/usr/local/lib/R/site-library/BH/include/boost/concept_check.hpp:208:5:   required from ‘struct boost::Convertible<boost::iterators::random_access_traversal_tag, boost::iterators::forward_traversal_tag>’
/usr/local/lib/R/site-library/BH/include/boost/concept/detail/has_constraints.hpp:32:62:   required by substitution of ‘template<class Model> boost::concepts::detail::yes boost::concepts::detail::has_constraints_(Model*, boost::concepts::detail::wrap_constraints<Model, (& Model::constraints)>*) [with Model = boost::Convertible<boost::iterators::random_access_traversal_tag, boost::iterators::forward_traversal_tag>]’
/usr/local/lib/R/site-library/BH/include/boost/concept/detail/has_constraints.hpp:42:5:   required from ‘const bool boost::concepts::not_satisfied<boost::Convertible<boost::iterators::random_access_traversal_tag, boost::iterators::forward_traversal_tag> >::value’
/usr/local/lib/R/site-library/BH/include/boost/concept/detail/has_constraints.hpp:45:51:   required from ‘struct boost::concepts::not_satisfied<boost::Convertible<boost::iterators::random_access_traversal_tag, boost::iterators::forward_traversal_tag> >’
/usr/local/lib/R/site-library/BH/include/boost/concept/detail/general.hpp:72:8:   [ skipping 9 instantiation contexts, use -ftemplate-backtrace-limit=0 to disable ]
/usr/local/lib/R/site-library/BH/include/boost/concept/detail/has_constraints.hpp:32:62:   required by substitution of ‘template<class Model> boost::concepts::detail::yes boost::concepts::detail::has_constraints_(Model*, boost::concepts::detail::wrap_constraints<Model, (& Model::constraints)>*) [with Model = boost::RandomAccessRangeConcept<Rcpp::Vector<14, Rcpp::PreserveStorage> >]’
/usr/local/lib/R/site-library/BH/include/boost/concept/detail/has_constraints.hpp:42:5:   required from ‘const bool boost::concepts::not_satisfied<boost::RandomAccessRangeConcept<Rcpp::Vector<14, Rcpp::PreserveStorage> > >::value’
/usr/local/lib/R/site-library/BH/include/boost/concept/detail/has_constraints.hpp:45:51:   required from ‘struct boost::concepts::not_satisfied<boost::RandomAccessRangeConcept<Rcpp::Vector<14, Rcpp::PreserveStorage> > >’
/usr/local/lib/R/site-library/BH/include/boost/concept/detail/general.hpp:72:8:   required from ‘struct boost::concepts::requirement_<void (*)(boost::RandomAccessRangeConcept<Rcpp::Vector<14, Rcpp::PreserveStorage> >)>’
/usr/local/lib/R/site-library/BH/include/boost/range/algorithm/nth_element.hpp:33:5:   required from ‘RandomAccessRange& boost::range::random_shuffle(RandomAccessRange&, Generator&) [with RandomAccessRange = Rcpp::Vector<14, Rcpp::PreserveStorage>; Generator = pcg_detail::engine<unsigned int, long unsigned int, pcg_detail::xsh_rr_mixin<unsigned int, long unsigned int>, true, pcg_detail::specific_stream<long unsigned int>, pcg_detail::default_multiplier<long unsigned int> >]’
shuffle_matrix.cpp:19:37:   required from here
/usr/local/lib/R/site-library/BH/include/boost/concept/usage.hpp:20:48: warning: ‘this’ pointer is null [-Wnonnull]
   20 |     ~usage_requirements() { ((Model*)0)->~Model(); }
      |                             ~~~~~~~~~~~~~~~~~~~^~
/usr/local/lib/R/site-library/BH/include/boost/concept/usage.hpp:37:7: note: in a call to non-static member function ‘boost::Convertible<X, Y>::~Convertible() [with X = boost::iterators::random_access_traversal_tag; Y = boost::iterators::forward_traversal_tag]’
   37 |       ~model()
      |       ^
/usr/local/lib/R/site-library/BH/include/boost/concept_check.hpp:208:5: note: in expansion of macro ‘BOOST_CONCEPT_USAGE’
  208 |     BOOST_CONCEPT_USAGE(Convertible) {
      |     ^~~~~~~~~~~~~~~~~~~
/usr/local/lib/R/site-library/BH/include/boost/concept/usage.hpp: In instantiation of ‘boost::concepts::usage_requirements<Model>::~usage_requirements() [with Model = boost::range_detail::ForwardIteratorConcept<double*>]’:
/usr/local/lib/R/site-library/BH/include/boost/concept/detail/general.hpp:50:47:   required from ‘static void boost::concepts::requirement<boost::concepts::failed************ Model::************>::failed() [with Model = boost::concepts::usage_requirements<boost::range_detail::ForwardIteratorConcept<double*> >]’
/usr/local/lib/R/site-library/BH/include/boost/range/concepts.hpp:197:13:   required from ‘struct boost::range_detail::ForwardIteratorConcept<double*>’
/usr/local/lib/R/site-library/BH/include/boost/concept/detail/has_constraints.hpp:32:62:   required by substitution of ‘template<class Model> boost::concepts::detail::yes boost::concepts::detail::has_constraints_(Model*, boost::concepts::detail::wrap_constraints<Model, (& Model::constraints)>*) [with Model = boost::range_detail::ForwardIteratorConcept<double*>]’
/usr/local/lib/R/site-library/BH/include/boost/concept/detail/has_constraints.hpp:42:5:   required from ‘const bool boost::concepts::not_satisfied<boost::range_detail::ForwardIteratorConcept<double*> >::value’
/usr/local/lib/R/site-library/BH/include/boost/concept/detail/has_constraints.hpp:45:51:   required from ‘struct boost::concepts::not_satisfied<boost::range_detail::ForwardIteratorConcept<double*> >’
/usr/local/lib/R/site-library/BH/include/boost/concept/detail/general.hpp:72:8:   [ skipping 4 instantiation contexts, use -ftemplate-backtrace-limit=0 to disable ]
/usr/local/lib/R/site-library/BH/include/boost/concept/detail/has_constraints.hpp:32:62:   required by substitution of ‘template<class Model> boost::concepts::detail::yes boost::concepts::detail::has_constraints_(Model*, boost::concepts::detail::wrap_constraints<Model, (& Model::constraints)>*) [with Model = boost::RandomAccessRangeConcept<Rcpp::Vector<14, Rcpp::PreserveStorage> >]’
/usr/local/lib/R/site-library/BH/include/boost/concept/detail/has_constraints.hpp:42:5:   required from ‘const bool boost::concepts::not_satisfied<boost::RandomAccessRangeConcept<Rcpp::Vector<14, Rcpp::PreserveStorage> > >::value’
/usr/local/lib/R/site-library/BH/include/boost/concept/detail/has_constraints.hpp:45:51:   required from ‘struct boost::concepts::not_satisfied<boost::RandomAccessRangeConcept<Rcpp::Vector<14, Rcpp::PreserveStorage> > >’
/usr/local/lib/R/site-library/BH/include/boost/concept/detail/general.hpp:72:8:   required from ‘struct boost::concepts::requirement_<void (*)(boost::RandomAccessRangeConcept<Rcpp::Vector<14, Rcpp::PreserveStorage> >)>’
/usr/local/lib/R/site-library/BH/include/boost/range/algorithm/nth_element.hpp:33:5:   required from ‘RandomAccessRange& boost::range::random_shuffle(RandomAccessRange&, Generator&) [with RandomAccessRange = Rcpp::Vector<14, Rcpp::PreserveStorage>; Generator = pcg_detail::engine<unsigned int, long unsigned int, pcg_detail::xsh_rr_mixin<unsigned int, long unsigned int>, true, pcg_detail::specific_stream<long unsigned int>, pcg_detail::default_multiplier<long unsigned int> >]’
shuffle_matrix.cpp:19:37:   required from here
/usr/local/lib/R/site-library/BH/include/boost/concept/usage.hpp:20:48: warning: ‘this’ pointer is null [-Wnonnull]
   20 |     ~usage_requirements() { ((Model*)0)->~Model(); }
      |                             ~~~~~~~~~~~~~~~~~~~^~
/usr/local/lib/R/site-library/BH/include/boost/concept/usage.hpp:37:7: note: in a call to non-static member function ‘boost::range_detail::ForwardIteratorConcept<Iterator>::~ForwardIteratorConcept() [with Iterator = double*]’
   37 |       ~model()
      |       ^
/usr/local/lib/R/site-library/BH/include/boost/range/concepts.hpp:197:13: note: in expansion of macro ‘BOOST_CONCEPT_USAGE’
  197 |             BOOST_CONCEPT_USAGE(ForwardIteratorConcept)
      |             ^~~~~~~~~~~~~~~~~~~
/usr/local/lib/R/site-library/BH/include/boost/concept/usage.hpp: In instantiation of ‘boost::concepts::usage_requirements<Model>::~usage_requirements() [with Model = boost::DefaultConstructible<const double*>]’:
/usr/local/lib/R/site-library/BH/include/boost/concept/detail/general.hpp:50:47:   required from ‘static void boost::concepts::requirement<boost::concepts::failed************ Model::************>::failed() [with Model = boost::concepts::usage_requirements<boost::DefaultConstructible<const double*> >]’
/usr/local/lib/R/site-library/BH/include/boost/concept_check.hpp:137:5:   required from ‘struct boost::DefaultConstructible<const double*>’
/usr/local/lib/R/site-library/BH/include/boost/range/concepts.hpp:181:16:   required from ‘struct boost::range_detail::ForwardIteratorConcept<const double*>’
/usr/local/lib/R/site-library/BH/include/boost/concept/detail/has_constraints.hpp:32:62:   required by substitution of ‘template<class Model> boost::concepts::detail::yes boost::concepts::detail::has_constraints_(Model*, boost::concepts::detail::wrap_constraints<Model, (& Model::constraints)>*) [with Model = boost::range_detail::ForwardIteratorConcept<const double*>]’
/usr/local/lib/R/site-library/BH/include/boost/concept/detail/has_constraints.hpp:42:5:   required from ‘const bool boost::concepts::not_satisfied<boost::range_detail::ForwardIteratorConcept<const double*> >::value’
/usr/local/lib/R/site-library/BH/include/boost/concept/detail/has_constraints.hpp:45:51:   [ skipping 5 instantiation contexts, use -ftemplate-backtrace-limit=0 to disable ]
/usr/local/lib/R/site-library/BH/include/boost/concept/detail/has_constraints.hpp:32:62:   required by substitution of ‘template<class Model> boost::concepts::detail::yes boost::concepts::detail::has_constraints_(Model*, boost::concepts::detail::wrap_constraints<Model, (& Model::constraints)>*) [with Model = boost::RandomAccessRangeConcept<Rcpp::Vector<14, Rcpp::PreserveStorage> >]’
/usr/local/lib/R/site-library/BH/include/boost/concept/detail/has_constraints.hpp:42:5:   required from ‘const bool boost::concepts::not_satisfied<boost::RandomAccessRangeConcept<Rcpp::Vector<14, Rcpp::PreserveStorage> > >::value’
/usr/local/lib/R/site-library/BH/include/boost/concept/detail/has_constraints.hpp:45:51:   required from ‘struct boost::concepts::not_satisfied<boost::RandomAccessRangeConcept<Rcpp::Vector<14, Rcpp::PreserveStorage> > >’
/usr/local/lib/R/site-library/BH/include/boost/concept/detail/general.hpp:72:8:   required from ‘struct boost::concepts::requirement_<void (*)(boost::RandomAccessRangeConcept<Rcpp::Vector<14, Rcpp::PreserveStorage> >)>’
/usr/local/lib/R/site-library/BH/include/boost/range/algorithm/nth_element.hpp:33:5:   required from ‘RandomAccessRange& boost::range::random_shuffle(RandomAccessRange&, Generator&) [with RandomAccessRange = Rcpp::Vector<14, Rcpp::PreserveStorage>; Generator = pcg_detail::engine<unsigned int, long unsigned int, pcg_detail::xsh_rr_mixin<unsigned int, long unsigned int>, true, pcg_detail::specific_stream<long unsigned int>, pcg_detail::default_multiplier<long unsigned int> >]’
shuffle_matrix.cpp:19:37:   required from here
/usr/local/lib/R/site-library/BH/include/boost/concept/usage.hpp:20:48: warning: ‘this’ pointer is null [-Wnonnull]
   20 |     ~usage_requirements() { ((Model*)0)->~Model(); }
      |                             ~~~~~~~~~~~~~~~~~~~^~
/usr/local/lib/R/site-library/BH/include/boost/concept/usage.hpp:37:7: note: in a call to non-static member function ‘boost::DefaultConstructible<TT>::~DefaultConstructible() [with TT = const double*]’
   37 |       ~model()
      |       ^
/usr/local/lib/R/site-library/BH/include/boost/concept_check.hpp:137:5: note: in expansion of macro ‘BOOST_CONCEPT_USAGE’
  137 |     BOOST_CONCEPT_USAGE(DefaultConstructible) {
      |     ^~~~~~~~~~~~~~~~~~~
/usr/local/lib/R/site-library/BH/include/boost/concept/usage.hpp: In instantiation of ‘boost::concepts::usage_requirements<Model>::~usage_requirements() [with Model = boost::range_detail::ForwardIteratorConcept<const double*>]’:
/usr/local/lib/R/site-library/BH/include/boost/concept/detail/general.hpp:50:47:   required from ‘static void boost::concepts::requirement<boost::concepts::failed************ Model::************>::failed() [with Model = boost::concepts::usage_requirements<boost::range_detail::ForwardIteratorConcept<const double*> >]’
/usr/local/lib/R/site-library/BH/include/boost/range/concepts.hpp:197:13:   required from ‘struct boost::range_detail::ForwardIteratorConcept<const double*>’
/usr/local/lib/R/site-library/BH/include/boost/concept/detail/has_constraints.hpp:32:62:   required by substitution of ‘template<class Model> boost::concepts::detail::yes boost::concepts::detail::has_constraints_(Model*, boost::concepts::detail::wrap_constraints<Model, (& Model::constraints)>*) [with Model = boost::range_detail::ForwardIteratorConcept<const double*>]’
/usr/local/lib/R/site-library/BH/include/boost/concept/detail/has_constraints.hpp:42:5:   required from ‘const bool boost::concepts::not_satisfied<boost::range_detail::ForwardIteratorConcept<const double*> >::value’
/usr/local/lib/R/site-library/BH/include/boost/concept/detail/has_constraints.hpp:45:51:   required from ‘struct boost::concepts::not_satisfied<boost::range_detail::ForwardIteratorConcept<const double*> >’
/usr/local/lib/R/site-library/BH/include/boost/concept/detail/general.hpp:72:8:   [ skipping 4 instantiation contexts, use -ftemplate-backtrace-limit=0 to disable ]
/usr/local/lib/R/site-library/BH/include/boost/concept/detail/has_constraints.hpp:32:62:   required by substitution of ‘template<class Model> boost::concepts::detail::yes boost::concepts::detail::has_constraints_(Model*, boost::concepts::detail::wrap_constraints<Model, (& Model::constraints)>*) [with Model = boost::RandomAccessRangeConcept<Rcpp::Vector<14, Rcpp::PreserveStorage> >]’
/usr/local/lib/R/site-library/BH/include/boost/concept/detail/has_constraints.hpp:42:5:   required from ‘const bool boost::concepts::not_satisfied<boost::RandomAccessRangeConcept<Rcpp::Vector<14, Rcpp::PreserveStorage> > >::value’
/usr/local/lib/R/site-library/BH/include/boost/concept/detail/has_constraints.hpp:45:51:   required from ‘struct boost::concepts::not_satisfied<boost::RandomAccessRangeConcept<Rcpp::Vector<14, Rcpp::PreserveStorage> > >’
/usr/local/lib/R/site-library/BH/include/boost/concept/detail/general.hpp:72:8:   required from ‘struct boost::concepts::requirement_<void (*)(boost::RandomAccessRangeConcept<Rcpp::Vector<14, Rcpp::PreserveStorage> >)>’
/usr/local/lib/R/site-library/BH/include/boost/range/algorithm/nth_element.hpp:33:5:   required from ‘RandomAccessRange& boost::range::random_shuffle(RandomAccessRange&, Generator&) [with RandomAccessRange = Rcpp::Vector<14, Rcpp::PreserveStorage>; Generator = pcg_detail::engine<unsigned int, long unsigned int, pcg_detail::xsh_rr_mixin<unsigned int, long unsigned int>, true, pcg_detail::specific_stream<long unsigned int>, pcg_detail::default_multiplier<long unsigned int> >]’
shuffle_matrix.cpp:19:37:   required from here
/usr/local/lib/R/site-library/BH/include/boost/concept/usage.hpp:20:48: warning: ‘this’ pointer is null [-Wnonnull]
   20 |     ~usage_requirements() { ((Model*)0)->~Model(); }
      |                             ~~~~~~~~~~~~~~~~~~~^~
/usr/local/lib/R/site-library/BH/include/boost/concept/usage.hpp:37:7: note: in a call to non-static member function ‘boost::range_detail::ForwardIteratorConcept<Iterator>::~ForwardIteratorConcept() [with Iterator = const double*]’
   37 |       ~model()
      |       ^
/usr/local/lib/R/site-library/BH/include/boost/range/concepts.hpp:197:13: note: in expansion of macro ‘BOOST_CONCEPT_USAGE’
  197 |             BOOST_CONCEPT_USAGE(ForwardIteratorConcept)
      |             ^~~~~~~~~~~~~~~~~~~
/usr/local/lib/R/site-library/BH/include/boost/concept/usage.hpp: In instantiation of ‘boost::concepts::usage_requirements<Model>::~usage_requirements() [with Model = boost::Convertible<boost::iterators::random_access_traversal_tag, boost::iterators::bidirectional_traversal_tag>]’:
/usr/local/lib/R/site-library/BH/include/boost/concept/detail/general.hpp:50:47:   required from ‘static void boost::concepts::requirement<boost::concepts::failed************ Model::************>::failed() [with Model = boost::concepts::usage_requirements<boost::Convertible<boost::iterators::random_access_traversal_tag, boost::iterators::bidirectional_traversal_tag> >]’
/usr/local/lib/R/site-library/BH/include/boost/concept_check.hpp:208:5:   required from ‘struct boost::Convertible<boost::iterators::random_access_traversal_tag, boost::iterators::bidirectional_traversal_tag>’
/usr/local/lib/R/site-library/BH/include/boost/concept/detail/has_constraints.hpp:32:62:   required by substitution of ‘template<class Model> boost::concepts::detail::yes boost::concepts::detail::has_constraints_(Model*, boost::concepts::detail::wrap_constraints<Model, (& Model::constraints)>*) [with Model = boost::Convertible<boost::iterators::random_access_traversal_tag, boost::iterators::bidirectional_traversal_tag>]’
/usr/local/lib/R/site-library/BH/include/boost/concept/detail/has_constraints.hpp:42:5:   required from ‘const bool boost::concepts::not_satisfied<boost::Convertible<boost::iterators::random_access_traversal_tag, boost::iterators::bidirectional_traversal_tag> >::value’
/usr/local/lib/R/site-library/BH/include/boost/concept/detail/has_constraints.hpp:45:51:   required from ‘struct boost::concepts::not_satisfied<boost::Convertible<boost::iterators::random_access_traversal_tag, boost::iterators::bidirectional_traversal_tag> >’
/usr/local/lib/R/site-library/BH/include/boost/concept/detail/general.hpp:72:8:   [ skipping 8 instantiation contexts, use -ftemplate-backtrace-limit=0 to disable ]
/usr/local/lib/R/site-library/BH/include/boost/concept/detail/has_constraints.hpp:32:62:   required by substitution of ‘template<class Model> boost::concepts::detail::yes boost::concepts::detail::has_constraints_(Model*, boost::concepts::detail::wrap_constraints<Model, (& Model::constraints)>*) [with Model = boost::RandomAccessRangeConcept<Rcpp::Vector<14, Rcpp::PreserveStorage> >]’
/usr/local/lib/R/site-library/BH/include/boost/concept/detail/has_constraints.hpp:42:5:   required from ‘const bool boost::concepts::not_satisfied<boost::RandomAccessRangeConcept<Rcpp::Vector<14, Rcpp::PreserveStorage> > >::value’
/usr/local/lib/R/site-library/BH/include/boost/concept/detail/has_constraints.hpp:45:51:   required from ‘struct boost::concepts::not_satisfied<boost::RandomAccessRangeConcept<Rcpp::Vector<14, Rcpp::PreserveStorage> > >’
/usr/local/lib/R/site-library/BH/include/boost/concept/detail/general.hpp:72:8:   required from ‘struct boost::concepts::requirement_<void (*)(boost::RandomAccessRangeConcept<Rcpp::Vector<14, Rcpp::PreserveStorage> >)>’
/usr/local/lib/R/site-library/BH/include/boost/range/algorithm/nth_element.hpp:33:5:   required from ‘RandomAccessRange& boost::range::random_shuffle(RandomAccessRange&, Generator&) [with RandomAccessRange = Rcpp::Vector<14, Rcpp::PreserveStorage>; Generator = pcg_detail::engine<unsigned int, long unsigned int, pcg_detail::xsh_rr_mixin<unsigned int, long unsigned int>, true, pcg_detail::specific_stream<long unsigned int>, pcg_detail::default_multiplier<long unsigned int> >]’
shuffle_matrix.cpp:19:37:   required from here
/usr/local/lib/R/site-library/BH/include/boost/concept/usage.hpp:20:48: warning: ‘this’ pointer is null [-Wnonnull]
   20 |     ~usage_requirements() { ((Model*)0)->~Model(); }
      |                             ~~~~~~~~~~~~~~~~~~~^~
/usr/local/lib/R/site-library/BH/include/boost/concept/usage.hpp:37:7: note: in a call to non-static member function ‘boost::Convertible<X, Y>::~Convertible() [with X = boost::iterators::random_access_traversal_tag; Y = boost::iterators::bidirectional_traversal_tag]’
   37 |       ~model()
      |       ^
/usr/local/lib/R/site-library/BH/include/boost/concept_check.hpp:208:5: note: in expansion of macro ‘BOOST_CONCEPT_USAGE’
  208 |     BOOST_CONCEPT_USAGE(Convertible) {
      |     ^~~~~~~~~~~~~~~~~~~
/usr/local/lib/R/site-library/BH/include/boost/concept/usage.hpp: In instantiation of ‘boost::concepts::usage_requirements<Model>::~usage_requirements() [with Model = boost::range_detail::BidirectionalIteratorConcept<double*>]’:
/usr/local/lib/R/site-library/BH/include/boost/concept/detail/general.hpp:50:47:   required from ‘static void boost::concepts::requirement<boost::concepts::failed************ Model::************>::failed() [with Model = boost::concepts::usage_requirements<boost::range_detail::BidirectionalIteratorConcept<double*> >]’
/usr/local/lib/R/site-library/BH/include/boost/range/concepts.hpp:224:14:   required from ‘struct boost::range_detail::BidirectionalIteratorConcept<double*>’
/usr/local/lib/R/site-library/BH/include/boost/concept/detail/has_constraints.hpp:32:62:   required by substitution of ‘template<class Model> boost::concepts::detail::yes boost::concepts::detail::has_constraints_(Model*, boost::concepts::detail::wrap_constraints<Model, (& Model::constraints)>*) [with Model = boost::range_detail::BidirectionalIteratorConcept<double*>]’
/usr/local/lib/R/site-library/BH/include/boost/concept/detail/has_constraints.hpp:42:5:   required from ‘const bool boost::concepts::not_satisfied<boost::range_detail::BidirectionalIteratorConcept<double*> >::value’
/usr/local/lib/R/site-library/BH/include/boost/concept/detail/has_constraints.hpp:45:51:   required from ‘struct boost::concepts::not_satisfied<boost::range_detail::BidirectionalIteratorConcept<double*> >’
/usr/local/lib/R/site-library/BH/include/boost/concept/detail/general.hpp:72:8:   [ skipping 3 instantiation contexts, use -ftemplate-backtrace-limit=0 to disable ]
/usr/local/lib/R/site-library/BH/include/boost/concept/detail/has_constraints.hpp:32:62:   required by substitution of ‘template<class Model> boost::concepts::detail::yes boost::concepts::detail::has_constraints_(Model*, boost::concepts::detail::wrap_constraints<Model, (& Model::constraints)>*) [with Model = boost::RandomAccessRangeConcept<Rcpp::Vector<14, Rcpp::PreserveStorage> >]’
/usr/local/lib/R/site-library/BH/include/boost/concept/detail/has_constraints.hpp:42:5:   required from ‘const bool boost::concepts::not_satisfied<boost::RandomAccessRangeConcept<Rcpp::Vector<14, Rcpp::PreserveStorage> > >::value’
/usr/local/lib/R/site-library/BH/include/boost/concept/detail/has_constraints.hpp:45:51:   required from ‘struct boost::concepts::not_satisfied<boost::RandomAccessRangeConcept<Rcpp::Vector<14, Rcpp::PreserveStorage> > >’
/usr/local/lib/R/site-library/BH/include/boost/concept/detail/general.hpp:72:8:   required from ‘struct boost::concepts::requirement_<void (*)(boost::RandomAccessRangeConcept<Rcpp::Vector<14, Rcpp::PreserveStorage> >)>’
/usr/local/lib/R/site-library/BH/include/boost/range/algorithm/nth_element.hpp:33:5:   required from ‘RandomAccessRange& boost::range::random_shuffle(RandomAccessRange&, Generator&) [with RandomAccessRange = Rcpp::Vector<14, Rcpp::PreserveStorage>; Generator = pcg_detail::engine<unsigned int, long unsigned int, pcg_detail::xsh_rr_mixin<unsigned int, long unsigned int>, true, pcg_detail::specific_stream<long unsigned int>, pcg_detail::default_multiplier<long unsigned int> >]’
shuffle_matrix.cpp:19:37:   required from here
/usr/local/lib/R/site-library/BH/include/boost/concept/usage.hpp:20:48: warning: ‘this’ pointer is null [-Wnonnull]
   20 |     ~usage_requirements() { ((Model*)0)->~Model(); }
      |                             ~~~~~~~~~~~~~~~~~~~^~
/usr/local/lib/R/site-library/BH/include/boost/concept/usage.hpp:37:7: note: in a call to non-static member function ‘boost::range_detail::BidirectionalIteratorConcept<Iterator>::~BidirectionalIteratorConcept() [with Iterator = double*]’
   37 |       ~model()
      |       ^
/usr/local/lib/R/site-library/BH/include/boost/range/concepts.hpp:224:14: note: in expansion of macro ‘BOOST_CONCEPT_USAGE’
  224 |              BOOST_CONCEPT_USAGE(BidirectionalIteratorConcept)
      |              ^~~~~~~~~~~~~~~~~~~
/usr/local/lib/R/site-library/BH/include/boost/concept/usage.hpp: In instantiation of ‘boost::concepts::usage_requirements<Model>::~usage_requirements() [with Model = boost::range_detail::BidirectionalIteratorConcept<const double*>]’:
/usr/local/lib/R/site-library/BH/include/boost/concept/detail/general.hpp:50:47:   required from ‘static void boost::concepts::requirement<boost::concepts::failed************ Model::************>::failed() [with Model = boost::concepts::usage_requirements<boost::range_detail::BidirectionalIteratorConcept<const double*> >]’
/usr/local/lib/R/site-library/BH/include/boost/range/concepts.hpp:224:14:   required from ‘struct boost::range_detail::BidirectionalIteratorConcept<const double*>’
/usr/local/lib/R/site-library/BH/include/boost/concept/detail/has_constraints.hpp:32:62:   required by substitution of ‘template<class Model> boost::concepts::detail::yes boost::concepts::detail::has_constraints_(Model*, boost::concepts::detail::wrap_constraints<Model, (& Model::constraints)>*) [with Model = boost::range_detail::BidirectionalIteratorConcept<const double*>]’
/usr/local/lib/R/site-library/BH/include/boost/concept/detail/has_constraints.hpp:42:5:   required from ‘const bool boost::concepts::not_satisfied<boost::range_detail::BidirectionalIteratorConcept<const double*> >::value’
/usr/local/lib/R/site-library/BH/include/boost/concept/detail/has_constraints.hpp:45:51:   required from ‘struct boost::concepts::not_satisfied<boost::range_detail::BidirectionalIteratorConcept<const double*> >’
/usr/local/lib/R/site-library/BH/include/boost/concept/detail/general.hpp:72:8:   [ skipping 3 instantiation contexts, use -ftemplate-backtrace-limit=0 to disable ]
/usr/local/lib/R/site-library/BH/include/boost/concept/detail/has_constraints.hpp:32:62:   required by substitution of ‘template<class Model> boost::concepts::detail::yes boost::concepts::detail::has_constraints_(Model*, boost::concepts::detail::wrap_constraints<Model, (& Model::constraints)>*) [with Model = boost::RandomAccessRangeConcept<Rcpp::Vector<14, Rcpp::PreserveStorage> >]’
/usr/local/lib/R/site-library/BH/include/boost/concept/detail/has_constraints.hpp:42:5:   required from ‘const bool boost::concepts::not_satisfied<boost::RandomAccessRangeConcept<Rcpp::Vector<14, Rcpp::PreserveStorage> > >::value’
/usr/local/lib/R/site-library/BH/include/boost/concept/detail/has_constraints.hpp:45:51:   required from ‘struct boost::concepts::not_satisfied<boost::RandomAccessRangeConcept<Rcpp::Vector<14, Rcpp::PreserveStorage> > >’
/usr/local/lib/R/site-library/BH/include/boost/concept/detail/general.hpp:72:8:   required from ‘struct boost::concepts::requirement_<void (*)(boost::RandomAccessRangeConcept<Rcpp::Vector<14, Rcpp::PreserveStorage> >)>’
/usr/local/lib/R/site-library/BH/include/boost/range/algorithm/nth_element.hpp:33:5:   required from ‘RandomAccessRange& boost::range::random_shuffle(RandomAccessRange&, Generator&) [with RandomAccessRange = Rcpp::Vector<14, Rcpp::PreserveStorage>; Generator = pcg_detail::engine<unsigned int, long unsigned int, pcg_detail::xsh_rr_mixin<unsigned int, long unsigned int>, true, pcg_detail::specific_stream<long unsigned int>, pcg_detail::default_multiplier<long unsigned int> >]’
shuffle_matrix.cpp:19:37:   required from here
/usr/local/lib/R/site-library/BH/include/boost/concept/usage.hpp:20:48: warning: ‘this’ pointer is null [-Wnonnull]
   20 |     ~usage_requirements() { ((Model*)0)->~Model(); }
      |                             ~~~~~~~~~~~~~~~~~~~^~
/usr/local/lib/R/site-library/BH/include/boost/concept/usage.hpp:37:7: note: in a call to non-static member function ‘boost::range_detail::BidirectionalIteratorConcept<Iterator>::~BidirectionalIteratorConcept() [with Iterator = const double*]’
   37 |       ~model()
      |       ^
/usr/local/lib/R/site-library/BH/include/boost/range/concepts.hpp:224:14: note: in expansion of macro ‘BOOST_CONCEPT_USAGE’
  224 |              BOOST_CONCEPT_USAGE(BidirectionalIteratorConcept)
      |              ^~~~~~~~~~~~~~~~~~~
/usr/local/lib/R/site-library/BH/include/boost/concept/usage.hpp: In instantiation of ‘boost::concepts::usage_requirements<Model>::~usage_requirements() [with Model = boost::Convertible<boost::iterators::random_access_traversal_tag, boost::iterators::random_access_traversal_tag>]’:
/usr/local/lib/R/site-library/BH/include/boost/concept/detail/general.hpp:50:47:   required from ‘static void boost::concepts::requirement<boost::concepts::failed************ Model::************>::failed() [with Model = boost::concepts::usage_requirements<boost::Convertible<boost::iterators::random_access_traversal_tag, boost::iterators::random_access_traversal_tag> >]’
/usr/local/lib/R/site-library/BH/include/boost/concept_check.hpp:208:5:   required from ‘struct boost::Convertible<boost::iterators::random_access_traversal_tag, boost::iterators::random_access_traversal_tag>’
/usr/local/lib/R/site-library/BH/include/boost/concept/detail/has_constraints.hpp:32:62:   required by substitution of ‘template<class Model> boost::concepts::detail::yes boost::concepts::detail::has_constraints_(Model*, boost::concepts::detail::wrap_constraints<Model, (& Model::constraints)>*) [with Model = boost::Convertible<boost::iterators::random_access_traversal_tag, boost::iterators::random_access_traversal_tag>]’
/usr/local/lib/R/site-library/BH/include/boost/concept/detail/has_constraints.hpp:42:5:   required from ‘const bool boost::concepts::not_satisfied<boost::Convertible<boost::iterators::random_access_traversal_tag, boost::iterators::random_access_traversal_tag> >::value’
/usr/local/lib/R/site-library/BH/include/boost/concept/detail/has_constraints.hpp:45:51:   required from ‘struct boost::concepts::not_satisfied<boost::Convertible<boost::iterators::random_access_traversal_tag, boost::iterators::random_access_traversal_tag> >’
/usr/local/lib/R/site-library/BH/include/boost/concept/detail/general.hpp:72:8:   [ skipping 7 instantiation contexts, use -ftemplate-backtrace-limit=0 to disable ]
/usr/local/lib/R/site-library/BH/include/boost/concept/detail/has_constraints.hpp:32:62:   required by substitution of ‘template<class Model> boost::concepts::detail::yes boost::concepts::detail::has_constraints_(Model*, boost::concepts::detail::wrap_constraints<Model, (& Model::constraints)>*) [with Model = boost::RandomAccessRangeConcept<Rcpp::Vector<14, Rcpp::PreserveStorage> >]’
/usr/local/lib/R/site-library/BH/include/boost/concept/detail/has_constraints.hpp:42:5:   required from ‘const bool boost::concepts::not_satisfied<boost::RandomAccessRangeConcept<Rcpp::Vector<14, Rcpp::PreserveStorage> > >::value’
/usr/local/lib/R/site-library/BH/include/boost/concept/detail/has_constraints.hpp:45:51:   required from ‘struct boost::concepts::not_satisfied<boost::RandomAccessRangeConcept<Rcpp::Vector<14, Rcpp::PreserveStorage> > >’
/usr/local/lib/R/site-library/BH/include/boost/concept/detail/general.hpp:72:8:   required from ‘struct boost::concepts::requirement_<void (*)(boost::RandomAccessRangeConcept<Rcpp::Vector<14, Rcpp::PreserveStorage> >)>’
/usr/local/lib/R/site-library/BH/include/boost/range/algorithm/nth_element.hpp:33:5:   required from ‘RandomAccessRange& boost::range::random_shuffle(RandomAccessRange&, Generator&) [with RandomAccessRange = Rcpp::Vector<14, Rcpp::PreserveStorage>; Generator = pcg_detail::engine<unsigned int, long unsigned int, pcg_detail::xsh_rr_mixin<unsigned int, long unsigned int>, true, pcg_detail::specific_stream<long unsigned int>, pcg_detail::default_multiplier<long unsigned int> >]’
shuffle_matrix.cpp:19:37:   required from here
/usr/local/lib/R/site-library/BH/include/boost/concept/usage.hpp:20:48: warning: ‘this’ pointer is null [-Wnonnull]
   20 |     ~usage_requirements() { ((Model*)0)->~Model(); }
      |                             ~~~~~~~~~~~~~~~~~~~^~
/usr/local/lib/R/site-library/BH/include/boost/concept/usage.hpp:37:7: note: in a call to non-static member function ‘boost::Convertible<X, Y>::~Convertible() [with X = boost::iterators::random_access_traversal_tag; Y = boost::iterators::random_access_traversal_tag]’
   37 |       ~model()
      |       ^
/usr/local/lib/R/site-library/BH/include/boost/concept_check.hpp:208:5: note: in expansion of macro ‘BOOST_CONCEPT_USAGE’
  208 |     BOOST_CONCEPT_USAGE(Convertible) {
      |     ^~~~~~~~~~~~~~~~~~~
/usr/local/lib/R/site-library/BH/include/boost/concept/usage.hpp: In instantiation of ‘boost::concepts::usage_requirements<Model>::~usage_requirements() [with Model = boost::range_detail::RandomAccessIteratorConcept<double*>]’:
/usr/local/lib/R/site-library/BH/include/boost/concept/detail/general.hpp:50:47:   required from ‘static void boost::concepts::requirement<boost::concepts::failed************ Model::************>::failed() [with Model = boost::concepts::usage_requirements<boost::range_detail::RandomAccessIteratorConcept<double*> >]’
/usr/local/lib/R/site-library/BH/include/boost/range/concepts.hpp:245:14:   required from ‘struct boost::range_detail::RandomAccessIteratorConcept<double*>’
/usr/local/lib/R/site-library/BH/include/boost/concept/detail/has_constraints.hpp:32:62:   required by substitution of ‘template<class Model> boost::concepts::detail::yes boost::concepts::detail::has_constraints_(Model*, boost::concepts::detail::wrap_constraints<Model, (& Model::constraints)>*) [with Model = boost::range_detail::RandomAccessIteratorConcept<double*>]’
/usr/local/lib/R/site-library/BH/include/boost/concept/detail/has_constraints.hpp:42:5:   required from ‘const bool boost::concepts::not_satisfied<boost::range_detail::RandomAccessIteratorConcept<double*> >::value’
/usr/local/lib/R/site-library/BH/include/boost/concept/detail/has_constraints.hpp:45:51:   required from ‘struct boost::concepts::not_satisfied<boost::range_detail::RandomAccessIteratorConcept<double*> >’
/usr/local/lib/R/site-library/BH/include/boost/concept/detail/general.hpp:72:8:   [ skipping 2 instantiation contexts, use -ftemplate-backtrace-limit=0 to disable ]
/usr/local/lib/R/site-library/BH/include/boost/concept/detail/has_constraints.hpp:32:62:   required by substitution of ‘template<class Model> boost::concepts::detail::yes boost::concepts::detail::has_constraints_(Model*, boost::concepts::detail::wrap_constraints<Model, (& Model::constraints)>*) [with Model = boost::RandomAccessRangeConcept<Rcpp::Vector<14, Rcpp::PreserveStorage> >]’
/usr/local/lib/R/site-library/BH/include/boost/concept/detail/has_constraints.hpp:42:5:   required from ‘const bool boost::concepts::not_satisfied<boost::RandomAccessRangeConcept<Rcpp::Vector<14, Rcpp::PreserveStorage> > >::value’
/usr/local/lib/R/site-library/BH/include/boost/concept/detail/has_constraints.hpp:45:51:   required from ‘struct boost::concepts::not_satisfied<boost::RandomAccessRangeConcept<Rcpp::Vector<14, Rcpp::PreserveStorage> > >’
/usr/local/lib/R/site-library/BH/include/boost/concept/detail/general.hpp:72:8:   required from ‘struct boost::concepts::requirement_<void (*)(boost::RandomAccessRangeConcept<Rcpp::Vector<14, Rcpp::PreserveStorage> >)>’
/usr/local/lib/R/site-library/BH/include/boost/range/algorithm/nth_element.hpp:33:5:   required from ‘RandomAccessRange& boost::range::random_shuffle(RandomAccessRange&, Generator&) [with RandomAccessRange = Rcpp::Vector<14, Rcpp::PreserveStorage>; Generator = pcg_detail::engine<unsigned int, long unsigned int, pcg_detail::xsh_rr_mixin<unsigned int, long unsigned int>, true, pcg_detail::specific_stream<long unsigned int>, pcg_detail::default_multiplier<long unsigned int> >]’
shuffle_matrix.cpp:19:37:   required from here
/usr/local/lib/R/site-library/BH/include/boost/concept/usage.hpp:20:48: warning: ‘this’ pointer is null [-Wnonnull]
   20 |     ~usage_requirements() { ((Model*)0)->~Model(); }
      |                             ~~~~~~~~~~~~~~~~~~~^~
/usr/local/lib/R/site-library/BH/include/boost/concept/usage.hpp:37:7: note: in a call to non-static member function ‘boost::range_detail::RandomAccessIteratorConcept<Iterator>::~RandomAccessIteratorConcept() [with Iterator = double*]’
   37 |       ~model()
      |       ^
/usr/local/lib/R/site-library/BH/include/boost/range/concepts.hpp:245:14: note: in expansion of macro ‘BOOST_CONCEPT_USAGE’
  245 |              BOOST_CONCEPT_USAGE(RandomAccessIteratorConcept)
      |              ^~~~~~~~~~~~~~~~~~~
/usr/local/lib/R/site-library/BH/include/boost/concept/usage.hpp: In instantiation of ‘boost::concepts::usage_requirements<Model>::~usage_requirements() [with Model = boost::range_detail::RandomAccessIteratorConcept<const double*>]’:
/usr/local/lib/R/site-library/BH/include/boost/concept/detail/general.hpp:50:47:   required from ‘static void boost::concepts::requirement<boost::concepts::failed************ Model::************>::failed() [with Model = boost::concepts::usage_requirements<boost::range_detail::RandomAccessIteratorConcept<const double*> >]’
/usr/local/lib/R/site-library/BH/include/boost/range/concepts.hpp:245:14:   required from ‘struct boost::range_detail::RandomAccessIteratorConcept<const double*>’
/usr/local/lib/R/site-library/BH/include/boost/concept/detail/has_constraints.hpp:32:62:   required by substitution of ‘template<class Model> boost::concepts::detail::yes boost::concepts::detail::has_constraints_(Model*, boost::concepts::detail::wrap_constraints<Model, (& Model::constraints)>*) [with Model = boost::range_detail::RandomAccessIteratorConcept<const double*>]’
/usr/local/lib/R/site-library/BH/include/boost/concept/detail/has_constraints.hpp:42:5:   required from ‘const bool boost::concepts::not_satisfied<boost::range_detail::RandomAccessIteratorConcept<const double*> >::value’
/usr/local/lib/R/site-library/BH/include/boost/concept/detail/has_constraints.hpp:45:51:   required from ‘struct boost::concepts::not_satisfied<boost::range_detail::RandomAccessIteratorConcept<const double*> >’
/usr/local/lib/R/site-library/BH/include/boost/concept/detail/general.hpp:72:8:   [ skipping 2 instantiation contexts, use -ftemplate-backtrace-limit=0 to disable ]
/usr/local/lib/R/site-library/BH/include/boost/concept/detail/has_constraints.hpp:32:62:   required by substitution of ‘template<class Model> boost::concepts::detail::yes boost::concepts::detail::has_constraints_(Model*, boost::concepts::detail::wrap_constraints<Model, (& Model::constraints)>*) [with Model = boost::RandomAccessRangeConcept<Rcpp::Vector<14, Rcpp::PreserveStorage> >]’
/usr/local/lib/R/site-library/BH/include/boost/concept/detail/has_constraints.hpp:42:5:   required from ‘const bool boost::concepts::not_satisfied<boost::RandomAccessRangeConcept<Rcpp::Vector<14, Rcpp::PreserveStorage> > >::value’
/usr/local/lib/R/site-library/BH/include/boost/concept/detail/has_constraints.hpp:45:51:   required from ‘struct boost::concepts::not_satisfied<boost::RandomAccessRangeConcept<Rcpp::Vector<14, Rcpp::PreserveStorage> > >’
/usr/local/lib/R/site-library/BH/include/boost/concept/detail/general.hpp:72:8:   required from ‘struct boost::concepts::requirement_<void (*)(boost::RandomAccessRangeConcept<Rcpp::Vector<14, Rcpp::PreserveStorage> >)>’
/usr/local/lib/R/site-library/BH/include/boost/range/algorithm/nth_element.hpp:33:5:   required from ‘RandomAccessRange& boost::range::random_shuffle(RandomAccessRange&, Generator&) [with RandomAccessRange = Rcpp::Vector<14, Rcpp::PreserveStorage>; Generator = pcg_detail::engine<unsigned int, long unsigned int, pcg_detail::xsh_rr_mixin<unsigned int, long unsigned int>, true, pcg_detail::specific_stream<long unsigned int>, pcg_detail::default_multiplier<long unsigned int> >]’
shuffle_matrix.cpp:19:37:   required from here
/usr/local/lib/R/site-library/BH/include/boost/concept/usage.hpp:20:48: warning: ‘this’ pointer is null [-Wnonnull]
   20 |     ~usage_requirements() { ((Model*)0)->~Model(); }
      |                             ~~~~~~~~~~~~~~~~~~~^~
/usr/local/lib/R/site-library/BH/include/boost/concept/usage.hpp:37:7: note: in a call to non-static member function ‘boost::range_detail::RandomAccessIteratorConcept<Iterator>::~RandomAccessIteratorConcept() [with Iterator = const double*]’
   37 |       ~model()
      |       ^
/usr/local/lib/R/site-library/BH/include/boost/range/concepts.hpp:245:14: note: in expansion of macro ‘BOOST_CONCEPT_USAGE’
  245 |              BOOST_CONCEPT_USAGE(RandomAccessIteratorConcept)
      |              ^~~~~~~~~~~~~~~~~~~
g++ -std=gnu++11 -shared -L/usr/lib/R/lib -Wl,-Bsymbolic-functions -flto=auto -ffat-lto-objects -flto=auto -Wl,-z,relro -o PCAtools.so RcppExports.o shuffle_matrix.o -L/usr/lib/R/lib -lR
installing to /usr/local/lib/R/site-library/00LOCK-PCAtools/00new/PCAtools/libs
** R
** inst
** byte-compile and prepare package for lazy loading
** help
*** installing help indices
** building package indices
** installing vignettes
** testing if installed package can be loaded from temporary location
** checking absolute paths in shared objects and dynamic libraries
** testing if installed package can be loaded from final location
** testing if installed package keeps a record of temporary installation path
* creating tarball
packaged installation of ‘PCAtools’ as ‘PCAtools_2.20.0_R_x86_64-pc-linux-gnu.tar.gz’
* DONE (PCAtools)
* installing *source* package ‘kableExtra’ ...
** this is package ‘kableExtra’ version ‘1.4.0’
** package ‘kableExtra’ successfully unpacked and MD5 sums checked
** using staged installation
** R
** inst
** byte-compile and prepare package for lazy loading
Warning: program compiled against libxml 213 using older 209
** help
*** installing help indices
** building package indices
** installing vignettes
** testing if installed package can be loaded from temporary location
Warning: program compiled against libxml 213 using older 209
** testing if installed package can be loaded from final location
Warning: program compiled against libxml 213 using older 209
** testing if installed package keeps a record of temporary installation path
* creating tarball
packaged installation of ‘kableExtra’ as ‘kableExtra_1.4.0_R_x86_64-pc-linux-gnu.tar.gz’
* DONE (kableExtra)
* installing *source* package ‘scDataviz’ ...
** this is package ‘scDataviz’ version ‘1.18.0’
** using staged installation
** R
** inst
** byte-compile and prepare package for lazy loading
** help
*** installing help indices
** building package indices
** installing vignettes
** testing if installed package can be loaded from temporary location
** testing if installed package can be loaded from final location
** testing if installed package keeps a record of temporary installation path
* creating tarball
packaged installation of ‘scDataviz’ as ‘scDataviz_1.18.0_R_x86_64-pc-linux-gnu.tar.gz’
* DONE (scDataviz)

The downloaded source packages are in
	‘/tmp/RtmpJ9NehP/downloaded_packages’
Old packages: 'cli', 'data.table', 'DelayedArray', 'DESeq2', 'diffobj',
  'edgeR', 'future', 'generics', 'globals', 'parallelly', 'pkgdown',
  'RcppArmadillo', 'RSQLite', 'scales', 'sctransform', 'Seurat',
  'SeuratObject', 'SingleCellExperiment', 'spatstat.univar', 'spatstat.utils',
  'SummarizedExperiment', 'textshaping', 'utf8', 'zip'

real	10m18.655s
user	8m43.822s
sys	1m31.326s
