+ Rscript -e 'Sys.setenv(BIOCONDUCTOR_USE_CONTAINER_REPOSITORY=FALSE);
  p <- .libPaths();
  p <- c('\'''\'', '\'''\'', p);
  .libPaths(p);
  if(BiocManager::install('\''metagene2'\'', INSTALL_opts = '\''--build'\'', update = TRUE, quiet = FALSE, dependencies=TRUE, force = TRUE, keep_outputs = TRUE) %in% rownames(installed.packages())) q(status = 0) else q(status = 1)'
'getOption("repos")' replaces Bioconductor standard repositories, see
'help("repositories", package = "BiocManager")' for details.
Replacement repositories:
    CRAN: https://cloud.r-project.org
Bioconductor version 3.21 (BiocManager 1.30.25), R Under development (unstable)
  (2025-03-08 r87910)
Installing package(s) 'metagene2'
also installing the dependencies ‘formatR’, ‘matrixStats’, ‘abind’, ‘SparseArray’, ‘colorspace’, ‘lambda.r’, ‘futile.options’, ‘RCurl’, ‘rjson’, ‘MatrixGenerics’, ‘Biobase’, ‘S4Arrays’, ‘DelayedArray’, ‘farver’, ‘labeling’, ‘munsell’, ‘RColorBrewer’, ‘viridisLite’, ‘S4Vectors’, ‘XVector’, ‘futile.logger’, ‘snow’, ‘BH’, ‘XML’, ‘Biostrings’, ‘httr’, ‘BiocIO’, ‘restfulr’, ‘SummarizedExperiment’, ‘UCSC.utils’, ‘GenomeInfoDbData’, ‘gtable’, ‘isoband’, ‘scales’, ‘bitops’, ‘Rhtslib’, ‘generics’, ‘tidyselect’, ‘plyr’, ‘bookdown’, ‘GenomicRanges’, ‘BiocParallel’, ‘rtracklayer’, ‘GenomicAlignments’, ‘GenomeInfoDb’, ‘IRanges’, ‘ggplot2’, ‘Rsamtools’, ‘data.table’, ‘dplyr’, ‘reshape2’, ‘BiocGenerics’, ‘RUnit’, ‘BiocStyle’

trying URL 'https://cloud.r-project.org/src/contrib/formatR_1.14.tar.gz'
trying URL 'https://cloud.r-project.org/src/contrib/matrixStats_1.5.0.tar.gz'
trying URL 'https://cloud.r-project.org/src/contrib/abind_1.4-8.tar.gz'
trying URL 'https://bioconductor.org/packages/3.21/bioc/src/contrib/SparseArray_1.8.0.tar.gz'
trying URL 'https://cloud.r-project.org/src/contrib/colorspace_2.1-1.tar.gz'
trying URL 'https://cloud.r-project.org/src/contrib/lambda.r_1.2.4.tar.gz'
trying URL 'https://cloud.r-project.org/src/contrib/futile.options_1.0.1.tar.gz'
trying URL 'https://cloud.r-project.org/src/contrib/RCurl_1.98-1.17.tar.gz'
trying URL 'https://cloud.r-project.org/src/contrib/rjson_0.2.23.tar.gz'
trying URL 'https://bioconductor.org/packages/3.21/bioc/src/contrib/MatrixGenerics_1.20.0.tar.gz'
trying URL 'https://bioconductor.org/packages/3.21/bioc/src/contrib/Biobase_2.68.0.tar.gz'
trying URL 'https://bioconductor.org/packages/3.21/bioc/src/contrib/S4Arrays_1.8.0.tar.gz'
trying URL 'https://bioconductor.org/packages/3.21/bioc/src/contrib/DelayedArray_0.34.1.tar.gz'
trying URL 'https://cloud.r-project.org/src/contrib/farver_2.1.2.tar.gz'
trying URL 'https://cloud.r-project.org/src/contrib/labeling_0.4.3.tar.gz'
trying URL 'https://cloud.r-project.org/src/contrib/munsell_0.5.1.tar.gz'
trying URL 'https://cloud.r-project.org/src/contrib/RColorBrewer_1.1-3.tar.gz'
trying URL 'https://cloud.r-project.org/src/contrib/viridisLite_0.4.2.tar.gz'
trying URL 'https://bioconductor.org/packages/3.21/bioc/src/contrib/S4Vectors_0.46.0.tar.gz'
trying URL 'https://bioconductor.org/packages/3.21/bioc/src/contrib/XVector_0.48.0.tar.gz'
trying URL 'https://cloud.r-project.org/src/contrib/futile.logger_1.4.3.tar.gz'
trying URL 'https://cloud.r-project.org/src/contrib/snow_0.4-4.tar.gz'
trying URL 'https://cloud.r-project.org/src/contrib/BH_1.87.0-1.tar.gz'
trying URL 'https://cloud.r-project.org/src/contrib/XML_3.99-0.18.tar.gz'
trying URL 'https://bioconductor.org/packages/3.21/bioc/src/contrib/Biostrings_2.76.0.tar.gz'
trying URL 'https://cloud.r-project.org/src/contrib/httr_1.4.7.tar.gz'
trying URL 'https://bioconductor.org/packages/3.21/bioc/src/contrib/BiocIO_1.18.0.tar.gz'
trying URL 'https://cloud.r-project.org/src/contrib/restfulr_0.0.15.tar.gz'
trying URL 'https://bioconductor.org/packages/3.21/bioc/src/contrib/SummarizedExperiment_1.38.0.tar.gz'
trying URL 'https://bioconductor.org/packages/3.21/bioc/src/contrib/UCSC.utils_1.4.0.tar.gz'
trying URL 'https://bioconductor.org/packages/3.21/data/annotation/src/contrib/GenomeInfoDbData_1.2.14.tar.gz'
trying URL 'https://cloud.r-project.org/src/contrib/gtable_0.3.6.tar.gz'
trying URL 'https://cloud.r-project.org/src/contrib/isoband_0.2.7.tar.gz'
trying URL 'https://cloud.r-project.org/src/contrib/scales_1.3.0.tar.gz'
trying URL 'https://cloud.r-project.org/src/contrib/bitops_1.0-9.tar.gz'
trying URL 'https://bioconductor.org/packages/3.21/bioc/src/contrib/Rhtslib_3.4.0.tar.gz'
trying URL 'https://cloud.r-project.org/src/contrib/generics_0.1.3.tar.gz'
trying URL 'https://cloud.r-project.org/src/contrib/tidyselect_1.2.1.tar.gz'
trying URL 'https://cloud.r-project.org/src/contrib/plyr_1.8.9.tar.gz'
trying URL 'https://cloud.r-project.org/src/contrib/bookdown_0.43.tar.gz'
trying URL 'https://bioconductor.org/packages/3.21/bioc/src/contrib/GenomicRanges_1.60.0.tar.gz'
trying URL 'https://bioconductor.org/packages/3.21/bioc/src/contrib/BiocParallel_1.42.0.tar.gz'
trying URL 'https://bioconductor.org/packages/3.21/bioc/src/contrib/rtracklayer_1.68.0.tar.gz'
trying URL 'https://bioconductor.org/packages/3.21/bioc/src/contrib/GenomicAlignments_1.44.0.tar.gz'
trying URL 'https://bioconductor.org/packages/3.21/bioc/src/contrib/GenomeInfoDb_1.44.0.tar.gz'
trying URL 'https://bioconductor.org/packages/3.21/bioc/src/contrib/IRanges_2.42.0.tar.gz'
trying URL 'https://cloud.r-project.org/src/contrib/ggplot2_3.5.2.tar.gz'
trying URL 'https://bioconductor.org/packages/3.21/bioc/src/contrib/Rsamtools_2.24.0.tar.gz'
trying URL 'https://cloud.r-project.org/src/contrib/data.table_1.17.0.tar.gz'
trying URL 'https://cloud.r-project.org/src/contrib/dplyr_1.1.4.tar.gz'
trying URL 'https://cloud.r-project.org/src/contrib/reshape2_1.4.4.tar.gz'
trying URL 'https://bioconductor.org/packages/3.21/bioc/src/contrib/BiocGenerics_0.54.0.tar.gz'
trying URL 'https://cloud.r-project.org/src/contrib/RUnit_0.4.33.tar.gz'
trying URL 'https://bioconductor.org/packages/3.21/bioc/src/contrib/BiocStyle_2.36.0.tar.gz'
trying URL 'https://bioconductor.org/packages/3.21/bioc/src/contrib/metagene2_1.24.0.tar.gz'
* installing *source* package ‘formatR’ ...
** this is package ‘formatR’ version ‘1.14’
** package ‘formatR’ successfully unpacked and MD5 sums checked
** using staged installation
** R
** inst
** byte-compile and prepare package for lazy loading
** help
*** installing help indices
** building package indices
** installing vignettes
** testing if installed package can be loaded from temporary location
** testing if installed package can be loaded from final location
** testing if installed package keeps a record of temporary installation path
* creating tarball
packaged installation of ‘formatR’ as ‘formatR_1.14_R_x86_64-pc-linux-gnu.tar.gz’
* DONE (formatR)
* installing *source* package ‘matrixStats’ ...
** this is package ‘matrixStats’ version ‘1.5.0’
** package ‘matrixStats’ successfully unpacked and MD5 sums checked
** using staged installation
** libs
using C compiler: ‘gcc (Ubuntu 13.3.0-6ubuntu2~24.04) 13.3.0’
gcc -std=gnu2x -I"/usr/local/lib/R/include" -DNDEBUG   -I/usr/local/include    -fpic  -g -O2 -fstack-protector-strong -Wformat -Werror=format-security -Wdate-time -D_FORTIFY_SOURCE=2 -g  -c 000.init.c -o 000.init.o
gcc -std=gnu2x -I"/usr/local/lib/R/include" -DNDEBUG   -I/usr/local/include    -fpic  -g -O2 -fstack-protector-strong -Wformat -Werror=format-security -Wdate-time -D_FORTIFY_SOURCE=2 -g  -c allocMatrix2.c -o allocMatrix2.o
gcc -std=gnu2x -I"/usr/local/lib/R/include" -DNDEBUG   -I/usr/local/include    -fpic  -g -O2 -fstack-protector-strong -Wformat -Werror=format-security -Wdate-time -D_FORTIFY_SOURCE=2 -g  -c anyMissing.c -o anyMissing.o
gcc -std=gnu2x -I"/usr/local/lib/R/include" -DNDEBUG   -I/usr/local/include    -fpic  -g -O2 -fstack-protector-strong -Wformat -Werror=format-security -Wdate-time -D_FORTIFY_SOURCE=2 -g  -c binCounts.c -o binCounts.o
gcc -std=gnu2x -I"/usr/local/lib/R/include" -DNDEBUG   -I/usr/local/include    -fpic  -g -O2 -fstack-protector-strong -Wformat -Werror=format-security -Wdate-time -D_FORTIFY_SOURCE=2 -g  -c binMeans.c -o binMeans.o
gcc -std=gnu2x -I"/usr/local/lib/R/include" -DNDEBUG   -I/usr/local/include    -fpic  -g -O2 -fstack-protector-strong -Wformat -Werror=format-security -Wdate-time -D_FORTIFY_SOURCE=2 -g  -c colCounts.c -o colCounts.o
gcc -std=gnu2x -I"/usr/local/lib/R/include" -DNDEBUG   -I/usr/local/include    -fpic  -g -O2 -fstack-protector-strong -Wformat -Werror=format-security -Wdate-time -D_FORTIFY_SOURCE=2 -g  -c colOrderStats.c -o colOrderStats.o
gcc -std=gnu2x -I"/usr/local/lib/R/include" -DNDEBUG   -I/usr/local/include    -fpic  -g -O2 -fstack-protector-strong -Wformat -Werror=format-security -Wdate-time -D_FORTIFY_SOURCE=2 -g  -c colRanges.c -o colRanges.o
gcc -std=gnu2x -I"/usr/local/lib/R/include" -DNDEBUG   -I/usr/local/include    -fpic  -g -O2 -fstack-protector-strong -Wformat -Werror=format-security -Wdate-time -D_FORTIFY_SOURCE=2 -g  -c diff2.c -o diff2.o
gcc -std=gnu2x -I"/usr/local/lib/R/include" -DNDEBUG   -I/usr/local/include    -fpic  -g -O2 -fstack-protector-strong -Wformat -Werror=format-security -Wdate-time -D_FORTIFY_SOURCE=2 -g  -c indexByRow.c -o indexByRow.o
gcc -std=gnu2x -I"/usr/local/lib/R/include" -DNDEBUG   -I/usr/local/include    -fpic  -g -O2 -fstack-protector-strong -Wformat -Werror=format-security -Wdate-time -D_FORTIFY_SOURCE=2 -g  -c logSumExp.c -o logSumExp.o
gcc -std=gnu2x -I"/usr/local/lib/R/include" -DNDEBUG   -I/usr/local/include    -fpic  -g -O2 -fstack-protector-strong -Wformat -Werror=format-security -Wdate-time -D_FORTIFY_SOURCE=2 -g  -c mean2.c -o mean2.o
gcc -std=gnu2x -I"/usr/local/lib/R/include" -DNDEBUG   -I/usr/local/include    -fpic  -g -O2 -fstack-protector-strong -Wformat -Werror=format-security -Wdate-time -D_FORTIFY_SOURCE=2 -g  -c naming.c -o naming.o
gcc -std=gnu2x -I"/usr/local/lib/R/include" -DNDEBUG   -I/usr/local/include    -fpic  -g -O2 -fstack-protector-strong -Wformat -Werror=format-security -Wdate-time -D_FORTIFY_SOURCE=2 -g  -c productExpSumLog.c -o productExpSumLog.o
gcc -std=gnu2x -I"/usr/local/lib/R/include" -DNDEBUG   -I/usr/local/include    -fpic  -g -O2 -fstack-protector-strong -Wformat -Werror=format-security -Wdate-time -D_FORTIFY_SOURCE=2 -g  -c psortKM.c -o psortKM.o
gcc -std=gnu2x -I"/usr/local/lib/R/include" -DNDEBUG   -I/usr/local/include    -fpic  -g -O2 -fstack-protector-strong -Wformat -Werror=format-security -Wdate-time -D_FORTIFY_SOURCE=2 -g  -c rowCounts.c -o rowCounts.o
gcc -std=gnu2x -I"/usr/local/lib/R/include" -DNDEBUG   -I/usr/local/include    -fpic  -g -O2 -fstack-protector-strong -Wformat -Werror=format-security -Wdate-time -D_FORTIFY_SOURCE=2 -g  -c rowCummaxs.c -o rowCummaxs.o
gcc -std=gnu2x -I"/usr/local/lib/R/include" -DNDEBUG   -I/usr/local/include    -fpic  -g -O2 -fstack-protector-strong -Wformat -Werror=format-security -Wdate-time -D_FORTIFY_SOURCE=2 -g  -c rowCummins.c -o rowCummins.o
gcc -std=gnu2x -I"/usr/local/lib/R/include" -DNDEBUG   -I/usr/local/include    -fpic  -g -O2 -fstack-protector-strong -Wformat -Werror=format-security -Wdate-time -D_FORTIFY_SOURCE=2 -g  -c rowCumprods.c -o rowCumprods.o
gcc -std=gnu2x -I"/usr/local/lib/R/include" -DNDEBUG   -I/usr/local/include    -fpic  -g -O2 -fstack-protector-strong -Wformat -Werror=format-security -Wdate-time -D_FORTIFY_SOURCE=2 -g  -c rowCumsums.c -o rowCumsums.o
gcc -std=gnu2x -I"/usr/local/lib/R/include" -DNDEBUG   -I/usr/local/include    -fpic  -g -O2 -fstack-protector-strong -Wformat -Werror=format-security -Wdate-time -D_FORTIFY_SOURCE=2 -g  -c rowDiffs.c -o rowDiffs.o
gcc -std=gnu2x -I"/usr/local/lib/R/include" -DNDEBUG   -I/usr/local/include    -fpic  -g -O2 -fstack-protector-strong -Wformat -Werror=format-security -Wdate-time -D_FORTIFY_SOURCE=2 -g  -c rowLogSumExp.c -o rowLogSumExp.o
gcc -std=gnu2x -I"/usr/local/lib/R/include" -DNDEBUG   -I/usr/local/include    -fpic  -g -O2 -fstack-protector-strong -Wformat -Werror=format-security -Wdate-time -D_FORTIFY_SOURCE=2 -g  -c rowMads.c -o rowMads.o
gcc -std=gnu2x -I"/usr/local/lib/R/include" -DNDEBUG   -I/usr/local/include    -fpic  -g -O2 -fstack-protector-strong -Wformat -Werror=format-security -Wdate-time -D_FORTIFY_SOURCE=2 -g  -c rowMeans2.c -o rowMeans2.o
gcc -std=gnu2x -I"/usr/local/lib/R/include" -DNDEBUG   -I/usr/local/include    -fpic  -g -O2 -fstack-protector-strong -Wformat -Werror=format-security -Wdate-time -D_FORTIFY_SOURCE=2 -g  -c rowMedians.c -o rowMedians.o
gcc -std=gnu2x -I"/usr/local/lib/R/include" -DNDEBUG   -I/usr/local/include    -fpic  -g -O2 -fstack-protector-strong -Wformat -Werror=format-security -Wdate-time -D_FORTIFY_SOURCE=2 -g  -c rowOrderStats.c -o rowOrderStats.o
gcc -std=gnu2x -I"/usr/local/lib/R/include" -DNDEBUG   -I/usr/local/include    -fpic  -g -O2 -fstack-protector-strong -Wformat -Werror=format-security -Wdate-time -D_FORTIFY_SOURCE=2 -g  -c rowRanges.c -o rowRanges.o
gcc -std=gnu2x -I"/usr/local/lib/R/include" -DNDEBUG   -I/usr/local/include    -fpic  -g -O2 -fstack-protector-strong -Wformat -Werror=format-security -Wdate-time -D_FORTIFY_SOURCE=2 -g  -c rowRanksWithTies.c -o rowRanksWithTies.o
gcc -std=gnu2x -I"/usr/local/lib/R/include" -DNDEBUG   -I/usr/local/include    -fpic  -g -O2 -fstack-protector-strong -Wformat -Werror=format-security -Wdate-time -D_FORTIFY_SOURCE=2 -g  -c rowSums2.c -o rowSums2.o
gcc -std=gnu2x -I"/usr/local/lib/R/include" -DNDEBUG   -I/usr/local/include    -fpic  -g -O2 -fstack-protector-strong -Wformat -Werror=format-security -Wdate-time -D_FORTIFY_SOURCE=2 -g  -c rowVars.c -o rowVars.o
gcc -std=gnu2x -I"/usr/local/lib/R/include" -DNDEBUG   -I/usr/local/include    -fpic  -g -O2 -fstack-protector-strong -Wformat -Werror=format-security -Wdate-time -D_FORTIFY_SOURCE=2 -g  -c signTabulate.c -o signTabulate.o
gcc -std=gnu2x -I"/usr/local/lib/R/include" -DNDEBUG   -I/usr/local/include    -fpic  -g -O2 -fstack-protector-strong -Wformat -Werror=format-security -Wdate-time -D_FORTIFY_SOURCE=2 -g  -c sum2.c -o sum2.o
gcc -std=gnu2x -I"/usr/local/lib/R/include" -DNDEBUG   -I/usr/local/include    -fpic  -g -O2 -fstack-protector-strong -Wformat -Werror=format-security -Wdate-time -D_FORTIFY_SOURCE=2 -g  -c validateIndices.c -o validateIndices.o
gcc -std=gnu2x -I"/usr/local/lib/R/include" -DNDEBUG   -I/usr/local/include    -fpic  -g -O2 -fstack-protector-strong -Wformat -Werror=format-security -Wdate-time -D_FORTIFY_SOURCE=2 -g  -c weightedMean.c -o weightedMean.o
gcc -std=gnu2x -I"/usr/local/lib/R/include" -DNDEBUG   -I/usr/local/include    -fpic  -g -O2 -fstack-protector-strong -Wformat -Werror=format-security -Wdate-time -D_FORTIFY_SOURCE=2 -g  -c weightedMedian.c -o weightedMedian.o
gcc -std=gnu2x -I"/usr/local/lib/R/include" -DNDEBUG   -I/usr/local/include    -fpic  -g -O2 -fstack-protector-strong -Wformat -Werror=format-security -Wdate-time -D_FORTIFY_SOURCE=2 -g  -c x_OP_y.c -o x_OP_y.o
gcc -std=gnu2x -shared -L/usr/local/lib/R/lib -L/usr/local/lib -o matrixStats.so 000.init.o allocMatrix2.o anyMissing.o binCounts.o binMeans.o colCounts.o colOrderStats.o colRanges.o diff2.o indexByRow.o logSumExp.o mean2.o naming.o productExpSumLog.o psortKM.o rowCounts.o rowCummaxs.o rowCummins.o rowCumprods.o rowCumsums.o rowDiffs.o rowLogSumExp.o rowMads.o rowMeans2.o rowMedians.o rowOrderStats.o rowRanges.o rowRanksWithTies.o rowSums2.o rowVars.o signTabulate.o sum2.o validateIndices.o weightedMean.o weightedMedian.o x_OP_y.o -L/usr/local/lib/R/lib -lR
installing to /usr/local/lib/R/site-library/00LOCK-matrixStats/00new/matrixStats/libs
** R
** inst
** byte-compile and prepare package for lazy loading
** help
*** installing help indices
** building package indices
** installing vignettes
** testing if installed package can be loaded from temporary location
** checking absolute paths in shared objects and dynamic libraries
** testing if installed package can be loaded from final location
** testing if installed package keeps a record of temporary installation path
* creating tarball
packaged installation of ‘matrixStats’ as ‘matrixStats_1.5.0_R_x86_64-pc-linux-gnu.tar.gz’
* DONE (matrixStats)
* installing *source* package ‘abind’ ...
** this is package ‘abind’ version ‘1.4-8’
** package ‘abind’ successfully unpacked and MD5 sums checked
** using staged installation
** R
** byte-compile and prepare package for lazy loading
** help
*** installing help indices
** building package indices
** testing if installed package can be loaded from temporary location
** testing if installed package can be loaded from final location
** testing if installed package keeps a record of temporary installation path
* creating tarball
packaged installation of ‘abind’ as ‘abind_1.4-8_R_x86_64-pc-linux-gnu.tar.gz’
* DONE (abind)
* installing *source* package ‘colorspace’ ...
** this is package ‘colorspace’ version ‘2.1-1’
** package ‘colorspace’ successfully unpacked and MD5 sums checked
** using staged installation
** libs
using C compiler: ‘gcc (Ubuntu 13.3.0-6ubuntu2~24.04) 13.3.0’
gcc -std=gnu2x -I"/usr/local/lib/R/include" -DNDEBUG   -I/usr/local/include    -fpic  -g -O2 -fstack-protector-strong -Wformat -Werror=format-security -Wdate-time -D_FORTIFY_SOURCE=2 -g  -c colorspace.c -o colorspace.o
gcc -std=gnu2x -I"/usr/local/lib/R/include" -DNDEBUG   -I/usr/local/include    -fpic  -g -O2 -fstack-protector-strong -Wformat -Werror=format-security -Wdate-time -D_FORTIFY_SOURCE=2 -g  -c init.c -o init.o
gcc -std=gnu2x -shared -L/usr/local/lib/R/lib -L/usr/local/lib -o colorspace.so colorspace.o init.o -L/usr/local/lib/R/lib -lR
installing to /usr/local/lib/R/site-library/00LOCK-colorspace/00new/colorspace/libs
** R
** data
*** moving datasets to lazyload DB
** demo
** inst
** byte-compile and prepare package for lazy loading
** help
*** installing help indices
** building package indices
** installing vignettes
** testing if installed package can be loaded from temporary location
** checking absolute paths in shared objects and dynamic libraries
** testing if installed package can be loaded from final location
** testing if installed package keeps a record of temporary installation path
* creating tarball
packaged installation of ‘colorspace’ as ‘colorspace_2.1-1_R_x86_64-pc-linux-gnu.tar.gz’
* DONE (colorspace)
* installing *source* package ‘futile.options’ ...
** this is package ‘futile.options’ version ‘1.0.1’
** package ‘futile.options’ successfully unpacked and MD5 sums checked
** using staged installation
** R
** byte-compile and prepare package for lazy loading
** help
*** installing help indices
** building package indices
** testing if installed package can be loaded from temporary location
** testing if installed package can be loaded from final location
** testing if installed package keeps a record of temporary installation path
* creating tarball
packaged installation of ‘futile.options’ as ‘futile.options_1.0.1_R_x86_64-pc-linux-gnu.tar.gz’
* DONE (futile.options)
* installing *source* package ‘rjson’ ...
** this is package ‘rjson’ version ‘0.2.23’
** package ‘rjson’ successfully unpacked and MD5 sums checked
** using staged installation
** libs
using C compiler: ‘gcc (Ubuntu 13.3.0-6ubuntu2~24.04) 13.3.0’
using C++ compiler: ‘g++ (Ubuntu 13.3.0-6ubuntu2~24.04) 13.3.0’
g++ -std=gnu++17 -I"/usr/local/lib/R/include" -DNDEBUG   -I/usr/local/include    -fpic  -g -O2 -fstack-protector-strong -Wformat -Werror=format-security -Wdate-time -D_FORTIFY_SOURCE=2 -g   -c dump.cpp -o dump.o
gcc -std=gnu2x -I"/usr/local/lib/R/include" -DNDEBUG   -I/usr/local/include    -fpic  -g -O2 -fstack-protector-strong -Wformat -Werror=format-security -Wdate-time -D_FORTIFY_SOURCE=2 -g  -c parser.c -o parser.o
gcc -std=gnu2x -I"/usr/local/lib/R/include" -DNDEBUG   -I/usr/local/include    -fpic  -g -O2 -fstack-protector-strong -Wformat -Werror=format-security -Wdate-time -D_FORTIFY_SOURCE=2 -g  -c register.c -o register.o
g++ -std=gnu++17 -shared -L/usr/local/lib/R/lib -L/usr/local/lib -o rjson.so dump.o parser.o register.o -L/usr/local/lib/R/lib -lR
installing to /usr/local/lib/R/site-library/00LOCK-rjson/00new/rjson/libs
** R
** inst
** byte-compile and prepare package for lazy loading
** help
*** installing help indices
** building package indices
** installing vignettes
** testing if installed package can be loaded from temporary location
** checking absolute paths in shared objects and dynamic libraries
** testing if installed package can be loaded from final location
** testing if installed package keeps a record of temporary installation path
* creating tarball
packaged installation of ‘rjson’ as ‘rjson_0.2.23_R_x86_64-pc-linux-gnu.tar.gz’
* DONE (rjson)
* installing *source* package ‘farver’ ...
** this is package ‘farver’ version ‘2.1.2’
** package ‘farver’ successfully unpacked and MD5 sums checked
** using staged installation
** libs
using C++ compiler: ‘g++ (Ubuntu 13.3.0-6ubuntu2~24.04) 13.3.0’
g++ -std=gnu++17 -I"/usr/local/lib/R/include" -DNDEBUG   -I/usr/local/include    -fpic  -g -O2 -fstack-protector-strong -Wformat -Werror=format-security -Wdate-time -D_FORTIFY_SOURCE=2 -g   -c ColorSpace.cpp -o ColorSpace.o
g++ -std=gnu++17 -I"/usr/local/lib/R/include" -DNDEBUG   -I/usr/local/include    -fpic  -g -O2 -fstack-protector-strong -Wformat -Werror=format-security -Wdate-time -D_FORTIFY_SOURCE=2 -g   -c Comparison.cpp -o Comparison.o
g++ -std=gnu++17 -I"/usr/local/lib/R/include" -DNDEBUG   -I/usr/local/include    -fpic  -g -O2 -fstack-protector-strong -Wformat -Werror=format-security -Wdate-time -D_FORTIFY_SOURCE=2 -g   -c Conversion.cpp -o Conversion.o
g++ -std=gnu++17 -I"/usr/local/lib/R/include" -DNDEBUG   -I/usr/local/include    -fpic  -g -O2 -fstack-protector-strong -Wformat -Werror=format-security -Wdate-time -D_FORTIFY_SOURCE=2 -g   -c encode.cpp -o encode.o
g++ -std=gnu++17 -I"/usr/local/lib/R/include" -DNDEBUG   -I/usr/local/include    -fpic  -g -O2 -fstack-protector-strong -Wformat -Werror=format-security -Wdate-time -D_FORTIFY_SOURCE=2 -g   -c farver.cpp -o farver.o
g++ -std=gnu++17 -I"/usr/local/lib/R/include" -DNDEBUG   -I/usr/local/include    -fpic  -g -O2 -fstack-protector-strong -Wformat -Werror=format-security -Wdate-time -D_FORTIFY_SOURCE=2 -g   -c init.cpp -o init.o
g++ -std=gnu++17 -shared -L/usr/local/lib/R/lib -L/usr/local/lib -o farver.so ColorSpace.o Comparison.o Conversion.o encode.o farver.o init.o -L/usr/local/lib/R/lib -lR
installing to /usr/local/lib/R/site-library/00LOCK-farver/00new/farver/libs
** R
** byte-compile and prepare package for lazy loading
** help
*** installing help indices
*** copying figures
** building package indices
** testing if installed package can be loaded from temporary location
** checking absolute paths in shared objects and dynamic libraries
** testing if installed package can be loaded from final location
** testing if installed package keeps a record of temporary installation path
* creating tarball
packaged installation of ‘farver’ as ‘farver_2.1.2_R_x86_64-pc-linux-gnu.tar.gz’
* DONE (farver)
* installing *source* package ‘labeling’ ...
** this is package ‘labeling’ version ‘0.4.3’
** package ‘labeling’ successfully unpacked and MD5 sums checked
** using staged installation
** R
** byte-compile and prepare package for lazy loading
** help
*** installing help indices
** building package indices
** testing if installed package can be loaded from temporary location
** testing if installed package can be loaded from final location
** testing if installed package keeps a record of temporary installation path
* creating tarball
packaged installation of ‘labeling’ as ‘labeling_0.4.3_R_x86_64-pc-linux-gnu.tar.gz’
* DONE (labeling)
* installing *source* package ‘RColorBrewer’ ...
** this is package ‘RColorBrewer’ version ‘1.1-3’
** package ‘RColorBrewer’ successfully unpacked and MD5 sums checked
** using staged installation
** R
** inst
** byte-compile and prepare package for lazy loading
** help
*** installing help indices
** building package indices
** testing if installed package can be loaded from temporary location
** testing if installed package can be loaded from final location
** testing if installed package keeps a record of temporary installation path
* creating tarball
packaged installation of ‘RColorBrewer’ as ‘RColorBrewer_1.1-3_R_x86_64-pc-linux-gnu.tar.gz’
* DONE (RColorBrewer)
* installing *source* package ‘viridisLite’ ...
** this is package ‘viridisLite’ version ‘0.4.2’
** package ‘viridisLite’ successfully unpacked and MD5 sums checked
** using staged installation
** R
** inst
** byte-compile and prepare package for lazy loading
** help
*** installing help indices
*** copying figures
** building package indices
** testing if installed package can be loaded from temporary location
** testing if installed package can be loaded from final location
** testing if installed package keeps a record of temporary installation path
* creating tarball
packaged installation of ‘viridisLite’ as ‘viridisLite_0.4.2_R_x86_64-pc-linux-gnu.tar.gz’
* DONE (viridisLite)
* installing *source* package ‘snow’ ...
** this is package ‘snow’ version ‘0.4-4’
** package ‘snow’ successfully unpacked and MD5 sums checked
** using staged installation
** R
** inst
** byte-compile and prepare package for lazy loading
** help
*** installing help indices
** building package indices
** testing if installed package can be loaded from temporary location
** testing if installed package can be loaded from final location
** testing if installed package keeps a record of temporary installation path
* creating tarball
packaged installation of ‘snow’ as ‘snow_0.4-4_R_x86_64-pc-linux-gnu.tar.gz’
* DONE (snow)
* installing *source* package ‘BH’ ...
** this is package ‘BH’ version ‘1.87.0-1’
** package ‘BH’ successfully unpacked and MD5 sums checked
** using staged installation
** inst
** help
*** installing help indices
** building package indices
** testing if installed package can be loaded from temporary location
** testing if installed package can be loaded from final location
** testing if installed package keeps a record of temporary installation path
* creating tarball
packaged installation of ‘BH’ as ‘BH_1.87.0-1_R_x86_64-pc-linux-gnu.tar.gz’
* DONE (BH)
* installing *source* package ‘XML’ ...
** this is package ‘XML’ version ‘3.99-0.18’
** package ‘XML’ successfully unpacked and MD5 sums checked
** using staged installation
checking for gcc... gcc -std=gnu2x
checking whether the C compiler works... yes
checking for C compiler default output file name... a.out
checking for suffix of executables... 
checking whether we are cross compiling... no
checking for suffix of object files... o
checking whether the compiler supports GNU C... yes
checking whether gcc -std=gnu2x accepts -g... yes
checking for gcc -std=gnu2x option to enable C11 features... none needed
checking how to run the C preprocessor... gcc -std=gnu2x -E
checking for sed... /usr/bin/sed
checking for pkg-config... /usr/bin/pkg-config
checking for xml2-config... /usr/bin/xml2-config
USE_XML2 = yes
SED_EXTENDED_ARG: -E
Minor 9, Patch 14 for 2.9.14
Located parser file -I/usr/include/libxml2/parser.h
Checking for 1.8:  -I/usr/include/libxml2
Using libxml2.*
checking for gzopen in -lz... yes
checking for xmlParseFile in -lxml2... yes
checking for xmlHashSize in -lxml2... yes
Using built-in xmlHashSize
Checking DTD parsing (presence of externalSubset)...
checking for xmlHashSize in -lxml2... (cached) yes
Found xmlHashSize
checking for xmlOutputBufferCreateBuffer in -lxml2... yes
have xmlOutputBufferCreateBuffer()
checking for xmlDocDumpFormatMemoryEnc in -lxml2... yes
checking for libxml/xmlversion.h... yes
Expat:  FALSE
Checking for return type of xmlHashScan element routine.
No return value for xmlHashScan
xmlNs has a context field
Checking for cetype_t enumeration
Using recent version of R with cetype_t enumeration type for encoding
checking for xmlsec1-config... no
nodegc default 
xml-debug default 
Version has XML_WITH_ZLIB
Version has xmlHasFeature()

****************************************
Configuration information:

Libxml settings

libxml include directory: -I/usr/include/libxml2
libxml library directory: -lxml2 -lz  -lxml2
libxml 2:                 -DLIBXML2=1

Compilation flags:         -DLIBXML -I/usr/include/libxml2 -DUSE_EXTERNAL_SUBSET=1 -DROOT_HAS_DTD_NODE=1 -DDUMP_WITH_ENCODING=1 -DUSE_XML_VERSION_H=1 -DXML_ELEMENT_ETYPE=1 -DXML_ATTRIBUTE_ATYPE=1 -DNO_XML_HASH_SCANNER_RETURN=1 -DLIBXML_NAMESPACE_HAS_CONTEXT=1 -DHAVE_R_CETYPE_T=1 -DHAVE_XML_WITH_ZLIB=1 -DHAVE_XML_HAS_FEATURE=1 -DUSE_R=1 -D_R_=1  -DHAVE_VALIDITY=1 -DXML_REF_COUNT_NODES=1 
Link flags:               -lxml2 -lz  -lxml2

****************************************
configure: creating ./config.status
config.status: creating src/Makevars
config.status: creating R/supports.R
config.status: creating inst/scripts/RSXML.csh
config.status: creating inst/scripts/RSXML.bsh
** libs
using C compiler: ‘gcc (Ubuntu 13.3.0-6ubuntu2~24.04) 13.3.0’
gcc -std=gnu2x -I"/usr/local/lib/R/include" -DNDEBUG -DLIBXML -I/usr/include/libxml2 -DUSE_EXTERNAL_SUBSET=1 -DROOT_HAS_DTD_NODE=1 -DDUMP_WITH_ENCODING=1 -DUSE_XML_VERSION_H=1 -DXML_ELEMENT_ETYPE=1 -DXML_ATTRIBUTE_ATYPE=1 -DNO_XML_HASH_SCANNER_RETURN=1 -DLIBXML_NAMESPACE_HAS_CONTEXT=1 -DHAVE_R_CETYPE_T=1 -DHAVE_XML_WITH_ZLIB=1 -DHAVE_XML_HAS_FEATURE=1 -DUSE_R=1 -D_R_=1  -DHAVE_VALIDITY=1 -DXML_REF_COUNT_NODES=1  -I. -DLIBXML2=1  -I/usr/local/include    -fpic  -g -O2 -fstack-protector-strong -Wformat -Werror=format-security -Wdate-time -D_FORTIFY_SOURCE=2 -g  -c DocParse.c -o DocParse.o
gcc -std=gnu2x -I"/usr/local/lib/R/include" -DNDEBUG -DLIBXML -I/usr/include/libxml2 -DUSE_EXTERNAL_SUBSET=1 -DROOT_HAS_DTD_NODE=1 -DDUMP_WITH_ENCODING=1 -DUSE_XML_VERSION_H=1 -DXML_ELEMENT_ETYPE=1 -DXML_ATTRIBUTE_ATYPE=1 -DNO_XML_HASH_SCANNER_RETURN=1 -DLIBXML_NAMESPACE_HAS_CONTEXT=1 -DHAVE_R_CETYPE_T=1 -DHAVE_XML_WITH_ZLIB=1 -DHAVE_XML_HAS_FEATURE=1 -DUSE_R=1 -D_R_=1  -DHAVE_VALIDITY=1 -DXML_REF_COUNT_NODES=1  -I. -DLIBXML2=1  -I/usr/local/include    -fpic  -g -O2 -fstack-protector-strong -Wformat -Werror=format-security -Wdate-time -D_FORTIFY_SOURCE=2 -g  -c EventParse.c -o EventParse.o
gcc -std=gnu2x -I"/usr/local/lib/R/include" -DNDEBUG -DLIBXML -I/usr/include/libxml2 -DUSE_EXTERNAL_SUBSET=1 -DROOT_HAS_DTD_NODE=1 -DDUMP_WITH_ENCODING=1 -DUSE_XML_VERSION_H=1 -DXML_ELEMENT_ETYPE=1 -DXML_ATTRIBUTE_ATYPE=1 -DNO_XML_HASH_SCANNER_RETURN=1 -DLIBXML_NAMESPACE_HAS_CONTEXT=1 -DHAVE_R_CETYPE_T=1 -DHAVE_XML_WITH_ZLIB=1 -DHAVE_XML_HAS_FEATURE=1 -DUSE_R=1 -D_R_=1  -DHAVE_VALIDITY=1 -DXML_REF_COUNT_NODES=1  -I. -DLIBXML2=1  -I/usr/local/include    -fpic  -g -O2 -fstack-protector-strong -Wformat -Werror=format-security -Wdate-time -D_FORTIFY_SOURCE=2 -g  -c ExpatParse.c -o ExpatParse.o
gcc -std=gnu2x -I"/usr/local/lib/R/include" -DNDEBUG -DLIBXML -I/usr/include/libxml2 -DUSE_EXTERNAL_SUBSET=1 -DROOT_HAS_DTD_NODE=1 -DDUMP_WITH_ENCODING=1 -DUSE_XML_VERSION_H=1 -DXML_ELEMENT_ETYPE=1 -DXML_ATTRIBUTE_ATYPE=1 -DNO_XML_HASH_SCANNER_RETURN=1 -DLIBXML_NAMESPACE_HAS_CONTEXT=1 -DHAVE_R_CETYPE_T=1 -DHAVE_XML_WITH_ZLIB=1 -DHAVE_XML_HAS_FEATURE=1 -DUSE_R=1 -D_R_=1  -DHAVE_VALIDITY=1 -DXML_REF_COUNT_NODES=1  -I. -DLIBXML2=1  -I/usr/local/include    -fpic  -g -O2 -fstack-protector-strong -Wformat -Werror=format-security -Wdate-time -D_FORTIFY_SOURCE=2 -g  -c HTMLParse.c -o HTMLParse.o
gcc -std=gnu2x -I"/usr/local/lib/R/include" -DNDEBUG -DLIBXML -I/usr/include/libxml2 -DUSE_EXTERNAL_SUBSET=1 -DROOT_HAS_DTD_NODE=1 -DDUMP_WITH_ENCODING=1 -DUSE_XML_VERSION_H=1 -DXML_ELEMENT_ETYPE=1 -DXML_ATTRIBUTE_ATYPE=1 -DNO_XML_HASH_SCANNER_RETURN=1 -DLIBXML_NAMESPACE_HAS_CONTEXT=1 -DHAVE_R_CETYPE_T=1 -DHAVE_XML_WITH_ZLIB=1 -DHAVE_XML_HAS_FEATURE=1 -DUSE_R=1 -D_R_=1  -DHAVE_VALIDITY=1 -DXML_REF_COUNT_NODES=1  -I. -DLIBXML2=1  -I/usr/local/include    -fpic  -g -O2 -fstack-protector-strong -Wformat -Werror=format-security -Wdate-time -D_FORTIFY_SOURCE=2 -g  -c NodeGC.c -o NodeGC.o
gcc -std=gnu2x -I"/usr/local/lib/R/include" -DNDEBUG -DLIBXML -I/usr/include/libxml2 -DUSE_EXTERNAL_SUBSET=1 -DROOT_HAS_DTD_NODE=1 -DDUMP_WITH_ENCODING=1 -DUSE_XML_VERSION_H=1 -DXML_ELEMENT_ETYPE=1 -DXML_ATTRIBUTE_ATYPE=1 -DNO_XML_HASH_SCANNER_RETURN=1 -DLIBXML_NAMESPACE_HAS_CONTEXT=1 -DHAVE_R_CETYPE_T=1 -DHAVE_XML_WITH_ZLIB=1 -DHAVE_XML_HAS_FEATURE=1 -DUSE_R=1 -D_R_=1  -DHAVE_VALIDITY=1 -DXML_REF_COUNT_NODES=1  -I. -DLIBXML2=1  -I/usr/local/include    -fpic  -g -O2 -fstack-protector-strong -Wformat -Werror=format-security -Wdate-time -D_FORTIFY_SOURCE=2 -g  -c RSDTD.c -o RSDTD.o
gcc -std=gnu2x -I"/usr/local/lib/R/include" -DNDEBUG -DLIBXML -I/usr/include/libxml2 -DUSE_EXTERNAL_SUBSET=1 -DROOT_HAS_DTD_NODE=1 -DDUMP_WITH_ENCODING=1 -DUSE_XML_VERSION_H=1 -DXML_ELEMENT_ETYPE=1 -DXML_ATTRIBUTE_ATYPE=1 -DNO_XML_HASH_SCANNER_RETURN=1 -DLIBXML_NAMESPACE_HAS_CONTEXT=1 -DHAVE_R_CETYPE_T=1 -DHAVE_XML_WITH_ZLIB=1 -DHAVE_XML_HAS_FEATURE=1 -DUSE_R=1 -D_R_=1  -DHAVE_VALIDITY=1 -DXML_REF_COUNT_NODES=1  -I. -DLIBXML2=1  -I/usr/local/include    -fpic  -g -O2 -fstack-protector-strong -Wformat -Werror=format-security -Wdate-time -D_FORTIFY_SOURCE=2 -g  -c RUtils.c -o RUtils.o
gcc -std=gnu2x -I"/usr/local/lib/R/include" -DNDEBUG -DLIBXML -I/usr/include/libxml2 -DUSE_EXTERNAL_SUBSET=1 -DROOT_HAS_DTD_NODE=1 -DDUMP_WITH_ENCODING=1 -DUSE_XML_VERSION_H=1 -DXML_ELEMENT_ETYPE=1 -DXML_ATTRIBUTE_ATYPE=1 -DNO_XML_HASH_SCANNER_RETURN=1 -DLIBXML_NAMESPACE_HAS_CONTEXT=1 -DHAVE_R_CETYPE_T=1 -DHAVE_XML_WITH_ZLIB=1 -DHAVE_XML_HAS_FEATURE=1 -DUSE_R=1 -D_R_=1  -DHAVE_VALIDITY=1 -DXML_REF_COUNT_NODES=1  -I. -DLIBXML2=1  -I/usr/local/include    -fpic  -g -O2 -fstack-protector-strong -Wformat -Werror=format-security -Wdate-time -D_FORTIFY_SOURCE=2 -g  -c Rcatalog.c -o Rcatalog.o
gcc -std=gnu2x -I"/usr/local/lib/R/include" -DNDEBUG -DLIBXML -I/usr/include/libxml2 -DUSE_EXTERNAL_SUBSET=1 -DROOT_HAS_DTD_NODE=1 -DDUMP_WITH_ENCODING=1 -DUSE_XML_VERSION_H=1 -DXML_ELEMENT_ETYPE=1 -DXML_ATTRIBUTE_ATYPE=1 -DNO_XML_HASH_SCANNER_RETURN=1 -DLIBXML_NAMESPACE_HAS_CONTEXT=1 -DHAVE_R_CETYPE_T=1 -DHAVE_XML_WITH_ZLIB=1 -DHAVE_XML_HAS_FEATURE=1 -DUSE_R=1 -D_R_=1  -DHAVE_VALIDITY=1 -DXML_REF_COUNT_NODES=1  -I. -DLIBXML2=1  -I/usr/local/include    -fpic  -g -O2 -fstack-protector-strong -Wformat -Werror=format-security -Wdate-time -D_FORTIFY_SOURCE=2 -g  -c Utils.c -o Utils.o
gcc -std=gnu2x -I"/usr/local/lib/R/include" -DNDEBUG -DLIBXML -I/usr/include/libxml2 -DUSE_EXTERNAL_SUBSET=1 -DROOT_HAS_DTD_NODE=1 -DDUMP_WITH_ENCODING=1 -DUSE_XML_VERSION_H=1 -DXML_ELEMENT_ETYPE=1 -DXML_ATTRIBUTE_ATYPE=1 -DNO_XML_HASH_SCANNER_RETURN=1 -DLIBXML_NAMESPACE_HAS_CONTEXT=1 -DHAVE_R_CETYPE_T=1 -DHAVE_XML_WITH_ZLIB=1 -DHAVE_XML_HAS_FEATURE=1 -DUSE_R=1 -D_R_=1  -DHAVE_VALIDITY=1 -DXML_REF_COUNT_NODES=1  -I. -DLIBXML2=1  -I/usr/local/include    -fpic  -g -O2 -fstack-protector-strong -Wformat -Werror=format-security -Wdate-time -D_FORTIFY_SOURCE=2 -g  -c XMLEventParse.c -o XMLEventParse.o
gcc -std=gnu2x -I"/usr/local/lib/R/include" -DNDEBUG -DLIBXML -I/usr/include/libxml2 -DUSE_EXTERNAL_SUBSET=1 -DROOT_HAS_DTD_NODE=1 -DDUMP_WITH_ENCODING=1 -DUSE_XML_VERSION_H=1 -DXML_ELEMENT_ETYPE=1 -DXML_ATTRIBUTE_ATYPE=1 -DNO_XML_HASH_SCANNER_RETURN=1 -DLIBXML_NAMESPACE_HAS_CONTEXT=1 -DHAVE_R_CETYPE_T=1 -DHAVE_XML_WITH_ZLIB=1 -DHAVE_XML_HAS_FEATURE=1 -DUSE_R=1 -D_R_=1  -DHAVE_VALIDITY=1 -DXML_REF_COUNT_NODES=1  -I. -DLIBXML2=1  -I/usr/local/include    -fpic  -g -O2 -fstack-protector-strong -Wformat -Werror=format-security -Wdate-time -D_FORTIFY_SOURCE=2 -g  -c XMLHashTree.c -o XMLHashTree.o
gcc -std=gnu2x -I"/usr/local/lib/R/include" -DNDEBUG -DLIBXML -I/usr/include/libxml2 -DUSE_EXTERNAL_SUBSET=1 -DROOT_HAS_DTD_NODE=1 -DDUMP_WITH_ENCODING=1 -DUSE_XML_VERSION_H=1 -DXML_ELEMENT_ETYPE=1 -DXML_ATTRIBUTE_ATYPE=1 -DNO_XML_HASH_SCANNER_RETURN=1 -DLIBXML_NAMESPACE_HAS_CONTEXT=1 -DHAVE_R_CETYPE_T=1 -DHAVE_XML_WITH_ZLIB=1 -DHAVE_XML_HAS_FEATURE=1 -DUSE_R=1 -D_R_=1  -DHAVE_VALIDITY=1 -DXML_REF_COUNT_NODES=1  -I. -DLIBXML2=1  -I/usr/local/include    -fpic  -g -O2 -fstack-protector-strong -Wformat -Werror=format-security -Wdate-time -D_FORTIFY_SOURCE=2 -g  -c XMLTree.c -o XMLTree.o
gcc -std=gnu2x -I"/usr/local/lib/R/include" -DNDEBUG -DLIBXML -I/usr/include/libxml2 -DUSE_EXTERNAL_SUBSET=1 -DROOT_HAS_DTD_NODE=1 -DDUMP_WITH_ENCODING=1 -DUSE_XML_VERSION_H=1 -DXML_ELEMENT_ETYPE=1 -DXML_ATTRIBUTE_ATYPE=1 -DNO_XML_HASH_SCANNER_RETURN=1 -DLIBXML_NAMESPACE_HAS_CONTEXT=1 -DHAVE_R_CETYPE_T=1 -DHAVE_XML_WITH_ZLIB=1 -DHAVE_XML_HAS_FEATURE=1 -DUSE_R=1 -D_R_=1  -DHAVE_VALIDITY=1 -DXML_REF_COUNT_NODES=1  -I. -DLIBXML2=1  -I/usr/local/include    -fpic  -g -O2 -fstack-protector-strong -Wformat -Werror=format-security -Wdate-time -D_FORTIFY_SOURCE=2 -g  -c fixNS.c -o fixNS.o
gcc -std=gnu2x -I"/usr/local/lib/R/include" -DNDEBUG -DLIBXML -I/usr/include/libxml2 -DUSE_EXTERNAL_SUBSET=1 -DROOT_HAS_DTD_NODE=1 -DDUMP_WITH_ENCODING=1 -DUSE_XML_VERSION_H=1 -DXML_ELEMENT_ETYPE=1 -DXML_ATTRIBUTE_ATYPE=1 -DNO_XML_HASH_SCANNER_RETURN=1 -DLIBXML_NAMESPACE_HAS_CONTEXT=1 -DHAVE_R_CETYPE_T=1 -DHAVE_XML_WITH_ZLIB=1 -DHAVE_XML_HAS_FEATURE=1 -DUSE_R=1 -D_R_=1  -DHAVE_VALIDITY=1 -DXML_REF_COUNT_NODES=1  -I. -DLIBXML2=1  -I/usr/local/include    -fpic  -g -O2 -fstack-protector-strong -Wformat -Werror=format-security -Wdate-time -D_FORTIFY_SOURCE=2 -g  -c libxmlFeatures.c -o libxmlFeatures.o
gcc -std=gnu2x -I"/usr/local/lib/R/include" -DNDEBUG -DLIBXML -I/usr/include/libxml2 -DUSE_EXTERNAL_SUBSET=1 -DROOT_HAS_DTD_NODE=1 -DDUMP_WITH_ENCODING=1 -DUSE_XML_VERSION_H=1 -DXML_ELEMENT_ETYPE=1 -DXML_ATTRIBUTE_ATYPE=1 -DNO_XML_HASH_SCANNER_RETURN=1 -DLIBXML_NAMESPACE_HAS_CONTEXT=1 -DHAVE_R_CETYPE_T=1 -DHAVE_XML_WITH_ZLIB=1 -DHAVE_XML_HAS_FEATURE=1 -DUSE_R=1 -D_R_=1  -DHAVE_VALIDITY=1 -DXML_REF_COUNT_NODES=1  -I. -DLIBXML2=1  -I/usr/local/include    -fpic  -g -O2 -fstack-protector-strong -Wformat -Werror=format-security -Wdate-time -D_FORTIFY_SOURCE=2 -g  -c schema.c -o schema.o
gcc -std=gnu2x -I"/usr/local/lib/R/include" -DNDEBUG -DLIBXML -I/usr/include/libxml2 -DUSE_EXTERNAL_SUBSET=1 -DROOT_HAS_DTD_NODE=1 -DDUMP_WITH_ENCODING=1 -DUSE_XML_VERSION_H=1 -DXML_ELEMENT_ETYPE=1 -DXML_ATTRIBUTE_ATYPE=1 -DNO_XML_HASH_SCANNER_RETURN=1 -DLIBXML_NAMESPACE_HAS_CONTEXT=1 -DHAVE_R_CETYPE_T=1 -DHAVE_XML_WITH_ZLIB=1 -DHAVE_XML_HAS_FEATURE=1 -DUSE_R=1 -D_R_=1  -DHAVE_VALIDITY=1 -DXML_REF_COUNT_NODES=1  -I. -DLIBXML2=1  -I/usr/local/include    -fpic  -g -O2 -fstack-protector-strong -Wformat -Werror=format-security -Wdate-time -D_FORTIFY_SOURCE=2 -g  -c xmlsecurity.c -o xmlsecurity.o
gcc -std=gnu2x -I"/usr/local/lib/R/include" -DNDEBUG -DLIBXML -I/usr/include/libxml2 -DUSE_EXTERNAL_SUBSET=1 -DROOT_HAS_DTD_NODE=1 -DDUMP_WITH_ENCODING=1 -DUSE_XML_VERSION_H=1 -DXML_ELEMENT_ETYPE=1 -DXML_ATTRIBUTE_ATYPE=1 -DNO_XML_HASH_SCANNER_RETURN=1 -DLIBXML_NAMESPACE_HAS_CONTEXT=1 -DHAVE_R_CETYPE_T=1 -DHAVE_XML_WITH_ZLIB=1 -DHAVE_XML_HAS_FEATURE=1 -DUSE_R=1 -D_R_=1  -DHAVE_VALIDITY=1 -DXML_REF_COUNT_NODES=1  -I. -DLIBXML2=1  -I/usr/local/include    -fpic  -g -O2 -fstack-protector-strong -Wformat -Werror=format-security -Wdate-time -D_FORTIFY_SOURCE=2 -g  -c xpath.c -o xpath.o
gcc -std=gnu2x -shared -L/usr/local/lib/R/lib -L/usr/local/lib -o XML.so DocParse.o EventParse.o ExpatParse.o HTMLParse.o NodeGC.o RSDTD.o RUtils.o Rcatalog.o Utils.o XMLEventParse.o XMLHashTree.o XMLTree.o fixNS.o libxmlFeatures.o schema.o xmlsecurity.o xpath.o -lxml2 -lz -lxml2 -L/usr/local/lib/R/lib -lR
installing to /usr/local/lib/R/site-library/00LOCK-XML/00new/XML/libs
** R
** inst
** byte-compile and prepare package for lazy loading
Creating a generic function for ‘source’ from package ‘base’ in package ‘XML’
in method for ‘xmlAttrsToDataFrame’ with signature ‘"AsIs"’: no definition for class “AsIs”
in method for ‘readKeyValueDB’ with signature ‘"AsIs"’: no definition for class “AsIs”
in method for ‘readSolrDoc’ with signature ‘"AsIs"’: no definition for class “AsIs”
** help
*** installing help indices
** building package indices
** testing if installed package can be loaded from temporary location
** checking absolute paths in shared objects and dynamic libraries
** testing if installed package can be loaded from final location
** testing if installed package keeps a record of temporary installation path
* creating tarball
packaged installation of ‘XML’ as ‘XML_3.99-0.18_R_x86_64-pc-linux-gnu.tar.gz’
* DONE (XML)
* installing *source* package ‘httr’ ...
** this is package ‘httr’ version ‘1.4.7’
** package ‘httr’ successfully unpacked and MD5 sums checked
** using staged installation
** R
** demo
** inst
** byte-compile and prepare package for lazy loading
** help
*** installing help indices
** building package indices
** installing vignettes
** testing if installed package can be loaded from temporary location
** testing if installed package can be loaded from final location
** testing if installed package keeps a record of temporary installation path
* creating tarball
packaged installation of ‘httr’ as ‘httr_1.4.7_R_x86_64-pc-linux-gnu.tar.gz’
* DONE (httr)
* installing *source* package ‘GenomeInfoDbData’ ...
** this is package ‘GenomeInfoDbData’ version ‘1.2.14’
** using staged installation
** data
** inst
** help
*** installing help indices
** building package indices
** testing if installed package can be loaded from temporary location
** testing if installed package can be loaded from final location
** testing if installed package keeps a record of temporary installation path
* creating tarball
packaged installation of ‘GenomeInfoDbData’ as ‘GenomeInfoDbData_1.2.14_R_x86_64-pc-linux-gnu.tar.gz’
* DONE (GenomeInfoDbData)
* installing *source* package ‘gtable’ ...
** this is package ‘gtable’ version ‘0.3.6’
** package ‘gtable’ successfully unpacked and MD5 sums checked
** using staged installation
** R
** inst
** byte-compile and prepare package for lazy loading
** help
*** installing help indices
*** copying figures
** building package indices
** installing vignettes
** testing if installed package can be loaded from temporary location
** testing if installed package can be loaded from final location
** testing if installed package keeps a record of temporary installation path
* creating tarball
packaged installation of ‘gtable’ as ‘gtable_0.3.6_R_x86_64-pc-linux-gnu.tar.gz’
* DONE (gtable)
* installing *source* package ‘isoband’ ...
** this is package ‘isoband’ version ‘0.2.7’
** package ‘isoband’ successfully unpacked and MD5 sums checked
** using staged installation
** libs
using C++ compiler: ‘g++ (Ubuntu 13.3.0-6ubuntu2~24.04) 13.3.0’
using C++11
g++ -std=gnu++11 -I"/usr/local/lib/R/include" -DNDEBUG   -I/usr/local/include    -fpic  -g -O2 -fstack-protector-strong -Wformat -Werror=format-security -Wdate-time -D_FORTIFY_SOURCE=2 -g   -c clip-lines.cpp -o clip-lines.o
g++ -std=gnu++11 -I"/usr/local/lib/R/include" -DNDEBUG   -I/usr/local/include    -fpic  -g -O2 -fstack-protector-strong -Wformat -Werror=format-security -Wdate-time -D_FORTIFY_SOURCE=2 -g   -c init.cpp -o init.o
g++ -std=gnu++11 -I"/usr/local/lib/R/include" -DNDEBUG   -I/usr/local/include    -fpic  -g -O2 -fstack-protector-strong -Wformat -Werror=format-security -Wdate-time -D_FORTIFY_SOURCE=2 -g   -c isoband.cpp -o isoband.o
g++ -std=gnu++11 -I"/usr/local/lib/R/include" -DNDEBUG   -I/usr/local/include    -fpic  -g -O2 -fstack-protector-strong -Wformat -Werror=format-security -Wdate-time -D_FORTIFY_SOURCE=2 -g   -c polygon.cpp -o polygon.o
g++ -std=gnu++11 -I"/usr/local/lib/R/include" -DNDEBUG   -I/usr/local/include    -fpic  -g -O2 -fstack-protector-strong -Wformat -Werror=format-security -Wdate-time -D_FORTIFY_SOURCE=2 -g   -c separate-polygons.cpp -o separate-polygons.o
g++ -std=gnu++11 -I"/usr/local/lib/R/include" -DNDEBUG   -I/usr/local/include    -fpic  -g -O2 -fstack-protector-strong -Wformat -Werror=format-security -Wdate-time -D_FORTIFY_SOURCE=2 -g   -c test-clip-lines.cpp -o test-clip-lines.o
g++ -std=gnu++11 -I"/usr/local/lib/R/include" -DNDEBUG   -I/usr/local/include    -fpic  -g -O2 -fstack-protector-strong -Wformat -Werror=format-security -Wdate-time -D_FORTIFY_SOURCE=2 -g   -c test-runner.cpp -o test-runner.o
g++ -std=gnu++11 -I"/usr/local/lib/R/include" -DNDEBUG   -I/usr/local/include    -fpic  -g -O2 -fstack-protector-strong -Wformat -Werror=format-security -Wdate-time -D_FORTIFY_SOURCE=2 -g   -c test-separate-polygons.cpp -o test-separate-polygons.o
g++ -std=gnu++11 -shared -L/usr/local/lib/R/lib -L/usr/local/lib -o isoband.so clip-lines.o init.o isoband.o polygon.o separate-polygons.o test-clip-lines.o test-runner.o test-separate-polygons.o -L/usr/local/lib/R/lib -lR
installing to /usr/local/lib/R/site-library/00LOCK-isoband/00new/isoband/libs
** R
** inst
** byte-compile and prepare package for lazy loading
** help
*** installing help indices
*** copying figures
** building package indices
** installing vignettes
** testing if installed package can be loaded from temporary location
** checking absolute paths in shared objects and dynamic libraries
** testing if installed package can be loaded from final location
** testing if installed package keeps a record of temporary installation path
* creating tarball
packaged installation of ‘isoband’ as ‘isoband_0.2.7_R_x86_64-pc-linux-gnu.tar.gz’
* DONE (isoband)
* installing *source* package ‘bitops’ ...
** this is package ‘bitops’ version ‘1.0-9’
** package ‘bitops’ successfully unpacked and MD5 sums checked
** using staged installation
** libs
using C compiler: ‘gcc (Ubuntu 13.3.0-6ubuntu2~24.04) 13.3.0’
gcc -std=gnu2x -I"/usr/local/lib/R/include" -DNDEBUG   -I/usr/local/include    -fpic  -g -O2 -fstack-protector-strong -Wformat -Werror=format-security -Wdate-time -D_FORTIFY_SOURCE=2 -g  -c bit-ops.c -o bit-ops.o
gcc -std=gnu2x -I"/usr/local/lib/R/include" -DNDEBUG   -I/usr/local/include    -fpic  -g -O2 -fstack-protector-strong -Wformat -Werror=format-security -Wdate-time -D_FORTIFY_SOURCE=2 -g  -c cksum.c -o cksum.o
gcc -std=gnu2x -I"/usr/local/lib/R/include" -DNDEBUG   -I/usr/local/include    -fpic  -g -O2 -fstack-protector-strong -Wformat -Werror=format-security -Wdate-time -D_FORTIFY_SOURCE=2 -g  -c init.c -o init.o
gcc -std=gnu2x -shared -L/usr/local/lib/R/lib -L/usr/local/lib -o bitops.so bit-ops.o cksum.o init.o -L/usr/local/lib/R/lib -lR
installing to /usr/local/lib/R/site-library/00LOCK-bitops/00new/bitops/libs
** R
** byte-compile and prepare package for lazy loading
** help
*** installing help indices
** building package indices
** testing if installed package can be loaded from temporary location
** checking absolute paths in shared objects and dynamic libraries
** testing if installed package can be loaded from final location
** testing if installed package keeps a record of temporary installation path
* creating tarball
packaged installation of ‘bitops’ as ‘bitops_1.0-9_R_x86_64-pc-linux-gnu.tar.gz’
* DONE (bitops)
* installing *source* package ‘Rhtslib’ ...
** this is package ‘Rhtslib’ version ‘3.4.0’
** using non-staged installation via StagedInstall field
** libs
using C compiler: ‘gcc (Ubuntu 13.3.0-6ubuntu2~24.04) 13.3.0’
cd "htslib-1.18" && make -f "Makefile.Rhtslib"
make[1]: Entering directory '/tmp/RtmpkmmHMH/R.INSTALL8bcb36be80/Rhtslib/src/htslib-1.18'
gcc -std=gnu2x -g -O2 -fstack-protector-strong -Wformat -Werror=format-security -Wdate-time -D_FORTIFY_SOURCE=2 -g -fpic -fvisibility=hidden  -I. -I/usr/local/include -D_FILE_OFFSET_BITS=64 -c -o kfunc.o kfunc.c
gcc -std=gnu2x -g -O2 -fstack-protector-strong -Wformat -Werror=format-security -Wdate-time -D_FORTIFY_SOURCE=2 -g -fpic -fvisibility=hidden  -I. -I/usr/local/include -D_FILE_OFFSET_BITS=64 -c -o kstring.o kstring.c
gcc -std=gnu2x -g -O2 -fstack-protector-strong -Wformat -Werror=format-security -Wdate-time -D_FORTIFY_SOURCE=2 -g -fpic -fvisibility=hidden  -I. -I/usr/local/include -D_FILE_OFFSET_BITS=64 -c -o bcf_sr_sort.o bcf_sr_sort.c
gcc -std=gnu2x -g -O2 -fstack-protector-strong -Wformat -Werror=format-security -Wdate-time -D_FORTIFY_SOURCE=2 -g -fpic -fvisibility=hidden  -I. -I/usr/local/include -D_FILE_OFFSET_BITS=64 -c -o bgzf.o bgzf.c
gcc -std=gnu2x -g -O2 -fstack-protector-strong -Wformat -Werror=format-security -Wdate-time -D_FORTIFY_SOURCE=2 -g -fpic -fvisibility=hidden  -I. -I/usr/local/include -D_FILE_OFFSET_BITS=64 -c -o errmod.o errmod.c
gcc -std=gnu2x -g -O2 -fstack-protector-strong -Wformat -Werror=format-security -Wdate-time -D_FORTIFY_SOURCE=2 -g -fpic -fvisibility=hidden  -I. -I/usr/local/include -D_FILE_OFFSET_BITS=64 -c -o faidx.o faidx.c
gcc -std=gnu2x -g -O2 -fstack-protector-strong -Wformat -Werror=format-security -Wdate-time -D_FORTIFY_SOURCE=2 -g -fpic -fvisibility=hidden  -I. -I/usr/local/include -D_FILE_OFFSET_BITS=64 -c -o header.o header.c
gcc -std=gnu2x -g -O2 -fstack-protector-strong -Wformat -Werror=format-security -Wdate-time -D_FORTIFY_SOURCE=2 -g -fpic -fvisibility=hidden  -I. -I/usr/local/include -D_FILE_OFFSET_BITS=64 -c -o hfile.o hfile.c
echo '#define HTS_VERSION_TEXT "1.18"' > version.h
printf '#define HTS_CC "%s"\n#define HTS_CPPFLAGS "%s"\n#define HTS_CFLAGS "%s"\n#define HTS_LDFLAGS "%s"\n#define HTS_LIBS "%s"\n' \
'gcc -std=gnu2x' \
'-I/usr/local/include -D_FILE_OFFSET_BITS=64' \
'-g -O2 -fstack-protector-strong -Wformat -Werror=format-security -Wdate-time -D_FORTIFY_SOURCE=2 -g -fpic -fvisibility=hidden' \
'-L/usr/local/lib -fvisibility=hidden' \
'-lz -lm -lbz2 -llzma -lcurl' > config_vars.h
gcc -std=gnu2x -g -O2 -fstack-protector-strong -Wformat -Werror=format-security -Wdate-time -D_FORTIFY_SOURCE=2 -g -fpic -fvisibility=hidden  -I. -I/usr/local/include -D_FILE_OFFSET_BITS=64 -c -o hts.o hts.c
gcc -std=gnu2x -g -O2 -fstack-protector-strong -Wformat -Werror=format-security -Wdate-time -D_FORTIFY_SOURCE=2 -g -fpic -fvisibility=hidden  -I. -I/usr/local/include -D_FILE_OFFSET_BITS=64 -c -o hts_expr.o hts_expr.c
gcc -std=gnu2x -g -O2 -fstack-protector-strong -Wformat -Werror=format-security -Wdate-time -D_FORTIFY_SOURCE=2 -g -fpic -fvisibility=hidden  -I. -I/usr/local/include -D_FILE_OFFSET_BITS=64 -c -o hts_os.o hts_os.c
gcc -std=gnu2x -g -O2 -fstack-protector-strong -Wformat -Werror=format-security -Wdate-time -D_FORTIFY_SOURCE=2 -g -fpic -fvisibility=hidden  -I. -I/usr/local/include -D_FILE_OFFSET_BITS=64 -c -o md5.o md5.c
gcc -std=gnu2x -g -O2 -fstack-protector-strong -Wformat -Werror=format-security -Wdate-time -D_FORTIFY_SOURCE=2 -g -fpic -fvisibility=hidden  -I. -I/usr/local/include -D_FILE_OFFSET_BITS=64 -c -o multipart.o multipart.c
gcc -std=gnu2x -g -O2 -fstack-protector-strong -Wformat -Werror=format-security -Wdate-time -D_FORTIFY_SOURCE=2 -g -fpic -fvisibility=hidden  -I. -I/usr/local/include -D_FILE_OFFSET_BITS=64 -c -o probaln.o probaln.c
gcc -std=gnu2x -g -O2 -fstack-protector-strong -Wformat -Werror=format-security -Wdate-time -D_FORTIFY_SOURCE=2 -g -fpic -fvisibility=hidden  -I. -I/usr/local/include -D_FILE_OFFSET_BITS=64 -c -o realn.o realn.c
gcc -std=gnu2x -g -O2 -fstack-protector-strong -Wformat -Werror=format-security -Wdate-time -D_FORTIFY_SOURCE=2 -g -fpic -fvisibility=hidden  -I. -I/usr/local/include -D_FILE_OFFSET_BITS=64 -c -o regidx.o regidx.c
gcc -std=gnu2x -g -O2 -fstack-protector-strong -Wformat -Werror=format-security -Wdate-time -D_FORTIFY_SOURCE=2 -g -fpic -fvisibility=hidden  -I. -I/usr/local/include -D_FILE_OFFSET_BITS=64 -c -o region.o region.c
gcc -std=gnu2x -g -O2 -fstack-protector-strong -Wformat -Werror=format-security -Wdate-time -D_FORTIFY_SOURCE=2 -g -fpic -fvisibility=hidden  -I. -I/usr/local/include -D_FILE_OFFSET_BITS=64 -c -o sam.o sam.c
gcc -std=gnu2x -g -O2 -fstack-protector-strong -Wformat -Werror=format-security -Wdate-time -D_FORTIFY_SOURCE=2 -g -fpic -fvisibility=hidden  -I. -I/usr/local/include -D_FILE_OFFSET_BITS=64 -c -o sam_mods.o sam_mods.c
gcc -std=gnu2x -g -O2 -fstack-protector-strong -Wformat -Werror=format-security -Wdate-time -D_FORTIFY_SOURCE=2 -g -fpic -fvisibility=hidden  -I. -I/usr/local/include -D_FILE_OFFSET_BITS=64 -c -o synced_bcf_reader.o synced_bcf_reader.c
gcc -std=gnu2x -g -O2 -fstack-protector-strong -Wformat -Werror=format-security -Wdate-time -D_FORTIFY_SOURCE=2 -g -fpic -fvisibility=hidden  -I. -I/usr/local/include -D_FILE_OFFSET_BITS=64 -c -o vcf_sweep.o vcf_sweep.c
gcc -std=gnu2x -g -O2 -fstack-protector-strong -Wformat -Werror=format-security -Wdate-time -D_FORTIFY_SOURCE=2 -g -fpic -fvisibility=hidden  -I. -I/usr/local/include -D_FILE_OFFSET_BITS=64 -c -o tbx.o tbx.c
gcc -std=gnu2x -g -O2 -fstack-protector-strong -Wformat -Werror=format-security -Wdate-time -D_FORTIFY_SOURCE=2 -g -fpic -fvisibility=hidden  -I. -I/usr/local/include -D_FILE_OFFSET_BITS=64 -c -o textutils.o textutils.c
gcc -std=gnu2x -g -O2 -fstack-protector-strong -Wformat -Werror=format-security -Wdate-time -D_FORTIFY_SOURCE=2 -g -fpic -fvisibility=hidden  -I. -I/usr/local/include -D_FILE_OFFSET_BITS=64 -c -o thread_pool.o thread_pool.c
gcc -std=gnu2x -g -O2 -fstack-protector-strong -Wformat -Werror=format-security -Wdate-time -D_FORTIFY_SOURCE=2 -g -fpic -fvisibility=hidden  -I. -I/usr/local/include -D_FILE_OFFSET_BITS=64 -c -o vcf.o vcf.c
gcc -std=gnu2x -g -O2 -fstack-protector-strong -Wformat -Werror=format-security -Wdate-time -D_FORTIFY_SOURCE=2 -g -fpic -fvisibility=hidden  -I. -I/usr/local/include -D_FILE_OFFSET_BITS=64 -c -o vcfutils.o vcfutils.c
gcc -std=gnu2x -g -O2 -fstack-protector-strong -Wformat -Werror=format-security -Wdate-time -D_FORTIFY_SOURCE=2 -g -fpic -fvisibility=hidden  -I. -I/usr/local/include -D_FILE_OFFSET_BITS=64 -c -o cram/cram_codecs.o cram/cram_codecs.c
gcc -std=gnu2x -g -O2 -fstack-protector-strong -Wformat -Werror=format-security -Wdate-time -D_FORTIFY_SOURCE=2 -g -fpic -fvisibility=hidden  -I. -I/usr/local/include -D_FILE_OFFSET_BITS=64 -c -o cram/cram_decode.o cram/cram_decode.c
gcc -std=gnu2x -g -O2 -fstack-protector-strong -Wformat -Werror=format-security -Wdate-time -D_FORTIFY_SOURCE=2 -g -fpic -fvisibility=hidden  -I. -I/usr/local/include -D_FILE_OFFSET_BITS=64 -c -o cram/cram_encode.o cram/cram_encode.c
gcc -std=gnu2x -g -O2 -fstack-protector-strong -Wformat -Werror=format-security -Wdate-time -D_FORTIFY_SOURCE=2 -g -fpic -fvisibility=hidden  -I. -I/usr/local/include -D_FILE_OFFSET_BITS=64 -c -o cram/cram_external.o cram/cram_external.c
gcc -std=gnu2x -g -O2 -fstack-protector-strong -Wformat -Werror=format-security -Wdate-time -D_FORTIFY_SOURCE=2 -g -fpic -fvisibility=hidden  -I. -I/usr/local/include -D_FILE_OFFSET_BITS=64 -c -o cram/cram_index.o cram/cram_index.c
gcc -std=gnu2x -g -O2 -fstack-protector-strong -Wformat -Werror=format-security -Wdate-time -D_FORTIFY_SOURCE=2 -g -fpic -fvisibility=hidden  -I. -I/usr/local/include -D_FILE_OFFSET_BITS=64 -c -o cram/cram_io.o cram/cram_io.c
gcc -std=gnu2x -g -O2 -fstack-protector-strong -Wformat -Werror=format-security -Wdate-time -D_FORTIFY_SOURCE=2 -g -fpic -fvisibility=hidden  -I. -I/usr/local/include -D_FILE_OFFSET_BITS=64 -c -o cram/cram_stats.o cram/cram_stats.c
gcc -std=gnu2x -g -O2 -fstack-protector-strong -Wformat -Werror=format-security -Wdate-time -D_FORTIFY_SOURCE=2 -g -fpic -fvisibility=hidden  -I. -I/usr/local/include -D_FILE_OFFSET_BITS=64 -c -o cram/mFILE.o cram/mFILE.c
gcc -std=gnu2x -g -O2 -fstack-protector-strong -Wformat -Werror=format-security -Wdate-time -D_FORTIFY_SOURCE=2 -g -fpic -fvisibility=hidden  -I. -I/usr/local/include -D_FILE_OFFSET_BITS=64 -c -o cram/open_trace_file.o cram/open_trace_file.c
gcc -std=gnu2x -g -O2 -fstack-protector-strong -Wformat -Werror=format-security -Wdate-time -D_FORTIFY_SOURCE=2 -g -fpic -fvisibility=hidden  -I. -I/usr/local/include -D_FILE_OFFSET_BITS=64 -c -o cram/pooled_alloc.o cram/pooled_alloc.c
gcc -std=gnu2x -g -O2 -fstack-protector-strong -Wformat -Werror=format-security -Wdate-time -D_FORTIFY_SOURCE=2 -g -fpic -fvisibility=hidden  -I. -I/usr/local/include -D_FILE_OFFSET_BITS=64 -c -o cram/string_alloc.o cram/string_alloc.c
gcc -std=gnu2x -g -O2 -fstack-protector-strong -Wformat -Werror=format-security -Wdate-time -D_FORTIFY_SOURCE=2 -g -fpic -fvisibility=hidden  -I. -I/usr/local/include -D_FILE_OFFSET_BITS=64 -c -o htscodecs/htscodecs/arith_dynamic.o htscodecs/htscodecs/arith_dynamic.c
gcc -std=gnu2x -g -O2 -fstack-protector-strong -Wformat -Werror=format-security -Wdate-time -D_FORTIFY_SOURCE=2 -g -fpic -fvisibility=hidden  -I. -I/usr/local/include -D_FILE_OFFSET_BITS=64 -c -o htscodecs/htscodecs/fqzcomp_qual.o htscodecs/htscodecs/fqzcomp_qual.c
gcc -std=gnu2x -g -O2 -fstack-protector-strong -Wformat -Werror=format-security -Wdate-time -D_FORTIFY_SOURCE=2 -g -fpic -fvisibility=hidden  -I. -I/usr/local/include -D_FILE_OFFSET_BITS=64 -c -o htscodecs/htscodecs/htscodecs.o htscodecs/htscodecs/htscodecs.c
gcc -std=gnu2x -g -O2 -fstack-protector-strong -Wformat -Werror=format-security -Wdate-time -D_FORTIFY_SOURCE=2 -g -fpic -fvisibility=hidden  -I. -I/usr/local/include -D_FILE_OFFSET_BITS=64 -c -o htscodecs/htscodecs/pack.o htscodecs/htscodecs/pack.c
gcc -std=gnu2x -g -O2 -fstack-protector-strong -Wformat -Werror=format-security -Wdate-time -D_FORTIFY_SOURCE=2 -g -fpic -fvisibility=hidden  -I. -I/usr/local/include -D_FILE_OFFSET_BITS=64 -c -o htscodecs/htscodecs/rANS_static4x16pr.o htscodecs/htscodecs/rANS_static4x16pr.c
gcc -std=gnu2x -g -O2 -fstack-protector-strong -Wformat -Werror=format-security -Wdate-time -D_FORTIFY_SOURCE=2 -g -fpic -fvisibility=hidden  -I. -I/usr/local/include -D_FILE_OFFSET_BITS=64 -c -o htscodecs/htscodecs/rANS_static32x16pr_avx2.o htscodecs/htscodecs/rANS_static32x16pr_avx2.c
gcc -std=gnu2x -g -O2 -fstack-protector-strong -Wformat -Werror=format-security -Wdate-time -D_FORTIFY_SOURCE=2 -g -fpic -fvisibility=hidden  -I. -I/usr/local/include -D_FILE_OFFSET_BITS=64 -c -o htscodecs/htscodecs/rANS_static32x16pr_avx512.o htscodecs/htscodecs/rANS_static32x16pr_avx512.c
gcc -std=gnu2x -g -O2 -fstack-protector-strong -Wformat -Werror=format-security -Wdate-time -D_FORTIFY_SOURCE=2 -g -fpic -fvisibility=hidden  -I. -I/usr/local/include -D_FILE_OFFSET_BITS=64 -c -o htscodecs/htscodecs/rANS_static32x16pr_sse4.o htscodecs/htscodecs/rANS_static32x16pr_sse4.c
gcc -std=gnu2x -g -O2 -fstack-protector-strong -Wformat -Werror=format-security -Wdate-time -D_FORTIFY_SOURCE=2 -g -fpic -fvisibility=hidden  -I. -I/usr/local/include -D_FILE_OFFSET_BITS=64 -c -o htscodecs/htscodecs/rANS_static32x16pr_neon.o htscodecs/htscodecs/rANS_static32x16pr_neon.c
gcc -std=gnu2x -g -O2 -fstack-protector-strong -Wformat -Werror=format-security -Wdate-time -D_FORTIFY_SOURCE=2 -g -fpic -fvisibility=hidden  -I. -I/usr/local/include -D_FILE_OFFSET_BITS=64 -c -o htscodecs/htscodecs/rANS_static32x16pr.o htscodecs/htscodecs/rANS_static32x16pr.c
gcc -std=gnu2x -g -O2 -fstack-protector-strong -Wformat -Werror=format-security -Wdate-time -D_FORTIFY_SOURCE=2 -g -fpic -fvisibility=hidden  -I. -I/usr/local/include -D_FILE_OFFSET_BITS=64 -c -o htscodecs/htscodecs/rANS_static.o htscodecs/htscodecs/rANS_static.c
gcc -std=gnu2x -g -O2 -fstack-protector-strong -Wformat -Werror=format-security -Wdate-time -D_FORTIFY_SOURCE=2 -g -fpic -fvisibility=hidden  -I. -I/usr/local/include -D_FILE_OFFSET_BITS=64 -c -o htscodecs/htscodecs/rle.o htscodecs/htscodecs/rle.c
gcc -std=gnu2x -g -O2 -fstack-protector-strong -Wformat -Werror=format-security -Wdate-time -D_FORTIFY_SOURCE=2 -g -fpic -fvisibility=hidden  -I. -I/usr/local/include -D_FILE_OFFSET_BITS=64 -c -o htscodecs/htscodecs/tokenise_name3.o htscodecs/htscodecs/tokenise_name3.c
gcc -std=gnu2x -g -O2 -fstack-protector-strong -Wformat -Werror=format-security -Wdate-time -D_FORTIFY_SOURCE=2 -g -fpic -fvisibility=hidden  -I. -I/usr/local/include -D_FILE_OFFSET_BITS=64 -c -o htscodecs/htscodecs/utils.o htscodecs/htscodecs/utils.c
gcc -std=gnu2x -g -O2 -fstack-protector-strong -Wformat -Werror=format-security -Wdate-time -D_FORTIFY_SOURCE=2 -g -fpic -fvisibility=hidden  -I. -I/usr/local/include -D_FILE_OFFSET_BITS=64 -c -o hfile_libcurl.o hfile_libcurl.c
ar -rc libhts.a kfunc.o kstring.o bcf_sr_sort.o bgzf.o errmod.o faidx.o header.o hfile.o hts.o hts_expr.o hts_os.o md5.o multipart.o probaln.o realn.o regidx.o region.o sam.o sam_mods.o synced_bcf_reader.o vcf_sweep.o tbx.o textutils.o thread_pool.o vcf.o vcfutils.o cram/cram_codecs.o cram/cram_decode.o cram/cram_encode.o cram/cram_external.o cram/cram_index.o cram/cram_io.o cram/cram_stats.o cram/mFILE.o cram/open_trace_file.o cram/pooled_alloc.o cram/string_alloc.o htscodecs/htscodecs/arith_dynamic.o htscodecs/htscodecs/fqzcomp_qual.o htscodecs/htscodecs/htscodecs.o htscodecs/htscodecs/pack.o htscodecs/htscodecs/rANS_static4x16pr.o htscodecs/htscodecs/rANS_static32x16pr_avx2.o htscodecs/htscodecs/rANS_static32x16pr_avx512.o htscodecs/htscodecs/rANS_static32x16pr_sse4.o htscodecs/htscodecs/rANS_static32x16pr_neon.o htscodecs/htscodecs/rANS_static32x16pr.o htscodecs/htscodecs/rANS_static.o htscodecs/htscodecs/rle.o htscodecs/htscodecs/tokenise_name3.o htscodecs/htscodecs/utils.o hfile_libcurl.o
ranlib libhts.a
gcc -std=gnu2x -g -O2 -fstack-protector-strong -Wformat -Werror=format-security -Wdate-time -D_FORTIFY_SOURCE=2 -g -fpic -fvisibility=hidden  -I. -I/usr/local/include -D_FILE_OFFSET_BITS=64  -c -o kfunc.pico kfunc.c
gcc -std=gnu2x -g -O2 -fstack-protector-strong -Wformat -Werror=format-security -Wdate-time -D_FORTIFY_SOURCE=2 -g -fpic -fvisibility=hidden  -I. -I/usr/local/include -D_FILE_OFFSET_BITS=64  -c -o kstring.pico kstring.c
gcc -std=gnu2x -g -O2 -fstack-protector-strong -Wformat -Werror=format-security -Wdate-time -D_FORTIFY_SOURCE=2 -g -fpic -fvisibility=hidden  -I. -I/usr/local/include -D_FILE_OFFSET_BITS=64  -c -o bcf_sr_sort.pico bcf_sr_sort.c
gcc -std=gnu2x -g -O2 -fstack-protector-strong -Wformat -Werror=format-security -Wdate-time -D_FORTIFY_SOURCE=2 -g -fpic -fvisibility=hidden  -I. -I/usr/local/include -D_FILE_OFFSET_BITS=64  -c -o bgzf.pico bgzf.c
gcc -std=gnu2x -g -O2 -fstack-protector-strong -Wformat -Werror=format-security -Wdate-time -D_FORTIFY_SOURCE=2 -g -fpic -fvisibility=hidden  -I. -I/usr/local/include -D_FILE_OFFSET_BITS=64  -c -o errmod.pico errmod.c
gcc -std=gnu2x -g -O2 -fstack-protector-strong -Wformat -Werror=format-security -Wdate-time -D_FORTIFY_SOURCE=2 -g -fpic -fvisibility=hidden  -I. -I/usr/local/include -D_FILE_OFFSET_BITS=64  -c -o faidx.pico faidx.c
gcc -std=gnu2x -g -O2 -fstack-protector-strong -Wformat -Werror=format-security -Wdate-time -D_FORTIFY_SOURCE=2 -g -fpic -fvisibility=hidden  -I. -I/usr/local/include -D_FILE_OFFSET_BITS=64  -c -o header.pico header.c
gcc -std=gnu2x -g -O2 -fstack-protector-strong -Wformat -Werror=format-security -Wdate-time -D_FORTIFY_SOURCE=2 -g -fpic -fvisibility=hidden  -I. -I/usr/local/include -D_FILE_OFFSET_BITS=64  -c -o hfile.pico hfile.c
gcc -std=gnu2x -g -O2 -fstack-protector-strong -Wformat -Werror=format-security -Wdate-time -D_FORTIFY_SOURCE=2 -g -fpic -fvisibility=hidden  -I. -I/usr/local/include -D_FILE_OFFSET_BITS=64  -c -o hts.pico hts.c
gcc -std=gnu2x -g -O2 -fstack-protector-strong -Wformat -Werror=format-security -Wdate-time -D_FORTIFY_SOURCE=2 -g -fpic -fvisibility=hidden  -I. -I/usr/local/include -D_FILE_OFFSET_BITS=64  -c -o hts_expr.pico hts_expr.c
gcc -std=gnu2x -g -O2 -fstack-protector-strong -Wformat -Werror=format-security -Wdate-time -D_FORTIFY_SOURCE=2 -g -fpic -fvisibility=hidden  -I. -I/usr/local/include -D_FILE_OFFSET_BITS=64  -c -o hts_os.pico hts_os.c
gcc -std=gnu2x -g -O2 -fstack-protector-strong -Wformat -Werror=format-security -Wdate-time -D_FORTIFY_SOURCE=2 -g -fpic -fvisibility=hidden  -I. -I/usr/local/include -D_FILE_OFFSET_BITS=64  -c -o md5.pico md5.c
gcc -std=gnu2x -g -O2 -fstack-protector-strong -Wformat -Werror=format-security -Wdate-time -D_FORTIFY_SOURCE=2 -g -fpic -fvisibility=hidden  -I. -I/usr/local/include -D_FILE_OFFSET_BITS=64  -c -o multipart.pico multipart.c
gcc -std=gnu2x -g -O2 -fstack-protector-strong -Wformat -Werror=format-security -Wdate-time -D_FORTIFY_SOURCE=2 -g -fpic -fvisibility=hidden  -I. -I/usr/local/include -D_FILE_OFFSET_BITS=64  -c -o probaln.pico probaln.c
gcc -std=gnu2x -g -O2 -fstack-protector-strong -Wformat -Werror=format-security -Wdate-time -D_FORTIFY_SOURCE=2 -g -fpic -fvisibility=hidden  -I. -I/usr/local/include -D_FILE_OFFSET_BITS=64  -c -o realn.pico realn.c
gcc -std=gnu2x -g -O2 -fstack-protector-strong -Wformat -Werror=format-security -Wdate-time -D_FORTIFY_SOURCE=2 -g -fpic -fvisibility=hidden  -I. -I/usr/local/include -D_FILE_OFFSET_BITS=64  -c -o regidx.pico regidx.c
gcc -std=gnu2x -g -O2 -fstack-protector-strong -Wformat -Werror=format-security -Wdate-time -D_FORTIFY_SOURCE=2 -g -fpic -fvisibility=hidden  -I. -I/usr/local/include -D_FILE_OFFSET_BITS=64  -c -o region.pico region.c
gcc -std=gnu2x -g -O2 -fstack-protector-strong -Wformat -Werror=format-security -Wdate-time -D_FORTIFY_SOURCE=2 -g -fpic -fvisibility=hidden  -I. -I/usr/local/include -D_FILE_OFFSET_BITS=64  -c -o sam.pico sam.c
gcc -std=gnu2x -g -O2 -fstack-protector-strong -Wformat -Werror=format-security -Wdate-time -D_FORTIFY_SOURCE=2 -g -fpic -fvisibility=hidden  -I. -I/usr/local/include -D_FILE_OFFSET_BITS=64  -c -o sam_mods.pico sam_mods.c
gcc -std=gnu2x -g -O2 -fstack-protector-strong -Wformat -Werror=format-security -Wdate-time -D_FORTIFY_SOURCE=2 -g -fpic -fvisibility=hidden  -I. -I/usr/local/include -D_FILE_OFFSET_BITS=64  -c -o synced_bcf_reader.pico synced_bcf_reader.c
gcc -std=gnu2x -g -O2 -fstack-protector-strong -Wformat -Werror=format-security -Wdate-time -D_FORTIFY_SOURCE=2 -g -fpic -fvisibility=hidden  -I. -I/usr/local/include -D_FILE_OFFSET_BITS=64  -c -o vcf_sweep.pico vcf_sweep.c
gcc -std=gnu2x -g -O2 -fstack-protector-strong -Wformat -Werror=format-security -Wdate-time -D_FORTIFY_SOURCE=2 -g -fpic -fvisibility=hidden  -I. -I/usr/local/include -D_FILE_OFFSET_BITS=64  -c -o tbx.pico tbx.c
gcc -std=gnu2x -g -O2 -fstack-protector-strong -Wformat -Werror=format-security -Wdate-time -D_FORTIFY_SOURCE=2 -g -fpic -fvisibility=hidden  -I. -I/usr/local/include -D_FILE_OFFSET_BITS=64  -c -o textutils.pico textutils.c
gcc -std=gnu2x -g -O2 -fstack-protector-strong -Wformat -Werror=format-security -Wdate-time -D_FORTIFY_SOURCE=2 -g -fpic -fvisibility=hidden  -I. -I/usr/local/include -D_FILE_OFFSET_BITS=64  -c -o thread_pool.pico thread_pool.c
gcc -std=gnu2x -g -O2 -fstack-protector-strong -Wformat -Werror=format-security -Wdate-time -D_FORTIFY_SOURCE=2 -g -fpic -fvisibility=hidden  -I. -I/usr/local/include -D_FILE_OFFSET_BITS=64  -c -o vcf.pico vcf.c
gcc -std=gnu2x -g -O2 -fstack-protector-strong -Wformat -Werror=format-security -Wdate-time -D_FORTIFY_SOURCE=2 -g -fpic -fvisibility=hidden  -I. -I/usr/local/include -D_FILE_OFFSET_BITS=64  -c -o vcfutils.pico vcfutils.c
gcc -std=gnu2x -g -O2 -fstack-protector-strong -Wformat -Werror=format-security -Wdate-time -D_FORTIFY_SOURCE=2 -g -fpic -fvisibility=hidden  -I. -I/usr/local/include -D_FILE_OFFSET_BITS=64  -c -o cram/cram_codecs.pico cram/cram_codecs.c
gcc -std=gnu2x -g -O2 -fstack-protector-strong -Wformat -Werror=format-security -Wdate-time -D_FORTIFY_SOURCE=2 -g -fpic -fvisibility=hidden  -I. -I/usr/local/include -D_FILE_OFFSET_BITS=64  -c -o cram/cram_decode.pico cram/cram_decode.c
gcc -std=gnu2x -g -O2 -fstack-protector-strong -Wformat -Werror=format-security -Wdate-time -D_FORTIFY_SOURCE=2 -g -fpic -fvisibility=hidden  -I. -I/usr/local/include -D_FILE_OFFSET_BITS=64  -c -o cram/cram_encode.pico cram/cram_encode.c
gcc -std=gnu2x -g -O2 -fstack-protector-strong -Wformat -Werror=format-security -Wdate-time -D_FORTIFY_SOURCE=2 -g -fpic -fvisibility=hidden  -I. -I/usr/local/include -D_FILE_OFFSET_BITS=64  -c -o cram/cram_external.pico cram/cram_external.c
gcc -std=gnu2x -g -O2 -fstack-protector-strong -Wformat -Werror=format-security -Wdate-time -D_FORTIFY_SOURCE=2 -g -fpic -fvisibility=hidden  -I. -I/usr/local/include -D_FILE_OFFSET_BITS=64  -c -o cram/cram_index.pico cram/cram_index.c
gcc -std=gnu2x -g -O2 -fstack-protector-strong -Wformat -Werror=format-security -Wdate-time -D_FORTIFY_SOURCE=2 -g -fpic -fvisibility=hidden  -I. -I/usr/local/include -D_FILE_OFFSET_BITS=64  -c -o cram/cram_io.pico cram/cram_io.c
gcc -std=gnu2x -g -O2 -fstack-protector-strong -Wformat -Werror=format-security -Wdate-time -D_FORTIFY_SOURCE=2 -g -fpic -fvisibility=hidden  -I. -I/usr/local/include -D_FILE_OFFSET_BITS=64  -c -o cram/cram_stats.pico cram/cram_stats.c
gcc -std=gnu2x -g -O2 -fstack-protector-strong -Wformat -Werror=format-security -Wdate-time -D_FORTIFY_SOURCE=2 -g -fpic -fvisibility=hidden  -I. -I/usr/local/include -D_FILE_OFFSET_BITS=64  -c -o cram/mFILE.pico cram/mFILE.c
gcc -std=gnu2x -g -O2 -fstack-protector-strong -Wformat -Werror=format-security -Wdate-time -D_FORTIFY_SOURCE=2 -g -fpic -fvisibility=hidden  -I. -I/usr/local/include -D_FILE_OFFSET_BITS=64  -c -o cram/open_trace_file.pico cram/open_trace_file.c
gcc -std=gnu2x -g -O2 -fstack-protector-strong -Wformat -Werror=format-security -Wdate-time -D_FORTIFY_SOURCE=2 -g -fpic -fvisibility=hidden  -I. -I/usr/local/include -D_FILE_OFFSET_BITS=64  -c -o cram/pooled_alloc.pico cram/pooled_alloc.c
gcc -std=gnu2x -g -O2 -fstack-protector-strong -Wformat -Werror=format-security -Wdate-time -D_FORTIFY_SOURCE=2 -g -fpic -fvisibility=hidden  -I. -I/usr/local/include -D_FILE_OFFSET_BITS=64  -c -o cram/string_alloc.pico cram/string_alloc.c
gcc -std=gnu2x -g -O2 -fstack-protector-strong -Wformat -Werror=format-security -Wdate-time -D_FORTIFY_SOURCE=2 -g -fpic -fvisibility=hidden  -I. -I/usr/local/include -D_FILE_OFFSET_BITS=64  -c -o htscodecs/htscodecs/arith_dynamic.pico htscodecs/htscodecs/arith_dynamic.c
gcc -std=gnu2x -g -O2 -fstack-protector-strong -Wformat -Werror=format-security -Wdate-time -D_FORTIFY_SOURCE=2 -g -fpic -fvisibility=hidden  -I. -I/usr/local/include -D_FILE_OFFSET_BITS=64  -c -o htscodecs/htscodecs/fqzcomp_qual.pico htscodecs/htscodecs/fqzcomp_qual.c
gcc -std=gnu2x -g -O2 -fstack-protector-strong -Wformat -Werror=format-security -Wdate-time -D_FORTIFY_SOURCE=2 -g -fpic -fvisibility=hidden  -I. -I/usr/local/include -D_FILE_OFFSET_BITS=64  -c -o htscodecs/htscodecs/htscodecs.pico htscodecs/htscodecs/htscodecs.c
gcc -std=gnu2x -g -O2 -fstack-protector-strong -Wformat -Werror=format-security -Wdate-time -D_FORTIFY_SOURCE=2 -g -fpic -fvisibility=hidden  -I. -I/usr/local/include -D_FILE_OFFSET_BITS=64  -c -o htscodecs/htscodecs/pack.pico htscodecs/htscodecs/pack.c
gcc -std=gnu2x -g -O2 -fstack-protector-strong -Wformat -Werror=format-security -Wdate-time -D_FORTIFY_SOURCE=2 -g -fpic -fvisibility=hidden  -I. -I/usr/local/include -D_FILE_OFFSET_BITS=64  -c -o htscodecs/htscodecs/rANS_static4x16pr.pico htscodecs/htscodecs/rANS_static4x16pr.c
gcc -std=gnu2x -g -O2 -fstack-protector-strong -Wformat -Werror=format-security -Wdate-time -D_FORTIFY_SOURCE=2 -g -fpic -fvisibility=hidden  -I. -I/usr/local/include -D_FILE_OFFSET_BITS=64  -c -o htscodecs/htscodecs/rANS_static32x16pr_avx2.pico htscodecs/htscodecs/rANS_static32x16pr_avx2.c
gcc -std=gnu2x -g -O2 -fstack-protector-strong -Wformat -Werror=format-security -Wdate-time -D_FORTIFY_SOURCE=2 -g -fpic -fvisibility=hidden  -I. -I/usr/local/include -D_FILE_OFFSET_BITS=64  -c -o htscodecs/htscodecs/rANS_static32x16pr_avx512.pico htscodecs/htscodecs/rANS_static32x16pr_avx512.c
gcc -std=gnu2x -g -O2 -fstack-protector-strong -Wformat -Werror=format-security -Wdate-time -D_FORTIFY_SOURCE=2 -g -fpic -fvisibility=hidden  -I. -I/usr/local/include -D_FILE_OFFSET_BITS=64  -c -o htscodecs/htscodecs/rANS_static32x16pr_sse4.pico htscodecs/htscodecs/rANS_static32x16pr_sse4.c
gcc -std=gnu2x -g -O2 -fstack-protector-strong -Wformat -Werror=format-security -Wdate-time -D_FORTIFY_SOURCE=2 -g -fpic -fvisibility=hidden  -I. -I/usr/local/include -D_FILE_OFFSET_BITS=64  -c -o htscodecs/htscodecs/rANS_static32x16pr_neon.pico htscodecs/htscodecs/rANS_static32x16pr_neon.c
gcc -std=gnu2x -g -O2 -fstack-protector-strong -Wformat -Werror=format-security -Wdate-time -D_FORTIFY_SOURCE=2 -g -fpic -fvisibility=hidden  -I. -I/usr/local/include -D_FILE_OFFSET_BITS=64  -c -o htscodecs/htscodecs/rANS_static32x16pr.pico htscodecs/htscodecs/rANS_static32x16pr.c
gcc -std=gnu2x -g -O2 -fstack-protector-strong -Wformat -Werror=format-security -Wdate-time -D_FORTIFY_SOURCE=2 -g -fpic -fvisibility=hidden  -I. -I/usr/local/include -D_FILE_OFFSET_BITS=64  -c -o htscodecs/htscodecs/rANS_static.pico htscodecs/htscodecs/rANS_static.c
gcc -std=gnu2x -g -O2 -fstack-protector-strong -Wformat -Werror=format-security -Wdate-time -D_FORTIFY_SOURCE=2 -g -fpic -fvisibility=hidden  -I. -I/usr/local/include -D_FILE_OFFSET_BITS=64  -c -o htscodecs/htscodecs/rle.pico htscodecs/htscodecs/rle.c
gcc -std=gnu2x -g -O2 -fstack-protector-strong -Wformat -Werror=format-security -Wdate-time -D_FORTIFY_SOURCE=2 -g -fpic -fvisibility=hidden  -I. -I/usr/local/include -D_FILE_OFFSET_BITS=64  -c -o htscodecs/htscodecs/tokenise_name3.pico htscodecs/htscodecs/tokenise_name3.c
gcc -std=gnu2x -g -O2 -fstack-protector-strong -Wformat -Werror=format-security -Wdate-time -D_FORTIFY_SOURCE=2 -g -fpic -fvisibility=hidden  -I. -I/usr/local/include -D_FILE_OFFSET_BITS=64  -c -o htscodecs/htscodecs/utils.pico htscodecs/htscodecs/utils.c
gcc -std=gnu2x -g -O2 -fstack-protector-strong -Wformat -Werror=format-security -Wdate-time -D_FORTIFY_SOURCE=2 -g -fpic -fvisibility=hidden  -I. -I/usr/local/include -D_FILE_OFFSET_BITS=64  -c -o hfile_libcurl.pico hfile_libcurl.c
gcc -std=gnu2x -shared -Wl,-soname,libhts.so.3 -Wl,-version-script,htslib.map -L/usr/local/lib -fvisibility=hidden -o libhts.so kfunc.pico kstring.pico bcf_sr_sort.pico bgzf.pico errmod.pico faidx.pico header.pico hfile.pico hts.pico hts_expr.pico hts_os.pico md5.pico multipart.pico probaln.pico realn.pico regidx.pico region.pico sam.pico sam_mods.pico synced_bcf_reader.pico vcf_sweep.pico tbx.pico textutils.pico thread_pool.pico vcf.pico vcfutils.pico cram/cram_codecs.pico cram/cram_decode.pico cram/cram_encode.pico cram/cram_external.pico cram/cram_index.pico cram/cram_io.pico cram/cram_stats.pico cram/mFILE.pico cram/open_trace_file.pico cram/pooled_alloc.pico cram/string_alloc.pico htscodecs/htscodecs/arith_dynamic.pico htscodecs/htscodecs/fqzcomp_qual.pico htscodecs/htscodecs/htscodecs.pico htscodecs/htscodecs/pack.pico htscodecs/htscodecs/rANS_static4x16pr.pico htscodecs/htscodecs/rANS_static32x16pr_avx2.pico htscodecs/htscodecs/rANS_static32x16pr_avx512.pico htscodecs/htscodecs/rANS_static32x16pr_sse4.pico htscodecs/htscodecs/rANS_static32x16pr_neon.pico htscodecs/htscodecs/rANS_static32x16pr.pico htscodecs/htscodecs/rANS_static.pico htscodecs/htscodecs/rle.pico htscodecs/htscodecs/tokenise_name3.pico htscodecs/htscodecs/utils.pico hfile_libcurl.pico -lz -lm -lbz2 -llzma -lcurl -lpthread
ln -sf libhts.so libhts.so.3
make[1]: Leaving directory '/tmp/RtmpkmmHMH/R.INSTALL8bcb36be80/Rhtslib/src/htslib-1.18'
mkdir -p "/usr/local/lib/R/site-library/Rhtslib/include/htslib"
cd "htslib-1.18/htslib" && cp * "/usr/local/lib/R/site-library/Rhtslib/include/htslib"
gcc -std=gnu2x -I"/usr/local/lib/R/include" -DNDEBUG -D_FILE_OFFSET_BITS=64 -I"/usr/local/lib/R/site-library/Rhtslib/include"  -I/usr/local/include    -fpic  -g -O2 -fstack-protector-strong -Wformat -Werror=format-security -Wdate-time -D_FORTIFY_SOURCE=2 -g  -c R_init_Rhtslib.c -o R_init_Rhtslib.o
mkdir -p "/usr/local/lib/R/site-library/Rhtslib/usrlib"
cd "htslib-1.18" && cp libhts.so libhts.a "/usr/local/lib/R/site-library/Rhtslib/usrlib"
cd "/usr/local/lib/R/site-library/Rhtslib/usrlib" && ln -s libhts.so libhts.so.2
gcc -std=gnu2x -shared -L/usr/local/lib/R/lib -L/usr/local/lib -o Rhtslib.so R_init_Rhtslib.o /usr/local/lib/R/site-library/Rhtslib/usrlib/libhts.a -lcurl -lbz2 -llzma -lz -L/usr/local/lib/R/lib -lR
mkdir -p "/usr/local/lib/R/site-library/Rhtslib/testdata/tabix"
cd "htslib-1.18/test" && (cp *.sam *.bam *.vcf *.bcf *.cram *.fa *.fa.fai *.gff *.bed "/usr/local/lib/R/site-library/Rhtslib/testdata" 2>/dev/null || true) && cd tabix && (cp *.sam *.bam *.vcf *.bcf *.cram *.fa *.fa.fai *.gff *.bed "/usr/local/lib/R/site-library/Rhtslib/testdata/tabix" 2>/dev/null || true)
installing to /usr/local/lib/R/site-library/Rhtslib/libs
** R
** inst
** byte-compile and prepare package for lazy loading
** help
*** installing help indices
** building package indices
** installing vignettes
** testing if installed package can be loaded
* creating tarball
packaged installation of ‘Rhtslib’ as ‘Rhtslib_3.4.0_R_x86_64-pc-linux-gnu.tar.gz’
* DONE (Rhtslib)
* installing *source* package ‘generics’ ...
** this is package ‘generics’ version ‘0.1.3’
** package ‘generics’ successfully unpacked and MD5 sums checked
** using staged installation
** R
** byte-compile and prepare package for lazy loading
** help
*** installing help indices
** building package indices
** testing if installed package can be loaded from temporary location
** testing if installed package can be loaded from final location
** testing if installed package keeps a record of temporary installation path
* creating tarball
packaged installation of ‘generics’ as ‘generics_0.1.3_R_x86_64-pc-linux-gnu.tar.gz’
* DONE (generics)
* installing *source* package ‘tidyselect’ ...
** this is package ‘tidyselect’ version ‘1.2.1’
** package ‘tidyselect’ successfully unpacked and MD5 sums checked
** using staged installation
** R
** inst
** byte-compile and prepare package for lazy loading
** help
*** installing help indices
** building package indices
** installing vignettes
** testing if installed package can be loaded from temporary location
** testing if installed package can be loaded from final location
** testing if installed package keeps a record of temporary installation path
* creating tarball
packaged installation of ‘tidyselect’ as ‘tidyselect_1.2.1_R_x86_64-pc-linux-gnu.tar.gz’
* DONE (tidyselect)
* installing *source* package ‘plyr’ ...
** this is package ‘plyr’ version ‘1.8.9’
** package ‘plyr’ successfully unpacked and MD5 sums checked
** using staged installation
** libs
using C compiler: ‘gcc (Ubuntu 13.3.0-6ubuntu2~24.04) 13.3.0’
using C++ compiler: ‘g++ (Ubuntu 13.3.0-6ubuntu2~24.04) 13.3.0’
g++ -std=gnu++17 -I"/usr/local/lib/R/include" -DNDEBUG  -I'/usr/local/lib/R/site-library/Rcpp/include' -I/usr/local/include    -fpic  -g -O2 -fstack-protector-strong -Wformat -Werror=format-security -Wdate-time -D_FORTIFY_SOURCE=2 -g   -c RcppExports.cpp -o RcppExports.o
gcc -std=gnu2x -I"/usr/local/lib/R/include" -DNDEBUG  -I'/usr/local/lib/R/site-library/Rcpp/include' -I/usr/local/include    -fpic  -g -O2 -fstack-protector-strong -Wformat -Werror=format-security -Wdate-time -D_FORTIFY_SOURCE=2 -g  -c loop_apply.c -o loop_apply.o
g++ -std=gnu++17 -I"/usr/local/lib/R/include" -DNDEBUG  -I'/usr/local/lib/R/site-library/Rcpp/include' -I/usr/local/include    -fpic  -g -O2 -fstack-protector-strong -Wformat -Werror=format-security -Wdate-time -D_FORTIFY_SOURCE=2 -g   -c split-numeric.cpp -o split-numeric.o
g++ -std=gnu++17 -shared -L/usr/local/lib/R/lib -L/usr/local/lib -o plyr.so RcppExports.o loop_apply.o split-numeric.o -L/usr/local/lib/R/lib -lR
installing to /usr/local/lib/R/site-library/00LOCK-plyr/00new/plyr/libs
** R
** data
*** moving datasets to lazyload DB
** inst
** byte-compile and prepare package for lazy loading
** help
*** installing help indices
** building package indices
** testing if installed package can be loaded from temporary location
** checking absolute paths in shared objects and dynamic libraries
** testing if installed package can be loaded from final location
** testing if installed package keeps a record of temporary installation path
* creating tarball
packaged installation of ‘plyr’ as ‘plyr_1.8.9_R_x86_64-pc-linux-gnu.tar.gz’
* DONE (plyr)
* installing *source* package ‘bookdown’ ...
** this is package ‘bookdown’ version ‘0.43’
** package ‘bookdown’ successfully unpacked and MD5 sums checked
** using staged installation
** R
** inst
** byte-compile and prepare package for lazy loading
** help
*** installing help indices
*** copying figures
** building package indices
** installing vignettes
** testing if installed package can be loaded from temporary location
** testing if installed package can be loaded from final location
** testing if installed package keeps a record of temporary installation path
* creating tarball
packaged installation of ‘bookdown’ as ‘bookdown_0.43_R_x86_64-pc-linux-gnu.tar.gz’
* DONE (bookdown)
* installing *source* package ‘data.table’ ...
** this is package ‘data.table’ version ‘1.17.0’
** package ‘data.table’ successfully unpacked and MD5 sums checked
** using staged installation
gcc -std=gnu2x 13.3.0
zlib 1.3 is available ok
* checking if R installation supports OpenMP without any extra hints... yes
** libs
using C compiler: ‘gcc (Ubuntu 13.3.0-6ubuntu2~24.04) 13.3.0’
gcc -std=gnu2x -I"/usr/local/lib/R/include" -DNDEBUG   -I/usr/local/include   -fopenmp  -fpic  -g -O2 -fstack-protector-strong -Wformat -Werror=format-security -Wdate-time -D_FORTIFY_SOURCE=2 -g  -c assign.c -o assign.o
gcc -std=gnu2x -I"/usr/local/lib/R/include" -DNDEBUG   -I/usr/local/include   -fopenmp  -fpic  -g -O2 -fstack-protector-strong -Wformat -Werror=format-security -Wdate-time -D_FORTIFY_SOURCE=2 -g  -c between.c -o between.o
gcc -std=gnu2x -I"/usr/local/lib/R/include" -DNDEBUG   -I/usr/local/include   -fopenmp  -fpic  -g -O2 -fstack-protector-strong -Wformat -Werror=format-security -Wdate-time -D_FORTIFY_SOURCE=2 -g  -c bmerge.c -o bmerge.o
gcc -std=gnu2x -I"/usr/local/lib/R/include" -DNDEBUG   -I/usr/local/include   -fopenmp  -fpic  -g -O2 -fstack-protector-strong -Wformat -Werror=format-security -Wdate-time -D_FORTIFY_SOURCE=2 -g  -c chmatch.c -o chmatch.o
gcc -std=gnu2x -I"/usr/local/lib/R/include" -DNDEBUG   -I/usr/local/include   -fopenmp  -fpic  -g -O2 -fstack-protector-strong -Wformat -Werror=format-security -Wdate-time -D_FORTIFY_SOURCE=2 -g  -c cj.c -o cj.o
gcc -std=gnu2x -I"/usr/local/lib/R/include" -DNDEBUG   -I/usr/local/include   -fopenmp  -fpic  -g -O2 -fstack-protector-strong -Wformat -Werror=format-security -Wdate-time -D_FORTIFY_SOURCE=2 -g  -c coalesce.c -o coalesce.o
gcc -std=gnu2x -I"/usr/local/lib/R/include" -DNDEBUG   -I/usr/local/include   -fopenmp  -fpic  -g -O2 -fstack-protector-strong -Wformat -Werror=format-security -Wdate-time -D_FORTIFY_SOURCE=2 -g  -c dogroups.c -o dogroups.o
gcc -std=gnu2x -I"/usr/local/lib/R/include" -DNDEBUG   -I/usr/local/include   -fopenmp  -fpic  -g -O2 -fstack-protector-strong -Wformat -Werror=format-security -Wdate-time -D_FORTIFY_SOURCE=2 -g  -c fastmean.c -o fastmean.o
gcc -std=gnu2x -I"/usr/local/lib/R/include" -DNDEBUG   -I/usr/local/include   -fopenmp  -fpic  -g -O2 -fstack-protector-strong -Wformat -Werror=format-security -Wdate-time -D_FORTIFY_SOURCE=2 -g  -c fcast.c -o fcast.o
gcc -std=gnu2x -I"/usr/local/lib/R/include" -DNDEBUG   -I/usr/local/include   -fopenmp  -fpic  -g -O2 -fstack-protector-strong -Wformat -Werror=format-security -Wdate-time -D_FORTIFY_SOURCE=2 -g  -c fifelse.c -o fifelse.o
gcc -std=gnu2x -I"/usr/local/lib/R/include" -DNDEBUG   -I/usr/local/include   -fopenmp  -fpic  -g -O2 -fstack-protector-strong -Wformat -Werror=format-security -Wdate-time -D_FORTIFY_SOURCE=2 -g  -c fmelt.c -o fmelt.o
gcc -std=gnu2x -I"/usr/local/lib/R/include" -DNDEBUG   -I/usr/local/include   -fopenmp  -fpic  -g -O2 -fstack-protector-strong -Wformat -Werror=format-security -Wdate-time -D_FORTIFY_SOURCE=2 -g  -c forder.c -o forder.o
gcc -std=gnu2x -I"/usr/local/lib/R/include" -DNDEBUG   -I/usr/local/include   -fopenmp  -fpic  -g -O2 -fstack-protector-strong -Wformat -Werror=format-security -Wdate-time -D_FORTIFY_SOURCE=2 -g  -c frank.c -o frank.o
gcc -std=gnu2x -I"/usr/local/lib/R/include" -DNDEBUG   -I/usr/local/include   -fopenmp  -fpic  -g -O2 -fstack-protector-strong -Wformat -Werror=format-security -Wdate-time -D_FORTIFY_SOURCE=2 -g  -c fread.c -o fread.o
gcc -std=gnu2x -I"/usr/local/lib/R/include" -DNDEBUG   -I/usr/local/include   -fopenmp  -fpic  -g -O2 -fstack-protector-strong -Wformat -Werror=format-security -Wdate-time -D_FORTIFY_SOURCE=2 -g  -c freadR.c -o freadR.o
gcc -std=gnu2x -I"/usr/local/lib/R/include" -DNDEBUG   -I/usr/local/include   -fopenmp  -fpic  -g -O2 -fstack-protector-strong -Wformat -Werror=format-security -Wdate-time -D_FORTIFY_SOURCE=2 -g  -c froll.c -o froll.o
gcc -std=gnu2x -I"/usr/local/lib/R/include" -DNDEBUG   -I/usr/local/include   -fopenmp  -fpic  -g -O2 -fstack-protector-strong -Wformat -Werror=format-security -Wdate-time -D_FORTIFY_SOURCE=2 -g  -c frollR.c -o frollR.o
gcc -std=gnu2x -I"/usr/local/lib/R/include" -DNDEBUG   -I/usr/local/include   -fopenmp  -fpic  -g -O2 -fstack-protector-strong -Wformat -Werror=format-security -Wdate-time -D_FORTIFY_SOURCE=2 -g  -c frolladaptive.c -o frolladaptive.o
gcc -std=gnu2x -I"/usr/local/lib/R/include" -DNDEBUG   -I/usr/local/include   -fopenmp  -fpic  -g -O2 -fstack-protector-strong -Wformat -Werror=format-security -Wdate-time -D_FORTIFY_SOURCE=2 -g  -c fsort.c -o fsort.o
gcc -std=gnu2x -I"/usr/local/lib/R/include" -DNDEBUG   -I/usr/local/include   -fopenmp  -fpic  -g -O2 -fstack-protector-strong -Wformat -Werror=format-security -Wdate-time -D_FORTIFY_SOURCE=2 -g  -c fwrite.c -o fwrite.o
gcc -std=gnu2x -I"/usr/local/lib/R/include" -DNDEBUG   -I/usr/local/include   -fopenmp  -fpic  -g -O2 -fstack-protector-strong -Wformat -Werror=format-security -Wdate-time -D_FORTIFY_SOURCE=2 -g  -c fwriteR.c -o fwriteR.o
gcc -std=gnu2x -I"/usr/local/lib/R/include" -DNDEBUG   -I/usr/local/include   -fopenmp  -fpic  -g -O2 -fstack-protector-strong -Wformat -Werror=format-security -Wdate-time -D_FORTIFY_SOURCE=2 -g  -c gsumm.c -o gsumm.o
gcc -std=gnu2x -I"/usr/local/lib/R/include" -DNDEBUG   -I/usr/local/include   -fopenmp  -fpic  -g -O2 -fstack-protector-strong -Wformat -Werror=format-security -Wdate-time -D_FORTIFY_SOURCE=2 -g  -c idatetime.c -o idatetime.o
gcc -std=gnu2x -I"/usr/local/lib/R/include" -DNDEBUG   -I/usr/local/include   -fopenmp  -fpic  -g -O2 -fstack-protector-strong -Wformat -Werror=format-security -Wdate-time -D_FORTIFY_SOURCE=2 -g  -c ijoin.c -o ijoin.o
gcc -std=gnu2x -I"/usr/local/lib/R/include" -DNDEBUG   -I/usr/local/include   -fopenmp  -fpic  -g -O2 -fstack-protector-strong -Wformat -Werror=format-security -Wdate-time -D_FORTIFY_SOURCE=2 -g  -c init.c -o init.o
gcc -std=gnu2x -I"/usr/local/lib/R/include" -DNDEBUG   -I/usr/local/include   -fopenmp  -fpic  -g -O2 -fstack-protector-strong -Wformat -Werror=format-security -Wdate-time -D_FORTIFY_SOURCE=2 -g  -c inrange.c -o inrange.o
gcc -std=gnu2x -I"/usr/local/lib/R/include" -DNDEBUG   -I/usr/local/include   -fopenmp  -fpic  -g -O2 -fstack-protector-strong -Wformat -Werror=format-security -Wdate-time -D_FORTIFY_SOURCE=2 -g  -c nafill.c -o nafill.o
gcc -std=gnu2x -I"/usr/local/lib/R/include" -DNDEBUG   -I/usr/local/include   -fopenmp  -fpic  -g -O2 -fstack-protector-strong -Wformat -Werror=format-security -Wdate-time -D_FORTIFY_SOURCE=2 -g  -c negate.c -o negate.o
gcc -std=gnu2x -I"/usr/local/lib/R/include" -DNDEBUG   -I/usr/local/include   -fopenmp  -fpic  -g -O2 -fstack-protector-strong -Wformat -Werror=format-security -Wdate-time -D_FORTIFY_SOURCE=2 -g  -c nqrecreateindices.c -o nqrecreateindices.o
gcc -std=gnu2x -I"/usr/local/lib/R/include" -DNDEBUG   -I/usr/local/include   -fopenmp  -fpic  -g -O2 -fstack-protector-strong -Wformat -Werror=format-security -Wdate-time -D_FORTIFY_SOURCE=2 -g  -c openmp-utils.c -o openmp-utils.o
gcc -std=gnu2x -I"/usr/local/lib/R/include" -DNDEBUG   -I/usr/local/include   -fopenmp  -fpic  -g -O2 -fstack-protector-strong -Wformat -Werror=format-security -Wdate-time -D_FORTIFY_SOURCE=2 -g  -c programming.c -o programming.o
gcc -std=gnu2x -I"/usr/local/lib/R/include" -DNDEBUG   -I/usr/local/include   -fopenmp  -fpic  -g -O2 -fstack-protector-strong -Wformat -Werror=format-security -Wdate-time -D_FORTIFY_SOURCE=2 -g  -c quickselect.c -o quickselect.o
gcc -std=gnu2x -I"/usr/local/lib/R/include" -DNDEBUG   -I/usr/local/include   -fopenmp  -fpic  -g -O2 -fstack-protector-strong -Wformat -Werror=format-security -Wdate-time -D_FORTIFY_SOURCE=2 -g  -c rbindlist.c -o rbindlist.o
gcc -std=gnu2x -I"/usr/local/lib/R/include" -DNDEBUG   -I/usr/local/include   -fopenmp  -fpic  -g -O2 -fstack-protector-strong -Wformat -Werror=format-security -Wdate-time -D_FORTIFY_SOURCE=2 -g  -c reorder.c -o reorder.o
gcc -std=gnu2x -I"/usr/local/lib/R/include" -DNDEBUG   -I/usr/local/include   -fopenmp  -fpic  -g -O2 -fstack-protector-strong -Wformat -Werror=format-security -Wdate-time -D_FORTIFY_SOURCE=2 -g  -c shift.c -o shift.o
gcc -std=gnu2x -I"/usr/local/lib/R/include" -DNDEBUG   -I/usr/local/include   -fopenmp  -fpic  -g -O2 -fstack-protector-strong -Wformat -Werror=format-security -Wdate-time -D_FORTIFY_SOURCE=2 -g  -c snprintf.c -o snprintf.o
gcc -std=gnu2x -I"/usr/local/lib/R/include" -DNDEBUG   -I/usr/local/include   -fopenmp  -fpic  -g -O2 -fstack-protector-strong -Wformat -Werror=format-security -Wdate-time -D_FORTIFY_SOURCE=2 -g  -c subset.c -o subset.o
gcc -std=gnu2x -I"/usr/local/lib/R/include" -DNDEBUG   -I/usr/local/include   -fopenmp  -fpic  -g -O2 -fstack-protector-strong -Wformat -Werror=format-security -Wdate-time -D_FORTIFY_SOURCE=2 -g  -c transpose.c -o transpose.o
gcc -std=gnu2x -I"/usr/local/lib/R/include" -DNDEBUG   -I/usr/local/include   -fopenmp  -fpic  -g -O2 -fstack-protector-strong -Wformat -Werror=format-security -Wdate-time -D_FORTIFY_SOURCE=2 -g  -c types.c -o types.o
gcc -std=gnu2x -I"/usr/local/lib/R/include" -DNDEBUG   -I/usr/local/include   -fopenmp  -fpic  -g -O2 -fstack-protector-strong -Wformat -Werror=format-security -Wdate-time -D_FORTIFY_SOURCE=2 -g  -c uniqlist.c -o uniqlist.o
gcc -std=gnu2x -I"/usr/local/lib/R/include" -DNDEBUG   -I/usr/local/include   -fopenmp  -fpic  -g -O2 -fstack-protector-strong -Wformat -Werror=format-security -Wdate-time -D_FORTIFY_SOURCE=2 -g  -c utils.c -o utils.o
gcc -std=gnu2x -I"/usr/local/lib/R/include" -DNDEBUG   -I/usr/local/include   -fopenmp  -fpic  -g -O2 -fstack-protector-strong -Wformat -Werror=format-security -Wdate-time -D_FORTIFY_SOURCE=2 -g  -c vecseq.c -o vecseq.o
gcc -std=gnu2x -I"/usr/local/lib/R/include" -DNDEBUG   -I/usr/local/include   -fopenmp  -fpic  -g -O2 -fstack-protector-strong -Wformat -Werror=format-security -Wdate-time -D_FORTIFY_SOURCE=2 -g  -c wrappers.c -o wrappers.o
gcc -std=gnu2x -shared -L/usr/local/lib/R/lib -L/usr/local/lib -o data.table.so assign.o between.o bmerge.o chmatch.o cj.o coalesce.o dogroups.o fastmean.o fcast.o fifelse.o fmelt.o forder.o frank.o fread.o freadR.o froll.o frollR.o frolladaptive.o fsort.o fwrite.o fwriteR.o gsumm.o idatetime.o ijoin.o init.o inrange.o nafill.o negate.o nqrecreateindices.o openmp-utils.o programming.o quickselect.o rbindlist.o reorder.o shift.o snprintf.o subset.o transpose.o types.o uniqlist.o utils.o vecseq.o wrappers.o -fopenmp -lz -L/usr/local/lib/R/lib -lR
PKG_CFLAGS = -fopenmp
PKG_LIBS = -fopenmp -lz
if [ "data.table.so" != "data_table.so" ]; then mv data.table.so data_table.so; fi
if [ "" != "Windows_NT" ] && [ `uname -s` = 'Darwin' ]; then install_name_tool -id data_table.so data_table.so; fi
installing to /usr/local/lib/R/site-library/00LOCK-data.table/00new/data.table/libs
** R
** inst
** byte-compile and prepare package for lazy loading
** help
*** installing help indices
** building package indices
** installing vignettes
** testing if installed package can be loaded from temporary location
** checking absolute paths in shared objects and dynamic libraries
** testing if installed package can be loaded from final location
** testing if installed package keeps a record of temporary installation path
* creating tarball
packaged installation of ‘data.table’ as ‘data.table_1.17.0_R_x86_64-pc-linux-gnu.tar.gz’
* DONE (data.table)
* installing *source* package ‘RUnit’ ...
** this is package ‘RUnit’ version ‘0.4.33’
** package ‘RUnit’ successfully unpacked and MD5 sums checked
** using staged installation
** R
** inst
** byte-compile and prepare package for lazy loading
** help
*** installing help indices
** building package indices
** installing vignettes
** testing if installed package can be loaded from temporary location
** testing if installed package can be loaded from final location
** testing if installed package keeps a record of temporary installation path
* creating tarball
packaged installation of ‘RUnit’ as ‘RUnit_0.4.33_R_x86_64-pc-linux-gnu.tar.gz’
* DONE (RUnit)
* installing *source* package ‘lambda.r’ ...
** this is package ‘lambda.r’ version ‘1.2.4’
** package ‘lambda.r’ successfully unpacked and MD5 sums checked
** using staged installation
** R
** byte-compile and prepare package for lazy loading
** help
*** installing help indices
** building package indices
** testing if installed package can be loaded from temporary location
** testing if installed package can be loaded from final location
** testing if installed package keeps a record of temporary installation path
* creating tarball
packaged installation of ‘lambda.r’ as ‘lambda.r_1.2.4_R_x86_64-pc-linux-gnu.tar.gz’
* DONE (lambda.r)
* installing *source* package ‘RCurl’ ...
** this is package ‘RCurl’ version ‘1.98-1.17’
** package ‘RCurl’ successfully unpacked and MD5 sums checked
** using staged installation
checking for curl-config... /usr/bin/curl-config
checking for gcc... gcc -std=gnu2x
checking whether the C compiler works... yes
checking for C compiler default output file name... a.out
checking for suffix of executables... 
checking whether we are cross compiling... no
checking for suffix of object files... o
checking whether the compiler supports GNU C... yes
checking whether gcc -std=gnu2x accepts -g... yes
checking for gcc -std=gnu2x option to enable C11 features... none needed
checking how to run the C preprocessor... gcc -std=gnu2x -E
Version has a libidn field
Version has CURLOPT_URL
Version has CURLINFO_EFFECTIVE_URL
Version has CURLINFO_RESPONSE_CODE
Version has CURLINFO_TOTAL_TIME
Version has CURLINFO_NAMELOOKUP_TIME
Version has CURLINFO_CONNECT_TIME
Version has CURLINFO_PRETRANSFER_TIME
Version has CURLINFO_SIZE_UPLOAD
Version has CURLINFO_SIZE_DOWNLOAD
Version has CURLINFO_SPEED_DOWNLOAD
Version has CURLINFO_SPEED_UPLOAD
Version has CURLINFO_HEADER_SIZE
Version has CURLINFO_REQUEST_SIZE
Version has CURLINFO_SSL_VERIFYRESULT
Version has CURLINFO_FILETIME
Version has CURLINFO_CONTENT_LENGTH_DOWNLOAD
Version has CURLINFO_CONTENT_LENGTH_UPLOAD
Version has CURLINFO_STARTTRANSFER_TIME
Version has CURLINFO_CONTENT_TYPE
Version has CURLINFO_REDIRECT_TIME
Version has CURLINFO_REDIRECT_COUNT
Version has CURLINFO_PRIVATE
Version has CURLINFO_HTTP_CONNECTCODE
Version has CURLINFO_HTTPAUTH_AVAIL
Version has CURLINFO_PROXYAUTH_AVAIL
Version has CURLINFO_OS_ERRNO
Version has CURLINFO_NUM_CONNECTS
Version has CURLINFO_SSL_ENGINES
Version has CURLINFO_COOKIELIST
Version has CURLINFO_LASTSOCKET
Version has CURLINFO_FTP_ENTRY_PATH
Version has CURLINFO_REDIRECT_URL
Version has CURLINFO_PRIMARY_IP
Version has CURLINFO_APPCONNECT_TIME
Version has CURLINFO_CERTINFO
Version has CURLINFO_CONDITION_UNMET
Version has CURLOPT_WRITEDATA
Version has CURLOPT_KEYPASSWD
Version has CURLOPT_DIRLISTONLY
Version has CURLOPT_APPEND
Version has CURLOPT_KRBLEVEL
Version has CURLOPT_USE_SSL
Version has CURLOPT_TIMEOUT_MS
Version has CURLOPT_CONNECTTIMEOUT_MS
Version has CURLOPT_HTTP_TRANSFER_DECODING
Version has CURLOPT_HTTP_CONTENT_DECODING
Version has CURLOPT_NEW_FILE_PERMS
Version has CURLOPT_NEW_DIRECTORY_PERMS
Version has CURLOPT_POSTREDIR
Version has CURLOPT_OPENSOCKETFUNCTION
Version has CURLOPT_OPENSOCKETDATA
Version has CURLOPT_COPYPOSTFIELDS
Version has CURLOPT_PROXY_TRANSFER_MODE
Version has CURLOPT_SEEKFUNCTION
Version has CURLOPT_SEEKDATA
Version has CURLOPT_CRLFILE
Version has CURLOPT_ISSUERCERT
Version has CURLOPT_ADDRESS_SCOPE
Version has CURLOPT_CERTINFO
Version has CURLOPT_USERNAME
Version has CURLOPT_PASSWORD
Version has CURLOPT_PROXYUSERNAME
Version has CURLOPT_PROXYPASSWORD
Version has CURLOPT_SSH_HOST_PUBLIC_KEY_MD5
Version has CURLOPT_NOPROXY
Version has CURLOPT_TFTP_BLKSIZE
Version has CURLOPT_SOCKS5_GSSAPI_SERVICE
Version has CURLOPT_SOCKS5_GSSAPI_NEC
Version has CURLOPT_PROTOCOLS
Version has CURLOPT_REDIR_PROTOCOLS
Version has CURLOPT_SSH_AUTH_TYPES
Version has CURLOPT_SSH_PUBLIC_KEYFILE
Version has CURLOPT_SSH_PRIVATE_KEYFILE
Version has CURLOPT_FTP_SSL_CCC
Version has CURLOPT_COOKIELIST
Version has CURLOPT_IGNORE_CONTENT_LENGTH
Version has CURLOPT_FTP_SKIP_PASV_IP
Version has CURLOPT_FTP_FILEMETHOD
Version has CURLOPT_LOCALPORT
Version has CURLOPT_LOCALPORTRANGE
Version has CURLOPT_CONNECT_ONLY
Version has CURLOPT_CONV_FROM_NETWORK_FUNCTION
Version has CURLOPT_CONV_TO_NETWORK_FUNCTION
Version has CURLOPT_CONV_FROM_UTF8_FUNCTION
Version has CURLOPT_MAX_SEND_SPEED_LARGE
Version has CURLOPT_MAX_RECV_SPEED_LARGE
Version has CURLOPT_FTP_ALTERNATIVE_TO_USER
Version has CURLOPT_SOCKOPTFUNCTION
Version has CURLOPT_SOCKOPTDATA
Version has CURLOPT_SSL_SESSIONID_CACHE
libcurl version: libcurl 8.5.0
configure: creating ./config.status
config.status: creating src/Makevars
** libs
using C compiler: ‘gcc (Ubuntu 13.3.0-6ubuntu2~24.04) 13.3.0’
gcc -std=gnu2x -I"/usr/local/lib/R/include" -DNDEBUG -DCURL_DISABLE_DEPRECATION -DHAVE_LIBIDN_FIELD=1 -DHAVE_CURLOPT_URL=1 -DHAVE_CURLINFO_EFFECTIVE_URL=1 -DHAVE_CURLINFO_RESPONSE_CODE=1 -DHAVE_CURLINFO_TOTAL_TIME=1 -DHAVE_CURLINFO_NAMELOOKUP_TIME=1 -DHAVE_CURLINFO_CONNECT_TIME=1 -DHAVE_CURLINFO_PRETRANSFER_TIME=1 -DHAVE_CURLINFO_SIZE_UPLOAD=1 -DHAVE_CURLINFO_SIZE_DOWNLOAD=1 -DHAVE_CURLINFO_SPEED_DOWNLOAD=1 -DHAVE_CURLINFO_SPEED_UPLOAD=1 -DHAVE_CURLINFO_HEADER_SIZE=1 -DHAVE_CURLINFO_REQUEST_SIZE=1 -DHAVE_CURLINFO_SSL_VERIFYRESULT=1 -DHAVE_CURLINFO_FILETIME=1 -DHAVE_CURLINFO_CONTENT_LENGTH_DOWNLOAD=1 -DHAVE_CURLINFO_CONTENT_LENGTH_UPLOAD=1 -DHAVE_CURLINFO_STARTTRANSFER_TIME=1 -DHAVE_CURLINFO_CONTENT_TYPE=1 -DHAVE_CURLINFO_REDIRECT_TIME=1 -DHAVE_CURLINFO_REDIRECT_COUNT=1 -DHAVE_CURLINFO_PRIVATE=1 -DHAVE_CURLINFO_HTTP_CONNECTCODE=1 -DHAVE_CURLINFO_HTTPAUTH_AVAIL=1 -DHAVE_CURLINFO_PROXYAUTH_AVAIL=1 -DHAVE_CURLINFO_OS_ERRNO=1 -DHAVE_CURLINFO_NUM_CONNECTS=1 -DHAVE_CURLINFO_SSL_ENGINES=1 -DHAVE_CURLINFO_COOKIELIST=1 -DHAVE_CURLINFO_LASTSOCKET=1 -DHAVE_CURLINFO_FTP_ENTRY_PATH=1 -DHAVE_CURLINFO_REDIRECT_URL=1 -DHAVE_CURLINFO_PRIMARY_IP=1 -DHAVE_CURLINFO_APPCONNECT_TIME=1 -DHAVE_CURLINFO_CERTINFO=1 -DHAVE_CURLINFO_CONDITION_UNMET=1 -DHAVE_CURLOPT_WRITEDATA=1 -DHAVE_CURLOPT_KEYPASSWD=1 -DHAVE_CURLOPT_DIRLISTONLY=1 -DHAVE_CURLOPT_APPEND=1 -DHAVE_CURLOPT_KRBLEVEL=1 -DHAVE_CURLOPT_USE_SSL=1 -DHAVE_CURLOPT_TIMEOUT_MS=1 -DHAVE_CURLOPT_CONNECTTIMEOUT_MS=1 -DHAVE_CURLOPT_HTTP_TRANSFER_DECODING=1 -DHAVE_CURLOPT_HTTP_CONTENT_DECODING=1 -DHAVE_CURLOPT_NEW_FILE_PERMS=1 -DHAVE_CURLOPT_NEW_DIRECTORY_PERMS=1 -DHAVE_CURLOPT_POSTREDIR=1 -DHAVE_CURLOPT_OPENSOCKETFUNCTION=1 -DHAVE_CURLOPT_OPENSOCKETDATA=1 -DHAVE_CURLOPT_COPYPOSTFIELDS=1 -DHAVE_CURLOPT_PROXY_TRANSFER_MODE=1 -DHAVE_CURLOPT_SEEKFUNCTION=1 -DHAVE_CURLOPT_SEEKDATA=1 -DHAVE_CURLOPT_CRLFILE=1 -DHAVE_CURLOPT_ISSUERCERT=1 -DHAVE_CURLOPT_ADDRESS_SCOPE=1 -DHAVE_CURLOPT_CERTINFO=1 -DHAVE_CURLOPT_USERNAME=1 -DHAVE_CURLOPT_PASSWORD=1 -DHAVE_CURLOPT_PROXYUSERNAME=1 -DHAVE_CURLOPT_PROXYPASSWORD=1 -DHAVE_CURLOPT_SSH_HOST_PUBLIC_KEY_MD5=1 -DHAVE_CURLOPT_NOPROXY=1 -DHAVE_CURLOPT_TFTP_BLKSIZE=1 -DHAVE_CURLOPT_SOCKS5_GSSAPI_SERVICE=1 -DHAVE_CURLOPT_SOCKS5_GSSAPI_NEC=1 -DHAVE_CURLOPT_PROTOCOLS=1 -DHAVE_CURLOPT_REDIR_PROTOCOLS=1 -DHAVE_CURLOPT_SSH_AUTH_TYPES=1 -DHAVE_CURLOPT_SSH_PUBLIC_KEYFILE=1 -DHAVE_CURLOPT_SSH_PRIVATE_KEYFILE=1 -DHAVE_CURLOPT_FTP_SSL_CCC=1 -DHAVE_CURLOPT_COOKIELIST=1 -DHAVE_CURLOPT_IGNORE_CONTENT_LENGTH=1 -DHAVE_CURLOPT_FTP_SKIP_PASV_IP=1 -DHAVE_CURLOPT_FTP_FILEMETHOD=1 -DHAVE_CURLOPT_LOCALPORT=1 -DHAVE_CURLOPT_LOCALPORTRANGE=1 -DHAVE_CURLOPT_CONNECT_ONLY=1 -DHAVE_CURLOPT_CONV_FROM_NETWORK_FUNCTION=1 -DHAVE_CURLOPT_CONV_TO_NETWORK_FUNCTION=1 -DHAVE_CURLOPT_CONV_FROM_UTF8_FUNCTION=1 -DHAVE_CURLOPT_MAX_SEND_SPEED_LARGE=1 -DHAVE_CURLOPT_MAX_RECV_SPEED_LARGE=1 -DHAVE_CURLOPT_FTP_ALTERNATIVE_TO_USER=1 -DHAVE_CURLOPT_SOCKOPTFUNCTION=1 -DHAVE_CURLOPT_SOCKOPTDATA=1 -DHAVE_CURLOPT_SSL_SESSIONID_CACHE=1 -I/usr/include/libxml2  -I/usr/local/include    -fpic  -g -O2 -fstack-protector-strong -Wformat -Werror=format-security -Wdate-time -D_FORTIFY_SOURCE=2 -g  -c base64.c -o base64.o
gcc -std=gnu2x -I"/usr/local/lib/R/include" -DNDEBUG -DCURL_DISABLE_DEPRECATION -DHAVE_LIBIDN_FIELD=1 -DHAVE_CURLOPT_URL=1 -DHAVE_CURLINFO_EFFECTIVE_URL=1 -DHAVE_CURLINFO_RESPONSE_CODE=1 -DHAVE_CURLINFO_TOTAL_TIME=1 -DHAVE_CURLINFO_NAMELOOKUP_TIME=1 -DHAVE_CURLINFO_CONNECT_TIME=1 -DHAVE_CURLINFO_PRETRANSFER_TIME=1 -DHAVE_CURLINFO_SIZE_UPLOAD=1 -DHAVE_CURLINFO_SIZE_DOWNLOAD=1 -DHAVE_CURLINFO_SPEED_DOWNLOAD=1 -DHAVE_CURLINFO_SPEED_UPLOAD=1 -DHAVE_CURLINFO_HEADER_SIZE=1 -DHAVE_CURLINFO_REQUEST_SIZE=1 -DHAVE_CURLINFO_SSL_VERIFYRESULT=1 -DHAVE_CURLINFO_FILETIME=1 -DHAVE_CURLINFO_CONTENT_LENGTH_DOWNLOAD=1 -DHAVE_CURLINFO_CONTENT_LENGTH_UPLOAD=1 -DHAVE_CURLINFO_STARTTRANSFER_TIME=1 -DHAVE_CURLINFO_CONTENT_TYPE=1 -DHAVE_CURLINFO_REDIRECT_TIME=1 -DHAVE_CURLINFO_REDIRECT_COUNT=1 -DHAVE_CURLINFO_PRIVATE=1 -DHAVE_CURLINFO_HTTP_CONNECTCODE=1 -DHAVE_CURLINFO_HTTPAUTH_AVAIL=1 -DHAVE_CURLINFO_PROXYAUTH_AVAIL=1 -DHAVE_CURLINFO_OS_ERRNO=1 -DHAVE_CURLINFO_NUM_CONNECTS=1 -DHAVE_CURLINFO_SSL_ENGINES=1 -DHAVE_CURLINFO_COOKIELIST=1 -DHAVE_CURLINFO_LASTSOCKET=1 -DHAVE_CURLINFO_FTP_ENTRY_PATH=1 -DHAVE_CURLINFO_REDIRECT_URL=1 -DHAVE_CURLINFO_PRIMARY_IP=1 -DHAVE_CURLINFO_APPCONNECT_TIME=1 -DHAVE_CURLINFO_CERTINFO=1 -DHAVE_CURLINFO_CONDITION_UNMET=1 -DHAVE_CURLOPT_WRITEDATA=1 -DHAVE_CURLOPT_KEYPASSWD=1 -DHAVE_CURLOPT_DIRLISTONLY=1 -DHAVE_CURLOPT_APPEND=1 -DHAVE_CURLOPT_KRBLEVEL=1 -DHAVE_CURLOPT_USE_SSL=1 -DHAVE_CURLOPT_TIMEOUT_MS=1 -DHAVE_CURLOPT_CONNECTTIMEOUT_MS=1 -DHAVE_CURLOPT_HTTP_TRANSFER_DECODING=1 -DHAVE_CURLOPT_HTTP_CONTENT_DECODING=1 -DHAVE_CURLOPT_NEW_FILE_PERMS=1 -DHAVE_CURLOPT_NEW_DIRECTORY_PERMS=1 -DHAVE_CURLOPT_POSTREDIR=1 -DHAVE_CURLOPT_OPENSOCKETFUNCTION=1 -DHAVE_CURLOPT_OPENSOCKETDATA=1 -DHAVE_CURLOPT_COPYPOSTFIELDS=1 -DHAVE_CURLOPT_PROXY_TRANSFER_MODE=1 -DHAVE_CURLOPT_SEEKFUNCTION=1 -DHAVE_CURLOPT_SEEKDATA=1 -DHAVE_CURLOPT_CRLFILE=1 -DHAVE_CURLOPT_ISSUERCERT=1 -DHAVE_CURLOPT_ADDRESS_SCOPE=1 -DHAVE_CURLOPT_CERTINFO=1 -DHAVE_CURLOPT_USERNAME=1 -DHAVE_CURLOPT_PASSWORD=1 -DHAVE_CURLOPT_PROXYUSERNAME=1 -DHAVE_CURLOPT_PROXYPASSWORD=1 -DHAVE_CURLOPT_SSH_HOST_PUBLIC_KEY_MD5=1 -DHAVE_CURLOPT_NOPROXY=1 -DHAVE_CURLOPT_TFTP_BLKSIZE=1 -DHAVE_CURLOPT_SOCKS5_GSSAPI_SERVICE=1 -DHAVE_CURLOPT_SOCKS5_GSSAPI_NEC=1 -DHAVE_CURLOPT_PROTOCOLS=1 -DHAVE_CURLOPT_REDIR_PROTOCOLS=1 -DHAVE_CURLOPT_SSH_AUTH_TYPES=1 -DHAVE_CURLOPT_SSH_PUBLIC_KEYFILE=1 -DHAVE_CURLOPT_SSH_PRIVATE_KEYFILE=1 -DHAVE_CURLOPT_FTP_SSL_CCC=1 -DHAVE_CURLOPT_COOKIELIST=1 -DHAVE_CURLOPT_IGNORE_CONTENT_LENGTH=1 -DHAVE_CURLOPT_FTP_SKIP_PASV_IP=1 -DHAVE_CURLOPT_FTP_FILEMETHOD=1 -DHAVE_CURLOPT_LOCALPORT=1 -DHAVE_CURLOPT_LOCALPORTRANGE=1 -DHAVE_CURLOPT_CONNECT_ONLY=1 -DHAVE_CURLOPT_CONV_FROM_NETWORK_FUNCTION=1 -DHAVE_CURLOPT_CONV_TO_NETWORK_FUNCTION=1 -DHAVE_CURLOPT_CONV_FROM_UTF8_FUNCTION=1 -DHAVE_CURLOPT_MAX_SEND_SPEED_LARGE=1 -DHAVE_CURLOPT_MAX_RECV_SPEED_LARGE=1 -DHAVE_CURLOPT_FTP_ALTERNATIVE_TO_USER=1 -DHAVE_CURLOPT_SOCKOPTFUNCTION=1 -DHAVE_CURLOPT_SOCKOPTDATA=1 -DHAVE_CURLOPT_SSL_SESSIONID_CACHE=1 -I/usr/include/libxml2  -I/usr/local/include    -fpic  -g -O2 -fstack-protector-strong -Wformat -Werror=format-security -Wdate-time -D_FORTIFY_SOURCE=2 -g  -c curl.c -o curl.o
gcc -std=gnu2x -I"/usr/local/lib/R/include" -DNDEBUG -DCURL_DISABLE_DEPRECATION -DHAVE_LIBIDN_FIELD=1 -DHAVE_CURLOPT_URL=1 -DHAVE_CURLINFO_EFFECTIVE_URL=1 -DHAVE_CURLINFO_RESPONSE_CODE=1 -DHAVE_CURLINFO_TOTAL_TIME=1 -DHAVE_CURLINFO_NAMELOOKUP_TIME=1 -DHAVE_CURLINFO_CONNECT_TIME=1 -DHAVE_CURLINFO_PRETRANSFER_TIME=1 -DHAVE_CURLINFO_SIZE_UPLOAD=1 -DHAVE_CURLINFO_SIZE_DOWNLOAD=1 -DHAVE_CURLINFO_SPEED_DOWNLOAD=1 -DHAVE_CURLINFO_SPEED_UPLOAD=1 -DHAVE_CURLINFO_HEADER_SIZE=1 -DHAVE_CURLINFO_REQUEST_SIZE=1 -DHAVE_CURLINFO_SSL_VERIFYRESULT=1 -DHAVE_CURLINFO_FILETIME=1 -DHAVE_CURLINFO_CONTENT_LENGTH_DOWNLOAD=1 -DHAVE_CURLINFO_CONTENT_LENGTH_UPLOAD=1 -DHAVE_CURLINFO_STARTTRANSFER_TIME=1 -DHAVE_CURLINFO_CONTENT_TYPE=1 -DHAVE_CURLINFO_REDIRECT_TIME=1 -DHAVE_CURLINFO_REDIRECT_COUNT=1 -DHAVE_CURLINFO_PRIVATE=1 -DHAVE_CURLINFO_HTTP_CONNECTCODE=1 -DHAVE_CURLINFO_HTTPAUTH_AVAIL=1 -DHAVE_CURLINFO_PROXYAUTH_AVAIL=1 -DHAVE_CURLINFO_OS_ERRNO=1 -DHAVE_CURLINFO_NUM_CONNECTS=1 -DHAVE_CURLINFO_SSL_ENGINES=1 -DHAVE_CURLINFO_COOKIELIST=1 -DHAVE_CURLINFO_LASTSOCKET=1 -DHAVE_CURLINFO_FTP_ENTRY_PATH=1 -DHAVE_CURLINFO_REDIRECT_URL=1 -DHAVE_CURLINFO_PRIMARY_IP=1 -DHAVE_CURLINFO_APPCONNECT_TIME=1 -DHAVE_CURLINFO_CERTINFO=1 -DHAVE_CURLINFO_CONDITION_UNMET=1 -DHAVE_CURLOPT_WRITEDATA=1 -DHAVE_CURLOPT_KEYPASSWD=1 -DHAVE_CURLOPT_DIRLISTONLY=1 -DHAVE_CURLOPT_APPEND=1 -DHAVE_CURLOPT_KRBLEVEL=1 -DHAVE_CURLOPT_USE_SSL=1 -DHAVE_CURLOPT_TIMEOUT_MS=1 -DHAVE_CURLOPT_CONNECTTIMEOUT_MS=1 -DHAVE_CURLOPT_HTTP_TRANSFER_DECODING=1 -DHAVE_CURLOPT_HTTP_CONTENT_DECODING=1 -DHAVE_CURLOPT_NEW_FILE_PERMS=1 -DHAVE_CURLOPT_NEW_DIRECTORY_PERMS=1 -DHAVE_CURLOPT_POSTREDIR=1 -DHAVE_CURLOPT_OPENSOCKETFUNCTION=1 -DHAVE_CURLOPT_OPENSOCKETDATA=1 -DHAVE_CURLOPT_COPYPOSTFIELDS=1 -DHAVE_CURLOPT_PROXY_TRANSFER_MODE=1 -DHAVE_CURLOPT_SEEKFUNCTION=1 -DHAVE_CURLOPT_SEEKDATA=1 -DHAVE_CURLOPT_CRLFILE=1 -DHAVE_CURLOPT_ISSUERCERT=1 -DHAVE_CURLOPT_ADDRESS_SCOPE=1 -DHAVE_CURLOPT_CERTINFO=1 -DHAVE_CURLOPT_USERNAME=1 -DHAVE_CURLOPT_PASSWORD=1 -DHAVE_CURLOPT_PROXYUSERNAME=1 -DHAVE_CURLOPT_PROXYPASSWORD=1 -DHAVE_CURLOPT_SSH_HOST_PUBLIC_KEY_MD5=1 -DHAVE_CURLOPT_NOPROXY=1 -DHAVE_CURLOPT_TFTP_BLKSIZE=1 -DHAVE_CURLOPT_SOCKS5_GSSAPI_SERVICE=1 -DHAVE_CURLOPT_SOCKS5_GSSAPI_NEC=1 -DHAVE_CURLOPT_PROTOCOLS=1 -DHAVE_CURLOPT_REDIR_PROTOCOLS=1 -DHAVE_CURLOPT_SSH_AUTH_TYPES=1 -DHAVE_CURLOPT_SSH_PUBLIC_KEYFILE=1 -DHAVE_CURLOPT_SSH_PRIVATE_KEYFILE=1 -DHAVE_CURLOPT_FTP_SSL_CCC=1 -DHAVE_CURLOPT_COOKIELIST=1 -DHAVE_CURLOPT_IGNORE_CONTENT_LENGTH=1 -DHAVE_CURLOPT_FTP_SKIP_PASV_IP=1 -DHAVE_CURLOPT_FTP_FILEMETHOD=1 -DHAVE_CURLOPT_LOCALPORT=1 -DHAVE_CURLOPT_LOCALPORTRANGE=1 -DHAVE_CURLOPT_CONNECT_ONLY=1 -DHAVE_CURLOPT_CONV_FROM_NETWORK_FUNCTION=1 -DHAVE_CURLOPT_CONV_TO_NETWORK_FUNCTION=1 -DHAVE_CURLOPT_CONV_FROM_UTF8_FUNCTION=1 -DHAVE_CURLOPT_MAX_SEND_SPEED_LARGE=1 -DHAVE_CURLOPT_MAX_RECV_SPEED_LARGE=1 -DHAVE_CURLOPT_FTP_ALTERNATIVE_TO_USER=1 -DHAVE_CURLOPT_SOCKOPTFUNCTION=1 -DHAVE_CURLOPT_SOCKOPTDATA=1 -DHAVE_CURLOPT_SSL_SESSIONID_CACHE=1 -I/usr/include/libxml2  -I/usr/local/include    -fpic  -g -O2 -fstack-protector-strong -Wformat -Werror=format-security -Wdate-time -D_FORTIFY_SOURCE=2 -g  -c curlInit.c -o curlInit.o
gcc -std=gnu2x -I"/usr/local/lib/R/include" -DNDEBUG -DCURL_DISABLE_DEPRECATION -DHAVE_LIBIDN_FIELD=1 -DHAVE_CURLOPT_URL=1 -DHAVE_CURLINFO_EFFECTIVE_URL=1 -DHAVE_CURLINFO_RESPONSE_CODE=1 -DHAVE_CURLINFO_TOTAL_TIME=1 -DHAVE_CURLINFO_NAMELOOKUP_TIME=1 -DHAVE_CURLINFO_CONNECT_TIME=1 -DHAVE_CURLINFO_PRETRANSFER_TIME=1 -DHAVE_CURLINFO_SIZE_UPLOAD=1 -DHAVE_CURLINFO_SIZE_DOWNLOAD=1 -DHAVE_CURLINFO_SPEED_DOWNLOAD=1 -DHAVE_CURLINFO_SPEED_UPLOAD=1 -DHAVE_CURLINFO_HEADER_SIZE=1 -DHAVE_CURLINFO_REQUEST_SIZE=1 -DHAVE_CURLINFO_SSL_VERIFYRESULT=1 -DHAVE_CURLINFO_FILETIME=1 -DHAVE_CURLINFO_CONTENT_LENGTH_DOWNLOAD=1 -DHAVE_CURLINFO_CONTENT_LENGTH_UPLOAD=1 -DHAVE_CURLINFO_STARTTRANSFER_TIME=1 -DHAVE_CURLINFO_CONTENT_TYPE=1 -DHAVE_CURLINFO_REDIRECT_TIME=1 -DHAVE_CURLINFO_REDIRECT_COUNT=1 -DHAVE_CURLINFO_PRIVATE=1 -DHAVE_CURLINFO_HTTP_CONNECTCODE=1 -DHAVE_CURLINFO_HTTPAUTH_AVAIL=1 -DHAVE_CURLINFO_PROXYAUTH_AVAIL=1 -DHAVE_CURLINFO_OS_ERRNO=1 -DHAVE_CURLINFO_NUM_CONNECTS=1 -DHAVE_CURLINFO_SSL_ENGINES=1 -DHAVE_CURLINFO_COOKIELIST=1 -DHAVE_CURLINFO_LASTSOCKET=1 -DHAVE_CURLINFO_FTP_ENTRY_PATH=1 -DHAVE_CURLINFO_REDIRECT_URL=1 -DHAVE_CURLINFO_PRIMARY_IP=1 -DHAVE_CURLINFO_APPCONNECT_TIME=1 -DHAVE_CURLINFO_CERTINFO=1 -DHAVE_CURLINFO_CONDITION_UNMET=1 -DHAVE_CURLOPT_WRITEDATA=1 -DHAVE_CURLOPT_KEYPASSWD=1 -DHAVE_CURLOPT_DIRLISTONLY=1 -DHAVE_CURLOPT_APPEND=1 -DHAVE_CURLOPT_KRBLEVEL=1 -DHAVE_CURLOPT_USE_SSL=1 -DHAVE_CURLOPT_TIMEOUT_MS=1 -DHAVE_CURLOPT_CONNECTTIMEOUT_MS=1 -DHAVE_CURLOPT_HTTP_TRANSFER_DECODING=1 -DHAVE_CURLOPT_HTTP_CONTENT_DECODING=1 -DHAVE_CURLOPT_NEW_FILE_PERMS=1 -DHAVE_CURLOPT_NEW_DIRECTORY_PERMS=1 -DHAVE_CURLOPT_POSTREDIR=1 -DHAVE_CURLOPT_OPENSOCKETFUNCTION=1 -DHAVE_CURLOPT_OPENSOCKETDATA=1 -DHAVE_CURLOPT_COPYPOSTFIELDS=1 -DHAVE_CURLOPT_PROXY_TRANSFER_MODE=1 -DHAVE_CURLOPT_SEEKFUNCTION=1 -DHAVE_CURLOPT_SEEKDATA=1 -DHAVE_CURLOPT_CRLFILE=1 -DHAVE_CURLOPT_ISSUERCERT=1 -DHAVE_CURLOPT_ADDRESS_SCOPE=1 -DHAVE_CURLOPT_CERTINFO=1 -DHAVE_CURLOPT_USERNAME=1 -DHAVE_CURLOPT_PASSWORD=1 -DHAVE_CURLOPT_PROXYUSERNAME=1 -DHAVE_CURLOPT_PROXYPASSWORD=1 -DHAVE_CURLOPT_SSH_HOST_PUBLIC_KEY_MD5=1 -DHAVE_CURLOPT_NOPROXY=1 -DHAVE_CURLOPT_TFTP_BLKSIZE=1 -DHAVE_CURLOPT_SOCKS5_GSSAPI_SERVICE=1 -DHAVE_CURLOPT_SOCKS5_GSSAPI_NEC=1 -DHAVE_CURLOPT_PROTOCOLS=1 -DHAVE_CURLOPT_REDIR_PROTOCOLS=1 -DHAVE_CURLOPT_SSH_AUTH_TYPES=1 -DHAVE_CURLOPT_SSH_PUBLIC_KEYFILE=1 -DHAVE_CURLOPT_SSH_PRIVATE_KEYFILE=1 -DHAVE_CURLOPT_FTP_SSL_CCC=1 -DHAVE_CURLOPT_COOKIELIST=1 -DHAVE_CURLOPT_IGNORE_CONTENT_LENGTH=1 -DHAVE_CURLOPT_FTP_SKIP_PASV_IP=1 -DHAVE_CURLOPT_FTP_FILEMETHOD=1 -DHAVE_CURLOPT_LOCALPORT=1 -DHAVE_CURLOPT_LOCALPORTRANGE=1 -DHAVE_CURLOPT_CONNECT_ONLY=1 -DHAVE_CURLOPT_CONV_FROM_NETWORK_FUNCTION=1 -DHAVE_CURLOPT_CONV_TO_NETWORK_FUNCTION=1 -DHAVE_CURLOPT_CONV_FROM_UTF8_FUNCTION=1 -DHAVE_CURLOPT_MAX_SEND_SPEED_LARGE=1 -DHAVE_CURLOPT_MAX_RECV_SPEED_LARGE=1 -DHAVE_CURLOPT_FTP_ALTERNATIVE_TO_USER=1 -DHAVE_CURLOPT_SOCKOPTFUNCTION=1 -DHAVE_CURLOPT_SOCKOPTDATA=1 -DHAVE_CURLOPT_SSL_SESSIONID_CACHE=1 -I/usr/include/libxml2  -I/usr/local/include    -fpic  -g -O2 -fstack-protector-strong -Wformat -Werror=format-security -Wdate-time -D_FORTIFY_SOURCE=2 -g  -c curl_base64.c -o curl_base64.o
gcc -std=gnu2x -I"/usr/local/lib/R/include" -DNDEBUG -DCURL_DISABLE_DEPRECATION -DHAVE_LIBIDN_FIELD=1 -DHAVE_CURLOPT_URL=1 -DHAVE_CURLINFO_EFFECTIVE_URL=1 -DHAVE_CURLINFO_RESPONSE_CODE=1 -DHAVE_CURLINFO_TOTAL_TIME=1 -DHAVE_CURLINFO_NAMELOOKUP_TIME=1 -DHAVE_CURLINFO_CONNECT_TIME=1 -DHAVE_CURLINFO_PRETRANSFER_TIME=1 -DHAVE_CURLINFO_SIZE_UPLOAD=1 -DHAVE_CURLINFO_SIZE_DOWNLOAD=1 -DHAVE_CURLINFO_SPEED_DOWNLOAD=1 -DHAVE_CURLINFO_SPEED_UPLOAD=1 -DHAVE_CURLINFO_HEADER_SIZE=1 -DHAVE_CURLINFO_REQUEST_SIZE=1 -DHAVE_CURLINFO_SSL_VERIFYRESULT=1 -DHAVE_CURLINFO_FILETIME=1 -DHAVE_CURLINFO_CONTENT_LENGTH_DOWNLOAD=1 -DHAVE_CURLINFO_CONTENT_LENGTH_UPLOAD=1 -DHAVE_CURLINFO_STARTTRANSFER_TIME=1 -DHAVE_CURLINFO_CONTENT_TYPE=1 -DHAVE_CURLINFO_REDIRECT_TIME=1 -DHAVE_CURLINFO_REDIRECT_COUNT=1 -DHAVE_CURLINFO_PRIVATE=1 -DHAVE_CURLINFO_HTTP_CONNECTCODE=1 -DHAVE_CURLINFO_HTTPAUTH_AVAIL=1 -DHAVE_CURLINFO_PROXYAUTH_AVAIL=1 -DHAVE_CURLINFO_OS_ERRNO=1 -DHAVE_CURLINFO_NUM_CONNECTS=1 -DHAVE_CURLINFO_SSL_ENGINES=1 -DHAVE_CURLINFO_COOKIELIST=1 -DHAVE_CURLINFO_LASTSOCKET=1 -DHAVE_CURLINFO_FTP_ENTRY_PATH=1 -DHAVE_CURLINFO_REDIRECT_URL=1 -DHAVE_CURLINFO_PRIMARY_IP=1 -DHAVE_CURLINFO_APPCONNECT_TIME=1 -DHAVE_CURLINFO_CERTINFO=1 -DHAVE_CURLINFO_CONDITION_UNMET=1 -DHAVE_CURLOPT_WRITEDATA=1 -DHAVE_CURLOPT_KEYPASSWD=1 -DHAVE_CURLOPT_DIRLISTONLY=1 -DHAVE_CURLOPT_APPEND=1 -DHAVE_CURLOPT_KRBLEVEL=1 -DHAVE_CURLOPT_USE_SSL=1 -DHAVE_CURLOPT_TIMEOUT_MS=1 -DHAVE_CURLOPT_CONNECTTIMEOUT_MS=1 -DHAVE_CURLOPT_HTTP_TRANSFER_DECODING=1 -DHAVE_CURLOPT_HTTP_CONTENT_DECODING=1 -DHAVE_CURLOPT_NEW_FILE_PERMS=1 -DHAVE_CURLOPT_NEW_DIRECTORY_PERMS=1 -DHAVE_CURLOPT_POSTREDIR=1 -DHAVE_CURLOPT_OPENSOCKETFUNCTION=1 -DHAVE_CURLOPT_OPENSOCKETDATA=1 -DHAVE_CURLOPT_COPYPOSTFIELDS=1 -DHAVE_CURLOPT_PROXY_TRANSFER_MODE=1 -DHAVE_CURLOPT_SEEKFUNCTION=1 -DHAVE_CURLOPT_SEEKDATA=1 -DHAVE_CURLOPT_CRLFILE=1 -DHAVE_CURLOPT_ISSUERCERT=1 -DHAVE_CURLOPT_ADDRESS_SCOPE=1 -DHAVE_CURLOPT_CERTINFO=1 -DHAVE_CURLOPT_USERNAME=1 -DHAVE_CURLOPT_PASSWORD=1 -DHAVE_CURLOPT_PROXYUSERNAME=1 -DHAVE_CURLOPT_PROXYPASSWORD=1 -DHAVE_CURLOPT_SSH_HOST_PUBLIC_KEY_MD5=1 -DHAVE_CURLOPT_NOPROXY=1 -DHAVE_CURLOPT_TFTP_BLKSIZE=1 -DHAVE_CURLOPT_SOCKS5_GSSAPI_SERVICE=1 -DHAVE_CURLOPT_SOCKS5_GSSAPI_NEC=1 -DHAVE_CURLOPT_PROTOCOLS=1 -DHAVE_CURLOPT_REDIR_PROTOCOLS=1 -DHAVE_CURLOPT_SSH_AUTH_TYPES=1 -DHAVE_CURLOPT_SSH_PUBLIC_KEYFILE=1 -DHAVE_CURLOPT_SSH_PRIVATE_KEYFILE=1 -DHAVE_CURLOPT_FTP_SSL_CCC=1 -DHAVE_CURLOPT_COOKIELIST=1 -DHAVE_CURLOPT_IGNORE_CONTENT_LENGTH=1 -DHAVE_CURLOPT_FTP_SKIP_PASV_IP=1 -DHAVE_CURLOPT_FTP_FILEMETHOD=1 -DHAVE_CURLOPT_LOCALPORT=1 -DHAVE_CURLOPT_LOCALPORTRANGE=1 -DHAVE_CURLOPT_CONNECT_ONLY=1 -DHAVE_CURLOPT_CONV_FROM_NETWORK_FUNCTION=1 -DHAVE_CURLOPT_CONV_TO_NETWORK_FUNCTION=1 -DHAVE_CURLOPT_CONV_FROM_UTF8_FUNCTION=1 -DHAVE_CURLOPT_MAX_SEND_SPEED_LARGE=1 -DHAVE_CURLOPT_MAX_RECV_SPEED_LARGE=1 -DHAVE_CURLOPT_FTP_ALTERNATIVE_TO_USER=1 -DHAVE_CURLOPT_SOCKOPTFUNCTION=1 -DHAVE_CURLOPT_SOCKOPTDATA=1 -DHAVE_CURLOPT_SSL_SESSIONID_CACHE=1 -I/usr/include/libxml2  -I/usr/local/include    -fpic  -g -O2 -fstack-protector-strong -Wformat -Werror=format-security -Wdate-time -D_FORTIFY_SOURCE=2 -g  -c enums.c -o enums.o
gcc -std=gnu2x -I"/usr/local/lib/R/include" -DNDEBUG -DCURL_DISABLE_DEPRECATION -DHAVE_LIBIDN_FIELD=1 -DHAVE_CURLOPT_URL=1 -DHAVE_CURLINFO_EFFECTIVE_URL=1 -DHAVE_CURLINFO_RESPONSE_CODE=1 -DHAVE_CURLINFO_TOTAL_TIME=1 -DHAVE_CURLINFO_NAMELOOKUP_TIME=1 -DHAVE_CURLINFO_CONNECT_TIME=1 -DHAVE_CURLINFO_PRETRANSFER_TIME=1 -DHAVE_CURLINFO_SIZE_UPLOAD=1 -DHAVE_CURLINFO_SIZE_DOWNLOAD=1 -DHAVE_CURLINFO_SPEED_DOWNLOAD=1 -DHAVE_CURLINFO_SPEED_UPLOAD=1 -DHAVE_CURLINFO_HEADER_SIZE=1 -DHAVE_CURLINFO_REQUEST_SIZE=1 -DHAVE_CURLINFO_SSL_VERIFYRESULT=1 -DHAVE_CURLINFO_FILETIME=1 -DHAVE_CURLINFO_CONTENT_LENGTH_DOWNLOAD=1 -DHAVE_CURLINFO_CONTENT_LENGTH_UPLOAD=1 -DHAVE_CURLINFO_STARTTRANSFER_TIME=1 -DHAVE_CURLINFO_CONTENT_TYPE=1 -DHAVE_CURLINFO_REDIRECT_TIME=1 -DHAVE_CURLINFO_REDIRECT_COUNT=1 -DHAVE_CURLINFO_PRIVATE=1 -DHAVE_CURLINFO_HTTP_CONNECTCODE=1 -DHAVE_CURLINFO_HTTPAUTH_AVAIL=1 -DHAVE_CURLINFO_PROXYAUTH_AVAIL=1 -DHAVE_CURLINFO_OS_ERRNO=1 -DHAVE_CURLINFO_NUM_CONNECTS=1 -DHAVE_CURLINFO_SSL_ENGINES=1 -DHAVE_CURLINFO_COOKIELIST=1 -DHAVE_CURLINFO_LASTSOCKET=1 -DHAVE_CURLINFO_FTP_ENTRY_PATH=1 -DHAVE_CURLINFO_REDIRECT_URL=1 -DHAVE_CURLINFO_PRIMARY_IP=1 -DHAVE_CURLINFO_APPCONNECT_TIME=1 -DHAVE_CURLINFO_CERTINFO=1 -DHAVE_CURLINFO_CONDITION_UNMET=1 -DHAVE_CURLOPT_WRITEDATA=1 -DHAVE_CURLOPT_KEYPASSWD=1 -DHAVE_CURLOPT_DIRLISTONLY=1 -DHAVE_CURLOPT_APPEND=1 -DHAVE_CURLOPT_KRBLEVEL=1 -DHAVE_CURLOPT_USE_SSL=1 -DHAVE_CURLOPT_TIMEOUT_MS=1 -DHAVE_CURLOPT_CONNECTTIMEOUT_MS=1 -DHAVE_CURLOPT_HTTP_TRANSFER_DECODING=1 -DHAVE_CURLOPT_HTTP_CONTENT_DECODING=1 -DHAVE_CURLOPT_NEW_FILE_PERMS=1 -DHAVE_CURLOPT_NEW_DIRECTORY_PERMS=1 -DHAVE_CURLOPT_POSTREDIR=1 -DHAVE_CURLOPT_OPENSOCKETFUNCTION=1 -DHAVE_CURLOPT_OPENSOCKETDATA=1 -DHAVE_CURLOPT_COPYPOSTFIELDS=1 -DHAVE_CURLOPT_PROXY_TRANSFER_MODE=1 -DHAVE_CURLOPT_SEEKFUNCTION=1 -DHAVE_CURLOPT_SEEKDATA=1 -DHAVE_CURLOPT_CRLFILE=1 -DHAVE_CURLOPT_ISSUERCERT=1 -DHAVE_CURLOPT_ADDRESS_SCOPE=1 -DHAVE_CURLOPT_CERTINFO=1 -DHAVE_CURLOPT_USERNAME=1 -DHAVE_CURLOPT_PASSWORD=1 -DHAVE_CURLOPT_PROXYUSERNAME=1 -DHAVE_CURLOPT_PROXYPASSWORD=1 -DHAVE_CURLOPT_SSH_HOST_PUBLIC_KEY_MD5=1 -DHAVE_CURLOPT_NOPROXY=1 -DHAVE_CURLOPT_TFTP_BLKSIZE=1 -DHAVE_CURLOPT_SOCKS5_GSSAPI_SERVICE=1 -DHAVE_CURLOPT_SOCKS5_GSSAPI_NEC=1 -DHAVE_CURLOPT_PROTOCOLS=1 -DHAVE_CURLOPT_REDIR_PROTOCOLS=1 -DHAVE_CURLOPT_SSH_AUTH_TYPES=1 -DHAVE_CURLOPT_SSH_PUBLIC_KEYFILE=1 -DHAVE_CURLOPT_SSH_PRIVATE_KEYFILE=1 -DHAVE_CURLOPT_FTP_SSL_CCC=1 -DHAVE_CURLOPT_COOKIELIST=1 -DHAVE_CURLOPT_IGNORE_CONTENT_LENGTH=1 -DHAVE_CURLOPT_FTP_SKIP_PASV_IP=1 -DHAVE_CURLOPT_FTP_FILEMETHOD=1 -DHAVE_CURLOPT_LOCALPORT=1 -DHAVE_CURLOPT_LOCALPORTRANGE=1 -DHAVE_CURLOPT_CONNECT_ONLY=1 -DHAVE_CURLOPT_CONV_FROM_NETWORK_FUNCTION=1 -DHAVE_CURLOPT_CONV_TO_NETWORK_FUNCTION=1 -DHAVE_CURLOPT_CONV_FROM_UTF8_FUNCTION=1 -DHAVE_CURLOPT_MAX_SEND_SPEED_LARGE=1 -DHAVE_CURLOPT_MAX_RECV_SPEED_LARGE=1 -DHAVE_CURLOPT_FTP_ALTERNATIVE_TO_USER=1 -DHAVE_CURLOPT_SOCKOPTFUNCTION=1 -DHAVE_CURLOPT_SOCKOPTDATA=1 -DHAVE_CURLOPT_SSL_SESSIONID_CACHE=1 -I/usr/include/libxml2  -I/usr/local/include    -fpic  -g -O2 -fstack-protector-strong -Wformat -Werror=format-security -Wdate-time -D_FORTIFY_SOURCE=2 -g  -c json.c -o json.o
gcc -std=gnu2x -I"/usr/local/lib/R/include" -DNDEBUG -DCURL_DISABLE_DEPRECATION -DHAVE_LIBIDN_FIELD=1 -DHAVE_CURLOPT_URL=1 -DHAVE_CURLINFO_EFFECTIVE_URL=1 -DHAVE_CURLINFO_RESPONSE_CODE=1 -DHAVE_CURLINFO_TOTAL_TIME=1 -DHAVE_CURLINFO_NAMELOOKUP_TIME=1 -DHAVE_CURLINFO_CONNECT_TIME=1 -DHAVE_CURLINFO_PRETRANSFER_TIME=1 -DHAVE_CURLINFO_SIZE_UPLOAD=1 -DHAVE_CURLINFO_SIZE_DOWNLOAD=1 -DHAVE_CURLINFO_SPEED_DOWNLOAD=1 -DHAVE_CURLINFO_SPEED_UPLOAD=1 -DHAVE_CURLINFO_HEADER_SIZE=1 -DHAVE_CURLINFO_REQUEST_SIZE=1 -DHAVE_CURLINFO_SSL_VERIFYRESULT=1 -DHAVE_CURLINFO_FILETIME=1 -DHAVE_CURLINFO_CONTENT_LENGTH_DOWNLOAD=1 -DHAVE_CURLINFO_CONTENT_LENGTH_UPLOAD=1 -DHAVE_CURLINFO_STARTTRANSFER_TIME=1 -DHAVE_CURLINFO_CONTENT_TYPE=1 -DHAVE_CURLINFO_REDIRECT_TIME=1 -DHAVE_CURLINFO_REDIRECT_COUNT=1 -DHAVE_CURLINFO_PRIVATE=1 -DHAVE_CURLINFO_HTTP_CONNECTCODE=1 -DHAVE_CURLINFO_HTTPAUTH_AVAIL=1 -DHAVE_CURLINFO_PROXYAUTH_AVAIL=1 -DHAVE_CURLINFO_OS_ERRNO=1 -DHAVE_CURLINFO_NUM_CONNECTS=1 -DHAVE_CURLINFO_SSL_ENGINES=1 -DHAVE_CURLINFO_COOKIELIST=1 -DHAVE_CURLINFO_LASTSOCKET=1 -DHAVE_CURLINFO_FTP_ENTRY_PATH=1 -DHAVE_CURLINFO_REDIRECT_URL=1 -DHAVE_CURLINFO_PRIMARY_IP=1 -DHAVE_CURLINFO_APPCONNECT_TIME=1 -DHAVE_CURLINFO_CERTINFO=1 -DHAVE_CURLINFO_CONDITION_UNMET=1 -DHAVE_CURLOPT_WRITEDATA=1 -DHAVE_CURLOPT_KEYPASSWD=1 -DHAVE_CURLOPT_DIRLISTONLY=1 -DHAVE_CURLOPT_APPEND=1 -DHAVE_CURLOPT_KRBLEVEL=1 -DHAVE_CURLOPT_USE_SSL=1 -DHAVE_CURLOPT_TIMEOUT_MS=1 -DHAVE_CURLOPT_CONNECTTIMEOUT_MS=1 -DHAVE_CURLOPT_HTTP_TRANSFER_DECODING=1 -DHAVE_CURLOPT_HTTP_CONTENT_DECODING=1 -DHAVE_CURLOPT_NEW_FILE_PERMS=1 -DHAVE_CURLOPT_NEW_DIRECTORY_PERMS=1 -DHAVE_CURLOPT_POSTREDIR=1 -DHAVE_CURLOPT_OPENSOCKETFUNCTION=1 -DHAVE_CURLOPT_OPENSOCKETDATA=1 -DHAVE_CURLOPT_COPYPOSTFIELDS=1 -DHAVE_CURLOPT_PROXY_TRANSFER_MODE=1 -DHAVE_CURLOPT_SEEKFUNCTION=1 -DHAVE_CURLOPT_SEEKDATA=1 -DHAVE_CURLOPT_CRLFILE=1 -DHAVE_CURLOPT_ISSUERCERT=1 -DHAVE_CURLOPT_ADDRESS_SCOPE=1 -DHAVE_CURLOPT_CERTINFO=1 -DHAVE_CURLOPT_USERNAME=1 -DHAVE_CURLOPT_PASSWORD=1 -DHAVE_CURLOPT_PROXYUSERNAME=1 -DHAVE_CURLOPT_PROXYPASSWORD=1 -DHAVE_CURLOPT_SSH_HOST_PUBLIC_KEY_MD5=1 -DHAVE_CURLOPT_NOPROXY=1 -DHAVE_CURLOPT_TFTP_BLKSIZE=1 -DHAVE_CURLOPT_SOCKS5_GSSAPI_SERVICE=1 -DHAVE_CURLOPT_SOCKS5_GSSAPI_NEC=1 -DHAVE_CURLOPT_PROTOCOLS=1 -DHAVE_CURLOPT_REDIR_PROTOCOLS=1 -DHAVE_CURLOPT_SSH_AUTH_TYPES=1 -DHAVE_CURLOPT_SSH_PUBLIC_KEYFILE=1 -DHAVE_CURLOPT_SSH_PRIVATE_KEYFILE=1 -DHAVE_CURLOPT_FTP_SSL_CCC=1 -DHAVE_CURLOPT_COOKIELIST=1 -DHAVE_CURLOPT_IGNORE_CONTENT_LENGTH=1 -DHAVE_CURLOPT_FTP_SKIP_PASV_IP=1 -DHAVE_CURLOPT_FTP_FILEMETHOD=1 -DHAVE_CURLOPT_LOCALPORT=1 -DHAVE_CURLOPT_LOCALPORTRANGE=1 -DHAVE_CURLOPT_CONNECT_ONLY=1 -DHAVE_CURLOPT_CONV_FROM_NETWORK_FUNCTION=1 -DHAVE_CURLOPT_CONV_TO_NETWORK_FUNCTION=1 -DHAVE_CURLOPT_CONV_FROM_UTF8_FUNCTION=1 -DHAVE_CURLOPT_MAX_SEND_SPEED_LARGE=1 -DHAVE_CURLOPT_MAX_RECV_SPEED_LARGE=1 -DHAVE_CURLOPT_FTP_ALTERNATIVE_TO_USER=1 -DHAVE_CURLOPT_SOCKOPTFUNCTION=1 -DHAVE_CURLOPT_SOCKOPTDATA=1 -DHAVE_CURLOPT_SSL_SESSIONID_CACHE=1 -I/usr/include/libxml2  -I/usr/local/include    -fpic  -g -O2 -fstack-protector-strong -Wformat -Werror=format-security -Wdate-time -D_FORTIFY_SOURCE=2 -g  -c memoryManagement.c -o memoryManagement.o
gcc -std=gnu2x -I"/usr/local/lib/R/include" -DNDEBUG -DCURL_DISABLE_DEPRECATION -DHAVE_LIBIDN_FIELD=1 -DHAVE_CURLOPT_URL=1 -DHAVE_CURLINFO_EFFECTIVE_URL=1 -DHAVE_CURLINFO_RESPONSE_CODE=1 -DHAVE_CURLINFO_TOTAL_TIME=1 -DHAVE_CURLINFO_NAMELOOKUP_TIME=1 -DHAVE_CURLINFO_CONNECT_TIME=1 -DHAVE_CURLINFO_PRETRANSFER_TIME=1 -DHAVE_CURLINFO_SIZE_UPLOAD=1 -DHAVE_CURLINFO_SIZE_DOWNLOAD=1 -DHAVE_CURLINFO_SPEED_DOWNLOAD=1 -DHAVE_CURLINFO_SPEED_UPLOAD=1 -DHAVE_CURLINFO_HEADER_SIZE=1 -DHAVE_CURLINFO_REQUEST_SIZE=1 -DHAVE_CURLINFO_SSL_VERIFYRESULT=1 -DHAVE_CURLINFO_FILETIME=1 -DHAVE_CURLINFO_CONTENT_LENGTH_DOWNLOAD=1 -DHAVE_CURLINFO_CONTENT_LENGTH_UPLOAD=1 -DHAVE_CURLINFO_STARTTRANSFER_TIME=1 -DHAVE_CURLINFO_CONTENT_TYPE=1 -DHAVE_CURLINFO_REDIRECT_TIME=1 -DHAVE_CURLINFO_REDIRECT_COUNT=1 -DHAVE_CURLINFO_PRIVATE=1 -DHAVE_CURLINFO_HTTP_CONNECTCODE=1 -DHAVE_CURLINFO_HTTPAUTH_AVAIL=1 -DHAVE_CURLINFO_PROXYAUTH_AVAIL=1 -DHAVE_CURLINFO_OS_ERRNO=1 -DHAVE_CURLINFO_NUM_CONNECTS=1 -DHAVE_CURLINFO_SSL_ENGINES=1 -DHAVE_CURLINFO_COOKIELIST=1 -DHAVE_CURLINFO_LASTSOCKET=1 -DHAVE_CURLINFO_FTP_ENTRY_PATH=1 -DHAVE_CURLINFO_REDIRECT_URL=1 -DHAVE_CURLINFO_PRIMARY_IP=1 -DHAVE_CURLINFO_APPCONNECT_TIME=1 -DHAVE_CURLINFO_CERTINFO=1 -DHAVE_CURLINFO_CONDITION_UNMET=1 -DHAVE_CURLOPT_WRITEDATA=1 -DHAVE_CURLOPT_KEYPASSWD=1 -DHAVE_CURLOPT_DIRLISTONLY=1 -DHAVE_CURLOPT_APPEND=1 -DHAVE_CURLOPT_KRBLEVEL=1 -DHAVE_CURLOPT_USE_SSL=1 -DHAVE_CURLOPT_TIMEOUT_MS=1 -DHAVE_CURLOPT_CONNECTTIMEOUT_MS=1 -DHAVE_CURLOPT_HTTP_TRANSFER_DECODING=1 -DHAVE_CURLOPT_HTTP_CONTENT_DECODING=1 -DHAVE_CURLOPT_NEW_FILE_PERMS=1 -DHAVE_CURLOPT_NEW_DIRECTORY_PERMS=1 -DHAVE_CURLOPT_POSTREDIR=1 -DHAVE_CURLOPT_OPENSOCKETFUNCTION=1 -DHAVE_CURLOPT_OPENSOCKETDATA=1 -DHAVE_CURLOPT_COPYPOSTFIELDS=1 -DHAVE_CURLOPT_PROXY_TRANSFER_MODE=1 -DHAVE_CURLOPT_SEEKFUNCTION=1 -DHAVE_CURLOPT_SEEKDATA=1 -DHAVE_CURLOPT_CRLFILE=1 -DHAVE_CURLOPT_ISSUERCERT=1 -DHAVE_CURLOPT_ADDRESS_SCOPE=1 -DHAVE_CURLOPT_CERTINFO=1 -DHAVE_CURLOPT_USERNAME=1 -DHAVE_CURLOPT_PASSWORD=1 -DHAVE_CURLOPT_PROXYUSERNAME=1 -DHAVE_CURLOPT_PROXYPASSWORD=1 -DHAVE_CURLOPT_SSH_HOST_PUBLIC_KEY_MD5=1 -DHAVE_CURLOPT_NOPROXY=1 -DHAVE_CURLOPT_TFTP_BLKSIZE=1 -DHAVE_CURLOPT_SOCKS5_GSSAPI_SERVICE=1 -DHAVE_CURLOPT_SOCKS5_GSSAPI_NEC=1 -DHAVE_CURLOPT_PROTOCOLS=1 -DHAVE_CURLOPT_REDIR_PROTOCOLS=1 -DHAVE_CURLOPT_SSH_AUTH_TYPES=1 -DHAVE_CURLOPT_SSH_PUBLIC_KEYFILE=1 -DHAVE_CURLOPT_SSH_PRIVATE_KEYFILE=1 -DHAVE_CURLOPT_FTP_SSL_CCC=1 -DHAVE_CURLOPT_COOKIELIST=1 -DHAVE_CURLOPT_IGNORE_CONTENT_LENGTH=1 -DHAVE_CURLOPT_FTP_SKIP_PASV_IP=1 -DHAVE_CURLOPT_FTP_FILEMETHOD=1 -DHAVE_CURLOPT_LOCALPORT=1 -DHAVE_CURLOPT_LOCALPORTRANGE=1 -DHAVE_CURLOPT_CONNECT_ONLY=1 -DHAVE_CURLOPT_CONV_FROM_NETWORK_FUNCTION=1 -DHAVE_CURLOPT_CONV_TO_NETWORK_FUNCTION=1 -DHAVE_CURLOPT_CONV_FROM_UTF8_FUNCTION=1 -DHAVE_CURLOPT_MAX_SEND_SPEED_LARGE=1 -DHAVE_CURLOPT_MAX_RECV_SPEED_LARGE=1 -DHAVE_CURLOPT_FTP_ALTERNATIVE_TO_USER=1 -DHAVE_CURLOPT_SOCKOPTFUNCTION=1 -DHAVE_CURLOPT_SOCKOPTDATA=1 -DHAVE_CURLOPT_SSL_SESSIONID_CACHE=1 -I/usr/include/libxml2  -I/usr/local/include    -fpic  -g -O2 -fstack-protector-strong -Wformat -Werror=format-security -Wdate-time -D_FORTIFY_SOURCE=2 -g  -c myUTF8.c -o myUTF8.o
gcc -std=gnu2x -shared -L/usr/local/lib/R/lib -L/usr/local/lib -o RCurl.so base64.o curl.o curlInit.o curl_base64.o enums.o json.o memoryManagement.o myUTF8.o -lcurl -lxml2 -L/usr/local/lib/R/lib -lR
installing to /usr/local/lib/R/site-library/00LOCK-RCurl/00new/RCurl/libs
** R
** data
** inst
** byte-compile and prepare package for lazy loading
** help
*** installing help indices
** building package indices
** testing if installed package can be loaded from temporary location
** checking absolute paths in shared objects and dynamic libraries
** testing if installed package can be loaded from final location
** testing if installed package keeps a record of temporary installation path
* creating tarball
packaged installation of ‘RCurl’ as ‘RCurl_1.98-1.17_R_x86_64-pc-linux-gnu.tar.gz’
* DONE (RCurl)
* installing *source* package ‘MatrixGenerics’ ...
** this is package ‘MatrixGenerics’ version ‘1.20.0’
** using staged installation
** R
** inst
** byte-compile and prepare package for lazy loading
Creating a new generic function for ‘rowAlls’ in package ‘MatrixGenerics’
Creating a new generic function for ‘colAlls’ in package ‘MatrixGenerics’
Creating a new generic function for ‘rowAnyNAs’ in package ‘MatrixGenerics’
Creating a new generic function for ‘colAnyNAs’ in package ‘MatrixGenerics’
Creating a new generic function for ‘rowAnys’ in package ‘MatrixGenerics’
Creating a new generic function for ‘colAnys’ in package ‘MatrixGenerics’
Creating a new generic function for ‘rowAvgsPerColSet’ in package ‘MatrixGenerics’
Creating a new generic function for ‘colAvgsPerRowSet’ in package ‘MatrixGenerics’
Creating a new generic function for ‘rowCollapse’ in package ‘MatrixGenerics’
Creating a new generic function for ‘colCollapse’ in package ‘MatrixGenerics’
Creating a new generic function for ‘rowCounts’ in package ‘MatrixGenerics’
Creating a new generic function for ‘colCounts’ in package ‘MatrixGenerics’
Creating a new generic function for ‘rowCummaxs’ in package ‘MatrixGenerics’
Creating a new generic function for ‘colCummaxs’ in package ‘MatrixGenerics’
Creating a new generic function for ‘rowCummins’ in package ‘MatrixGenerics’
Creating a new generic function for ‘colCummins’ in package ‘MatrixGenerics’
Creating a new generic function for ‘rowCumprods’ in package ‘MatrixGenerics’
Creating a new generic function for ‘colCumprods’ in package ‘MatrixGenerics’
Creating a new generic function for ‘rowCumsums’ in package ‘MatrixGenerics’
Creating a new generic function for ‘colCumsums’ in package ‘MatrixGenerics’
Creating a new generic function for ‘rowDiffs’ in package ‘MatrixGenerics’
Creating a new generic function for ‘colDiffs’ in package ‘MatrixGenerics’
Creating a new generic function for ‘rowIQRDiffs’ in package ‘MatrixGenerics’
Creating a new generic function for ‘colIQRDiffs’ in package ‘MatrixGenerics’
Creating a new generic function for ‘rowIQRs’ in package ‘MatrixGenerics’
Creating a new generic function for ‘colIQRs’ in package ‘MatrixGenerics’
Creating a new generic function for ‘rowLogSumExps’ in package ‘MatrixGenerics’
Creating a new generic function for ‘colLogSumExps’ in package ‘MatrixGenerics’
Creating a new generic function for ‘rowMadDiffs’ in package ‘MatrixGenerics’
Creating a new generic function for ‘colMadDiffs’ in package ‘MatrixGenerics’
Creating a new generic function for ‘rowMads’ in package ‘MatrixGenerics’
Creating a new generic function for ‘colMads’ in package ‘MatrixGenerics’
Creating a new generic function for ‘rowMaxs’ in package ‘MatrixGenerics’
Creating a new generic function for ‘colMaxs’ in package ‘MatrixGenerics’
Creating a new generic function for ‘rowMeans2’ in package ‘MatrixGenerics’
Creating a new generic function for ‘colMeans2’ in package ‘MatrixGenerics’
Creating a new generic function for ‘rowMedians’ in package ‘MatrixGenerics’
Creating a new generic function for ‘colMedians’ in package ‘MatrixGenerics’
Creating a new generic function for ‘rowMins’ in package ‘MatrixGenerics’
Creating a new generic function for ‘colMins’ in package ‘MatrixGenerics’
Creating a new generic function for ‘rowOrderStats’ in package ‘MatrixGenerics’
Creating a new generic function for ‘colOrderStats’ in package ‘MatrixGenerics’
Creating a new generic function for ‘rowProds’ in package ‘MatrixGenerics’
Creating a new generic function for ‘colProds’ in package ‘MatrixGenerics’
Creating a new generic function for ‘rowQuantiles’ in package ‘MatrixGenerics’
Creating a new generic function for ‘colQuantiles’ in package ‘MatrixGenerics’
Creating a new generic function for ‘rowRanges’ in package ‘MatrixGenerics’
Creating a new generic function for ‘colRanges’ in package ‘MatrixGenerics’
Creating a new generic function for ‘rowRanks’ in package ‘MatrixGenerics’
Creating a new generic function for ‘colRanks’ in package ‘MatrixGenerics’
Creating a new generic function for ‘rowSdDiffs’ in package ‘MatrixGenerics’
Creating a new generic function for ‘colSdDiffs’ in package ‘MatrixGenerics’
Creating a new generic function for ‘rowSds’ in package ‘MatrixGenerics’
Creating a new generic function for ‘colSds’ in package ‘MatrixGenerics’
Creating a new generic function for ‘rowSums2’ in package ‘MatrixGenerics’
Creating a new generic function for ‘colSums2’ in package ‘MatrixGenerics’
Creating a new generic function for ‘rowTabulates’ in package ‘MatrixGenerics’
Creating a new generic function for ‘colTabulates’ in package ‘MatrixGenerics’
Creating a new generic function for ‘rowVarDiffs’ in package ‘MatrixGenerics’
Creating a new generic function for ‘colVarDiffs’ in package ‘MatrixGenerics’
Creating a new generic function for ‘rowVars’ in package ‘MatrixGenerics’
Creating a new generic function for ‘colVars’ in package ‘MatrixGenerics’
Creating a new generic function for ‘rowWeightedMads’ in package ‘MatrixGenerics’
Creating a new generic function for ‘colWeightedMads’ in package ‘MatrixGenerics’
Creating a new generic function for ‘rowWeightedMeans’ in package ‘MatrixGenerics’
Creating a new generic function for ‘colWeightedMeans’ in package ‘MatrixGenerics’
Creating a new generic function for ‘rowWeightedMedians’ in package ‘MatrixGenerics’
Creating a new generic function for ‘colWeightedMedians’ in package ‘MatrixGenerics’
Creating a new generic function for ‘rowWeightedSds’ in package ‘MatrixGenerics’
Creating a new generic function for ‘colWeightedSds’ in package ‘MatrixGenerics’
Creating a new generic function for ‘rowWeightedVars’ in package ‘MatrixGenerics’
Creating a new generic function for ‘colWeightedVars’ in package ‘MatrixGenerics’
** help
*** installing help indices
** building package indices
** testing if installed package can be loaded from temporary location
** testing if installed package can be loaded from final location
** testing if installed package keeps a record of temporary installation path
* creating tarball
packaged installation of ‘MatrixGenerics’ as ‘MatrixGenerics_1.20.0_R_x86_64-pc-linux-gnu.tar.gz’
* DONE (MatrixGenerics)
* installing *source* package ‘munsell’ ...
** this is package ‘munsell’ version ‘0.5.1’
** package ‘munsell’ successfully unpacked and MD5 sums checked
** using staged installation
** R
** inst
** byte-compile and prepare package for lazy loading
** help
*** installing help indices
*** copying figures
** building package indices
** testing if installed package can be loaded from temporary location
** testing if installed package can be loaded from final location
** testing if installed package keeps a record of temporary installation path
* creating tarball
packaged installation of ‘munsell’ as ‘munsell_0.5.1_R_x86_64-pc-linux-gnu.tar.gz’
* DONE (munsell)
* installing *source* package ‘dplyr’ ...
** this is package ‘dplyr’ version ‘1.1.4’
** package ‘dplyr’ successfully unpacked and MD5 sums checked
** using staged installation
** libs
using C++ compiler: ‘g++ (Ubuntu 13.3.0-6ubuntu2~24.04) 13.3.0’
g++ -std=gnu++17 -I"/usr/local/lib/R/include" -DNDEBUG   -I/usr/local/include    -fpic  -g -O2 -fstack-protector-strong -Wformat -Werror=format-security -Wdate-time -D_FORTIFY_SOURCE=2 -g   -c chop.cpp -o chop.o
g++ -std=gnu++17 -I"/usr/local/lib/R/include" -DNDEBUG   -I/usr/local/include    -fpic  -g -O2 -fstack-protector-strong -Wformat -Werror=format-security -Wdate-time -D_FORTIFY_SOURCE=2 -g   -c filter.cpp -o filter.o
g++ -std=gnu++17 -I"/usr/local/lib/R/include" -DNDEBUG   -I/usr/local/include    -fpic  -g -O2 -fstack-protector-strong -Wformat -Werror=format-security -Wdate-time -D_FORTIFY_SOURCE=2 -g   -c funs.cpp -o funs.o
g++ -std=gnu++17 -I"/usr/local/lib/R/include" -DNDEBUG   -I/usr/local/include    -fpic  -g -O2 -fstack-protector-strong -Wformat -Werror=format-security -Wdate-time -D_FORTIFY_SOURCE=2 -g   -c group_by.cpp -o group_by.o
g++ -std=gnu++17 -I"/usr/local/lib/R/include" -DNDEBUG   -I/usr/local/include    -fpic  -g -O2 -fstack-protector-strong -Wformat -Werror=format-security -Wdate-time -D_FORTIFY_SOURCE=2 -g   -c group_data.cpp -o group_data.o
g++ -std=gnu++17 -I"/usr/local/lib/R/include" -DNDEBUG   -I/usr/local/include    -fpic  -g -O2 -fstack-protector-strong -Wformat -Werror=format-security -Wdate-time -D_FORTIFY_SOURCE=2 -g   -c imports.cpp -o imports.o
g++ -std=gnu++17 -I"/usr/local/lib/R/include" -DNDEBUG   -I/usr/local/include    -fpic  -g -O2 -fstack-protector-strong -Wformat -Werror=format-security -Wdate-time -D_FORTIFY_SOURCE=2 -g   -c init.cpp -o init.o
g++ -std=gnu++17 -I"/usr/local/lib/R/include" -DNDEBUG   -I/usr/local/include    -fpic  -g -O2 -fstack-protector-strong -Wformat -Werror=format-security -Wdate-time -D_FORTIFY_SOURCE=2 -g   -c mask.cpp -o mask.o
g++ -std=gnu++17 -I"/usr/local/lib/R/include" -DNDEBUG   -I/usr/local/include    -fpic  -g -O2 -fstack-protector-strong -Wformat -Werror=format-security -Wdate-time -D_FORTIFY_SOURCE=2 -g   -c mutate.cpp -o mutate.o
g++ -std=gnu++17 -I"/usr/local/lib/R/include" -DNDEBUG   -I/usr/local/include    -fpic  -g -O2 -fstack-protector-strong -Wformat -Werror=format-security -Wdate-time -D_FORTIFY_SOURCE=2 -g   -c reconstruct.cpp -o reconstruct.o
g++ -std=gnu++17 -I"/usr/local/lib/R/include" -DNDEBUG   -I/usr/local/include    -fpic  -g -O2 -fstack-protector-strong -Wformat -Werror=format-security -Wdate-time -D_FORTIFY_SOURCE=2 -g   -c slice.cpp -o slice.o
g++ -std=gnu++17 -I"/usr/local/lib/R/include" -DNDEBUG   -I/usr/local/include    -fpic  -g -O2 -fstack-protector-strong -Wformat -Werror=format-security -Wdate-time -D_FORTIFY_SOURCE=2 -g   -c summarise.cpp -o summarise.o
g++ -std=gnu++17 -shared -L/usr/local/lib/R/lib -L/usr/local/lib -o dplyr.so chop.o filter.o funs.o group_by.o group_data.o imports.o init.o mask.o mutate.o reconstruct.o slice.o summarise.o -L/usr/local/lib/R/lib -lR
installing to /usr/local/lib/R/site-library/00LOCK-dplyr/00new/dplyr/libs
** R
** data
*** moving datasets to lazyload DB
** inst
** byte-compile and prepare package for lazy loading
** help
*** installing help indices
*** copying figures
** building package indices
** installing vignettes
** testing if installed package can be loaded from temporary location
** checking absolute paths in shared objects and dynamic libraries
** testing if installed package can be loaded from final location
** testing if installed package keeps a record of temporary installation path
* creating tarball
packaged installation of ‘dplyr’ as ‘dplyr_1.1.4_R_x86_64-pc-linux-gnu.tar.gz’
* DONE (dplyr)
* installing *source* package ‘reshape2’ ...
** this is package ‘reshape2’ version ‘1.4.4’
** package ‘reshape2’ successfully unpacked and MD5 sums checked
** using staged installation
** libs
using C++ compiler: ‘g++ (Ubuntu 13.3.0-6ubuntu2~24.04) 13.3.0’
g++ -std=gnu++17 -I"/usr/local/lib/R/include" -DNDEBUG  -I'/usr/local/lib/R/site-library/Rcpp/include' -I/usr/local/include    -fpic  -g -O2 -fstack-protector-strong -Wformat -Werror=format-security -Wdate-time -D_FORTIFY_SOURCE=2 -g   -c RcppExports.cpp -o RcppExports.o
g++ -std=gnu++17 -I"/usr/local/lib/R/include" -DNDEBUG  -I'/usr/local/lib/R/site-library/Rcpp/include' -I/usr/local/include    -fpic  -g -O2 -fstack-protector-strong -Wformat -Werror=format-security -Wdate-time -D_FORTIFY_SOURCE=2 -g   -c melt.cpp -o melt.o
g++ -std=gnu++17 -shared -L/usr/local/lib/R/lib -L/usr/local/lib -o reshape2.so RcppExports.o melt.o -L/usr/local/lib/R/lib -lR
installing to /usr/local/lib/R/site-library/00LOCK-reshape2/00new/reshape2/libs
** R
** data
*** moving datasets to lazyload DB
** inst
** byte-compile and prepare package for lazy loading
** help
*** installing help indices
** building package indices
** testing if installed package can be loaded from temporary location
** checking absolute paths in shared objects and dynamic libraries
** testing if installed package can be loaded from final location
** testing if installed package keeps a record of temporary installation path
* creating tarball
packaged installation of ‘reshape2’ as ‘reshape2_1.4.4_R_x86_64-pc-linux-gnu.tar.gz’
* DONE (reshape2)
* installing *source* package ‘BiocGenerics’ ...
** this is package ‘BiocGenerics’ version ‘0.54.0’
** using staged installation
** R
** inst
** byte-compile and prepare package for lazy loading
Creating a new generic function for ‘aperm’ in package ‘BiocGenerics’
Creating a new generic function for ‘append’ in package ‘BiocGenerics’
Creating a new generic function for ‘as.data.frame’ in package ‘BiocGenerics’
Creating a new generic function for ‘cbind’ in package ‘BiocGenerics’
Creating a new generic function for ‘rbind’ in package ‘BiocGenerics’
Creating a new generic function for ‘do.call’ in package ‘BiocGenerics’
Creating a new generic function for ‘duplicated’ in package ‘BiocGenerics’
Creating a new generic function for ‘anyDuplicated’ in package ‘BiocGenerics’
Creating a new generic function for ‘eval’ in package ‘BiocGenerics’
Creating a new generic function for ‘pmax’ in package ‘BiocGenerics’
Creating a new generic function for ‘pmin’ in package ‘BiocGenerics’
Creating a new generic function for ‘pmax.int’ in package ‘BiocGenerics’
Creating a new generic function for ‘pmin.int’ in package ‘BiocGenerics’
Creating a new generic function for ‘Reduce’ in package ‘BiocGenerics’
Creating a new generic function for ‘Filter’ in package ‘BiocGenerics’
Creating a new generic function for ‘Find’ in package ‘BiocGenerics’
Creating a new generic function for ‘Map’ in package ‘BiocGenerics’
Creating a new generic function for ‘Position’ in package ‘BiocGenerics’
Creating a new generic function for ‘get’ in package ‘BiocGenerics’
Creating a new generic function for ‘mget’ in package ‘BiocGenerics’
Creating a new generic function for ‘grep’ in package ‘BiocGenerics’
Creating a new generic function for ‘grepl’ in package ‘BiocGenerics’
Creating a new generic function for ‘is.unsorted’ in package ‘BiocGenerics’
Creating a new generic function for ‘lapply’ in package ‘BiocGenerics’
Creating a new generic function for ‘sapply’ in package ‘BiocGenerics’
Creating a new generic function for ‘mapply’ in package ‘BiocGenerics’
Creating a new generic function for ‘match’ in package ‘BiocGenerics’
Creating a new generic function for ‘order’ in package ‘BiocGenerics’
Creating a new generic function for ‘paste’ in package ‘BiocGenerics’
Creating a new generic function for ‘rank’ in package ‘BiocGenerics’
Creating a new generic function for ‘rownames’ in package ‘BiocGenerics’
Creating a new generic function for ‘colnames’ in package ‘BiocGenerics’
Creating a new generic function for ‘saveRDS’ in package ‘BiocGenerics’
Creating a new generic function for ‘table’ in package ‘BiocGenerics’
Creating a new generic function for ‘tapply’ in package ‘BiocGenerics’
Creating a new generic function for ‘unique’ in package ‘BiocGenerics’
Creating a new generic function for ‘unsplit’ in package ‘BiocGenerics’
Creating a new generic function for ‘which.min’ in package ‘BiocGenerics’
Creating a new generic function for ‘which.max’ in package ‘BiocGenerics’
Creating a new generic function for ‘IQR’ in package ‘BiocGenerics’
Creating a new generic function for ‘mad’ in package ‘BiocGenerics’
Creating a new generic function for ‘var’ in package ‘BiocGenerics’
Creating a new generic function for ‘sd’ in package ‘BiocGenerics’
Creating a new generic function for ‘xtabs’ in package ‘BiocGenerics’
Creating a new generic function for ‘basename’ in package ‘BiocGenerics’
Creating a new generic function for ‘dirname’ in package ‘BiocGenerics’
** help
*** installing help indices
** building package indices
** testing if installed package can be loaded from temporary location
** testing if installed package can be loaded from final location
** testing if installed package keeps a record of temporary installation path
* creating tarball
packaged installation of ‘BiocGenerics’ as ‘BiocGenerics_0.54.0_R_x86_64-pc-linux-gnu.tar.gz’
* DONE (BiocGenerics)
* installing *source* package ‘BiocStyle’ ...
** this is package ‘BiocStyle’ version ‘2.36.0’
** using staged installation
** R
** inst
** byte-compile and prepare package for lazy loading
** help
*** installing help indices
** building package indices
** installing vignettes
** testing if installed package can be loaded from temporary location
** testing if installed package can be loaded from final location
** testing if installed package keeps a record of temporary installation path
* creating tarball
packaged installation of ‘BiocStyle’ as ‘BiocStyle_2.36.0_R_x86_64-pc-linux-gnu.tar.gz’
* DONE (BiocStyle)
* installing *source* package ‘Biobase’ ...
** this is package ‘Biobase’ version ‘2.68.0’
** using staged installation
** libs
using C compiler: ‘gcc (Ubuntu 13.3.0-6ubuntu2~24.04) 13.3.0’
gcc -std=gnu2x -I"/usr/local/lib/R/include" -DNDEBUG   -I/usr/local/include    -fpic  -g -O2 -fstack-protector-strong -Wformat -Werror=format-security -Wdate-time -D_FORTIFY_SOURCE=2 -g  -c Rinit.c -o Rinit.o
gcc -std=gnu2x -I"/usr/local/lib/R/include" -DNDEBUG   -I/usr/local/include    -fpic  -g -O2 -fstack-protector-strong -Wformat -Werror=format-security -Wdate-time -D_FORTIFY_SOURCE=2 -g  -c anyMissing.c -o anyMissing.o
gcc -std=gnu2x -I"/usr/local/lib/R/include" -DNDEBUG   -I/usr/local/include    -fpic  -g -O2 -fstack-protector-strong -Wformat -Werror=format-security -Wdate-time -D_FORTIFY_SOURCE=2 -g  -c envir.c -o envir.o
gcc -std=gnu2x -I"/usr/local/lib/R/include" -DNDEBUG   -I/usr/local/include    -fpic  -g -O2 -fstack-protector-strong -Wformat -Werror=format-security -Wdate-time -D_FORTIFY_SOURCE=2 -g  -c matchpt.c -o matchpt.o
gcc -std=gnu2x -I"/usr/local/lib/R/include" -DNDEBUG   -I/usr/local/include    -fpic  -g -O2 -fstack-protector-strong -Wformat -Werror=format-security -Wdate-time -D_FORTIFY_SOURCE=2 -g  -c rowMedians.c -o rowMedians.o
gcc -std=gnu2x -I"/usr/local/lib/R/include" -DNDEBUG   -I/usr/local/include    -fpic  -g -O2 -fstack-protector-strong -Wformat -Werror=format-security -Wdate-time -D_FORTIFY_SOURCE=2 -g  -c sublist_extract.c -o sublist_extract.o
gcc -std=gnu2x -shared -L/usr/local/lib/R/lib -L/usr/local/lib -o Biobase.so Rinit.o anyMissing.o envir.o matchpt.o rowMedians.o sublist_extract.o -L/usr/local/lib/R/lib -lR
installing to /usr/local/lib/R/site-library/00LOCK-Biobase/00new/Biobase/libs
** R
** data
** inst
** byte-compile and prepare package for lazy loading
** help
*** installing help indices
** building package indices
** installing vignettes
** testing if installed package can be loaded from temporary location
** checking absolute paths in shared objects and dynamic libraries
** testing if installed package can be loaded from final location
** testing if installed package keeps a record of temporary installation path
* creating tarball
packaged installation of ‘Biobase’ as ‘Biobase_2.68.0_R_x86_64-pc-linux-gnu.tar.gz’
* DONE (Biobase)
* installing *source* package ‘S4Vectors’ ...
** this is package ‘S4Vectors’ version ‘0.46.0’
** using staged installation
** libs
using C compiler: ‘gcc (Ubuntu 13.3.0-6ubuntu2~24.04) 13.3.0’
gcc -std=gnu2x -I"/usr/local/lib/R/include" -DNDEBUG   -I/usr/local/include    -fpic  -g -O2 -fstack-protector-strong -Wformat -Werror=format-security -Wdate-time -D_FORTIFY_SOURCE=2 -g  -c AEbufs.c -o AEbufs.o
gcc -std=gnu2x -I"/usr/local/lib/R/include" -DNDEBUG   -I/usr/local/include    -fpic  -g -O2 -fstack-protector-strong -Wformat -Werror=format-security -Wdate-time -D_FORTIFY_SOURCE=2 -g  -c DataFrame_class.c -o DataFrame_class.o
gcc -std=gnu2x -I"/usr/local/lib/R/include" -DNDEBUG   -I/usr/local/include    -fpic  -g -O2 -fstack-protector-strong -Wformat -Werror=format-security -Wdate-time -D_FORTIFY_SOURCE=2 -g  -c Hits_class.c -o Hits_class.o
In file included from /usr/include/string.h:548,
                 from /usr/local/lib/R/include/R_ext/RS.h:34,
                 from /usr/local/lib/R/include/Rdefines.h:38,
                 from ../inst/include/S4Vectors_defines.h:18,
                 from S4Vectors.h:1,
                 from Hits_class.c:4:
In function ‘memcpy’,
    inlined from ‘tsort_hits’ at Hits_class.c:113:3:
/usr/include/x86_64-linux-gnu/bits/string_fortified.h:29:10: warning: ‘__builtin_memcpy’ specified bound between 18446744065119617024 and 18446744073709551612 exceeds maximum object size 9223372036854775807 [-Wstringop-overflow=]
   29 |   return __builtin___memcpy_chk (__dest, __src, __len,
      |          ^~~~~~~~~~~~~~~~~~~~~~~~~~~~~~~~~~~~~~~~~~~~~
   30 |                                  __glibc_objsize0 (__dest));
      |                                  ~~~~~~~~~~~~~~~~~~~~~~~~~~
gcc -std=gnu2x -I"/usr/local/lib/R/include" -DNDEBUG   -I/usr/local/include    -fpic  -g -O2 -fstack-protector-strong -Wformat -Werror=format-security -Wdate-time -D_FORTIFY_SOURCE=2 -g  -c LLint_class.c -o LLint_class.o
gcc -std=gnu2x -I"/usr/local/lib/R/include" -DNDEBUG   -I/usr/local/include    -fpic  -g -O2 -fstack-protector-strong -Wformat -Werror=format-security -Wdate-time -D_FORTIFY_SOURCE=2 -g  -c List_class.c -o List_class.o
gcc -std=gnu2x -I"/usr/local/lib/R/include" -DNDEBUG   -I/usr/local/include    -fpic  -g -O2 -fstack-protector-strong -Wformat -Werror=format-security -Wdate-time -D_FORTIFY_SOURCE=2 -g  -c R_init_S4Vectors.c -o R_init_S4Vectors.o
gcc -std=gnu2x -I"/usr/local/lib/R/include" -DNDEBUG   -I/usr/local/include    -fpic  -g -O2 -fstack-protector-strong -Wformat -Werror=format-security -Wdate-time -D_FORTIFY_SOURCE=2 -g  -c Rle_class.c -o Rle_class.o
gcc -std=gnu2x -I"/usr/local/lib/R/include" -DNDEBUG   -I/usr/local/include    -fpic  -g -O2 -fstack-protector-strong -Wformat -Werror=format-security -Wdate-time -D_FORTIFY_SOURCE=2 -g  -c Rle_utils.c -o Rle_utils.o
gcc -std=gnu2x -I"/usr/local/lib/R/include" -DNDEBUG   -I/usr/local/include    -fpic  -g -O2 -fstack-protector-strong -Wformat -Werror=format-security -Wdate-time -D_FORTIFY_SOURCE=2 -g  -c SEXP_utils.c -o SEXP_utils.o
gcc -std=gnu2x -I"/usr/local/lib/R/include" -DNDEBUG   -I/usr/local/include    -fpic  -g -O2 -fstack-protector-strong -Wformat -Werror=format-security -Wdate-time -D_FORTIFY_SOURCE=2 -g  -c SimpleList_class.c -o SimpleList_class.o
gcc -std=gnu2x -I"/usr/local/lib/R/include" -DNDEBUG   -I/usr/local/include    -fpic  -g -O2 -fstack-protector-strong -Wformat -Werror=format-security -Wdate-time -D_FORTIFY_SOURCE=2 -g  -c anyMissing.c -o anyMissing.o
gcc -std=gnu2x -I"/usr/local/lib/R/include" -DNDEBUG   -I/usr/local/include    -fpic  -g -O2 -fstack-protector-strong -Wformat -Werror=format-security -Wdate-time -D_FORTIFY_SOURCE=2 -g  -c character_utils.c -o character_utils.o
gcc -std=gnu2x -I"/usr/local/lib/R/include" -DNDEBUG   -I/usr/local/include    -fpic  -g -O2 -fstack-protector-strong -Wformat -Werror=format-security -Wdate-time -D_FORTIFY_SOURCE=2 -g  -c eval_utils.c -o eval_utils.o
gcc -std=gnu2x -I"/usr/local/lib/R/include" -DNDEBUG   -I/usr/local/include    -fpic  -g -O2 -fstack-protector-strong -Wformat -Werror=format-security -Wdate-time -D_FORTIFY_SOURCE=2 -g  -c hash_utils.c -o hash_utils.o
gcc -std=gnu2x -I"/usr/local/lib/R/include" -DNDEBUG   -I/usr/local/include    -fpic  -g -O2 -fstack-protector-strong -Wformat -Werror=format-security -Wdate-time -D_FORTIFY_SOURCE=2 -g  -c integer_utils.c -o integer_utils.o
gcc -std=gnu2x -I"/usr/local/lib/R/include" -DNDEBUG   -I/usr/local/include    -fpic  -g -O2 -fstack-protector-strong -Wformat -Werror=format-security -Wdate-time -D_FORTIFY_SOURCE=2 -g  -c logical_utils.c -o logical_utils.o
gcc -std=gnu2x -I"/usr/local/lib/R/include" -DNDEBUG   -I/usr/local/include    -fpic  -g -O2 -fstack-protector-strong -Wformat -Werror=format-security -Wdate-time -D_FORTIFY_SOURCE=2 -g  -c map_ranges_to_runs.c -o map_ranges_to_runs.o
gcc -std=gnu2x -I"/usr/local/lib/R/include" -DNDEBUG   -I/usr/local/include    -fpic  -g -O2 -fstack-protector-strong -Wformat -Werror=format-security -Wdate-time -D_FORTIFY_SOURCE=2 -g  -c raw_utils.c -o raw_utils.o
gcc -std=gnu2x -I"/usr/local/lib/R/include" -DNDEBUG   -I/usr/local/include    -fpic  -g -O2 -fstack-protector-strong -Wformat -Werror=format-security -Wdate-time -D_FORTIFY_SOURCE=2 -g  -c safe_arithm.c -o safe_arithm.o
gcc -std=gnu2x -I"/usr/local/lib/R/include" -DNDEBUG   -I/usr/local/include    -fpic  -g -O2 -fstack-protector-strong -Wformat -Werror=format-security -Wdate-time -D_FORTIFY_SOURCE=2 -g  -c sort_utils.c -o sort_utils.o
gcc -std=gnu2x -I"/usr/local/lib/R/include" -DNDEBUG   -I/usr/local/include    -fpic  -g -O2 -fstack-protector-strong -Wformat -Werror=format-security -Wdate-time -D_FORTIFY_SOURCE=2 -g  -c subsetting_utils.c -o subsetting_utils.o
gcc -std=gnu2x -I"/usr/local/lib/R/include" -DNDEBUG   -I/usr/local/include    -fpic  -g -O2 -fstack-protector-strong -Wformat -Werror=format-security -Wdate-time -D_FORTIFY_SOURCE=2 -g  -c vector_utils.c -o vector_utils.o
gcc -std=gnu2x -shared -L/usr/local/lib/R/lib -L/usr/local/lib -o S4Vectors.so AEbufs.o DataFrame_class.o Hits_class.o LLint_class.o List_class.o R_init_S4Vectors.o Rle_class.o Rle_utils.o SEXP_utils.o SimpleList_class.o anyMissing.o character_utils.o eval_utils.o hash_utils.o integer_utils.o logical_utils.o map_ranges_to_runs.o raw_utils.o safe_arithm.o sort_utils.o subsetting_utils.o vector_utils.o -L/usr/local/lib/R/lib -lR
installing to /usr/local/lib/R/site-library/00LOCK-S4Vectors/00new/S4Vectors/libs
** R
** inst
** byte-compile and prepare package for lazy loading
in method for ‘normalizeSingleBracketReplacementValue’ with signature ‘"List"’: no definition for class “List”
Creating a new generic function for ‘unname’ in package ‘S4Vectors’
Creating a new generic function for ‘expand.grid’ in package ‘S4Vectors’
Creating a new generic function for ‘findMatches’ in package ‘S4Vectors’
in method for ‘coerce’ with signature ‘"Hits","DFrame"’: no definition for class “DFrame”
Creating a generic function for ‘as.factor’ from package ‘base’ in package ‘S4Vectors’
Creating a generic function for ‘tabulate’ from package ‘base’ in package ‘S4Vectors’
Creating a generic function for ‘cov’ from package ‘stats’ in package ‘S4Vectors’
Creating a generic function for ‘cor’ from package ‘stats’ in package ‘S4Vectors’
Creating a generic function for ‘smoothEnds’ from package ‘stats’ in package ‘S4Vectors’
Creating a generic function for ‘runmed’ from package ‘stats’ in package ‘S4Vectors’
Creating a generic function for ‘nchar’ from package ‘base’ in package ‘S4Vectors’
Creating a generic function for ‘substr’ from package ‘base’ in package ‘S4Vectors’
Creating a generic function for ‘substring’ from package ‘base’ in package ‘S4Vectors’
Creating a generic function for ‘chartr’ from package ‘base’ in package ‘S4Vectors’
Creating a generic function for ‘tolower’ from package ‘base’ in package ‘S4Vectors’
Creating a generic function for ‘toupper’ from package ‘base’ in package ‘S4Vectors’
Creating a generic function for ‘sub’ from package ‘base’ in package ‘S4Vectors’
Creating a generic function for ‘gsub’ from package ‘base’ in package ‘S4Vectors’
Creating a generic function for ‘nlevels’ from package ‘base’ in package ‘S4Vectors’
in method for ‘coerce’ with signature ‘"data.table","DFrame"’: no definition for class “data.table”
Creating a generic function for ‘complete.cases’ from package ‘stats’ in package ‘S4Vectors’
** help
*** installing help indices
** building package indices
** installing vignettes
** testing if installed package can be loaded from temporary location
** checking absolute paths in shared objects and dynamic libraries
** testing if installed package can be loaded from final location
** testing if installed package keeps a record of temporary installation path
* creating tarball
packaged installation of ‘S4Vectors’ as ‘S4Vectors_0.46.0_R_x86_64-pc-linux-gnu.tar.gz’
* DONE (S4Vectors)
* installing *source* package ‘futile.logger’ ...
** this is package ‘futile.logger’ version ‘1.4.3’
** package ‘futile.logger’ successfully unpacked and MD5 sums checked
** using staged installation
** R
** byte-compile and prepare package for lazy loading
** help
*** installing help indices
** building package indices
** testing if installed package can be loaded from temporary location
** testing if installed package can be loaded from final location
** testing if installed package keeps a record of temporary installation path
* creating tarball
packaged installation of ‘futile.logger’ as ‘futile.logger_1.4.3_R_x86_64-pc-linux-gnu.tar.gz’
* DONE (futile.logger)
* installing *source* package ‘scales’ ...
** this is package ‘scales’ version ‘1.3.0’
** package ‘scales’ successfully unpacked and MD5 sums checked
** using staged installation
** R
** byte-compile and prepare package for lazy loading
** help
*** installing help indices
*** copying figures
** building package indices
** testing if installed package can be loaded from temporary location
** testing if installed package can be loaded from final location
** testing if installed package keeps a record of temporary installation path
* creating tarball
packaged installation of ‘scales’ as ‘scales_1.3.0_R_x86_64-pc-linux-gnu.tar.gz’
* DONE (scales)
* installing *source* package ‘BiocIO’ ...
** this is package ‘BiocIO’ version ‘1.18.0’
** using staged installation
** R
** inst
** byte-compile and prepare package for lazy loading
** help
*** installing help indices
** building package indices
** installing vignettes
** testing if installed package can be loaded from temporary location
** testing if installed package can be loaded from final location
** testing if installed package keeps a record of temporary installation path
* creating tarball
packaged installation of ‘BiocIO’ as ‘BiocIO_1.18.0_R_x86_64-pc-linux-gnu.tar.gz’
* DONE (BiocIO)
* installing *source* package ‘restfulr’ ...
** this is package ‘restfulr’ version ‘0.0.15’
** package ‘restfulr’ successfully unpacked and MD5 sums checked
** using staged installation
** libs
using C compiler: ‘gcc (Ubuntu 13.3.0-6ubuntu2~24.04) 13.3.0’
gcc -std=gnu2x -I"/usr/local/lib/R/include" -DNDEBUG   -I/usr/local/include    -fpic  -g -O2 -fstack-protector-strong -Wformat -Werror=format-security -Wdate-time -D_FORTIFY_SOURCE=2 -g  -c init.c -o init.o
gcc -std=gnu2x -I"/usr/local/lib/R/include" -DNDEBUG   -I/usr/local/include    -fpic  -g -O2 -fstack-protector-strong -Wformat -Werror=format-security -Wdate-time -D_FORTIFY_SOURCE=2 -g  -c raggedListToDF.c -o raggedListToDF.o
gcc -std=gnu2x -shared -L/usr/local/lib/R/lib -L/usr/local/lib -o restfulr.so init.o raggedListToDF.o -L/usr/local/lib/R/lib -lR
installing to /usr/local/lib/R/site-library/00LOCK-restfulr/00new/restfulr/libs
** R
** inst
** byte-compile and prepare package for lazy loading
Creating a new generic function for ‘assign’ in package ‘restfulr’
** help
*** installing help indices
** building package indices
** testing if installed package can be loaded from temporary location
** checking absolute paths in shared objects and dynamic libraries
** testing if installed package can be loaded from final location
** testing if installed package keeps a record of temporary installation path
* creating tarball
packaged installation of ‘restfulr’ as ‘restfulr_0.0.15_R_x86_64-pc-linux-gnu.tar.gz’
* DONE (restfulr)
* installing *source* package ‘UCSC.utils’ ...
** this is package ‘UCSC.utils’ version ‘1.4.0’
** using staged installation
** R
** inst
** byte-compile and prepare package for lazy loading
** help
*** installing help indices
** building package indices
** installing vignettes
** testing if installed package can be loaded from temporary location
** testing if installed package can be loaded from final location
** testing if installed package keeps a record of temporary installation path
* creating tarball
packaged installation of ‘UCSC.utils’ as ‘UCSC.utils_1.4.0_R_x86_64-pc-linux-gnu.tar.gz’
* DONE (UCSC.utils)
* installing *source* package ‘BiocParallel’ ...
** this is package ‘BiocParallel’ version ‘1.42.0’
** using staged installation
checking whether the C++ compiler works... yes
checking for C++ compiler default output file name... a.out
checking for suffix of executables... 
checking whether we are cross compiling... no
checking for suffix of object files... o
checking whether the compiler supports GNU C++... yes
checking whether g++ -std=gnu++17 accepts -g... yes
checking for g++ -std=gnu++17 option to enable C++11 features... none needed
checking for library containing shm_open... none required
checking for stdio.h... yes
checking for stdlib.h... yes
checking for string.h... yes
checking for inttypes.h... yes
checking for stdint.h... yes
checking for strings.h... yes
checking for sys/stat.h... yes
checking for sys/types.h... yes
checking for unistd.h... yes
checking for sys/mman.h... yes
configure: creating ./config.status
config.status: creating src/Makevars
** libs
using C++ compiler: ‘g++ (Ubuntu 13.3.0-6ubuntu2~24.04) 13.3.0’
using C++11
g++ -std=gnu++11 -I"/usr/local/lib/R/include" -DNDEBUG -I"./" -I'/usr/local/lib/R/site-library/BH/include' -I'/usr/local/lib/R/site-library/cpp11/include' -I/usr/local/include    -fpic  -g -O2 -fstack-protector-strong -Wformat -Werror=format-security -Wdate-time -D_FORTIFY_SOURCE=2 -g   -c cpp11.cpp -o cpp11.o
g++ -std=gnu++11 -I"/usr/local/lib/R/include" -DNDEBUG -I"./" -I'/usr/local/lib/R/site-library/BH/include' -I'/usr/local/lib/R/site-library/cpp11/include' -I/usr/local/include    -fpic  -g -O2 -fstack-protector-strong -Wformat -Werror=format-security -Wdate-time -D_FORTIFY_SOURCE=2 -g   -c ipcmutex.cpp -o ipcmutex.o
g++ -std=gnu++11 -shared -L/usr/local/lib/R/lib -L/usr/local/lib -o BiocParallel.so cpp11.o ipcmutex.o -L/usr/local/lib/R/lib -lR
installing to /usr/local/lib/R/site-library/00LOCK-BiocParallel/00new/BiocParallel/libs
** R
** inst
** byte-compile and prepare package for lazy loading
** help
*** installing help indices
** building package indices
** installing vignettes
** testing if installed package can be loaded from temporary location
** checking absolute paths in shared objects and dynamic libraries
** testing if installed package can be loaded from final location
** testing if installed package keeps a record of temporary installation path
* creating tarball
packaged installation of ‘BiocParallel’ as ‘BiocParallel_1.42.0_R_x86_64-pc-linux-gnu.tar.gz’
* DONE (BiocParallel)
* installing *source* package ‘IRanges’ ...
** this is package ‘IRanges’ version ‘2.42.0’
** using staged installation
** libs
using C compiler: ‘gcc (Ubuntu 13.3.0-6ubuntu2~24.04) 13.3.0’
gcc -std=gnu2x -I"/usr/local/lib/R/include" -DNDEBUG  -I'/usr/local/lib/R/site-library/S4Vectors/include' -I/usr/local/include    -fpic  -g -O2 -fstack-protector-strong -Wformat -Werror=format-security -Wdate-time -D_FORTIFY_SOURCE=2 -g  -c CompressedAtomicList_utils.c -o CompressedAtomicList_utils.o
gcc -std=gnu2x -I"/usr/local/lib/R/include" -DNDEBUG  -I'/usr/local/lib/R/site-library/S4Vectors/include' -I/usr/local/include    -fpic  -g -O2 -fstack-protector-strong -Wformat -Werror=format-security -Wdate-time -D_FORTIFY_SOURCE=2 -g  -c CompressedIRangesList_class.c -o CompressedIRangesList_class.o
gcc -std=gnu2x -I"/usr/local/lib/R/include" -DNDEBUG  -I'/usr/local/lib/R/site-library/S4Vectors/include' -I/usr/local/include    -fpic  -g -O2 -fstack-protector-strong -Wformat -Werror=format-security -Wdate-time -D_FORTIFY_SOURCE=2 -g  -c CompressedList_class.c -o CompressedList_class.o
gcc -std=gnu2x -I"/usr/local/lib/R/include" -DNDEBUG  -I'/usr/local/lib/R/site-library/S4Vectors/include' -I/usr/local/include    -fpic  -g -O2 -fstack-protector-strong -Wformat -Werror=format-security -Wdate-time -D_FORTIFY_SOURCE=2 -g  -c Grouping_class.c -o Grouping_class.o
gcc -std=gnu2x -I"/usr/local/lib/R/include" -DNDEBUG  -I'/usr/local/lib/R/site-library/S4Vectors/include' -I/usr/local/include    -fpic  -g -O2 -fstack-protector-strong -Wformat -Werror=format-security -Wdate-time -D_FORTIFY_SOURCE=2 -g  -c IPosRanges_comparison.c -o IPosRanges_comparison.o
gcc -std=gnu2x -I"/usr/local/lib/R/include" -DNDEBUG  -I'/usr/local/lib/R/site-library/S4Vectors/include' -I/usr/local/include    -fpic  -g -O2 -fstack-protector-strong -Wformat -Werror=format-security -Wdate-time -D_FORTIFY_SOURCE=2 -g  -c IRanges_class.c -o IRanges_class.o
gcc -std=gnu2x -I"/usr/local/lib/R/include" -DNDEBUG  -I'/usr/local/lib/R/site-library/S4Vectors/include' -I/usr/local/include    -fpic  -g -O2 -fstack-protector-strong -Wformat -Werror=format-security -Wdate-time -D_FORTIFY_SOURCE=2 -g  -c IRanges_constructor.c -o IRanges_constructor.o
gcc -std=gnu2x -I"/usr/local/lib/R/include" -DNDEBUG  -I'/usr/local/lib/R/site-library/S4Vectors/include' -I/usr/local/include    -fpic  -g -O2 -fstack-protector-strong -Wformat -Werror=format-security -Wdate-time -D_FORTIFY_SOURCE=2 -g  -c NCList.c -o NCList.o
gcc -std=gnu2x -I"/usr/local/lib/R/include" -DNDEBUG  -I'/usr/local/lib/R/site-library/S4Vectors/include' -I/usr/local/include    -fpic  -g -O2 -fstack-protector-strong -Wformat -Werror=format-security -Wdate-time -D_FORTIFY_SOURCE=2 -g  -c R_init_IRanges.c -o R_init_IRanges.o
gcc -std=gnu2x -I"/usr/local/lib/R/include" -DNDEBUG  -I'/usr/local/lib/R/site-library/S4Vectors/include' -I/usr/local/include    -fpic  -g -O2 -fstack-protector-strong -Wformat -Werror=format-security -Wdate-time -D_FORTIFY_SOURCE=2 -g  -c Ranges_class.c -o Ranges_class.o
gcc -std=gnu2x -I"/usr/local/lib/R/include" -DNDEBUG  -I'/usr/local/lib/R/site-library/S4Vectors/include' -I/usr/local/include    -fpic  -g -O2 -fstack-protector-strong -Wformat -Werror=format-security -Wdate-time -D_FORTIFY_SOURCE=2 -g  -c RleViews_utils.c -o RleViews_utils.o
gcc -std=gnu2x -I"/usr/local/lib/R/include" -DNDEBUG  -I'/usr/local/lib/R/site-library/S4Vectors/include' -I/usr/local/include    -fpic  -g -O2 -fstack-protector-strong -Wformat -Werror=format-security -Wdate-time -D_FORTIFY_SOURCE=2 -g  -c S4Vectors_stubs.c -o S4Vectors_stubs.o
gcc -std=gnu2x -I"/usr/local/lib/R/include" -DNDEBUG  -I'/usr/local/lib/R/site-library/S4Vectors/include' -I/usr/local/include    -fpic  -g -O2 -fstack-protector-strong -Wformat -Werror=format-security -Wdate-time -D_FORTIFY_SOURCE=2 -g  -c SimpleIRangesList_class.c -o SimpleIRangesList_class.o
gcc -std=gnu2x -I"/usr/local/lib/R/include" -DNDEBUG  -I'/usr/local/lib/R/site-library/S4Vectors/include' -I/usr/local/include    -fpic  -g -O2 -fstack-protector-strong -Wformat -Werror=format-security -Wdate-time -D_FORTIFY_SOURCE=2 -g  -c coverage_methods.c -o coverage_methods.o
gcc -std=gnu2x -I"/usr/local/lib/R/include" -DNDEBUG  -I'/usr/local/lib/R/site-library/S4Vectors/include' -I/usr/local/include    -fpic  -g -O2 -fstack-protector-strong -Wformat -Werror=format-security -Wdate-time -D_FORTIFY_SOURCE=2 -g  -c extractListFragments.c -o extractListFragments.o
gcc -std=gnu2x -I"/usr/local/lib/R/include" -DNDEBUG  -I'/usr/local/lib/R/site-library/S4Vectors/include' -I/usr/local/include    -fpic  -g -O2 -fstack-protector-strong -Wformat -Werror=format-security -Wdate-time -D_FORTIFY_SOURCE=2 -g  -c inter_range_methods.c -o inter_range_methods.o
gcc -std=gnu2x -shared -L/usr/local/lib/R/lib -L/usr/local/lib -o IRanges.so CompressedAtomicList_utils.o CompressedIRangesList_class.o CompressedList_class.o Grouping_class.o IPosRanges_comparison.o IRanges_class.o IRanges_constructor.o NCList.o R_init_IRanges.o Ranges_class.o RleViews_utils.o S4Vectors_stubs.o SimpleIRangesList_class.o coverage_methods.o extractListFragments.o inter_range_methods.o -L/usr/local/lib/R/lib -lR
installing to /usr/local/lib/R/site-library/00LOCK-IRanges/00new/IRanges/libs
** R
** inst
** byte-compile and prepare package for lazy loading
Creating a generic function for ‘drop’ from package ‘base’ in package ‘IRanges’
Creating a generic function for ‘runmed’ from package ‘stats’ in package ‘IRanges’
Creating a generic function for ‘chartr’ from package ‘base’ in package ‘IRanges’
Creating a generic function for ‘toupper’ from package ‘base’ in package ‘IRanges’
Creating a generic function for ‘tolower’ from package ‘base’ in package ‘IRanges’
Creating a generic function for ‘sub’ from package ‘base’ in package ‘IRanges’
Creating a generic function for ‘gsub’ from package ‘base’ in package ‘IRanges’
Creating a generic function for ‘startsWith’ from package ‘base’ in package ‘IRanges’
Creating a generic function for ‘endsWith’ from package ‘base’ in package ‘IRanges’
Creating a generic function for ‘smoothEnds’ from package ‘stats’ in package ‘IRanges’
** help
*** installing help indices
** building package indices
** installing vignettes
** testing if installed package can be loaded from temporary location
** checking absolute paths in shared objects and dynamic libraries
** testing if installed package can be loaded from final location
** testing if installed package keeps a record of temporary installation path
* creating tarball
packaged installation of ‘IRanges’ as ‘IRanges_2.42.0_R_x86_64-pc-linux-gnu.tar.gz’
* DONE (IRanges)
* installing *source* package ‘ggplot2’ ...
** this is package ‘ggplot2’ version ‘3.5.2’
** package ‘ggplot2’ successfully unpacked and MD5 sums checked
** using staged installation
** R
** data
*** moving datasets to lazyload DB
** inst
** byte-compile and prepare package for lazy loading
** help
*** installing help indices
*** copying figures
** building package indices
** installing vignettes
** testing if installed package can be loaded from temporary location
** testing if installed package can be loaded from final location
** testing if installed package keeps a record of temporary installation path
* creating tarball
packaged installation of ‘ggplot2’ as ‘ggplot2_3.5.2_R_x86_64-pc-linux-gnu.tar.gz’
* DONE (ggplot2)
* installing *source* package ‘S4Arrays’ ...
** this is package ‘S4Arrays’ version ‘1.8.0’
** using staged installation
** libs
using C compiler: ‘gcc (Ubuntu 13.3.0-6ubuntu2~24.04) 13.3.0’
gcc -std=gnu2x -I"/usr/local/lib/R/include" -DNDEBUG  -I'/usr/local/lib/R/site-library/S4Vectors/include' -I/usr/local/include    -fpic  -g -O2 -fstack-protector-strong -Wformat -Werror=format-security -Wdate-time -D_FORTIFY_SOURCE=2 -g  -c R_init_S4Arrays.c -o R_init_S4Arrays.o
gcc -std=gnu2x -I"/usr/local/lib/R/include" -DNDEBUG  -I'/usr/local/lib/R/site-library/S4Vectors/include' -I/usr/local/include    -fpic  -g -O2 -fstack-protector-strong -Wformat -Werror=format-security -Wdate-time -D_FORTIFY_SOURCE=2 -g  -c S4Vectors_stubs.c -o S4Vectors_stubs.o
gcc -std=gnu2x -I"/usr/local/lib/R/include" -DNDEBUG  -I'/usr/local/lib/R/site-library/S4Vectors/include' -I/usr/local/include    -fpic  -g -O2 -fstack-protector-strong -Wformat -Werror=format-security -Wdate-time -D_FORTIFY_SOURCE=2 -g  -c abind.c -o abind.o
gcc -std=gnu2x -I"/usr/local/lib/R/include" -DNDEBUG  -I'/usr/local/lib/R/site-library/S4Vectors/include' -I/usr/local/include    -fpic  -g -O2 -fstack-protector-strong -Wformat -Werror=format-security -Wdate-time -D_FORTIFY_SOURCE=2 -g  -c array_selection.c -o array_selection.o
gcc -std=gnu2x -I"/usr/local/lib/R/include" -DNDEBUG  -I'/usr/local/lib/R/site-library/S4Vectors/include' -I/usr/local/include    -fpic  -g -O2 -fstack-protector-strong -Wformat -Werror=format-security -Wdate-time -D_FORTIFY_SOURCE=2 -g  -c dim_tuning_utils.c -o dim_tuning_utils.o
gcc -std=gnu2x -I"/usr/local/lib/R/include" -DNDEBUG  -I'/usr/local/lib/R/site-library/S4Vectors/include' -I/usr/local/include    -fpic  -g -O2 -fstack-protector-strong -Wformat -Werror=format-security -Wdate-time -D_FORTIFY_SOURCE=2 -g  -c rowsum.c -o rowsum.o
gcc -std=gnu2x -shared -L/usr/local/lib/R/lib -L/usr/local/lib -o S4Arrays.so R_init_S4Arrays.o S4Vectors_stubs.o abind.o array_selection.o dim_tuning_utils.o rowsum.o -L/usr/local/lib/R/lib -lR
installing to /usr/local/lib/R/site-library/00LOCK-S4Arrays/00new/S4Arrays/libs
** R
** inst
** byte-compile and prepare package for lazy loading
Creating a new generic function for ‘rowsum’ in package ‘S4Arrays’
Creating a new generic function for ‘abind’ in package ‘S4Arrays’
** help
*** installing help indices
** building package indices
** installing vignettes
** testing if installed package can be loaded from temporary location
** checking absolute paths in shared objects and dynamic libraries
** testing if installed package can be loaded from final location
** testing if installed package keeps a record of temporary installation path
* creating tarball
packaged installation of ‘S4Arrays’ as ‘S4Arrays_1.8.0_R_x86_64-pc-linux-gnu.tar.gz’
* DONE (S4Arrays)
* installing *source* package ‘XVector’ ...
** this is package ‘XVector’ version ‘0.48.0’
** using staged installation
** libs
using C compiler: ‘gcc (Ubuntu 13.3.0-6ubuntu2~24.04) 13.3.0’
gcc -std=gnu2x -I"/usr/local/lib/R/include" -DNDEBUG  -I'/usr/local/lib/R/site-library/S4Vectors/include' -I'/usr/local/lib/R/site-library/IRanges/include' -I/usr/local/include    -fpic  -g -O2 -fstack-protector-strong -Wformat -Werror=format-security -Wdate-time -D_FORTIFY_SOURCE=2 -g  -c IRanges_stubs.c -o IRanges_stubs.o
gcc -std=gnu2x -I"/usr/local/lib/R/include" -DNDEBUG  -I'/usr/local/lib/R/site-library/S4Vectors/include' -I'/usr/local/lib/R/site-library/IRanges/include' -I/usr/local/include    -fpic  -g -O2 -fstack-protector-strong -Wformat -Werror=format-security -Wdate-time -D_FORTIFY_SOURCE=2 -g  -c Ocopy_byteblocks.c -o Ocopy_byteblocks.o
gcc -std=gnu2x -I"/usr/local/lib/R/include" -DNDEBUG  -I'/usr/local/lib/R/site-library/S4Vectors/include' -I'/usr/local/lib/R/site-library/IRanges/include' -I/usr/local/include    -fpic  -g -O2 -fstack-protector-strong -Wformat -Werror=format-security -Wdate-time -D_FORTIFY_SOURCE=2 -g  -c RDS_random_access.c -o RDS_random_access.o
gcc -std=gnu2x -I"/usr/local/lib/R/include" -DNDEBUG  -I'/usr/local/lib/R/site-library/S4Vectors/include' -I'/usr/local/lib/R/site-library/IRanges/include' -I/usr/local/include    -fpic  -g -O2 -fstack-protector-strong -Wformat -Werror=format-security -Wdate-time -D_FORTIFY_SOURCE=2 -g  -c R_init_XVector.c -o R_init_XVector.o
gcc -std=gnu2x -I"/usr/local/lib/R/include" -DNDEBUG  -I'/usr/local/lib/R/site-library/S4Vectors/include' -I'/usr/local/lib/R/site-library/IRanges/include' -I/usr/local/include    -fpic  -g -O2 -fstack-protector-strong -Wformat -Werror=format-security -Wdate-time -D_FORTIFY_SOURCE=2 -g  -c S4Vectors_stubs.c -o S4Vectors_stubs.o
gcc -std=gnu2x -I"/usr/local/lib/R/include" -DNDEBUG  -I'/usr/local/lib/R/site-library/S4Vectors/include' -I'/usr/local/lib/R/site-library/IRanges/include' -I/usr/local/include    -fpic  -g -O2 -fstack-protector-strong -Wformat -Werror=format-security -Wdate-time -D_FORTIFY_SOURCE=2 -g  -c SharedDouble_class.c -o SharedDouble_class.o
gcc -std=gnu2x -I"/usr/local/lib/R/include" -DNDEBUG  -I'/usr/local/lib/R/site-library/S4Vectors/include' -I'/usr/local/lib/R/site-library/IRanges/include' -I/usr/local/include    -fpic  -g -O2 -fstack-protector-strong -Wformat -Werror=format-security -Wdate-time -D_FORTIFY_SOURCE=2 -g  -c SharedInteger_class.c -o SharedInteger_class.o
gcc -std=gnu2x -I"/usr/local/lib/R/include" -DNDEBUG  -I'/usr/local/lib/R/site-library/S4Vectors/include' -I'/usr/local/lib/R/site-library/IRanges/include' -I/usr/local/include    -fpic  -g -O2 -fstack-protector-strong -Wformat -Werror=format-security -Wdate-time -D_FORTIFY_SOURCE=2 -g  -c SharedRaw_class.c -o SharedRaw_class.o
gcc -std=gnu2x -I"/usr/local/lib/R/include" -DNDEBUG  -I'/usr/local/lib/R/site-library/S4Vectors/include' -I'/usr/local/lib/R/site-library/IRanges/include' -I/usr/local/include    -fpic  -g -O2 -fstack-protector-strong -Wformat -Werror=format-security -Wdate-time -D_FORTIFY_SOURCE=2 -g  -c SharedVector_class.c -o SharedVector_class.o
gcc -std=gnu2x -I"/usr/local/lib/R/include" -DNDEBUG  -I'/usr/local/lib/R/site-library/S4Vectors/include' -I'/usr/local/lib/R/site-library/IRanges/include' -I/usr/local/include    -fpic  -g -O2 -fstack-protector-strong -Wformat -Werror=format-security -Wdate-time -D_FORTIFY_SOURCE=2 -g  -c XDouble_class.c -o XDouble_class.o
gcc -std=gnu2x -I"/usr/local/lib/R/include" -DNDEBUG  -I'/usr/local/lib/R/site-library/S4Vectors/include' -I'/usr/local/lib/R/site-library/IRanges/include' -I/usr/local/include    -fpic  -g -O2 -fstack-protector-strong -Wformat -Werror=format-security -Wdate-time -D_FORTIFY_SOURCE=2 -g  -c XInteger_class.c -o XInteger_class.o
gcc -std=gnu2x -I"/usr/local/lib/R/include" -DNDEBUG  -I'/usr/local/lib/R/site-library/S4Vectors/include' -I'/usr/local/lib/R/site-library/IRanges/include' -I/usr/local/include    -fpic  -g -O2 -fstack-protector-strong -Wformat -Werror=format-security -Wdate-time -D_FORTIFY_SOURCE=2 -g  -c XRawList_comparison.c -o XRawList_comparison.o
gcc -std=gnu2x -I"/usr/local/lib/R/include" -DNDEBUG  -I'/usr/local/lib/R/site-library/S4Vectors/include' -I'/usr/local/lib/R/site-library/IRanges/include' -I/usr/local/include    -fpic  -g -O2 -fstack-protector-strong -Wformat -Werror=format-security -Wdate-time -D_FORTIFY_SOURCE=2 -g  -c XRaw_class.c -o XRaw_class.o
gcc -std=gnu2x -I"/usr/local/lib/R/include" -DNDEBUG  -I'/usr/local/lib/R/site-library/S4Vectors/include' -I'/usr/local/lib/R/site-library/IRanges/include' -I/usr/local/include    -fpic  -g -O2 -fstack-protector-strong -Wformat -Werror=format-security -Wdate-time -D_FORTIFY_SOURCE=2 -g  -c XVectorList_class.c -o XVectorList_class.o
gcc -std=gnu2x -I"/usr/local/lib/R/include" -DNDEBUG  -I'/usr/local/lib/R/site-library/S4Vectors/include' -I'/usr/local/lib/R/site-library/IRanges/include' -I/usr/local/include    -fpic  -g -O2 -fstack-protector-strong -Wformat -Werror=format-security -Wdate-time -D_FORTIFY_SOURCE=2 -g  -c XVector_class.c -o XVector_class.o
gcc -std=gnu2x -I"/usr/local/lib/R/include" -DNDEBUG  -I'/usr/local/lib/R/site-library/S4Vectors/include' -I'/usr/local/lib/R/site-library/IRanges/include' -I/usr/local/include    -fpic  -g -O2 -fstack-protector-strong -Wformat -Werror=format-security -Wdate-time -D_FORTIFY_SOURCE=2 -g  -c io_utils.c -o io_utils.o
gcc -std=gnu2x -I"/usr/local/lib/R/include" -DNDEBUG  -I'/usr/local/lib/R/site-library/S4Vectors/include' -I'/usr/local/lib/R/site-library/IRanges/include' -I/usr/local/include    -fpic  -g -O2 -fstack-protector-strong -Wformat -Werror=format-security -Wdate-time -D_FORTIFY_SOURCE=2 -g  -c slice_methods.c -o slice_methods.o
gcc -std=gnu2x -I"/usr/local/lib/R/include" -DNDEBUG  -I'/usr/local/lib/R/site-library/S4Vectors/include' -I'/usr/local/lib/R/site-library/IRanges/include' -I/usr/local/include    -fpic  -g -O2 -fstack-protector-strong -Wformat -Werror=format-security -Wdate-time -D_FORTIFY_SOURCE=2 -g  -c vector_copy.c -o vector_copy.o
gcc -std=gnu2x -I"/usr/local/lib/R/include" -DNDEBUG  -I'/usr/local/lib/R/site-library/S4Vectors/include' -I'/usr/local/lib/R/site-library/IRanges/include' -I/usr/local/include    -fpic  -g -O2 -fstack-protector-strong -Wformat -Werror=format-security -Wdate-time -D_FORTIFY_SOURCE=2 -g  -c view_summarization_methods.c -o view_summarization_methods.o
gcc -std=gnu2x -shared -L/usr/local/lib/R/lib -L/usr/local/lib -o XVector.so IRanges_stubs.o Ocopy_byteblocks.o RDS_random_access.o R_init_XVector.o S4Vectors_stubs.o SharedDouble_class.o SharedInteger_class.o SharedRaw_class.o SharedVector_class.o XDouble_class.o XInteger_class.o XRawList_comparison.o XRaw_class.o XVectorList_class.o XVector_class.o io_utils.o slice_methods.o vector_copy.o view_summarization_methods.o -lz -L/usr/local/lib/R/lib -lR
installing to /usr/local/lib/R/site-library/00LOCK-XVector/00new/XVector/libs
** R
** inst
** byte-compile and prepare package for lazy loading
** help
*** installing help indices
** building package indices
** testing if installed package can be loaded from temporary location
** checking absolute paths in shared objects and dynamic libraries
** testing if installed package can be loaded from final location
** testing if installed package keeps a record of temporary installation path
* creating tarball
packaged installation of ‘XVector’ as ‘XVector_0.48.0_R_x86_64-pc-linux-gnu.tar.gz’
* DONE (XVector)
* installing *source* package ‘GenomeInfoDb’ ...
** this is package ‘GenomeInfoDb’ version ‘1.44.0’
** using staged installation
** R
** inst
** byte-compile and prepare package for lazy loading
** help
*** installing help indices
** building package indices
** installing vignettes
** testing if installed package can be loaded from temporary location
** testing if installed package can be loaded from final location
** testing if installed package keeps a record of temporary installation path
* creating tarball
packaged installation of ‘GenomeInfoDb’ as ‘GenomeInfoDb_1.44.0_R_x86_64-pc-linux-gnu.tar.gz’
* DONE (GenomeInfoDb)
* installing *source* package ‘SparseArray’ ...
** this is package ‘SparseArray’ version ‘1.8.0’
** using staged installation
** libs
using C compiler: ‘gcc (Ubuntu 13.3.0-6ubuntu2~24.04) 13.3.0’
gcc -std=gnu2x -I"/usr/local/lib/R/include" -DNDEBUG  -I'/usr/local/lib/R/site-library/S4Vectors/include' -I'/usr/local/lib/R/site-library/IRanges/include' -I'/usr/local/lib/R/site-library/XVector/include' -I/usr/local/include   -fopenmp -fpic  -g -O2 -fstack-protector-strong -Wformat -Werror=format-security -Wdate-time -D_FORTIFY_SOURCE=2 -g  -c ExtendableJaggedArray.c -o ExtendableJaggedArray.o
gcc -std=gnu2x -I"/usr/local/lib/R/include" -DNDEBUG  -I'/usr/local/lib/R/site-library/S4Vectors/include' -I'/usr/local/lib/R/site-library/IRanges/include' -I'/usr/local/lib/R/site-library/XVector/include' -I/usr/local/include   -fopenmp -fpic  -g -O2 -fstack-protector-strong -Wformat -Werror=format-security -Wdate-time -D_FORTIFY_SOURCE=2 -g  -c IRanges_stubs.c -o IRanges_stubs.o
gcc -std=gnu2x -I"/usr/local/lib/R/include" -DNDEBUG  -I'/usr/local/lib/R/site-library/S4Vectors/include' -I'/usr/local/lib/R/site-library/IRanges/include' -I'/usr/local/lib/R/site-library/XVector/include' -I/usr/local/include   -fopenmp -fpic  -g -O2 -fstack-protector-strong -Wformat -Werror=format-security -Wdate-time -D_FORTIFY_SOURCE=2 -g  -c OPBufTree.c -o OPBufTree.o
gcc -std=gnu2x -I"/usr/local/lib/R/include" -DNDEBUG  -I'/usr/local/lib/R/site-library/S4Vectors/include' -I'/usr/local/lib/R/site-library/IRanges/include' -I'/usr/local/lib/R/site-library/XVector/include' -I/usr/local/include   -fopenmp -fpic  -g -O2 -fstack-protector-strong -Wformat -Werror=format-security -Wdate-time -D_FORTIFY_SOURCE=2 -g  -c R_init_SparseArray.c -o R_init_SparseArray.o
gcc -std=gnu2x -I"/usr/local/lib/R/include" -DNDEBUG  -I'/usr/local/lib/R/site-library/S4Vectors/include' -I'/usr/local/lib/R/site-library/IRanges/include' -I'/usr/local/lib/R/site-library/XVector/include' -I/usr/local/include   -fopenmp -fpic  -g -O2 -fstack-protector-strong -Wformat -Werror=format-security -Wdate-time -D_FORTIFY_SOURCE=2 -g  -c Rvector_summarization.c -o Rvector_summarization.o
gcc -std=gnu2x -I"/usr/local/lib/R/include" -DNDEBUG  -I'/usr/local/lib/R/site-library/S4Vectors/include' -I'/usr/local/lib/R/site-library/IRanges/include' -I'/usr/local/lib/R/site-library/XVector/include' -I/usr/local/include   -fopenmp -fpic  -g -O2 -fstack-protector-strong -Wformat -Werror=format-security -Wdate-time -D_FORTIFY_SOURCE=2 -g  -c Rvector_utils.c -o Rvector_utils.o
gcc -std=gnu2x -I"/usr/local/lib/R/include" -DNDEBUG  -I'/usr/local/lib/R/site-library/S4Vectors/include' -I'/usr/local/lib/R/site-library/IRanges/include' -I'/usr/local/lib/R/site-library/XVector/include' -I/usr/local/include   -fopenmp -fpic  -g -O2 -fstack-protector-strong -Wformat -Werror=format-security -Wdate-time -D_FORTIFY_SOURCE=2 -g  -c S4Vectors_stubs.c -o S4Vectors_stubs.o
gcc -std=gnu2x -I"/usr/local/lib/R/include" -DNDEBUG  -I'/usr/local/lib/R/site-library/S4Vectors/include' -I'/usr/local/lib/R/site-library/IRanges/include' -I'/usr/local/lib/R/site-library/XVector/include' -I/usr/local/include   -fopenmp -fpic  -g -O2 -fstack-protector-strong -Wformat -Werror=format-security -Wdate-time -D_FORTIFY_SOURCE=2 -g  -c SBT_utils.c -o SBT_utils.o
gcc -std=gnu2x -I"/usr/local/lib/R/include" -DNDEBUG  -I'/usr/local/lib/R/site-library/S4Vectors/include' -I'/usr/local/lib/R/site-library/IRanges/include' -I'/usr/local/lib/R/site-library/XVector/include' -I/usr/local/include   -fopenmp -fpic  -g -O2 -fstack-protector-strong -Wformat -Werror=format-security -Wdate-time -D_FORTIFY_SOURCE=2 -g  -c SVT_SparseArray_class.c -o SVT_SparseArray_class.o
gcc -std=gnu2x -I"/usr/local/lib/R/include" -DNDEBUG  -I'/usr/local/lib/R/site-library/S4Vectors/include' -I'/usr/local/lib/R/site-library/IRanges/include' -I'/usr/local/lib/R/site-library/XVector/include' -I/usr/local/include   -fopenmp -fpic  -g -O2 -fstack-protector-strong -Wformat -Werror=format-security -Wdate-time -D_FORTIFY_SOURCE=2 -g  -c SparseArray_Arith_methods.c -o SparseArray_Arith_methods.o
gcc -std=gnu2x -I"/usr/local/lib/R/include" -DNDEBUG  -I'/usr/local/lib/R/site-library/S4Vectors/include' -I'/usr/local/lib/R/site-library/IRanges/include' -I'/usr/local/lib/R/site-library/XVector/include' -I/usr/local/include   -fopenmp -fpic  -g -O2 -fstack-protector-strong -Wformat -Werror=format-security -Wdate-time -D_FORTIFY_SOURCE=2 -g  -c SparseArray_Compare_methods.c -o SparseArray_Compare_methods.o
gcc -std=gnu2x -I"/usr/local/lib/R/include" -DNDEBUG  -I'/usr/local/lib/R/site-library/S4Vectors/include' -I'/usr/local/lib/R/site-library/IRanges/include' -I'/usr/local/lib/R/site-library/XVector/include' -I/usr/local/include   -fopenmp -fpic  -g -O2 -fstack-protector-strong -Wformat -Werror=format-security -Wdate-time -D_FORTIFY_SOURCE=2 -g  -c SparseArray_Complex_methods.c -o SparseArray_Complex_methods.o
gcc -std=gnu2x -I"/usr/local/lib/R/include" -DNDEBUG  -I'/usr/local/lib/R/site-library/S4Vectors/include' -I'/usr/local/lib/R/site-library/IRanges/include' -I'/usr/local/lib/R/site-library/XVector/include' -I/usr/local/include   -fopenmp -fpic  -g -O2 -fstack-protector-strong -Wformat -Werror=format-security -Wdate-time -D_FORTIFY_SOURCE=2 -g  -c SparseArray_Logic_methods.c -o SparseArray_Logic_methods.o
gcc -std=gnu2x -I"/usr/local/lib/R/include" -DNDEBUG  -I'/usr/local/lib/R/site-library/S4Vectors/include' -I'/usr/local/lib/R/site-library/IRanges/include' -I'/usr/local/lib/R/site-library/XVector/include' -I/usr/local/include   -fopenmp -fpic  -g -O2 -fstack-protector-strong -Wformat -Werror=format-security -Wdate-time -D_FORTIFY_SOURCE=2 -g  -c SparseArray_Math_methods.c -o SparseArray_Math_methods.o
gcc -std=gnu2x -I"/usr/local/lib/R/include" -DNDEBUG  -I'/usr/local/lib/R/site-library/S4Vectors/include' -I'/usr/local/lib/R/site-library/IRanges/include' -I'/usr/local/lib/R/site-library/XVector/include' -I/usr/local/include   -fopenmp -fpic  -g -O2 -fstack-protector-strong -Wformat -Werror=format-security -Wdate-time -D_FORTIFY_SOURCE=2 -g  -c SparseArray_abind.c -o SparseArray_abind.o
gcc -std=gnu2x -I"/usr/local/lib/R/include" -DNDEBUG  -I'/usr/local/lib/R/site-library/S4Vectors/include' -I'/usr/local/lib/R/site-library/IRanges/include' -I'/usr/local/lib/R/site-library/XVector/include' -I/usr/local/include   -fopenmp -fpic  -g -O2 -fstack-protector-strong -Wformat -Werror=format-security -Wdate-time -D_FORTIFY_SOURCE=2 -g  -c SparseArray_aperm.c -o SparseArray_aperm.o
gcc -std=gnu2x -I"/usr/local/lib/R/include" -DNDEBUG  -I'/usr/local/lib/R/site-library/S4Vectors/include' -I'/usr/local/lib/R/site-library/IRanges/include' -I'/usr/local/lib/R/site-library/XVector/include' -I/usr/local/include   -fopenmp -fpic  -g -O2 -fstack-protector-strong -Wformat -Werror=format-security -Wdate-time -D_FORTIFY_SOURCE=2 -g  -c SparseArray_dim_tuning.c -o SparseArray_dim_tuning.o
gcc -std=gnu2x -I"/usr/local/lib/R/include" -DNDEBUG  -I'/usr/local/lib/R/site-library/S4Vectors/include' -I'/usr/local/lib/R/site-library/IRanges/include' -I'/usr/local/lib/R/site-library/XVector/include' -I/usr/local/include   -fopenmp -fpic  -g -O2 -fstack-protector-strong -Wformat -Werror=format-security -Wdate-time -D_FORTIFY_SOURCE=2 -g  -c SparseArray_matrixStats.c -o SparseArray_matrixStats.o
gcc -std=gnu2x -I"/usr/local/lib/R/include" -DNDEBUG  -I'/usr/local/lib/R/site-library/S4Vectors/include' -I'/usr/local/lib/R/site-library/IRanges/include' -I'/usr/local/lib/R/site-library/XVector/include' -I/usr/local/include   -fopenmp -fpic  -g -O2 -fstack-protector-strong -Wformat -Werror=format-security -Wdate-time -D_FORTIFY_SOURCE=2 -g  -c SparseArray_misc_methods.c -o SparseArray_misc_methods.o
gcc -std=gnu2x -I"/usr/local/lib/R/include" -DNDEBUG  -I'/usr/local/lib/R/site-library/S4Vectors/include' -I'/usr/local/lib/R/site-library/IRanges/include' -I'/usr/local/lib/R/site-library/XVector/include' -I/usr/local/include   -fopenmp -fpic  -g -O2 -fstack-protector-strong -Wformat -Werror=format-security -Wdate-time -D_FORTIFY_SOURCE=2 -g  -c SparseArray_subassignment.c -o SparseArray_subassignment.o
gcc -std=gnu2x -I"/usr/local/lib/R/include" -DNDEBUG  -I'/usr/local/lib/R/site-library/S4Vectors/include' -I'/usr/local/lib/R/site-library/IRanges/include' -I'/usr/local/lib/R/site-library/XVector/include' -I/usr/local/include   -fopenmp -fpic  -g -O2 -fstack-protector-strong -Wformat -Werror=format-security -Wdate-time -D_FORTIFY_SOURCE=2 -g  -c SparseArray_subassignment_OLD.c -o SparseArray_subassignment_OLD.o
gcc -std=gnu2x -I"/usr/local/lib/R/include" -DNDEBUG  -I'/usr/local/lib/R/site-library/S4Vectors/include' -I'/usr/local/lib/R/site-library/IRanges/include' -I'/usr/local/lib/R/site-library/XVector/include' -I/usr/local/include   -fopenmp -fpic  -g -O2 -fstack-protector-strong -Wformat -Werror=format-security -Wdate-time -D_FORTIFY_SOURCE=2 -g  -c SparseArray_subsetting.c -o SparseArray_subsetting.o
gcc -std=gnu2x -I"/usr/local/lib/R/include" -DNDEBUG  -I'/usr/local/lib/R/site-library/S4Vectors/include' -I'/usr/local/lib/R/site-library/IRanges/include' -I'/usr/local/lib/R/site-library/XVector/include' -I/usr/local/include   -fopenmp -fpic  -g -O2 -fstack-protector-strong -Wformat -Werror=format-security -Wdate-time -D_FORTIFY_SOURCE=2 -g  -c SparseArray_summarization.c -o SparseArray_summarization.o
gcc -std=gnu2x -I"/usr/local/lib/R/include" -DNDEBUG  -I'/usr/local/lib/R/site-library/S4Vectors/include' -I'/usr/local/lib/R/site-library/IRanges/include' -I'/usr/local/lib/R/site-library/XVector/include' -I/usr/local/include   -fopenmp -fpic  -g -O2 -fstack-protector-strong -Wformat -Werror=format-security -Wdate-time -D_FORTIFY_SOURCE=2 -g  -c SparseMatrix_mult.c -o SparseMatrix_mult.o
gcc -std=gnu2x -I"/usr/local/lib/R/include" -DNDEBUG  -I'/usr/local/lib/R/site-library/S4Vectors/include' -I'/usr/local/lib/R/site-library/IRanges/include' -I'/usr/local/lib/R/site-library/XVector/include' -I/usr/local/include   -fopenmp -fpic  -g -O2 -fstack-protector-strong -Wformat -Werror=format-security -Wdate-time -D_FORTIFY_SOURCE=2 -g  -c SparseVec.c -o SparseVec.o
gcc -std=gnu2x -I"/usr/local/lib/R/include" -DNDEBUG  -I'/usr/local/lib/R/site-library/S4Vectors/include' -I'/usr/local/lib/R/site-library/IRanges/include' -I'/usr/local/lib/R/site-library/XVector/include' -I/usr/local/include   -fopenmp -fpic  -g -O2 -fstack-protector-strong -Wformat -Werror=format-security -Wdate-time -D_FORTIFY_SOURCE=2 -g  -c SparseVec_Arith.c -o SparseVec_Arith.o
gcc -std=gnu2x -I"/usr/local/lib/R/include" -DNDEBUG  -I'/usr/local/lib/R/site-library/S4Vectors/include' -I'/usr/local/lib/R/site-library/IRanges/include' -I'/usr/local/lib/R/site-library/XVector/include' -I/usr/local/include   -fopenmp -fpic  -g -O2 -fstack-protector-strong -Wformat -Werror=format-security -Wdate-time -D_FORTIFY_SOURCE=2 -g  -c SparseVec_Compare.c -o SparseVec_Compare.o
gcc -std=gnu2x -I"/usr/local/lib/R/include" -DNDEBUG  -I'/usr/local/lib/R/site-library/S4Vectors/include' -I'/usr/local/lib/R/site-library/IRanges/include' -I'/usr/local/lib/R/site-library/XVector/include' -I/usr/local/include   -fopenmp -fpic  -g -O2 -fstack-protector-strong -Wformat -Werror=format-security -Wdate-time -D_FORTIFY_SOURCE=2 -g  -c SparseVec_Logic.c -o SparseVec_Logic.o
gcc -std=gnu2x -I"/usr/local/lib/R/include" -DNDEBUG  -I'/usr/local/lib/R/site-library/S4Vectors/include' -I'/usr/local/lib/R/site-library/IRanges/include' -I'/usr/local/lib/R/site-library/XVector/include' -I/usr/local/include   -fopenmp -fpic  -g -O2 -fstack-protector-strong -Wformat -Werror=format-security -Wdate-time -D_FORTIFY_SOURCE=2 -g  -c SparseVec_Math.c -o SparseVec_Math.o
gcc -std=gnu2x -I"/usr/local/lib/R/include" -DNDEBUG  -I'/usr/local/lib/R/site-library/S4Vectors/include' -I'/usr/local/lib/R/site-library/IRanges/include' -I'/usr/local/lib/R/site-library/XVector/include' -I/usr/local/include   -fopenmp -fpic  -g -O2 -fstack-protector-strong -Wformat -Werror=format-security -Wdate-time -D_FORTIFY_SOURCE=2 -g  -c SparseVec_dotprod.c -o SparseVec_dotprod.o
gcc -std=gnu2x -I"/usr/local/lib/R/include" -DNDEBUG  -I'/usr/local/lib/R/site-library/S4Vectors/include' -I'/usr/local/lib/R/site-library/IRanges/include' -I'/usr/local/lib/R/site-library/XVector/include' -I/usr/local/include   -fopenmp -fpic  -g -O2 -fstack-protector-strong -Wformat -Werror=format-security -Wdate-time -D_FORTIFY_SOURCE=2 -g  -c XVector_stubs.c -o XVector_stubs.o
gcc -std=gnu2x -I"/usr/local/lib/R/include" -DNDEBUG  -I'/usr/local/lib/R/site-library/S4Vectors/include' -I'/usr/local/lib/R/site-library/IRanges/include' -I'/usr/local/lib/R/site-library/XVector/include' -I/usr/local/include   -fopenmp -fpic  -g -O2 -fstack-protector-strong -Wformat -Werror=format-security -Wdate-time -D_FORTIFY_SOURCE=2 -g  -c argcheck_utils.c -o argcheck_utils.o
gcc -std=gnu2x -I"/usr/local/lib/R/include" -DNDEBUG  -I'/usr/local/lib/R/site-library/S4Vectors/include' -I'/usr/local/lib/R/site-library/IRanges/include' -I'/usr/local/lib/R/site-library/XVector/include' -I/usr/local/include   -fopenmp -fpic  -g -O2 -fstack-protector-strong -Wformat -Werror=format-security -Wdate-time -D_FORTIFY_SOURCE=2 -g  -c coerceVector2.c -o coerceVector2.o
gcc -std=gnu2x -I"/usr/local/lib/R/include" -DNDEBUG  -I'/usr/local/lib/R/site-library/S4Vectors/include' -I'/usr/local/lib/R/site-library/IRanges/include' -I'/usr/local/lib/R/site-library/XVector/include' -I/usr/local/include   -fopenmp -fpic  -g -O2 -fstack-protector-strong -Wformat -Werror=format-security -Wdate-time -D_FORTIFY_SOURCE=2 -g  -c leaf_utils.c -o leaf_utils.o
gcc -std=gnu2x -I"/usr/local/lib/R/include" -DNDEBUG  -I'/usr/local/lib/R/site-library/S4Vectors/include' -I'/usr/local/lib/R/site-library/IRanges/include' -I'/usr/local/lib/R/site-library/XVector/include' -I/usr/local/include   -fopenmp -fpic  -g -O2 -fstack-protector-strong -Wformat -Werror=format-security -Wdate-time -D_FORTIFY_SOURCE=2 -g  -c randomSparseArray.c -o randomSparseArray.o
gcc -std=gnu2x -I"/usr/local/lib/R/include" -DNDEBUG  -I'/usr/local/lib/R/site-library/S4Vectors/include' -I'/usr/local/lib/R/site-library/IRanges/include' -I'/usr/local/lib/R/site-library/XVector/include' -I/usr/local/include   -fopenmp -fpic  -g -O2 -fstack-protector-strong -Wformat -Werror=format-security -Wdate-time -D_FORTIFY_SOURCE=2 -g  -c readSparseCSV.c -o readSparseCSV.o
gcc -std=gnu2x -I"/usr/local/lib/R/include" -DNDEBUG  -I'/usr/local/lib/R/site-library/S4Vectors/include' -I'/usr/local/lib/R/site-library/IRanges/include' -I'/usr/local/lib/R/site-library/XVector/include' -I/usr/local/include   -fopenmp -fpic  -g -O2 -fstack-protector-strong -Wformat -Werror=format-security -Wdate-time -D_FORTIFY_SOURCE=2 -g  -c rowsum_methods.c -o rowsum_methods.o
gcc -std=gnu2x -I"/usr/local/lib/R/include" -DNDEBUG  -I'/usr/local/lib/R/site-library/S4Vectors/include' -I'/usr/local/lib/R/site-library/IRanges/include' -I'/usr/local/lib/R/site-library/XVector/include' -I/usr/local/include   -fopenmp -fpic  -g -O2 -fstack-protector-strong -Wformat -Werror=format-security -Wdate-time -D_FORTIFY_SOURCE=2 -g  -c sparseMatrix_utils.c -o sparseMatrix_utils.o
gcc -std=gnu2x -I"/usr/local/lib/R/include" -DNDEBUG  -I'/usr/local/lib/R/site-library/S4Vectors/include' -I'/usr/local/lib/R/site-library/IRanges/include' -I'/usr/local/lib/R/site-library/XVector/include' -I/usr/local/include   -fopenmp -fpic  -g -O2 -fstack-protector-strong -Wformat -Werror=format-security -Wdate-time -D_FORTIFY_SOURCE=2 -g  -c test.c -o test.o
gcc -std=gnu2x -I"/usr/local/lib/R/include" -DNDEBUG  -I'/usr/local/lib/R/site-library/S4Vectors/include' -I'/usr/local/lib/R/site-library/IRanges/include' -I'/usr/local/lib/R/site-library/XVector/include' -I/usr/local/include   -fopenmp -fpic  -g -O2 -fstack-protector-strong -Wformat -Werror=format-security -Wdate-time -D_FORTIFY_SOURCE=2 -g  -c thread_control.c -o thread_control.o
gcc -std=gnu2x -shared -L/usr/local/lib/R/lib -L/usr/local/lib -o SparseArray.so ExtendableJaggedArray.o IRanges_stubs.o OPBufTree.o R_init_SparseArray.o Rvector_summarization.o Rvector_utils.o S4Vectors_stubs.o SBT_utils.o SVT_SparseArray_class.o SparseArray_Arith_methods.o SparseArray_Compare_methods.o SparseArray_Complex_methods.o SparseArray_Logic_methods.o SparseArray_Math_methods.o SparseArray_abind.o SparseArray_aperm.o SparseArray_dim_tuning.o SparseArray_matrixStats.o SparseArray_misc_methods.o SparseArray_subassignment.o SparseArray_subassignment_OLD.o SparseArray_subsetting.o SparseArray_summarization.o SparseMatrix_mult.o SparseVec.o SparseVec_Arith.o SparseVec_Compare.o SparseVec_Logic.o SparseVec_Math.o SparseVec_dotprod.o XVector_stubs.o argcheck_utils.o coerceVector2.o leaf_utils.o randomSparseArray.o readSparseCSV.o rowsum_methods.o sparseMatrix_utils.o test.o thread_control.o -fopenmp -L/usr/local/lib/R/lib -lR
installing to /usr/local/lib/R/site-library/00LOCK-SparseArray/00new/SparseArray/libs
** R
** inst
** byte-compile and prepare package for lazy loading
** help
*** installing help indices
** building package indices
** installing vignettes
** testing if installed package can be loaded from temporary location
** checking absolute paths in shared objects and dynamic libraries
** testing if installed package can be loaded from final location
** testing if installed package keeps a record of temporary installation path
* creating tarball
packaged installation of ‘SparseArray’ as ‘SparseArray_1.8.0_R_x86_64-pc-linux-gnu.tar.gz’
* DONE (SparseArray)
* installing *source* package ‘Biostrings’ ...
** this is package ‘Biostrings’ version ‘2.76.0’
** using staged installation
** libs
using C compiler: ‘gcc (Ubuntu 13.3.0-6ubuntu2~24.04) 13.3.0’
gcc -std=gnu2x -I"/usr/local/lib/R/include" -DNDEBUG  -I'/usr/local/lib/R/site-library/S4Vectors/include' -I'/usr/local/lib/R/site-library/IRanges/include' -I'/usr/local/lib/R/site-library/XVector/include' -I/usr/local/include    -fpic  -g -O2 -fstack-protector-strong -Wformat -Werror=format-security -Wdate-time -D_FORTIFY_SOURCE=2 -g  -c BAB_class.c -o BAB_class.o
gcc -std=gnu2x -I"/usr/local/lib/R/include" -DNDEBUG  -I'/usr/local/lib/R/site-library/S4Vectors/include' -I'/usr/local/lib/R/site-library/IRanges/include' -I'/usr/local/lib/R/site-library/XVector/include' -I/usr/local/include    -fpic  -g -O2 -fstack-protector-strong -Wformat -Werror=format-security -Wdate-time -D_FORTIFY_SOURCE=2 -g  -c BitMatrix.c -o BitMatrix.o
gcc -std=gnu2x -I"/usr/local/lib/R/include" -DNDEBUG  -I'/usr/local/lib/R/site-library/S4Vectors/include' -I'/usr/local/lib/R/site-library/IRanges/include' -I'/usr/local/lib/R/site-library/XVector/include' -I/usr/local/include    -fpic  -g -O2 -fstack-protector-strong -Wformat -Werror=format-security -Wdate-time -D_FORTIFY_SOURCE=2 -g  -c IRanges_stubs.c -o IRanges_stubs.o
gcc -std=gnu2x -I"/usr/local/lib/R/include" -DNDEBUG  -I'/usr/local/lib/R/site-library/S4Vectors/include' -I'/usr/local/lib/R/site-library/IRanges/include' -I'/usr/local/lib/R/site-library/XVector/include' -I/usr/local/include    -fpic  -g -O2 -fstack-protector-strong -Wformat -Werror=format-security -Wdate-time -D_FORTIFY_SOURCE=2 -g  -c MIndex_class.c -o MIndex_class.o
gcc -std=gnu2x -I"/usr/local/lib/R/include" -DNDEBUG  -I'/usr/local/lib/R/site-library/S4Vectors/include' -I'/usr/local/lib/R/site-library/IRanges/include' -I'/usr/local/lib/R/site-library/XVector/include' -I/usr/local/include    -fpic  -g -O2 -fstack-protector-strong -Wformat -Werror=format-security -Wdate-time -D_FORTIFY_SOURCE=2 -g  -c PreprocessedTB_class.c -o PreprocessedTB_class.o
gcc -std=gnu2x -I"/usr/local/lib/R/include" -DNDEBUG  -I'/usr/local/lib/R/site-library/S4Vectors/include' -I'/usr/local/lib/R/site-library/IRanges/include' -I'/usr/local/lib/R/site-library/XVector/include' -I/usr/local/include    -fpic  -g -O2 -fstack-protector-strong -Wformat -Werror=format-security -Wdate-time -D_FORTIFY_SOURCE=2 -g  -c R_init_Biostrings.c -o R_init_Biostrings.o
gcc -std=gnu2x -I"/usr/local/lib/R/include" -DNDEBUG  -I'/usr/local/lib/R/site-library/S4Vectors/include' -I'/usr/local/lib/R/site-library/IRanges/include' -I'/usr/local/lib/R/site-library/XVector/include' -I/usr/local/include    -fpic  -g -O2 -fstack-protector-strong -Wformat -Werror=format-security -Wdate-time -D_FORTIFY_SOURCE=2 -g  -c RoSeqs_utils.c -o RoSeqs_utils.o
gcc -std=gnu2x -I"/usr/local/lib/R/include" -DNDEBUG  -I'/usr/local/lib/R/site-library/S4Vectors/include' -I'/usr/local/lib/R/site-library/IRanges/include' -I'/usr/local/lib/R/site-library/XVector/include' -I/usr/local/include    -fpic  -g -O2 -fstack-protector-strong -Wformat -Werror=format-security -Wdate-time -D_FORTIFY_SOURCE=2 -g  -c S4Vectors_stubs.c -o S4Vectors_stubs.o
gcc -std=gnu2x -I"/usr/local/lib/R/include" -DNDEBUG  -I'/usr/local/lib/R/site-library/S4Vectors/include' -I'/usr/local/lib/R/site-library/IRanges/include' -I'/usr/local/lib/R/site-library/XVector/include' -I/usr/local/include    -fpic  -g -O2 -fstack-protector-strong -Wformat -Werror=format-security -Wdate-time -D_FORTIFY_SOURCE=2 -g  -c SparseList_utils.c -o SparseList_utils.o
gcc -std=gnu2x -I"/usr/local/lib/R/include" -DNDEBUG  -I'/usr/local/lib/R/site-library/S4Vectors/include' -I'/usr/local/lib/R/site-library/IRanges/include' -I'/usr/local/lib/R/site-library/XVector/include' -I/usr/local/include    -fpic  -g -O2 -fstack-protector-strong -Wformat -Werror=format-security -Wdate-time -D_FORTIFY_SOURCE=2 -g  -c XStringSetList_class.c -o XStringSetList_class.o
gcc -std=gnu2x -I"/usr/local/lib/R/include" -DNDEBUG  -I'/usr/local/lib/R/site-library/S4Vectors/include' -I'/usr/local/lib/R/site-library/IRanges/include' -I'/usr/local/lib/R/site-library/XVector/include' -I/usr/local/include    -fpic  -g -O2 -fstack-protector-strong -Wformat -Werror=format-security -Wdate-time -D_FORTIFY_SOURCE=2 -g  -c XStringSet_class.c -o XStringSet_class.o
gcc -std=gnu2x -I"/usr/local/lib/R/include" -DNDEBUG  -I'/usr/local/lib/R/site-library/S4Vectors/include' -I'/usr/local/lib/R/site-library/IRanges/include' -I'/usr/local/lib/R/site-library/XVector/include' -I/usr/local/include    -fpic  -g -O2 -fstack-protector-strong -Wformat -Werror=format-security -Wdate-time -D_FORTIFY_SOURCE=2 -g  -c XString_class.c -o XString_class.o
gcc -std=gnu2x -I"/usr/local/lib/R/include" -DNDEBUG  -I'/usr/local/lib/R/site-library/S4Vectors/include' -I'/usr/local/lib/R/site-library/IRanges/include' -I'/usr/local/lib/R/site-library/XVector/include' -I/usr/local/include    -fpic  -g -O2 -fstack-protector-strong -Wformat -Werror=format-security -Wdate-time -D_FORTIFY_SOURCE=2 -g  -c XVector_stubs.c -o XVector_stubs.o
gcc -std=gnu2x -I"/usr/local/lib/R/include" -DNDEBUG  -I'/usr/local/lib/R/site-library/S4Vectors/include' -I'/usr/local/lib/R/site-library/IRanges/include' -I'/usr/local/lib/R/site-library/XVector/include' -I/usr/local/include    -fpic  -g -O2 -fstack-protector-strong -Wformat -Werror=format-security -Wdate-time -D_FORTIFY_SOURCE=2 -g  -c find_palindromes.c -o find_palindromes.o
gcc -std=gnu2x -I"/usr/local/lib/R/include" -DNDEBUG  -I'/usr/local/lib/R/site-library/S4Vectors/include' -I'/usr/local/lib/R/site-library/IRanges/include' -I'/usr/local/lib/R/site-library/XVector/include' -I/usr/local/include    -fpic  -g -O2 -fstack-protector-strong -Wformat -Werror=format-security -Wdate-time -D_FORTIFY_SOURCE=2 -g  -c gtestsim.c -o gtestsim.o
gcc -std=gnu2x -I"/usr/local/lib/R/include" -DNDEBUG  -I'/usr/local/lib/R/site-library/S4Vectors/include' -I'/usr/local/lib/R/site-library/IRanges/include' -I'/usr/local/lib/R/site-library/XVector/include' -I/usr/local/include    -fpic  -g -O2 -fstack-protector-strong -Wformat -Werror=format-security -Wdate-time -D_FORTIFY_SOURCE=2 -g  -c inject_code.c -o inject_code.o
gcc -std=gnu2x -I"/usr/local/lib/R/include" -DNDEBUG  -I'/usr/local/lib/R/site-library/S4Vectors/include' -I'/usr/local/lib/R/site-library/IRanges/include' -I'/usr/local/lib/R/site-library/XVector/include' -I/usr/local/include    -fpic  -g -O2 -fstack-protector-strong -Wformat -Werror=format-security -Wdate-time -D_FORTIFY_SOURCE=2 -g  -c letter_frequency.c -o letter_frequency.o
gcc -std=gnu2x -I"/usr/local/lib/R/include" -DNDEBUG  -I'/usr/local/lib/R/site-library/S4Vectors/include' -I'/usr/local/lib/R/site-library/IRanges/include' -I'/usr/local/lib/R/site-library/XVector/include' -I/usr/local/include    -fpic  -g -O2 -fstack-protector-strong -Wformat -Werror=format-security -Wdate-time -D_FORTIFY_SOURCE=2 -g  -c lowlevel_matching.c -o lowlevel_matching.o
gcc -std=gnu2x -I"/usr/local/lib/R/include" -DNDEBUG  -I'/usr/local/lib/R/site-library/S4Vectors/include' -I'/usr/local/lib/R/site-library/IRanges/include' -I'/usr/local/lib/R/site-library/XVector/include' -I/usr/local/include    -fpic  -g -O2 -fstack-protector-strong -Wformat -Werror=format-security -Wdate-time -D_FORTIFY_SOURCE=2 -g  -c match_PWM.c -o match_PWM.o
gcc -std=gnu2x -I"/usr/local/lib/R/include" -DNDEBUG  -I'/usr/local/lib/R/site-library/S4Vectors/include' -I'/usr/local/lib/R/site-library/IRanges/include' -I'/usr/local/lib/R/site-library/XVector/include' -I/usr/local/include    -fpic  -g -O2 -fstack-protector-strong -Wformat -Werror=format-security -Wdate-time -D_FORTIFY_SOURCE=2 -g  -c match_pattern.c -o match_pattern.o
gcc -std=gnu2x -I"/usr/local/lib/R/include" -DNDEBUG  -I'/usr/local/lib/R/site-library/S4Vectors/include' -I'/usr/local/lib/R/site-library/IRanges/include' -I'/usr/local/lib/R/site-library/XVector/include' -I/usr/local/include    -fpic  -g -O2 -fstack-protector-strong -Wformat -Werror=format-security -Wdate-time -D_FORTIFY_SOURCE=2 -g  -c match_pattern_boyermoore.c -o match_pattern_boyermoore.o
gcc -std=gnu2x -I"/usr/local/lib/R/include" -DNDEBUG  -I'/usr/local/lib/R/site-library/S4Vectors/include' -I'/usr/local/lib/R/site-library/IRanges/include' -I'/usr/local/lib/R/site-library/XVector/include' -I/usr/local/include    -fpic  -g -O2 -fstack-protector-strong -Wformat -Werror=format-security -Wdate-time -D_FORTIFY_SOURCE=2 -g  -c match_pattern_indels.c -o match_pattern_indels.o
gcc -std=gnu2x -I"/usr/local/lib/R/include" -DNDEBUG  -I'/usr/local/lib/R/site-library/S4Vectors/include' -I'/usr/local/lib/R/site-library/IRanges/include' -I'/usr/local/lib/R/site-library/XVector/include' -I/usr/local/include    -fpic  -g -O2 -fstack-protector-strong -Wformat -Werror=format-security -Wdate-time -D_FORTIFY_SOURCE=2 -g  -c match_pattern_shiftor.c -o match_pattern_shiftor.o
gcc -std=gnu2x -I"/usr/local/lib/R/include" -DNDEBUG  -I'/usr/local/lib/R/site-library/S4Vectors/include' -I'/usr/local/lib/R/site-library/IRanges/include' -I'/usr/local/lib/R/site-library/XVector/include' -I/usr/local/include    -fpic  -g -O2 -fstack-protector-strong -Wformat -Werror=format-security -Wdate-time -D_FORTIFY_SOURCE=2 -g  -c match_pdict.c -o match_pdict.o
gcc -std=gnu2x -I"/usr/local/lib/R/include" -DNDEBUG  -I'/usr/local/lib/R/site-library/S4Vectors/include' -I'/usr/local/lib/R/site-library/IRanges/include' -I'/usr/local/lib/R/site-library/XVector/include' -I/usr/local/include    -fpic  -g -O2 -fstack-protector-strong -Wformat -Werror=format-security -Wdate-time -D_FORTIFY_SOURCE=2 -g  -c match_pdict_ACtree2.c -o match_pdict_ACtree2.o
gcc -std=gnu2x -I"/usr/local/lib/R/include" -DNDEBUG  -I'/usr/local/lib/R/site-library/S4Vectors/include' -I'/usr/local/lib/R/site-library/IRanges/include' -I'/usr/local/lib/R/site-library/XVector/include' -I/usr/local/include    -fpic  -g -O2 -fstack-protector-strong -Wformat -Werror=format-security -Wdate-time -D_FORTIFY_SOURCE=2 -g  -c match_pdict_Twobit.c -o match_pdict_Twobit.o
gcc -std=gnu2x -I"/usr/local/lib/R/include" -DNDEBUG  -I'/usr/local/lib/R/site-library/S4Vectors/include' -I'/usr/local/lib/R/site-library/IRanges/include' -I'/usr/local/lib/R/site-library/XVector/include' -I/usr/local/include    -fpic  -g -O2 -fstack-protector-strong -Wformat -Werror=format-security -Wdate-time -D_FORTIFY_SOURCE=2 -g  -c match_pdict_utils.c -o match_pdict_utils.o
gcc -std=gnu2x -I"/usr/local/lib/R/include" -DNDEBUG  -I'/usr/local/lib/R/site-library/S4Vectors/include' -I'/usr/local/lib/R/site-library/IRanges/include' -I'/usr/local/lib/R/site-library/XVector/include' -I/usr/local/include    -fpic  -g -O2 -fstack-protector-strong -Wformat -Werror=format-security -Wdate-time -D_FORTIFY_SOURCE=2 -g  -c match_reporting.c -o match_reporting.o
gcc -std=gnu2x -I"/usr/local/lib/R/include" -DNDEBUG  -I'/usr/local/lib/R/site-library/S4Vectors/include' -I'/usr/local/lib/R/site-library/IRanges/include' -I'/usr/local/lib/R/site-library/XVector/include' -I/usr/local/include    -fpic  -g -O2 -fstack-protector-strong -Wformat -Werror=format-security -Wdate-time -D_FORTIFY_SOURCE=2 -g  -c matchprobes.c -o matchprobes.o
gcc -std=gnu2x -I"/usr/local/lib/R/include" -DNDEBUG  -I'/usr/local/lib/R/site-library/S4Vectors/include' -I'/usr/local/lib/R/site-library/IRanges/include' -I'/usr/local/lib/R/site-library/XVector/include' -I/usr/local/include    -fpic  -g -O2 -fstack-protector-strong -Wformat -Werror=format-security -Wdate-time -D_FORTIFY_SOURCE=2 -g  -c pmatchPattern.c -o pmatchPattern.o
gcc -std=gnu2x -I"/usr/local/lib/R/include" -DNDEBUG  -I'/usr/local/lib/R/site-library/S4Vectors/include' -I'/usr/local/lib/R/site-library/IRanges/include' -I'/usr/local/lib/R/site-library/XVector/include' -I/usr/local/include    -fpic  -g -O2 -fstack-protector-strong -Wformat -Werror=format-security -Wdate-time -D_FORTIFY_SOURCE=2 -g  -c read_fasta_files.c -o read_fasta_files.o
gcc -std=gnu2x -I"/usr/local/lib/R/include" -DNDEBUG  -I'/usr/local/lib/R/site-library/S4Vectors/include' -I'/usr/local/lib/R/site-library/IRanges/include' -I'/usr/local/lib/R/site-library/XVector/include' -I/usr/local/include    -fpic  -g -O2 -fstack-protector-strong -Wformat -Werror=format-security -Wdate-time -D_FORTIFY_SOURCE=2 -g  -c read_fastq_files.c -o read_fastq_files.o
gcc -std=gnu2x -I"/usr/local/lib/R/include" -DNDEBUG  -I'/usr/local/lib/R/site-library/S4Vectors/include' -I'/usr/local/lib/R/site-library/IRanges/include' -I'/usr/local/lib/R/site-library/XVector/include' -I/usr/local/include    -fpic  -g -O2 -fstack-protector-strong -Wformat -Werror=format-security -Wdate-time -D_FORTIFY_SOURCE=2 -g  -c replaceAt.c -o replaceAt.o
gcc -std=gnu2x -I"/usr/local/lib/R/include" -DNDEBUG  -I'/usr/local/lib/R/site-library/S4Vectors/include' -I'/usr/local/lib/R/site-library/IRanges/include' -I'/usr/local/lib/R/site-library/XVector/include' -I/usr/local/include    -fpic  -g -O2 -fstack-protector-strong -Wformat -Werror=format-security -Wdate-time -D_FORTIFY_SOURCE=2 -g  -c replace_letter_at.c -o replace_letter_at.o
gcc -std=gnu2x -I"/usr/local/lib/R/include" -DNDEBUG  -I'/usr/local/lib/R/site-library/S4Vectors/include' -I'/usr/local/lib/R/site-library/IRanges/include' -I'/usr/local/lib/R/site-library/XVector/include' -I/usr/local/include    -fpic  -g -O2 -fstack-protector-strong -Wformat -Werror=format-security -Wdate-time -D_FORTIFY_SOURCE=2 -g  -c strutils.c -o strutils.o
gcc -std=gnu2x -I"/usr/local/lib/R/include" -DNDEBUG  -I'/usr/local/lib/R/site-library/S4Vectors/include' -I'/usr/local/lib/R/site-library/IRanges/include' -I'/usr/local/lib/R/site-library/XVector/include' -I/usr/local/include    -fpic  -g -O2 -fstack-protector-strong -Wformat -Werror=format-security -Wdate-time -D_FORTIFY_SOURCE=2 -g  -c translate.c -o translate.o
gcc -std=gnu2x -I"/usr/local/lib/R/include" -DNDEBUG  -I'/usr/local/lib/R/site-library/S4Vectors/include' -I'/usr/local/lib/R/site-library/IRanges/include' -I'/usr/local/lib/R/site-library/XVector/include' -I/usr/local/include    -fpic  -g -O2 -fstack-protector-strong -Wformat -Werror=format-security -Wdate-time -D_FORTIFY_SOURCE=2 -g  -c unstrsplit_methods.c -o unstrsplit_methods.o
gcc -std=gnu2x -I"/usr/local/lib/R/include" -DNDEBUG  -I'/usr/local/lib/R/site-library/S4Vectors/include' -I'/usr/local/lib/R/site-library/IRanges/include' -I'/usr/local/lib/R/site-library/XVector/include' -I/usr/local/include    -fpic  -g -O2 -fstack-protector-strong -Wformat -Werror=format-security -Wdate-time -D_FORTIFY_SOURCE=2 -g  -c utils.c -o utils.o
gcc -std=gnu2x -I"/usr/local/lib/R/include" -DNDEBUG  -I'/usr/local/lib/R/site-library/S4Vectors/include' -I'/usr/local/lib/R/site-library/IRanges/include' -I'/usr/local/lib/R/site-library/XVector/include' -I/usr/local/include    -fpic  -g -O2 -fstack-protector-strong -Wformat -Werror=format-security -Wdate-time -D_FORTIFY_SOURCE=2 -g  -c xscat.c -o xscat.o
gcc -std=gnu2x -shared -L/usr/local/lib/R/lib -L/usr/local/lib -o Biostrings.so BAB_class.o BitMatrix.o IRanges_stubs.o MIndex_class.o PreprocessedTB_class.o R_init_Biostrings.o RoSeqs_utils.o S4Vectors_stubs.o SparseList_utils.o XStringSetList_class.o XStringSet_class.o XString_class.o XVector_stubs.o find_palindromes.o gtestsim.o inject_code.o letter_frequency.o lowlevel_matching.o match_PWM.o match_pattern.o match_pattern_boyermoore.o match_pattern_indels.o match_pattern_shiftor.o match_pdict.o match_pdict_ACtree2.o match_pdict_Twobit.o match_pdict_utils.o match_reporting.o matchprobes.o pmatchPattern.o read_fasta_files.o read_fastq_files.o replaceAt.o replace_letter_at.o strutils.o translate.o unstrsplit_methods.o utils.o xscat.o -L/usr/local/lib/R/lib -lR
installing to /usr/local/lib/R/site-library/00LOCK-Biostrings/00new/Biostrings/libs
** R
** data
** inst
** byte-compile and prepare package for lazy loading
in method for ‘twoWayAlphabetFrequencyByQuality’ with signature ‘"QualityScaledXStringSet"’: no definition for class “QualityScaledXStringSet”
Creating a new generic function for ‘strsplit’ in package ‘Biostrings’
Creating a generic function for ‘ls’ from package ‘base’ in package ‘Biostrings’
Creating a new generic function for ‘offset’ in package ‘Biostrings’
** help
*** installing help indices
** building package indices
** installing vignettes
** testing if installed package can be loaded from temporary location
** checking absolute paths in shared objects and dynamic libraries
** testing if installed package can be loaded from final location
** testing if installed package keeps a record of temporary installation path
* creating tarball
packaged installation of ‘Biostrings’ as ‘Biostrings_2.76.0_R_x86_64-pc-linux-gnu.tar.gz’
* DONE (Biostrings)
* installing *source* package ‘GenomicRanges’ ...
** this is package ‘GenomicRanges’ version ‘1.60.0’
** using staged installation
** libs
using C compiler: ‘gcc (Ubuntu 13.3.0-6ubuntu2~24.04) 13.3.0’
gcc -std=gnu2x -I"/usr/local/lib/R/include" -DNDEBUG  -I'/usr/local/lib/R/site-library/S4Vectors/include' -I'/usr/local/lib/R/site-library/IRanges/include' -I/usr/local/include    -fpic  -g -O2 -fstack-protector-strong -Wformat -Werror=format-security -Wdate-time -D_FORTIFY_SOURCE=2 -g  -c IRanges_stubs.c -o IRanges_stubs.o
gcc -std=gnu2x -I"/usr/local/lib/R/include" -DNDEBUG  -I'/usr/local/lib/R/site-library/S4Vectors/include' -I'/usr/local/lib/R/site-library/IRanges/include' -I/usr/local/include    -fpic  -g -O2 -fstack-protector-strong -Wformat -Werror=format-security -Wdate-time -D_FORTIFY_SOURCE=2 -g  -c R_init_GenomicRanges.c -o R_init_GenomicRanges.o
gcc -std=gnu2x -I"/usr/local/lib/R/include" -DNDEBUG  -I'/usr/local/lib/R/site-library/S4Vectors/include' -I'/usr/local/lib/R/site-library/IRanges/include' -I/usr/local/include    -fpic  -g -O2 -fstack-protector-strong -Wformat -Werror=format-security -Wdate-time -D_FORTIFY_SOURCE=2 -g  -c S4Vectors_stubs.c -o S4Vectors_stubs.o
gcc -std=gnu2x -I"/usr/local/lib/R/include" -DNDEBUG  -I'/usr/local/lib/R/site-library/S4Vectors/include' -I'/usr/local/lib/R/site-library/IRanges/include' -I/usr/local/include    -fpic  -g -O2 -fstack-protector-strong -Wformat -Werror=format-security -Wdate-time -D_FORTIFY_SOURCE=2 -g  -c transcript_utils.c -o transcript_utils.o
gcc -std=gnu2x -shared -L/usr/local/lib/R/lib -L/usr/local/lib -o GenomicRanges.so IRanges_stubs.o R_init_GenomicRanges.o S4Vectors_stubs.o transcript_utils.o -L/usr/local/lib/R/lib -lR
installing to /usr/local/lib/R/site-library/00LOCK-GenomicRanges/00new/GenomicRanges/libs
** R
** inst
** byte-compile and prepare package for lazy loading
** help
*** installing help indices
** building package indices
** installing vignettes
** testing if installed package can be loaded from temporary location
** checking absolute paths in shared objects and dynamic libraries
** testing if installed package can be loaded from final location
** testing if installed package keeps a record of temporary installation path
* creating tarball
packaged installation of ‘GenomicRanges’ as ‘GenomicRanges_1.60.0_R_x86_64-pc-linux-gnu.tar.gz’
* DONE (GenomicRanges)
* installing *source* package ‘DelayedArray’ ...
** this is package ‘DelayedArray’ version ‘0.34.1’
** using staged installation
** libs
using C compiler: ‘gcc (Ubuntu 13.3.0-6ubuntu2~24.04) 13.3.0’
gcc -std=gnu2x -I"/usr/local/lib/R/include" -DNDEBUG  -I'/usr/local/lib/R/site-library/S4Vectors/include' -I/usr/local/include    -fpic  -g -O2 -fstack-protector-strong -Wformat -Werror=format-security -Wdate-time -D_FORTIFY_SOURCE=2 -g  -c R_init_DelayedArray.c -o R_init_DelayedArray.o
gcc -std=gnu2x -I"/usr/local/lib/R/include" -DNDEBUG  -I'/usr/local/lib/R/site-library/S4Vectors/include' -I/usr/local/include    -fpic  -g -O2 -fstack-protector-strong -Wformat -Werror=format-security -Wdate-time -D_FORTIFY_SOURCE=2 -g  -c S4Vectors_stubs.c -o S4Vectors_stubs.o
gcc -std=gnu2x -I"/usr/local/lib/R/include" -DNDEBUG  -I'/usr/local/lib/R/site-library/S4Vectors/include' -I/usr/local/include    -fpic  -g -O2 -fstack-protector-strong -Wformat -Werror=format-security -Wdate-time -D_FORTIFY_SOURCE=2 -g  -c compress_atomic_vector.c -o compress_atomic_vector.o
gcc -std=gnu2x -shared -L/usr/local/lib/R/lib -L/usr/local/lib -o DelayedArray.so R_init_DelayedArray.o S4Vectors_stubs.o compress_atomic_vector.o -L/usr/local/lib/R/lib -lR
installing to /usr/local/lib/R/site-library/00LOCK-DelayedArray/00new/DelayedArray/libs
** R
** inst
** byte-compile and prepare package for lazy loading
Creating a new generic function for ‘apply’ in package ‘DelayedArray’
Creating a new generic function for ‘sweep’ in package ‘DelayedArray’
Creating a new generic function for ‘scale’ in package ‘DelayedArray’
Creating a generic function for ‘dnorm’ from package ‘stats’ in package ‘DelayedArray’
Creating a generic function for ‘pnorm’ from package ‘stats’ in package ‘DelayedArray’
Creating a generic function for ‘qnorm’ from package ‘stats’ in package ‘DelayedArray’
Creating a generic function for ‘dbinom’ from package ‘stats’ in package ‘DelayedArray’
Creating a generic function for ‘pbinom’ from package ‘stats’ in package ‘DelayedArray’
Creating a generic function for ‘qbinom’ from package ‘stats’ in package ‘DelayedArray’
Creating a generic function for ‘dpois’ from package ‘stats’ in package ‘DelayedArray’
Creating a generic function for ‘ppois’ from package ‘stats’ in package ‘DelayedArray’
Creating a generic function for ‘qpois’ from package ‘stats’ in package ‘DelayedArray’
Creating a generic function for ‘dlogis’ from package ‘stats’ in package ‘DelayedArray’
Creating a generic function for ‘plogis’ from package ‘stats’ in package ‘DelayedArray’
Creating a generic function for ‘qlogis’ from package ‘stats’ in package ‘DelayedArray’
** help
*** installing help indices
** building package indices
** installing vignettes
** testing if installed package can be loaded from temporary location
** checking absolute paths in shared objects and dynamic libraries
** testing if installed package can be loaded from final location
** testing if installed package keeps a record of temporary installation path
* creating tarball
packaged installation of ‘DelayedArray’ as ‘DelayedArray_0.34.1_R_x86_64-pc-linux-gnu.tar.gz’
* DONE (DelayedArray)
* installing *source* package ‘Rsamtools’ ...
** this is package ‘Rsamtools’ version ‘2.24.0’
** using staged installation
** libs
using C compiler: ‘gcc (Ubuntu 13.3.0-6ubuntu2~24.04) 13.3.0’
using C++ compiler: ‘g++ (Ubuntu 13.3.0-6ubuntu2~24.04) 13.3.0’
gcc -std=gnu2x -I"/usr/local/lib/R/include" -DNDEBUG -D_FILE_OFFSET_BITS=64 -I'/usr/local/lib/R/site-library/Rhtslib/include' -I'/usr/local/lib/R/site-library/S4Vectors/include' -I'/usr/local/lib/R/site-library/IRanges/include' -I'/usr/local/lib/R/site-library/XVector/include' -I'/usr/local/lib/R/site-library/Biostrings/include' -I/usr/local/include    -fpic  -g -O2 -fstack-protector-strong -Wformat -Werror=format-security -Wdate-time -D_FORTIFY_SOURCE=2 -g  -c Biostrings_stubs.c -o Biostrings_stubs.o
gcc -std=gnu2x -I"/usr/local/lib/R/include" -DNDEBUG -D_FILE_OFFSET_BITS=64 -I'/usr/local/lib/R/site-library/Rhtslib/include' -I'/usr/local/lib/R/site-library/S4Vectors/include' -I'/usr/local/lib/R/site-library/IRanges/include' -I'/usr/local/lib/R/site-library/XVector/include' -I'/usr/local/lib/R/site-library/Biostrings/include' -I/usr/local/include    -fpic  -g -O2 -fstack-protector-strong -Wformat -Werror=format-security -Wdate-time -D_FORTIFY_SOURCE=2 -g  -c COMPAT_bcf_hdr_read.c -o COMPAT_bcf_hdr_read.o
gcc -std=gnu2x -I"/usr/local/lib/R/include" -DNDEBUG -D_FILE_OFFSET_BITS=64 -I'/usr/local/lib/R/site-library/Rhtslib/include' -I'/usr/local/lib/R/site-library/S4Vectors/include' -I'/usr/local/lib/R/site-library/IRanges/include' -I'/usr/local/lib/R/site-library/XVector/include' -I'/usr/local/lib/R/site-library/Biostrings/include' -I/usr/local/include    -fpic  -g -O2 -fstack-protector-strong -Wformat -Werror=format-security -Wdate-time -D_FORTIFY_SOURCE=2 -g  -c IRanges_stubs.c -o IRanges_stubs.o
g++ -std=gnu++17 -I"/usr/local/lib/R/include" -DNDEBUG -D_FILE_OFFSET_BITS=64 -I'/usr/local/lib/R/site-library/Rhtslib/include' -I'/usr/local/lib/R/site-library/S4Vectors/include' -I'/usr/local/lib/R/site-library/IRanges/include' -I'/usr/local/lib/R/site-library/XVector/include' -I'/usr/local/lib/R/site-library/Biostrings/include' -I/usr/local/include    -fpic  -g -O2 -fstack-protector-strong -Wformat -Werror=format-security -Wdate-time -D_FORTIFY_SOURCE=2 -g   -c PileupBuffer.cpp -o PileupBuffer.o
g++ -std=gnu++17 -I"/usr/local/lib/R/include" -DNDEBUG -D_FILE_OFFSET_BITS=64 -I'/usr/local/lib/R/site-library/Rhtslib/include' -I'/usr/local/lib/R/site-library/S4Vectors/include' -I'/usr/local/lib/R/site-library/IRanges/include' -I'/usr/local/lib/R/site-library/XVector/include' -I'/usr/local/lib/R/site-library/Biostrings/include' -I/usr/local/include    -fpic  -g -O2 -fstack-protector-strong -Wformat -Werror=format-security -Wdate-time -D_FORTIFY_SOURCE=2 -g   -c PosCacheColl.cpp -o PosCacheColl.o
gcc -std=gnu2x -I"/usr/local/lib/R/include" -DNDEBUG -D_FILE_OFFSET_BITS=64 -I'/usr/local/lib/R/site-library/Rhtslib/include' -I'/usr/local/lib/R/site-library/S4Vectors/include' -I'/usr/local/lib/R/site-library/IRanges/include' -I'/usr/local/lib/R/site-library/XVector/include' -I'/usr/local/lib/R/site-library/Biostrings/include' -I/usr/local/include    -fpic  -g -O2 -fstack-protector-strong -Wformat -Werror=format-security -Wdate-time -D_FORTIFY_SOURCE=2 -g  -c R_init_Rsamtools.c -o R_init_Rsamtools.o
g++ -std=gnu++17 -I"/usr/local/lib/R/include" -DNDEBUG -D_FILE_OFFSET_BITS=64 -I'/usr/local/lib/R/site-library/Rhtslib/include' -I'/usr/local/lib/R/site-library/S4Vectors/include' -I'/usr/local/lib/R/site-library/IRanges/include' -I'/usr/local/lib/R/site-library/XVector/include' -I'/usr/local/lib/R/site-library/Biostrings/include' -I/usr/local/include    -fpic  -g -O2 -fstack-protector-strong -Wformat -Werror=format-security -Wdate-time -D_FORTIFY_SOURCE=2 -g   -c ResultManager.cpp -o ResultManager.o
gcc -std=gnu2x -I"/usr/local/lib/R/include" -DNDEBUG -D_FILE_OFFSET_BITS=64 -I'/usr/local/lib/R/site-library/Rhtslib/include' -I'/usr/local/lib/R/site-library/S4Vectors/include' -I'/usr/local/lib/R/site-library/IRanges/include' -I'/usr/local/lib/R/site-library/XVector/include' -I'/usr/local/lib/R/site-library/Biostrings/include' -I/usr/local/include    -fpic  -g -O2 -fstack-protector-strong -Wformat -Werror=format-security -Wdate-time -D_FORTIFY_SOURCE=2 -g  -c S4Vectors_stubs.c -o S4Vectors_stubs.o
gcc -std=gnu2x -I"/usr/local/lib/R/include" -DNDEBUG -D_FILE_OFFSET_BITS=64 -I'/usr/local/lib/R/site-library/Rhtslib/include' -I'/usr/local/lib/R/site-library/S4Vectors/include' -I'/usr/local/lib/R/site-library/IRanges/include' -I'/usr/local/lib/R/site-library/XVector/include' -I'/usr/local/lib/R/site-library/Biostrings/include' -I/usr/local/include    -fpic  -g -O2 -fstack-protector-strong -Wformat -Werror=format-security -Wdate-time -D_FORTIFY_SOURCE=2 -g  -c XVector_stubs.c -o XVector_stubs.o
gcc -std=gnu2x -I"/usr/local/lib/R/include" -DNDEBUG -D_FILE_OFFSET_BITS=64 -I'/usr/local/lib/R/site-library/Rhtslib/include' -I'/usr/local/lib/R/site-library/S4Vectors/include' -I'/usr/local/lib/R/site-library/IRanges/include' -I'/usr/local/lib/R/site-library/XVector/include' -I'/usr/local/lib/R/site-library/Biostrings/include' -I/usr/local/include    -fpic  -g -O2 -fstack-protector-strong -Wformat -Werror=format-security -Wdate-time -D_FORTIFY_SOURCE=2 -g  -c as_bam.c -o as_bam.o
gcc -std=gnu2x -I"/usr/local/lib/R/include" -DNDEBUG -D_FILE_OFFSET_BITS=64 -I'/usr/local/lib/R/site-library/Rhtslib/include' -I'/usr/local/lib/R/site-library/S4Vectors/include' -I'/usr/local/lib/R/site-library/IRanges/include' -I'/usr/local/lib/R/site-library/XVector/include' -I'/usr/local/lib/R/site-library/Biostrings/include' -I/usr/local/include    -fpic  -g -O2 -fstack-protector-strong -Wformat -Werror=format-security -Wdate-time -D_FORTIFY_SOURCE=2 -g  -c bam.c -o bam.o
gcc -std=gnu2x -I"/usr/local/lib/R/include" -DNDEBUG -D_FILE_OFFSET_BITS=64 -I'/usr/local/lib/R/site-library/Rhtslib/include' -I'/usr/local/lib/R/site-library/S4Vectors/include' -I'/usr/local/lib/R/site-library/IRanges/include' -I'/usr/local/lib/R/site-library/XVector/include' -I'/usr/local/lib/R/site-library/Biostrings/include' -I/usr/local/include    -fpic  -g -O2 -fstack-protector-strong -Wformat -Werror=format-security -Wdate-time -D_FORTIFY_SOURCE=2 -g  -c bam_data.c -o bam_data.o
g++ -std=gnu++17 -I"/usr/local/lib/R/include" -DNDEBUG -D_FILE_OFFSET_BITS=64 -I'/usr/local/lib/R/site-library/Rhtslib/include' -I'/usr/local/lib/R/site-library/S4Vectors/include' -I'/usr/local/lib/R/site-library/IRanges/include' -I'/usr/local/lib/R/site-library/XVector/include' -I'/usr/local/lib/R/site-library/Biostrings/include' -I/usr/local/include    -fpic  -g -O2 -fstack-protector-strong -Wformat -Werror=format-security -Wdate-time -D_FORTIFY_SOURCE=2 -g   -c bam_mate_iter.cpp -o bam_mate_iter.o
In file included from Template.h:9,
                 from BamIterator.h:10,
                 from BamRangeIterator.h:7,
                 from bam_mate_iter.cpp:1:
BamRangeIterator.h: In member function ‘virtual void BamRangeIterator::finalize_inprogress(bamFile)’:
/usr/local/lib/R/site-library/Rhtslib/include/samtools-1.7-compat.h:14:41: warning: ignoring return value of ‘int64_t bgzf_seek(BGZF*, int64_t, int)’ declared with attribute ‘warn_unused_result’ [-Wunused-result]
   14 | #define bam_seek(fp, pos, dir) bgzf_seek(fp, pos, dir)
      |                                ~~~~~~~~~^~~~~~~~~~~~~~
BamRangeIterator.h:138:16: note: in expansion of macro ‘bam_seek’
  138 |         (void) bam_seek(bfile, pos, SEEK_SET);
      |                ^~~~~~~~
BamIterator.h: In constructor ‘BamIterator::BamIterator(bamFile, const bam_index_t*)’:
/usr/local/lib/R/site-library/Rhtslib/include/samtools-1.7-compat.h:14:41: warning: ignoring return value of ‘int64_t bgzf_seek(BGZF*, int64_t, int)’ declared with attribute ‘warn_unused_result’ [-Wunused-result]
   14 | #define bam_seek(fp, pos, dir) bgzf_seek(fp, pos, dir)
      |                                ~~~~~~~~~^~~~~~~~~~~~~~
BamIterator.h:87:16: note: in expansion of macro ‘bam_seek’
   87 |         (void) bam_seek(bfile, 0, 0);
      |                ^~~~~~~~
gcc -std=gnu2x -I"/usr/local/lib/R/include" -DNDEBUG -D_FILE_OFFSET_BITS=64 -I'/usr/local/lib/R/site-library/Rhtslib/include' -I'/usr/local/lib/R/site-library/S4Vectors/include' -I'/usr/local/lib/R/site-library/IRanges/include' -I'/usr/local/lib/R/site-library/XVector/include' -I'/usr/local/lib/R/site-library/Biostrings/include' -I/usr/local/include    -fpic  -g -O2 -fstack-protector-strong -Wformat -Werror=format-security -Wdate-time -D_FORTIFY_SOURCE=2 -g  -c bam_plbuf.c -o bam_plbuf.o
gcc -std=gnu2x -I"/usr/local/lib/R/include" -DNDEBUG -D_FILE_OFFSET_BITS=64 -I'/usr/local/lib/R/site-library/Rhtslib/include' -I'/usr/local/lib/R/site-library/S4Vectors/include' -I'/usr/local/lib/R/site-library/IRanges/include' -I'/usr/local/lib/R/site-library/XVector/include' -I'/usr/local/lib/R/site-library/Biostrings/include' -I/usr/local/include    -fpic  -g -O2 -fstack-protector-strong -Wformat -Werror=format-security -Wdate-time -D_FORTIFY_SOURCE=2 -g  -c bam_sort.c -o bam_sort.o
gcc -std=gnu2x -I"/usr/local/lib/R/include" -DNDEBUG -D_FILE_OFFSET_BITS=64 -I'/usr/local/lib/R/site-library/Rhtslib/include' -I'/usr/local/lib/R/site-library/S4Vectors/include' -I'/usr/local/lib/R/site-library/IRanges/include' -I'/usr/local/lib/R/site-library/XVector/include' -I'/usr/local/lib/R/site-library/Biostrings/include' -I/usr/local/include    -fpic  -g -O2 -fstack-protector-strong -Wformat -Werror=format-security -Wdate-time -D_FORTIFY_SOURCE=2 -g  -c bambuffer.c -o bambuffer.o
gcc -std=gnu2x -I"/usr/local/lib/R/include" -DNDEBUG -D_FILE_OFFSET_BITS=64 -I'/usr/local/lib/R/site-library/Rhtslib/include' -I'/usr/local/lib/R/site-library/S4Vectors/include' -I'/usr/local/lib/R/site-library/IRanges/include' -I'/usr/local/lib/R/site-library/XVector/include' -I'/usr/local/lib/R/site-library/Biostrings/include' -I/usr/local/include    -fpic  -g -O2 -fstack-protector-strong -Wformat -Werror=format-security -Wdate-time -D_FORTIFY_SOURCE=2 -g  -c bamfile.c -o bamfile.o
bamfile.c: In function ‘bamfile_isincomplete’:
bamfile.c:168:20: warning: ignoring return value of ‘bgzf_seek’ declared with attribute ‘warn_unused_result’ [-Wunused-result]
  168 |             (void) bgzf_seek(bfile->file->x.bam, offset, SEEK_SET);
      |                    ^~~~~~~~~~~~~~~~~~~~~~~~~~~~~~~~~~~~~~~~~~~~~~~
gcc -std=gnu2x -I"/usr/local/lib/R/include" -DNDEBUG -D_FILE_OFFSET_BITS=64 -I'/usr/local/lib/R/site-library/Rhtslib/include' -I'/usr/local/lib/R/site-library/S4Vectors/include' -I'/usr/local/lib/R/site-library/IRanges/include' -I'/usr/local/lib/R/site-library/XVector/include' -I'/usr/local/lib/R/site-library/Biostrings/include' -I/usr/local/include    -fpic  -g -O2 -fstack-protector-strong -Wformat -Werror=format-security -Wdate-time -D_FORTIFY_SOURCE=2 -g  -c bcffile.c -o bcffile.o
gcc -std=gnu2x -I"/usr/local/lib/R/include" -DNDEBUG -D_FILE_OFFSET_BITS=64 -I'/usr/local/lib/R/site-library/Rhtslib/include' -I'/usr/local/lib/R/site-library/S4Vectors/include' -I'/usr/local/lib/R/site-library/IRanges/include' -I'/usr/local/lib/R/site-library/XVector/include' -I'/usr/local/lib/R/site-library/Biostrings/include' -I/usr/local/include    -fpic  -g -O2 -fstack-protector-strong -Wformat -Werror=format-security -Wdate-time -D_FORTIFY_SOURCE=2 -g  -c bedidx.c -o bedidx.o
gcc -std=gnu2x -I"/usr/local/lib/R/include" -DNDEBUG -D_FILE_OFFSET_BITS=64 -I'/usr/local/lib/R/site-library/Rhtslib/include' -I'/usr/local/lib/R/site-library/S4Vectors/include' -I'/usr/local/lib/R/site-library/IRanges/include' -I'/usr/local/lib/R/site-library/XVector/include' -I'/usr/local/lib/R/site-library/Biostrings/include' -I/usr/local/include    -fpic  -g -O2 -fstack-protector-strong -Wformat -Werror=format-security -Wdate-time -D_FORTIFY_SOURCE=2 -g  -c encode.c -o encode.o
gcc -std=gnu2x -I"/usr/local/lib/R/include" -DNDEBUG -D_FILE_OFFSET_BITS=64 -I'/usr/local/lib/R/site-library/Rhtslib/include' -I'/usr/local/lib/R/site-library/S4Vectors/include' -I'/usr/local/lib/R/site-library/IRanges/include' -I'/usr/local/lib/R/site-library/XVector/include' -I'/usr/local/lib/R/site-library/Biostrings/include' -I/usr/local/include    -fpic  -g -O2 -fstack-protector-strong -Wformat -Werror=format-security -Wdate-time -D_FORTIFY_SOURCE=2 -g  -c fafile.c -o fafile.o
gcc -std=gnu2x -I"/usr/local/lib/R/include" -DNDEBUG -D_FILE_OFFSET_BITS=64 -I'/usr/local/lib/R/site-library/Rhtslib/include' -I'/usr/local/lib/R/site-library/S4Vectors/include' -I'/usr/local/lib/R/site-library/IRanges/include' -I'/usr/local/lib/R/site-library/XVector/include' -I'/usr/local/lib/R/site-library/Biostrings/include' -I/usr/local/include    -fpic  -g -O2 -fstack-protector-strong -Wformat -Werror=format-security -Wdate-time -D_FORTIFY_SOURCE=2 -g  -c idxstats.c -o idxstats.o
In file included from bamfile.h:5,
                 from idxstats.c:1:
idxstats.c: In function ‘idxstats_bamfile’:
/usr/local/lib/R/site-library/Rhtslib/include/samtools-1.7-compat.h:14:32: warning: ignoring return value of ‘bgzf_seek’ declared with attribute ‘warn_unused_result’ [-Wunused-result]
   14 | #define bam_seek(fp, pos, dir) bgzf_seek(fp, pos, dir)
      |                                ^~~~~~~~~~~~~~~~~~~~~~~
idxstats.c:20:12: note: in expansion of macro ‘bam_seek’
   20 |     (void) bam_seek(fp, 0, 0);
      |            ^~~~~~~~
gcc -std=gnu2x -I"/usr/local/lib/R/include" -DNDEBUG -D_FILE_OFFSET_BITS=64 -I'/usr/local/lib/R/site-library/Rhtslib/include' -I'/usr/local/lib/R/site-library/S4Vectors/include' -I'/usr/local/lib/R/site-library/IRanges/include' -I'/usr/local/lib/R/site-library/XVector/include' -I'/usr/local/lib/R/site-library/Biostrings/include' -I/usr/local/include    -fpic  -g -O2 -fstack-protector-strong -Wformat -Werror=format-security -Wdate-time -D_FORTIFY_SOURCE=2 -g  -c io_sam.c -o io_sam.o
In file included from io_sam.c:3:
io_sam.c: In function ‘_scan_bam_all’:
/usr/local/lib/R/site-library/Rhtslib/include/samtools-1.7-compat.h:14:32: warning: ignoring return value of ‘bgzf_seek’ declared with attribute ‘warn_unused_result’ [-Wunused-result]
   14 | #define bam_seek(fp, pos, dir) bgzf_seek(fp, pos, dir)
      |                                ^~~~~~~~~~~~~~~~~~~~~~~
io_sam.c:302:12: note: in expansion of macro ‘bam_seek’
  302 |     (void) bam_seek(bfile->file->x.bam, bfile->pos0, SEEK_SET);
      |            ^~~~~~~~
g++ -std=gnu++17 -I"/usr/local/lib/R/include" -DNDEBUG -D_FILE_OFFSET_BITS=64 -I'/usr/local/lib/R/site-library/Rhtslib/include' -I'/usr/local/lib/R/site-library/S4Vectors/include' -I'/usr/local/lib/R/site-library/IRanges/include' -I'/usr/local/lib/R/site-library/XVector/include' -I'/usr/local/lib/R/site-library/Biostrings/include' -I/usr/local/include    -fpic  -g -O2 -fstack-protector-strong -Wformat -Werror=format-security -Wdate-time -D_FORTIFY_SOURCE=2 -g   -c pbuffer_wrapper.cpp -o pbuffer_wrapper.o
g++ -std=gnu++17 -I"/usr/local/lib/R/include" -DNDEBUG -D_FILE_OFFSET_BITS=64 -I'/usr/local/lib/R/site-library/Rhtslib/include' -I'/usr/local/lib/R/site-library/S4Vectors/include' -I'/usr/local/lib/R/site-library/IRanges/include' -I'/usr/local/lib/R/site-library/XVector/include' -I'/usr/local/lib/R/site-library/Biostrings/include' -I/usr/local/include    -fpic  -g -O2 -fstack-protector-strong -Wformat -Werror=format-security -Wdate-time -D_FORTIFY_SOURCE=2 -g   -c pileup.cpp -o pileup.o
gcc -std=gnu2x -I"/usr/local/lib/R/include" -DNDEBUG -D_FILE_OFFSET_BITS=64 -I'/usr/local/lib/R/site-library/Rhtslib/include' -I'/usr/local/lib/R/site-library/S4Vectors/include' -I'/usr/local/lib/R/site-library/IRanges/include' -I'/usr/local/lib/R/site-library/XVector/include' -I'/usr/local/lib/R/site-library/Biostrings/include' -I/usr/local/include    -fpic  -g -O2 -fstack-protector-strong -Wformat -Werror=format-security -Wdate-time -D_FORTIFY_SOURCE=2 -g  -c pileupbam.c -o pileupbam.o
gcc -std=gnu2x -I"/usr/local/lib/R/include" -DNDEBUG -D_FILE_OFFSET_BITS=64 -I'/usr/local/lib/R/site-library/Rhtslib/include' -I'/usr/local/lib/R/site-library/S4Vectors/include' -I'/usr/local/lib/R/site-library/IRanges/include' -I'/usr/local/lib/R/site-library/XVector/include' -I'/usr/local/lib/R/site-library/Biostrings/include' -I/usr/local/include    -fpic  -g -O2 -fstack-protector-strong -Wformat -Werror=format-security -Wdate-time -D_FORTIFY_SOURCE=2 -g  -c sam_opts.c -o sam_opts.o
gcc -std=gnu2x -I"/usr/local/lib/R/include" -DNDEBUG -D_FILE_OFFSET_BITS=64 -I'/usr/local/lib/R/site-library/Rhtslib/include' -I'/usr/local/lib/R/site-library/S4Vectors/include' -I'/usr/local/lib/R/site-library/IRanges/include' -I'/usr/local/lib/R/site-library/XVector/include' -I'/usr/local/lib/R/site-library/Biostrings/include' -I/usr/local/include    -fpic  -g -O2 -fstack-protector-strong -Wformat -Werror=format-security -Wdate-time -D_FORTIFY_SOURCE=2 -g  -c sam_utils.c -o sam_utils.o
gcc -std=gnu2x -I"/usr/local/lib/R/include" -DNDEBUG -D_FILE_OFFSET_BITS=64 -I'/usr/local/lib/R/site-library/Rhtslib/include' -I'/usr/local/lib/R/site-library/S4Vectors/include' -I'/usr/local/lib/R/site-library/IRanges/include' -I'/usr/local/lib/R/site-library/XVector/include' -I'/usr/local/lib/R/site-library/Biostrings/include' -I/usr/local/include    -fpic  -g -O2 -fstack-protector-strong -Wformat -Werror=format-security -Wdate-time -D_FORTIFY_SOURCE=2 -g  -c samtools_patch.c -o samtools_patch.o
gcc -std=gnu2x -I"/usr/local/lib/R/include" -DNDEBUG -D_FILE_OFFSET_BITS=64 -I'/usr/local/lib/R/site-library/Rhtslib/include' -I'/usr/local/lib/R/site-library/S4Vectors/include' -I'/usr/local/lib/R/site-library/IRanges/include' -I'/usr/local/lib/R/site-library/XVector/include' -I'/usr/local/lib/R/site-library/Biostrings/include' -I/usr/local/include    -fpic  -g -O2 -fstack-protector-strong -Wformat -Werror=format-security -Wdate-time -D_FORTIFY_SOURCE=2 -g  -c scan_bam_data.c -o scan_bam_data.o
gcc -std=gnu2x -I"/usr/local/lib/R/include" -DNDEBUG -D_FILE_OFFSET_BITS=64 -I'/usr/local/lib/R/site-library/Rhtslib/include' -I'/usr/local/lib/R/site-library/S4Vectors/include' -I'/usr/local/lib/R/site-library/IRanges/include' -I'/usr/local/lib/R/site-library/XVector/include' -I'/usr/local/lib/R/site-library/Biostrings/include' -I/usr/local/include    -fpic  -g -O2 -fstack-protector-strong -Wformat -Werror=format-security -Wdate-time -D_FORTIFY_SOURCE=2 -g  -c tabixfile.c -o tabixfile.o
tabixfile.c: In function ‘index_tabix’:
tabixfile.c:190:5: warning: ‘bgzf_is_bgzf’ is deprecated: Use bgzf_compression() or hts_detect_format() instead [-Wdeprecated-declarations]
  190 |     if (bgzf_is_bgzf(fn) != 1)
      |     ^~
In file included from tabixfile.c:3:
/usr/local/lib/R/site-library/Rhtslib/include/htslib/bgzf.h:270:9: note: declared here
  270 |     int bgzf_is_bgzf(const char *fn) HTS_DEPRECATED("Use bgzf_compression() or hts_detect_format() instead");
      |         ^~~~~~~~~~~~
gcc -std=gnu2x -I"/usr/local/lib/R/include" -DNDEBUG -D_FILE_OFFSET_BITS=64 -I'/usr/local/lib/R/site-library/Rhtslib/include' -I'/usr/local/lib/R/site-library/S4Vectors/include' -I'/usr/local/lib/R/site-library/IRanges/include' -I'/usr/local/lib/R/site-library/XVector/include' -I'/usr/local/lib/R/site-library/Biostrings/include' -I/usr/local/include    -fpic  -g -O2 -fstack-protector-strong -Wformat -Werror=format-security -Wdate-time -D_FORTIFY_SOURCE=2 -g  -c tagfilter.c -o tagfilter.o
gcc -std=gnu2x -I"/usr/local/lib/R/include" -DNDEBUG -D_FILE_OFFSET_BITS=64 -I'/usr/local/lib/R/site-library/Rhtslib/include' -I'/usr/local/lib/R/site-library/S4Vectors/include' -I'/usr/local/lib/R/site-library/IRanges/include' -I'/usr/local/lib/R/site-library/XVector/include' -I'/usr/local/lib/R/site-library/Biostrings/include' -I/usr/local/include    -fpic  -g -O2 -fstack-protector-strong -Wformat -Werror=format-security -Wdate-time -D_FORTIFY_SOURCE=2 -g  -c utilities.c -o utilities.o
gcc -std=gnu2x -I"/usr/local/lib/R/include" -DNDEBUG -D_FILE_OFFSET_BITS=64 -I'/usr/local/lib/R/site-library/Rhtslib/include' -I'/usr/local/lib/R/site-library/S4Vectors/include' -I'/usr/local/lib/R/site-library/IRanges/include' -I'/usr/local/lib/R/site-library/XVector/include' -I'/usr/local/lib/R/site-library/Biostrings/include' -I/usr/local/include    -fpic  -g -O2 -fstack-protector-strong -Wformat -Werror=format-security -Wdate-time -D_FORTIFY_SOURCE=2 -g  -c zip_compression.c -o zip_compression.o
g++ -std=gnu++17 -shared -L/usr/local/lib/R/lib -L/usr/local/lib -o Rsamtools.so Biostrings_stubs.o COMPAT_bcf_hdr_read.o IRanges_stubs.o PileupBuffer.o PosCacheColl.o R_init_Rsamtools.o ResultManager.o S4Vectors_stubs.o XVector_stubs.o as_bam.o bam.o bam_data.o bam_mate_iter.o bam_plbuf.o bam_sort.o bambuffer.o bamfile.o bcffile.o bedidx.o encode.o fafile.o idxstats.o io_sam.o pbuffer_wrapper.o pileup.o pileupbam.o sam_opts.o sam_utils.o samtools_patch.o scan_bam_data.o tabixfile.o tagfilter.o utilities.o zip_compression.o /usr/local/lib/R/site-library/Rhtslib/usrlib/libhts.a -lcurl -lbz2 -llzma -lz -L/usr/local/lib/R/lib -lR
installing to /usr/local/lib/R/site-library/00LOCK-Rsamtools/00new/Rsamtools/libs
** R
** inst
** byte-compile and prepare package for lazy loading
** help
*** installing help indices
** building package indices
** installing vignettes
** testing if installed package can be loaded from temporary location
** checking absolute paths in shared objects and dynamic libraries
** testing if installed package can be loaded from final location
** testing if installed package keeps a record of temporary installation path
* creating tarball
packaged installation of ‘Rsamtools’ as ‘Rsamtools_2.24.0_R_x86_64-pc-linux-gnu.tar.gz’
* DONE (Rsamtools)
* installing *source* package ‘SummarizedExperiment’ ...
** this is package ‘SummarizedExperiment’ version ‘1.38.0’
** using staged installation
** R
** inst
** byte-compile and prepare package for lazy loading
** help
*** installing help indices
** building package indices
** installing vignettes
** testing if installed package can be loaded from temporary location
** testing if installed package can be loaded from final location
** testing if installed package keeps a record of temporary installation path
* creating tarball
packaged installation of ‘SummarizedExperiment’ as ‘SummarizedExperiment_1.38.0_R_x86_64-pc-linux-gnu.tar.gz’
* DONE (SummarizedExperiment)
* installing *source* package ‘GenomicAlignments’ ...
** this is package ‘GenomicAlignments’ version ‘1.44.0’
** using staged installation
** libs
using C compiler: ‘gcc (Ubuntu 13.3.0-6ubuntu2~24.04) 13.3.0’
gcc -std=gnu2x -I"/usr/local/lib/R/include" -DNDEBUG  -I'/usr/local/lib/R/site-library/S4Vectors/include' -I'/usr/local/lib/R/site-library/IRanges/include' -I/usr/local/include    -fpic  -g -O2 -fstack-protector-strong -Wformat -Werror=format-security -Wdate-time -D_FORTIFY_SOURCE=2 -g  -c IRanges_stubs.c -o IRanges_stubs.o
gcc -std=gnu2x -I"/usr/local/lib/R/include" -DNDEBUG  -I'/usr/local/lib/R/site-library/S4Vectors/include' -I'/usr/local/lib/R/site-library/IRanges/include' -I/usr/local/include    -fpic  -g -O2 -fstack-protector-strong -Wformat -Werror=format-security -Wdate-time -D_FORTIFY_SOURCE=2 -g  -c R_init_GenomicAlignments.c -o R_init_GenomicAlignments.o
gcc -std=gnu2x -I"/usr/local/lib/R/include" -DNDEBUG  -I'/usr/local/lib/R/site-library/S4Vectors/include' -I'/usr/local/lib/R/site-library/IRanges/include' -I/usr/local/include    -fpic  -g -O2 -fstack-protector-strong -Wformat -Werror=format-security -Wdate-time -D_FORTIFY_SOURCE=2 -g  -c S4Vectors_stubs.c -o S4Vectors_stubs.o
gcc -std=gnu2x -I"/usr/local/lib/R/include" -DNDEBUG  -I'/usr/local/lib/R/site-library/S4Vectors/include' -I'/usr/local/lib/R/site-library/IRanges/include' -I/usr/local/include    -fpic  -g -O2 -fstack-protector-strong -Wformat -Werror=format-security -Wdate-time -D_FORTIFY_SOURCE=2 -g  -c cigar_utils.c -o cigar_utils.o
gcc -std=gnu2x -I"/usr/local/lib/R/include" -DNDEBUG  -I'/usr/local/lib/R/site-library/S4Vectors/include' -I'/usr/local/lib/R/site-library/IRanges/include' -I/usr/local/include    -fpic  -g -O2 -fstack-protector-strong -Wformat -Werror=format-security -Wdate-time -D_FORTIFY_SOURCE=2 -g  -c coordinate_mapping_methods.c -o coordinate_mapping_methods.o
gcc -std=gnu2x -I"/usr/local/lib/R/include" -DNDEBUG  -I'/usr/local/lib/R/site-library/S4Vectors/include' -I'/usr/local/lib/R/site-library/IRanges/include' -I/usr/local/include    -fpic  -g -O2 -fstack-protector-strong -Wformat -Werror=format-security -Wdate-time -D_FORTIFY_SOURCE=2 -g  -c encodeOverlaps_methods.c -o encodeOverlaps_methods.o
gcc -std=gnu2x -shared -L/usr/local/lib/R/lib -L/usr/local/lib -o GenomicAlignments.so IRanges_stubs.o R_init_GenomicAlignments.o S4Vectors_stubs.o cigar_utils.o coordinate_mapping_methods.o encodeOverlaps_methods.o -L/usr/local/lib/R/lib -lR
installing to /usr/local/lib/R/site-library/00LOCK-GenomicAlignments/00new/GenomicAlignments/libs
** R
** inst
** byte-compile and prepare package for lazy loading
** help
*** installing help indices
** building package indices
** installing vignettes
** testing if installed package can be loaded from temporary location
** checking absolute paths in shared objects and dynamic libraries
** testing if installed package can be loaded from final location
** testing if installed package keeps a record of temporary installation path
* creating tarball
packaged installation of ‘GenomicAlignments’ as ‘GenomicAlignments_1.44.0_R_x86_64-pc-linux-gnu.tar.gz’
* DONE (GenomicAlignments)
* installing *source* package ‘rtracklayer’ ...
** this is package ‘rtracklayer’ version ‘1.68.0’
** using staged installation
checking for pkg-config... /usr/bin/pkg-config
checking pkg-config is at least version 0.9.0... yes
checking for OPENSSL... yes
configure: creating ./config.status
config.status: creating src/Makevars
** libs
using C compiler: ‘gcc (Ubuntu 13.3.0-6ubuntu2~24.04) 13.3.0’
gcc -std=gnu2x -I"/usr/local/lib/R/include" -DNDEBUG -DUSE_SSL -D_FILE_OFFSET_BITS=64 -I'/usr/local/lib/R/site-library/S4Vectors/include' -I'/usr/local/lib/R/site-library/IRanges/include' -I'/usr/local/lib/R/site-library/XVector/include' -I/usr/local/include    -fpic  -g -O2 -fstack-protector-strong -Wformat -Werror=format-security -Wdate-time -D_FORTIFY_SOURCE=2 -g  -c S4Vectors_stubs.c -o S4Vectors_stubs.o
gcc -std=gnu2x -I"/usr/local/lib/R/include" -DNDEBUG -DUSE_SSL -D_FILE_OFFSET_BITS=64 -I'/usr/local/lib/R/site-library/S4Vectors/include' -I'/usr/local/lib/R/site-library/IRanges/include' -I'/usr/local/lib/R/site-library/XVector/include' -I/usr/local/include    -fpic  -g -O2 -fstack-protector-strong -Wformat -Werror=format-security -Wdate-time -D_FORTIFY_SOURCE=2 -g  -c IRanges_stubs.c -o IRanges_stubs.o
gcc -std=gnu2x -I"/usr/local/lib/R/include" -DNDEBUG -DUSE_SSL -D_FILE_OFFSET_BITS=64 -I'/usr/local/lib/R/site-library/S4Vectors/include' -I'/usr/local/lib/R/site-library/IRanges/include' -I'/usr/local/lib/R/site-library/XVector/include' -I/usr/local/include    -fpic  -g -O2 -fstack-protector-strong -Wformat -Werror=format-security -Wdate-time -D_FORTIFY_SOURCE=2 -g  -c XVector_stubs.c -o XVector_stubs.o
gcc -std=gnu2x -I"/usr/local/lib/R/include" -DNDEBUG -DUSE_SSL -D_FILE_OFFSET_BITS=64 -I'/usr/local/lib/R/site-library/S4Vectors/include' -I'/usr/local/lib/R/site-library/IRanges/include' -I'/usr/local/lib/R/site-library/XVector/include' -I/usr/local/include    -fpic  -g -O2 -fstack-protector-strong -Wformat -Werror=format-security -Wdate-time -D_FORTIFY_SOURCE=2 -g  -c R_init_rtracklayer.c -o R_init_rtracklayer.o
gcc -std=gnu2x -I"/usr/local/lib/R/include" -DNDEBUG -DUSE_SSL -D_FILE_OFFSET_BITS=64 -I'/usr/local/lib/R/site-library/S4Vectors/include' -I'/usr/local/lib/R/site-library/IRanges/include' -I'/usr/local/lib/R/site-library/XVector/include' -I/usr/local/include    -fpic  -g -O2 -fstack-protector-strong -Wformat -Werror=format-security -Wdate-time -D_FORTIFY_SOURCE=2 -g  -c readGFF.c -o readGFF.o
gcc -std=gnu2x -I"/usr/local/lib/R/include" -DNDEBUG -DUSE_SSL -D_FILE_OFFSET_BITS=64 -I'/usr/local/lib/R/site-library/S4Vectors/include' -I'/usr/local/lib/R/site-library/IRanges/include' -I'/usr/local/lib/R/site-library/XVector/include' -I/usr/local/include    -fpic  -g -O2 -fstack-protector-strong -Wformat -Werror=format-security -Wdate-time -D_FORTIFY_SOURCE=2 -g  -c bbiHelper.c -o bbiHelper.o
gcc -std=gnu2x -I"/usr/local/lib/R/include" -DNDEBUG -DUSE_SSL -D_FILE_OFFSET_BITS=64 -I'/usr/local/lib/R/site-library/S4Vectors/include' -I'/usr/local/lib/R/site-library/IRanges/include' -I'/usr/local/lib/R/site-library/XVector/include' -I/usr/local/include    -fpic  -g -O2 -fstack-protector-strong -Wformat -Werror=format-security -Wdate-time -D_FORTIFY_SOURCE=2 -g  -c bigWig.c -o bigWig.o
gcc -std=gnu2x -I"/usr/local/lib/R/include" -DNDEBUG -DUSE_SSL -D_FILE_OFFSET_BITS=64 -I'/usr/local/lib/R/site-library/S4Vectors/include' -I'/usr/local/lib/R/site-library/IRanges/include' -I'/usr/local/lib/R/site-library/XVector/include' -I/usr/local/include    -fpic  -g -O2 -fstack-protector-strong -Wformat -Werror=format-security -Wdate-time -D_FORTIFY_SOURCE=2 -g  -c bigBedHelper.c -o bigBedHelper.o
gcc -std=gnu2x -I"/usr/local/lib/R/include" -DNDEBUG -DUSE_SSL -D_FILE_OFFSET_BITS=64 -I'/usr/local/lib/R/site-library/S4Vectors/include' -I'/usr/local/lib/R/site-library/IRanges/include' -I'/usr/local/lib/R/site-library/XVector/include' -I/usr/local/include    -fpic  -g -O2 -fstack-protector-strong -Wformat -Werror=format-security -Wdate-time -D_FORTIFY_SOURCE=2 -g  -c bigBed.c -o bigBed.o
gcc -std=gnu2x -I"/usr/local/lib/R/include" -DNDEBUG -DUSE_SSL -D_FILE_OFFSET_BITS=64 -I'/usr/local/lib/R/site-library/S4Vectors/include' -I'/usr/local/lib/R/site-library/IRanges/include' -I'/usr/local/lib/R/site-library/XVector/include' -I/usr/local/include    -fpic  -g -O2 -fstack-protector-strong -Wformat -Werror=format-security -Wdate-time -D_FORTIFY_SOURCE=2 -g  -c chain_io.c -o chain_io.o
gcc -std=gnu2x -I"/usr/local/lib/R/include" -DNDEBUG -DUSE_SSL -D_FILE_OFFSET_BITS=64 -I'/usr/local/lib/R/site-library/S4Vectors/include' -I'/usr/local/lib/R/site-library/IRanges/include' -I'/usr/local/lib/R/site-library/XVector/include' -I/usr/local/include    -fpic  -g -O2 -fstack-protector-strong -Wformat -Werror=format-security -Wdate-time -D_FORTIFY_SOURCE=2 -g  -c twoBit.c -o twoBit.o
gcc -std=gnu2x -I"/usr/local/lib/R/include" -DNDEBUG -DUSE_SSL -D_FILE_OFFSET_BITS=64 -I'/usr/local/lib/R/site-library/S4Vectors/include' -I'/usr/local/lib/R/site-library/IRanges/include' -I'/usr/local/lib/R/site-library/XVector/include' -I/usr/local/include    -fpic  -g -O2 -fstack-protector-strong -Wformat -Werror=format-security -Wdate-time -D_FORTIFY_SOURCE=2 -g  -c handlers.c -o handlers.o
gcc -std=gnu2x -I"/usr/local/lib/R/include" -DNDEBUG -DUSE_SSL -D_FILE_OFFSET_BITS=64 -I'/usr/local/lib/R/site-library/S4Vectors/include' -I'/usr/local/lib/R/site-library/IRanges/include' -I'/usr/local/lib/R/site-library/XVector/include' -I/usr/local/include    -fpic  -g -O2 -fstack-protector-strong -Wformat -Werror=format-security -Wdate-time -D_FORTIFY_SOURCE=2 -g  -c utils.c -o utils.o
gcc -std=gnu2x -I"/usr/local/lib/R/include" -DNDEBUG -DUSE_SSL -D_FILE_OFFSET_BITS=64 -I'/usr/local/lib/R/site-library/S4Vectors/include' -I'/usr/local/lib/R/site-library/IRanges/include' -I'/usr/local/lib/R/site-library/XVector/include' -I/usr/local/include    -fpic  -g -O2 -fstack-protector-strong -Wformat -Werror=format-security -Wdate-time -D_FORTIFY_SOURCE=2 -g  -c ucsc/memgfx.c -o ucsc/memgfx.o
gcc -std=gnu2x -I"/usr/local/lib/R/include" -DNDEBUG -DUSE_SSL -D_FILE_OFFSET_BITS=64 -I'/usr/local/lib/R/site-library/S4Vectors/include' -I'/usr/local/lib/R/site-library/IRanges/include' -I'/usr/local/lib/R/site-library/XVector/include' -I/usr/local/include    -fpic  -g -O2 -fstack-protector-strong -Wformat -Werror=format-security -Wdate-time -D_FORTIFY_SOURCE=2 -g  -c ucsc/binRange.c -o ucsc/binRange.o
gcc -std=gnu2x -I"/usr/local/lib/R/include" -DNDEBUG -DUSE_SSL -D_FILE_OFFSET_BITS=64 -I'/usr/local/lib/R/site-library/S4Vectors/include' -I'/usr/local/lib/R/site-library/IRanges/include' -I'/usr/local/lib/R/site-library/XVector/include' -I/usr/local/include    -fpic  -g -O2 -fstack-protector-strong -Wformat -Werror=format-security -Wdate-time -D_FORTIFY_SOURCE=2 -g  -c ucsc/htmlColor.c -o ucsc/htmlColor.o
gcc -std=gnu2x -I"/usr/local/lib/R/include" -DNDEBUG -DUSE_SSL -D_FILE_OFFSET_BITS=64 -I'/usr/local/lib/R/site-library/S4Vectors/include' -I'/usr/local/lib/R/site-library/IRanges/include' -I'/usr/local/lib/R/site-library/XVector/include' -I/usr/local/include    -fpic  -g -O2 -fstack-protector-strong -Wformat -Werror=format-security -Wdate-time -D_FORTIFY_SOURCE=2 -g  -c ucsc/sqlList.c -o ucsc/sqlList.o
gcc -std=gnu2x -I"/usr/local/lib/R/include" -DNDEBUG -DUSE_SSL -D_FILE_OFFSET_BITS=64 -I'/usr/local/lib/R/site-library/S4Vectors/include' -I'/usr/local/lib/R/site-library/IRanges/include' -I'/usr/local/lib/R/site-library/XVector/include' -I/usr/local/include    -fpic  -g -O2 -fstack-protector-strong -Wformat -Werror=format-security -Wdate-time -D_FORTIFY_SOURCE=2 -g  -c ucsc/tokenizer.c -o ucsc/tokenizer.o
gcc -std=gnu2x -I"/usr/local/lib/R/include" -DNDEBUG -DUSE_SSL -D_FILE_OFFSET_BITS=64 -I'/usr/local/lib/R/site-library/S4Vectors/include' -I'/usr/local/lib/R/site-library/IRanges/include' -I'/usr/local/lib/R/site-library/XVector/include' -I/usr/local/include    -fpic  -g -O2 -fstack-protector-strong -Wformat -Werror=format-security -Wdate-time -D_FORTIFY_SOURCE=2 -g  -c ucsc/asParse.c -o ucsc/asParse.o
gcc -std=gnu2x -I"/usr/local/lib/R/include" -DNDEBUG -DUSE_SSL -D_FILE_OFFSET_BITS=64 -I'/usr/local/lib/R/site-library/S4Vectors/include' -I'/usr/local/lib/R/site-library/IRanges/include' -I'/usr/local/lib/R/site-library/XVector/include' -I/usr/local/include    -fpic  -g -O2 -fstack-protector-strong -Wformat -Werror=format-security -Wdate-time -D_FORTIFY_SOURCE=2 -g  -c ucsc/basicBed.c -o ucsc/basicBed.o
gcc -std=gnu2x -I"/usr/local/lib/R/include" -DNDEBUG -DUSE_SSL -D_FILE_OFFSET_BITS=64 -I'/usr/local/lib/R/site-library/S4Vectors/include' -I'/usr/local/lib/R/site-library/IRanges/include' -I'/usr/local/lib/R/site-library/XVector/include' -I/usr/local/include    -fpic  -g -O2 -fstack-protector-strong -Wformat -Werror=format-security -Wdate-time -D_FORTIFY_SOURCE=2 -g  -c ucsc/bigBed.c -o ucsc/bigBed.o
gcc -std=gnu2x -I"/usr/local/lib/R/include" -DNDEBUG -DUSE_SSL -D_FILE_OFFSET_BITS=64 -I'/usr/local/lib/R/site-library/S4Vectors/include' -I'/usr/local/lib/R/site-library/IRanges/include' -I'/usr/local/lib/R/site-library/XVector/include' -I/usr/local/include    -fpic  -g -O2 -fstack-protector-strong -Wformat -Werror=format-security -Wdate-time -D_FORTIFY_SOURCE=2 -g  -c ucsc/bPlusTree.c -o ucsc/bPlusTree.o
gcc -std=gnu2x -I"/usr/local/lib/R/include" -DNDEBUG -DUSE_SSL -D_FILE_OFFSET_BITS=64 -I'/usr/local/lib/R/site-library/S4Vectors/include' -I'/usr/local/lib/R/site-library/IRanges/include' -I'/usr/local/lib/R/site-library/XVector/include' -I/usr/local/include    -fpic  -g -O2 -fstack-protector-strong -Wformat -Werror=format-security -Wdate-time -D_FORTIFY_SOURCE=2 -g  -c ucsc/bbiRead.c -o ucsc/bbiRead.o
gcc -std=gnu2x -I"/usr/local/lib/R/include" -DNDEBUG -DUSE_SSL -D_FILE_OFFSET_BITS=64 -I'/usr/local/lib/R/site-library/S4Vectors/include' -I'/usr/local/lib/R/site-library/IRanges/include' -I'/usr/local/lib/R/site-library/XVector/include' -I/usr/local/include    -fpic  -g -O2 -fstack-protector-strong -Wformat -Werror=format-security -Wdate-time -D_FORTIFY_SOURCE=2 -g  -c ucsc/bbiWrite.c -o ucsc/bbiWrite.o
gcc -std=gnu2x -I"/usr/local/lib/R/include" -DNDEBUG -DUSE_SSL -D_FILE_OFFSET_BITS=64 -I'/usr/local/lib/R/site-library/S4Vectors/include' -I'/usr/local/lib/R/site-library/IRanges/include' -I'/usr/local/lib/R/site-library/XVector/include' -I/usr/local/include    -fpic  -g -O2 -fstack-protector-strong -Wformat -Werror=format-security -Wdate-time -D_FORTIFY_SOURCE=2 -g  -c ucsc/bwgCreate.c -o ucsc/bwgCreate.o
gcc -std=gnu2x -I"/usr/local/lib/R/include" -DNDEBUG -DUSE_SSL -D_FILE_OFFSET_BITS=64 -I'/usr/local/lib/R/site-library/S4Vectors/include' -I'/usr/local/lib/R/site-library/IRanges/include' -I'/usr/local/lib/R/site-library/XVector/include' -I/usr/local/include    -fpic  -g -O2 -fstack-protector-strong -Wformat -Werror=format-security -Wdate-time -D_FORTIFY_SOURCE=2 -g  -c ucsc/bwgQuery.c -o ucsc/bwgQuery.o
gcc -std=gnu2x -I"/usr/local/lib/R/include" -DNDEBUG -DUSE_SSL -D_FILE_OFFSET_BITS=64 -I'/usr/local/lib/R/site-library/S4Vectors/include' -I'/usr/local/lib/R/site-library/IRanges/include' -I'/usr/local/lib/R/site-library/XVector/include' -I/usr/local/include    -fpic  -g -O2 -fstack-protector-strong -Wformat -Werror=format-security -Wdate-time -D_FORTIFY_SOURCE=2 -g  -c ucsc/cirTree.c -o ucsc/cirTree.o
gcc -std=gnu2x -I"/usr/local/lib/R/include" -DNDEBUG -DUSE_SSL -D_FILE_OFFSET_BITS=64 -I'/usr/local/lib/R/site-library/S4Vectors/include' -I'/usr/local/lib/R/site-library/IRanges/include' -I'/usr/local/lib/R/site-library/XVector/include' -I/usr/local/include    -fpic  -g -O2 -fstack-protector-strong -Wformat -Werror=format-security -Wdate-time -D_FORTIFY_SOURCE=2 -g  -c ucsc/common.c -o ucsc/common.o
gcc -std=gnu2x -I"/usr/local/lib/R/include" -DNDEBUG -DUSE_SSL -D_FILE_OFFSET_BITS=64 -I'/usr/local/lib/R/site-library/S4Vectors/include' -I'/usr/local/lib/R/site-library/IRanges/include' -I'/usr/local/lib/R/site-library/XVector/include' -I/usr/local/include    -fpic  -g -O2 -fstack-protector-strong -Wformat -Werror=format-security -Wdate-time -D_FORTIFY_SOURCE=2 -g  -c ucsc/dnaseq.c -o ucsc/dnaseq.o
gcc -std=gnu2x -I"/usr/local/lib/R/include" -DNDEBUG -DUSE_SSL -D_FILE_OFFSET_BITS=64 -I'/usr/local/lib/R/site-library/S4Vectors/include' -I'/usr/local/lib/R/site-library/IRanges/include' -I'/usr/local/lib/R/site-library/XVector/include' -I/usr/local/include    -fpic  -g -O2 -fstack-protector-strong -Wformat -Werror=format-security -Wdate-time -D_FORTIFY_SOURCE=2 -g  -c ucsc/dnautil.c -o ucsc/dnautil.o
gcc -std=gnu2x -I"/usr/local/lib/R/include" -DNDEBUG -DUSE_SSL -D_FILE_OFFSET_BITS=64 -I'/usr/local/lib/R/site-library/S4Vectors/include' -I'/usr/local/lib/R/site-library/IRanges/include' -I'/usr/local/lib/R/site-library/XVector/include' -I/usr/local/include    -fpic  -g -O2 -fstack-protector-strong -Wformat -Werror=format-security -Wdate-time -D_FORTIFY_SOURCE=2 -g  -c ucsc/errAbort.c -o ucsc/errAbort.o
gcc -std=gnu2x -I"/usr/local/lib/R/include" -DNDEBUG -DUSE_SSL -D_FILE_OFFSET_BITS=64 -I'/usr/local/lib/R/site-library/S4Vectors/include' -I'/usr/local/lib/R/site-library/IRanges/include' -I'/usr/local/lib/R/site-library/XVector/include' -I/usr/local/include    -fpic  -g -O2 -fstack-protector-strong -Wformat -Werror=format-security -Wdate-time -D_FORTIFY_SOURCE=2 -g  -c ucsc/hash.c -o ucsc/hash.o
gcc -std=gnu2x -I"/usr/local/lib/R/include" -DNDEBUG -DUSE_SSL -D_FILE_OFFSET_BITS=64 -I'/usr/local/lib/R/site-library/S4Vectors/include' -I'/usr/local/lib/R/site-library/IRanges/include' -I'/usr/local/lib/R/site-library/XVector/include' -I/usr/local/include    -fpic  -g -O2 -fstack-protector-strong -Wformat -Werror=format-security -Wdate-time -D_FORTIFY_SOURCE=2 -g  -c ucsc/linefile.c -o ucsc/linefile.o
gcc -std=gnu2x -I"/usr/local/lib/R/include" -DNDEBUG -DUSE_SSL -D_FILE_OFFSET_BITS=64 -I'/usr/local/lib/R/site-library/S4Vectors/include' -I'/usr/local/lib/R/site-library/IRanges/include' -I'/usr/local/lib/R/site-library/XVector/include' -I/usr/local/include    -fpic  -g -O2 -fstack-protector-strong -Wformat -Werror=format-security -Wdate-time -D_FORTIFY_SOURCE=2 -g  -c ucsc/localmem.c -o ucsc/localmem.o
gcc -std=gnu2x -I"/usr/local/lib/R/include" -DNDEBUG -DUSE_SSL -D_FILE_OFFSET_BITS=64 -I'/usr/local/lib/R/site-library/S4Vectors/include' -I'/usr/local/lib/R/site-library/IRanges/include' -I'/usr/local/lib/R/site-library/XVector/include' -I/usr/local/include    -fpic  -g -O2 -fstack-protector-strong -Wformat -Werror=format-security -Wdate-time -D_FORTIFY_SOURCE=2 -g  -c ucsc/sqlNum.c -o ucsc/sqlNum.o
gcc -std=gnu2x -I"/usr/local/lib/R/include" -DNDEBUG -DUSE_SSL -D_FILE_OFFSET_BITS=64 -I'/usr/local/lib/R/site-library/S4Vectors/include' -I'/usr/local/lib/R/site-library/IRanges/include' -I'/usr/local/lib/R/site-library/XVector/include' -I/usr/local/include    -fpic  -g -O2 -fstack-protector-strong -Wformat -Werror=format-security -Wdate-time -D_FORTIFY_SOURCE=2 -g  -c ucsc/zlibFace.c -o ucsc/zlibFace.o
gcc -std=gnu2x -I"/usr/local/lib/R/include" -DNDEBUG -DUSE_SSL -D_FILE_OFFSET_BITS=64 -I'/usr/local/lib/R/site-library/S4Vectors/include' -I'/usr/local/lib/R/site-library/IRanges/include' -I'/usr/local/lib/R/site-library/XVector/include' -I/usr/local/include    -fpic  -g -O2 -fstack-protector-strong -Wformat -Werror=format-security -Wdate-time -D_FORTIFY_SOURCE=2 -g  -c ucsc/dystring.c -o ucsc/dystring.o
gcc -std=gnu2x -I"/usr/local/lib/R/include" -DNDEBUG -DUSE_SSL -D_FILE_OFFSET_BITS=64 -I'/usr/local/lib/R/site-library/S4Vectors/include' -I'/usr/local/lib/R/site-library/IRanges/include' -I'/usr/local/lib/R/site-library/XVector/include' -I/usr/local/include    -fpic  -g -O2 -fstack-protector-strong -Wformat -Werror=format-security -Wdate-time -D_FORTIFY_SOURCE=2 -g  -c ucsc/hmmstats.c -o ucsc/hmmstats.o
gcc -std=gnu2x -I"/usr/local/lib/R/include" -DNDEBUG -DUSE_SSL -D_FILE_OFFSET_BITS=64 -I'/usr/local/lib/R/site-library/S4Vectors/include' -I'/usr/local/lib/R/site-library/IRanges/include' -I'/usr/local/lib/R/site-library/XVector/include' -I/usr/local/include    -fpic  -g -O2 -fstack-protector-strong -Wformat -Werror=format-security -Wdate-time -D_FORTIFY_SOURCE=2 -g  -c ucsc/obscure.c -o ucsc/obscure.o
gcc -std=gnu2x -I"/usr/local/lib/R/include" -DNDEBUG -DUSE_SSL -D_FILE_OFFSET_BITS=64 -I'/usr/local/lib/R/site-library/S4Vectors/include' -I'/usr/local/lib/R/site-library/IRanges/include' -I'/usr/local/lib/R/site-library/XVector/include' -I/usr/local/include    -fpic  -g -O2 -fstack-protector-strong -Wformat -Werror=format-security -Wdate-time -D_FORTIFY_SOURCE=2 -g  -c ucsc/rangeTree.c -o ucsc/rangeTree.o
gcc -std=gnu2x -I"/usr/local/lib/R/include" -DNDEBUG -DUSE_SSL -D_FILE_OFFSET_BITS=64 -I'/usr/local/lib/R/site-library/S4Vectors/include' -I'/usr/local/lib/R/site-library/IRanges/include' -I'/usr/local/lib/R/site-library/XVector/include' -I/usr/local/include    -fpic  -g -O2 -fstack-protector-strong -Wformat -Werror=format-security -Wdate-time -D_FORTIFY_SOURCE=2 -g  -c ucsc/rbTree.c -o ucsc/rbTree.o
gcc -std=gnu2x -I"/usr/local/lib/R/include" -DNDEBUG -DUSE_SSL -D_FILE_OFFSET_BITS=64 -I'/usr/local/lib/R/site-library/S4Vectors/include' -I'/usr/local/lib/R/site-library/IRanges/include' -I'/usr/local/lib/R/site-library/XVector/include' -I/usr/local/include    -fpic  -g -O2 -fstack-protector-strong -Wformat -Werror=format-security -Wdate-time -D_FORTIFY_SOURCE=2 -g  -c ucsc/memalloc.c -o ucsc/memalloc.o
gcc -std=gnu2x -I"/usr/local/lib/R/include" -DNDEBUG -DUSE_SSL -D_FILE_OFFSET_BITS=64 -I'/usr/local/lib/R/site-library/S4Vectors/include' -I'/usr/local/lib/R/site-library/IRanges/include' -I'/usr/local/lib/R/site-library/XVector/include' -I/usr/local/include    -fpic  -g -O2 -fstack-protector-strong -Wformat -Werror=format-security -Wdate-time -D_FORTIFY_SOURCE=2 -g  -c ucsc/dlist.c -o ucsc/dlist.o
gcc -std=gnu2x -I"/usr/local/lib/R/include" -DNDEBUG -DUSE_SSL -D_FILE_OFFSET_BITS=64 -I'/usr/local/lib/R/site-library/S4Vectors/include' -I'/usr/local/lib/R/site-library/IRanges/include' -I'/usr/local/lib/R/site-library/XVector/include' -I/usr/local/include    -fpic  -g -O2 -fstack-protector-strong -Wformat -Werror=format-security -Wdate-time -D_FORTIFY_SOURCE=2 -g  -c ucsc/filePath.c -o ucsc/filePath.o
gcc -std=gnu2x -I"/usr/local/lib/R/include" -DNDEBUG -DUSE_SSL -D_FILE_OFFSET_BITS=64 -I'/usr/local/lib/R/site-library/S4Vectors/include' -I'/usr/local/lib/R/site-library/IRanges/include' -I'/usr/local/lib/R/site-library/XVector/include' -I/usr/local/include    -fpic  -g -O2 -fstack-protector-strong -Wformat -Werror=format-security -Wdate-time -D_FORTIFY_SOURCE=2 -g  -c ucsc/htmlPage.c -o ucsc/htmlPage.o
gcc -std=gnu2x -I"/usr/local/lib/R/include" -DNDEBUG -DUSE_SSL -D_FILE_OFFSET_BITS=64 -I'/usr/local/lib/R/site-library/S4Vectors/include' -I'/usr/local/lib/R/site-library/IRanges/include' -I'/usr/local/lib/R/site-library/XVector/include' -I/usr/local/include    -fpic  -g -O2 -fstack-protector-strong -Wformat -Werror=format-security -Wdate-time -D_FORTIFY_SOURCE=2 -g  -c ucsc/udc.c -o ucsc/udc.o
ucsc/udc.c: In function ‘qEncode’:
ucsc/udc.c:936:26: warning: ‘%02X’ directive output may be truncated writing between 2 and 8 bytes into a region of size 2 [-Wformat-truncation=]
  936 |         snprintf(d, 3, "Q%02X", (unsigned)c);
      |                          ^~~~
ucsc/udc.c:936:24: note: directive argument in the range [1, 4294967295]
  936 |         snprintf(d, 3, "Q%02X", (unsigned)c);
      |                        ^~~~~~~
In file included from /usr/include/stdio.h:980,
                 from ucsc/common.h:30,
                 from ucsc/udc.c:34:
In function ‘snprintf’,
    inlined from ‘qEncode’ at ucsc/udc.c:936:2:
/usr/include/x86_64-linux-gnu/bits/stdio2.h:54:10: note: ‘__builtin___snprintf_chk’ output between 4 and 10 bytes into a destination of size 3
   54 |   return __builtin___snprintf_chk (__s, __n, __USE_FORTIFY_LEVEL - 1,
      |          ^~~~~~~~~~~~~~~~~~~~~~~~~~~~~~~~~~~~~~~~~~~~~~~~~~~~~~~~~~~~
   55 |                                    __glibc_objsize (__s), __fmt,
      |                                    ~~~~~~~~~~~~~~~~~~~~~~~~~~~~~
   56 |                                    __va_arg_pack ());
      |                                    ~~~~~~~~~~~~~~~~~
gcc -std=gnu2x -I"/usr/local/lib/R/include" -DNDEBUG -DUSE_SSL -D_FILE_OFFSET_BITS=64 -I'/usr/local/lib/R/site-library/S4Vectors/include' -I'/usr/local/lib/R/site-library/IRanges/include' -I'/usr/local/lib/R/site-library/XVector/include' -I/usr/local/include    -fpic  -g -O2 -fstack-protector-strong -Wformat -Werror=format-security -Wdate-time -D_FORTIFY_SOURCE=2 -g  -c ucsc/net.c -o ucsc/net.o
gcc -std=gnu2x -I"/usr/local/lib/R/include" -DNDEBUG -DUSE_SSL -D_FILE_OFFSET_BITS=64 -I'/usr/local/lib/R/site-library/S4Vectors/include' -I'/usr/local/lib/R/site-library/IRanges/include' -I'/usr/local/lib/R/site-library/XVector/include' -I/usr/local/include    -fpic  -g -O2 -fstack-protector-strong -Wformat -Werror=format-security -Wdate-time -D_FORTIFY_SOURCE=2 -g  -c ucsc/bits.c -o ucsc/bits.o
gcc -std=gnu2x -I"/usr/local/lib/R/include" -DNDEBUG -DUSE_SSL -D_FILE_OFFSET_BITS=64 -I'/usr/local/lib/R/site-library/S4Vectors/include' -I'/usr/local/lib/R/site-library/IRanges/include' -I'/usr/local/lib/R/site-library/XVector/include' -I/usr/local/include    -fpic  -g -O2 -fstack-protector-strong -Wformat -Werror=format-security -Wdate-time -D_FORTIFY_SOURCE=2 -g  -c ucsc/twoBit.c -o ucsc/twoBit.o
gcc -std=gnu2x -I"/usr/local/lib/R/include" -DNDEBUG -DUSE_SSL -D_FILE_OFFSET_BITS=64 -I'/usr/local/lib/R/site-library/S4Vectors/include' -I'/usr/local/lib/R/site-library/IRanges/include' -I'/usr/local/lib/R/site-library/XVector/include' -I/usr/local/include    -fpic  -g -O2 -fstack-protector-strong -Wformat -Werror=format-security -Wdate-time -D_FORTIFY_SOURCE=2 -g  -c ucsc/_cheapcgi.c -o ucsc/_cheapcgi.o
gcc -std=gnu2x -I"/usr/local/lib/R/include" -DNDEBUG -DUSE_SSL -D_FILE_OFFSET_BITS=64 -I'/usr/local/lib/R/site-library/S4Vectors/include' -I'/usr/local/lib/R/site-library/IRanges/include' -I'/usr/local/lib/R/site-library/XVector/include' -I/usr/local/include    -fpic  -g -O2 -fstack-protector-strong -Wformat -Werror=format-security -Wdate-time -D_FORTIFY_SOURCE=2 -g  -c ucsc/internet.c -o ucsc/internet.o
gcc -std=gnu2x -I"/usr/local/lib/R/include" -DNDEBUG -DUSE_SSL -D_FILE_OFFSET_BITS=64 -I'/usr/local/lib/R/site-library/S4Vectors/include' -I'/usr/local/lib/R/site-library/IRanges/include' -I'/usr/local/lib/R/site-library/XVector/include' -I/usr/local/include    -fpic  -g -O2 -fstack-protector-strong -Wformat -Werror=format-security -Wdate-time -D_FORTIFY_SOURCE=2 -g  -c ucsc/https.c -o ucsc/https.o
gcc -std=gnu2x -I"/usr/local/lib/R/include" -DNDEBUG -DUSE_SSL -D_FILE_OFFSET_BITS=64 -I'/usr/local/lib/R/site-library/S4Vectors/include' -I'/usr/local/lib/R/site-library/IRanges/include' -I'/usr/local/lib/R/site-library/XVector/include' -I/usr/local/include    -fpic  -g -O2 -fstack-protector-strong -Wformat -Werror=format-security -Wdate-time -D_FORTIFY_SOURCE=2 -g  -c ucsc/base64.c -o ucsc/base64.o
gcc -std=gnu2x -I"/usr/local/lib/R/include" -DNDEBUG -DUSE_SSL -D_FILE_OFFSET_BITS=64 -I'/usr/local/lib/R/site-library/S4Vectors/include' -I'/usr/local/lib/R/site-library/IRanges/include' -I'/usr/local/lib/R/site-library/XVector/include' -I/usr/local/include    -fpic  -g -O2 -fstack-protector-strong -Wformat -Werror=format-security -Wdate-time -D_FORTIFY_SOURCE=2 -g  -c ucsc/verbose.c -o ucsc/verbose.o
gcc -std=gnu2x -I"/usr/local/lib/R/include" -DNDEBUG -DUSE_SSL -D_FILE_OFFSET_BITS=64 -I'/usr/local/lib/R/site-library/S4Vectors/include' -I'/usr/local/lib/R/site-library/IRanges/include' -I'/usr/local/lib/R/site-library/XVector/include' -I/usr/local/include    -fpic  -g -O2 -fstack-protector-strong -Wformat -Werror=format-security -Wdate-time -D_FORTIFY_SOURCE=2 -g  -c ucsc/os.c -o ucsc/os.o
gcc -std=gnu2x -I"/usr/local/lib/R/include" -DNDEBUG -DUSE_SSL -D_FILE_OFFSET_BITS=64 -I'/usr/local/lib/R/site-library/S4Vectors/include' -I'/usr/local/lib/R/site-library/IRanges/include' -I'/usr/local/lib/R/site-library/XVector/include' -I/usr/local/include    -fpic  -g -O2 -fstack-protector-strong -Wformat -Werror=format-security -Wdate-time -D_FORTIFY_SOURCE=2 -g  -c ucsc/wildcmp.c -o ucsc/wildcmp.o
gcc -std=gnu2x -I"/usr/local/lib/R/include" -DNDEBUG -DUSE_SSL -D_FILE_OFFSET_BITS=64 -I'/usr/local/lib/R/site-library/S4Vectors/include' -I'/usr/local/lib/R/site-library/IRanges/include' -I'/usr/local/lib/R/site-library/XVector/include' -I/usr/local/include    -fpic  -g -O2 -fstack-protector-strong -Wformat -Werror=format-security -Wdate-time -D_FORTIFY_SOURCE=2 -g  -c ucsc/_portimpl.c -o ucsc/_portimpl.o
gcc -std=gnu2x -shared -L/usr/local/lib/R/lib -L/usr/local/lib -o rtracklayer.so S4Vectors_stubs.o IRanges_stubs.o XVector_stubs.o R_init_rtracklayer.o readGFF.o bbiHelper.o bigWig.o bigBedHelper.o bigBed.o chain_io.o twoBit.o handlers.o utils.o ucsc/memgfx.o ucsc/binRange.o ucsc/htmlColor.o ucsc/sqlList.o ucsc/tokenizer.o ucsc/asParse.o ucsc/basicBed.o ucsc/bigBed.o ucsc/bPlusTree.o ucsc/bbiRead.o ucsc/bbiWrite.o ucsc/bwgCreate.o ucsc/bwgQuery.o ucsc/cirTree.o ucsc/common.o ucsc/dnaseq.o ucsc/dnautil.o ucsc/errAbort.o ucsc/hash.o ucsc/linefile.o ucsc/localmem.o ucsc/sqlNum.o ucsc/zlibFace.o ucsc/dystring.o ucsc/hmmstats.o ucsc/obscure.o ucsc/rangeTree.o ucsc/rbTree.o ucsc/memalloc.o ucsc/dlist.o ucsc/filePath.o ucsc/htmlPage.o ucsc/udc.o ucsc/net.o ucsc/bits.o ucsc/twoBit.o ucsc/_cheapcgi.o ucsc/internet.o ucsc/https.o ucsc/base64.o ucsc/verbose.o ucsc/os.o ucsc/wildcmp.o ucsc/_portimpl.o -lz -pthread -lssl -lcrypto -lcurl -L/usr/local/lib/R/lib -lR
installing to /usr/local/lib/R/site-library/00LOCK-rtracklayer/00new/rtracklayer/libs
** R
** data
** demo
** inst
** byte-compile and prepare package for lazy loading
Creating a generic function for ‘offset’ from package ‘stats’ in package ‘rtracklayer’
** help
*** installing help indices
** building package indices
** installing vignettes
** testing if installed package can be loaded from temporary location
** checking absolute paths in shared objects and dynamic libraries
** testing if installed package can be loaded from final location
** testing if installed package keeps a record of temporary installation path
* creating tarball
packaged installation of ‘rtracklayer’ as ‘rtracklayer_1.68.0_R_x86_64-pc-linux-gnu.tar.gz’
* DONE (rtracklayer)
* installing *source* package ‘metagene2’ ...
** this is package ‘metagene2’ version ‘1.24.0’
** using staged installation
** R
** inst
** byte-compile and prepare package for lazy loading
** help
*** installing help indices
** building package indices
** installing vignettes
** testing if installed package can be loaded from temporary location
** testing if installed package can be loaded from final location
** testing if installed package keeps a record of temporary installation path
* creating tarball
packaged installation of ‘metagene2’ as ‘metagene2_1.24.0_R_x86_64-pc-linux-gnu.tar.gz’
* DONE (metagene2)

The downloaded source packages are in
	‘/tmp/Rtmp7diARW/downloaded_packages’
Old packages: 'commonmark', 'curl', 'diffobj', 'docopt', 'fs', 'gert',
  'httpuv', 'httr2', 'jsonlite', 'knitr', 'later', 'littler', 'mime', 'miniUI',
  'pillar', 'pkgbuild', 'preprocessCore', 'ps', 'ragg', 'rlang', 'sass',
  'stringi', 'systemfonts', 'tinytex', 'xfun', 'xml2', 'foreign', 'lattice',
  'mgcv', 'nlme'

real	12m32.208s
user	10m59.100s
sys	1m48.789s
