+ Rscript -e 'Sys.setenv(BIOCONDUCTOR_USE_CONTAINER_REPOSITORY=FALSE);
  p <- .libPaths();
  p <- c('\'''\'', '\'''\'', p);
  .libPaths(p);
  if(BiocManager::install('\''spatialHeatmap'\'', INSTALL_opts = '\''--build'\'', update = TRUE, quiet = FALSE, dependencies=TRUE, force = TRUE, keep_outputs = TRUE) %in% rownames(installed.packages())) q(status = 0) else q(status = 1)'
'getOption("repos")' replaces Bioconductor standard repositories, see
'help("repositories", package = "BiocManager")' for details.
Replacement repositories:
    CRAN: https://cloud.r-project.org
Bioconductor version 3.21 (BiocManager 1.30.25), R 4.5.0 (2025-04-11)
Installing package(s) 'spatialHeatmap'
also installing the dependencies ‘litedown’, ‘systemfonts’, ‘R.oo’, ‘R.methodsS3’, ‘beeswarm’, ‘vipor’, ‘Cairo’, ‘checkmate’, ‘markdown’, ‘renv’, ‘htmlTable’, ‘Formula’, ‘iterators’, ‘annotate’, ‘gridGraphics’, ‘yulab.utils’, ‘shinytoastr’, ‘shinyAce’, ‘bookdown’, ‘viridis’, ‘svglite’, ‘rentrez’, ‘R.utils’, ‘ggbeeswarm’, ‘RcppML’, ‘pheatmap’, ‘ggrastr’, ‘learnr’, ‘fastcluster’, ‘Hmisc’, ‘impute’, ‘foreach’, ‘doParallel’, ‘preprocessCore’, ‘GO.db’, ‘rJava’, ‘xlsxjars’, ‘genefilter’, ‘grImport’, ‘rsvg’, ‘ggplotify’, ‘shinydashboard’, ‘spsComps’, ‘av’, ‘BiocStyle’, ‘dendextend’, ‘dynamicTreeCut’, ‘flashClust’, ‘ggdendro’, ‘kableExtra’, ‘magick’, ‘ExpressionAtlas’, ‘GEOquery’, ‘org.Hs.eg.db’, ‘org.Mm.eg.db’, ‘org.At.tair.db’, ‘org.Dr.eg.db’, ‘org.Dm.eg.db’, ‘pROC’, ‘rols’, ‘RUnit’, ‘scater’, ‘shinyWidgets’, ‘shinyjs’, ‘shinyBS’, ‘sortable’, ‘sparkline’, ‘spsUtil’, ‘UpSetR’, ‘visNetwork’, ‘WGCNA’, ‘xlsx’

trying URL 'https://cloud.r-project.org/src/contrib/litedown_0.7.tar.gz'
trying URL 'https://cloud.r-project.org/src/contrib/systemfonts_1.2.3.tar.gz'
trying URL 'https://cloud.r-project.org/src/contrib/R.oo_1.27.1.tar.gz'
trying URL 'https://cloud.r-project.org/src/contrib/R.methodsS3_1.8.2.tar.gz'
trying URL 'https://cloud.r-project.org/src/contrib/beeswarm_0.4.0.tar.gz'
trying URL 'https://cloud.r-project.org/src/contrib/vipor_0.4.7.tar.gz'
trying URL 'https://cloud.r-project.org/src/contrib/Cairo_1.6-2.tar.gz'
trying URL 'https://cloud.r-project.org/src/contrib/checkmate_2.3.2.tar.gz'
trying URL 'https://cloud.r-project.org/src/contrib/markdown_2.0.tar.gz'
trying URL 'https://cloud.r-project.org/src/contrib/renv_1.1.4.tar.gz'
trying URL 'https://cloud.r-project.org/src/contrib/htmlTable_2.4.3.tar.gz'
trying URL 'https://cloud.r-project.org/src/contrib/Formula_1.2-5.tar.gz'
trying URL 'https://cloud.r-project.org/src/contrib/iterators_1.0.14.tar.gz'
trying URL 'https://bioconductor.org/packages/3.21/bioc/src/contrib/annotate_1.86.0.tar.gz'
trying URL 'https://cloud.r-project.org/src/contrib/gridGraphics_0.5-1.tar.gz'
trying URL 'https://cloud.r-project.org/src/contrib/yulab.utils_0.2.0.tar.gz'
trying URL 'https://cloud.r-project.org/src/contrib/shinytoastr_2.2.0.tar.gz'
trying URL 'https://cloud.r-project.org/src/contrib/shinyAce_0.4.4.tar.gz'
trying URL 'https://cloud.r-project.org/src/contrib/bookdown_0.43.tar.gz'
trying URL 'https://cloud.r-project.org/src/contrib/viridis_0.6.5.tar.gz'
trying URL 'https://cloud.r-project.org/src/contrib/svglite_2.2.0.tar.gz'
trying URL 'https://cloud.r-project.org/src/contrib/rentrez_1.2.3.tar.gz'
trying URL 'https://cloud.r-project.org/src/contrib/R.utils_2.13.0.tar.gz'
trying URL 'https://cloud.r-project.org/src/contrib/ggbeeswarm_0.7.2.tar.gz'
trying URL 'https://cloud.r-project.org/src/contrib/RcppML_0.3.7.tar.gz'
trying URL 'https://cloud.r-project.org/src/contrib/pheatmap_1.0.12.tar.gz'
trying URL 'https://cloud.r-project.org/src/contrib/ggrastr_1.0.2.tar.gz'
trying URL 'https://cloud.r-project.org/src/contrib/learnr_0.11.5.tar.gz'
trying URL 'https://cloud.r-project.org/src/contrib/fastcluster_1.3.0.tar.gz'
trying URL 'https://cloud.r-project.org/src/contrib/Hmisc_5.2-3.tar.gz'
trying URL 'https://bioconductor.org/packages/3.21/bioc/src/contrib/impute_1.82.0.tar.gz'
trying URL 'https://cloud.r-project.org/src/contrib/foreach_1.5.2.tar.gz'
trying URL 'https://cloud.r-project.org/src/contrib/doParallel_1.0.17.tar.gz'
trying URL 'https://bioconductor.org/packages/3.21/bioc/src/contrib/preprocessCore_1.70.0.tar.gz'
trying URL 'https://bioconductor.org/packages/3.21/data/annotation/src/contrib/GO.db_3.21.0.tar.gz'
trying URL 'https://cloud.r-project.org/src/contrib/rJava_1.0-11.tar.gz'
trying URL 'https://cloud.r-project.org/src/contrib/xlsxjars_0.6.1.tar.gz'
trying URL 'https://bioconductor.org/packages/3.21/bioc/src/contrib/genefilter_1.90.0.tar.gz'
trying URL 'https://cloud.r-project.org/src/contrib/grImport_0.9-7.tar.gz'
trying URL 'https://cloud.r-project.org/src/contrib/rsvg_2.6.2.tar.gz'
trying URL 'https://cloud.r-project.org/src/contrib/ggplotify_0.1.2.tar.gz'
trying URL 'https://cloud.r-project.org/src/contrib/shinydashboard_0.7.3.tar.gz'
trying URL 'https://cloud.r-project.org/src/contrib/spsComps_0.3.3.0.tar.gz'
trying URL 'https://cloud.r-project.org/src/contrib/av_0.9.4.tar.gz'
trying URL 'https://bioconductor.org/packages/3.21/bioc/src/contrib/BiocStyle_2.36.0.tar.gz'
trying URL 'https://cloud.r-project.org/src/contrib/dendextend_1.19.0.tar.gz'
trying URL 'https://cloud.r-project.org/src/contrib/dynamicTreeCut_1.63-1.tar.gz'
trying URL 'https://cloud.r-project.org/src/contrib/flashClust_1.01-2.tar.gz'
trying URL 'https://cloud.r-project.org/src/contrib/ggdendro_0.2.0.tar.gz'
trying URL 'https://cloud.r-project.org/src/contrib/kableExtra_1.4.0.tar.gz'
trying URL 'https://cloud.r-project.org/src/contrib/magick_2.8.6.tar.gz'
trying URL 'https://bioconductor.org/packages/3.21/bioc/src/contrib/ExpressionAtlas_2.0.0.tar.gz'
trying URL 'https://bioconductor.org/packages/3.21/bioc/src/contrib/GEOquery_2.76.0.tar.gz'
trying URL 'https://bioconductor.org/packages/3.21/data/annotation/src/contrib/org.Hs.eg.db_3.21.0.tar.gz'
trying URL 'https://bioconductor.org/packages/3.21/data/annotation/src/contrib/org.Mm.eg.db_3.21.0.tar.gz'
trying URL 'https://bioconductor.org/packages/3.21/data/annotation/src/contrib/org.At.tair.db_3.21.0.tar.gz'
trying URL 'https://bioconductor.org/packages/3.21/data/annotation/src/contrib/org.Dr.eg.db_3.21.0.tar.gz'
trying URL 'https://bioconductor.org/packages/3.21/data/annotation/src/contrib/org.Dm.eg.db_3.21.0.tar.gz'
trying URL 'https://cloud.r-project.org/src/contrib/pROC_1.18.5.tar.gz'
trying URL 'https://bioconductor.org/packages/3.21/bioc/src/contrib/rols_3.4.0.tar.gz'
trying URL 'https://cloud.r-project.org/src/contrib/RUnit_0.4.33.tar.gz'
trying URL 'https://bioconductor.org/packages/3.21/bioc/src/contrib/scater_1.36.0.tar.gz'
trying URL 'https://cloud.r-project.org/src/contrib/shinyWidgets_0.9.0.tar.gz'
trying URL 'https://cloud.r-project.org/src/contrib/shinyjs_2.1.0.tar.gz'
trying URL 'https://cloud.r-project.org/src/contrib/shinyBS_0.61.1.tar.gz'
trying URL 'https://cloud.r-project.org/src/contrib/sortable_0.5.0.tar.gz'
trying URL 'https://cloud.r-project.org/src/contrib/sparkline_2.0.tar.gz'
trying URL 'https://cloud.r-project.org/src/contrib/spsUtil_0.2.2.tar.gz'
trying URL 'https://cloud.r-project.org/src/contrib/UpSetR_1.4.0.tar.gz'
trying URL 'https://cloud.r-project.org/src/contrib/visNetwork_2.1.2.tar.gz'
trying URL 'https://cloud.r-project.org/src/contrib/WGCNA_1.73.tar.gz'
trying URL 'https://cloud.r-project.org/src/contrib/xlsx_0.6.5.tar.gz'
trying URL 'https://bioconductor.org/packages/3.21/bioc/src/contrib/spatialHeatmap_2.14.0.tar.gz'
* installing *source* package ‘litedown’ ...
** this is package ‘litedown’ version ‘0.7’
** package ‘litedown’ successfully unpacked and MD5 sums checked
** using staged installation
** R
** inst
** byte-compile and prepare package for lazy loading
** help
*** installing help indices
** building package indices
** installing vignettes
** testing if installed package can be loaded from temporary location
** testing if installed package can be loaded from final location
** testing if installed package keeps a record of temporary installation path
* creating tarball
packaged installation of ‘litedown’ as ‘litedown_0.7_R_x86_64-pc-linux-gnu.tar.gz’
* DONE (litedown)
* installing *source* package ‘systemfonts’ ...
** this is package ‘systemfonts’ version ‘1.2.3’
** package ‘systemfonts’ successfully unpacked and MD5 sums checked
** using staged installation
Found pkg-config cflags and libs!
Using PKG_CFLAGS=-I/usr/include/freetype2 -I/usr/include/libpng16 -I/usr/include/uuid 
Using PKG_LIBS=-lfontconfig -lfreetype 
** libs
using C++ compiler: ‘g++ (Ubuntu 11.4.0-1ubuntu1~22.04) 11.4.0’
rm -f systemfonts.so caches.o cpp11.o dev_metrics.o font_matching.o font_local.o font_registry.o ft_cache.o string_shape.o font_metrics.o font_outlines.o font_fallback.o string_metrics.o emoji.o cache_store.o init.o unix/FontManagerLinux.o
g++ -std=gnu++17 -I"/usr/share/R/include" -DNDEBUG -I/usr/include/freetype2 -I/usr/include/libpng16 -I/usr/include/uuid  -I'/usr/local/lib/R/site-library/cpp11/include'     -fpic  -g -O2 -ffile-prefix-map=/build/r-base-rgGXCp/r-base-4.5.0=. -fstack-protector-strong -Wformat -Werror=format-security -Wdate-time -D_FORTIFY_SOURCE=2   -c caches.cpp -o caches.o
g++ -std=gnu++17 -I"/usr/share/R/include" -DNDEBUG -I/usr/include/freetype2 -I/usr/include/libpng16 -I/usr/include/uuid  -I'/usr/local/lib/R/site-library/cpp11/include'     -fpic  -g -O2 -ffile-prefix-map=/build/r-base-rgGXCp/r-base-4.5.0=. -fstack-protector-strong -Wformat -Werror=format-security -Wdate-time -D_FORTIFY_SOURCE=2   -c cpp11.cpp -o cpp11.o
g++ -std=gnu++17 -I"/usr/share/R/include" -DNDEBUG -I/usr/include/freetype2 -I/usr/include/libpng16 -I/usr/include/uuid  -I'/usr/local/lib/R/site-library/cpp11/include'     -fpic  -g -O2 -ffile-prefix-map=/build/r-base-rgGXCp/r-base-4.5.0=. -fstack-protector-strong -Wformat -Werror=format-security -Wdate-time -D_FORTIFY_SOURCE=2   -c dev_metrics.cpp -o dev_metrics.o
g++ -std=gnu++17 -I"/usr/share/R/include" -DNDEBUG -I/usr/include/freetype2 -I/usr/include/libpng16 -I/usr/include/uuid  -I'/usr/local/lib/R/site-library/cpp11/include'     -fpic  -g -O2 -ffile-prefix-map=/build/r-base-rgGXCp/r-base-4.5.0=. -fstack-protector-strong -Wformat -Werror=format-security -Wdate-time -D_FORTIFY_SOURCE=2   -c font_matching.cpp -o font_matching.o
g++ -std=gnu++17 -I"/usr/share/R/include" -DNDEBUG -I/usr/include/freetype2 -I/usr/include/libpng16 -I/usr/include/uuid  -I'/usr/local/lib/R/site-library/cpp11/include'     -fpic  -g -O2 -ffile-prefix-map=/build/r-base-rgGXCp/r-base-4.5.0=. -fstack-protector-strong -Wformat -Werror=format-security -Wdate-time -D_FORTIFY_SOURCE=2   -c font_local.cpp -o font_local.o
g++ -std=gnu++17 -I"/usr/share/R/include" -DNDEBUG -I/usr/include/freetype2 -I/usr/include/libpng16 -I/usr/include/uuid  -I'/usr/local/lib/R/site-library/cpp11/include'     -fpic  -g -O2 -ffile-prefix-map=/build/r-base-rgGXCp/r-base-4.5.0=. -fstack-protector-strong -Wformat -Werror=format-security -Wdate-time -D_FORTIFY_SOURCE=2   -c font_registry.cpp -o font_registry.o
g++ -std=gnu++17 -I"/usr/share/R/include" -DNDEBUG -I/usr/include/freetype2 -I/usr/include/libpng16 -I/usr/include/uuid  -I'/usr/local/lib/R/site-library/cpp11/include'     -fpic  -g -O2 -ffile-prefix-map=/build/r-base-rgGXCp/r-base-4.5.0=. -fstack-protector-strong -Wformat -Werror=format-security -Wdate-time -D_FORTIFY_SOURCE=2   -c ft_cache.cpp -o ft_cache.o
g++ -std=gnu++17 -I"/usr/share/R/include" -DNDEBUG -I/usr/include/freetype2 -I/usr/include/libpng16 -I/usr/include/uuid  -I'/usr/local/lib/R/site-library/cpp11/include'     -fpic  -g -O2 -ffile-prefix-map=/build/r-base-rgGXCp/r-base-4.5.0=. -fstack-protector-strong -Wformat -Werror=format-security -Wdate-time -D_FORTIFY_SOURCE=2   -c string_shape.cpp -o string_shape.o
g++ -std=gnu++17 -I"/usr/share/R/include" -DNDEBUG -I/usr/include/freetype2 -I/usr/include/libpng16 -I/usr/include/uuid  -I'/usr/local/lib/R/site-library/cpp11/include'     -fpic  -g -O2 -ffile-prefix-map=/build/r-base-rgGXCp/r-base-4.5.0=. -fstack-protector-strong -Wformat -Werror=format-security -Wdate-time -D_FORTIFY_SOURCE=2   -c font_metrics.cpp -o font_metrics.o
g++ -std=gnu++17 -I"/usr/share/R/include" -DNDEBUG -I/usr/include/freetype2 -I/usr/include/libpng16 -I/usr/include/uuid  -I'/usr/local/lib/R/site-library/cpp11/include'     -fpic  -g -O2 -ffile-prefix-map=/build/r-base-rgGXCp/r-base-4.5.0=. -fstack-protector-strong -Wformat -Werror=format-security -Wdate-time -D_FORTIFY_SOURCE=2   -c font_outlines.cpp -o font_outlines.o
g++ -std=gnu++17 -I"/usr/share/R/include" -DNDEBUG -I/usr/include/freetype2 -I/usr/include/libpng16 -I/usr/include/uuid  -I'/usr/local/lib/R/site-library/cpp11/include'     -fpic  -g -O2 -ffile-prefix-map=/build/r-base-rgGXCp/r-base-4.5.0=. -fstack-protector-strong -Wformat -Werror=format-security -Wdate-time -D_FORTIFY_SOURCE=2   -c font_fallback.cpp -o font_fallback.o
g++ -std=gnu++17 -I"/usr/share/R/include" -DNDEBUG -I/usr/include/freetype2 -I/usr/include/libpng16 -I/usr/include/uuid  -I'/usr/local/lib/R/site-library/cpp11/include'     -fpic  -g -O2 -ffile-prefix-map=/build/r-base-rgGXCp/r-base-4.5.0=. -fstack-protector-strong -Wformat -Werror=format-security -Wdate-time -D_FORTIFY_SOURCE=2   -c string_metrics.cpp -o string_metrics.o
g++ -std=gnu++17 -I"/usr/share/R/include" -DNDEBUG -I/usr/include/freetype2 -I/usr/include/libpng16 -I/usr/include/uuid  -I'/usr/local/lib/R/site-library/cpp11/include'     -fpic  -g -O2 -ffile-prefix-map=/build/r-base-rgGXCp/r-base-4.5.0=. -fstack-protector-strong -Wformat -Werror=format-security -Wdate-time -D_FORTIFY_SOURCE=2   -c emoji.cpp -o emoji.o
g++ -std=gnu++17 -I"/usr/share/R/include" -DNDEBUG -I/usr/include/freetype2 -I/usr/include/libpng16 -I/usr/include/uuid  -I'/usr/local/lib/R/site-library/cpp11/include'     -fpic  -g -O2 -ffile-prefix-map=/build/r-base-rgGXCp/r-base-4.5.0=. -fstack-protector-strong -Wformat -Werror=format-security -Wdate-time -D_FORTIFY_SOURCE=2   -c cache_store.cpp -o cache_store.o
g++ -std=gnu++17 -I"/usr/share/R/include" -DNDEBUG -I/usr/include/freetype2 -I/usr/include/libpng16 -I/usr/include/uuid  -I'/usr/local/lib/R/site-library/cpp11/include'     -fpic  -g -O2 -ffile-prefix-map=/build/r-base-rgGXCp/r-base-4.5.0=. -fstack-protector-strong -Wformat -Werror=format-security -Wdate-time -D_FORTIFY_SOURCE=2   -c init.cpp -o init.o
g++ -std=gnu++17 -I"/usr/share/R/include" -DNDEBUG -I/usr/include/freetype2 -I/usr/include/libpng16 -I/usr/include/uuid  -I'/usr/local/lib/R/site-library/cpp11/include'     -fpic  -g -O2 -ffile-prefix-map=/build/r-base-rgGXCp/r-base-4.5.0=. -fstack-protector-strong -Wformat -Werror=format-security -Wdate-time -D_FORTIFY_SOURCE=2   -c unix/FontManagerLinux.cpp -o unix/FontManagerLinux.o
g++ -std=gnu++17 -shared -L/usr/lib/R/lib -Wl,-Bsymbolic-functions -flto=auto -ffat-lto-objects -flto=auto -Wl,-z,relro -o systemfonts.so caches.o cpp11.o dev_metrics.o font_matching.o font_local.o font_registry.o ft_cache.o string_shape.o font_metrics.o font_outlines.o font_fallback.o string_metrics.o emoji.o cache_store.o init.o unix/FontManagerLinux.o -lfontconfig -lfreetype -L/usr/lib/R/lib -lR
installing to /usr/local/lib/R/site-library/00LOCK-systemfonts/00new/systemfonts/libs
** R
** inst
** byte-compile and prepare package for lazy loading
** help
*** installing help indices
*** copying figures
** building package indices
** installing vignettes
** testing if installed package can be loaded from temporary location
** checking absolute paths in shared objects and dynamic libraries
** testing if installed package can be loaded from final location
** testing if installed package keeps a record of temporary installation path
* creating tarball
packaged installation of ‘systemfonts’ as ‘systemfonts_1.2.3_R_x86_64-pc-linux-gnu.tar.gz’
* DONE (systemfonts)
* installing *source* package ‘R.methodsS3’ ...
** this is package ‘R.methodsS3’ version ‘1.8.2’
** package ‘R.methodsS3’ successfully unpacked and MD5 sums checked
** using staged installation
** R
** inst
** byte-compile and prepare package for lazy loading
** help
*** installing help indices
** building package indices
** testing if installed package can be loaded from temporary location
** testing if installed package can be loaded from final location
** testing if installed package keeps a record of temporary installation path
* creating tarball
packaged installation of ‘R.methodsS3’ as ‘R.methodsS3_1.8.2_R_x86_64-pc-linux-gnu.tar.gz’
* DONE (R.methodsS3)
* installing *source* package ‘beeswarm’ ...
** this is package ‘beeswarm’ version ‘0.4.0’
** package ‘beeswarm’ successfully unpacked and MD5 sums checked
** using staged installation
** libs
using C compiler: ‘gcc (Ubuntu 11.4.0-1ubuntu1~22.04) 11.4.0’
gcc -I"/usr/share/R/include" -DNDEBUG       -fpic  -g -O2 -ffile-prefix-map=/build/r-base-rgGXCp/r-base-4.5.0=. -fstack-protector-strong -Wformat -Werror=format-security -Wdate-time -D_FORTIFY_SOURCE=2  -c beeswarm.c -o beeswarm.o
gcc -I"/usr/share/R/include" -DNDEBUG       -fpic  -g -O2 -ffile-prefix-map=/build/r-base-rgGXCp/r-base-4.5.0=. -fstack-protector-strong -Wformat -Werror=format-security -Wdate-time -D_FORTIFY_SOURCE=2  -c init.c -o init.o
gcc -shared -L/usr/lib/R/lib -Wl,-Bsymbolic-functions -flto=auto -ffat-lto-objects -flto=auto -Wl,-z,relro -o beeswarm.so beeswarm.o init.o -L/usr/lib/R/lib -lR
installing to /usr/local/lib/R/site-library/00LOCK-beeswarm/00new/beeswarm/libs
** R
** data
** byte-compile and prepare package for lazy loading
** help
*** installing help indices
** building package indices
** testing if installed package can be loaded from temporary location
** checking absolute paths in shared objects and dynamic libraries
** testing if installed package can be loaded from final location
** testing if installed package keeps a record of temporary installation path
* creating tarball
packaged installation of ‘beeswarm’ as ‘beeswarm_0.4.0_R_x86_64-pc-linux-gnu.tar.gz’
* DONE (beeswarm)
* installing *source* package ‘vipor’ ...
** this is package ‘vipor’ version ‘0.4.7’
** package ‘vipor’ successfully unpacked and MD5 sums checked
** using staged installation
** R
** data
*** moving datasets to lazyload DB
** inst
** byte-compile and prepare package for lazy loading
** help
*** installing help indices
** building package indices
** installing vignettes
** testing if installed package can be loaded from temporary location
** testing if installed package can be loaded from final location
** testing if installed package keeps a record of temporary installation path
* creating tarball
packaged installation of ‘vipor’ as ‘vipor_0.4.7_R_x86_64-pc-linux-gnu.tar.gz’
* DONE (vipor)
* installing *source* package ‘Cairo’ ...
** this is package ‘Cairo’ version ‘1.6-2’
** package ‘Cairo’ successfully unpacked and MD5 sums checked
** using staged installation
checking for gcc... gcc
checking whether the C compiler works... yes
checking for C compiler default output file name... a.out
checking for suffix of executables... 
checking whether we are cross compiling... no
checking for suffix of object files... o
checking whether the compiler supports GNU C... yes
checking whether gcc accepts -g... yes
checking for gcc option to enable C11 features... none needed
checking for sys/wait.h that is POSIX.1 compatible... yes
checking for stdio.h... yes
checking for stdlib.h... yes
checking for string.h... yes
checking for inttypes.h... yes
checking for stdint.h... yes
checking for strings.h... yes
checking for sys/stat.h... yes
checking for sys/types.h... yes
checking for unistd.h... yes
checking for string.h... (cached) yes
checking for sys/time.h... yes
checking for unistd.h... (cached) yes
checking for an ANSI C-conforming const... yes
checking for pkg-config... /usr/bin/pkg-config
checking whether pkg-config knows about cairo... yes
checking for configurable backends... cairo cairo-ft cairo-pdf cairo-png cairo-ps cairo-xlib cairo-xlib-xrender
checking whether --static is needed... no
configure: CAIRO_CFLAGS=-I/usr/include/cairo -I/usr/include/glib-2.0 -I/usr/lib/x86_64-linux-gnu/glib-2.0/include -I/usr/include/pixman-1 -I/usr/include/freetype2 -I/usr/include/libpng16 -I/usr/include/uuid 
checking if R was compiled with the RConn patch... no
checking for cairo.h... yes
checking for PNG support in Cairo... yes
checking for ATS font support in Cairo... no
configure: CAIRO_LIBS=-lfreetype -lpng16 -lz -lcairo -lXext -lXrender -lX11 
checking for library containing deflate... none required
checking whether Cairo programs can be compiled... yes
checking for gcc options needed to detect all undeclared functions... none needed
checking whether cairo_image_surface_get_format is declared... no
checking whether FreeType support is desired... auto
checking for FreeType support in cairo... yes
checking whether FreeType needs additional flags... no
checking whether libjpeg works... yes
checking whether Harfbuzz layout is desired... auto
checking whether Harfbuzz + ICU works... yes
checking whether libtiff works... yes
configure: creating ./config.status
config.status: creating src/Makevars
config.status: creating src/cconfig.h
** libs
using C compiler: ‘gcc (Ubuntu 11.4.0-1ubuntu1~22.04) 11.4.0’
gcc -I"/usr/share/R/include" -DNDEBUG -I/usr/include/cairo -I/usr/include/glib-2.0 -I/usr/lib/x86_64-linux-gnu/glib-2.0/include -I/usr/include/pixman-1 -I/usr/include/freetype2 -I/usr/include/libpng16 -I/usr/include/uuid  -I/usr/include/harfbuzz -I/usr/include/glib-2.0 -I/usr/lib/x86_64-linux-gnu/glib-2.0/include -I/usr/include/freetype2 -I/usr/include/libpng16   -I. -Iinclude     -g -O2 -ffile-prefix-map=/build/r-base-rgGXCp/r-base-4.5.0=. -fstack-protector-strong -Wformat -Werror=format-security -Wdate-time -D_FORTIFY_SOURCE=2 -fpic  -g -O2 -ffile-prefix-map=/build/r-base-rgGXCp/r-base-4.5.0=. -fstack-protector-strong -Wformat -Werror=format-security -Wdate-time -D_FORTIFY_SOURCE=2  -c cairobem.c -o cairobem.o
gcc -I"/usr/share/R/include" -DNDEBUG -I/usr/include/cairo -I/usr/include/glib-2.0 -I/usr/lib/x86_64-linux-gnu/glib-2.0/include -I/usr/include/pixman-1 -I/usr/include/freetype2 -I/usr/include/libpng16 -I/usr/include/uuid  -I/usr/include/harfbuzz -I/usr/include/glib-2.0 -I/usr/lib/x86_64-linux-gnu/glib-2.0/include -I/usr/include/freetype2 -I/usr/include/libpng16   -I. -Iinclude     -g -O2 -ffile-prefix-map=/build/r-base-rgGXCp/r-base-4.5.0=. -fstack-protector-strong -Wformat -Werror=format-security -Wdate-time -D_FORTIFY_SOURCE=2 -fpic  -g -O2 -ffile-prefix-map=/build/r-base-rgGXCp/r-base-4.5.0=. -fstack-protector-strong -Wformat -Werror=format-security -Wdate-time -D_FORTIFY_SOURCE=2  -c cairogd.c -o cairogd.o
gcc -I"/usr/share/R/include" -DNDEBUG -I/usr/include/cairo -I/usr/include/glib-2.0 -I/usr/lib/x86_64-linux-gnu/glib-2.0/include -I/usr/include/pixman-1 -I/usr/include/freetype2 -I/usr/include/libpng16 -I/usr/include/uuid  -I/usr/include/harfbuzz -I/usr/include/glib-2.0 -I/usr/lib/x86_64-linux-gnu/glib-2.0/include -I/usr/include/freetype2 -I/usr/include/libpng16   -I. -Iinclude     -g -O2 -ffile-prefix-map=/build/r-base-rgGXCp/r-base-4.5.0=. -fstack-protector-strong -Wformat -Werror=format-security -Wdate-time -D_FORTIFY_SOURCE=2 -fpic  -g -O2 -ffile-prefix-map=/build/r-base-rgGXCp/r-base-4.5.0=. -fstack-protector-strong -Wformat -Werror=format-security -Wdate-time -D_FORTIFY_SOURCE=2  -c cairotalk.c -o cairotalk.o
gcc -I"/usr/share/R/include" -DNDEBUG -I/usr/include/cairo -I/usr/include/glib-2.0 -I/usr/lib/x86_64-linux-gnu/glib-2.0/include -I/usr/include/pixman-1 -I/usr/include/freetype2 -I/usr/include/libpng16 -I/usr/include/uuid  -I/usr/include/harfbuzz -I/usr/include/glib-2.0 -I/usr/lib/x86_64-linux-gnu/glib-2.0/include -I/usr/include/freetype2 -I/usr/include/libpng16   -I. -Iinclude     -g -O2 -ffile-prefix-map=/build/r-base-rgGXCp/r-base-4.5.0=. -fstack-protector-strong -Wformat -Werror=format-security -Wdate-time -D_FORTIFY_SOURCE=2 -fpic  -g -O2 -ffile-prefix-map=/build/r-base-rgGXCp/r-base-4.5.0=. -fstack-protector-strong -Wformat -Werror=format-security -Wdate-time -D_FORTIFY_SOURCE=2  -c img-backend.c -o img-backend.o
gcc -I"/usr/share/R/include" -DNDEBUG -I/usr/include/cairo -I/usr/include/glib-2.0 -I/usr/lib/x86_64-linux-gnu/glib-2.0/include -I/usr/include/pixman-1 -I/usr/include/freetype2 -I/usr/include/libpng16 -I/usr/include/uuid  -I/usr/include/harfbuzz -I/usr/include/glib-2.0 -I/usr/lib/x86_64-linux-gnu/glib-2.0/include -I/usr/include/freetype2 -I/usr/include/libpng16   -I. -Iinclude     -g -O2 -ffile-prefix-map=/build/r-base-rgGXCp/r-base-4.5.0=. -fstack-protector-strong -Wformat -Werror=format-security -Wdate-time -D_FORTIFY_SOURCE=2 -fpic  -g -O2 -ffile-prefix-map=/build/r-base-rgGXCp/r-base-4.5.0=. -fstack-protector-strong -Wformat -Werror=format-security -Wdate-time -D_FORTIFY_SOURCE=2  -c img-jpeg.c -o img-jpeg.o
gcc -I"/usr/share/R/include" -DNDEBUG -I/usr/include/cairo -I/usr/include/glib-2.0 -I/usr/lib/x86_64-linux-gnu/glib-2.0/include -I/usr/include/pixman-1 -I/usr/include/freetype2 -I/usr/include/libpng16 -I/usr/include/uuid  -I/usr/include/harfbuzz -I/usr/include/glib-2.0 -I/usr/lib/x86_64-linux-gnu/glib-2.0/include -I/usr/include/freetype2 -I/usr/include/libpng16   -I. -Iinclude     -g -O2 -ffile-prefix-map=/build/r-base-rgGXCp/r-base-4.5.0=. -fstack-protector-strong -Wformat -Werror=format-security -Wdate-time -D_FORTIFY_SOURCE=2 -fpic  -g -O2 -ffile-prefix-map=/build/r-base-rgGXCp/r-base-4.5.0=. -fstack-protector-strong -Wformat -Werror=format-security -Wdate-time -D_FORTIFY_SOURCE=2  -c img-tiff.c -o img-tiff.o
gcc -I"/usr/share/R/include" -DNDEBUG -I/usr/include/cairo -I/usr/include/glib-2.0 -I/usr/lib/x86_64-linux-gnu/glib-2.0/include -I/usr/include/pixman-1 -I/usr/include/freetype2 -I/usr/include/libpng16 -I/usr/include/uuid  -I/usr/include/harfbuzz -I/usr/include/glib-2.0 -I/usr/lib/x86_64-linux-gnu/glib-2.0/include -I/usr/include/freetype2 -I/usr/include/libpng16   -I. -Iinclude     -g -O2 -ffile-prefix-map=/build/r-base-rgGXCp/r-base-4.5.0=. -fstack-protector-strong -Wformat -Werror=format-security -Wdate-time -D_FORTIFY_SOURCE=2 -fpic  -g -O2 -ffile-prefix-map=/build/r-base-rgGXCp/r-base-4.5.0=. -fstack-protector-strong -Wformat -Werror=format-security -Wdate-time -D_FORTIFY_SOURCE=2  -c pdf-backend.c -o pdf-backend.o
gcc -I"/usr/share/R/include" -DNDEBUG -I/usr/include/cairo -I/usr/include/glib-2.0 -I/usr/lib/x86_64-linux-gnu/glib-2.0/include -I/usr/include/pixman-1 -I/usr/include/freetype2 -I/usr/include/libpng16 -I/usr/include/uuid  -I/usr/include/harfbuzz -I/usr/include/glib-2.0 -I/usr/lib/x86_64-linux-gnu/glib-2.0/include -I/usr/include/freetype2 -I/usr/include/libpng16   -I. -Iinclude     -g -O2 -ffile-prefix-map=/build/r-base-rgGXCp/r-base-4.5.0=. -fstack-protector-strong -Wformat -Werror=format-security -Wdate-time -D_FORTIFY_SOURCE=2 -fpic  -g -O2 -ffile-prefix-map=/build/r-base-rgGXCp/r-base-4.5.0=. -fstack-protector-strong -Wformat -Werror=format-security -Wdate-time -D_FORTIFY_SOURCE=2  -c ps-backend.c -o ps-backend.o
gcc -I"/usr/share/R/include" -DNDEBUG -I/usr/include/cairo -I/usr/include/glib-2.0 -I/usr/lib/x86_64-linux-gnu/glib-2.0/include -I/usr/include/pixman-1 -I/usr/include/freetype2 -I/usr/include/libpng16 -I/usr/include/uuid  -I/usr/include/harfbuzz -I/usr/include/glib-2.0 -I/usr/lib/x86_64-linux-gnu/glib-2.0/include -I/usr/include/freetype2 -I/usr/include/libpng16   -I. -Iinclude     -g -O2 -ffile-prefix-map=/build/r-base-rgGXCp/r-base-4.5.0=. -fstack-protector-strong -Wformat -Werror=format-security -Wdate-time -D_FORTIFY_SOURCE=2 -fpic  -g -O2 -ffile-prefix-map=/build/r-base-rgGXCp/r-base-4.5.0=. -fstack-protector-strong -Wformat -Werror=format-security -Wdate-time -D_FORTIFY_SOURCE=2  -c svg-backend.c -o svg-backend.o
gcc -I"/usr/share/R/include" -DNDEBUG -I/usr/include/cairo -I/usr/include/glib-2.0 -I/usr/lib/x86_64-linux-gnu/glib-2.0/include -I/usr/include/pixman-1 -I/usr/include/freetype2 -I/usr/include/libpng16 -I/usr/include/uuid  -I/usr/include/harfbuzz -I/usr/include/glib-2.0 -I/usr/lib/x86_64-linux-gnu/glib-2.0/include -I/usr/include/freetype2 -I/usr/include/libpng16   -I. -Iinclude     -g -O2 -ffile-prefix-map=/build/r-base-rgGXCp/r-base-4.5.0=. -fstack-protector-strong -Wformat -Werror=format-security -Wdate-time -D_FORTIFY_SOURCE=2 -fpic  -g -O2 -ffile-prefix-map=/build/r-base-rgGXCp/r-base-4.5.0=. -fstack-protector-strong -Wformat -Werror=format-security -Wdate-time -D_FORTIFY_SOURCE=2  -c w32-backend.c -o w32-backend.o
gcc -I"/usr/share/R/include" -DNDEBUG -I/usr/include/cairo -I/usr/include/glib-2.0 -I/usr/lib/x86_64-linux-gnu/glib-2.0/include -I/usr/include/pixman-1 -I/usr/include/freetype2 -I/usr/include/libpng16 -I/usr/include/uuid  -I/usr/include/harfbuzz -I/usr/include/glib-2.0 -I/usr/lib/x86_64-linux-gnu/glib-2.0/include -I/usr/include/freetype2 -I/usr/include/libpng16   -I. -Iinclude     -g -O2 -ffile-prefix-map=/build/r-base-rgGXCp/r-base-4.5.0=. -fstack-protector-strong -Wformat -Werror=format-security -Wdate-time -D_FORTIFY_SOURCE=2 -fpic  -g -O2 -ffile-prefix-map=/build/r-base-rgGXCp/r-base-4.5.0=. -fstack-protector-strong -Wformat -Werror=format-security -Wdate-time -D_FORTIFY_SOURCE=2  -c xlib-backend.c -o xlib-backend.o
gcc -shared -L/usr/lib/R/lib -Wl,-Bsymbolic-functions -flto=auto -ffat-lto-objects -flto=auto -Wl,-z,relro -o Cairo.so cairobem.o cairogd.o cairotalk.o img-backend.o img-jpeg.o img-tiff.o pdf-backend.o ps-backend.o svg-backend.o w32-backend.o xlib-backend.o -Wl,-Bsymbolic-functions -flto=auto -ffat-lto-objects -flto=auto -Wl,-z,relro -lfreetype -lpng16 -lz -lcairo -lXext -lXrender -lX11 -ljpeg -lharfbuzz-icu -lharfbuzz -licuuc -licudata -lstdc++ -ltiff -L/usr/lib/R/lib -lR
installing to /usr/local/lib/R/site-library/00LOCK-Cairo/00new/Cairo/libs
** R
** byte-compile and prepare package for lazy loading
** help
*** installing help indices
** building package indices
** testing if installed package can be loaded from temporary location
** checking absolute paths in shared objects and dynamic libraries
** testing if installed package can be loaded from final location
** testing if installed package keeps a record of temporary installation path
* creating tarball
packaged installation of ‘Cairo’ as ‘Cairo_1.6-2_R_x86_64-pc-linux-gnu.tar.gz’
* DONE (Cairo)
* installing *source* package ‘checkmate’ ...
** this is package ‘checkmate’ version ‘2.3.2’
** package ‘checkmate’ successfully unpacked and MD5 sums checked
** using staged installation
** libs
using C compiler: ‘gcc (Ubuntu 11.4.0-1ubuntu1~22.04) 11.4.0’
gcc -I"/usr/share/R/include" -DNDEBUG       -fpic  -g -O2 -ffile-prefix-map=/build/r-base-rgGXCp/r-base-4.5.0=. -fstack-protector-strong -Wformat -Werror=format-security -Wdate-time -D_FORTIFY_SOURCE=2  -c all_missing.c -o all_missing.o
gcc -I"/usr/share/R/include" -DNDEBUG       -fpic  -g -O2 -ffile-prefix-map=/build/r-base-rgGXCp/r-base-4.5.0=. -fstack-protector-strong -Wformat -Werror=format-security -Wdate-time -D_FORTIFY_SOURCE=2  -c any_infinite.c -o any_infinite.o
gcc -I"/usr/share/R/include" -DNDEBUG       -fpic  -g -O2 -ffile-prefix-map=/build/r-base-rgGXCp/r-base-4.5.0=. -fstack-protector-strong -Wformat -Werror=format-security -Wdate-time -D_FORTIFY_SOURCE=2  -c any_missing.c -o any_missing.o
gcc -I"/usr/share/R/include" -DNDEBUG       -fpic  -g -O2 -ffile-prefix-map=/build/r-base-rgGXCp/r-base-4.5.0=. -fstack-protector-strong -Wformat -Werror=format-security -Wdate-time -D_FORTIFY_SOURCE=2  -c any_nan.c -o any_nan.o
gcc -I"/usr/share/R/include" -DNDEBUG       -fpic  -g -O2 -ffile-prefix-map=/build/r-base-rgGXCp/r-base-4.5.0=. -fstack-protector-strong -Wformat -Werror=format-security -Wdate-time -D_FORTIFY_SOURCE=2  -c checks.c -o checks.o
gcc -I"/usr/share/R/include" -DNDEBUG       -fpic  -g -O2 -ffile-prefix-map=/build/r-base-rgGXCp/r-base-4.5.0=. -fstack-protector-strong -Wformat -Werror=format-security -Wdate-time -D_FORTIFY_SOURCE=2  -c find_nchar.c -o find_nchar.o
gcc -I"/usr/share/R/include" -DNDEBUG       -fpic  -g -O2 -ffile-prefix-map=/build/r-base-rgGXCp/r-base-4.5.0=. -fstack-protector-strong -Wformat -Werror=format-security -Wdate-time -D_FORTIFY_SOURCE=2  -c guess_type.c -o guess_type.o
gcc -I"/usr/share/R/include" -DNDEBUG       -fpic  -g -O2 -ffile-prefix-map=/build/r-base-rgGXCp/r-base-4.5.0=. -fstack-protector-strong -Wformat -Werror=format-security -Wdate-time -D_FORTIFY_SOURCE=2  -c helper.c -o helper.o
gcc -I"/usr/share/R/include" -DNDEBUG       -fpic  -g -O2 -ffile-prefix-map=/build/r-base-rgGXCp/r-base-4.5.0=. -fstack-protector-strong -Wformat -Werror=format-security -Wdate-time -D_FORTIFY_SOURCE=2  -c init.c -o init.o
gcc -I"/usr/share/R/include" -DNDEBUG       -fpic  -g -O2 -ffile-prefix-map=/build/r-base-rgGXCp/r-base-4.5.0=. -fstack-protector-strong -Wformat -Werror=format-security -Wdate-time -D_FORTIFY_SOURCE=2  -c integerish.c -o integerish.o
gcc -I"/usr/share/R/include" -DNDEBUG       -fpic  -g -O2 -ffile-prefix-map=/build/r-base-rgGXCp/r-base-4.5.0=. -fstack-protector-strong -Wformat -Werror=format-security -Wdate-time -D_FORTIFY_SOURCE=2  -c is_sorted.c -o is_sorted.o
gcc -I"/usr/share/R/include" -DNDEBUG       -fpic  -g -O2 -ffile-prefix-map=/build/r-base-rgGXCp/r-base-4.5.0=. -fstack-protector-strong -Wformat -Werror=format-security -Wdate-time -D_FORTIFY_SOURCE=2  -c qassert.c -o qassert.o
gcc -I"/usr/share/R/include" -DNDEBUG       -fpic  -g -O2 -ffile-prefix-map=/build/r-base-rgGXCp/r-base-4.5.0=. -fstack-protector-strong -Wformat -Werror=format-security -Wdate-time -D_FORTIFY_SOURCE=2  -c which_first.c -o which_first.o
gcc -shared -L/usr/lib/R/lib -Wl,-Bsymbolic-functions -flto=auto -ffat-lto-objects -flto=auto -Wl,-z,relro -o checkmate.so all_missing.o any_infinite.o any_missing.o any_nan.o checks.o find_nchar.o guess_type.o helper.o init.o integerish.o is_sorted.o qassert.o which_first.o -L/usr/lib/R/lib -lR
installing to /usr/local/lib/R/site-library/00LOCK-checkmate/00new/checkmate/libs
** R
** inst
** byte-compile and prepare package for lazy loading
** help
*** installing help indices
** building package indices
** installing vignettes
** testing if installed package can be loaded from temporary location
** checking absolute paths in shared objects and dynamic libraries
** testing if installed package can be loaded from final location
** testing if installed package keeps a record of temporary installation path
* creating tarball
packaged installation of ‘checkmate’ as ‘checkmate_2.3.2_R_x86_64-pc-linux-gnu.tar.gz’
* DONE (checkmate)
* installing *source* package ‘renv’ ...
** this is package ‘renv’ version ‘1.1.4’
** package ‘renv’ successfully unpacked and MD5 sums checked
** using staged installation
** R
** inst
** byte-compile and prepare package for lazy loading
** libs
using C compiler: ‘gcc (Ubuntu 11.4.0-1ubuntu1~22.04) 11.4.0’
gcc -I"/usr/share/R/include" -DNDEBUG       -fpic  -g -O2 -ffile-prefix-map=/build/r-base-rgGXCp/r-base-4.5.0=. -fstack-protector-strong -Wformat -Werror=format-security -Wdate-time -D_FORTIFY_SOURCE=2  -c renv.c -o renv.o
gcc -shared -L/usr/lib/R/lib -Wl,-Bsymbolic-functions -flto=auto -ffat-lto-objects -flto=auto -Wl,-z,relro -o renv.so renv.o -L/usr/lib/R/lib -lR
** help
*** installing help indices
*** copying figures
** building package indices
** installing vignettes
** testing if installed package can be loaded from temporary location
** checking absolute paths in shared objects and dynamic libraries
** testing if installed package can be loaded from final location
** testing if installed package keeps a record of temporary installation path
* creating tarball
packaged installation of ‘renv’ as ‘renv_1.1.4_R_x86_64-pc-linux-gnu.tar.gz’
* DONE (renv)
* installing *source* package ‘Formula’ ...
** this is package ‘Formula’ version ‘1.2-5’
** package ‘Formula’ successfully unpacked and MD5 sums checked
** using staged installation
** R
** inst
** byte-compile and prepare package for lazy loading
** help
*** installing help indices
** building package indices
** installing vignettes
** testing if installed package can be loaded from temporary location
** testing if installed package can be loaded from final location
** testing if installed package keeps a record of temporary installation path
* creating tarball
packaged installation of ‘Formula’ as ‘Formula_1.2-5_R_x86_64-pc-linux-gnu.tar.gz’
* DONE (Formula)
* installing *source* package ‘iterators’ ...
** this is package ‘iterators’ version ‘1.0.14’
** package ‘iterators’ successfully unpacked and MD5 sums checked
** using staged installation
** R
** inst
** byte-compile and prepare package for lazy loading
** help
*** installing help indices
** building package indices
** installing vignettes
** testing if installed package can be loaded from temporary location
** testing if installed package can be loaded from final location
** testing if installed package keeps a record of temporary installation path
* creating tarball
packaged installation of ‘iterators’ as ‘iterators_1.0.14_R_x86_64-pc-linux-gnu.tar.gz’
* DONE (iterators)
* installing *source* package ‘annotate’ ...
** this is package ‘annotate’ version ‘1.86.0’
** using staged installation
** R
** data
** inst
** byte-compile and prepare package for lazy loading
** help
*** installing help indices
** building package indices
** installing vignettes
** testing if installed package can be loaded from temporary location
** testing if installed package can be loaded from final location
** testing if installed package keeps a record of temporary installation path
* creating tarball
packaged installation of ‘annotate’ as ‘annotate_1.86.0_R_x86_64-pc-linux-gnu.tar.gz’
* DONE (annotate)
* installing *source* package ‘gridGraphics’ ...
** this is package ‘gridGraphics’ version ‘0.5-1’
** package ‘gridGraphics’ successfully unpacked and MD5 sums checked
** using staged installation
** R
** inst
** byte-compile and prepare package for lazy loading
** help
*** installing help indices
** building package indices
** testing if installed package can be loaded from temporary location
** testing if installed package can be loaded from final location
** testing if installed package keeps a record of temporary installation path
* creating tarball
packaged installation of ‘gridGraphics’ as ‘gridGraphics_0.5-1_R_x86_64-pc-linux-gnu.tar.gz’
* DONE (gridGraphics)
* installing *source* package ‘yulab.utils’ ...
** this is package ‘yulab.utils’ version ‘0.2.0’
** package ‘yulab.utils’ successfully unpacked and MD5 sums checked
** using staged installation
** R
** inst
** byte-compile and prepare package for lazy loading
** help
*** installing help indices
** building package indices
** testing if installed package can be loaded from temporary location
** testing if installed package can be loaded from final location
** testing if installed package keeps a record of temporary installation path
* creating tarball
packaged installation of ‘yulab.utils’ as ‘yulab.utils_0.2.0_R_x86_64-pc-linux-gnu.tar.gz’
* DONE (yulab.utils)
* installing *source* package ‘shinytoastr’ ...
** this is package ‘shinytoastr’ version ‘2.2.0’
** package ‘shinytoastr’ successfully unpacked and MD5 sums checked
** using staged installation
** R
** inst
** byte-compile and prepare package for lazy loading
** help
*** installing help indices
** building package indices
** testing if installed package can be loaded from temporary location
** testing if installed package can be loaded from final location
** testing if installed package keeps a record of temporary installation path
* creating tarball
packaged installation of ‘shinytoastr’ as ‘shinytoastr_2.2.0_R_x86_64-pc-linux-gnu.tar.gz’
* DONE (shinytoastr)
* installing *source* package ‘shinyAce’ ...
** this is package ‘shinyAce’ version ‘0.4.4’
** package ‘shinyAce’ successfully unpacked and MD5 sums checked
** using staged installation
** R
** inst
** byte-compile and prepare package for lazy loading
** help
*** installing help indices
** building package indices
** testing if installed package can be loaded from temporary location
** testing if installed package can be loaded from final location
** testing if installed package keeps a record of temporary installation path
* creating tarball
packaged installation of ‘shinyAce’ as ‘shinyAce_0.4.4_R_x86_64-pc-linux-gnu.tar.gz’
* DONE (shinyAce)
* installing *source* package ‘bookdown’ ...
** this is package ‘bookdown’ version ‘0.43’
** package ‘bookdown’ successfully unpacked and MD5 sums checked
** using staged installation
** R
** inst
** byte-compile and prepare package for lazy loading
** help
*** installing help indices
*** copying figures
** building package indices
** installing vignettes
** testing if installed package can be loaded from temporary location
** testing if installed package can be loaded from final location
** testing if installed package keeps a record of temporary installation path
* creating tarball
packaged installation of ‘bookdown’ as ‘bookdown_0.43_R_x86_64-pc-linux-gnu.tar.gz’
* DONE (bookdown)
* installing *source* package ‘viridis’ ...
** this is package ‘viridis’ version ‘0.6.5’
** package ‘viridis’ successfully unpacked and MD5 sums checked
** using staged installation
** R
** data
*** moving datasets to lazyload DB
** inst
** byte-compile and prepare package for lazy loading
** help
*** installing help indices
*** copying figures
** building package indices
** installing vignettes
** testing if installed package can be loaded from temporary location
** testing if installed package can be loaded from final location
** testing if installed package keeps a record of temporary installation path
* creating tarball
packaged installation of ‘viridis’ as ‘viridis_0.6.5_R_x86_64-pc-linux-gnu.tar.gz’
* DONE (viridis)
* installing *source* package ‘rentrez’ ...
** this is package ‘rentrez’ version ‘1.2.3’
** package ‘rentrez’ successfully unpacked and MD5 sums checked
** using staged installation
** R
** inst
** byte-compile and prepare package for lazy loading
** help
*** installing help indices
** building package indices
** installing vignettes
** testing if installed package can be loaded from temporary location
** testing if installed package can be loaded from final location
** testing if installed package keeps a record of temporary installation path
* creating tarball
packaged installation of ‘rentrez’ as ‘rentrez_1.2.3_R_x86_64-pc-linux-gnu.tar.gz’
* DONE (rentrez)
* installing *source* package ‘RcppML’ ...
** this is package ‘RcppML’ version ‘0.3.7’
** package ‘RcppML’ successfully unpacked and MD5 sums checked
** using staged installation
** libs
using C++ compiler: ‘g++ (Ubuntu 11.4.0-1ubuntu1~22.04) 11.4.0’
using C++11
g++ -std=gnu++11 -I"/usr/share/R/include" -DNDEBUG -I../inst/include/ -I'/usr/local/lib/R/site-library/Rcpp/include' -I'/usr/local/lib/R/site-library/RcppEigen/include'    -fopenmp -DEIGEN_INITIALIZE_MATRICES_BY_ZERO -DEIGEN_NO_DEBUG -fpic  -g -O2 -ffile-prefix-map=/build/r-base-rgGXCp/r-base-4.5.0=. -fstack-protector-strong -Wformat -Werror=format-security -Wdate-time -D_FORTIFY_SOURCE=2   -c RcppExports.cpp -o RcppExports.o
In file included from /usr/local/lib/R/site-library/RcppEigen/include/Eigen/Core:205,
                 from /usr/local/lib/R/site-library/RcppEigen/include/Eigen/Dense:1,
                 from /usr/local/lib/R/site-library/RcppEigen/include/RcppEigenForward.h:28,
                 from /usr/local/lib/R/site-library/RcppEigen/include/RcppEigen.h:25,
                 from RcppExports.cpp:4:
/usr/local/lib/R/site-library/RcppEigen/include/Eigen/src/Core/arch/SSE/PacketMath.h:46:40: warning: ignoring attributes on template argument ‘__m128i’ [-Wignored-attributes]
   46 | typedef eigen_packet_wrapper<__m128i, 0> Packet4i;
      |                                        ^
/usr/local/lib/R/site-library/RcppEigen/include/Eigen/src/Core/arch/SSE/PacketMath.h:47:40: warning: ignoring attributes on template argument ‘__m128i’ [-Wignored-attributes]
   47 | typedef eigen_packet_wrapper<__m128i, 1> Packet16b;
      |                                        ^
/usr/local/lib/R/site-library/RcppEigen/include/Eigen/src/Core/arch/SSE/PacketMath.h:49:39: warning: ignoring attributes on template argument ‘__m128’ [-Wignored-attributes]
   49 | template<> struct is_arithmetic<__m128>  { enum { value = true }; };
      |                                       ^
/usr/local/lib/R/site-library/RcppEigen/include/Eigen/src/Core/arch/SSE/PacketMath.h:50:40: warning: ignoring attributes on template argument ‘__m128i’ [-Wignored-attributes]
   50 | template<> struct is_arithmetic<__m128i> { enum { value = true }; };
      |                                        ^
/usr/local/lib/R/site-library/RcppEigen/include/Eigen/src/Core/arch/SSE/PacketMath.h:51:40: warning: ignoring attributes on template argument ‘__m128d’ [-Wignored-attributes]
   51 | template<> struct is_arithmetic<__m128d> { enum { value = true }; };
      |                                        ^
/usr/local/lib/R/site-library/RcppEigen/include/Eigen/src/Core/arch/SSE/PacketMath.h:222:43: warning: ignoring attributes on template argument ‘Eigen::internal::Packet4f’ {aka ‘__m128’} [-Wignored-attributes]
  222 | template<> struct unpacket_traits<Packet4f> {
      |                                           ^
/usr/local/lib/R/site-library/RcppEigen/include/Eigen/src/Core/arch/SSE/PacketMath.h:228:43: warning: ignoring attributes on template argument ‘Eigen::internal::Packet2d’ {aka ‘__m128d’} [-Wignored-attributes]
  228 | template<> struct unpacket_traits<Packet2d> {
      |                                           ^
/usr/local/lib/R/site-library/RcppEigen/include/Eigen/src/Core/arch/SSE/PacketMath.h:1124:34: warning: ignoring attributes on template argument ‘Eigen::internal::Packet4f’ {aka ‘__m128’} [-Wignored-attributes]
 1124 | ptranspose(PacketBlock<Packet4f,4>& kernel) {
      |                                  ^
/usr/local/lib/R/site-library/RcppEigen/include/Eigen/src/Core/arch/SSE/PacketMath.h:1129:34: warning: ignoring attributes on template argument ‘Eigen::internal::Packet2d’ {aka ‘__m128d’} [-Wignored-attributes]
 1129 | ptranspose(PacketBlock<Packet2d,2>& kernel) {
      |                                  ^
In file included from /usr/local/lib/R/site-library/RcppEigen/include/Eigen/Core:174,
                 from /usr/local/lib/R/site-library/RcppEigen/include/Eigen/Dense:1,
                 from /usr/local/lib/R/site-library/RcppEigen/include/RcppEigenForward.h:28,
                 from /usr/local/lib/R/site-library/RcppEigen/include/RcppEigen.h:25,
                 from RcppExports.cpp:4:
/usr/local/lib/R/site-library/RcppEigen/include/Eigen/src/Core/arch/Default/ConjHelper.h:16:60: warning: ignoring attributes on template argument ‘Eigen::internal::Packet4f’ {aka ‘__m128’} [-Wignored-attributes]
   16 |   struct conj_helper<PACKET_REAL, PACKET_CPLX, false, false> {          \
      |                                                            ^
/usr/local/lib/R/site-library/RcppEigen/include/Eigen/src/Core/arch/SSE/Complex.h:173:1: note: in expansion of macro ‘EIGEN_MAKE_CONJ_HELPER_CPLX_REAL’
  173 | EIGEN_MAKE_CONJ_HELPER_CPLX_REAL(Packet2cf,Packet4f)
      | ^~~~~~~~~~~~~~~~~~~~~~~~~~~~~~~~
/usr/local/lib/R/site-library/RcppEigen/include/Eigen/src/Core/arch/Default/ConjHelper.h:29:60: warning: ignoring attributes on template argument ‘Eigen::internal::Packet4f’ {aka ‘__m128’} [-Wignored-attributes]
   29 |   struct conj_helper<PACKET_CPLX, PACKET_REAL, false, false> {          \
      |                                                            ^
/usr/local/lib/R/site-library/RcppEigen/include/Eigen/src/Core/arch/SSE/Complex.h:173:1: note: in expansion of macro ‘EIGEN_MAKE_CONJ_HELPER_CPLX_REAL’
  173 | EIGEN_MAKE_CONJ_HELPER_CPLX_REAL(Packet2cf,Packet4f)
      | ^~~~~~~~~~~~~~~~~~~~~~~~~~~~~~~~
/usr/local/lib/R/site-library/RcppEigen/include/Eigen/src/Core/arch/Default/ConjHelper.h:16:60: warning: ignoring attributes on template argument ‘Eigen::internal::Packet2d’ {aka ‘__m128d’} [-Wignored-attributes]
   16 |   struct conj_helper<PACKET_REAL, PACKET_CPLX, false, false> {          \
      |                                                            ^
/usr/local/lib/R/site-library/RcppEigen/include/Eigen/src/Core/arch/SSE/Complex.h:298:1: note: in expansion of macro ‘EIGEN_MAKE_CONJ_HELPER_CPLX_REAL’
  298 | EIGEN_MAKE_CONJ_HELPER_CPLX_REAL(Packet1cd,Packet2d)
      | ^~~~~~~~~~~~~~~~~~~~~~~~~~~~~~~~
/usr/local/lib/R/site-library/RcppEigen/include/Eigen/src/Core/arch/Default/ConjHelper.h:29:60: warning: ignoring attributes on template argument ‘Eigen::internal::Packet2d’ {aka ‘__m128d’} [-Wignored-attributes]
   29 |   struct conj_helper<PACKET_CPLX, PACKET_REAL, false, false> {          \
      |                                                            ^
/usr/local/lib/R/site-library/RcppEigen/include/Eigen/src/Core/arch/SSE/Complex.h:298:1: note: in expansion of macro ‘EIGEN_MAKE_CONJ_HELPER_CPLX_REAL’
  298 | EIGEN_MAKE_CONJ_HELPER_CPLX_REAL(Packet1cd,Packet2d)
      | ^~~~~~~~~~~~~~~~~~~~~~~~~~~~~~~~
In file included from /usr/local/lib/R/site-library/RcppEigen/include/Eigen/Core:165,
                 from /usr/local/lib/R/site-library/RcppEigen/include/Eigen/Dense:1,
                 from /usr/local/lib/R/site-library/RcppEigen/include/RcppEigenForward.h:28,
                 from /usr/local/lib/R/site-library/RcppEigen/include/RcppEigen.h:25,
                 from RcppExports.cpp:4:
/usr/local/lib/R/site-library/RcppEigen/include/Eigen/src/Core/util/XprHelper.h: In instantiation of ‘struct Eigen::internal::find_best_packet<float, 4>’:
/usr/local/lib/R/site-library/RcppEigen/include/Eigen/src/Core/Matrix.h:22:57:   required from ‘struct Eigen::internal::traits<Eigen::Matrix<float, 4, 1> >’
/usr/local/lib/R/site-library/RcppEigen/include/Eigen/src/Geometry/Quaternion.h:266:49:   required from ‘struct Eigen::internal::traits<Eigen::Quaternion<float> >’
/usr/local/lib/R/site-library/RcppEigen/include/Eigen/src/Geometry/arch/Geometry_SIMD.h:24:46:   required from here
/usr/local/lib/R/site-library/RcppEigen/include/Eigen/src/Core/util/XprHelper.h:190:44: warning: ignoring attributes on template argument ‘Eigen::internal::packet_traits<float>::type’ {aka ‘__m128’} [-Wignored-attributes]
  190 |          bool Stop = Size==Dynamic || (Size%unpacket_traits<PacketType>::size)==0 || is_same<PacketType,typename unpacket_traits<PacketType>::half>::value>
      |                                       ~~~~~^~~~~~~~~~~~~~~~~~~~~~~~~~~~~~~~~~~
/usr/local/lib/R/site-library/RcppEigen/include/Eigen/src/Core/util/XprHelper.h:190:83: warning: ignoring attributes on template argument ‘Eigen::internal::packet_traits<float>::type’ {aka ‘__m128’} [-Wignored-attributes]
  190 |          bool Stop = Size==Dynamic || (Size%unpacket_traits<PacketType>::size)==0 || is_same<PacketType,typename unpacket_traits<PacketType>::half>::value>
      |                      ~~~~~~~~~~~~~~~~~~~~~~~~~~~~~~~~~~~~~~~~~~~~~~~~~~~~~~~~~~~~~^~~~~~~~~~~~~~~~~~~~~~~~~~~~~~~~~~~~~~~~~~~~~~~~~~~~~~~~~~~~~~~~~~~~~~~~
/usr/local/lib/R/site-library/RcppEigen/include/Eigen/src/Core/util/XprHelper.h:190:83: warning: ignoring attributes on template argument ‘Eigen::internal::packet_traits<float>::type’ {aka ‘__m128’} [-Wignored-attributes]
/usr/local/lib/R/site-library/RcppEigen/include/Eigen/src/Core/util/XprHelper.h:190:83: warning: ignoring attributes on template argument ‘Eigen::internal::unpacket_traits<__vector(4) float>::half’ {aka ‘__m128’} [-Wignored-attributes]
/usr/local/lib/R/site-library/RcppEigen/include/Eigen/src/Core/util/XprHelper.h:208:88: warning: ignoring attributes on template argument ‘Eigen::internal::packet_traits<float>::type’ {aka ‘__m128’} [-Wignored-attributes]
  208 |   typedef typename find_best_packet_helper<Size,typename packet_traits<T>::type>::type type;
      |                                                                                        ^~~~
In file included from /usr/local/lib/R/site-library/RcppEigen/include/Eigen/Core:271,
                 from /usr/local/lib/R/site-library/RcppEigen/include/Eigen/Dense:1,
                 from /usr/local/lib/R/site-library/RcppEigen/include/RcppEigenForward.h:28,
                 from /usr/local/lib/R/site-library/RcppEigen/include/RcppEigen.h:25,
                 from RcppExports.cpp:4:
/usr/local/lib/R/site-library/RcppEigen/include/Eigen/src/Core/DenseCoeffsBase.h: In instantiation of ‘class Eigen::DenseCoeffsBase<Eigen::Matrix<float, 4, 1>, 0>’:
/usr/local/lib/R/site-library/RcppEigen/include/Eigen/src/Core/DenseCoeffsBase.h:302:7:   required from ‘class Eigen::DenseCoeffsBase<Eigen::Matrix<float, 4, 1>, 1>’
/usr/local/lib/R/site-library/RcppEigen/include/Eigen/src/Core/DenseCoeffsBase.h:555:7:   required from ‘class Eigen::DenseCoeffsBase<Eigen::Matrix<float, 4, 1>, 3>’
/usr/local/lib/R/site-library/RcppEigen/include/Eigen/src/Core/DenseBase.h:41:34:   required from ‘class Eigen::DenseBase<Eigen::Matrix<float, 4, 1> >’
/usr/local/lib/R/site-library/RcppEigen/include/Eigen/src/Core/MatrixBase.h:48:34:   required from ‘class Eigen::MatrixBase<Eigen::Matrix<float, 4, 1> >’
/usr/local/lib/R/site-library/RcppEigen/include/Eigen/src/Core/PlainObjectBase.h:98:7:   required from ‘class Eigen::PlainObjectBase<Eigen::Matrix<float, 4, 1> >’
/usr/local/lib/R/site-library/RcppEigen/include/Eigen/src/Core/Matrix.h:178:7:   required from ‘class Eigen::Matrix<float, 4, 1>’
/usr/local/lib/R/site-library/RcppEigen/include/Eigen/src/Geometry/Quaternion.h:46:50:   required from ‘class Eigen::QuaternionBase<Eigen::Quaternion<float> >’
/usr/local/lib/R/site-library/RcppEigen/include/Eigen/src/Geometry/Quaternion.h:273:7:   required from ‘class Eigen::Quaternion<float>’
/usr/local/lib/R/site-library/RcppEigen/include/Eigen/src/Geometry/arch/Geometry_SIMD.h:27:3:   required from here
/usr/local/lib/R/site-library/RcppEigen/include/Eigen/src/Core/DenseCoeffsBase.h:56:30: warning: ignoring attributes on template argument ‘Eigen::internal::packet_traits<float>::type’ {aka ‘__m128’} [-Wignored-attributes]
   56 |                      >::type PacketReturnType;
      |                              ^~~~~~~~~~~~~~~~
In file included from /usr/local/lib/R/site-library/RcppEigen/include/Eigen/Core:165,
                 from /usr/local/lib/R/site-library/RcppEigen/include/Eigen/Dense:1,
                 from /usr/local/lib/R/site-library/RcppEigen/include/RcppEigenForward.h:28,
                 from /usr/local/lib/R/site-library/RcppEigen/include/RcppEigen.h:25,
                 from RcppExports.cpp:4:
/usr/local/lib/R/site-library/RcppEigen/include/Eigen/src/Core/util/XprHelper.h: In instantiation of ‘struct Eigen::internal::find_best_packet<double, 4>’:
/usr/local/lib/R/site-library/RcppEigen/include/Eigen/src/Core/Matrix.h:22:57:   required from ‘struct Eigen::internal::traits<Eigen::Matrix<double, 4, 1> >’
/usr/local/lib/R/site-library/RcppEigen/include/Eigen/src/Geometry/Quaternion.h:266:49:   required from ‘struct Eigen::internal::traits<Eigen::Quaternion<double> >’
/usr/local/lib/R/site-library/RcppEigen/include/Eigen/src/Geometry/arch/Geometry_SIMD.h:98:47:   required from here
/usr/local/lib/R/site-library/RcppEigen/include/Eigen/src/Core/util/XprHelper.h:190:44: warning: ignoring attributes on template argument ‘Eigen::internal::packet_traits<double>::type’ {aka ‘__m128d’} [-Wignored-attributes]
  190 |          bool Stop = Size==Dynamic || (Size%unpacket_traits<PacketType>::size)==0 || is_same<PacketType,typename unpacket_traits<PacketType>::half>::value>
      |                                       ~~~~~^~~~~~~~~~~~~~~~~~~~~~~~~~~~~~~~~~~
/usr/local/lib/R/site-library/RcppEigen/include/Eigen/src/Core/util/XprHelper.h:190:83: warning: ignoring attributes on template argument ‘Eigen::internal::packet_traits<double>::type’ {aka ‘__m128d’} [-Wignored-attributes]
  190 |          bool Stop = Size==Dynamic || (Size%unpacket_traits<PacketType>::size)==0 || is_same<PacketType,typename unpacket_traits<PacketType>::half>::value>
      |                      ~~~~~~~~~~~~~~~~~~~~~~~~~~~~~~~~~~~~~~~~~~~~~~~~~~~~~~~~~~~~~^~~~~~~~~~~~~~~~~~~~~~~~~~~~~~~~~~~~~~~~~~~~~~~~~~~~~~~~~~~~~~~~~~~~~~~~
/usr/local/lib/R/site-library/RcppEigen/include/Eigen/src/Core/util/XprHelper.h:190:83: warning: ignoring attributes on template argument ‘Eigen::internal::packet_traits<double>::type’ {aka ‘__m128d’} [-Wignored-attributes]
/usr/local/lib/R/site-library/RcppEigen/include/Eigen/src/Core/util/XprHelper.h:190:83: warning: ignoring attributes on template argument ‘Eigen::internal::unpacket_traits<__vector(2) double>::half’ {aka ‘__m128d’} [-Wignored-attributes]
/usr/local/lib/R/site-library/RcppEigen/include/Eigen/src/Core/util/XprHelper.h:208:88: warning: ignoring attributes on template argument ‘Eigen::internal::packet_traits<double>::type’ {aka ‘__m128d’} [-Wignored-attributes]
  208 |   typedef typename find_best_packet_helper<Size,typename packet_traits<T>::type>::type type;
      |                                                                                        ^~~~
In file included from /usr/local/lib/R/site-library/RcppEigen/include/Eigen/Core:271,
                 from /usr/local/lib/R/site-library/RcppEigen/include/Eigen/Dense:1,
                 from /usr/local/lib/R/site-library/RcppEigen/include/RcppEigenForward.h:28,
                 from /usr/local/lib/R/site-library/RcppEigen/include/RcppEigen.h:25,
                 from RcppExports.cpp:4:
/usr/local/lib/R/site-library/RcppEigen/include/Eigen/src/Core/DenseCoeffsBase.h: In instantiation of ‘class Eigen::DenseCoeffsBase<Eigen::Matrix<double, 4, 1>, 0>’:
/usr/local/lib/R/site-library/RcppEigen/include/Eigen/src/Core/DenseCoeffsBase.h:302:7:   required from ‘class Eigen::DenseCoeffsBase<Eigen::Matrix<double, 4, 1>, 1>’
/usr/local/lib/R/site-library/RcppEigen/include/Eigen/src/Core/DenseCoeffsBase.h:555:7:   required from ‘class Eigen::DenseCoeffsBase<Eigen::Matrix<double, 4, 1>, 3>’
/usr/local/lib/R/site-library/RcppEigen/include/Eigen/src/Core/DenseBase.h:41:34:   required from ‘class Eigen::DenseBase<Eigen::Matrix<double, 4, 1> >’
/usr/local/lib/R/site-library/RcppEigen/include/Eigen/src/Core/MatrixBase.h:48:34:   required from ‘class Eigen::MatrixBase<Eigen::Matrix<double, 4, 1> >’
/usr/local/lib/R/site-library/RcppEigen/include/Eigen/src/Core/PlainObjectBase.h:98:7:   required from ‘class Eigen::PlainObjectBase<Eigen::Matrix<double, 4, 1> >’
/usr/local/lib/R/site-library/RcppEigen/include/Eigen/src/Core/Matrix.h:178:7:   required from ‘class Eigen::Matrix<double, 4, 1>’
/usr/local/lib/R/site-library/RcppEigen/include/Eigen/src/Geometry/Quaternion.h:46:50:   required from ‘class Eigen::QuaternionBase<Eigen::Quaternion<double> >’
/usr/local/lib/R/site-library/RcppEigen/include/Eigen/src/Geometry/Quaternion.h:273:7:   required from ‘class Eigen::Quaternion<double>’
/usr/local/lib/R/site-library/RcppEigen/include/Eigen/src/Geometry/arch/Geometry_SIMD.h:102:3:   required from here
/usr/local/lib/R/site-library/RcppEigen/include/Eigen/src/Core/DenseCoeffsBase.h:56:30: warning: ignoring attributes on template argument ‘Eigen::internal::packet_traits<double>::type’ {aka ‘__m128d’} [-Wignored-attributes]
   56 |                      >::type PacketReturnType;
      |                              ^~~~~~~~~~~~~~~~
In file included from /usr/local/lib/R/site-library/RcppEigen/include/Eigen/SparseCore:37,
                 from /usr/local/lib/R/site-library/RcppEigen/include/Eigen/Sparse:26,
                 from /usr/local/lib/R/site-library/RcppEigen/include/RcppEigenForward.h:29,
                 from /usr/local/lib/R/site-library/RcppEigen/include/RcppEigen.h:25,
                 from RcppExports.cpp:4:
/usr/local/lib/R/site-library/RcppEigen/include/Eigen/src/SparseCore/SparseMatrixBase.h: In instantiation of ‘class Eigen::SparseMatrixBase<Eigen::SparseMatrix<double, 0, int> >’:
/usr/local/lib/R/site-library/RcppEigen/include/Eigen/src/SparseCore/SparseCompressedBase.h:36:7:   required from ‘class Eigen::SparseCompressedBase<Eigen::SparseMatrix<double, 0, int> >’
/usr/local/lib/R/site-library/RcppEigen/include/Eigen/src/SparseCore/SparseMatrix.h:96:7:   required from ‘class Eigen::SparseMatrix<double, 0, int>’
/usr/local/lib/R/site-library/RcppEigen/include/unsupported/Eigen/src/IterativeSolvers/ConstrainedConjGrad.h:61:25:   required from here
/usr/local/lib/R/site-library/RcppEigen/include/Eigen/src/SparseCore/SparseMatrixBase.h:47:30: warning: ignoring attributes on template argument ‘Eigen::internal::packet_traits<double>::type’ {aka ‘__m128d’} [-Wignored-attributes]
   47 |                      >::type PacketReturnType;
      |                              ^~~~~~~~~~~~~~~~
In file included from /usr/local/lib/R/site-library/RcppEigen/include/Eigen/Core:165,
                 from /usr/local/lib/R/site-library/RcppEigen/include/Eigen/Dense:1,
                 from /usr/local/lib/R/site-library/RcppEigen/include/RcppEigenForward.h:28,
                 from /usr/local/lib/R/site-library/RcppEigen/include/RcppEigen.h:25,
                 from RcppExports.cpp:4:
/usr/local/lib/R/site-library/RcppEigen/include/Eigen/src/Core/util/XprHelper.h: In instantiation of ‘struct Eigen::internal::find_best_packet<double, -1>’:
/usr/local/lib/R/site-library/RcppEigen/include/Eigen/src/Core/Matrix.h:22:57:   required from ‘struct Eigen::internal::traits<Eigen::Matrix<double, -1, -1> >’
/usr/local/lib/R/site-library/RcppEigen/include/Eigen/src/Core/PlainObjectBase.h:98:7:   required from ‘class Eigen::PlainObjectBase<Eigen::Matrix<double, -1, -1> >’
/usr/local/lib/R/site-library/RcppEigen/include/Eigen/src/Core/Matrix.h:178:7:   required from ‘class Eigen::Matrix<double, -1, -1>’
/usr/local/lib/R/site-library/Rcpp/include/Rcpp/InputParameter.h:64:11:   required from ‘class Rcpp::ConstInputParameter<Eigen::Matrix<double, -1, -1> >’
RcppExports.cpp:21:73:   required from here
/usr/local/lib/R/site-library/RcppEigen/include/Eigen/src/Core/util/XprHelper.h:190:44: warning: ignoring attributes on template argument ‘Eigen::internal::packet_traits<double>::type’ {aka ‘__m128d’} [-Wignored-attributes]
  190 |          bool Stop = Size==Dynamic || (Size%unpacket_traits<PacketType>::size)==0 || is_same<PacketType,typename unpacket_traits<PacketType>::half>::value>
      |                                       ~~~~~^~~~~~~~~~~~~~~~~~~~~~~~~~~~~~~~~~~
/usr/local/lib/R/site-library/RcppEigen/include/Eigen/src/Core/util/XprHelper.h:190:83: warning: ignoring attributes on template argument ‘Eigen::internal::packet_traits<double>::type’ {aka ‘__m128d’} [-Wignored-attributes]
  190 |          bool Stop = Size==Dynamic || (Size%unpacket_traits<PacketType>::size)==0 || is_same<PacketType,typename unpacket_traits<PacketType>::half>::value>
      |                      ~~~~~~~~~~~~~~~~~~~~~~~~~~~~~~~~~~~~~~~~~~~~~~~~~~~~~~~~~~~~~^~~~~~~~~~~~~~~~~~~~~~~~~~~~~~~~~~~~~~~~~~~~~~~~~~~~~~~~~~~~~~~~~~~~~~~~
/usr/local/lib/R/site-library/RcppEigen/include/Eigen/src/Core/util/XprHelper.h:190:83: warning: ignoring attributes on template argument ‘Eigen::internal::packet_traits<double>::type’ {aka ‘__m128d’} [-Wignored-attributes]
/usr/local/lib/R/site-library/RcppEigen/include/Eigen/src/Core/util/XprHelper.h:190:83: warning: ignoring attributes on template argument ‘Eigen::internal::unpacket_traits<__vector(2) double>::half’ {aka ‘__m128d’} [-Wignored-attributes]
/usr/local/lib/R/site-library/RcppEigen/include/Eigen/src/Core/util/XprHelper.h:208:88: warning: ignoring attributes on template argument ‘Eigen::internal::packet_traits<double>::type’ {aka ‘__m128d’} [-Wignored-attributes]
  208 |   typedef typename find_best_packet_helper<Size,typename packet_traits<T>::type>::type type;
      |                                                                                        ^~~~
In file included from /usr/local/lib/R/site-library/RcppEigen/include/Eigen/Core:271,
                 from /usr/local/lib/R/site-library/RcppEigen/include/Eigen/Dense:1,
                 from /usr/local/lib/R/site-library/RcppEigen/include/RcppEigenForward.h:28,
                 from /usr/local/lib/R/site-library/RcppEigen/include/RcppEigen.h:25,
                 from RcppExports.cpp:4:
/usr/local/lib/R/site-library/RcppEigen/include/Eigen/src/Core/DenseCoeffsBase.h: In instantiation of ‘class Eigen::DenseCoeffsBase<Eigen::Matrix<double, -1, -1>, 0>’:
/usr/local/lib/R/site-library/RcppEigen/include/Eigen/src/Core/DenseCoeffsBase.h:302:7:   required from ‘class Eigen::DenseCoeffsBase<Eigen::Matrix<double, -1, -1>, 1>’
/usr/local/lib/R/site-library/RcppEigen/include/Eigen/src/Core/DenseCoeffsBase.h:555:7:   required from ‘class Eigen::DenseCoeffsBase<Eigen::Matrix<double, -1, -1>, 3>’
/usr/local/lib/R/site-library/RcppEigen/include/Eigen/src/Core/DenseBase.h:41:34:   required from ‘class Eigen::DenseBase<Eigen::Matrix<double, -1, -1> >’
/usr/local/lib/R/site-library/RcppEigen/include/Eigen/src/Core/MatrixBase.h:48:34:   required from ‘class Eigen::MatrixBase<Eigen::Matrix<double, -1, -1> >’
/usr/local/lib/R/site-library/RcppEigen/include/Eigen/src/Core/PlainObjectBase.h:98:7:   required from ‘class Eigen::PlainObjectBase<Eigen::Matrix<double, -1, -1> >’
/usr/local/lib/R/site-library/RcppEigen/include/Eigen/src/Core/Matrix.h:178:7:   required from ‘class Eigen::Matrix<double, -1, -1>’
/usr/local/lib/R/site-library/Rcpp/include/Rcpp/InputParameter.h:64:11:   required from ‘class Rcpp::ConstInputParameter<Eigen::Matrix<double, -1, -1> >’
RcppExports.cpp:21:73:   required from here
/usr/local/lib/R/site-library/RcppEigen/include/Eigen/src/Core/DenseCoeffsBase.h:56:30: warning: ignoring attributes on template argument ‘Eigen::internal::packet_traits<double>::type’ {aka ‘__m128d’} [-Wignored-attributes]
   56 |                      >::type PacketReturnType;
      |                              ^~~~~~~~~~~~~~~~
/usr/local/lib/R/site-library/RcppEigen/include/Eigen/src/Core/DenseCoeffsBase.h: In instantiation of ‘class Eigen::DenseCoeffsBase<Eigen::Matrix<double, -1, 1>, 0>’:
/usr/local/lib/R/site-library/RcppEigen/include/Eigen/src/Core/DenseCoeffsBase.h:302:7:   required from ‘class Eigen::DenseCoeffsBase<Eigen::Matrix<double, -1, 1>, 1>’
/usr/local/lib/R/site-library/RcppEigen/include/Eigen/src/Core/DenseCoeffsBase.h:555:7:   required from ‘class Eigen::DenseCoeffsBase<Eigen::Matrix<double, -1, 1>, 3>’
/usr/local/lib/R/site-library/RcppEigen/include/Eigen/src/Core/DenseBase.h:41:34:   required from ‘class Eigen::DenseBase<Eigen::Matrix<double, -1, 1> >’
/usr/local/lib/R/site-library/RcppEigen/include/Eigen/src/Core/MatrixBase.h:48:34:   required from ‘class Eigen::MatrixBase<Eigen::Matrix<double, -1, 1> >’
/usr/local/lib/R/site-library/RcppEigen/include/Eigen/src/Core/PlainObjectBase.h:98:7:   required from ‘class Eigen::PlainObjectBase<Eigen::Matrix<double, -1, 1> >’
/usr/local/lib/R/site-library/RcppEigen/include/Eigen/src/Core/Matrix.h:178:7:   required from ‘class Eigen::Matrix<double, -1, 1>’
/usr/local/lib/R/site-library/Rcpp/include/Rcpp/InputParameter.h:51:11:   required from ‘class Rcpp::ReferenceInputParameter<Eigen::Matrix<double, -1, 1> >’
RcppExports.cpp:86:68:   required from here
/usr/local/lib/R/site-library/RcppEigen/include/Eigen/src/Core/DenseCoeffsBase.h:56:30: warning: ignoring attributes on template argument ‘Eigen::internal::packet_traits<double>::type’ {aka ‘__m128d’} [-Wignored-attributes]
g++ -std=gnu++11 -I"/usr/share/R/include" -DNDEBUG -I../inst/include/ -I'/usr/local/lib/R/site-library/Rcpp/include' -I'/usr/local/lib/R/site-library/RcppEigen/include'    -fopenmp -DEIGEN_INITIALIZE_MATRICES_BY_ZERO -DEIGEN_NO_DEBUG -fpic  -g -O2 -ffile-prefix-map=/build/r-base-rgGXCp/r-base-4.5.0=. -fstack-protector-strong -Wformat -Werror=format-security -Wdate-time -D_FORTIFY_SOURCE=2   -c RcppFunctions.cpp -o RcppFunctions.o
In file included from /usr/local/lib/R/site-library/RcppEigen/include/Eigen/Core:205,
                 from /usr/local/lib/R/site-library/RcppEigen/include/Eigen/Dense:1,
                 from /usr/local/lib/R/site-library/RcppEigen/include/RcppEigenForward.h:28,
                 from /usr/local/lib/R/site-library/RcppEigen/include/RcppEigen.h:25,
                 from ../inst/include/RcppMLCommon.hpp:36,
                 from ../inst/include/RcppML.hpp:11,
                 from RcppFunctions.cpp:8:
/usr/local/lib/R/site-library/RcppEigen/include/Eigen/src/Core/arch/SSE/PacketMath.h:46:40: warning: ignoring attributes on template argument ‘__m128i’ [-Wignored-attributes]
   46 | typedef eigen_packet_wrapper<__m128i, 0> Packet4i;
      |                                        ^
/usr/local/lib/R/site-library/RcppEigen/include/Eigen/src/Core/arch/SSE/PacketMath.h:47:40: warning: ignoring attributes on template argument ‘__m128i’ [-Wignored-attributes]
   47 | typedef eigen_packet_wrapper<__m128i, 1> Packet16b;
      |                                        ^
/usr/local/lib/R/site-library/RcppEigen/include/Eigen/src/Core/arch/SSE/PacketMath.h:49:39: warning: ignoring attributes on template argument ‘__m128’ [-Wignored-attributes]
   49 | template<> struct is_arithmetic<__m128>  { enum { value = true }; };
      |                                       ^
/usr/local/lib/R/site-library/RcppEigen/include/Eigen/src/Core/arch/SSE/PacketMath.h:50:40: warning: ignoring attributes on template argument ‘__m128i’ [-Wignored-attributes]
   50 | template<> struct is_arithmetic<__m128i> { enum { value = true }; };
      |                                        ^
/usr/local/lib/R/site-library/RcppEigen/include/Eigen/src/Core/arch/SSE/PacketMath.h:51:40: warning: ignoring attributes on template argument ‘__m128d’ [-Wignored-attributes]
   51 | template<> struct is_arithmetic<__m128d> { enum { value = true }; };
      |                                        ^
/usr/local/lib/R/site-library/RcppEigen/include/Eigen/src/Core/arch/SSE/PacketMath.h:222:43: warning: ignoring attributes on template argument ‘Eigen::internal::Packet4f’ {aka ‘__m128’} [-Wignored-attributes]
  222 | template<> struct unpacket_traits<Packet4f> {
      |                                           ^
/usr/local/lib/R/site-library/RcppEigen/include/Eigen/src/Core/arch/SSE/PacketMath.h:228:43: warning: ignoring attributes on template argument ‘Eigen::internal::Packet2d’ {aka ‘__m128d’} [-Wignored-attributes]
  228 | template<> struct unpacket_traits<Packet2d> {
      |                                           ^
/usr/local/lib/R/site-library/RcppEigen/include/Eigen/src/Core/arch/SSE/PacketMath.h:1124:34: warning: ignoring attributes on template argument ‘Eigen::internal::Packet4f’ {aka ‘__m128’} [-Wignored-attributes]
 1124 | ptranspose(PacketBlock<Packet4f,4>& kernel) {
      |                                  ^
/usr/local/lib/R/site-library/RcppEigen/include/Eigen/src/Core/arch/SSE/PacketMath.h:1129:34: warning: ignoring attributes on template argument ‘Eigen::internal::Packet2d’ {aka ‘__m128d’} [-Wignored-attributes]
 1129 | ptranspose(PacketBlock<Packet2d,2>& kernel) {
      |                                  ^
In file included from /usr/local/lib/R/site-library/RcppEigen/include/Eigen/Core:174,
                 from /usr/local/lib/R/site-library/RcppEigen/include/Eigen/Dense:1,
                 from /usr/local/lib/R/site-library/RcppEigen/include/RcppEigenForward.h:28,
                 from /usr/local/lib/R/site-library/RcppEigen/include/RcppEigen.h:25,
                 from ../inst/include/RcppMLCommon.hpp:36,
                 from ../inst/include/RcppML.hpp:11,
                 from RcppFunctions.cpp:8:
/usr/local/lib/R/site-library/RcppEigen/include/Eigen/src/Core/arch/Default/ConjHelper.h:16:60: warning: ignoring attributes on template argument ‘Eigen::internal::Packet4f’ {aka ‘__m128’} [-Wignored-attributes]
   16 |   struct conj_helper<PACKET_REAL, PACKET_CPLX, false, false> {          \
      |                                                            ^
/usr/local/lib/R/site-library/RcppEigen/include/Eigen/src/Core/arch/SSE/Complex.h:173:1: note: in expansion of macro ‘EIGEN_MAKE_CONJ_HELPER_CPLX_REAL’
  173 | EIGEN_MAKE_CONJ_HELPER_CPLX_REAL(Packet2cf,Packet4f)
      | ^~~~~~~~~~~~~~~~~~~~~~~~~~~~~~~~
/usr/local/lib/R/site-library/RcppEigen/include/Eigen/src/Core/arch/Default/ConjHelper.h:29:60: warning: ignoring attributes on template argument ‘Eigen::internal::Packet4f’ {aka ‘__m128’} [-Wignored-attributes]
   29 |   struct conj_helper<PACKET_CPLX, PACKET_REAL, false, false> {          \
      |                                                            ^
/usr/local/lib/R/site-library/RcppEigen/include/Eigen/src/Core/arch/SSE/Complex.h:173:1: note: in expansion of macro ‘EIGEN_MAKE_CONJ_HELPER_CPLX_REAL’
  173 | EIGEN_MAKE_CONJ_HELPER_CPLX_REAL(Packet2cf,Packet4f)
      | ^~~~~~~~~~~~~~~~~~~~~~~~~~~~~~~~
/usr/local/lib/R/site-library/RcppEigen/include/Eigen/src/Core/arch/Default/ConjHelper.h:16:60: warning: ignoring attributes on template argument ‘Eigen::internal::Packet2d’ {aka ‘__m128d’} [-Wignored-attributes]
   16 |   struct conj_helper<PACKET_REAL, PACKET_CPLX, false, false> {          \
      |                                                            ^
/usr/local/lib/R/site-library/RcppEigen/include/Eigen/src/Core/arch/SSE/Complex.h:298:1: note: in expansion of macro ‘EIGEN_MAKE_CONJ_HELPER_CPLX_REAL’
  298 | EIGEN_MAKE_CONJ_HELPER_CPLX_REAL(Packet1cd,Packet2d)
      | ^~~~~~~~~~~~~~~~~~~~~~~~~~~~~~~~
/usr/local/lib/R/site-library/RcppEigen/include/Eigen/src/Core/arch/Default/ConjHelper.h:29:60: warning: ignoring attributes on template argument ‘Eigen::internal::Packet2d’ {aka ‘__m128d’} [-Wignored-attributes]
   29 |   struct conj_helper<PACKET_CPLX, PACKET_REAL, false, false> {          \
      |                                                            ^
/usr/local/lib/R/site-library/RcppEigen/include/Eigen/src/Core/arch/SSE/Complex.h:298:1: note: in expansion of macro ‘EIGEN_MAKE_CONJ_HELPER_CPLX_REAL’
  298 | EIGEN_MAKE_CONJ_HELPER_CPLX_REAL(Packet1cd,Packet2d)
      | ^~~~~~~~~~~~~~~~~~~~~~~~~~~~~~~~
In file included from /usr/local/lib/R/site-library/RcppEigen/include/Eigen/Core:165,
                 from /usr/local/lib/R/site-library/RcppEigen/include/Eigen/Dense:1,
                 from /usr/local/lib/R/site-library/RcppEigen/include/RcppEigenForward.h:28,
                 from /usr/local/lib/R/site-library/RcppEigen/include/RcppEigen.h:25,
                 from ../inst/include/RcppMLCommon.hpp:36,
                 from ../inst/include/RcppML.hpp:11,
                 from RcppFunctions.cpp:8:
/usr/local/lib/R/site-library/RcppEigen/include/Eigen/src/Core/util/XprHelper.h: In instantiation of ‘struct Eigen::internal::find_best_packet<float, 4>’:
/usr/local/lib/R/site-library/RcppEigen/include/Eigen/src/Core/Matrix.h:22:57:   required from ‘struct Eigen::internal::traits<Eigen::Matrix<float, 4, 1> >’
/usr/local/lib/R/site-library/RcppEigen/include/Eigen/src/Geometry/Quaternion.h:266:49:   required from ‘struct Eigen::internal::traits<Eigen::Quaternion<float> >’
/usr/local/lib/R/site-library/RcppEigen/include/Eigen/src/Geometry/arch/Geometry_SIMD.h:24:46:   required from here
/usr/local/lib/R/site-library/RcppEigen/include/Eigen/src/Core/util/XprHelper.h:190:44: warning: ignoring attributes on template argument ‘Eigen::internal::packet_traits<float>::type’ {aka ‘__m128’} [-Wignored-attributes]
  190 |          bool Stop = Size==Dynamic || (Size%unpacket_traits<PacketType>::size)==0 || is_same<PacketType,typename unpacket_traits<PacketType>::half>::value>
      |                                       ~~~~~^~~~~~~~~~~~~~~~~~~~~~~~~~~~~~~~~~~
/usr/local/lib/R/site-library/RcppEigen/include/Eigen/src/Core/util/XprHelper.h:190:83: warning: ignoring attributes on template argument ‘Eigen::internal::packet_traits<float>::type’ {aka ‘__m128’} [-Wignored-attributes]
  190 |          bool Stop = Size==Dynamic || (Size%unpacket_traits<PacketType>::size)==0 || is_same<PacketType,typename unpacket_traits<PacketType>::half>::value>
      |                      ~~~~~~~~~~~~~~~~~~~~~~~~~~~~~~~~~~~~~~~~~~~~~~~~~~~~~~~~~~~~~^~~~~~~~~~~~~~~~~~~~~~~~~~~~~~~~~~~~~~~~~~~~~~~~~~~~~~~~~~~~~~~~~~~~~~~~
/usr/local/lib/R/site-library/RcppEigen/include/Eigen/src/Core/util/XprHelper.h:190:83: warning: ignoring attributes on template argument ‘Eigen::internal::packet_traits<float>::type’ {aka ‘__m128’} [-Wignored-attributes]
/usr/local/lib/R/site-library/RcppEigen/include/Eigen/src/Core/util/XprHelper.h:190:83: warning: ignoring attributes on template argument ‘Eigen::internal::unpacket_traits<__vector(4) float>::half’ {aka ‘__m128’} [-Wignored-attributes]
/usr/local/lib/R/site-library/RcppEigen/include/Eigen/src/Core/util/XprHelper.h:208:88: warning: ignoring attributes on template argument ‘Eigen::internal::packet_traits<float>::type’ {aka ‘__m128’} [-Wignored-attributes]
  208 |   typedef typename find_best_packet_helper<Size,typename packet_traits<T>::type>::type type;
      |                                                                                        ^~~~
In file included from /usr/local/lib/R/site-library/RcppEigen/include/Eigen/Core:271,
                 from /usr/local/lib/R/site-library/RcppEigen/include/Eigen/Dense:1,
                 from /usr/local/lib/R/site-library/RcppEigen/include/RcppEigenForward.h:28,
                 from /usr/local/lib/R/site-library/RcppEigen/include/RcppEigen.h:25,
                 from ../inst/include/RcppMLCommon.hpp:36,
                 from ../inst/include/RcppML.hpp:11,
                 from RcppFunctions.cpp:8:
/usr/local/lib/R/site-library/RcppEigen/include/Eigen/src/Core/DenseCoeffsBase.h: In instantiation of ‘class Eigen::DenseCoeffsBase<Eigen::Matrix<float, 4, 1>, 0>’:
/usr/local/lib/R/site-library/RcppEigen/include/Eigen/src/Core/DenseCoeffsBase.h:302:7:   required from ‘class Eigen::DenseCoeffsBase<Eigen::Matrix<float, 4, 1>, 1>’
/usr/local/lib/R/site-library/RcppEigen/include/Eigen/src/Core/DenseCoeffsBase.h:555:7:   required from ‘class Eigen::DenseCoeffsBase<Eigen::Matrix<float, 4, 1>, 3>’
/usr/local/lib/R/site-library/RcppEigen/include/Eigen/src/Core/DenseBase.h:41:34:   required from ‘class Eigen::DenseBase<Eigen::Matrix<float, 4, 1> >’
/usr/local/lib/R/site-library/RcppEigen/include/Eigen/src/Core/MatrixBase.h:48:34:   required from ‘class Eigen::MatrixBase<Eigen::Matrix<float, 4, 1> >’
/usr/local/lib/R/site-library/RcppEigen/include/Eigen/src/Core/PlainObjectBase.h:98:7:   required from ‘class Eigen::PlainObjectBase<Eigen::Matrix<float, 4, 1> >’
/usr/local/lib/R/site-library/RcppEigen/include/Eigen/src/Core/Matrix.h:178:7:   required from ‘class Eigen::Matrix<float, 4, 1>’
/usr/local/lib/R/site-library/RcppEigen/include/Eigen/src/Geometry/Quaternion.h:46:50:   required from ‘class Eigen::QuaternionBase<Eigen::Quaternion<float> >’
/usr/local/lib/R/site-library/RcppEigen/include/Eigen/src/Geometry/Quaternion.h:273:7:   required from ‘class Eigen::Quaternion<float>’
/usr/local/lib/R/site-library/RcppEigen/include/Eigen/src/Geometry/arch/Geometry_SIMD.h:27:3:   required from here
/usr/local/lib/R/site-library/RcppEigen/include/Eigen/src/Core/DenseCoeffsBase.h:56:30: warning: ignoring attributes on template argument ‘Eigen::internal::packet_traits<float>::type’ {aka ‘__m128’} [-Wignored-attributes]
   56 |                      >::type PacketReturnType;
      |                              ^~~~~~~~~~~~~~~~
In file included from /usr/local/lib/R/site-library/RcppEigen/include/Eigen/Core:165,
                 from /usr/local/lib/R/site-library/RcppEigen/include/Eigen/Dense:1,
                 from /usr/local/lib/R/site-library/RcppEigen/include/RcppEigenForward.h:28,
                 from /usr/local/lib/R/site-library/RcppEigen/include/RcppEigen.h:25,
                 from ../inst/include/RcppMLCommon.hpp:36,
                 from ../inst/include/RcppML.hpp:11,
                 from RcppFunctions.cpp:8:
/usr/local/lib/R/site-library/RcppEigen/include/Eigen/src/Core/util/XprHelper.h: In instantiation of ‘struct Eigen::internal::find_best_packet<double, 4>’:
/usr/local/lib/R/site-library/RcppEigen/include/Eigen/src/Core/Matrix.h:22:57:   required from ‘struct Eigen::internal::traits<Eigen::Matrix<double, 4, 1> >’
/usr/local/lib/R/site-library/RcppEigen/include/Eigen/src/Geometry/Quaternion.h:266:49:   required from ‘struct Eigen::internal::traits<Eigen::Quaternion<double> >’
/usr/local/lib/R/site-library/RcppEigen/include/Eigen/src/Geometry/arch/Geometry_SIMD.h:98:47:   required from here
/usr/local/lib/R/site-library/RcppEigen/include/Eigen/src/Core/util/XprHelper.h:190:44: warning: ignoring attributes on template argument ‘Eigen::internal::packet_traits<double>::type’ {aka ‘__m128d’} [-Wignored-attributes]
  190 |          bool Stop = Size==Dynamic || (Size%unpacket_traits<PacketType>::size)==0 || is_same<PacketType,typename unpacket_traits<PacketType>::half>::value>
      |                                       ~~~~~^~~~~~~~~~~~~~~~~~~~~~~~~~~~~~~~~~~
/usr/local/lib/R/site-library/RcppEigen/include/Eigen/src/Core/util/XprHelper.h:190:83: warning: ignoring attributes on template argument ‘Eigen::internal::packet_traits<double>::type’ {aka ‘__m128d’} [-Wignored-attributes]
  190 |          bool Stop = Size==Dynamic || (Size%unpacket_traits<PacketType>::size)==0 || is_same<PacketType,typename unpacket_traits<PacketType>::half>::value>
      |                      ~~~~~~~~~~~~~~~~~~~~~~~~~~~~~~~~~~~~~~~~~~~~~~~~~~~~~~~~~~~~~^~~~~~~~~~~~~~~~~~~~~~~~~~~~~~~~~~~~~~~~~~~~~~~~~~~~~~~~~~~~~~~~~~~~~~~~
/usr/local/lib/R/site-library/RcppEigen/include/Eigen/src/Core/util/XprHelper.h:190:83: warning: ignoring attributes on template argument ‘Eigen::internal::packet_traits<double>::type’ {aka ‘__m128d’} [-Wignored-attributes]
/usr/local/lib/R/site-library/RcppEigen/include/Eigen/src/Core/util/XprHelper.h:190:83: warning: ignoring attributes on template argument ‘Eigen::internal::unpacket_traits<__vector(2) double>::half’ {aka ‘__m128d’} [-Wignored-attributes]
/usr/local/lib/R/site-library/RcppEigen/include/Eigen/src/Core/util/XprHelper.h:208:88: warning: ignoring attributes on template argument ‘Eigen::internal::packet_traits<double>::type’ {aka ‘__m128d’} [-Wignored-attributes]
  208 |   typedef typename find_best_packet_helper<Size,typename packet_traits<T>::type>::type type;
      |                                                                                        ^~~~
In file included from /usr/local/lib/R/site-library/RcppEigen/include/Eigen/Core:271,
                 from /usr/local/lib/R/site-library/RcppEigen/include/Eigen/Dense:1,
                 from /usr/local/lib/R/site-library/RcppEigen/include/RcppEigenForward.h:28,
                 from /usr/local/lib/R/site-library/RcppEigen/include/RcppEigen.h:25,
                 from ../inst/include/RcppMLCommon.hpp:36,
                 from ../inst/include/RcppML.hpp:11,
                 from RcppFunctions.cpp:8:
/usr/local/lib/R/site-library/RcppEigen/include/Eigen/src/Core/DenseCoeffsBase.h: In instantiation of ‘class Eigen::DenseCoeffsBase<Eigen::Matrix<double, 4, 1>, 0>’:
/usr/local/lib/R/site-library/RcppEigen/include/Eigen/src/Core/DenseCoeffsBase.h:302:7:   required from ‘class Eigen::DenseCoeffsBase<Eigen::Matrix<double, 4, 1>, 1>’
/usr/local/lib/R/site-library/RcppEigen/include/Eigen/src/Core/DenseCoeffsBase.h:555:7:   required from ‘class Eigen::DenseCoeffsBase<Eigen::Matrix<double, 4, 1>, 3>’
/usr/local/lib/R/site-library/RcppEigen/include/Eigen/src/Core/DenseBase.h:41:34:   required from ‘class Eigen::DenseBase<Eigen::Matrix<double, 4, 1> >’
/usr/local/lib/R/site-library/RcppEigen/include/Eigen/src/Core/MatrixBase.h:48:34:   required from ‘class Eigen::MatrixBase<Eigen::Matrix<double, 4, 1> >’
/usr/local/lib/R/site-library/RcppEigen/include/Eigen/src/Core/PlainObjectBase.h:98:7:   required from ‘class Eigen::PlainObjectBase<Eigen::Matrix<double, 4, 1> >’
/usr/local/lib/R/site-library/RcppEigen/include/Eigen/src/Core/Matrix.h:178:7:   required from ‘class Eigen::Matrix<double, 4, 1>’
/usr/local/lib/R/site-library/RcppEigen/include/Eigen/src/Geometry/Quaternion.h:46:50:   required from ‘class Eigen::QuaternionBase<Eigen::Quaternion<double> >’
/usr/local/lib/R/site-library/RcppEigen/include/Eigen/src/Geometry/Quaternion.h:273:7:   required from ‘class Eigen::Quaternion<double>’
/usr/local/lib/R/site-library/RcppEigen/include/Eigen/src/Geometry/arch/Geometry_SIMD.h:102:3:   required from here
/usr/local/lib/R/site-library/RcppEigen/include/Eigen/src/Core/DenseCoeffsBase.h:56:30: warning: ignoring attributes on template argument ‘Eigen::internal::packet_traits<double>::type’ {aka ‘__m128d’} [-Wignored-attributes]
   56 |                      >::type PacketReturnType;
      |                              ^~~~~~~~~~~~~~~~
In file included from /usr/local/lib/R/site-library/RcppEigen/include/Eigen/SparseCore:37,
                 from /usr/local/lib/R/site-library/RcppEigen/include/Eigen/Sparse:26,
                 from /usr/local/lib/R/site-library/RcppEigen/include/RcppEigenForward.h:29,
                 from /usr/local/lib/R/site-library/RcppEigen/include/RcppEigen.h:25,
                 from ../inst/include/RcppMLCommon.hpp:36,
                 from ../inst/include/RcppML.hpp:11,
                 from RcppFunctions.cpp:8:
/usr/local/lib/R/site-library/RcppEigen/include/Eigen/src/SparseCore/SparseMatrixBase.h: In instantiation of ‘class Eigen::SparseMatrixBase<Eigen::SparseMatrix<double, 0, int> >’:
/usr/local/lib/R/site-library/RcppEigen/include/Eigen/src/SparseCore/SparseCompressedBase.h:36:7:   required from ‘class Eigen::SparseCompressedBase<Eigen::SparseMatrix<double, 0, int> >’
/usr/local/lib/R/site-library/RcppEigen/include/Eigen/src/SparseCore/SparseMatrix.h:96:7:   required from ‘class Eigen::SparseMatrix<double, 0, int>’
/usr/local/lib/R/site-library/RcppEigen/include/unsupported/Eigen/src/IterativeSolvers/ConstrainedConjGrad.h:61:25:   required from here
/usr/local/lib/R/site-library/RcppEigen/include/Eigen/src/SparseCore/SparseMatrixBase.h:47:30: warning: ignoring attributes on template argument ‘Eigen::internal::packet_traits<double>::type’ {aka ‘__m128d’} [-Wignored-attributes]
   47 |                      >::type PacketReturnType;
      |                              ^~~~~~~~~~~~~~~~
In file included from /usr/local/lib/R/site-library/RcppEigen/include/Eigen/Core:165,
                 from /usr/local/lib/R/site-library/RcppEigen/include/Eigen/Dense:1,
                 from /usr/local/lib/R/site-library/RcppEigen/include/RcppEigenForward.h:28,
                 from /usr/local/lib/R/site-library/RcppEigen/include/RcppEigen.h:25,
                 from ../inst/include/RcppMLCommon.hpp:36,
                 from ../inst/include/RcppML.hpp:11,
                 from RcppFunctions.cpp:8:
/usr/local/lib/R/site-library/RcppEigen/include/Eigen/src/Core/util/XprHelper.h: In instantiation of ‘struct Eigen::internal::find_best_packet<double, -1>’:
/usr/local/lib/R/site-library/RcppEigen/include/Eigen/src/Core/Matrix.h:22:57:   required from ‘struct Eigen::internal::traits<Eigen::Matrix<double, -1, -1> >’
/usr/local/lib/R/site-library/RcppEigen/include/Eigen/src/Core/PlainObjectBase.h:98:7:   required from ‘class Eigen::PlainObjectBase<Eigen::Matrix<double, -1, -1> >’
/usr/local/lib/R/site-library/RcppEigen/include/Eigen/src/Core/Matrix.h:178:7:   required from ‘class Eigen::Matrix<double, -1, -1>’
../inst/include/RcppML/bits.hpp:48:84:   required from here
/usr/local/lib/R/site-library/RcppEigen/include/Eigen/src/Core/util/XprHelper.h:190:44: warning: ignoring attributes on template argument ‘Eigen::internal::packet_traits<double>::type’ {aka ‘__m128d’} [-Wignored-attributes]
  190 |          bool Stop = Size==Dynamic || (Size%unpacket_traits<PacketType>::size)==0 || is_same<PacketType,typename unpacket_traits<PacketType>::half>::value>
      |                                       ~~~~~^~~~~~~~~~~~~~~~~~~~~~~~~~~~~~~~~~~
/usr/local/lib/R/site-library/RcppEigen/include/Eigen/src/Core/util/XprHelper.h:190:83: warning: ignoring attributes on template argument ‘Eigen::internal::packet_traits<double>::type’ {aka ‘__m128d’} [-Wignored-attributes]
  190 |          bool Stop = Size==Dynamic || (Size%unpacket_traits<PacketType>::size)==0 || is_same<PacketType,typename unpacket_traits<PacketType>::half>::value>
      |                      ~~~~~~~~~~~~~~~~~~~~~~~~~~~~~~~~~~~~~~~~~~~~~~~~~~~~~~~~~~~~~^~~~~~~~~~~~~~~~~~~~~~~~~~~~~~~~~~~~~~~~~~~~~~~~~~~~~~~~~~~~~~~~~~~~~~~~
/usr/local/lib/R/site-library/RcppEigen/include/Eigen/src/Core/util/XprHelper.h:190:83: warning: ignoring attributes on template argument ‘Eigen::internal::packet_traits<double>::type’ {aka ‘__m128d’} [-Wignored-attributes]
/usr/local/lib/R/site-library/RcppEigen/include/Eigen/src/Core/util/XprHelper.h:190:83: warning: ignoring attributes on template argument ‘Eigen::internal::unpacket_traits<__vector(2) double>::half’ {aka ‘__m128d’} [-Wignored-attributes]
/usr/local/lib/R/site-library/RcppEigen/include/Eigen/src/Core/util/XprHelper.h:208:88: warning: ignoring attributes on template argument ‘Eigen::internal::packet_traits<double>::type’ {aka ‘__m128d’} [-Wignored-attributes]
  208 |   typedef typename find_best_packet_helper<Size,typename packet_traits<T>::type>::type type;
      |                                                                                        ^~~~
In file included from /usr/local/lib/R/site-library/RcppEigen/include/Eigen/Core:271,
                 from /usr/local/lib/R/site-library/RcppEigen/include/Eigen/Dense:1,
                 from /usr/local/lib/R/site-library/RcppEigen/include/RcppEigenForward.h:28,
                 from /usr/local/lib/R/site-library/RcppEigen/include/RcppEigen.h:25,
                 from ../inst/include/RcppMLCommon.hpp:36,
                 from ../inst/include/RcppML.hpp:11,
                 from RcppFunctions.cpp:8:
/usr/local/lib/R/site-library/RcppEigen/include/Eigen/src/Core/DenseCoeffsBase.h: In instantiation of ‘class Eigen::DenseCoeffsBase<Eigen::Matrix<double, -1, -1>, 0>’:
/usr/local/lib/R/site-library/RcppEigen/include/Eigen/src/Core/DenseCoeffsBase.h:302:7:   required from ‘class Eigen::DenseCoeffsBase<Eigen::Matrix<double, -1, -1>, 1>’
/usr/local/lib/R/site-library/RcppEigen/include/Eigen/src/Core/DenseCoeffsBase.h:555:7:   required from ‘class Eigen::DenseCoeffsBase<Eigen::Matrix<double, -1, -1>, 3>’
/usr/local/lib/R/site-library/RcppEigen/include/Eigen/src/Core/DenseBase.h:41:34:   required from ‘class Eigen::DenseBase<Eigen::Matrix<double, -1, -1> >’
/usr/local/lib/R/site-library/RcppEigen/include/Eigen/src/Core/MatrixBase.h:48:34:   required from ‘class Eigen::MatrixBase<Eigen::Matrix<double, -1, -1> >’
/usr/local/lib/R/site-library/RcppEigen/include/Eigen/src/Core/PlainObjectBase.h:98:7:   required from ‘class Eigen::PlainObjectBase<Eigen::Matrix<double, -1, -1> >’
/usr/local/lib/R/site-library/RcppEigen/include/Eigen/src/Core/Matrix.h:178:7:   required from ‘class Eigen::Matrix<double, -1, -1>’
../inst/include/RcppML/bits.hpp:48:84:   required from here
/usr/local/lib/R/site-library/RcppEigen/include/Eigen/src/Core/DenseCoeffsBase.h:56:30: warning: ignoring attributes on template argument ‘Eigen::internal::packet_traits<double>::type’ {aka ‘__m128d’} [-Wignored-attributes]
   56 |                      >::type PacketReturnType;
      |                              ^~~~~~~~~~~~~~~~
/usr/local/lib/R/site-library/RcppEigen/include/Eigen/src/Core/DenseCoeffsBase.h: In instantiation of ‘class Eigen::DenseCoeffsBase<Eigen::Block<Eigen::Matrix<double, -1, -1>, -1, 1, true>, 0>’:
/usr/local/lib/R/site-library/RcppEigen/include/Eigen/src/Core/DenseCoeffsBase.h:302:7:   required from ‘class Eigen::DenseCoeffsBase<Eigen::Block<Eigen::Matrix<double, -1, -1>, -1, 1, true>, 1>’
/usr/local/lib/R/site-library/RcppEigen/include/Eigen/src/Core/DenseCoeffsBase.h:555:7:   required from ‘class Eigen::DenseCoeffsBase<Eigen::Block<Eigen::Matrix<double, -1, -1>, -1, 1, true>, 3>’
/usr/local/lib/R/site-library/RcppEigen/include/Eigen/src/Core/DenseBase.h:41:34:   required from ‘class Eigen::DenseBase<Eigen::Block<Eigen::Matrix<double, -1, -1>, -1, 1, true> >’
/usr/local/lib/R/site-library/RcppEigen/include/Eigen/src/Core/MatrixBase.h:48:34:   required from ‘class Eigen::MatrixBase<Eigen::Block<Eigen::Matrix<double, -1, -1>, -1, 1, true> >’
/usr/local/lib/R/site-library/RcppEigen/include/Eigen/src/Core/MapBase.h:37:34:   required from ‘class Eigen::MapBase<Eigen::Block<Eigen::Matrix<double, -1, -1>, -1, 1, true>, 0>’
/usr/local/lib/R/site-library/RcppEigen/include/Eigen/src/Core/MapBase.h:223:34:   required from ‘class Eigen::MapBase<Eigen::Block<Eigen::Matrix<double, -1, -1>, -1, 1, true>, 1>’
/usr/local/lib/R/site-library/RcppEigen/include/Eigen/src/Core/Block.h:329:7:   required from ‘class Eigen::internal::BlockImpl_dense<Eigen::Matrix<double, -1, -1>, -1, 1, true, true>’
/usr/local/lib/R/site-library/RcppEigen/include/Eigen/src/Core/Block.h:154:7:   required from ‘class Eigen::BlockImpl<Eigen::Matrix<double, -1, -1>, -1, 1, true, Eigen::Dense>’
/usr/local/lib/R/site-library/RcppEigen/include/Eigen/src/Core/Block.h:103:81:   required from ‘class Eigen::Block<Eigen::Matrix<double, -1, -1>, -1, 1, true>’
../inst/include/RcppML/bits.hpp:51:11:   required from here
/usr/local/lib/R/site-library/RcppEigen/include/Eigen/src/Core/DenseCoeffsBase.h:56:30: warning: ignoring attributes on template argument ‘Eigen::internal::packet_traits<double>::type’ {aka ‘__m128d’} [-Wignored-attributes]
/usr/local/lib/R/site-library/RcppEigen/include/Eigen/src/Core/DenseCoeffsBase.h: In instantiation of ‘class Eigen::DenseCoeffsBase<Eigen::Block<const Eigen::Matrix<double, -1, -1>, -1, 1, true>, 0>’:
/usr/local/lib/R/site-library/RcppEigen/include/Eigen/src/Core/DenseCoeffsBase.h:481:7:   required from ‘class Eigen::DenseCoeffsBase<Eigen::Block<const Eigen::Matrix<double, -1, -1>, -1, 1, true>, 2>’
/usr/local/lib/R/site-library/RcppEigen/include/Eigen/src/Core/DenseBase.h:41:34:   required from ‘class Eigen::DenseBase<Eigen::Block<const Eigen::Matrix<double, -1, -1>, -1, 1, true> >’
/usr/local/lib/R/site-library/RcppEigen/include/Eigen/src/Core/MatrixBase.h:48:34:   required from ‘class Eigen::MatrixBase<Eigen::Block<const Eigen::Matrix<double, -1, -1>, -1, 1, true> >’
/usr/local/lib/R/site-library/RcppEigen/include/Eigen/src/Core/MapBase.h:37:34:   required from ‘class Eigen::MapBase<Eigen::Block<const Eigen::Matrix<double, -1, -1>, -1, 1, true>, 0>’
/usr/local/lib/R/site-library/RcppEigen/include/Eigen/src/Core/Block.h:329:7:   required from ‘class Eigen::internal::BlockImpl_dense<const Eigen::Matrix<double, -1, -1>, -1, 1, true, true>’
/usr/local/lib/R/site-library/RcppEigen/include/Eigen/src/Core/Block.h:154:7:   required from ‘class Eigen::BlockImpl<const Eigen::Matrix<double, -1, -1>, -1, 1, true, Eigen::Dense>’
/usr/local/lib/R/site-library/RcppEigen/include/Eigen/src/Core/Block.h:103:81:   required from ‘class Eigen::Block<const Eigen::Matrix<double, -1, -1>, -1, 1, true>’
../inst/include/RcppML/bits.hpp:51:22:   required from here
/usr/local/lib/R/site-library/RcppEigen/include/Eigen/src/Core/DenseCoeffsBase.h:56:30: warning: ignoring attributes on template argument ‘Eigen::internal::packet_traits<double>::type’ {aka ‘__m128d’} [-Wignored-attributes]
/usr/local/lib/R/site-library/RcppEigen/include/Eigen/src/Core/DenseCoeffsBase.h: In instantiation of ‘class Eigen::DenseCoeffsBase<Eigen::Matrix<double, -1, 1>, 0>’:
/usr/local/lib/R/site-library/RcppEigen/include/Eigen/src/Core/DenseCoeffsBase.h:302:7:   required from ‘class Eigen::DenseCoeffsBase<Eigen::Matrix<double, -1, 1>, 1>’
/usr/local/lib/R/site-library/RcppEigen/include/Eigen/src/Core/DenseCoeffsBase.h:555:7:   required from ‘class Eigen::DenseCoeffsBase<Eigen::Matrix<double, -1, 1>, 3>’
/usr/local/lib/R/site-library/RcppEigen/include/Eigen/src/Core/DenseBase.h:41:34:   required from ‘class Eigen::DenseBase<Eigen::Matrix<double, -1, 1> >’
/usr/local/lib/R/site-library/RcppEigen/include/Eigen/src/Core/MatrixBase.h:48:34:   required from ‘class Eigen::MatrixBase<Eigen::Matrix<double, -1, 1> >’
/usr/local/lib/R/site-library/RcppEigen/include/Eigen/src/Core/PlainObjectBase.h:98:7:   required from ‘class Eigen::PlainObjectBase<Eigen::Matrix<double, -1, 1> >’
/usr/local/lib/R/site-library/RcppEigen/include/Eigen/src/Core/Matrix.h:178:7:   required from ‘class Eigen::Matrix<double, -1, 1>’
../inst/include/RcppML/bits.hpp:55:107:   required from here
/usr/local/lib/R/site-library/RcppEigen/include/Eigen/src/Core/DenseCoeffsBase.h:56:30: warning: ignoring attributes on template argument ‘Eigen::internal::packet_traits<double>::type’ {aka ‘__m128d’} [-Wignored-attributes]
/usr/local/lib/R/site-library/RcppEigen/include/Eigen/src/Core/DenseCoeffsBase.h: In instantiation of ‘class Eigen::DenseCoeffsBase<Eigen::Block<Eigen::Matrix<double, -1, -1>, 1, -1, false>, 0>’:
/usr/local/lib/R/site-library/RcppEigen/include/Eigen/src/Core/DenseCoeffsBase.h:302:7:   required from ‘class Eigen::DenseCoeffsBase<Eigen::Block<Eigen::Matrix<double, -1, -1>, 1, -1, false>, 1>’
/usr/local/lib/R/site-library/RcppEigen/include/Eigen/src/Core/DenseCoeffsBase.h:555:7:   required from ‘class Eigen::DenseCoeffsBase<Eigen::Block<Eigen::Matrix<double, -1, -1>, 1, -1, false>, 3>’
/usr/local/lib/R/site-library/RcppEigen/include/Eigen/src/Core/DenseBase.h:41:34:   required from ‘class Eigen::DenseBase<Eigen::Block<Eigen::Matrix<double, -1, -1>, 1, -1, false> >’
/usr/local/lib/R/site-library/RcppEigen/include/Eigen/src/Core/MatrixBase.h:48:34:   required from ‘class Eigen::MatrixBase<Eigen::Block<Eigen::Matrix<double, -1, -1>, 1, -1, false> >’
/usr/local/lib/R/site-library/RcppEigen/include/Eigen/src/Core/MapBase.h:37:34:   required from ‘class Eigen::MapBase<Eigen::Block<Eigen::Matrix<double, -1, -1>, 1, -1, false>, 0>’
/usr/local/lib/R/site-library/RcppEigen/include/Eigen/src/Core/MapBase.h:223:34:   required from ‘class Eigen::MapBase<Eigen::Block<Eigen::Matrix<double, -1, -1>, 1, -1, false>, 1>’
/usr/local/lib/R/site-library/RcppEigen/include/Eigen/src/Core/Block.h:329:7:   required from ‘class Eigen::internal::BlockImpl_dense<Eigen::Matrix<double, -1, -1>, 1, -1, false, true>’
/usr/local/lib/R/site-library/RcppEigen/include/Eigen/src/Core/Block.h:154:7:   required from ‘class Eigen::BlockImpl<Eigen::Matrix<double, -1, -1>, 1, -1, false, Eigen::Dense>’
/usr/local/lib/R/site-library/RcppEigen/include/Eigen/src/Core/Block.h:103:81:   required from ‘class Eigen::Block<Eigen::Matrix<double, -1, -1>, 1, -1, false>’
../inst/include/RcppML/bits.hpp:103:20:   required from here
/usr/local/lib/R/site-library/RcppEigen/include/Eigen/src/Core/DenseCoeffsBase.h:56:30: warning: ignoring attributes on template argument ‘Eigen::internal::packet_traits<double>::type’ {aka ‘__m128d’} [-Wignored-attributes]
/usr/local/lib/R/site-library/RcppEigen/include/Eigen/src/Core/DenseCoeffsBase.h: In instantiation of ‘class Eigen::DenseCoeffsBase<Eigen::Block<const Eigen::Matrix<double, -1, -1>, 1, -1, false>, 0>’:
/usr/local/lib/R/site-library/RcppEigen/include/Eigen/src/Core/DenseCoeffsBase.h:481:7:   required from ‘class Eigen::DenseCoeffsBase<Eigen::Block<const Eigen::Matrix<double, -1, -1>, 1, -1, false>, 2>’
/usr/local/lib/R/site-library/RcppEigen/include/Eigen/src/Core/DenseBase.h:41:34:   required from ‘class Eigen::DenseBase<Eigen::Block<const Eigen::Matrix<double, -1, -1>, 1, -1, false> >’
/usr/local/lib/R/site-library/RcppEigen/include/Eigen/src/Core/MatrixBase.h:48:34:   required from ‘class Eigen::MatrixBase<Eigen::Block<const Eigen::Matrix<double, -1, -1>, 1, -1, false> >’
/usr/local/lib/R/site-library/RcppEigen/include/Eigen/src/Core/MapBase.h:37:34:   required from ‘class Eigen::MapBase<Eigen::Block<const Eigen::Matrix<double, -1, -1>, 1, -1, false>, 0>’
/usr/local/lib/R/site-library/RcppEigen/include/Eigen/src/Core/Block.h:329:7:   required from ‘class Eigen::internal::BlockImpl_dense<const Eigen::Matrix<double, -1, -1>, 1, -1, false, true>’
/usr/local/lib/R/site-library/RcppEigen/include/Eigen/src/Core/Block.h:154:7:   required from ‘class Eigen::BlockImpl<const Eigen::Matrix<double, -1, -1>, 1, -1, false, Eigen::Dense>’
/usr/local/lib/R/site-library/RcppEigen/include/Eigen/src/Core/Block.h:103:81:   required from ‘class Eigen::Block<const Eigen::Matrix<double, -1, -1>, 1, -1, false>’
../inst/include/RcppML/bits.hpp:103:31:   required from here
/usr/local/lib/R/site-library/RcppEigen/include/Eigen/src/Core/DenseCoeffsBase.h:56:30: warning: ignoring attributes on template argument ‘Eigen::internal::packet_traits<double>::type’ {aka ‘__m128d’} [-Wignored-attributes]
/usr/local/lib/R/site-library/RcppEigen/include/Eigen/src/Core/DenseCoeffsBase.h: In instantiation of ‘class Eigen::DenseCoeffsBase<Eigen::CwiseNullaryOp<Eigen::internal::scalar_constant_op<double>, const Eigen::Matrix<double, -1, 1> >, 0>’:
/usr/local/lib/R/site-library/RcppEigen/include/Eigen/src/Core/DenseBase.h:41:34:   required from ‘class Eigen::DenseBase<Eigen::CwiseNullaryOp<Eigen::internal::scalar_constant_op<double>, const Eigen::Matrix<double, -1, 1> > >’
/usr/local/lib/R/site-library/RcppEigen/include/Eigen/src/Core/MatrixBase.h:48:34:   required from ‘class Eigen::MatrixBase<Eigen::CwiseNullaryOp<Eigen::internal::scalar_constant_op<double>, const Eigen::Matrix<double, -1, 1> > >’
/usr/local/lib/R/site-library/RcppEigen/include/Eigen/src/Core/CwiseNullaryOp.h:60:7:   required from ‘class Eigen::CwiseNullaryOp<Eigen::internal::scalar_constant_op<double>, const Eigen::Matrix<double, -1, 1> >’
/usr/local/lib/R/site-library/RcppEigen/include/Eigen/src/Core/CwiseBinaryOp.h:38:28:   required from ‘struct Eigen::internal::traits<Eigen::CwiseBinaryOp<Eigen::internal::scalar_product_op<double, double>, const Eigen::Block<Eigen::Matrix<double, -1, -1>, -1, 1, true>, const Eigen::CwiseNullaryOp<Eigen::internal::scalar_constant_op<double>, const Eigen::Matrix<double, -1, 1> > > >’
/usr/local/lib/R/site-library/RcppEigen/include/Eigen/src/Core/CwiseBinaryOp.h:148:7:   required from ‘class Eigen::CwiseBinaryOpImpl<Eigen::internal::scalar_product_op<double, double>, const Eigen::Block<Eigen::Matrix<double, -1, -1>, -1, 1, true>, const Eigen::CwiseNullaryOp<Eigen::internal::scalar_constant_op<double>, const Eigen::Matrix<double, -1, 1> >, Eigen::Dense>’
/usr/local/lib/R/site-library/RcppEigen/include/Eigen/src/Core/CwiseBinaryOp.h:77:7:   required from ‘class Eigen::CwiseBinaryOp<Eigen::internal::scalar_product_op<double, double>, const Eigen::Block<Eigen::Matrix<double, -1, -1>, -1, 1, true>, const Eigen::CwiseNullaryOp<Eigen::internal::scalar_constant_op<double>, const Eigen::Matrix<double, -1, 1> > >’
../inst/include/RcppML/project.hpp:24:39:   required from here
/usr/local/lib/R/site-library/RcppEigen/include/Eigen/src/Core/DenseCoeffsBase.h:56:30: warning: ignoring attributes on template argument ‘Eigen::internal::packet_traits<double>::type’ {aka ‘__m128d’} [-Wignored-attributes]
/usr/local/lib/R/site-library/RcppEigen/include/Eigen/src/Core/DenseCoeffsBase.h: In instantiation of ‘class Eigen::DenseCoeffsBase<Eigen::CwiseBinaryOp<Eigen::internal::scalar_product_op<double, double>, const Eigen::Block<Eigen::Matrix<double, -1, -1>, -1, 1, true>, const Eigen::CwiseNullaryOp<Eigen::internal::scalar_constant_op<double>, const Eigen::Matrix<double, -1, 1> > >, 0>’:
/usr/local/lib/R/site-library/RcppEigen/include/Eigen/src/Core/DenseBase.h:41:34:   required from ‘class Eigen::DenseBase<Eigen::CwiseBinaryOp<Eigen::internal::scalar_product_op<double, double>, const Eigen::Block<Eigen::Matrix<double, -1, -1>, -1, 1, true>, const Eigen::CwiseNullaryOp<Eigen::internal::scalar_constant_op<double>, const Eigen::Matrix<double, -1, 1> > > >’
/usr/local/lib/R/site-library/RcppEigen/include/Eigen/src/Core/MatrixBase.h:48:34:   required from ‘class Eigen::MatrixBase<Eigen::CwiseBinaryOp<Eigen::internal::scalar_product_op<double, double>, const Eigen::Block<Eigen::Matrix<double, -1, -1>, -1, 1, true>, const Eigen::CwiseNullaryOp<Eigen::internal::scalar_constant_op<double>, const Eigen::Matrix<double, -1, 1> > > >’
/usr/local/lib/R/site-library/RcppEigen/include/Eigen/src/Core/CwiseBinaryOp.h:148:7:   required from ‘class Eigen::CwiseBinaryOpImpl<Eigen::internal::scalar_product_op<double, double>, const Eigen::Block<Eigen::Matrix<double, -1, -1>, -1, 1, true>, const Eigen::CwiseNullaryOp<Eigen::internal::scalar_constant_op<double>, const Eigen::Matrix<double, -1, 1> >, Eigen::Dense>’
/usr/local/lib/R/site-library/RcppEigen/include/Eigen/src/Core/CwiseBinaryOp.h:77:7:   required from ‘class Eigen::CwiseBinaryOp<Eigen::internal::scalar_product_op<double, double>, const Eigen::Block<Eigen::Matrix<double, -1, -1>, -1, 1, true>, const Eigen::CwiseNullaryOp<Eigen::internal::scalar_constant_op<double>, const Eigen::Matrix<double, -1, 1> > >’
../inst/include/RcppML/project.hpp:24:39:   required from here
/usr/local/lib/R/site-library/RcppEigen/include/Eigen/src/Core/DenseCoeffsBase.h:56:30: warning: ignoring attributes on template argument ‘Eigen::internal::packet_traits<double>::type’ {aka ‘__m128d’} [-Wignored-attributes]
/usr/local/lib/R/site-library/RcppEigen/include/Eigen/src/Core/DenseCoeffsBase.h: In instantiation of ‘class Eigen::DenseCoeffsBase<Eigen::Matrix<double, 2, 2>, 0>’:
/usr/local/lib/R/site-library/RcppEigen/include/Eigen/src/Core/DenseCoeffsBase.h:302:7:   required from ‘class Eigen::DenseCoeffsBase<Eigen::Matrix<double, 2, 2>, 1>’
/usr/local/lib/R/site-library/RcppEigen/include/Eigen/src/Core/DenseCoeffsBase.h:555:7:   required from ‘class Eigen::DenseCoeffsBase<Eigen::Matrix<double, 2, 2>, 3>’
/usr/local/lib/R/site-library/RcppEigen/include/Eigen/src/Core/DenseBase.h:41:34:   required from ‘class Eigen::DenseBase<Eigen::Matrix<double, 2, 2> >’
/usr/local/lib/R/site-library/RcppEigen/include/Eigen/src/Core/MatrixBase.h:48:34:   required from ‘class Eigen::MatrixBase<Eigen::Matrix<double, 2, 2> >’
/usr/local/lib/R/site-library/RcppEigen/include/Eigen/src/Core/PlainObjectBase.h:98:7:   required from ‘class Eigen::PlainObjectBase<Eigen::Matrix<double, 2, 2> >’
/usr/local/lib/R/site-library/RcppEigen/include/Eigen/src/Core/Matrix.h:178:7:   required from ‘class Eigen::Matrix<double, 2, 2>’
../inst/include/RcppML/project.hpp:42:27:   required from here
/usr/local/lib/R/site-library/RcppEigen/include/Eigen/src/Core/DenseCoeffsBase.h:56:30: warning: ignoring attributes on template argument ‘Eigen::internal::packet_traits<double>::type’ {aka ‘__m128d’} [-Wignored-attributes]
/usr/local/lib/R/site-library/RcppEigen/include/Eigen/src/Core/DenseCoeffsBase.h: In instantiation of ‘class Eigen::DenseCoeffsBase<Eigen::Transpose<const Eigen::Matrix<double, -1, -1> >, 0>’:
/usr/local/lib/R/site-library/RcppEigen/include/Eigen/src/Core/DenseCoeffsBase.h:481:7:   required from ‘class Eigen::DenseCoeffsBase<Eigen::Transpose<const Eigen::Matrix<double, -1, -1> >, 2>’
/usr/local/lib/R/site-library/RcppEigen/include/Eigen/src/Core/DenseBase.h:41:34:   required from ‘class Eigen::DenseBase<Eigen::Transpose<const Eigen::Matrix<double, -1, -1> > >’
/usr/local/lib/R/site-library/RcppEigen/include/Eigen/src/Core/MatrixBase.h:48:34:   required from ‘class Eigen::MatrixBase<Eigen::Transpose<const Eigen::Matrix<double, -1, -1> > >’
/usr/local/lib/R/site-library/RcppEigen/include/Eigen/src/Core/Transpose.h:118:37:   required from ‘class Eigen::TransposeImpl<const Eigen::Matrix<double, -1, -1>, Eigen::Dense>’
/usr/local/lib/R/site-library/RcppEigen/include/Eigen/src/Core/Transpose.h:52:37:   required from ‘class Eigen::Transpose<const Eigen::Matrix<double, -1, -1> >’
../inst/include/RcppML/project.hpp:106:40:   required from here
/usr/local/lib/R/site-library/RcppEigen/include/Eigen/src/Core/DenseCoeffsBase.h:56:30: warning: ignoring attributes on template argument ‘Eigen::internal::packet_traits<double>::type’ {aka ‘__m128d’} [-Wignored-attributes]
/usr/local/lib/R/site-library/RcppEigen/include/Eigen/src/Core/DenseCoeffsBase.h: In instantiation of ‘class Eigen::DenseCoeffsBase<Eigen::Product<Eigen::Matrix<double, -1, -1>, Eigen::Transpose<const Eigen::Matrix<double, -1, -1> >, 0>, 0>’:
/usr/local/lib/R/site-library/RcppEigen/include/Eigen/src/Core/DenseBase.h:41:34:   required from ‘class Eigen::DenseBase<Eigen::Product<Eigen::Matrix<double, -1, -1>, Eigen::Transpose<const Eigen::Matrix<double, -1, -1> >, 0> >’
/usr/local/lib/R/site-library/RcppEigen/include/Eigen/src/Core/MatrixBase.h:48:34:   required from ‘class Eigen::MatrixBase<Eigen::Product<Eigen::Matrix<double, -1, -1>, Eigen::Transpose<const Eigen::Matrix<double, -1, -1> >, 0> >’
/usr/local/lib/R/site-library/RcppEigen/include/Eigen/src/Core/Product.h:120:7:   required from ‘class Eigen::internal::dense_product_base<Eigen::Matrix<double, -1, -1>, Eigen::Transpose<const Eigen::Matrix<double, -1, -1> >, 0, 8>’
/usr/local/lib/R/site-library/RcppEigen/include/Eigen/src/Core/Product.h:152:7:   required from ‘class Eigen::ProductImpl<Eigen::Matrix<double, -1, -1>, Eigen::Transpose<const Eigen::Matrix<double, -1, -1> >, 0, Eigen::Dense>’
/usr/local/lib/R/site-library/RcppEigen/include/Eigen/src/Core/Product.h:71:7:   required from ‘class Eigen::Product<Eigen::Matrix<double, -1, -1>, Eigen::Transpose<const Eigen::Matrix<double, -1, -1> >, 0>’
../inst/include/RcppML/project.hpp:106:41:   required from here
/usr/local/lib/R/site-library/RcppEigen/include/Eigen/src/Core/DenseCoeffsBase.h:56:30: warning: ignoring attributes on template argument ‘Eigen::internal::packet_traits<double>::type’ {aka ‘__m128d’} [-Wignored-attributes]
/usr/local/lib/R/site-library/RcppEigen/include/Eigen/src/Core/DenseCoeffsBase.h: In instantiation of ‘class Eigen::DenseCoeffsBase<Eigen::Diagonal<Eigen::Matrix<double, 2, 2>, 0>, 0>’:
/usr/local/lib/R/site-library/RcppEigen/include/Eigen/src/Core/DenseCoeffsBase.h:302:7:   required from ‘class Eigen::DenseCoeffsBase<Eigen::Diagonal<Eigen::Matrix<double, 2, 2>, 0>, 1>’
/usr/local/lib/R/site-library/RcppEigen/include/Eigen/src/Core/DenseCoeffsBase.h:555:7:   required from ‘class Eigen::DenseCoeffsBase<Eigen::Diagonal<Eigen::Matrix<double, 2, 2>, 0>, 3>’
/usr/local/lib/R/site-library/RcppEigen/include/Eigen/src/Core/DenseBase.h:41:34:   required from ‘class Eigen::DenseBase<Eigen::Diagonal<Eigen::Matrix<double, 2, 2>, 0> >’
/usr/local/lib/R/site-library/RcppEigen/include/Eigen/src/Core/MatrixBase.h:48:34:   required from ‘class Eigen::MatrixBase<Eigen::Diagonal<Eigen::Matrix<double, 2, 2>, 0> >’
/usr/local/lib/R/site-library/RcppEigen/include/Eigen/src/Core/Diagonal.h:63:53:   required from ‘class Eigen::Diagonal<Eigen::Matrix<double, 2, 2>, 0>’
../inst/include/RcppML/project.hpp:107:15:   required from here
/usr/local/lib/R/site-library/RcppEigen/include/Eigen/src/Core/DenseCoeffsBase.h:56:30: warning: ignoring attributes on template argument ‘Eigen::internal::packet_traits<double>::type’ {aka ‘__m128d’} [-Wignored-attributes]
In file included from /usr/local/lib/R/site-library/RcppEigen/include/Eigen/Core:165,
                 from /usr/local/lib/R/site-library/RcppEigen/include/Eigen/Dense:1,
                 from /usr/local/lib/R/site-library/RcppEigen/include/RcppEigenForward.h:28,
                 from /usr/local/lib/R/site-library/RcppEigen/include/RcppEigen.h:25,
                 from ../inst/include/RcppMLCommon.hpp:36,
                 from ../inst/include/RcppML.hpp:11,
                 from RcppFunctions.cpp:8:
/usr/local/lib/R/site-library/RcppEigen/include/Eigen/src/Core/util/XprHelper.h: In instantiation of ‘struct Eigen::internal::find_best_packet<double, 2>’:
/usr/local/lib/R/site-library/RcppEigen/include/Eigen/src/Core/DenseBase.h:179:81:   required from ‘class Eigen::DenseBase<Eigen::Diagonal<Eigen::Matrix<double, 2, 2>, 0> >’
/usr/local/lib/R/site-library/RcppEigen/include/Eigen/src/Core/MatrixBase.h:48:34:   required from ‘class Eigen::MatrixBase<Eigen::Diagonal<Eigen::Matrix<double, 2, 2>, 0> >’
/usr/local/lib/R/site-library/RcppEigen/include/Eigen/src/Core/Diagonal.h:63:53:   required from ‘class Eigen::Diagonal<Eigen::Matrix<double, 2, 2>, 0>’
../inst/include/RcppML/project.hpp:107:15:   required from here
/usr/local/lib/R/site-library/RcppEigen/include/Eigen/src/Core/util/XprHelper.h:190:44: warning: ignoring attributes on template argument ‘Eigen::internal::packet_traits<double>::type’ {aka ‘__m128d’} [-Wignored-attributes]
  190 |          bool Stop = Size==Dynamic || (Size%unpacket_traits<PacketType>::size)==0 || is_same<PacketType,typename unpacket_traits<PacketType>::half>::value>
      |                                       ~~~~~^~~~~~~~~~~~~~~~~~~~~~~~~~~~~~~~~~~
/usr/local/lib/R/site-library/RcppEigen/include/Eigen/src/Core/util/XprHelper.h:190:83: warning: ignoring attributes on template argument ‘Eigen::internal::packet_traits<double>::type’ {aka ‘__m128d’} [-Wignored-attributes]
  190 |          bool Stop = Size==Dynamic || (Size%unpacket_traits<PacketType>::size)==0 || is_same<PacketType,typename unpacket_traits<PacketType>::half>::value>
      |                      ~~~~~~~~~~~~~~~~~~~~~~~~~~~~~~~~~~~~~~~~~~~~~~~~~~~~~~~~~~~~~^~~~~~~~~~~~~~~~~~~~~~~~~~~~~~~~~~~~~~~~~~~~~~~~~~~~~~~~~~~~~~~~~~~~~~~~
/usr/local/lib/R/site-library/RcppEigen/include/Eigen/src/Core/util/XprHelper.h:190:83: warning: ignoring attributes on template argument ‘Eigen::internal::packet_traits<double>::type’ {aka ‘__m128d’} [-Wignored-attributes]
/usr/local/lib/R/site-library/RcppEigen/include/Eigen/src/Core/util/XprHelper.h:190:83: warning: ignoring attributes on template argument ‘Eigen::internal::unpacket_traits<__vector(2) double>::half’ {aka ‘__m128d’} [-Wignored-attributes]
/usr/local/lib/R/site-library/RcppEigen/include/Eigen/src/Core/util/XprHelper.h:208:88: warning: ignoring attributes on template argument ‘Eigen::internal::packet_traits<double>::type’ {aka ‘__m128d’} [-Wignored-attributes]
  208 |   typedef typename find_best_packet_helper<Size,typename packet_traits<T>::type>::type type;
      |                                                                                        ^~~~
In file included from /usr/local/lib/R/site-library/RcppEigen/include/Eigen/Core:271,
                 from /usr/local/lib/R/site-library/RcppEigen/include/Eigen/Dense:1,
                 from /usr/local/lib/R/site-library/RcppEigen/include/RcppEigenForward.h:28,
                 from /usr/local/lib/R/site-library/RcppEigen/include/RcppEigen.h:25,
                 from ../inst/include/RcppMLCommon.hpp:36,
                 from ../inst/include/RcppML.hpp:11,
                 from RcppFunctions.cpp:8:
/usr/local/lib/R/site-library/RcppEigen/include/Eigen/src/Core/DenseCoeffsBase.h: In instantiation of ‘class Eigen::DenseCoeffsBase<Eigen::ArrayWrapper<Eigen::Diagonal<Eigen::Matrix<double, 2, 2>, 0> >, 0>’:
/usr/local/lib/R/site-library/RcppEigen/include/Eigen/src/Core/DenseCoeffsBase.h:302:7:   required from ‘class Eigen::DenseCoeffsBase<Eigen::ArrayWrapper<Eigen::Diagonal<Eigen::Matrix<double, 2, 2>, 0> >, 1>’
/usr/local/lib/R/site-library/RcppEigen/include/Eigen/src/Core/DenseCoeffsBase.h:555:7:   required from ‘class Eigen::DenseCoeffsBase<Eigen::ArrayWrapper<Eigen::Diagonal<Eigen::Matrix<double, 2, 2>, 0> >, 3>’
/usr/local/lib/R/site-library/RcppEigen/include/Eigen/src/Core/DenseBase.h:41:34:   required from ‘class Eigen::DenseBase<Eigen::ArrayWrapper<Eigen::Diagonal<Eigen::Matrix<double, 2, 2>, 0> > >’
/usr/local/lib/R/site-library/RcppEigen/include/Eigen/src/Core/ArrayBase.h:39:34:   required from ‘class Eigen::ArrayBase<Eigen::ArrayWrapper<Eigen::Diagonal<Eigen::Matrix<double, 2, 2>, 0> > >’
/usr/local/lib/R/site-library/RcppEigen/include/Eigen/src/Core/ArrayWrapper.h:42:7:   required from ‘class Eigen::ArrayWrapper<Eigen::Diagonal<Eigen::Matrix<double, 2, 2>, 0> >’
../inst/include/RcppML/project.hpp:107:23:   required from here
/usr/local/lib/R/site-library/RcppEigen/include/Eigen/src/Core/DenseCoeffsBase.h:56:30: warning: ignoring attributes on template argument ‘Eigen::internal::packet_traits<double>::type’ {aka ‘__m128d’} [-Wignored-attributes]
   56 |                      >::type PacketReturnType;
      |                              ^~~~~~~~~~~~~~~~
/usr/local/lib/R/site-library/RcppEigen/include/Eigen/src/Core/DenseCoeffsBase.h: In instantiation of ‘class Eigen::DenseCoeffsBase<Eigen::Diagonal<Eigen::Matrix<double, -1, -1>, 0>, 0>’:
/usr/local/lib/R/site-library/RcppEigen/include/Eigen/src/Core/DenseCoeffsBase.h:302:7:   required from ‘class Eigen::DenseCoeffsBase<Eigen::Diagonal<Eigen::Matrix<double, -1, -1>, 0>, 1>’
/usr/local/lib/R/site-library/RcppEigen/include/Eigen/src/Core/DenseCoeffsBase.h:555:7:   required from ‘class Eigen::DenseCoeffsBase<Eigen::Diagonal<Eigen::Matrix<double, -1, -1>, 0>, 3>’
/usr/local/lib/R/site-library/RcppEigen/include/Eigen/src/Core/DenseBase.h:41:34:   required from ‘class Eigen::DenseBase<Eigen::Diagonal<Eigen::Matrix<double, -1, -1>, 0> >’
/usr/local/lib/R/site-library/RcppEigen/include/Eigen/src/Core/MatrixBase.h:48:34:   required from ‘class Eigen::MatrixBase<Eigen::Diagonal<Eigen::Matrix<double, -1, -1>, 0> >’
/usr/local/lib/R/site-library/RcppEigen/include/Eigen/src/Core/Diagonal.h:63:53:   required from ‘class Eigen::Diagonal<Eigen::Matrix<double, -1, -1>, 0>’
../inst/include/RcppML/project.hpp:122:17:   required from here
/usr/local/lib/R/site-library/RcppEigen/include/Eigen/src/Core/DenseCoeffsBase.h:56:30: warning: ignoring attributes on template argument ‘Eigen::internal::packet_traits<double>::type’ {aka ‘__m128d’} [-Wignored-attributes]
/usr/local/lib/R/site-library/RcppEigen/include/Eigen/src/Core/DenseCoeffsBase.h: In instantiation of ‘class Eigen::DenseCoeffsBase<Eigen::ArrayWrapper<Eigen::Diagonal<Eigen::Matrix<double, -1, -1>, 0> >, 0>’:
/usr/local/lib/R/site-library/RcppEigen/include/Eigen/src/Core/DenseCoeffsBase.h:302:7:   required from ‘class Eigen::DenseCoeffsBase<Eigen::ArrayWrapper<Eigen::Diagonal<Eigen::Matrix<double, -1, -1>, 0> >, 1>’
/usr/local/lib/R/site-library/RcppEigen/include/Eigen/src/Core/DenseCoeffsBase.h:555:7:   required from ‘class Eigen::DenseCoeffsBase<Eigen::ArrayWrapper<Eigen::Diagonal<Eigen::Matrix<double, -1, -1>, 0> >, 3>’
/usr/local/lib/R/site-library/RcppEigen/include/Eigen/src/Core/DenseBase.h:41:34:   required from ‘class Eigen::DenseBase<Eigen::ArrayWrapper<Eigen::Diagonal<Eigen::Matrix<double, -1, -1>, 0> > >’
/usr/local/lib/R/site-library/RcppEigen/include/Eigen/src/Core/ArrayBase.h:39:34:   required from ‘class Eigen::ArrayBase<Eigen::ArrayWrapper<Eigen::Diagonal<Eigen::Matrix<double, -1, -1>, 0> > >’
/usr/local/lib/R/site-library/RcppEigen/include/Eigen/src/Core/ArrayWrapper.h:42:7:   required from ‘class Eigen::ArrayWrapper<Eigen::Diagonal<Eigen::Matrix<double, -1, -1>, 0> >’
../inst/include/RcppML/project.hpp:122:25:   required from here
/usr/local/lib/R/site-library/RcppEigen/include/Eigen/src/Core/DenseCoeffsBase.h:56:30: warning: ignoring attributes on template argument ‘Eigen::internal::packet_traits<double>::type’ {aka ‘__m128d’} [-Wignored-attributes]
/usr/local/lib/R/site-library/RcppEigen/include/Eigen/src/Core/DenseCoeffsBase.h: In instantiation of ‘class Eigen::DenseCoeffsBase<Eigen::CwiseNullaryOp<Eigen::internal::scalar_constant_op<double>, Eigen::Matrix<double, -1, 1> >, 0>’:
/usr/local/lib/R/site-library/RcppEigen/include/Eigen/src/Core/DenseBase.h:41:34:   required from ‘class Eigen::DenseBase<Eigen::CwiseNullaryOp<Eigen::internal::scalar_constant_op<double>, Eigen::Matrix<double, -1, 1> > >’
/usr/local/lib/R/site-library/RcppEigen/include/Eigen/src/Core/MatrixBase.h:48:34:   required from ‘class Eigen::MatrixBase<Eigen::CwiseNullaryOp<Eigen::internal::scalar_constant_op<double>, Eigen::Matrix<double, -1, 1> > >’
/usr/local/lib/R/site-library/RcppEigen/include/Eigen/src/Core/CwiseNullaryOp.h:60:7:   required from ‘class Eigen::CwiseNullaryOp<Eigen::internal::scalar_constant_op<double>, Eigen::Matrix<double, -1, 1> >’
../inst/include/RcppML/project.hpp:128:50:   required from here
/usr/local/lib/R/site-library/RcppEigen/include/Eigen/src/Core/DenseCoeffsBase.h:56:30: warning: ignoring attributes on template argument ‘Eigen::internal::packet_traits<double>::type’ {aka ‘__m128d’} [-Wignored-attributes]
/usr/local/lib/R/site-library/RcppEigen/include/Eigen/src/Core/DenseCoeffsBase.h: In instantiation of ‘class Eigen::DenseCoeffsBase<Eigen::CwiseBinaryOp<Eigen::internal::scalar_product_op<double, double>, const Eigen::CwiseNullaryOp<Eigen::internal::scalar_constant_op<double>, const Eigen::Matrix<double, -1, 1> >, const Eigen::Block<const Eigen::Matrix<double, -1, -1>, -1, 1, true> >, 0>’:
/usr/local/lib/R/site-library/RcppEigen/include/Eigen/src/Core/DenseBase.h:41:34:   required from ‘class Eigen::DenseBase<Eigen::CwiseBinaryOp<Eigen::internal::scalar_product_op<double, double>, const Eigen::CwiseNullaryOp<Eigen::internal::scalar_constant_op<double>, const Eigen::Matrix<double, -1, 1> >, const Eigen::Block<const Eigen::Matrix<double, -1, -1>, -1, 1, true> > >’
/usr/local/lib/R/site-library/RcppEigen/include/Eigen/src/Core/MatrixBase.h:48:34:   required from ‘class Eigen::MatrixBase<Eigen::CwiseBinaryOp<Eigen::internal::scalar_product_op<double, double>, const Eigen::CwiseNullaryOp<Eigen::internal::scalar_constant_op<double>, const Eigen::Matrix<double, -1, 1> >, const Eigen::Block<const Eigen::Matrix<double, -1, -1>, -1, 1, true> > >’
/usr/local/lib/R/site-library/RcppEigen/include/Eigen/src/Core/CwiseBinaryOp.h:148:7:   required from ‘class Eigen::CwiseBinaryOpImpl<Eigen::internal::scalar_product_op<double, double>, const Eigen::CwiseNullaryOp<Eigen::internal::scalar_constant_op<double>, const Eigen::Matrix<double, -1, 1> >, const Eigen::Block<const Eigen::Matrix<double, -1, -1>, -1, 1, true>, Eigen::Dense>’
/usr/local/lib/R/site-library/RcppEigen/include/Eigen/src/Core/CwiseBinaryOp.h:77:7:   required from ‘class Eigen::CwiseBinaryOp<Eigen::internal::scalar_product_op<double, double>, const Eigen::CwiseNullaryOp<Eigen::internal::scalar_constant_op<double>, const Eigen::Matrix<double, -1, 1> >, const Eigen::Block<const Eigen::Matrix<double, -1, -1>, -1, 1, true> >’
../inst/include/RcppML/project.hpp:130:43:   required from here
/usr/local/lib/R/site-library/RcppEigen/include/Eigen/src/Core/DenseCoeffsBase.h:56:30: warning: ignoring attributes on template argument ‘Eigen::internal::packet_traits<double>::type’ {aka ‘__m128d’} [-Wignored-attributes]
/usr/local/lib/R/site-library/RcppEigen/include/Eigen/src/Core/DenseCoeffsBase.h: In instantiation of ‘class Eigen::DenseCoeffsBase<Eigen::ArrayWrapper<Eigen::Matrix<double, -1, 1> >, 0>’:
/usr/local/lib/R/site-library/RcppEigen/include/Eigen/src/Core/DenseCoeffsBase.h:302:7:   required from ‘class Eigen::DenseCoeffsBase<Eigen::ArrayWrapper<Eigen::Matrix<double, -1, 1> >, 1>’
/usr/local/lib/R/site-library/RcppEigen/include/Eigen/src/Core/DenseCoeffsBase.h:555:7:   required from ‘class Eigen::DenseCoeffsBase<Eigen::ArrayWrapper<Eigen::Matrix<double, -1, 1> >, 3>’
/usr/local/lib/R/site-library/RcppEigen/include/Eigen/src/Core/DenseBase.h:41:34:   required from ‘class Eigen::DenseBase<Eigen::ArrayWrapper<Eigen::Matrix<double, -1, 1> > >’
/usr/local/lib/R/site-library/RcppEigen/include/Eigen/src/Core/ArrayBase.h:39:34:   required from ‘class Eigen::ArrayBase<Eigen::ArrayWrapper<Eigen::Matrix<double, -1, 1> > >’
/usr/local/lib/R/site-library/RcppEigen/include/Eigen/src/Core/ArrayWrapper.h:42:7:   required from ‘class Eigen::ArrayWrapper<Eigen::Matrix<double, -1, 1> >’
../inst/include/RcppML/project.hpp:131:29:   required from here
/usr/local/lib/R/site-library/RcppEigen/include/Eigen/src/Core/DenseCoeffsBase.h:56:30: warning: ignoring attributes on template argument ‘Eigen::internal::packet_traits<double>::type’ {aka ‘__m128d’} [-Wignored-attributes]
/usr/local/lib/R/site-library/RcppEigen/include/Eigen/src/Core/DenseCoeffsBase.h: In instantiation of ‘class Eigen::DenseCoeffsBase<Eigen::Solve<Eigen::LLT<Eigen::Matrix<double, -1, -1>, 1>, Eigen::Matrix<double, -1, 1> >, 0>’:
/usr/local/lib/R/site-library/RcppEigen/include/Eigen/src/Core/DenseBase.h:41:34:   required from ‘class Eigen::DenseBase<Eigen::Solve<Eigen::LLT<Eigen::Matrix<double, -1, -1>, 1>, Eigen::Matrix<double, -1, 1> > >’
/usr/local/lib/R/site-library/RcppEigen/include/Eigen/src/Core/MatrixBase.h:48:34:   required from ‘class Eigen::MatrixBase<Eigen::Solve<Eigen::LLT<Eigen::Matrix<double, -1, -1>, 1>, Eigen::Matrix<double, -1, 1> > >’
/usr/local/lib/R/site-library/RcppEigen/include/Eigen/src/Core/Solve.h:86:7:   required from ‘class Eigen::SolveImpl<Eigen::LLT<Eigen::Matrix<double, -1, -1>, 1>, Eigen::Matrix<double, -1, 1>, Eigen::Dense>’
/usr/local/lib/R/site-library/RcppEigen/include/Eigen/src/Core/Solve.h:62:7:   required from ‘class Eigen::Solve<Eigen::LLT<Eigen::Matrix<double, -1, -1>, 1>, Eigen::Matrix<double, -1, 1> >’
../inst/include/RcppML/project.hpp:133:31:   required from here
/usr/local/lib/R/site-library/RcppEigen/include/Eigen/src/Core/DenseCoeffsBase.h:56:30: warning: ignoring attributes on template argument ‘Eigen::internal::packet_traits<double>::type’ {aka ‘__m128d’} [-Wignored-attributes]
/usr/local/lib/R/site-library/RcppEigen/include/Eigen/src/Core/DenseCoeffsBase.h: In instantiation of ‘class Eigen::DenseCoeffsBase<Eigen::ArrayWrapper<Eigen::Block<Eigen::Matrix<double, -1, -1>, -1, 1, true> >, 0>’:
/usr/local/lib/R/site-library/RcppEigen/include/Eigen/src/Core/DenseCoeffsBase.h:302:7:   required from ‘class Eigen::DenseCoeffsBase<Eigen::ArrayWrapper<Eigen::Block<Eigen::Matrix<double, -1, -1>, -1, 1, true> >, 1>’
/usr/local/lib/R/site-library/RcppEigen/include/Eigen/src/Core/DenseCoeffsBase.h:555:7:   required from ‘class Eigen::DenseCoeffsBase<Eigen::ArrayWrapper<Eigen::Block<Eigen::Matrix<double, -1, -1>, -1, 1, true> >, 3>’
/usr/local/lib/R/site-library/RcppEigen/include/Eigen/src/Core/DenseBase.h:41:34:   required from ‘class Eigen::DenseBase<Eigen::ArrayWrapper<Eigen::Block<Eigen::Matrix<double, -1, -1>, -1, 1, true> > >’
/usr/local/lib/R/site-library/RcppEigen/include/Eigen/src/Core/ArrayBase.h:39:34:   required from ‘class Eigen::ArrayBase<Eigen::ArrayWrapper<Eigen::Block<Eigen::Matrix<double, -1, -1>, -1, 1, true> > >’
/usr/local/lib/R/site-library/RcppEigen/include/Eigen/src/Core/ArrayWrapper.h:42:7:   required from ‘class Eigen::ArrayWrapper<Eigen::Block<Eigen::Matrix<double, -1, -1>, -1, 1, true> >’
../inst/include/RcppML/project.hpp:134:38:   required from here
/usr/local/lib/R/site-library/RcppEigen/include/Eigen/src/Core/DenseCoeffsBase.h:56:30: warning: ignoring attributes on template argument ‘Eigen::internal::packet_traits<double>::type’ {aka ‘__m128d’} [-Wignored-attributes]
/usr/local/lib/R/site-library/RcppEigen/include/Eigen/src/Core/DenseCoeffsBase.h: In instantiation of ‘class Eigen::DenseCoeffsBase<Eigen::CwiseNullaryOp<Eigen::internal::scalar_constant_op<double>, Eigen::Array<double, -1, 1> >, 0>’:
/usr/local/lib/R/site-library/RcppEigen/include/Eigen/src/Core/DenseBase.h:41:34:   required from ‘class Eigen::DenseBase<Eigen::CwiseNullaryOp<Eigen::internal::scalar_constant_op<double>, Eigen::Array<double, -1, 1> > >’
/usr/local/lib/R/site-library/RcppEigen/include/Eigen/src/Core/ArrayBase.h:39:34:   required from ‘class Eigen::ArrayBase<Eigen::CwiseNullaryOp<Eigen::internal::scalar_constant_op<double>, Eigen::Array<double, -1, 1> > >’
/usr/local/lib/R/site-library/RcppEigen/include/Eigen/src/Core/CwiseNullaryOp.h:60:7:   required from ‘class Eigen::CwiseNullaryOp<Eigen::internal::scalar_constant_op<double>, Eigen::Array<double, -1, 1> >’
/usr/local/lib/R/site-library/RcppEigen/include/Eigen/src/Core/CwiseBinaryOp.h:38:28:   required from ‘struct Eigen::internal::traits<Eigen::CwiseBinaryOp<Eigen::internal::scalar_cmp_op<double, double, Eigen::internal::cmp_LT>, const Eigen::ArrayWrapper<Eigen::Block<Eigen::Matrix<double, -1, -1>, -1, 1, true> >, const Eigen::CwiseNullaryOp<Eigen::internal::scalar_constant_op<double>, Eigen::Array<double, -1, 1> > > >’
/usr/local/lib/R/site-library/RcppEigen/include/Eigen/src/Core/CwiseBinaryOp.h:148:7:   required from ‘class Eigen::CwiseBinaryOpImpl<Eigen::internal::scalar_cmp_op<double, double, Eigen::internal::cmp_LT>, const Eigen::ArrayWrapper<Eigen::Block<Eigen::Matrix<double, -1, -1>, -1, 1, true> >, const Eigen::CwiseNullaryOp<Eigen::internal::scalar_constant_op<double>, Eigen::Array<double, -1, 1> >, Eigen::Dense>’
/usr/local/lib/R/site-library/RcppEigen/include/Eigen/src/Core/CwiseBinaryOp.h:77:7:   required from ‘class Eigen::CwiseBinaryOp<Eigen::internal::scalar_cmp_op<double, double, Eigen::internal::cmp_LT>, const Eigen::ArrayWrapper<Eigen::Block<Eigen::Matrix<double, -1, -1>, -1, 1, true> >, const Eigen::CwiseNullaryOp<Eigen::internal::scalar_constant_op<double>, Eigen::Array<double, -1, 1> > >’
../inst/include/RcppML/project.hpp:134:43:   required from here
/usr/local/lib/R/site-library/RcppEigen/include/Eigen/src/Core/DenseCoeffsBase.h:56:30: warning: ignoring attributes on template argument ‘Eigen::internal::packet_traits<double>::type’ {aka ‘__m128d’} [-Wignored-attributes]
/usr/local/lib/R/site-library/RcppEigen/include/Eigen/src/Core/DenseCoeffsBase.h: In instantiation of ‘class Eigen::DenseCoeffsBase<Eigen::Product<Eigen::Matrix<double, -1, -1>, Eigen::Block<Eigen::Matrix<double, -1, -1>, -1, 1, true>, 0>, 0>’:
/usr/local/lib/R/site-library/RcppEigen/include/Eigen/src/Core/DenseBase.h:41:34:   required from ‘class Eigen::DenseBase<Eigen::Product<Eigen::Matrix<double, -1, -1>, Eigen::Block<Eigen::Matrix<double, -1, -1>, -1, 1, true>, 0> >’
/usr/local/lib/R/site-library/RcppEigen/include/Eigen/src/Core/MatrixBase.h:48:34:   required from ‘class Eigen::MatrixBase<Eigen::Product<Eigen::Matrix<double, -1, -1>, Eigen::Block<Eigen::Matrix<double, -1, -1>, -1, 1, true>, 0> >’
/usr/local/lib/R/site-library/RcppEigen/include/Eigen/src/Core/Product.h:120:7:   required from ‘class Eigen::internal::dense_product_base<Eigen::Matrix<double, -1, -1>, Eigen::Block<Eigen::Matrix<double, -1, -1>, -1, 1, true>, 0, 7>’
/usr/local/lib/R/site-library/RcppEigen/include/Eigen/src/Core/Product.h:152:7:   required from ‘class Eigen::ProductImpl<Eigen::Matrix<double, -1, -1>, Eigen::Block<Eigen::Matrix<double, -1, -1>, -1, 1, true>, 0, Eigen::Dense>’
/usr/local/lib/R/site-library/RcppEigen/include/Eigen/src/Core/Product.h:71:7:   required from ‘class Eigen::Product<Eigen::Matrix<double, -1, -1>, Eigen::Block<Eigen::Matrix<double, -1, -1>, -1, 1, true>, 0>’
../inst/include/RcppML/project.hpp:136:27:   required from here
/usr/local/lib/R/site-library/RcppEigen/include/Eigen/src/Core/DenseCoeffsBase.h:56:30: warning: ignoring attributes on template argument ‘Eigen::internal::packet_traits<double>::type’ {aka ‘__m128d’} [-Wignored-attributes]
/usr/local/lib/R/site-library/RcppEigen/include/Eigen/src/Core/DenseCoeffsBase.h: In instantiation of ‘class Eigen::DenseCoeffsBase<Eigen::Transpose<Eigen::Matrix<double, -1, -1> >, 0>’:
/usr/local/lib/R/site-library/RcppEigen/include/Eigen/src/Core/DenseCoeffsBase.h:302:7:   required from ‘class Eigen::DenseCoeffsBase<Eigen::Transpose<Eigen::Matrix<double, -1, -1> >, 1>’
/usr/local/lib/R/site-library/RcppEigen/include/Eigen/src/Core/DenseCoeffsBase.h:555:7:   required from ‘class Eigen::DenseCoeffsBase<Eigen::Transpose<Eigen::Matrix<double, -1, -1> >, 3>’
/usr/local/lib/R/site-library/RcppEigen/include/Eigen/src/Core/DenseBase.h:41:34:   required from ‘class Eigen::DenseBase<Eigen::Transpose<Eigen::Matrix<double, -1, -1> > >’
/usr/local/lib/R/site-library/RcppEigen/include/Eigen/src/Core/MatrixBase.h:48:34:   required from ‘class Eigen::MatrixBase<Eigen::Transpose<Eigen::Matrix<double, -1, -1> > >’
/usr/local/lib/R/site-library/RcppEigen/include/Eigen/src/Core/Transpose.h:118:37:   required from ‘class Eigen::TransposeImpl<Eigen::Matrix<double, -1, -1>, Eigen::Dense>’
/usr/local/lib/R/site-library/RcppEigen/include/Eigen/src/Core/Transpose.h:52:37:   required from ‘class Eigen::Transpose<Eigen::Matrix<double, -1, -1> >’
../inst/include/RcppML/project.hpp:149:46:   required from here
/usr/local/lib/R/site-library/RcppEigen/include/Eigen/src/Core/DenseCoeffsBase.h:56:30: warning: ignoring attributes on template argument ‘Eigen::internal::packet_traits<double>::type’ {aka ‘__m128d’} [-Wignored-attributes]
/usr/local/lib/R/site-library/RcppEigen/include/Eigen/src/Core/DenseCoeffsBase.h: In instantiation of ‘class Eigen::DenseCoeffsBase<Eigen::Product<Eigen::Matrix<double, -1, -1>, Eigen::Transpose<Eigen::Matrix<double, -1, -1> >, 0>, 0>’:
/usr/local/lib/R/site-library/RcppEigen/include/Eigen/src/Core/DenseBase.h:41:34:   required from ‘class Eigen::DenseBase<Eigen::Product<Eigen::Matrix<double, -1, -1>, Eigen::Transpose<Eigen::Matrix<double, -1, -1> >, 0> >’
/usr/local/lib/R/site-library/RcppEigen/include/Eigen/src/Core/MatrixBase.h:48:34:   required from ‘class Eigen::MatrixBase<Eigen::Product<Eigen::Matrix<double, -1, -1>, Eigen::Transpose<Eigen::Matrix<double, -1, -1> >, 0> >’
/usr/local/lib/R/site-library/RcppEigen/include/Eigen/src/Core/Product.h:120:7:   required from ‘class Eigen::internal::dense_product_base<Eigen::Matrix<double, -1, -1>, Eigen::Transpose<Eigen::Matrix<double, -1, -1> >, 0, 8>’
/usr/local/lib/R/site-library/RcppEigen/include/Eigen/src/Core/Product.h:152:7:   required from ‘class Eigen::ProductImpl<Eigen::Matrix<double, -1, -1>, Eigen::Transpose<Eigen::Matrix<double, -1, -1> >, 0, Eigen::Dense>’
/usr/local/lib/R/site-library/RcppEigen/include/Eigen/src/Core/Product.h:71:7:   required from ‘class Eigen::Product<Eigen::Matrix<double, -1, -1>, Eigen::Transpose<Eigen::Matrix<double, -1, -1> >, 0>’
../inst/include/RcppML/project.hpp:149:47:   required from here
/usr/local/lib/R/site-library/RcppEigen/include/Eigen/src/Core/DenseCoeffsBase.h:56:30: warning: ignoring attributes on template argument ‘Eigen::internal::packet_traits<double>::type’ {aka ‘__m128d’} [-Wignored-attributes]
/usr/local/lib/R/site-library/RcppEigen/include/Eigen/src/Core/DenseCoeffsBase.h: In instantiation of ‘class Eigen::DenseCoeffsBase<Eigen::Product<Eigen::Matrix<double, -1, -1>, Eigen::Block<const Eigen::Matrix<double, -1, -1>, -1, 1, true>, 0>, 0>’:
/usr/local/lib/R/site-library/RcppEigen/include/Eigen/src/Core/DenseBase.h:41:34:   required from ‘class Eigen::DenseBase<Eigen::Product<Eigen::Matrix<double, -1, -1>, Eigen::Block<const Eigen::Matrix<double, -1, -1>, -1, 1, true>, 0> >’
/usr/local/lib/R/site-library/RcppEigen/include/Eigen/src/Core/MatrixBase.h:48:34:   required from ‘class Eigen::MatrixBase<Eigen::Product<Eigen::Matrix<double, -1, -1>, Eigen::Block<const Eigen::Matrix<double, -1, -1>, -1, 1, true>, 0> >’
/usr/local/lib/R/site-library/RcppEigen/include/Eigen/src/Core/Product.h:120:7:   required from ‘class Eigen::internal::dense_product_base<Eigen::Matrix<double, -1, -1>, Eigen::Block<const Eigen::Matrix<double, -1, -1>, -1, 1, true>, 0, 7>’
/usr/local/lib/R/site-library/RcppEigen/include/Eigen/src/Core/Product.h:152:7:   required from ‘class Eigen::ProductImpl<Eigen::Matrix<double, -1, -1>, Eigen::Block<const Eigen::Matrix<double, -1, -1>, -1, 1, true>, 0, Eigen::Dense>’
/usr/local/lib/R/site-library/RcppEigen/include/Eigen/src/Core/Product.h:71:7:   required from ‘class Eigen::Product<Eigen::Matrix<double, -1, -1>, Eigen::Block<const Eigen::Matrix<double, -1, -1>, -1, 1, true>, 0>’
../inst/include/RcppML/project.hpp:198:23:   required from here
/usr/local/lib/R/site-library/RcppEigen/include/Eigen/src/Core/DenseCoeffsBase.h:56:30: warning: ignoring attributes on template argument ‘Eigen::internal::packet_traits<double>::type’ {aka ‘__m128d’} [-Wignored-attributes]
/usr/local/lib/R/site-library/RcppEigen/include/Eigen/src/Core/DenseCoeffsBase.h: In instantiation of ‘class Eigen::DenseCoeffsBase<Eigen::ArrayWrapper<Eigen::Matrix<double, -1, -1> >, 0>’:
/usr/local/lib/R/site-library/RcppEigen/include/Eigen/src/Core/DenseCoeffsBase.h:302:7:   required from ‘class Eigen::DenseCoeffsBase<Eigen::ArrayWrapper<Eigen::Matrix<double, -1, -1> >, 1>’
/usr/local/lib/R/site-library/RcppEigen/include/Eigen/src/Core/DenseCoeffsBase.h:555:7:   required from ‘class Eigen::DenseCoeffsBase<Eigen::ArrayWrapper<Eigen::Matrix<double, -1, -1> >, 3>’
/usr/local/lib/R/site-library/RcppEigen/include/Eigen/src/Core/DenseBase.h:41:34:   required from ‘class Eigen::DenseBase<Eigen::ArrayWrapper<Eigen::Matrix<double, -1, -1> > >’
/usr/local/lib/R/site-library/RcppEigen/include/Eigen/src/Core/ArrayBase.h:39:34:   required from ‘class Eigen::ArrayBase<Eigen::ArrayWrapper<Eigen::Matrix<double, -1, -1> > >’
/usr/local/lib/R/site-library/RcppEigen/include/Eigen/src/Core/ArrayWrapper.h:42:7:   required from ‘class Eigen::ArrayWrapper<Eigen::Matrix<double, -1, -1> >’
../inst/include/RcppML/project.hpp:247:25:   required from here
/usr/local/lib/R/site-library/RcppEigen/include/Eigen/src/Core/DenseCoeffsBase.h:56:30: warning: ignoring attributes on template argument ‘Eigen::internal::packet_traits<double>::type’ {aka ‘__m128d’} [-Wignored-attributes]
/usr/local/lib/R/site-library/RcppEigen/include/Eigen/src/Core/DenseCoeffsBase.h: In instantiation of ‘class Eigen::DenseCoeffsBase<Eigen::CwiseUnaryOp<Eigen::internal::scalar_square_op<double>, const Eigen::ArrayWrapper<Eigen::Matrix<double, -1, 1> > >, 0>’:
/usr/local/lib/R/site-library/RcppEigen/include/Eigen/src/Core/DenseBase.h:41:34:   required from ‘class Eigen::DenseBase<Eigen::CwiseUnaryOp<Eigen::internal::scalar_square_op<double>, const Eigen::ArrayWrapper<Eigen::Matrix<double, -1, 1> > > >’
/usr/local/lib/R/site-library/RcppEigen/include/Eigen/src/Core/ArrayBase.h:39:34:   required from ‘class Eigen::ArrayBase<Eigen::CwiseUnaryOp<Eigen::internal::scalar_square_op<double>, const Eigen::ArrayWrapper<Eigen::Matrix<double, -1, 1> > > >’
/usr/local/lib/R/site-library/RcppEigen/include/Eigen/src/Core/CwiseUnaryOp.h:94:7:   required from ‘class Eigen::CwiseUnaryOpImpl<Eigen::internal::scalar_square_op<double>, const Eigen::ArrayWrapper<Eigen::Matrix<double, -1, 1> >, Eigen::Dense>’
/usr/local/lib/R/site-library/RcppEigen/include/Eigen/src/Core/CwiseUnaryOp.h:55:7:   required from ‘class Eigen::CwiseUnaryOp<Eigen::internal::scalar_square_op<double>, const Eigen::ArrayWrapper<Eigen::Matrix<double, -1, 1> > >’
../inst/include/RcppML/nmf.hpp:101:41:   required from here
/usr/local/lib/R/site-library/RcppEigen/include/Eigen/src/Core/DenseCoeffsBase.h:56:30: warning: ignoring attributes on template argument ‘Eigen::internal::packet_traits<double>::type’ {aka ‘__m128d’} [-Wignored-attributes]
/usr/local/lib/R/site-library/RcppEigen/include/Eigen/src/Core/DenseCoeffsBase.h: In instantiation of ‘class Eigen::DenseCoeffsBase<Eigen::PartialReduxExpr<Eigen::Matrix<double, -1, -1>, Eigen::internal::member_sum<double, double>, 1>, 0>’:
/usr/local/lib/R/site-library/RcppEigen/include/Eigen/src/Core/DenseBase.h:41:34:   required from ‘class Eigen::DenseBase<Eigen::PartialReduxExpr<Eigen::Matrix<double, -1, -1>, Eigen::internal::member_sum<double, double>, 1> >’
/usr/local/lib/R/site-library/RcppEigen/include/Eigen/src/Core/MatrixBase.h:48:34:   required from ‘class Eigen::MatrixBase<Eigen::PartialReduxExpr<Eigen::Matrix<double, -1, -1>, Eigen::internal::member_sum<double, double>, 1> >’
/usr/local/lib/R/site-library/RcppEigen/include/Eigen/src/Core/VectorwiseOp.h:56:7:   required from ‘class Eigen::PartialReduxExpr<Eigen::Matrix<double, -1, -1>, Eigen::internal::member_sum<double, double>, 1>’
../inst/include/RcppML/nmf.hpp:154:26:   required from here
/usr/local/lib/R/site-library/RcppEigen/include/Eigen/src/Core/DenseCoeffsBase.h:56:30: warning: ignoring attributes on template argument ‘Eigen::internal::packet_traits<double>::type’ {aka ‘__m128d’} [-Wignored-attributes]
/usr/local/lib/R/site-library/RcppEigen/include/Eigen/src/Core/DenseCoeffsBase.h: In instantiation of ‘class Eigen::DenseCoeffsBase<Eigen::Solve<Eigen::LLT<Eigen::Matrix<double, -1, -1>, 1>, Eigen::Block<Eigen::Matrix<double, -1, -1>, -1, 1, true> >, 0>’:
/usr/local/lib/R/site-library/RcppEigen/include/Eigen/src/Core/DenseBase.h:41:34:   required from ‘class Eigen::DenseBase<Eigen::Solve<Eigen::LLT<Eigen::Matrix<double, -1, -1>, 1>, Eigen::Block<Eigen::Matrix<double, -1, -1>, -1, 1, true> > >’
/usr/local/lib/R/site-library/RcppEigen/include/Eigen/src/Core/MatrixBase.h:48:34:   required from ‘class Eigen::MatrixBase<Eigen::Solve<Eigen::LLT<Eigen::Matrix<double, -1, -1>, 1>, Eigen::Block<Eigen::Matrix<double, -1, -1>, -1, 1, true> > >’
/usr/local/lib/R/site-library/RcppEigen/include/Eigen/src/Core/Solve.h:86:7:   required from ‘class Eigen::SolveImpl<Eigen::LLT<Eigen::Matrix<double, -1, -1>, 1>, Eigen::Block<Eigen::Matrix<double, -1, -1>, -1, 1, true>, Eigen::Dense>’
/usr/local/lib/R/site-library/RcppEigen/include/Eigen/src/Core/Solve.h:62:7:   required from ‘class Eigen::Solve<Eigen::LLT<Eigen::Matrix<double, -1, -1>, 1>, Eigen::Block<Eigen::Matrix<double, -1, -1>, -1, 1, true> >’
RcppFunctions.cpp:259:31:   required from here
/usr/local/lib/R/site-library/RcppEigen/include/Eigen/src/Core/DenseCoeffsBase.h:56:30: warning: ignoring attributes on template argument ‘Eigen::internal::packet_traits<double>::type’ {aka ‘__m128d’} [-Wignored-attributes]
/usr/local/lib/R/site-library/RcppEigen/include/Eigen/src/Core/DenseCoeffsBase.h: In instantiation of ‘class Eigen::DenseCoeffsBase<Eigen::CwiseNullaryOp<indexing_functor<Eigen::Matrix<double, -1, -1>, Eigen::Matrix<int, -1, 1>, Eigen::Matrix<int, -1, 1> >, Eigen::Matrix<double, -1, -1> >, 0>’:
/usr/local/lib/R/site-library/RcppEigen/include/Eigen/src/Core/DenseBase.h:41:34:   required from ‘class Eigen::DenseBase<Eigen::CwiseNullaryOp<indexing_functor<Eigen::Matrix<double, -1, -1>, Eigen::Matrix<int, -1, 1>, Eigen::Matrix<int, -1, 1> >, Eigen::Matrix<double, -1, -1> > >’
/usr/local/lib/R/site-library/RcppEigen/include/Eigen/src/Core/MatrixBase.h:48:34:   required from ‘class Eigen::MatrixBase<Eigen::CwiseNullaryOp<indexing_functor<Eigen::Matrix<double, -1, -1>, Eigen::Matrix<int, -1, 1>, Eigen::Matrix<int, -1, 1> >, Eigen::Matrix<double, -1, -1> > >’
/usr/local/lib/R/site-library/RcppEigen/include/Eigen/src/Core/CwiseNullaryOp.h:60:7:   required from ‘class Eigen::CwiseNullaryOp<indexing_functor<Eigen::Matrix<double, -1, -1>, Eigen::Matrix<int, -1, 1>, Eigen::Matrix<int, -1, 1> >, Eigen::Matrix<double, -1, -1> >’
RcppFunctions.cpp:264:38:   required from here
/usr/local/lib/R/site-library/RcppEigen/include/Eigen/src/Core/DenseCoeffsBase.h:56:30: warning: ignoring attributes on template argument ‘Eigen::internal::packet_traits<double>::type’ {aka ‘__m128d’} [-Wignored-attributes]
/usr/local/lib/R/site-library/RcppEigen/include/Eigen/src/Core/DenseCoeffsBase.h: In instantiation of ‘class Eigen::DenseCoeffsBase<Eigen::CwiseBinaryOp<Eigen::internal::scalar_product_op<double, double>, const Eigen::Block<const Eigen::Matrix<double, -1, -1>, -1, 1, true>, const Eigen::CwiseNullaryOp<Eigen::internal::scalar_constant_op<double>, const Eigen::Matrix<double, -1, 1> > >, 0>’:
/usr/local/lib/R/site-library/RcppEigen/include/Eigen/src/Core/DenseBase.h:41:34:   required from ‘class Eigen::DenseBase<Eigen::CwiseBinaryOp<Eigen::internal::scalar_product_op<double, double>, const Eigen::Block<const Eigen::Matrix<double, -1, -1>, -1, 1, true>, const Eigen::CwiseNullaryOp<Eigen::internal::scalar_constant_op<double>, const Eigen::Matrix<double, -1, 1> > > >’
/usr/local/lib/R/site-library/RcppEigen/include/Eigen/src/Core/MatrixBase.h:48:34:   required from ‘class Eigen::MatrixBase<Eigen::CwiseBinaryOp<Eigen::internal::scalar_product_op<double, double>, const Eigen::Block<const Eigen::Matrix<double, -1, -1>, -1, 1, true>, const Eigen::CwiseNullaryOp<Eigen::internal::scalar_constant_op<double>, const Eigen::Matrix<double, -1, 1> > > >’
/usr/local/lib/R/site-library/RcppEigen/include/Eigen/src/Core/CwiseBinaryOp.h:148:7:   required from ‘class Eigen::CwiseBinaryOpImpl<Eigen::internal::scalar_product_op<double, double>, const Eigen::Block<const Eigen::Matrix<double, -1, -1>, -1, 1, true>, const Eigen::CwiseNullaryOp<Eigen::internal::scalar_constant_op<double>, const Eigen::Matrix<double, -1, 1> >, Eigen::Dense>’
/usr/local/lib/R/site-library/RcppEigen/include/Eigen/src/Core/CwiseBinaryOp.h:77:7:   required from ‘class Eigen::CwiseBinaryOp<Eigen::internal::scalar_product_op<double, double>, const Eigen::Block<const Eigen::Matrix<double, -1, -1>, -1, 1, true>, const Eigen::CwiseNullaryOp<Eigen::internal::scalar_constant_op<double>, const Eigen::Matrix<double, -1, 1> > >’
RcppFunctions.cpp:281:49:   required from here
/usr/local/lib/R/site-library/RcppEigen/include/Eigen/src/Core/DenseCoeffsBase.h:56:30: warning: ignoring attributes on template argument ‘Eigen::internal::packet_traits<double>::type’ {aka ‘__m128d’} [-Wignored-attributes]
/usr/local/lib/R/site-library/RcppEigen/include/Eigen/src/Core/DenseCoeffsBase.h: In instantiation of ‘class Eigen::DenseCoeffsBase<Eigen::Array<double, 2, 1>, 0>’:
/usr/local/lib/R/site-library/RcppEigen/include/Eigen/src/Core/DenseCoeffsBase.h:302:7:   required from ‘class Eigen::DenseCoeffsBase<Eigen::Array<double, 2, 1>, 1>’
/usr/local/lib/R/site-library/RcppEigen/include/Eigen/src/Core/DenseCoeffsBase.h:555:7:   required from ‘class Eigen::DenseCoeffsBase<Eigen::Array<double, 2, 1>, 3>’
/usr/local/lib/R/site-library/RcppEigen/include/Eigen/src/Core/DenseBase.h:41:34:   required from ‘class Eigen::DenseBase<Eigen::Array<double, 2, 1> >’
/usr/local/lib/R/site-library/RcppEigen/include/Eigen/src/Core/ArrayBase.h:39:34:   required from ‘class Eigen::ArrayBase<Eigen::Array<double, 2, 1> >’
/usr/local/lib/R/site-library/RcppEigen/include/Eigen/src/Core/PlainObjectBase.h:98:7:   required from ‘class Eigen::PlainObjectBase<Eigen::Array<double, 2, 1> >’
/usr/local/lib/R/site-library/RcppEigen/include/Eigen/src/Core/Array.h:45:7:   required from ‘class Eigen::Array<double, 2, 1>’
/usr/local/lib/R/site-library/RcppEigen/include/Eigen/src/Core/SelfCwiseBinaryOp.h:27:67:   required from ‘Derived& Eigen::ArrayBase<Derived>::operator+=(const Scalar&) [with Derived = Eigen::ArrayWrapper<Eigen::Diagonal<Eigen::Matrix<double, 2, 2>, 0> >; Eigen::ArrayBase<Derived>::Scalar = double]’
../inst/include/RcppML/project.hpp:107:29:   required from here
/usr/local/lib/R/site-library/RcppEigen/include/Eigen/src/Core/DenseCoeffsBase.h:56:30: warning: ignoring attributes on template argument ‘Eigen::internal::packet_traits<double>::type’ {aka ‘__m128d’} [-Wignored-attributes]
/usr/local/lib/R/site-library/RcppEigen/include/Eigen/src/Core/DenseCoeffsBase.h: In instantiation of ‘class Eigen::DenseCoeffsBase<Eigen::CwiseNullaryOp<Eigen::internal::scalar_constant_op<double>, Eigen::Array<double, 2, 1> >, 0>’:
/usr/local/lib/R/site-library/RcppEigen/include/Eigen/src/Core/DenseBase.h:41:34:   required from ‘class Eigen::DenseBase<Eigen::CwiseNullaryOp<Eigen::internal::scalar_constant_op<double>, Eigen::Array<double, 2, 1> > >’
/usr/local/lib/R/site-library/RcppEigen/include/Eigen/src/Core/ArrayBase.h:39:34:   required from ‘class Eigen::ArrayBase<Eigen::CwiseNullaryOp<Eigen::internal::scalar_constant_op<double>, Eigen::Array<double, 2, 1> > >’
/usr/local/lib/R/site-library/RcppEigen/include/Eigen/src/Core/CwiseNullaryOp.h:60:7:   required from ‘class Eigen::CwiseNullaryOp<Eigen::internal::scalar_constant_op<double>, Eigen::Array<double, 2, 1> >’
/usr/local/lib/R/site-library/RcppEigen/include/Eigen/src/Core/SelfCwiseBinaryOp.h:27:67:   required from ‘Derived& Eigen::ArrayBase<Derived>::operator+=(const Scalar&) [with Derived = Eigen::ArrayWrapper<Eigen::Diagonal<Eigen::Matrix<double, 2, 2>, 0> >; Eigen::ArrayBase<Derived>::Scalar = double]’
../inst/include/RcppML/project.hpp:107:29:   required from here
/usr/local/lib/R/site-library/RcppEigen/include/Eigen/src/Core/DenseCoeffsBase.h:56:30: warning: ignoring attributes on template argument ‘Eigen::internal::packet_traits<double>::type’ {aka ‘__m128d’} [-Wignored-attributes]
/usr/local/lib/R/site-library/RcppEigen/include/Eigen/src/Core/DenseCoeffsBase.h: In instantiation of ‘class Eigen::DenseCoeffsBase<Eigen::Array<double, -1, 1>, 0>’:
/usr/local/lib/R/site-library/RcppEigen/include/Eigen/src/Core/DenseCoeffsBase.h:302:7:   required from ‘class Eigen::DenseCoeffsBase<Eigen::Array<double, -1, 1>, 1>’
/usr/local/lib/R/site-library/RcppEigen/include/Eigen/src/Core/DenseCoeffsBase.h:555:7:   required from ‘class Eigen::DenseCoeffsBase<Eigen::Array<double, -1, 1>, 3>’
/usr/local/lib/R/site-library/RcppEigen/include/Eigen/src/Core/DenseBase.h:41:34:   required from ‘class Eigen::DenseBase<Eigen::Array<double, -1, 1> >’
/usr/local/lib/R/site-library/RcppEigen/include/Eigen/src/Core/ArrayBase.h:39:34:   required from ‘class Eigen::ArrayBase<Eigen::Array<double, -1, 1> >’
/usr/local/lib/R/site-library/RcppEigen/include/Eigen/src/Core/PlainObjectBase.h:98:7:   required from ‘class Eigen::PlainObjectBase<Eigen::Array<double, -1, 1> >’
/usr/local/lib/R/site-library/RcppEigen/include/Eigen/src/Core/Array.h:45:7:   required from ‘class Eigen::Array<double, -1, 1>’
/usr/local/lib/R/site-library/RcppEigen/include/Eigen/src/Core/SelfCwiseBinaryOp.h:27:67:   required from ‘Derived& Eigen::ArrayBase<Derived>::operator+=(const Scalar&) [with Derived = Eigen::ArrayWrapper<Eigen::Diagonal<Eigen::Matrix<double, -1, -1>, 0> >; Eigen::ArrayBase<Derived>::Scalar = double]’
../inst/include/RcppML/project.hpp:122:31:   required from here
/usr/local/lib/R/site-library/RcppEigen/include/Eigen/src/Core/DenseCoeffsBase.h:56:30: warning: ignoring attributes on template argument ‘Eigen::internal::packet_traits<double>::type’ {aka ‘__m128d’} [-Wignored-attributes]
In file included from /usr/local/lib/R/site-library/RcppEigen/include/Eigen/Core:277,
                 from /usr/local/lib/R/site-library/RcppEigen/include/Eigen/Dense:1,
                 from /usr/local/lib/R/site-library/RcppEigen/include/RcppEigenForward.h:28,
                 from /usr/local/lib/R/site-library/RcppEigen/include/RcppEigen.h:25,
                 from ../inst/include/RcppMLCommon.hpp:36,
                 from ../inst/include/RcppML.hpp:11,
                 from RcppFunctions.cpp:8:
/usr/local/lib/R/site-library/RcppEigen/include/Eigen/src/Core/CoreEvaluators.h: In instantiation of ‘struct Eigen::internal::evaluator<Eigen::Block<Eigen::Matrix<double, -1, -1>, -1, 1, true> >’:
/usr/local/lib/R/site-library/RcppEigen/include/Eigen/src/Core/CoreEvaluators.h:1384:41:   required from ‘struct Eigen::internal::evaluator_wrapper_base<Eigen::ArrayWrapper<Eigen::Block<Eigen::Matrix<double, -1, -1>, -1, 1, true> > >’
/usr/local/lib/R/site-library/RcppEigen/include/Eigen/src/Core/CoreEvaluators.h:1464:8:   required from ‘struct Eigen::internal::unary_evaluator<Eigen::ArrayWrapper<Eigen::Block<Eigen::Matrix<double, -1, -1>, -1, 1, true> >, Eigen::internal::IndexBased, double>’
/usr/local/lib/R/site-library/RcppEigen/include/Eigen/src/Core/CoreEvaluators.h:90:8:   required from ‘struct Eigen::internal::evaluator<Eigen::ArrayWrapper<Eigen::Block<Eigen::Matrix<double, -1, -1>, -1, 1, true> > >’
/usr/local/lib/R/site-library/RcppEigen/include/Eigen/src/Core/CoreEvaluators.h:100:8:   required from ‘struct Eigen::internal::evaluator<const Eigen::ArrayWrapper<Eigen::Block<Eigen::Matrix<double, -1, -1>, -1, 1, true> > >’
/usr/local/lib/R/site-library/RcppEigen/include/Eigen/src/Core/CoreEvaluators.h:739:41:   required from ‘struct Eigen::internal::binary_evaluator<Eigen::CwiseBinaryOp<Eigen::internal::scalar_cmp_op<double, double, Eigen::internal::cmp_LT>, const Eigen::ArrayWrapper<Eigen::Block<Eigen::Matrix<double, -1, -1>, -1, 1, true> >, const Eigen::CwiseNullaryOp<Eigen::internal::scalar_constant_op<double>, Eigen::Array<double, -1, 1> > >, Eigen::internal::IndexBased, Eigen::internal::IndexBased, double, double>’
/usr/local/lib/R/site-library/RcppEigen/include/Eigen/src/Core/CoreEvaluators.h:722:8:   required from ‘struct Eigen::internal::evaluator<Eigen::CwiseBinaryOp<Eigen::internal::scalar_cmp_op<double, double, Eigen::internal::cmp_LT>, const Eigen::ArrayWrapper<Eigen::Block<Eigen::Matrix<double, -1, -1>, -1, 1, true> >, const Eigen::CwiseNullaryOp<Eigen::internal::scalar_constant_op<double>, Eigen::Array<double, -1, 1> > > >’
/usr/local/lib/R/site-library/RcppEigen/include/Eigen/src/Core/BooleanRedux.h:108:50:   required from ‘bool Eigen::DenseBase<Derived>::any() const [with Derived = Eigen::CwiseBinaryOp<Eigen::internal::scalar_cmp_op<double, double, Eigen::internal::cmp_LT>, const Eigen::ArrayWrapper<Eigen::Block<Eigen::Matrix<double, -1, -1>, -1, 1, true> >, const Eigen::CwiseNullaryOp<Eigen::internal::scalar_constant_op<double>, Eigen::Array<double, -1, 1> > >]’
../inst/include/RcppML/project.hpp:134:49:   required from here
/usr/local/lib/R/site-library/RcppEigen/include/Eigen/src/Core/CoreEvaluators.h:1071:54: warning: ignoring attributes on template argument ‘Eigen::internal::packet_traits<double>::type’ {aka ‘__m128d’} [-Wignored-attributes]
 1071 |     PacketAlignment = unpacket_traits<PacketScalar>::alignment,
      |                                                      ^~~~~~~~~
In file included from /usr/local/lib/R/site-library/RcppEigen/include/Eigen/Core:271,
                 from /usr/local/lib/R/site-library/RcppEigen/include/Eigen/Dense:1,
                 from /usr/local/lib/R/site-library/RcppEigen/include/RcppEigenForward.h:28,
                 from /usr/local/lib/R/site-library/RcppEigen/include/RcppEigen.h:25,
                 from ../inst/include/RcppMLCommon.hpp:36,
                 from ../inst/include/RcppML.hpp:11,
                 from RcppFunctions.cpp:8:
/usr/local/lib/R/site-library/RcppEigen/include/Eigen/src/Core/DenseCoeffsBase.h: In instantiation of ‘class Eigen::DenseCoeffsBase<Eigen::Array<double, -1, -1>, 0>’:
/usr/local/lib/R/site-library/RcppEigen/include/Eigen/src/Core/DenseCoeffsBase.h:302:7:   required from ‘class Eigen::DenseCoeffsBase<Eigen::Array<double, -1, -1>, 1>’
/usr/local/lib/R/site-library/RcppEigen/include/Eigen/src/Core/DenseCoeffsBase.h:555:7:   required from ‘class Eigen::DenseCoeffsBase<Eigen::Array<double, -1, -1>, 3>’
/usr/local/lib/R/site-library/RcppEigen/include/Eigen/src/Core/DenseBase.h:41:34:   required from ‘class Eigen::DenseBase<Eigen::Array<double, -1, -1> >’
/usr/local/lib/R/site-library/RcppEigen/include/Eigen/src/Core/ArrayBase.h:39:34:   required from ‘class Eigen::ArrayBase<Eigen::Array<double, -1, -1> >’
/usr/local/lib/R/site-library/RcppEigen/include/Eigen/src/Core/PlainObjectBase.h:98:7:   required from ‘class Eigen::PlainObjectBase<Eigen::Array<double, -1, -1> >’
/usr/local/lib/R/site-library/RcppEigen/include/Eigen/src/Core/Array.h:45:7:   required from ‘class Eigen::Array<double, -1, -1>’
/usr/local/lib/R/site-library/RcppEigen/include/Eigen/src/Core/SelfCwiseBinaryOp.h:34:67:   required from ‘Derived& Eigen::ArrayBase<Derived>::operator-=(const Scalar&) [with Derived = Eigen::ArrayWrapper<Eigen::Matrix<double, -1, -1> >; Eigen::ArrayBase<Derived>::Scalar = double]’
../inst/include/RcppML/project.hpp:247:31:   required from here
/usr/local/lib/R/site-library/RcppEigen/include/Eigen/src/Core/DenseCoeffsBase.h:56:30: warning: ignoring attributes on template argument ‘Eigen::internal::packet_traits<double>::type’ {aka ‘__m128d’} [-Wignored-attributes]
   56 |                      >::type PacketReturnType;
      |                              ^~~~~~~~~~~~~~~~
/usr/local/lib/R/site-library/RcppEigen/include/Eigen/src/Core/DenseCoeffsBase.h: In instantiation of ‘class Eigen::DenseCoeffsBase<Eigen::CwiseNullaryOp<Eigen::internal::scalar_constant_op<double>, Eigen::Array<double, -1, -1> >, 0>’:
/usr/local/lib/R/site-library/RcppEigen/include/Eigen/src/Core/DenseBase.h:41:34:   required from ‘class Eigen::DenseBase<Eigen::CwiseNullaryOp<Eigen::internal::scalar_constant_op<double>, Eigen::Array<double, -1, -1> > >’
/usr/local/lib/R/site-library/RcppEigen/include/Eigen/src/Core/ArrayBase.h:39:34:   required from ‘class Eigen::ArrayBase<Eigen::CwiseNullaryOp<Eigen::internal::scalar_constant_op<double>, Eigen::Array<double, -1, -1> > >’
/usr/local/lib/R/site-library/RcppEigen/include/Eigen/src/Core/CwiseNullaryOp.h:60:7:   required from ‘class Eigen::CwiseNullaryOp<Eigen::internal::scalar_constant_op<double>, Eigen::Array<double, -1, -1> >’
/usr/local/lib/R/site-library/RcppEigen/include/Eigen/src/Core/SelfCwiseBinaryOp.h:34:67:   required from ‘Derived& Eigen::ArrayBase<Derived>::operator-=(const Scalar&) [with Derived = Eigen::ArrayWrapper<Eigen::Matrix<double, -1, -1> >; Eigen::ArrayBase<Derived>::Scalar = double]’
../inst/include/RcppML/project.hpp:247:31:   required from here
/usr/local/lib/R/site-library/RcppEigen/include/Eigen/src/Core/DenseCoeffsBase.h:56:30: warning: ignoring attributes on template argument ‘Eigen::internal::packet_traits<double>::type’ {aka ‘__m128d’} [-Wignored-attributes]
/usr/local/lib/R/site-library/RcppEigen/include/Eigen/src/Core/DenseCoeffsBase.h: In instantiation of ‘class Eigen::DenseCoeffsBase<Eigen::CwiseNullaryOp<Eigen::internal::scalar_constant_op<double>, Eigen::Matrix<double, -1, -1> >, 0>’:
/usr/local/lib/R/site-library/RcppEigen/include/Eigen/src/Core/DenseBase.h:41:34:   required from ‘class Eigen::DenseBase<Eigen::CwiseNullaryOp<Eigen::internal::scalar_constant_op<double>, Eigen::Matrix<double, -1, -1> > >’
/usr/local/lib/R/site-library/RcppEigen/include/Eigen/src/Core/MatrixBase.h:48:34:   required from ‘class Eigen::MatrixBase<Eigen::CwiseNullaryOp<Eigen::internal::scalar_constant_op<double>, Eigen::Matrix<double, -1, -1> > >’
/usr/local/lib/R/site-library/RcppEigen/include/Eigen/src/Core/CwiseNullaryOp.h:60:7:   required from ‘class Eigen::CwiseNullaryOp<Eigen::internal::scalar_constant_op<double>, Eigen::Matrix<double, -1, -1> >’
/usr/local/lib/R/site-library/RcppEigen/include/Eigen/src/Core/CwiseNullaryOp.h:347:30:   required from ‘Derived& Eigen::DenseBase<Derived>::setConstant(const Scalar&) [with Derived = Eigen::Matrix<double, -1, -1>; Eigen::DenseBase<Derived>::Scalar = double]’
/usr/local/lib/R/site-library/RcppEigen/include/Eigen/src/Core/CwiseNullaryOp.h:548:10:   required from ‘Derived& Eigen::DenseBase<Derived>::setZero() [with Derived = Eigen::Matrix<double, -1, -1>]’
../inst/include/RcppML/project.hpp:97:14:   required from here
/usr/local/lib/R/site-library/RcppEigen/include/Eigen/src/Core/DenseCoeffsBase.h:56:30: warning: ignoring attributes on template argument ‘Eigen::internal::packet_traits<double>::type’ {aka ‘__m128d’} [-Wignored-attributes]
/usr/local/lib/R/site-library/RcppEigen/include/Eigen/src/Core/DenseCoeffsBase.h: In instantiation of ‘class Eigen::DenseCoeffsBase<Eigen::Block<Eigen::Block<Eigen::Matrix<double, -1, -1>, -1, 1, true>, -1, 1, false>, 0>’:
/usr/local/lib/R/site-library/RcppEigen/include/Eigen/src/Core/DenseCoeffsBase.h:302:7:   required from ‘class Eigen::DenseCoeffsBase<Eigen::Block<Eigen::Block<Eigen::Matrix<double, -1, -1>, -1, 1, true>, -1, 1, false>, 1>’
/usr/local/lib/R/site-library/RcppEigen/include/Eigen/src/Core/DenseCoeffsBase.h:555:7:   required from ‘class Eigen::DenseCoeffsBase<Eigen::Block<Eigen::Block<Eigen::Matrix<double, -1, -1>, -1, 1, true>, -1, 1, false>, 3>’
/usr/local/lib/R/site-library/RcppEigen/include/Eigen/src/Core/DenseBase.h:41:34:   required from ‘class Eigen::DenseBase<Eigen::Block<Eigen::Block<Eigen::Matrix<double, -1, -1>, -1, 1, true>, -1, 1, false> >’
/usr/local/lib/R/site-library/RcppEigen/include/Eigen/src/Core/MatrixBase.h:48:34:   required from ‘class Eigen::MatrixBase<Eigen::Block<Eigen::Block<Eigen::Matrix<double, -1, -1>, -1, 1, true>, -1, 1, false> >’
/usr/local/lib/R/site-library/RcppEigen/include/Eigen/src/Core/MapBase.h:37:34:   required from ‘class Eigen::MapBase<Eigen::Block<Eigen::Block<Eigen::Matrix<double, -1, -1>, -1, 1, true>, -1, 1, false>, 0>’
/usr/local/lib/R/site-library/RcppEigen/include/Eigen/src/Core/MapBase.h:223:34:   [ skipping 3 instantiation contexts, use -ftemplate-backtrace-limit=0 to disable ]
/usr/local/lib/R/site-library/RcppEigen/include/Eigen/src/Core/Block.h:103:81:   required from ‘class Eigen::Block<Eigen::Block<Eigen::Matrix<double, -1, -1>, -1, 1, true>, -1, 1, false>’
/usr/local/lib/R/site-library/RcppEigen/include/Eigen/src/Core/VectorBlock.h:56:47:   required from ‘class Eigen::VectorBlock<Eigen::Block<Eigen::Matrix<double, -1, -1>, -1, 1, true>, -1>’
/usr/local/lib/R/site-library/RcppEigen/include/Eigen/src/Cholesky/LLT.h:448:43:   required from ‘Eigen::LLT<_MatrixType, _UpLo>& Eigen::LLT<MatrixType, UpLo>::compute(const Eigen::EigenBase<OtherDerived>&) [with InputType = Eigen::Matrix<double, -1, -1>; _MatrixType = Eigen::Matrix<double, -1, -1>; int _UpLo = 1]’
/usr/local/lib/R/site-library/RcppEigen/include/Eigen/src/Cholesky/LLT.h:109:14:   required from ‘Eigen::LLT<MatrixType, UpLo>::LLT(const Eigen::EigenBase<OtherDerived>&) [with InputType = Eigen::Matrix<double, -1, -1>; _MatrixType = Eigen::Matrix<double, -1, -1>; int _UpLo = 1]’
/usr/local/lib/R/site-library/RcppEigen/include/Eigen/src/Cholesky/LLT.h:542:10:   required from ‘const Eigen::LLT<typename Eigen::DenseBase<Derived>::PlainObject> Eigen::MatrixBase<Derived>::llt() const [with Derived = Eigen::Matrix<double, -1, -1>; typename Eigen::DenseBase<Derived>::PlainObject = Eigen::Matrix<double, -1, -1>]’
../inst/include/RcppML/project.hpp:123:51:   required from here
/usr/local/lib/R/site-library/RcppEigen/include/Eigen/src/Core/DenseCoeffsBase.h:56:30: warning: ignoring attributes on template argument ‘Eigen::internal::packet_traits<double>::type’ {aka ‘__m128d’} [-Wignored-attributes]
/usr/local/lib/R/site-library/RcppEigen/include/Eigen/src/Core/DenseCoeffsBase.h: In instantiation of ‘class Eigen::DenseCoeffsBase<Eigen::Block<Eigen::Block<Eigen::Matrix<double, -1, -1>, 1, -1, false>, 1, -1, false>, 0>’:
/usr/local/lib/R/site-library/RcppEigen/include/Eigen/src/Core/DenseCoeffsBase.h:302:7:   required from ‘class Eigen::DenseCoeffsBase<Eigen::Block<Eigen::Block<Eigen::Matrix<double, -1, -1>, 1, -1, false>, 1, -1, false>, 1>’
/usr/local/lib/R/site-library/RcppEigen/include/Eigen/src/Core/DenseCoeffsBase.h:555:7:   required from ‘class Eigen::DenseCoeffsBase<Eigen::Block<Eigen::Block<Eigen::Matrix<double, -1, -1>, 1, -1, false>, 1, -1, false>, 3>’
/usr/local/lib/R/site-library/RcppEigen/include/Eigen/src/Core/DenseBase.h:41:34:   required from ‘class Eigen::DenseBase<Eigen::Block<Eigen::Block<Eigen::Matrix<double, -1, -1>, 1, -1, false>, 1, -1, false> >’
/usr/local/lib/R/site-library/RcppEigen/include/Eigen/src/Core/MatrixBase.h:48:34:   required from ‘class Eigen::MatrixBase<Eigen::Block<Eigen::Block<Eigen::Matrix<double, -1, -1>, 1, -1, false>, 1, -1, false> >’
/usr/local/lib/R/site-library/RcppEigen/include/Eigen/src/Core/MapBase.h:37:34:   required from ‘class Eigen::MapBase<Eigen::Block<Eigen::Block<Eigen::Matrix<double, -1, -1>, 1, -1, false>, 1, -1, false>, 0>’
/usr/local/lib/R/site-library/RcppEigen/include/Eigen/src/Core/MapBase.h:223:34:   [ skipping 3 instantiation contexts, use -ftemplate-backtrace-limit=0 to disable ]
/usr/local/lib/R/site-library/RcppEigen/include/Eigen/src/Core/Block.h:103:81:   required from ‘class Eigen::Block<Eigen::Block<Eigen::Matrix<double, -1, -1>, 1, -1, false>, 1, -1, false>’
/usr/local/lib/R/site-library/RcppEigen/include/Eigen/src/Core/VectorBlock.h:56:47:   required from ‘class Eigen::VectorBlock<Eigen::Block<Eigen::Matrix<double, -1, -1>, 1, -1, false>, -1>’
/usr/local/lib/R/site-library/RcppEigen/include/Eigen/src/Cholesky/LLT.h:448:101:   required from ‘Eigen::LLT<_MatrixType, _UpLo>& Eigen::LLT<MatrixType, UpLo>::compute(const Eigen::EigenBase<OtherDerived>&) [with InputType = Eigen::Matrix<double, -1, -1>; _MatrixType = Eigen::Matrix<double, -1, -1>; int _UpLo = 1]’
/usr/local/lib/R/site-library/RcppEigen/include/Eigen/src/Cholesky/LLT.h:109:14:   required from ‘Eigen::LLT<MatrixType, UpLo>::LLT(const Eigen::EigenBase<OtherDerived>&) [with InputType = Eigen::Matrix<double, -1, -1>; _MatrixType = Eigen::Matrix<double, -1, -1>; int _UpLo = 1]’
/usr/local/lib/R/site-library/RcppEigen/include/Eigen/src/Cholesky/LLT.h:542:10:   required from ‘const Eigen::LLT<typename Eigen::DenseBase<Derived>::PlainObject> Eigen::MatrixBase<Derived>::llt() const [with Derived = Eigen::Matrix<double, -1, -1>; typename Eigen::DenseBase<Derived>::PlainObject = Eigen::Matrix<double, -1, -1>]’
../inst/include/RcppML/project.hpp:123:51:   required from here
/usr/local/lib/R/site-library/RcppEigen/include/Eigen/src/Core/DenseCoeffsBase.h:56:30: warning: ignoring attributes on template argument ‘Eigen::internal::packet_traits<double>::type’ {aka ‘__m128d’} [-Wignored-attributes]
/usr/local/lib/R/site-library/RcppEigen/include/Eigen/src/Core/DenseCoeffsBase.h: In instantiation of ‘Eigen::Index Eigen::internal::first_default_aligned(const Eigen::DenseBase<Derived>&) [with Derived = Eigen::CwiseUnaryOp<Eigen::internal::scalar_square_op<double>, const Eigen::ArrayWrapper<Eigen::Matrix<double, -1, 1> > >; Eigen::Index = long int]’:
/usr/local/lib/R/site-library/RcppEigen/include/Eigen/src/Core/Redux.h:243:63:   required from ‘static Eigen::internal::redux_impl<Func, Evaluator, 3, 0>::Scalar Eigen::internal::redux_impl<Func, Evaluator, 3, 0>::run(const Evaluator&, const Func&, const XprType&) [with XprType = Eigen::CwiseUnaryOp<Eigen::internal::scalar_square_op<double>, const Eigen::ArrayWrapper<Eigen::Matrix<double, -1, 1> > >; Func = Eigen::internal::scalar_sum_op<double, double>; Evaluator = Eigen::internal::redux_evaluator<Eigen::CwiseUnaryOp<Eigen::internal::scalar_square_op<double>, const Eigen::ArrayWrapper<Eigen::Matrix<double, -1, 1> > > >; Eigen::internal::redux_impl<Func, Evaluator, 3, 0>::Scalar = double]’
/usr/local/lib/R/site-library/RcppEigen/include/Eigen/src/Core/Redux.h:418:56:   required from ‘typename Eigen::internal::traits<T>::Scalar Eigen::DenseBase<Derived>::redux(const Func&) const [with BinaryOp = Eigen::internal::scalar_sum_op<double, double>; Derived = Eigen::CwiseUnaryOp<Eigen::internal::scalar_square_op<double>, const Eigen::ArrayWrapper<Eigen::Matrix<double, -1, 1> > >; typename Eigen::internal::traits<T>::Scalar = double]’
/usr/local/lib/R/site-library/RcppEigen/include/Eigen/src/Core/Redux.h:463:25:   required from ‘typename Eigen::internal::traits<T>::Scalar Eigen::DenseBase<Derived>::sum() const [with Derived = Eigen::CwiseUnaryOp<Eigen::internal::scalar_square_op<double>, const Eigen::ArrayWrapper<Eigen::Matrix<double, -1, 1> > >; typename Eigen::internal::traits<T>::Scalar = double]’
../inst/include/RcppML/nmf.hpp:101:47:   required from here
/usr/local/lib/R/site-library/RcppEigen/include/Eigen/src/Core/DenseCoeffsBase.h:654:74: warning: ignoring attributes on template argument ‘Eigen::internal::packet_traits<double>::type’ {aka ‘__m128d’} [-Wignored-attributes]
  654 |   return internal::first_aligned<int(unpacket_traits<DefaultPacketType>::alignment),Derived>(m);
      |                                                                          ^~~~~~~~~
/usr/local/lib/R/site-library/RcppEigen/include/Eigen/src/Core/DenseCoeffsBase.h: In instantiation of ‘Eigen::Index Eigen::internal::first_default_aligned(const Eigen::DenseBase<Derived>&) [with Derived = Eigen::Matrix<double, -1, 1>; Eigen::Index = long int]’:
/usr/local/lib/R/site-library/RcppEigen/include/Eigen/src/Core/Redux.h:243:63:   required from ‘static Eigen::internal::redux_impl<Func, Evaluator, 3, 0>::Scalar Eigen::internal::redux_impl<Func, Evaluator, 3, 0>::run(const Evaluator&, const Func&, const XprType&) [with XprType = Eigen::Matrix<double, -1, 1>; Func = Eigen::internal::scalar_sum_op<double, double>; Evaluator = Eigen::internal::redux_evaluator<Eigen::Matrix<double, -1, 1> >; Eigen::internal::redux_impl<Func, Evaluator, 3, 0>::Scalar = double]’
/usr/local/lib/R/site-library/RcppEigen/include/Eigen/src/Core/Redux.h:418:56:   required from ‘typename Eigen::internal::traits<T>::Scalar Eigen::DenseBase<Derived>::redux(const Func&) const [with BinaryOp = Eigen::internal::scalar_sum_op<double, double>; Derived = Eigen::Matrix<double, -1, 1>; typename Eigen::internal::traits<T>::Scalar = double]’
/usr/local/lib/R/site-library/RcppEigen/include/Eigen/src/Core/Redux.h:463:25:   required from ‘typename Eigen::internal::traits<T>::Scalar Eigen::DenseBase<Derived>::sum() const [with Derived = Eigen::Matrix<double, -1, 1>; typename Eigen::internal::traits<T>::Scalar = double]’
../inst/include/RcppML/nmf.hpp:134:24:   required from here
/usr/local/lib/R/site-library/RcppEigen/include/Eigen/src/Core/DenseCoeffsBase.h:654:74: warning: ignoring attributes on template argument ‘Eigen::internal::packet_traits<double>::type’ {aka ‘__m128d’} [-Wignored-attributes]
/usr/local/lib/R/site-library/RcppEigen/include/Eigen/src/Core/DenseCoeffsBase.h: In instantiation of ‘class Eigen::DenseCoeffsBase<Eigen::CwiseUnaryOp<Eigen::internal::scalar_abs_op<double>, const Eigen::Block<Eigen::Block<Eigen::Matrix<double, -1, -1>, -1, 1, true>, -1, 1, false> >, 0>’:
/usr/local/lib/R/site-library/RcppEigen/include/Eigen/src/Core/DenseBase.h:41:34:   required from ‘class Eigen::DenseBase<Eigen::CwiseUnaryOp<Eigen::internal::scalar_abs_op<double>, const Eigen::Block<Eigen::Block<Eigen::Matrix<double, -1, -1>, -1, 1, true>, -1, 1, false> > >’
/usr/local/lib/R/site-library/RcppEigen/include/Eigen/src/Core/MatrixBase.h:48:34:   required from ‘class Eigen::MatrixBase<Eigen::CwiseUnaryOp<Eigen::internal::scalar_abs_op<double>, const Eigen::Block<Eigen::Block<Eigen::Matrix<double, -1, -1>, -1, 1, true>, -1, 1, false> > >’
/usr/local/lib/R/site-library/RcppEigen/include/Eigen/src/Core/CwiseUnaryOp.h:94:7:   required from ‘class Eigen::CwiseUnaryOpImpl<Eigen::internal::scalar_abs_op<double>, const Eigen::Block<Eigen::Block<Eigen::Matrix<double, -1, -1>, -1, 1, true>, -1, 1, false>, Eigen::Dense>’
/usr/local/lib/R/site-library/RcppEigen/include/Eigen/src/Core/CwiseUnaryOp.h:55:7:   required from ‘class Eigen::CwiseUnaryOp<Eigen::internal::scalar_abs_op<double>, const Eigen::Block<Eigen::Block<Eigen::Matrix<double, -1, -1>, -1, 1, true>, -1, 1, false> >’
/usr/local/lib/R/site-library/RcppEigen/include/Eigen/src/Core/Dot.h:221:22:   required from ‘static typename Eigen::NumTraits<typename Eigen::internal::traits<T>::Scalar>::Real Eigen::internal::lpNorm_selector<Derived, 1>::run(const Eigen::MatrixBase<Derived>&) [with Derived = Eigen::Block<Eigen::Block<Eigen::Matrix<double, -1, -1>, -1, 1, true>, -1, 1, false>; typename Eigen::NumTraits<typename Eigen::internal::traits<T>::Scalar>::Real = double; typename Eigen::internal::traits<T>::Scalar = double]’
/usr/local/lib/R/site-library/RcppEigen/include/Eigen/src/Core/Dot.h:269:52:   required from ‘typename Eigen::NumTraits<typename Eigen::internal::traits<T>::Scalar>::Real Eigen::MatrixBase<Derived>::lpNorm() const [with int p = 1; Derived = Eigen::Block<Eigen::Block<Eigen::Matrix<double, -1, -1>, -1, 1, true>, -1, 1, false>; typename Eigen::NumTraits<typename Eigen::internal::traits<T>::Scalar>::Real = double; typename Eigen::internal::traits<T>::Scalar = double]’
/usr/local/lib/R/site-library/RcppEigen/include/Eigen/src/Cholesky/LLT.h:448:74:   required from ‘Eigen::LLT<_MatrixType, _UpLo>& Eigen::LLT<MatrixType, UpLo>::compute(const Eigen::EigenBase<OtherDerived>&) [with InputType = Eigen::Matrix<double, -1, -1>; _MatrixType = Eigen::Matrix<double, -1, -1>; int _UpLo = 1]’
/usr/local/lib/R/site-library/RcppEigen/include/Eigen/src/Cholesky/LLT.h:109:14:   required from ‘Eigen::LLT<MatrixType, UpLo>::LLT(const Eigen::EigenBase<OtherDerived>&) [with InputType = Eigen::Matrix<double, -1, -1>; _MatrixType = Eigen::Matrix<double, -1, -1>; int _UpLo = 1]’
/usr/local/lib/R/site-library/RcppEigen/include/Eigen/src/Cholesky/LLT.h:542:10:   required from ‘const Eigen::LLT<typename Eigen::DenseBase<Derived>::PlainObject> Eigen::MatrixBase<Derived>::llt() const [with Derived = Eigen::Matrix<double, -1, -1>; typename Eigen::DenseBase<Derived>::PlainObject = Eigen::Matrix<double, -1, -1>]’
../inst/include/RcppML/project.hpp:123:51:   required from here
/usr/local/lib/R/site-library/RcppEigen/include/Eigen/src/Core/DenseCoeffsBase.h:56:30: warning: ignoring attributes on template argument ‘Eigen::internal::packet_traits<double>::type’ {aka ‘__m128d’} [-Wignored-attributes]
   56 |                      >::type PacketReturnType;
      |                              ^~~~~~~~~~~~~~~~
/usr/local/lib/R/site-library/RcppEigen/include/Eigen/src/Core/DenseCoeffsBase.h: In instantiation of ‘class Eigen::DenseCoeffsBase<Eigen::CwiseUnaryOp<Eigen::internal::scalar_abs_op<double>, const Eigen::Block<Eigen::Block<Eigen::Matrix<double, -1, -1>, 1, -1, false>, 1, -1, false> >, 0>’:
/usr/local/lib/R/site-library/RcppEigen/include/Eigen/src/Core/DenseBase.h:41:34:   required from ‘class Eigen::DenseBase<Eigen::CwiseUnaryOp<Eigen::internal::scalar_abs_op<double>, const Eigen::Block<Eigen::Block<Eigen::Matrix<double, -1, -1>, 1, -1, false>, 1, -1, false> > >’
/usr/local/lib/R/site-library/RcppEigen/include/Eigen/src/Core/MatrixBase.h:48:34:   required from ‘class Eigen::MatrixBase<Eigen::CwiseUnaryOp<Eigen::internal::scalar_abs_op<double>, const Eigen::Block<Eigen::Block<Eigen::Matrix<double, -1, -1>, 1, -1, false>, 1, -1, false> > >’
/usr/local/lib/R/site-library/RcppEigen/include/Eigen/src/Core/CwiseUnaryOp.h:94:7:   required from ‘class Eigen::CwiseUnaryOpImpl<Eigen::internal::scalar_abs_op<double>, const Eigen::Block<Eigen::Block<Eigen::Matrix<double, -1, -1>, 1, -1, false>, 1, -1, false>, Eigen::Dense>’
/usr/local/lib/R/site-library/RcppEigen/include/Eigen/src/Core/CwiseUnaryOp.h:55:7:   required from ‘class Eigen::CwiseUnaryOp<Eigen::internal::scalar_abs_op<double>, const Eigen::Block<Eigen::Block<Eigen::Matrix<double, -1, -1>, 1, -1, false>, 1, -1, false> >’
/usr/local/lib/R/site-library/RcppEigen/include/Eigen/src/Core/Dot.h:221:22:   required from ‘static typename Eigen::NumTraits<typename Eigen::internal::traits<T>::Scalar>::Real Eigen::internal::lpNorm_selector<Derived, 1>::run(const Eigen::MatrixBase<Derived>&) [with Derived = Eigen::Block<Eigen::Block<Eigen::Matrix<double, -1, -1>, 1, -1, false>, 1, -1, false>; typename Eigen::NumTraits<typename Eigen::internal::traits<T>::Scalar>::Real = double; typename Eigen::internal::traits<T>::Scalar = double]’
/usr/local/lib/R/site-library/RcppEigen/include/Eigen/src/Core/Dot.h:269:52:   required from ‘typename Eigen::NumTraits<typename Eigen::internal::traits<T>::Scalar>::Real Eigen::MatrixBase<Derived>::lpNorm() const [with int p = 1; Derived = Eigen::Block<Eigen::Block<Eigen::Matrix<double, -1, -1>, 1, -1, false>, 1, -1, false>; typename Eigen::NumTraits<typename Eigen::internal::traits<T>::Scalar>::Real = double; typename Eigen::internal::traits<T>::Scalar = double]’
/usr/local/lib/R/site-library/RcppEigen/include/Eigen/src/Cholesky/LLT.h:448:125:   required from ‘Eigen::LLT<_MatrixType, _UpLo>& Eigen::LLT<MatrixType, UpLo>::compute(const Eigen::EigenBase<OtherDerived>&) [with InputType = Eigen::Matrix<double, -1, -1>; _MatrixType = Eigen::Matrix<double, -1, -1>; int _UpLo = 1]’
/usr/local/lib/R/site-library/RcppEigen/include/Eigen/src/Cholesky/LLT.h:109:14:   required from ‘Eigen::LLT<MatrixType, UpLo>::LLT(const Eigen::EigenBase<OtherDerived>&) [with InputType = Eigen::Matrix<double, -1, -1>; _MatrixType = Eigen::Matrix<double, -1, -1>; int _UpLo = 1]’
/usr/local/lib/R/site-library/RcppEigen/include/Eigen/src/Cholesky/LLT.h:542:10:   required from ‘const Eigen::LLT<typename Eigen::DenseBase<Derived>::PlainObject> Eigen::MatrixBase<Derived>::llt() const [with Derived = Eigen::Matrix<double, -1, -1>; typename Eigen::DenseBase<Derived>::PlainObject = Eigen::Matrix<double, -1, -1>]’
../inst/include/RcppML/project.hpp:123:51:   required from here
/usr/local/lib/R/site-library/RcppEigen/include/Eigen/src/Core/DenseCoeffsBase.h:56:30: warning: ignoring attributes on template argument ‘Eigen::internal::packet_traits<double>::type’ {aka ‘__m128d’} [-Wignored-attributes]
/usr/local/lib/R/site-library/RcppEigen/include/Eigen/src/Core/DenseCoeffsBase.h: In instantiation of ‘class Eigen::DenseCoeffsBase<Eigen::Block<Eigen::Matrix<double, -1, -1>, -1, -1, false>, 0>’:
/usr/local/lib/R/site-library/RcppEigen/include/Eigen/src/Core/DenseCoeffsBase.h:302:7:   required from ‘class Eigen::DenseCoeffsBase<Eigen::Block<Eigen::Matrix<double, -1, -1>, -1, -1, false>, 1>’
/usr/local/lib/R/site-library/RcppEigen/include/Eigen/src/Core/DenseCoeffsBase.h:555:7:   required from ‘class Eigen::DenseCoeffsBase<Eigen::Block<Eigen::Matrix<double, -1, -1>, -1, -1, false>, 3>’
/usr/local/lib/R/site-library/RcppEigen/include/Eigen/src/Core/DenseBase.h:41:34:   required from ‘class Eigen::DenseBase<Eigen::Block<Eigen::Matrix<double, -1, -1>, -1, -1, false> >’
/usr/local/lib/R/site-library/RcppEigen/include/Eigen/src/Core/MatrixBase.h:48:34:   required from ‘class Eigen::MatrixBase<Eigen::Block<Eigen::Matrix<double, -1, -1>, -1, -1, false> >’
/usr/local/lib/R/site-library/RcppEigen/include/Eigen/src/Core/MapBase.h:37:34:   required from ‘class Eigen::MapBase<Eigen::Block<Eigen::Matrix<double, -1, -1>, -1, -1, false>, 0>’
/usr/local/lib/R/site-library/RcppEigen/include/Eigen/src/Core/MapBase.h:223:34:   [ skipping 4 instantiation contexts, use -ftemplate-backtrace-limit=0 to disable ]
/usr/local/lib/R/site-library/RcppEigen/include/Eigen/src/Cholesky/LLT.h:358:41:   required from ‘static Eigen::Index Eigen::internal::llt_inplace<Scalar, 1>::blocked(MatrixType&) [with MatrixType = Eigen::Matrix<double, -1, -1>; Scalar = double; Eigen::Index = long int]’
/usr/local/lib/R/site-library/RcppEigen/include/Eigen/src/Cholesky/LLT.h:408:68:   required from ‘static bool Eigen::internal::LLT_Traits<MatrixType, 1>::inplace_decomposition(MatrixType&) [with MatrixType = Eigen::Matrix<double, -1, -1>]’
/usr/local/lib/R/site-library/RcppEigen/include/Eigen/src/Cholesky/LLT.h:456:42:   required from ‘Eigen::LLT<_MatrixType, _UpLo>& Eigen::LLT<MatrixType, UpLo>::compute(const Eigen::EigenBase<OtherDerived>&) [with InputType = Eigen::Matrix<double, -1, -1>; _MatrixType = Eigen::Matrix<double, -1, -1>; int _UpLo = 1]’
/usr/local/lib/R/site-library/RcppEigen/include/Eigen/src/Cholesky/LLT.h:109:14:   required from ‘Eigen::LLT<MatrixType, UpLo>::LLT(const Eigen::EigenBase<OtherDerived>&) [with InputType = Eigen::Matrix<double, -1, -1>; _MatrixType = Eigen::Matrix<double, -1, -1>; int _UpLo = 1]’
/usr/local/lib/R/site-library/RcppEigen/include/Eigen/src/Cholesky/LLT.h:542:10:   required from ‘const Eigen::LLT<typename Eigen::DenseBase<Derived>::PlainObject> Eigen::MatrixBase<Derived>::llt() const [with Derived = Eigen::Matrix<double, -1, -1>; typename Eigen::DenseBase<Derived>::PlainObject = Eigen::Matrix<double, -1, -1>]’
../inst/include/RcppML/project.hpp:123:51:   required from here
/usr/local/lib/R/site-library/RcppEigen/include/Eigen/src/Core/DenseCoeffsBase.h:56:30: warning: ignoring attributes on template argument ‘Eigen::internal::packet_traits<double>::type’ {aka ‘__m128d’} [-Wignored-attributes]
/usr/local/lib/R/site-library/RcppEigen/include/Eigen/src/Core/DenseCoeffsBase.h: In instantiation of ‘class Eigen::DenseCoeffsBase<Eigen::Transpose<const Eigen::Block<Eigen::Matrix<double, -1, -1>, -1, -1, false> >, 0>’:
/usr/local/lib/R/site-library/RcppEigen/include/Eigen/src/Core/DenseCoeffsBase.h:481:7:   required from ‘class Eigen::DenseCoeffsBase<Eigen::Transpose<const Eigen::Block<Eigen::Matrix<double, -1, -1>, -1, -1, false> >, 2>’
/usr/local/lib/R/site-library/RcppEigen/include/Eigen/src/Core/DenseBase.h:41:34:   required from ‘class Eigen::DenseBase<Eigen::Transpose<const Eigen::Block<Eigen::Matrix<double, -1, -1>, -1, -1, false> > >’
/usr/local/lib/R/site-library/RcppEigen/include/Eigen/src/Core/MatrixBase.h:48:34:   required from ‘class Eigen::MatrixBase<Eigen::Transpose<const Eigen::Block<Eigen::Matrix<double, -1, -1>, -1, -1, false> > >’
/usr/local/lib/R/site-library/RcppEigen/include/Eigen/src/Core/Transpose.h:118:37:   required from ‘class Eigen::TransposeImpl<const Eigen::Block<Eigen::Matrix<double, -1, -1>, -1, -1, false>, Eigen::Dense>’
/usr/local/lib/R/site-library/RcppEigen/include/Eigen/src/Core/Transpose.h:52:37:   required from ‘class Eigen::Transpose<const Eigen::Block<Eigen::Matrix<double, -1, -1>, -1, -1, false> >’
/usr/local/lib/R/site-library/RcppEigen/include/Eigen/src/Cholesky/LLT.h:364:27:   required from ‘static Eigen::Index Eigen::internal::llt_inplace<Scalar, 1>::blocked(MatrixType&) [with MatrixType = Eigen::Matrix<double, -1, -1>; Scalar = double; Eigen::Index = long int]’
/usr/local/lib/R/site-library/RcppEigen/include/Eigen/src/Cholesky/LLT.h:408:68:   required from ‘static bool Eigen::internal::LLT_Traits<MatrixType, 1>::inplace_decomposition(MatrixType&) [with MatrixType = Eigen::Matrix<double, -1, -1>]’
/usr/local/lib/R/site-library/RcppEigen/include/Eigen/src/Cholesky/LLT.h:456:42:   required from ‘Eigen::LLT<_MatrixType, _UpLo>& Eigen::LLT<MatrixType, UpLo>::compute(const Eigen::EigenBase<OtherDerived>&) [with InputType = Eigen::Matrix<double, -1, -1>; _MatrixType = Eigen::Matrix<double, -1, -1>; int _UpLo = 1]’
/usr/local/lib/R/site-library/RcppEigen/include/Eigen/src/Cholesky/LLT.h:109:14:   required from ‘Eigen::LLT<MatrixType, UpLo>::LLT(const Eigen::EigenBase<OtherDerived>&) [with InputType = Eigen::Matrix<double, -1, -1>; _MatrixType = Eigen::Matrix<double, -1, -1>; int _UpLo = 1]’
/usr/local/lib/R/site-library/RcppEigen/include/Eigen/src/Cholesky/LLT.h:542:10:   required from ‘const Eigen::LLT<typename Eigen::DenseBase<Derived>::PlainObject> Eigen::MatrixBase<Derived>::llt() const [with Derived = Eigen::Matrix<double, -1, -1>; typename Eigen::DenseBase<Derived>::PlainObject = Eigen::Matrix<double, -1, -1>]’
../inst/include/RcppML/project.hpp:123:51:   required from here
/usr/local/lib/R/site-library/RcppEigen/include/Eigen/src/Core/DenseCoeffsBase.h:56:30: warning: ignoring attributes on template argument ‘Eigen::internal::packet_traits<double>::type’ {aka ‘__m128d’} [-Wignored-attributes]
In file included from /usr/local/lib/R/site-library/RcppEigen/include/Eigen/Core:277,
                 from /usr/local/lib/R/site-library/RcppEigen/include/Eigen/Dense:1,
                 from /usr/local/lib/R/site-library/RcppEigen/include/RcppEigenForward.h:28,
                 from /usr/local/lib/R/site-library/RcppEigen/include/RcppEigen.h:25,
                 from ../inst/include/RcppMLCommon.hpp:36,
                 from ../inst/include/RcppML.hpp:11,
                 from RcppFunctions.cpp:8:
/usr/local/lib/R/site-library/RcppEigen/include/Eigen/src/Core/CoreEvaluators.h: In instantiation of ‘struct Eigen::internal::evaluator<Eigen::Block<const Eigen::Matrix<double, -1, -1>, -1, 1, true> >’:
/usr/local/lib/R/site-library/RcppEigen/include/Eigen/src/Core/CoreEvaluators.h:100:8:   required from ‘struct Eigen::internal::evaluator<const Eigen::Block<const Eigen::Matrix<double, -1, -1>, -1, 1, true> >’
/usr/local/lib/R/site-library/RcppEigen/include/Eigen/src/Core/CoreEvaluators.h:739:78:   required from ‘struct Eigen::internal::binary_evaluator<Eigen::CwiseBinaryOp<Eigen::internal::scalar_product_op<double, double>, const Eigen::CwiseNullaryOp<Eigen::internal::scalar_constant_op<double>, const Eigen::Matrix<double, -1, 1> >, const Eigen::Block<const Eigen::Matrix<double, -1, -1>, -1, 1, true> >, Eigen::internal::IndexBased, Eigen::internal::IndexBased, double, double>’
/usr/local/lib/R/site-library/RcppEigen/include/Eigen/src/Core/CoreEvaluators.h:722:8:   required from ‘struct Eigen::internal::evaluator<Eigen::CwiseBinaryOp<Eigen::internal::scalar_product_op<double, double>, const Eigen::CwiseNullaryOp<Eigen::internal::scalar_constant_op<double>, const Eigen::Matrix<double, -1, 1> >, const Eigen::Block<const Eigen::Matrix<double, -1, -1>, -1, 1, true> > >’
/usr/local/lib/R/site-library/RcppEigen/include/Eigen/src/Core/AssignEvaluator.h:774:20:   required from ‘void Eigen::internal::call_dense_assignment_loop(DstXprType&, const SrcXprType&, const Functor&) [with DstXprType = Eigen::Matrix<double, -1, 1>; SrcXprType = Eigen::CwiseBinaryOp<Eigen::internal::scalar_product_op<double, double>, const Eigen::CwiseNullaryOp<Eigen::internal::scalar_constant_op<double>, const Eigen::Matrix<double, -1, 1> >, const Eigen::Block<const Eigen::Matrix<double, -1, -1>, -1, 1, true> >; Functor = Eigen::internal::add_assign_op<double, double>]’
/usr/local/lib/R/site-library/RcppEigen/include/Eigen/src/Core/AssignEvaluator.h:954:31:   required from ‘static void Eigen::internal::Assignment<DstXprType, SrcXprType, Functor, Eigen::internal::Dense2Dense, Weak>::run(DstXprType&, const SrcXprType&, const Functor&) [with DstXprType = Eigen::Matrix<double, -1, 1>; SrcXprType = Eigen::CwiseBinaryOp<Eigen::internal::scalar_product_op<double, double>, const Eigen::CwiseNullaryOp<Eigen::internal::scalar_constant_op<double>, const Eigen::Matrix<double, -1, 1> >, const Eigen::Block<const Eigen::Matrix<double, -1, -1>, -1, 1, true> >; Functor = Eigen::internal::add_assign_op<double, double>; Weak = void]’
/usr/local/lib/R/site-library/RcppEigen/include/Eigen/src/Core/AssignEvaluator.h:890:49:   required from ‘void Eigen::internal::call_assignment_no_alias(Dst&, const Src&, const Func&) [with Dst = Eigen::Matrix<double, -1, 1>; Src = Eigen::CwiseBinaryOp<Eigen::internal::scalar_product_op<double, double>, const Eigen::CwiseNullaryOp<Eigen::internal::scalar_constant_op<double>, const Eigen::Matrix<double, -1, 1> >, const Eigen::Block<const Eigen::Matrix<double, -1, -1>, -1, 1, true> >; Func = Eigen::internal::add_assign_op<double, double>]’
/usr/local/lib/R/site-library/RcppEigen/include/Eigen/src/Core/AssignEvaluator.h:858:27:   required from ‘void Eigen::internal::call_assignment(Dst&, const Src&, const Func&, typename Eigen::internal::enable_if<(! Eigen::internal::evaluator_assume_aliasing<Src>::value), void*>::type) [with Dst = Eigen::Matrix<double, -1, 1>; Src = Eigen::CwiseBinaryOp<Eigen::internal::scalar_product_op<double, double>, const Eigen::CwiseNullaryOp<Eigen::internal::scalar_constant_op<double>, const Eigen::Matrix<double, -1, 1> >, const Eigen::Block<const Eigen::Matrix<double, -1, -1>, -1, 1, true> >; Func = Eigen::internal::add_assign_op<double, double>; typename Eigen::internal::enable_if<(! Eigen::internal::evaluator_assume_aliasing<Src>::value), void*>::type = void*; typename Eigen::internal::evaluator_traits<SrcXprType>::Shape = Eigen::DenseShape]’
/usr/local/lib/R/site-library/RcppEigen/include/Eigen/src/Core/CwiseBinaryOp.h:177:18:   required from ‘Derived& Eigen::MatrixBase<Derived>::operator+=(const Eigen::MatrixBase<OtherDerived>&) [with OtherDerived = Eigen::CwiseBinaryOp<Eigen::internal::scalar_product_op<double, double>, const Eigen::CwiseNullaryOp<Eigen::internal::scalar_constant_op<double>, const Eigen::Matrix<double, -1, 1> >, const Eigen::Block<const Eigen::Matrix<double, -1, -1>, -1, 1, true> >; Derived = Eigen::Matrix<double, -1, 1>]’
../inst/include/RcppML/project.hpp:130:43:   required from here
/usr/local/lib/R/site-library/RcppEigen/include/Eigen/src/Core/CoreEvaluators.h:1071:54: warning: ignoring attributes on template argument ‘Eigen::internal::packet_traits<double>::type’ {aka ‘__m128d’} [-Wignored-attributes]
 1071 |     PacketAlignment = unpacket_traits<PacketScalar>::alignment,
      |                                                      ^~~~~~~~~
/usr/local/lib/R/site-library/RcppEigen/include/Eigen/src/Core/CoreEvaluators.h: In instantiation of ‘struct Eigen::internal::evaluator<Eigen::Block<Eigen::Matrix<double, -1, -1>, 1, -1, false> >’:
/usr/local/lib/R/site-library/RcppEigen/include/Eigen/src/Core/AssignEvaluator.h:774:20:   required from ‘void Eigen::internal::call_dense_assignment_loop(DstXprType&, const SrcXprType&, const Functor&) [with DstXprType = Eigen::Block<Eigen::Matrix<double, -1, -1>, 1, -1, false>; SrcXprType = Eigen::Block<Eigen::Matrix<double, -1, -1>, 1, -1, false>; Functor = Eigen::internal::swap_assign_op<double>]’
/usr/local/lib/R/site-library/RcppEigen/include/Eigen/src/Core/AssignEvaluator.h:954:31:   required from ‘static void Eigen::internal::Assignment<DstXprType, SrcXprType, Functor, Eigen::internal::Dense2Dense, Weak>::run(DstXprType&, const SrcXprType&, const Functor&) [with DstXprType = Eigen::Block<Eigen::Matrix<double, -1, -1>, 1, -1, false>; SrcXprType = Eigen::Block<Eigen::Matrix<double, -1, -1>, 1, -1, false>; Functor = Eigen::internal::swap_assign_op<double>; Weak = void]’
/usr/local/lib/R/site-library/RcppEigen/include/Eigen/src/Core/AssignEvaluator.h:890:49:   required from ‘void Eigen::internal::call_assignment_no_alias(Dst&, const Src&, const Func&) [with Dst = Eigen::Block<Eigen::Matrix<double, -1, -1>, 1, -1, false>; Src = Eigen::Block<Eigen::Matrix<double, -1, -1>, 1, -1, false>; Func = Eigen::internal::swap_assign_op<double>]’
/usr/local/lib/R/site-library/RcppEigen/include/Eigen/src/Core/AssignEvaluator.h:858:27:   required from ‘void Eigen::internal::call_assignment(Dst&, const Src&, const Func&, typename Eigen::internal::enable_if<(! Eigen::internal::evaluator_assume_aliasing<Src>::value), void*>::type) [with Dst = Eigen::Block<Eigen::Matrix<double, -1, -1>, 1, -1, false>; Src = Eigen::Block<Eigen::Matrix<double, -1, -1>, 1, -1, false>; Func = Eigen::internal::swap_assign_op<double>; typename Eigen::internal::enable_if<(! Eigen::internal::evaluator_assume_aliasing<Src>::value), void*>::type = void*; typename Eigen::internal::evaluator_traits<SrcXprType>::Shape = Eigen::DenseShape]’
/usr/local/lib/R/site-library/RcppEigen/include/Eigen/src/Core/DenseBase.h:424:22:   required from ‘void Eigen::DenseBase<Derived>::swap(const Eigen::DenseBase<OtherDerived>&) [with OtherDerived = Eigen::Block<Eigen::Matrix<double, -1, -1>, 1, -1, false>; Derived = Eigen::Block<Eigen::Matrix<double, -1, -1>, 1, -1, false>]’
../inst/include/RcppML/nmf.hpp:139:22:   required from here
/usr/local/lib/R/site-library/RcppEigen/include/Eigen/src/Core/CoreEvaluators.h:1071:54: warning: ignoring attributes on template argument ‘Eigen::internal::packet_traits<double>::type’ {aka ‘__m128d’} [-Wignored-attributes]
/usr/local/lib/R/site-library/RcppEigen/include/Eigen/src/Core/CoreEvaluators.h: In instantiation of ‘struct Eigen::internal::evaluator<Eigen::Block<const Eigen::Matrix<double, -1, -1>, 1, -1, false> >’:
/usr/local/lib/R/site-library/RcppEigen/include/Eigen/src/Core/AssignEvaluator.h:774:20:   required from ‘void Eigen::internal::call_dense_assignment_loop(DstXprType&, const SrcXprType&, const Functor&) [with DstXprType = Eigen::Block<Eigen::Matrix<double, -1, -1>, 1, -1, false>; SrcXprType = Eigen::Block<const Eigen::Matrix<double, -1, -1>, 1, -1, false>; Functor = Eigen::internal::assign_op<double, double>]’
/usr/local/lib/R/site-library/RcppEigen/include/Eigen/src/Core/AssignEvaluator.h:954:31:   required from ‘static void Eigen::internal::Assignment<DstXprType, SrcXprType, Functor, Eigen::internal::Dense2Dense, Weak>::run(DstXprType&, const SrcXprType&, const Functor&) [with DstXprType = Eigen::Block<Eigen::Matrix<double, -1, -1>, 1, -1, false>; SrcXprType = Eigen::Block<const Eigen::Matrix<double, -1, -1>, 1, -1, false>; Functor = Eigen::internal::assign_op<double, double>; Weak = void]’
/usr/local/lib/R/site-library/RcppEigen/include/Eigen/src/Core/AssignEvaluator.h:890:49:   required from ‘void Eigen::internal::call_assignment_no_alias(Dst&, const Src&, const Func&) [with Dst = Eigen::Block<Eigen::Matrix<double, -1, -1>, 1, -1, false>; Src = Eigen::Block<const Eigen::Matrix<double, -1, -1>, 1, -1, false>; Func = Eigen::internal::assign_op<double, double>]’
/usr/local/lib/R/site-library/RcppEigen/include/Eigen/src/Core/AssignEvaluator.h:858:27:   required from ‘void Eigen::internal::call_assignment(Dst&, const Src&, const Func&, typename Eigen::internal::enable_if<(! Eigen::internal::evaluator_assume_aliasing<Src>::value), void*>::type) [with Dst = Eigen::Block<Eigen::Matrix<double, -1, -1>, 1, -1, false>; Src = Eigen::Block<const Eigen::Matrix<double, -1, -1>, 1, -1, false>; Func = Eigen::internal::assign_op<double, double>; typename Eigen::internal::enable_if<(! Eigen::internal::evaluator_assume_aliasing<Src>::value), void*>::type = void*; typename Eigen::internal::evaluator_traits<SrcXprType>::Shape = Eigen::DenseShape]’
/usr/local/lib/R/site-library/RcppEigen/include/Eigen/src/Core/AssignEvaluator.h:836:18:   required from ‘void Eigen::internal::call_assignment(Dst&, const Src&) [with Dst = Eigen::Block<Eigen::Matrix<double, -1, -1>, 1, -1, false>; Src = Eigen::Block<const Eigen::Matrix<double, -1, -1>, 1, -1, false>]’
/usr/local/lib/R/site-library/RcppEigen/include/Eigen/src/Core/Assign.h:66:28:   required from ‘Derived& Eigen::MatrixBase<Derived>::operator=(const Eigen::DenseBase<OtherDerived>&) [with OtherDerived = Eigen::Block<const Eigen::Matrix<double, -1, -1>, 1, -1, false>; Derived = Eigen::Block<Eigen::Matrix<double, -1, -1>, 1, -1, false>]’
../inst/include/RcppML/bits.hpp:103:38:   required from here
/usr/local/lib/R/site-library/RcppEigen/include/Eigen/src/Core/CoreEvaluators.h:1071:54: warning: ignoring attributes on template argument ‘Eigen::internal::packet_traits<double>::type’ {aka ‘__m128d’} [-Wignored-attributes]
In file included from /usr/local/lib/R/site-library/RcppEigen/include/Eigen/Core:271,
                 from /usr/local/lib/R/site-library/RcppEigen/include/Eigen/Dense:1,
                 from /usr/local/lib/R/site-library/RcppEigen/include/RcppEigenForward.h:28,
                 from /usr/local/lib/R/site-library/RcppEigen/include/RcppEigen.h:25,
                 from ../inst/include/RcppMLCommon.hpp:36,
                 from ../inst/include/RcppML.hpp:11,
                 from RcppFunctions.cpp:8:
/usr/local/lib/R/site-library/RcppEigen/include/Eigen/src/Core/DenseCoeffsBase.h: In instantiation of ‘class Eigen::DenseCoeffsBase<Eigen::Block<Eigen::Matrix<double, -1, -1>, -1, 1, false>, 0>’:
/usr/local/lib/R/site-library/RcppEigen/include/Eigen/src/Core/DenseCoeffsBase.h:302:7:   required from ‘class Eigen::DenseCoeffsBase<Eigen::Block<Eigen::Matrix<double, -1, -1>, -1, 1, false>, 1>’
/usr/local/lib/R/site-library/RcppEigen/include/Eigen/src/Core/DenseCoeffsBase.h:555:7:   required from ‘class Eigen::DenseCoeffsBase<Eigen::Block<Eigen::Matrix<double, -1, -1>, -1, 1, false>, 3>’
/usr/local/lib/R/site-library/RcppEigen/include/Eigen/src/Core/DenseBase.h:41:34:   required from ‘class Eigen::DenseBase<Eigen::Block<Eigen::Matrix<double, -1, -1>, -1, 1, false> >’
/usr/local/lib/R/site-library/RcppEigen/include/Eigen/src/Core/MatrixBase.h:48:34:   required from ‘class Eigen::MatrixBase<Eigen::Block<Eigen::Matrix<double, -1, -1>, -1, 1, false> >’
/usr/local/lib/R/site-library/RcppEigen/include/Eigen/src/Core/MapBase.h:37:34:   required from ‘class Eigen::MapBase<Eigen::Block<Eigen::Matrix<double, -1, -1>, -1, 1, false>, 0>’
/usr/local/lib/R/site-library/RcppEigen/include/Eigen/src/Core/MapBase.h:223:34:   [ skipping 5 instantiation contexts, use -ftemplate-backtrace-limit=0 to disable ]
/usr/local/lib/R/site-library/RcppEigen/include/Eigen/src/Cholesky/LLT.h:344:23:   required from ‘static Eigen::Index Eigen::internal::llt_inplace<Scalar, 1>::blocked(MatrixType&) [with MatrixType = Eigen::Matrix<double, -1, -1>; Scalar = double; Eigen::Index = long int]’
/usr/local/lib/R/site-library/RcppEigen/include/Eigen/src/Cholesky/LLT.h:408:68:   required from ‘static bool Eigen::internal::LLT_Traits<MatrixType, 1>::inplace_decomposition(MatrixType&) [with MatrixType = Eigen::Matrix<double, -1, -1>]’
/usr/local/lib/R/site-library/RcppEigen/include/Eigen/src/Cholesky/LLT.h:456:42:   required from ‘Eigen::LLT<_MatrixType, _UpLo>& Eigen::LLT<MatrixType, UpLo>::compute(const Eigen::EigenBase<OtherDerived>&) [with InputType = Eigen::Matrix<double, -1, -1>; _MatrixType = Eigen::Matrix<double, -1, -1>; int _UpLo = 1]’
/usr/local/lib/R/site-library/RcppEigen/include/Eigen/src/Cholesky/LLT.h:109:14:   required from ‘Eigen::LLT<MatrixType, UpLo>::LLT(const Eigen::EigenBase<OtherDerived>&) [with InputType = Eigen::Matrix<double, -1, -1>; _MatrixType = Eigen::Matrix<double, -1, -1>; int _UpLo = 1]’
/usr/local/lib/R/site-library/RcppEigen/include/Eigen/src/Cholesky/LLT.h:542:10:   required from ‘const Eigen::LLT<typename Eigen::DenseBase<Derived>::PlainObject> Eigen::MatrixBase<Derived>::llt() const [with Derived = Eigen::Matrix<double, -1, -1>; typename Eigen::DenseBase<Derived>::PlainObject = Eigen::Matrix<double, -1, -1>]’
../inst/include/RcppML/project.hpp:123:51:   required from here
/usr/local/lib/R/site-library/RcppEigen/include/Eigen/src/Core/DenseCoeffsBase.h:56:30: warning: ignoring attributes on template argument ‘Eigen::internal::packet_traits<double>::type’ {aka ‘__m128d’} [-Wignored-attributes]
   56 |                      >::type PacketReturnType;
      |                              ^~~~~~~~~~~~~~~~
/usr/local/lib/R/site-library/RcppEigen/include/Eigen/src/Core/DenseCoeffsBase.h: In instantiation of ‘class Eigen::DenseCoeffsBase<Eigen::Transpose<const Eigen::Block<Eigen::Matrix<double, -1, -1>, 1, -1, false> >, 0>’:
/usr/local/lib/R/site-library/RcppEigen/include/Eigen/src/Core/DenseCoeffsBase.h:481:7:   required from ‘class Eigen::DenseCoeffsBase<Eigen::Transpose<const Eigen::Block<Eigen::Matrix<double, -1, -1>, 1, -1, false> >, 2>’
/usr/local/lib/R/site-library/RcppEigen/include/Eigen/src/Core/DenseBase.h:41:34:   required from ‘class Eigen::DenseBase<Eigen::Transpose<const Eigen::Block<Eigen::Matrix<double, -1, -1>, 1, -1, false> > >’
/usr/local/lib/R/site-library/RcppEigen/include/Eigen/src/Core/MatrixBase.h:48:34:   required from ‘class Eigen::MatrixBase<Eigen::Transpose<const Eigen::Block<Eigen::Matrix<double, -1, -1>, 1, -1, false> > >’
/usr/local/lib/R/site-library/RcppEigen/include/Eigen/src/Core/Transpose.h:118:37:   required from ‘class Eigen::TransposeImpl<const Eigen::Block<Eigen::Matrix<double, -1, -1>, 1, -1, false>, Eigen::Dense>’
/usr/local/lib/R/site-library/RcppEigen/include/Eigen/src/Core/Transpose.h:52:37:   [ skipping 2 instantiation contexts, use -ftemplate-backtrace-limit=0 to disable ]
/usr/local/lib/R/site-library/RcppEigen/include/Eigen/src/Cholesky/LLT.h:344:23:   required from ‘static Eigen::Index Eigen::internal::llt_inplace<Scalar, 1>::blocked(MatrixType&) [with MatrixType = Eigen::Matrix<double, -1, -1>; Scalar = double; Eigen::Index = long int]’
/usr/local/lib/R/site-library/RcppEigen/include/Eigen/src/Cholesky/LLT.h:408:68:   required from ‘static bool Eigen::internal::LLT_Traits<MatrixType, 1>::inplace_decomposition(MatrixType&) [with MatrixType = Eigen::Matrix<double, -1, -1>]’
/usr/local/lib/R/site-library/RcppEigen/include/Eigen/src/Cholesky/LLT.h:456:42:   required from ‘Eigen::LLT<_MatrixType, _UpLo>& Eigen::LLT<MatrixType, UpLo>::compute(const Eigen::EigenBase<OtherDerived>&) [with InputType = Eigen::Matrix<double, -1, -1>; _MatrixType = Eigen::Matrix<double, -1, -1>; int _UpLo = 1]’
/usr/local/lib/R/site-library/RcppEigen/include/Eigen/src/Cholesky/LLT.h:109:14:   required from ‘Eigen::LLT<MatrixType, UpLo>::LLT(const Eigen::EigenBase<OtherDerived>&) [with InputType = Eigen::Matrix<double, -1, -1>; _MatrixType = Eigen::Matrix<double, -1, -1>; int _UpLo = 1]’
/usr/local/lib/R/site-library/RcppEigen/include/Eigen/src/Cholesky/LLT.h:542:10:   required from ‘const Eigen::LLT<typename Eigen::DenseBase<Derived>::PlainObject> Eigen::MatrixBase<Derived>::llt() const [with Derived = Eigen::Matrix<double, -1, -1>; typename Eigen::DenseBase<Derived>::PlainObject = Eigen::Matrix<double, -1, -1>]’
../inst/include/RcppML/project.hpp:123:51:   required from here
/usr/local/lib/R/site-library/RcppEigen/include/Eigen/src/Core/DenseCoeffsBase.h:56:30: warning: ignoring attributes on template argument ‘Eigen::internal::packet_traits<double>::type’ {aka ‘__m128d’} [-Wignored-attributes]
/usr/local/lib/R/site-library/RcppEigen/include/Eigen/src/Core/DenseCoeffsBase.h: In instantiation of ‘class Eigen::DenseCoeffsBase<Eigen::Product<Eigen::Block<Eigen::Matrix<double, -1, -1>, -1, -1, false>, Eigen::Transpose<const Eigen::Block<Eigen::Matrix<double, -1, -1>, 1, -1, false> >, 0>, 0>’:
/usr/local/lib/R/site-library/RcppEigen/include/Eigen/src/Core/DenseBase.h:41:34:   required from ‘class Eigen::DenseBase<Eigen::Product<Eigen::Block<Eigen::Matrix<double, -1, -1>, -1, -1, false>, Eigen::Transpose<const Eigen::Block<Eigen::Matrix<double, -1, -1>, 1, -1, false> >, 0> >’
/usr/local/lib/R/site-library/RcppEigen/include/Eigen/src/Core/MatrixBase.h:48:34:   required from ‘class Eigen::MatrixBase<Eigen::Product<Eigen::Block<Eigen::Matrix<double, -1, -1>, -1, -1, false>, Eigen::Transpose<const Eigen::Block<Eigen::Matrix<double, -1, -1>, 1, -1, false> >, 0> >’
/usr/local/lib/R/site-library/RcppEigen/include/Eigen/src/Core/Product.h:120:7:   required from ‘class Eigen::internal::dense_product_base<Eigen::Block<Eigen::Matrix<double, -1, -1>, -1, -1, false>, Eigen::Transpose<const Eigen::Block<Eigen::Matrix<double, -1, -1>, 1, -1, false> >, 0, 7>’
/usr/local/lib/R/site-library/RcppEigen/include/Eigen/src/Core/Product.h:152:7:   required from ‘class Eigen::ProductImpl<Eigen::Block<Eigen::Matrix<double, -1, -1>, -1, -1, false>, Eigen::Transpose<const Eigen::Block<Eigen::Matrix<double, -1, -1>, 1, -1, false> >, 0, Eigen::Dense>’
/usr/local/lib/R/site-library/RcppEigen/include/Eigen/src/Core/Product.h:71:7:   [ skipping 2 instantiation contexts, use -ftemplate-backtrace-limit=0 to disable ]
/usr/local/lib/R/site-library/RcppEigen/include/Eigen/src/Cholesky/LLT.h:344:23:   required from ‘static Eigen::Index Eigen::internal::llt_inplace<Scalar, 1>::blocked(MatrixType&) [with MatrixType = Eigen::Matrix<double, -1, -1>; Scalar = double; Eigen::Index = long int]’
/usr/local/lib/R/site-library/RcppEigen/include/Eigen/src/Cholesky/LLT.h:408:68:   required from ‘static bool Eigen::internal::LLT_Traits<MatrixType, 1>::inplace_decomposition(MatrixType&) [with MatrixType = Eigen::Matrix<double, -1, -1>]’
/usr/local/lib/R/site-library/RcppEigen/include/Eigen/src/Cholesky/LLT.h:456:42:   required from ‘Eigen::LLT<_MatrixType, _UpLo>& Eigen::LLT<MatrixType, UpLo>::compute(const Eigen::EigenBase<OtherDerived>&) [with InputType = Eigen::Matrix<double, -1, -1>; _MatrixType = Eigen::Matrix<double, -1, -1>; int _UpLo = 1]’
/usr/local/lib/R/site-library/RcppEigen/include/Eigen/src/Cholesky/LLT.h:109:14:   required from ‘Eigen::LLT<MatrixType, UpLo>::LLT(const Eigen::EigenBase<OtherDerived>&) [with InputType = Eigen::Matrix<double, -1, -1>; _MatrixType = Eigen::Matrix<double, -1, -1>; int _UpLo = 1]’
/usr/local/lib/R/site-library/RcppEigen/include/Eigen/src/Cholesky/LLT.h:542:10:   required from ‘const Eigen::LLT<typename Eigen::DenseBase<Derived>::PlainObject> Eigen::MatrixBase<Derived>::llt() const [with Derived = Eigen::Matrix<double, -1, -1>; typename Eigen::DenseBase<Derived>::PlainObject = Eigen::Matrix<double, -1, -1>]’
../inst/include/RcppML/project.hpp:123:51:   required from here
/usr/local/lib/R/site-library/RcppEigen/include/Eigen/src/Core/DenseCoeffsBase.h:56:30: warning: ignoring attributes on template argument ‘Eigen::internal::packet_traits<double>::type’ {aka ‘__m128d’} [-Wignored-attributes]
/usr/local/lib/R/site-library/RcppEigen/include/Eigen/src/Core/DenseCoeffsBase.h: In instantiation of ‘class Eigen::DenseCoeffsBase<Eigen::Block<Eigen::Block<Eigen::Matrix<double, -1, -1>, -1, -1, false>, -1, 1, false>, 0>’:
/usr/local/lib/R/site-library/RcppEigen/include/Eigen/src/Core/DenseCoeffsBase.h:302:7:   required from ‘class Eigen::DenseCoeffsBase<Eigen::Block<Eigen::Block<Eigen::Matrix<double, -1, -1>, -1, -1, false>, -1, 1, false>, 1>’
/usr/local/lib/R/site-library/RcppEigen/include/Eigen/src/Core/DenseCoeffsBase.h:555:7:   required from ‘class Eigen::DenseCoeffsBase<Eigen::Block<Eigen::Block<Eigen::Matrix<double, -1, -1>, -1, -1, false>, -1, 1, false>, 3>’
/usr/local/lib/R/site-library/RcppEigen/include/Eigen/src/Core/DenseBase.h:41:34:   required from ‘class Eigen::DenseBase<Eigen::Block<Eigen::Block<Eigen::Matrix<double, -1, -1>, -1, -1, false>, -1, 1, false> >’
/usr/local/lib/R/site-library/RcppEigen/include/Eigen/src/Core/MatrixBase.h:48:34:   required from ‘class Eigen::MatrixBase<Eigen::Block<Eigen::Block<Eigen::Matrix<double, -1, -1>, -1, -1, false>, -1, 1, false> >’
/usr/local/lib/R/site-library/RcppEigen/include/Eigen/src/Core/MapBase.h:37:34:   required from ‘class Eigen::MapBase<Eigen::Block<Eigen::Block<Eigen::Matrix<double, -1, -1>, -1, -1, false>, -1, 1, false>, 0>’
/usr/local/lib/R/site-library/RcppEigen/include/Eigen/src/Core/MapBase.h:223:34:   [ skipping 5 instantiation contexts, use -ftemplate-backtrace-limit=0 to disable ]
/usr/local/lib/R/site-library/RcppEigen/include/Eigen/src/Cholesky/LLT.h:363:24:   required from ‘static Eigen::Index Eigen::internal::llt_inplace<Scalar, 1>::blocked(MatrixType&) [with MatrixType = Eigen::Matrix<double, -1, -1>; Scalar = double; Eigen::Index = long int]’
/usr/local/lib/R/site-library/RcppEigen/include/Eigen/src/Cholesky/LLT.h:408:68:   required from ‘static bool Eigen::internal::LLT_Traits<MatrixType, 1>::inplace_decomposition(MatrixType&) [with MatrixType = Eigen::Matrix<double, -1, -1>]’
/usr/local/lib/R/site-library/RcppEigen/include/Eigen/src/Cholesky/LLT.h:456:42:   required from ‘Eigen::LLT<_MatrixType, _UpLo>& Eigen::LLT<MatrixType, UpLo>::compute(const Eigen::EigenBase<OtherDerived>&) [with InputType = Eigen::Matrix<double, -1, -1>; _MatrixType = Eigen::Matrix<double, -1, -1>; int _UpLo = 1]’
/usr/local/lib/R/site-library/RcppEigen/include/Eigen/src/Cholesky/LLT.h:109:14:   required from ‘Eigen::LLT<MatrixType, UpLo>::LLT(const Eigen::EigenBase<OtherDerived>&) [with InputType = Eigen::Matrix<double, -1, -1>; _MatrixType = Eigen::Matrix<double, -1, -1>; int _UpLo = 1]’
/usr/local/lib/R/site-library/RcppEigen/include/Eigen/src/Cholesky/LLT.h:542:10:   required from ‘const Eigen::LLT<typename Eigen::DenseBase<Derived>::PlainObject> Eigen::MatrixBase<Derived>::llt() const [with Derived = Eigen::Matrix<double, -1, -1>; typename Eigen::DenseBase<Derived>::PlainObject = Eigen::Matrix<double, -1, -1>]’
../inst/include/RcppML/project.hpp:123:51:   required from here
/usr/local/lib/R/site-library/RcppEigen/include/Eigen/src/Core/DenseCoeffsBase.h:56:30: warning: ignoring attributes on template argument ‘Eigen::internal::packet_traits<double>::type’ {aka ‘__m128d’} [-Wignored-attributes]
/usr/local/lib/R/site-library/RcppEigen/include/Eigen/src/Core/DenseCoeffsBase.h: In instantiation of ‘class Eigen::DenseCoeffsBase<Eigen::Block<Eigen::Block<Eigen::Matrix<double, -1, -1>, -1, -1, false>, 1, -1, false>, 0>’:
/usr/local/lib/R/site-library/RcppEigen/include/Eigen/src/Core/DenseCoeffsBase.h:302:7:   required from ‘class Eigen::DenseCoeffsBase<Eigen::Block<Eigen::Block<Eigen::Matrix<double, -1, -1>, -1, -1, false>, 1, -1, false>, 1>’
/usr/local/lib/R/site-library/RcppEigen/include/Eigen/src/Core/DenseCoeffsBase.h:555:7:   required from ‘class Eigen::DenseCoeffsBase<Eigen::Block<Eigen::Block<Eigen::Matrix<double, -1, -1>, -1, -1, false>, 1, -1, false>, 3>’
/usr/local/lib/R/site-library/RcppEigen/include/Eigen/src/Core/DenseBase.h:41:34:   required from ‘class Eigen::DenseBase<Eigen::Block<Eigen::Block<Eigen::Matrix<double, -1, -1>, -1, -1, false>, 1, -1, false> >’
/usr/local/lib/R/site-library/RcppEigen/include/Eigen/src/Core/MatrixBase.h:48:34:   required from ‘class Eigen::MatrixBase<Eigen::Block<Eigen::Block<Eigen::Matrix<double, -1, -1>, -1, -1, false>, 1, -1, false> >’
/usr/local/lib/R/site-library/RcppEigen/include/Eigen/src/Core/MapBase.h:37:34:   required from ‘class Eigen::MapBase<Eigen::Block<Eigen::Block<Eigen::Matrix<double, -1, -1>, -1, -1, false>, 1, -1, false>, 0>’
/usr/local/lib/R/site-library/RcppEigen/include/Eigen/src/Core/MapBase.h:223:34:   [ skipping 5 instantiation contexts, use -ftemplate-backtrace-limit=0 to disable ]
/usr/local/lib/R/site-library/RcppEigen/include/Eigen/src/Cholesky/LLT.h:363:24:   required from ‘static Eigen::Index Eigen::internal::llt_inplace<Scalar, 1>::blocked(MatrixType&) [with MatrixType = Eigen::Matrix<double, -1, -1>; Scalar = double; Eigen::Index = long int]’
/usr/local/lib/R/site-library/RcppEigen/include/Eigen/src/Cholesky/LLT.h:408:68:   required from ‘static bool Eigen::internal::LLT_Traits<MatrixType, 1>::inplace_decomposition(MatrixType&) [with MatrixType = Eigen::Matrix<double, -1, -1>]’
/usr/local/lib/R/site-library/RcppEigen/include/Eigen/src/Cholesky/LLT.h:456:42:   required from ‘Eigen::LLT<_MatrixType, _UpLo>& Eigen::LLT<MatrixType, UpLo>::compute(const Eigen::EigenBase<OtherDerived>&) [with InputType = Eigen::Matrix<double, -1, -1>; _MatrixType = Eigen::Matrix<double, -1, -1>; int _UpLo = 1]’
/usr/local/lib/R/site-library/RcppEigen/include/Eigen/src/Cholesky/LLT.h:109:14:   required from ‘Eigen::LLT<MatrixType, UpLo>::LLT(const Eigen::EigenBase<OtherDerived>&) [with InputType = Eigen::Matrix<double, -1, -1>; _MatrixType = Eigen::Matrix<double, -1, -1>; int _UpLo = 1]’
/usr/local/lib/R/site-library/RcppEigen/include/Eigen/src/Cholesky/LLT.h:542:10:   required from ‘const Eigen::LLT<typename Eigen::DenseBase<Derived>::PlainObject> Eigen::MatrixBase<Derived>::llt() const [with Derived = Eigen::Matrix<double, -1, -1>; typename Eigen::DenseBase<Derived>::PlainObject = Eigen::Matrix<double, -1, -1>]’
../inst/include/RcppML/project.hpp:123:51:   required from here
/usr/local/lib/R/site-library/RcppEigen/include/Eigen/src/Core/DenseCoeffsBase.h:56:30: warning: ignoring attributes on template argument ‘Eigen::internal::packet_traits<double>::type’ {aka ‘__m128d’} [-Wignored-attributes]
/usr/local/lib/R/site-library/RcppEigen/include/Eigen/src/Core/DenseCoeffsBase.h: In instantiation of ‘class Eigen::DenseCoeffsBase<Eigen::Block<Eigen::Block<Eigen::Matrix<double, -1, -1>, -1, -1, false>, -1, -1, false>, 0>’:
/usr/local/lib/R/site-library/RcppEigen/include/Eigen/src/Core/DenseCoeffsBase.h:302:7:   required from ‘class Eigen::DenseCoeffsBase<Eigen::Block<Eigen::Block<Eigen::Matrix<double, -1, -1>, -1, -1, false>, -1, -1, false>, 1>’
/usr/local/lib/R/site-library/RcppEigen/include/Eigen/src/Core/DenseCoeffsBase.h:555:7:   required from ‘class Eigen::DenseCoeffsBase<Eigen::Block<Eigen::Block<Eigen::Matrix<double, -1, -1>, -1, -1, false>, -1, -1, false>, 3>’
/usr/local/lib/R/site-library/RcppEigen/include/Eigen/src/Core/DenseBase.h:41:34:   required from ‘class Eigen::DenseBase<Eigen::Block<Eigen::Block<Eigen::Matrix<double, -1, -1>, -1, -1, false>, -1, -1, false> >’
/usr/local/lib/R/site-library/RcppEigen/include/Eigen/src/Core/MatrixBase.h:48:34:   required from ‘class Eigen::MatrixBase<Eigen::Block<Eigen::Block<Eigen::Matrix<double, -1, -1>, -1, -1, false>, -1, -1, false> >’
/usr/local/lib/R/site-library/RcppEigen/include/Eigen/src/Core/MapBase.h:37:34:   required from ‘class Eigen::MapBase<Eigen::Block<Eigen::Block<Eigen::Matrix<double, -1, -1>, -1, -1, false>, -1, -1, false>, 0>’
/usr/local/lib/R/site-library/RcppEigen/include/Eigen/src/Core/MapBase.h:223:34:   [ skipping 5 instantiation contexts, use -ftemplate-backtrace-limit=0 to disable ]
/usr/local/lib/R/site-library/RcppEigen/include/Eigen/src/Cholesky/LLT.h:363:24:   required from ‘static Eigen::Index Eigen::internal::llt_inplace<Scalar, 1>::blocked(MatrixType&) [with MatrixType = Eigen::Matrix<double, -1, -1>; Scalar = double; Eigen::Index = long int]’
/usr/local/lib/R/site-library/RcppEigen/include/Eigen/src/Cholesky/LLT.h:408:68:   required from ‘static bool Eigen::internal::LLT_Traits<MatrixType, 1>::inplace_decomposition(MatrixType&) [with MatrixType = Eigen::Matrix<double, -1, -1>]’
/usr/local/lib/R/site-library/RcppEigen/include/Eigen/src/Cholesky/LLT.h:456:42:   required from ‘Eigen::LLT<_MatrixType, _UpLo>& Eigen::LLT<MatrixType, UpLo>::compute(const Eigen::EigenBase<OtherDerived>&) [with InputType = Eigen::Matrix<double, -1, -1>; _MatrixType = Eigen::Matrix<double, -1, -1>; int _UpLo = 1]’
/usr/local/lib/R/site-library/RcppEigen/include/Eigen/src/Cholesky/LLT.h:109:14:   required from ‘Eigen::LLT<MatrixType, UpLo>::LLT(const Eigen::EigenBase<OtherDerived>&) [with InputType = Eigen::Matrix<double, -1, -1>; _MatrixType = Eigen::Matrix<double, -1, -1>; int _UpLo = 1]’
/usr/local/lib/R/site-library/RcppEigen/include/Eigen/src/Cholesky/LLT.h:542:10:   required from ‘const Eigen::LLT<typename Eigen::DenseBase<Derived>::PlainObject> Eigen::MatrixBase<Derived>::llt() const [with Derived = Eigen::Matrix<double, -1, -1>; typename Eigen::DenseBase<Derived>::PlainObject = Eigen::Matrix<double, -1, -1>]’
../inst/include/RcppML/project.hpp:123:51:   required from here
/usr/local/lib/R/site-library/RcppEigen/include/Eigen/src/Core/DenseCoeffsBase.h:56:30: warning: ignoring attributes on template argument ‘Eigen::internal::packet_traits<double>::type’ {aka ‘__m128d’} [-Wignored-attributes]
/usr/local/lib/R/site-library/RcppEigen/include/Eigen/src/Core/DenseCoeffsBase.h: In instantiation of ‘class Eigen::DenseCoeffsBase<Eigen::Transpose<const Eigen::Block<Eigen::Block<Eigen::Matrix<double, -1, -1>, -1, -1, false>, 1, -1, false> >, 0>’:
/usr/local/lib/R/site-library/RcppEigen/include/Eigen/src/Core/DenseCoeffsBase.h:481:7:   required from ‘class Eigen::DenseCoeffsBase<Eigen::Transpose<const Eigen::Block<Eigen::Block<Eigen::Matrix<double, -1, -1>, -1, -1, false>, 1, -1, false> >, 2>’
/usr/local/lib/R/site-library/RcppEigen/include/Eigen/src/Core/DenseBase.h:41:34:   required from ‘class Eigen::DenseBase<Eigen::Transpose<const Eigen::Block<Eigen::Block<Eigen::Matrix<double, -1, -1>, -1, -1, false>, 1, -1, false> > >’
/usr/local/lib/R/site-library/RcppEigen/include/Eigen/src/Core/MatrixBase.h:48:34:   required from ‘class Eigen::MatrixBase<Eigen::Transpose<const Eigen::Block<Eigen::Block<Eigen::Matrix<double, -1, -1>, -1, -1, false>, 1, -1, false> > >’
/usr/local/lib/R/site-library/RcppEigen/include/Eigen/src/Core/Transpose.h:118:37:   required from ‘class Eigen::TransposeImpl<const Eigen::Block<Eigen::Block<Eigen::Matrix<double, -1, -1>, -1, -1, false>, 1, -1, false>, Eigen::Dense>’
/usr/local/lib/R/site-library/RcppEigen/include/Eigen/src/Core/Transpose.h:52:37:   [ skipping 2 instantiation contexts, use -ftemplate-backtrace-limit=0 to disable ]
/usr/local/lib/R/site-library/RcppEigen/include/Eigen/src/Cholesky/LLT.h:363:24:   required from ‘static Eigen::Index Eigen::internal::llt_inplace<Scalar, 1>::blocked(MatrixType&) [with MatrixType = Eigen::Matrix<double, -1, -1>; Scalar = double; Eigen::Index = long int]’
/usr/local/lib/R/site-library/RcppEigen/include/Eigen/src/Cholesky/LLT.h:408:68:   required from ‘static bool Eigen::internal::LLT_Traits<MatrixType, 1>::inplace_decomposition(MatrixType&) [with MatrixType = Eigen::Matrix<double, -1, -1>]’
/usr/local/lib/R/site-library/RcppEigen/include/Eigen/src/Cholesky/LLT.h:456:42:   required from ‘Eigen::LLT<_MatrixType, _UpLo>& Eigen::LLT<MatrixType, UpLo>::compute(const Eigen::EigenBase<OtherDerived>&) [with InputType = Eigen::Matrix<double, -1, -1>; _MatrixType = Eigen::Matrix<double, -1, -1>; int _UpLo = 1]’
/usr/local/lib/R/site-library/RcppEigen/include/Eigen/src/Cholesky/LLT.h:109:14:   required from ‘Eigen::LLT<MatrixType, UpLo>::LLT(const Eigen::EigenBase<OtherDerived>&) [with InputType = Eigen::Matrix<double, -1, -1>; _MatrixType = Eigen::Matrix<double, -1, -1>; int _UpLo = 1]’
/usr/local/lib/R/site-library/RcppEigen/include/Eigen/src/Cholesky/LLT.h:542:10:   required from ‘const Eigen::LLT<typename Eigen::DenseBase<Derived>::PlainObject> Eigen::MatrixBase<Derived>::llt() const [with Derived = Eigen::Matrix<double, -1, -1>; typename Eigen::DenseBase<Derived>::PlainObject = Eigen::Matrix<double, -1, -1>]’
../inst/include/RcppML/project.hpp:123:51:   required from here
/usr/local/lib/R/site-library/RcppEigen/include/Eigen/src/Core/DenseCoeffsBase.h:56:30: warning: ignoring attributes on template argument ‘Eigen::internal::packet_traits<double>::type’ {aka ‘__m128d’} [-Wignored-attributes]
/usr/local/lib/R/site-library/RcppEigen/include/Eigen/src/Core/DenseCoeffsBase.h: In instantiation of ‘class Eigen::DenseCoeffsBase<Eigen::Product<Eigen::Block<Eigen::Block<Eigen::Matrix<double, -1, -1>, -1, -1, false>, -1, -1, false>, Eigen::Transpose<const Eigen::Block<Eigen::Block<Eigen::Matrix<double, -1, -1>, -1, -1, false>, 1, -1, false> >, 0>, 0>’:
/usr/local/lib/R/site-library/RcppEigen/include/Eigen/src/Core/DenseBase.h:41:34:   required from ‘class Eigen::DenseBase<Eigen::Product<Eigen::Block<Eigen::Block<Eigen::Matrix<double, -1, -1>, -1, -1, false>, -1, -1, false>, Eigen::Transpose<const Eigen::Block<Eigen::Block<Eigen::Matrix<double, -1, -1>, -1, -1, false>, 1, -1, false> >, 0> >’
/usr/local/lib/R/site-library/RcppEigen/include/Eigen/src/Core/MatrixBase.h:48:34:   required from ‘class Eigen::MatrixBase<Eigen::Product<Eigen::Block<Eigen::Block<Eigen::Matrix<double, -1, -1>, -1, -1, false>, -1, -1, false>, Eigen::Transpose<const Eigen::Block<Eigen::Block<Eigen::Matrix<double, -1, -1>, -1, -1, false>, 1, -1, false> >, 0> >’
/usr/local/lib/R/site-library/RcppEigen/include/Eigen/src/Core/Product.h:120:7:   required from ‘class Eigen::internal::dense_product_base<Eigen::Block<Eigen::Block<Eigen::Matrix<double, -1, -1>, -1, -1, false>, -1, -1, false>, Eigen::Transpose<const Eigen::Block<Eigen::Block<Eigen::Matrix<double, -1, -1>, -1, -1, false>, 1, -1, false> >, 0, 7>’
/usr/local/lib/R/site-library/RcppEigen/include/Eigen/src/Core/Product.h:152:7:   required from ‘class Eigen::ProductImpl<Eigen::Block<Eigen::Block<Eigen::Matrix<double, -1, -1>, -1, -1, false>, -1, -1, false>, Eigen::Transpose<const Eigen::Block<Eigen::Block<Eigen::Matrix<double, -1, -1>, -1, -1, false>, 1, -1, false> >, 0, Eigen::Dense>’
/usr/local/lib/R/site-library/RcppEigen/include/Eigen/src/Core/Product.h:71:7:   [ skipping 2 instantiation contexts, use -ftemplate-backtrace-limit=0 to disable ]
/usr/local/lib/R/site-library/RcppEigen/include/Eigen/src/Cholesky/LLT.h:363:24:   required from ‘static Eigen::Index Eigen::internal::llt_inplace<Scalar, 1>::blocked(MatrixType&) [with MatrixType = Eigen::Matrix<double, -1, -1>; Scalar = double; Eigen::Index = long int]’
/usr/local/lib/R/site-library/RcppEigen/include/Eigen/src/Cholesky/LLT.h:408:68:   required from ‘static bool Eigen::internal::LLT_Traits<MatrixType, 1>::inplace_decomposition(MatrixType&) [with MatrixType = Eigen::Matrix<double, -1, -1>]’
/usr/local/lib/R/site-library/RcppEigen/include/Eigen/src/Cholesky/LLT.h:456:42:   required from ‘Eigen::LLT<_MatrixType, _UpLo>& Eigen::LLT<MatrixType, UpLo>::compute(const Eigen::EigenBase<OtherDerived>&) [with InputType = Eigen::Matrix<double, -1, -1>; _MatrixType = Eigen::Matrix<double, -1, -1>; int _UpLo = 1]’
/usr/local/lib/R/site-library/RcppEigen/include/Eigen/src/Cholesky/LLT.h:109:14:   required from ‘Eigen::LLT<MatrixType, UpLo>::LLT(const Eigen::EigenBase<OtherDerived>&) [with InputType = Eigen::Matrix<double, -1, -1>; _MatrixType = Eigen::Matrix<double, -1, -1>; int _UpLo = 1]’
/usr/local/lib/R/site-library/RcppEigen/include/Eigen/src/Cholesky/LLT.h:542:10:   required from ‘const Eigen::LLT<typename Eigen::DenseBase<Derived>::PlainObject> Eigen::MatrixBase<Derived>::llt() const [with Derived = Eigen::Matrix<double, -1, -1>; typename Eigen::DenseBase<Derived>::PlainObject = Eigen::Matrix<double, -1, -1>]’
../inst/include/RcppML/project.hpp:123:51:   required from here
/usr/local/lib/R/site-library/RcppEigen/include/Eigen/src/Core/DenseCoeffsBase.h:56:30: warning: ignoring attributes on template argument ‘Eigen::internal::packet_traits<double>::type’ {aka ‘__m128d’} [-Wignored-attributes]
/usr/local/lib/R/site-library/RcppEigen/include/Eigen/src/Core/DenseCoeffsBase.h: In instantiation of ‘class Eigen::DenseCoeffsBase<Eigen::Block<Eigen::Matrix<double, 2, 2>, 2, 1, true>, 0>’:
/usr/local/lib/R/site-library/RcppEigen/include/Eigen/src/Core/DenseCoeffsBase.h:302:7:   required from ‘class Eigen::DenseCoeffsBase<Eigen::Block<Eigen::Matrix<double, 2, 2>, 2, 1, true>, 1>’
/usr/local/lib/R/site-library/RcppEigen/include/Eigen/src/Core/DenseCoeffsBase.h:555:7:   required from ‘class Eigen::DenseCoeffsBase<Eigen::Block<Eigen::Matrix<double, 2, 2>, 2, 1, true>, 3>’
/usr/local/lib/R/site-library/RcppEigen/include/Eigen/src/Core/DenseBase.h:41:34:   required from ‘class Eigen::DenseBase<Eigen::Block<Eigen::Matrix<double, 2, 2>, 2, 1, true> >’
/usr/local/lib/R/site-library/RcppEigen/include/Eigen/src/Core/MatrixBase.h:48:34:   required from ‘class Eigen::MatrixBase<Eigen::Block<Eigen::Matrix<double, 2, 2>, 2, 1, true> >’
/usr/local/lib/R/site-library/RcppEigen/include/Eigen/src/Core/MapBase.h:37:34:   required from ‘class Eigen::MapBase<Eigen::Block<Eigen::Matrix<double, 2, 2>, 2, 1, true>, 0>’
/usr/local/lib/R/site-library/RcppEigen/include/Eigen/src/Core/MapBase.h:223:34:   [ skipping 6 instantiation contexts, use -ftemplate-backtrace-limit=0 to disable ]
/usr/local/lib/R/site-library/RcppEigen/include/Eigen/src/Core/ProductEvaluators.h:148:43:   required from ‘static void Eigen::internal::Assignment<DstXprType, Eigen::Product<Lhs, Rhs, Options>, Eigen::internal::assign_op<Scalar, Scalar>, Eigen::internal::Dense2Dense, typename Eigen::internal::enable_if<((Options == Eigen::DefaultProduct) || (Options == Eigen::AliasFreeProduct))>::type>::run(DstXprType&, const SrcXprType&, const Eigen::internal::assign_op<Scalar, Scalar>&) [with DstXprType = Eigen::Matrix<double, 2, 2>; Lhs = Eigen::Matrix<double, -1, -1>; Rhs = Eigen::Transpose<const Eigen::Matrix<double, -1, -1> >; int Options = 0; Scalar = double; Eigen::internal::Assignment<DstXprType, Eigen::Product<Lhs, Rhs, Options>, Eigen::internal::assign_op<Scalar, Scalar>, Eigen::internal::Dense2Dense, typename Eigen::internal::enable_if<((Options == Eigen::DefaultProduct) || (Options == Eigen::AliasFreeProduct))>::type>::SrcXprType = Eigen::Product<Eigen::Matrix<double, -1, -1>, Eigen::Transpose<const Eigen::Matrix<double, -1, -1> >, 0>]’
/usr/local/lib/R/site-library/RcppEigen/include/Eigen/src/Core/AssignEvaluator.h:890:49:   required from ‘void Eigen::internal::call_assignment_no_alias(Dst&, const Src&, const Func&) [with Dst = Eigen::Matrix<double, 2, 2>; Src = Eigen::Product<Eigen::Matrix<double, -1, -1>, Eigen::Transpose<const Eigen::Matrix<double, -1, -1> >, 0>; Func = Eigen::internal::assign_op<double, double>]’
/usr/local/lib/R/site-library/RcppEigen/include/Eigen/src/Core/PlainObjectBase.h:797:41:   required from ‘Derived& Eigen::PlainObjectBase<Derived>::_set_noalias(const Eigen::DenseBase<OtherDerived>&) [with OtherDerived = Eigen::Product<Eigen::Matrix<double, -1, -1>, Eigen::Transpose<const Eigen::Matrix<double, -1, -1> >, 0>; Derived = Eigen::Matrix<double, 2, 2>]’
/usr/local/lib/R/site-library/RcppEigen/include/Eigen/src/Core/PlainObjectBase.h:594:19:   required from ‘Eigen::PlainObjectBase<Derived>::PlainObjectBase(const Eigen::DenseBase<OtherDerived>&) [with OtherDerived = Eigen::Product<Eigen::Matrix<double, -1, -1>, Eigen::Transpose<const Eigen::Matrix<double, -1, -1> >, 0>; Derived = Eigen::Matrix<double, 2, 2>]’
/usr/local/lib/R/site-library/RcppEigen/include/Eigen/src/Core/Matrix.h:423:29:   required from ‘Eigen::Matrix<_Scalar, _Rows, _Cols, _Options, _MaxRows, _MaxCols>::Matrix(const Eigen::EigenBase<OtherDerived>&) [with OtherDerived = Eigen::Product<Eigen::Matrix<double, -1, -1>, Eigen::Transpose<const Eigen::Matrix<double, -1, -1> >, 0>; _Scalar = double; int _Rows = 2; int _Cols = 2; int _Options = 0; int _MaxRows = 2; int _MaxCols = 2]’
../inst/include/RcppML/project.hpp:106:41:   required from here
/usr/local/lib/R/site-library/RcppEigen/include/Eigen/src/Core/DenseCoeffsBase.h:56:30: warning: ignoring attributes on template argument ‘Eigen::internal::packet_traits<double>::type’ {aka ‘__m128d’} [-Wignored-attributes]
/usr/local/lib/R/site-library/RcppEigen/include/Eigen/src/Core/DenseCoeffsBase.h: In instantiation of ‘class Eigen::DenseCoeffsBase<Eigen::Product<Eigen::Matrix<double, -1, -1>, const Eigen::Block<const Eigen::Transpose<const Eigen::Matrix<double, -1, -1> >, -1, 1, false>, 0>, 0>’:
/usr/local/lib/R/site-library/RcppEigen/include/Eigen/src/Core/DenseBase.h:41:34:   required from ‘class Eigen::DenseBase<Eigen::Product<Eigen::Matrix<double, -1, -1>, const Eigen::Block<const Eigen::Transpose<const Eigen::Matrix<double, -1, -1> >, -1, 1, false>, 0> >’
/usr/local/lib/R/site-library/RcppEigen/include/Eigen/src/Core/MatrixBase.h:48:34:   required from ‘class Eigen::MatrixBase<Eigen::Product<Eigen::Matrix<double, -1, -1>, const Eigen::Block<const Eigen::Transpose<const Eigen::Matrix<double, -1, -1> >, -1, 1, false>, 0> >’
/usr/local/lib/R/site-library/RcppEigen/include/Eigen/src/Core/Product.h:120:7:   required from ‘class Eigen::internal::dense_product_base<Eigen::Matrix<double, -1, -1>, const Eigen::Block<const Eigen::Transpose<const Eigen::Matrix<double, -1, -1> >, -1, 1, false>, 0, 7>’
/usr/local/lib/R/site-library/RcppEigen/include/Eigen/src/Core/Product.h:152:7:   required from ‘class Eigen::ProductImpl<Eigen::Matrix<double, -1, -1>, const Eigen::Block<const Eigen::Transpose<const Eigen::Matrix<double, -1, -1> >, -1, 1, false>, 0, Eigen::Dense>’
/usr/local/lib/R/site-library/RcppEigen/include/Eigen/src/Core/Product.h:71:7:   required from ‘class Eigen::Product<Eigen::Matrix<double, -1, -1>, const Eigen::Block<const Eigen::Transpose<const Eigen::Matrix<double, -1, -1> >, -1, 1, false>, 0>’
/usr/local/lib/R/site-library/RcppEigen/include/Eigen/src/Core/ProductEvaluators.h:345:45:   [ skipping 4 instantiation contexts, use -ftemplate-backtrace-limit=0 to disable ]
/usr/local/lib/R/site-library/RcppEigen/include/Eigen/src/Core/ProductEvaluators.h:148:43:   required from ‘static void Eigen::internal::Assignment<DstXprType, Eigen::Product<Lhs, Rhs, Options>, Eigen::internal::assign_op<Scalar, Scalar>, Eigen::internal::Dense2Dense, typename Eigen::internal::enable_if<((Options == Eigen::DefaultProduct) || (Options == Eigen::AliasFreeProduct))>::type>::run(DstXprType&, const SrcXprType&, const Eigen::internal::assign_op<Scalar, Scalar>&) [with DstXprType = Eigen::Matrix<double, 2, 2>; Lhs = Eigen::Matrix<double, -1, -1>; Rhs = Eigen::Transpose<const Eigen::Matrix<double, -1, -1> >; int Options = 0; Scalar = double; Eigen::internal::Assignment<DstXprType, Eigen::Product<Lhs, Rhs, Options>, Eigen::internal::assign_op<Scalar, Scalar>, Eigen::internal::Dense2Dense, typename Eigen::internal::enable_if<((Options == Eigen::DefaultProduct) || (Options == Eigen::AliasFreeProduct))>::type>::SrcXprType = Eigen::Product<Eigen::Matrix<double, -1, -1>, Eigen::Transpose<const Eigen::Matrix<double, -1, -1> >, 0>]’
/usr/local/lib/R/site-library/RcppEigen/include/Eigen/src/Core/AssignEvaluator.h:890:49:   required from ‘void Eigen::internal::call_assignment_no_alias(Dst&, const Src&, const Func&) [with Dst = Eigen::Matrix<double, 2, 2>; Src = Eigen::Product<Eigen::Matrix<double, -1, -1>, Eigen::Transpose<const Eigen::Matrix<double, -1, -1> >, 0>; Func = Eigen::internal::assign_op<double, double>]’
/usr/local/lib/R/site-library/RcppEigen/include/Eigen/src/Core/PlainObjectBase.h:797:41:   required from ‘Derived& Eigen::PlainObjectBase<Derived>::_set_noalias(const Eigen::DenseBase<OtherDerived>&) [with OtherDerived = Eigen::Product<Eigen::Matrix<double, -1, -1>, Eigen::Transpose<const Eigen::Matrix<double, -1, -1> >, 0>; Derived = Eigen::Matrix<double, 2, 2>]’
/usr/local/lib/R/site-library/RcppEigen/include/Eigen/src/Core/PlainObjectBase.h:594:19:   required from ‘Eigen::PlainObjectBase<Derived>::PlainObjectBase(const Eigen::DenseBase<OtherDerived>&) [with OtherDerived = Eigen::Product<Eigen::Matrix<double, -1, -1>, Eigen::Transpose<const Eigen::Matrix<double, -1, -1> >, 0>; Derived = Eigen::Matrix<double, 2, 2>]’
/usr/local/lib/R/site-library/RcppEigen/include/Eigen/src/Core/Matrix.h:423:29:   required from ‘Eigen::Matrix<_Scalar, _Rows, _Cols, _Options, _MaxRows, _MaxCols>::Matrix(const Eigen::EigenBase<OtherDerived>&) [with OtherDerived = Eigen::Product<Eigen::Matrix<double, -1, -1>, Eigen::Transpose<const Eigen::Matrix<double, -1, -1> >, 0>; _Scalar = double; int _Rows = 2; int _Cols = 2; int _Options = 0; int _MaxRows = 2; int _MaxCols = 2]’
../inst/include/RcppML/project.hpp:106:41:   required from here
/usr/local/lib/R/site-library/RcppEigen/include/Eigen/src/Core/DenseCoeffsBase.h:56:30: warning: ignoring attributes on template argument ‘Eigen::internal::packet_traits<double>::type’ {aka ‘__m128d’} [-Wignored-attributes]
/usr/local/lib/R/site-library/RcppEigen/include/Eigen/src/Core/DenseCoeffsBase.h: In instantiation of ‘class Eigen::DenseCoeffsBase<Eigen::Block<const Eigen::Transpose<const Eigen::Matrix<double, -1, -1> >, -1, 1, false>, 0>’:
/usr/local/lib/R/site-library/RcppEigen/include/Eigen/src/Core/DenseCoeffsBase.h:481:7:   required from ‘class Eigen::DenseCoeffsBase<Eigen::Block<const Eigen::Transpose<const Eigen::Matrix<double, -1, -1> >, -1, 1, false>, 2>’
/usr/local/lib/R/site-library/RcppEigen/include/Eigen/src/Core/DenseBase.h:41:34:   required from ‘class Eigen::DenseBase<Eigen::Block<const Eigen::Transpose<const Eigen::Matrix<double, -1, -1> >, -1, 1, false> >’
/usr/local/lib/R/site-library/RcppEigen/include/Eigen/src/Core/MatrixBase.h:48:34:   required from ‘class Eigen::MatrixBase<Eigen::Block<const Eigen::Transpose<const Eigen::Matrix<double, -1, -1> >, -1, 1, false> >’
/usr/local/lib/R/site-library/RcppEigen/include/Eigen/src/Core/MapBase.h:37:34:   required from ‘class Eigen::MapBase<Eigen::Block<const Eigen::Transpose<const Eigen::Matrix<double, -1, -1> >, -1, 1, false>, 0>’
/usr/local/lib/R/site-library/RcppEigen/include/Eigen/src/Core/Block.h:329:7:   required from ‘class Eigen::internal::BlockImpl_dense<const Eigen::Transpose<const Eigen::Matrix<double, -1, -1> >, -1, 1, false, true>’
/usr/local/lib/R/site-library/RcppEigen/include/Eigen/src/Core/Block.h:154:7:   [ skipping 7 instantiation contexts, use -ftemplate-backtrace-limit=0 to disable ]
/usr/local/lib/R/site-library/RcppEigen/include/Eigen/src/Core/ProductEvaluators.h:148:43:   required from ‘static void Eigen::internal::Assignment<DstXprType, Eigen::Product<Lhs, Rhs, Options>, Eigen::internal::assign_op<Scalar, Scalar>, Eigen::internal::Dense2Dense, typename Eigen::internal::enable_if<((Options == Eigen::DefaultProduct) || (Options == Eigen::AliasFreeProduct))>::type>::run(DstXprType&, const SrcXprType&, const Eigen::internal::assign_op<Scalar, Scalar>&) [with DstXprType = Eigen::Matrix<double, 2, 2>; Lhs = Eigen::Matrix<double, -1, -1>; Rhs = Eigen::Transpose<const Eigen::Matrix<double, -1, -1> >; int Options = 0; Scalar = double; Eigen::internal::Assignment<DstXprType, Eigen::Product<Lhs, Rhs, Options>, Eigen::internal::assign_op<Scalar, Scalar>, Eigen::internal::Dense2Dense, typename Eigen::internal::enable_if<((Options == Eigen::DefaultProduct) || (Options == Eigen::AliasFreeProduct))>::type>::SrcXprType = Eigen::Product<Eigen::Matrix<double, -1, -1>, Eigen::Transpose<const Eigen::Matrix<double, -1, -1> >, 0>]’
/usr/local/lib/R/site-library/RcppEigen/include/Eigen/src/Core/AssignEvaluator.h:890:49:   required from ‘void Eigen::internal::call_assignment_no_alias(Dst&, const Src&, const Func&) [with Dst = Eigen::Matrix<double, 2, 2>; Src = Eigen::Product<Eigen::Matrix<double, -1, -1>, Eigen::Transpose<const Eigen::Matrix<double, -1, -1> >, 0>; Func = Eigen::internal::assign_op<double, double>]’
/usr/local/lib/R/site-library/RcppEigen/include/Eigen/src/Core/PlainObjectBase.h:797:41:   required from ‘Derived& Eigen::PlainObjectBase<Derived>::_set_noalias(const Eigen::DenseBase<OtherDerived>&) [with OtherDerived = Eigen::Product<Eigen::Matrix<double, -1, -1>, Eigen::Transpose<const Eigen::Matrix<double, -1, -1> >, 0>; Derived = Eigen::Matrix<double, 2, 2>]’
/usr/local/lib/R/site-library/RcppEigen/include/Eigen/src/Core/PlainObjectBase.h:594:19:   required from ‘Eigen::PlainObjectBase<Derived>::PlainObjectBase(const Eigen::DenseBase<OtherDerived>&) [with OtherDerived = Eigen::Product<Eigen::Matrix<double, -1, -1>, Eigen::Transpose<const Eigen::Matrix<double, -1, -1> >, 0>; Derived = Eigen::Matrix<double, 2, 2>]’
/usr/local/lib/R/site-library/RcppEigen/include/Eigen/src/Core/Matrix.h:423:29:   required from ‘Eigen::Matrix<_Scalar, _Rows, _Cols, _Options, _MaxRows, _MaxCols>::Matrix(const Eigen::EigenBase<OtherDerived>&) [with OtherDerived = Eigen::Product<Eigen::Matrix<double, -1, -1>, Eigen::Transpose<const Eigen::Matrix<double, -1, -1> >, 0>; _Scalar = double; int _Rows = 2; int _Cols = 2; int _Options = 0; int _MaxRows = 2; int _MaxCols = 2]’
../inst/include/RcppML/project.hpp:106:41:   required from here
/usr/local/lib/R/site-library/RcppEigen/include/Eigen/src/Core/DenseCoeffsBase.h:56:30: warning: ignoring attributes on template argument ‘Eigen::internal::packet_traits<double>::type’ {aka ‘__m128d’} [-Wignored-attributes]
In file included from /usr/local/lib/R/site-library/RcppEigen/include/Eigen/Core:277,
                 from /usr/local/lib/R/site-library/RcppEigen/include/Eigen/Dense:1,
                 from /usr/local/lib/R/site-library/RcppEigen/include/RcppEigenForward.h:28,
                 from /usr/local/lib/R/site-library/RcppEigen/include/RcppEigen.h:25,
                 from ../inst/include/RcppMLCommon.hpp:36,
                 from ../inst/include/RcppML.hpp:11,
                 from RcppFunctions.cpp:8:
/usr/local/lib/R/site-library/RcppEigen/include/Eigen/src/Core/CoreEvaluators.h: In instantiation of ‘struct Eigen::internal::evaluator<Eigen::Block<const Eigen::Transpose<const Eigen::Matrix<double, -1, -1> >, -1, 1, false> >’:
/usr/local/lib/R/site-library/RcppEigen/include/Eigen/src/Core/CoreEvaluators.h:100:8:   required from ‘struct Eigen::internal::evaluator<const Eigen::Block<const Eigen::Transpose<const Eigen::Matrix<double, -1, -1> >, -1, 1, false> >’
/usr/local/lib/R/site-library/RcppEigen/include/Eigen/src/Core/util/XprHelper.h:372:102:   required from ‘struct Eigen::internal::plain_object_eval<const Eigen::Block<const Eigen::Transpose<const Eigen::Matrix<double, -1, -1> >, -1, 1, false>, Eigen::Dense>’
/usr/local/lib/R/site-library/RcppEigen/include/Eigen/src/Core/ProductEvaluators.h:370:45:   required from ‘struct Eigen::internal::generic_product_impl<Eigen::Matrix<double, -1, -1>, const Eigen::Block<const Eigen::Transpose<const Eigen::Matrix<double, -1, -1> >, -1, 1, false>, Eigen::DenseShape, Eigen::DenseShape, 7>’
/usr/local/lib/R/site-library/RcppEigen/include/Eigen/src/Core/products/GeneralMatrixMatrix.h:479:24:   required from ‘static void Eigen::internal::generic_product_impl<Lhs, Rhs, Eigen::DenseShape, Eigen::DenseShape, 8>::scaleAndAddTo(Dest&, const Lhs&, const Rhs&, const Scalar&) [with Dest = Eigen::Matrix<double, 2, 2>; Lhs = Eigen::Matrix<double, -1, -1>; Rhs = Eigen::Transpose<const Eigen::Matrix<double, -1, -1> >; Eigen::internal::generic_product_impl<Lhs, Rhs, Eigen::DenseShape, Eigen::DenseShape, 8>::Scalar = double]’
/usr/local/lib/R/site-library/RcppEigen/include/Eigen/src/Core/products/GeneralMatrixMatrix.h:445:20:   required from ‘static void Eigen::internal::generic_product_impl<Lhs, Rhs, Eigen::DenseShape, Eigen::DenseShape, 8>::evalTo(Dst&, const Lhs&, const Rhs&) [with Dst = Eigen::Matrix<double, 2, 2>; Lhs = Eigen::Matrix<double, -1, -1>; Rhs = Eigen::Transpose<const Eigen::Matrix<double, -1, -1> >]’
/usr/local/lib/R/site-library/RcppEigen/include/Eigen/src/Core/ProductEvaluators.h:148:43:   required from ‘static void Eigen::internal::Assignment<DstXprType, Eigen::Product<Lhs, Rhs, Options>, Eigen::internal::assign_op<Scalar, Scalar>, Eigen::internal::Dense2Dense, typename Eigen::internal::enable_if<((Options == Eigen::DefaultProduct) || (Options == Eigen::AliasFreeProduct))>::type>::run(DstXprType&, const SrcXprType&, const Eigen::internal::assign_op<Scalar, Scalar>&) [with DstXprType = Eigen::Matrix<double, 2, 2>; Lhs = Eigen::Matrix<double, -1, -1>; Rhs = Eigen::Transpose<const Eigen::Matrix<double, -1, -1> >; int Options = 0; Scalar = double; Eigen::internal::Assignment<DstXprType, Eigen::Product<Lhs, Rhs, Options>, Eigen::internal::assign_op<Scalar, Scalar>, Eigen::internal::Dense2Dense, typename Eigen::internal::enable_if<((Options == Eigen::DefaultProduct) || (Options == Eigen::AliasFreeProduct))>::type>::SrcXprType = Eigen::Product<Eigen::Matrix<double, -1, -1>, Eigen::Transpose<const Eigen::Matrix<double, -1, -1> >, 0>]’
/usr/local/lib/R/site-library/RcppEigen/include/Eigen/src/Core/AssignEvaluator.h:890:49:   required from ‘void Eigen::internal::call_assignment_no_alias(Dst&, const Src&, const Func&) [with Dst = Eigen::Matrix<double, 2, 2>; Src = Eigen::Product<Eigen::Matrix<double, -1, -1>, Eigen::Transpose<const Eigen::Matrix<double, -1, -1> >, 0>; Func = Eigen::internal::assign_op<double, double>]’
/usr/local/lib/R/site-library/RcppEigen/include/Eigen/src/Core/PlainObjectBase.h:797:41:   required from ‘Derived& Eigen::PlainObjectBase<Derived>::_set_noalias(const Eigen::DenseBase<OtherDerived>&) [with OtherDerived = Eigen::Product<Eigen::Matrix<double, -1, -1>, Eigen::Transpose<const Eigen::Matrix<double, -1, -1> >, 0>; Derived = Eigen::Matrix<double, 2, 2>]’
/usr/local/lib/R/site-library/RcppEigen/include/Eigen/src/Core/PlainObjectBase.h:594:19:   required from ‘Eigen::PlainObjectBase<Derived>::PlainObjectBase(const Eigen::DenseBase<OtherDerived>&) [with OtherDerived = Eigen::Product<Eigen::Matrix<double, -1, -1>, Eigen::Transpose<const Eigen::Matrix<double, -1, -1> >, 0>; Derived = Eigen::Matrix<double, 2, 2>]’
/usr/local/lib/R/site-library/RcppEigen/include/Eigen/src/Core/Matrix.h:423:29:   required from ‘Eigen::Matrix<_Scalar, _Rows, _Cols, _Options, _MaxRows, _MaxCols>::Matrix(const Eigen::EigenBase<OtherDerived>&) [with OtherDerived = Eigen::Product<Eigen::Matrix<double, -1, -1>, Eigen::Transpose<const Eigen::Matrix<double, -1, -1> >, 0>; _Scalar = double; int _Rows = 2; int _Cols = 2; int _Options = 0; int _MaxRows = 2; int _MaxCols = 2]’
../inst/include/RcppML/project.hpp:106:41:   required from here
/usr/local/lib/R/site-library/RcppEigen/include/Eigen/src/Core/CoreEvaluators.h:1071:54: warning: ignoring attributes on template argument ‘Eigen::internal::packet_traits<double>::type’ {aka ‘__m128d’} [-Wignored-attributes]
 1071 |     PacketAlignment = unpacket_traits<PacketScalar>::alignment,
      |                                                      ^~~~~~~~~
In file included from /usr/local/lib/R/site-library/RcppEigen/include/Eigen/Core:271,
                 from /usr/local/lib/R/site-library/RcppEigen/include/Eigen/Dense:1,
                 from /usr/local/lib/R/site-library/RcppEigen/include/RcppEigenForward.h:28,
                 from /usr/local/lib/R/site-library/RcppEigen/include/RcppEigen.h:25,
                 from ../inst/include/RcppMLCommon.hpp:36,
                 from ../inst/include/RcppML.hpp:11,
                 from RcppFunctions.cpp:8:
/usr/local/lib/R/site-library/RcppEigen/include/Eigen/src/Core/DenseCoeffsBase.h: In instantiation of ‘class Eigen::DenseCoeffsBase<Eigen::Block<Eigen::Matrix<double, 2, 2>, 1, 2, false>, 0>’:
/usr/local/lib/R/site-library/RcppEigen/include/Eigen/src/Core/DenseCoeffsBase.h:302:7:   required from ‘class Eigen::DenseCoeffsBase<Eigen::Block<Eigen::Matrix<double, 2, 2>, 1, 2, false>, 1>’
/usr/local/lib/R/site-library/RcppEigen/include/Eigen/src/Core/DenseCoeffsBase.h:555:7:   required from ‘class Eigen::DenseCoeffsBase<Eigen::Block<Eigen::Matrix<double, 2, 2>, 1, 2, false>, 3>’
/usr/local/lib/R/site-library/RcppEigen/include/Eigen/src/Core/DenseBase.h:41:34:   required from ‘class Eigen::DenseBase<Eigen::Block<Eigen::Matrix<double, 2, 2>, 1, 2, false> >’
/usr/local/lib/R/site-library/RcppEigen/include/Eigen/src/Core/MatrixBase.h:48:34:   required from ‘class Eigen::MatrixBase<Eigen::Block<Eigen::Matrix<double, 2, 2>, 1, 2, false> >’
/usr/local/lib/R/site-library/RcppEigen/include/Eigen/src/Core/MapBase.h:37:34:   required from ‘class Eigen::MapBase<Eigen::Block<Eigen::Matrix<double, 2, 2>, 1, 2, false>, 0>’
/usr/local/lib/R/site-library/RcppEigen/include/Eigen/src/Core/MapBase.h:223:34:   [ skipping 6 instantiation contexts, use -ftemplate-backtrace-limit=0 to disable ]
/usr/local/lib/R/site-library/RcppEigen/include/Eigen/src/Core/ProductEvaluators.h:148:43:   required from ‘static void Eigen::internal::Assignment<DstXprType, Eigen::Product<Lhs, Rhs, Options>, Eigen::internal::assign_op<Scalar, Scalar>, Eigen::internal::Dense2Dense, typename Eigen::internal::enable_if<((Options == Eigen::DefaultProduct) || (Options == Eigen::AliasFreeProduct))>::type>::run(DstXprType&, const SrcXprType&, const Eigen::internal::assign_op<Scalar, Scalar>&) [with DstXprType = Eigen::Matrix<double, 2, 2>; Lhs = Eigen::Matrix<double, -1, -1>; Rhs = Eigen::Transpose<const Eigen::Matrix<double, -1, -1> >; int Options = 0; Scalar = double; Eigen::internal::Assignment<DstXprType, Eigen::Product<Lhs, Rhs, Options>, Eigen::internal::assign_op<Scalar, Scalar>, Eigen::internal::Dense2Dense, typename Eigen::internal::enable_if<((Options == Eigen::DefaultProduct) || (Options == Eigen::AliasFreeProduct))>::type>::SrcXprType = Eigen::Product<Eigen::Matrix<double, -1, -1>, Eigen::Transpose<const Eigen::Matrix<double, -1, -1> >, 0>]’
/usr/local/lib/R/site-library/RcppEigen/include/Eigen/src/Core/AssignEvaluator.h:890:49:   required from ‘void Eigen::internal::call_assignment_no_alias(Dst&, const Src&, const Func&) [with Dst = Eigen::Matrix<double, 2, 2>; Src = Eigen::Product<Eigen::Matrix<double, -1, -1>, Eigen::Transpose<const Eigen::Matrix<double, -1, -1> >, 0>; Func = Eigen::internal::assign_op<double, double>]’
/usr/local/lib/R/site-library/RcppEigen/include/Eigen/src/Core/PlainObjectBase.h:797:41:   required from ‘Derived& Eigen::PlainObjectBase<Derived>::_set_noalias(const Eigen::DenseBase<OtherDerived>&) [with OtherDerived = Eigen::Product<Eigen::Matrix<double, -1, -1>, Eigen::Transpose<const Eigen::Matrix<double, -1, -1> >, 0>; Derived = Eigen::Matrix<double, 2, 2>]’
/usr/local/lib/R/site-library/RcppEigen/include/Eigen/src/Core/PlainObjectBase.h:594:19:   required from ‘Eigen::PlainObjectBase<Derived>::PlainObjectBase(const Eigen::DenseBase<OtherDerived>&) [with OtherDerived = Eigen::Product<Eigen::Matrix<double, -1, -1>, Eigen::Transpose<const Eigen::Matrix<double, -1, -1> >, 0>; Derived = Eigen::Matrix<double, 2, 2>]’
/usr/local/lib/R/site-library/RcppEigen/include/Eigen/src/Core/Matrix.h:423:29:   required from ‘Eigen::Matrix<_Scalar, _Rows, _Cols, _Options, _MaxRows, _MaxCols>::Matrix(const Eigen::EigenBase<OtherDerived>&) [with OtherDerived = Eigen::Product<Eigen::Matrix<double, -1, -1>, Eigen::Transpose<const Eigen::Matrix<double, -1, -1> >, 0>; _Scalar = double; int _Rows = 2; int _Cols = 2; int _Options = 0; int _MaxRows = 2; int _MaxCols = 2]’
../inst/include/RcppML/project.hpp:106:41:   required from here
/usr/local/lib/R/site-library/RcppEigen/include/Eigen/src/Core/DenseCoeffsBase.h:56:30: warning: ignoring attributes on template argument ‘Eigen::internal::packet_traits<double>::type’ {aka ‘__m128d’} [-Wignored-attributes]
   56 |                      >::type PacketReturnType;
      |                              ^~~~~~~~~~~~~~~~
/usr/local/lib/R/site-library/RcppEigen/include/Eigen/src/Core/DenseCoeffsBase.h: In instantiation of ‘class Eigen::DenseCoeffsBase<Eigen::Product<const Eigen::Block<const Eigen::Matrix<double, -1, -1>, 1, -1, false>, Eigen::Transpose<const Eigen::Matrix<double, -1, -1> >, 0>, 0>’:
/usr/local/lib/R/site-library/RcppEigen/include/Eigen/src/Core/DenseBase.h:41:34:   required from ‘class Eigen::DenseBase<Eigen::Product<const Eigen::Block<const Eigen::Matrix<double, -1, -1>, 1, -1, false>, Eigen::Transpose<const Eigen::Matrix<double, -1, -1> >, 0> >’
/usr/local/lib/R/site-library/RcppEigen/include/Eigen/src/Core/MatrixBase.h:48:34:   required from ‘class Eigen::MatrixBase<Eigen::Product<const Eigen::Block<const Eigen::Matrix<double, -1, -1>, 1, -1, false>, Eigen::Transpose<const Eigen::Matrix<double, -1, -1> >, 0> >’
/usr/local/lib/R/site-library/RcppEigen/include/Eigen/src/Core/Product.h:120:7:   required from ‘class Eigen::internal::dense_product_base<const Eigen::Block<const Eigen::Matrix<double, -1, -1>, 1, -1, false>, Eigen::Transpose<const Eigen::Matrix<double, -1, -1> >, 0, 7>’
/usr/local/lib/R/site-library/RcppEigen/include/Eigen/src/Core/Product.h:152:7:   required from ‘class Eigen::ProductImpl<const Eigen::Block<const Eigen::Matrix<double, -1, -1>, 1, -1, false>, Eigen::Transpose<const Eigen::Matrix<double, -1, -1> >, 0, Eigen::Dense>’
/usr/local/lib/R/site-library/RcppEigen/include/Eigen/src/Core/Product.h:71:7:   required from ‘class Eigen::Product<const Eigen::Block<const Eigen::Matrix<double, -1, -1>, 1, -1, false>, Eigen::Transpose<const Eigen::Matrix<double, -1, -1> >, 0>’
/usr/local/lib/R/site-library/RcppEigen/include/Eigen/src/Core/ProductEvaluators.h:345:45:   [ skipping 4 instantiation contexts, use -ftemplate-backtrace-limit=0 to disable ]
/usr/local/lib/R/site-library/RcppEigen/include/Eigen/src/Core/ProductEvaluators.h:148:43:   required from ‘static void Eigen::internal::Assignment<DstXprType, Eigen::Product<Lhs, Rhs, Options>, Eigen::internal::assign_op<Scalar, Scalar>, Eigen::internal::Dense2Dense, typename Eigen::internal::enable_if<((Options == Eigen::DefaultProduct) || (Options == Eigen::AliasFreeProduct))>::type>::run(DstXprType&, const SrcXprType&, const Eigen::internal::assign_op<Scalar, Scalar>&) [with DstXprType = Eigen::Matrix<double, 2, 2>; Lhs = Eigen::Matrix<double, -1, -1>; Rhs = Eigen::Transpose<const Eigen::Matrix<double, -1, -1> >; int Options = 0; Scalar = double; Eigen::internal::Assignment<DstXprType, Eigen::Product<Lhs, Rhs, Options>, Eigen::internal::assign_op<Scalar, Scalar>, Eigen::internal::Dense2Dense, typename Eigen::internal::enable_if<((Options == Eigen::DefaultProduct) || (Options == Eigen::AliasFreeProduct))>::type>::SrcXprType = Eigen::Product<Eigen::Matrix<double, -1, -1>, Eigen::Transpose<const Eigen::Matrix<double, -1, -1> >, 0>]’
/usr/local/lib/R/site-library/RcppEigen/include/Eigen/src/Core/AssignEvaluator.h:890:49:   required from ‘void Eigen::internal::call_assignment_no_alias(Dst&, const Src&, const Func&) [with Dst = Eigen::Matrix<double, 2, 2>; Src = Eigen::Product<Eigen::Matrix<double, -1, -1>, Eigen::Transpose<const Eigen::Matrix<double, -1, -1> >, 0>; Func = Eigen::internal::assign_op<double, double>]’
/usr/local/lib/R/site-library/RcppEigen/include/Eigen/src/Core/PlainObjectBase.h:797:41:   required from ‘Derived& Eigen::PlainObjectBase<Derived>::_set_noalias(const Eigen::DenseBase<OtherDerived>&) [with OtherDerived = Eigen::Product<Eigen::Matrix<double, -1, -1>, Eigen::Transpose<const Eigen::Matrix<double, -1, -1> >, 0>; Derived = Eigen::Matrix<double, 2, 2>]’
/usr/local/lib/R/site-library/RcppEigen/include/Eigen/src/Core/PlainObjectBase.h:594:19:   required from ‘Eigen::PlainObjectBase<Derived>::PlainObjectBase(const Eigen::DenseBase<OtherDerived>&) [with OtherDerived = Eigen::Product<Eigen::Matrix<double, -1, -1>, Eigen::Transpose<const Eigen::Matrix<double, -1, -1> >, 0>; Derived = Eigen::Matrix<double, 2, 2>]’
/usr/local/lib/R/site-library/RcppEigen/include/Eigen/src/Core/Matrix.h:423:29:   required from ‘Eigen::Matrix<_Scalar, _Rows, _Cols, _Options, _MaxRows, _MaxCols>::Matrix(const Eigen::EigenBase<OtherDerived>&) [with OtherDerived = Eigen::Product<Eigen::Matrix<double, -1, -1>, Eigen::Transpose<const Eigen::Matrix<double, -1, -1> >, 0>; _Scalar = double; int _Rows = 2; int _Cols = 2; int _Options = 0; int _MaxRows = 2; int _MaxCols = 2]’
../inst/include/RcppML/project.hpp:106:41:   required from here
/usr/local/lib/R/site-library/RcppEigen/include/Eigen/src/Core/DenseCoeffsBase.h:56:30: warning: ignoring attributes on template argument ‘Eigen::internal::packet_traits<double>::type’ {aka ‘__m128d’} [-Wignored-attributes]
In file included from /usr/local/lib/R/site-library/RcppEigen/include/Eigen/Core:277,
                 from /usr/local/lib/R/site-library/RcppEigen/include/Eigen/Dense:1,
                 from /usr/local/lib/R/site-library/RcppEigen/include/RcppEigenForward.h:28,
                 from /usr/local/lib/R/site-library/RcppEigen/include/RcppEigen.h:25,
                 from ../inst/include/RcppMLCommon.hpp:36,
                 from ../inst/include/RcppML.hpp:11,
                 from RcppFunctions.cpp:8:
/usr/local/lib/R/site-library/RcppEigen/include/Eigen/src/Core/CoreEvaluators.h: In instantiation of ‘struct Eigen::internal::evaluator<Eigen::Block<Eigen::Block<Eigen::Matrix<double, -1, -1>, -1, 1, true>, -1, 1, false> >’:
/usr/local/lib/R/site-library/RcppEigen/include/Eigen/src/Core/CoreEvaluators.h:100:8:   required from ‘struct Eigen::internal::evaluator<const Eigen::Block<Eigen::Block<Eigen::Matrix<double, -1, -1>, -1, 1, true>, -1, 1, false> >’
/usr/local/lib/R/site-library/RcppEigen/include/Eigen/src/Core/CoreEvaluators.h:564:45:   required from ‘struct Eigen::internal::unary_evaluator<Eigen::CwiseUnaryOp<Eigen::internal::scalar_abs_op<double>, const Eigen::Block<Eigen::Block<Eigen::Matrix<double, -1, -1>, -1, 1, true>, -1, 1, false> >, Eigen::internal::IndexBased, double>’
/usr/local/lib/R/site-library/RcppEigen/include/Eigen/src/Core/CoreEvaluators.h:90:8:   required from ‘struct Eigen::internal::evaluator<Eigen::CwiseUnaryOp<Eigen::internal::scalar_abs_op<double>, const Eigen::Block<Eigen::Block<Eigen::Matrix<double, -1, -1>, -1, 1, true>, -1, 1, false> > >’
/usr/local/lib/R/site-library/RcppEigen/include/Eigen/src/Core/Redux.h:357:7:   required from ‘class Eigen::internal::redux_evaluator<Eigen::CwiseUnaryOp<Eigen::internal::scalar_abs_op<double>, const Eigen::Block<Eigen::Block<Eigen::Matrix<double, -1, -1>, -1, 1, true>, -1, 1, false> > >’
/usr/local/lib/R/site-library/RcppEigen/include/Eigen/src/Core/Redux.h:414:17:   [ skipping 2 instantiation contexts, use -ftemplate-backtrace-limit=0 to disable ]
/usr/local/lib/R/site-library/RcppEigen/include/Eigen/src/Core/Dot.h:221:28:   required from ‘static typename Eigen::NumTraits<typename Eigen::internal::traits<T>::Scalar>::Real Eigen::internal::lpNorm_selector<Derived, 1>::run(const Eigen::MatrixBase<Derived>&) [with Derived = Eigen::Block<Eigen::Block<Eigen::Matrix<double, -1, -1>, -1, 1, true>, -1, 1, false>; typename Eigen::NumTraits<typename Eigen::internal::traits<T>::Scalar>::Real = double; typename Eigen::internal::traits<T>::Scalar = double]’
/usr/local/lib/R/site-library/RcppEigen/include/Eigen/src/Core/Dot.h:269:52:   required from ‘typename Eigen::NumTraits<typename Eigen::internal::traits<T>::Scalar>::Real Eigen::MatrixBase<Derived>::lpNorm() const [with int p = 1; Derived = Eigen::Block<Eigen::Block<Eigen::Matrix<double, -1, -1>, -1, 1, true>, -1, 1, false>; typename Eigen::NumTraits<typename Eigen::internal::traits<T>::Scalar>::Real = double; typename Eigen::internal::traits<T>::Scalar = double]’
/usr/local/lib/R/site-library/RcppEigen/include/Eigen/src/Cholesky/LLT.h:448:74:   required from ‘Eigen::LLT<_MatrixType, _UpLo>& Eigen::LLT<MatrixType, UpLo>::compute(const Eigen::EigenBase<OtherDerived>&) [with InputType = Eigen::Matrix<double, -1, -1>; _MatrixType = Eigen::Matrix<double, -1, -1>; int _UpLo = 1]’
/usr/local/lib/R/site-library/RcppEigen/include/Eigen/src/Cholesky/LLT.h:109:14:   required from ‘Eigen::LLT<MatrixType, UpLo>::LLT(const Eigen::EigenBase<OtherDerived>&) [with InputType = Eigen::Matrix<double, -1, -1>; _MatrixType = Eigen::Matrix<double, -1, -1>; int _UpLo = 1]’
/usr/local/lib/R/site-library/RcppEigen/include/Eigen/src/Cholesky/LLT.h:542:10:   required from ‘const Eigen::LLT<typename Eigen::DenseBase<Derived>::PlainObject> Eigen::MatrixBase<Derived>::llt() const [with Derived = Eigen::Matrix<double, -1, -1>; typename Eigen::DenseBase<Derived>::PlainObject = Eigen::Matrix<double, -1, -1>]’
../inst/include/RcppML/project.hpp:123:51:   required from here
/usr/local/lib/R/site-library/RcppEigen/include/Eigen/src/Core/CoreEvaluators.h:1071:54: warning: ignoring attributes on template argument ‘Eigen::internal::packet_traits<double>::type’ {aka ‘__m128d’} [-Wignored-attributes]
 1071 |     PacketAlignment = unpacket_traits<PacketScalar>::alignment,
      |                                                      ^~~~~~~~~
/usr/local/lib/R/site-library/RcppEigen/include/Eigen/src/Core/CoreEvaluators.h: In instantiation of ‘struct Eigen::internal::evaluator<Eigen::Block<Eigen::Block<Eigen::Matrix<double, -1, -1>, 1, -1, false>, 1, -1, false> >’:
/usr/local/lib/R/site-library/RcppEigen/include/Eigen/src/Core/CoreEvaluators.h:100:8:   required from ‘struct Eigen::internal::evaluator<const Eigen::Block<Eigen::Block<Eigen::Matrix<double, -1, -1>, 1, -1, false>, 1, -1, false> >’
/usr/local/lib/R/site-library/RcppEigen/include/Eigen/src/Core/CoreEvaluators.h:564:45:   required from ‘struct Eigen::internal::unary_evaluator<Eigen::CwiseUnaryOp<Eigen::internal::scalar_abs_op<double>, const Eigen::Block<Eigen::Block<Eigen::Matrix<double, -1, -1>, 1, -1, false>, 1, -1, false> >, Eigen::internal::IndexBased, double>’
/usr/local/lib/R/site-library/RcppEigen/include/Eigen/src/Core/CoreEvaluators.h:90:8:   required from ‘struct Eigen::internal::evaluator<Eigen::CwiseUnaryOp<Eigen::internal::scalar_abs_op<double>, const Eigen::Block<Eigen::Block<Eigen::Matrix<double, -1, -1>, 1, -1, false>, 1, -1, false> > >’
/usr/local/lib/R/site-library/RcppEigen/include/Eigen/src/Core/Redux.h:357:7:   required from ‘class Eigen::internal::redux_evaluator<Eigen::CwiseUnaryOp<Eigen::internal::scalar_abs_op<double>, const Eigen::Block<Eigen::Block<Eigen::Matrix<double, -1, -1>, 1, -1, false>, 1, -1, false> > >’
/usr/local/lib/R/site-library/RcppEigen/include/Eigen/src/Core/Redux.h:414:17:   [ skipping 2 instantiation contexts, use -ftemplate-backtrace-limit=0 to disable ]
/usr/local/lib/R/site-library/RcppEigen/include/Eigen/src/Core/Dot.h:221:28:   required from ‘static typename Eigen::NumTraits<typename Eigen::internal::traits<T>::Scalar>::Real Eigen::internal::lpNorm_selector<Derived, 1>::run(const Eigen::MatrixBase<Derived>&) [with Derived = Eigen::Block<Eigen::Block<Eigen::Matrix<double, -1, -1>, 1, -1, false>, 1, -1, false>; typename Eigen::NumTraits<typename Eigen::internal::traits<T>::Scalar>::Real = double; typename Eigen::internal::traits<T>::Scalar = double]’
/usr/local/lib/R/site-library/RcppEigen/include/Eigen/src/Core/Dot.h:269:52:   required from ‘typename Eigen::NumTraits<typename Eigen::internal::traits<T>::Scalar>::Real Eigen::MatrixBase<Derived>::lpNorm() const [with int p = 1; Derived = Eigen::Block<Eigen::Block<Eigen::Matrix<double, -1, -1>, 1, -1, false>, 1, -1, false>; typename Eigen::NumTraits<typename Eigen::internal::traits<T>::Scalar>::Real = double; typename Eigen::internal::traits<T>::Scalar = double]’
/usr/local/lib/R/site-library/RcppEigen/include/Eigen/src/Cholesky/LLT.h:448:125:   required from ‘Eigen::LLT<_MatrixType, _UpLo>& Eigen::LLT<MatrixType, UpLo>::compute(const Eigen::EigenBase<OtherDerived>&) [with InputType = Eigen::Matrix<double, -1, -1>; _MatrixType = Eigen::Matrix<double, -1, -1>; int _UpLo = 1]’
/usr/local/lib/R/site-library/RcppEigen/include/Eigen/src/Cholesky/LLT.h:109:14:   required from ‘Eigen::LLT<MatrixType, UpLo>::LLT(const Eigen::EigenBase<OtherDerived>&) [with InputType = Eigen::Matrix<double, -1, -1>; _MatrixType = Eigen::Matrix<double, -1, -1>; int _UpLo = 1]’
/usr/local/lib/R/site-library/RcppEigen/include/Eigen/src/Cholesky/LLT.h:542:10:   required from ‘const Eigen::LLT<typename Eigen::DenseBase<Derived>::PlainObject> Eigen::MatrixBase<Derived>::llt() const [with Derived = Eigen::Matrix<double, -1, -1>; typename Eigen::DenseBase<Derived>::PlainObject = Eigen::Matrix<double, -1, -1>]’
../inst/include/RcppML/project.hpp:123:51:   required from here
/usr/local/lib/R/site-library/RcppEigen/include/Eigen/src/Core/CoreEvaluators.h:1071:54: warning: ignoring attributes on template argument ‘Eigen::internal::packet_traits<double>::type’ {aka ‘__m128d’} [-Wignored-attributes]
In file included from /usr/local/lib/R/site-library/RcppEigen/include/Eigen/Core:271,
                 from /usr/local/lib/R/site-library/RcppEigen/include/Eigen/Dense:1,
                 from /usr/local/lib/R/site-library/RcppEigen/include/RcppEigenForward.h:28,
                 from /usr/local/lib/R/site-library/RcppEigen/include/RcppEigen.h:25,
                 from ../inst/include/RcppMLCommon.hpp:36,
                 from ../inst/include/RcppML.hpp:11,
                 from RcppFunctions.cpp:8:
/usr/local/lib/R/site-library/RcppEigen/include/Eigen/src/Core/DenseCoeffsBase.h: In instantiation of ‘class Eigen::DenseCoeffsBase<Eigen::CwiseUnaryOp<Eigen::internal::scalar_abs2_op<double>, const Eigen::Block<Eigen::Matrix<double, -1, -1>, 1, -1, false> >, 0>’:
/usr/local/lib/R/site-library/RcppEigen/include/Eigen/src/Core/DenseBase.h:41:34:   required from ‘class Eigen::DenseBase<Eigen::CwiseUnaryOp<Eigen::internal::scalar_abs2_op<double>, const Eigen::Block<Eigen::Matrix<double, -1, -1>, 1, -1, false> > >’
/usr/local/lib/R/site-library/RcppEigen/include/Eigen/src/Core/MatrixBase.h:48:34:   required from ‘class Eigen::MatrixBase<Eigen::CwiseUnaryOp<Eigen::internal::scalar_abs2_op<double>, const Eigen::Block<Eigen::Matrix<double, -1, -1>, 1, -1, false> > >’
/usr/local/lib/R/site-library/RcppEigen/include/Eigen/src/Core/CwiseUnaryOp.h:94:7:   required from ‘class Eigen::CwiseUnaryOpImpl<Eigen::internal::scalar_abs2_op<double>, const Eigen::Block<Eigen::Matrix<double, -1, -1>, 1, -1, false>, Eigen::Dense>’
/usr/local/lib/R/site-library/RcppEigen/include/Eigen/src/Core/CwiseUnaryOp.h:55:7:   required from ‘class Eigen::CwiseUnaryOp<Eigen::internal::scalar_abs2_op<double>, const Eigen::Block<Eigen::Matrix<double, -1, -1>, 1, -1, false> >’
/usr/local/lib/R/site-library/RcppEigen/include/Eigen/src/Core/Dot.h:98:40:   [ skipping 2 instantiation contexts, use -ftemplate-backtrace-limit=0 to disable ]
/usr/local/lib/R/site-library/RcppEigen/include/Eigen/src/Cholesky/LLT.h:344:23:   required from ‘static Eigen::Index Eigen::internal::llt_inplace<Scalar, 1>::blocked(MatrixType&) [with MatrixType = Eigen::Matrix<double, -1, -1>; Scalar = double; Eigen::Index = long int]’
/usr/local/lib/R/site-library/RcppEigen/include/Eigen/src/Cholesky/LLT.h:408:68:   required from ‘static bool Eigen::internal::LLT_Traits<MatrixType, 1>::inplace_decomposition(MatrixType&) [with MatrixType = Eigen::Matrix<double, -1, -1>]’
/usr/local/lib/R/site-library/RcppEigen/include/Eigen/src/Cholesky/LLT.h:456:42:   required from ‘Eigen::LLT<_MatrixType, _UpLo>& Eigen::LLT<MatrixType, UpLo>::compute(const Eigen::EigenBase<OtherDerived>&) [with InputType = Eigen::Matrix<double, -1, -1>; _MatrixType = Eigen::Matrix<double, -1, -1>; int _UpLo = 1]’
/usr/local/lib/R/site-library/RcppEigen/include/Eigen/src/Cholesky/LLT.h:109:14:   required from ‘Eigen::LLT<MatrixType, UpLo>::LLT(const Eigen::EigenBase<OtherDerived>&) [with InputType = Eigen::Matrix<double, -1, -1>; _MatrixType = Eigen::Matrix<double, -1, -1>; int _UpLo = 1]’
/usr/local/lib/R/site-library/RcppEigen/include/Eigen/src/Cholesky/LLT.h:542:10:   required from ‘const Eigen::LLT<typename Eigen::DenseBase<Derived>::PlainObject> Eigen::MatrixBase<Derived>::llt() const [with Derived = Eigen::Matrix<double, -1, -1>; typename Eigen::DenseBase<Derived>::PlainObject = Eigen::Matrix<double, -1, -1>]’
../inst/include/RcppML/project.hpp:123:51:   required from here
/usr/local/lib/R/site-library/RcppEigen/include/Eigen/src/Core/DenseCoeffsBase.h:56:30: warning: ignoring attributes on template argument ‘Eigen::internal::packet_traits<double>::type’ {aka ‘__m128d’} [-Wignored-attributes]
   56 |                      >::type PacketReturnType;
      |                              ^~~~~~~~~~~~~~~~
/usr/local/lib/R/site-library/RcppEigen/include/Eigen/src/Core/DenseCoeffsBase.h: In instantiation of ‘class Eigen::DenseCoeffsBase<Eigen::CwiseUnaryOp<Eigen::internal::scalar_abs2_op<double>, const Eigen::Block<Eigen::Block<Eigen::Matrix<double, -1, -1>, -1, -1, false>, 1, -1, false> >, 0>’:
/usr/local/lib/R/site-library/RcppEigen/include/Eigen/src/Core/DenseBase.h:41:34:   required from ‘class Eigen::DenseBase<Eigen::CwiseUnaryOp<Eigen::internal::scalar_abs2_op<double>, const Eigen::Block<Eigen::Block<Eigen::Matrix<double, -1, -1>, -1, -1, false>, 1, -1, false> > >’
/usr/local/lib/R/site-library/RcppEigen/include/Eigen/src/Core/MatrixBase.h:48:34:   required from ‘class Eigen::MatrixBase<Eigen::CwiseUnaryOp<Eigen::internal::scalar_abs2_op<double>, const Eigen::Block<Eigen::Block<Eigen::Matrix<double, -1, -1>, -1, -1, false>, 1, -1, false> > >’
/usr/local/lib/R/site-library/RcppEigen/include/Eigen/src/Core/CwiseUnaryOp.h:94:7:   required from ‘class Eigen::CwiseUnaryOpImpl<Eigen::internal::scalar_abs2_op<double>, const Eigen::Block<Eigen::Block<Eigen::Matrix<double, -1, -1>, -1, -1, false>, 1, -1, false>, Eigen::Dense>’
/usr/local/lib/R/site-library/RcppEigen/include/Eigen/src/Core/CwiseUnaryOp.h:55:7:   required from ‘class Eigen::CwiseUnaryOp<Eigen::internal::scalar_abs2_op<double>, const Eigen::Block<Eigen::Block<Eigen::Matrix<double, -1, -1>, -1, -1, false>, 1, -1, false> >’
/usr/local/lib/R/site-library/RcppEigen/include/Eigen/src/Core/Dot.h:98:40:   [ skipping 2 instantiation contexts, use -ftemplate-backtrace-limit=0 to disable ]
/usr/local/lib/R/site-library/RcppEigen/include/Eigen/src/Cholesky/LLT.h:363:24:   required from ‘static Eigen::Index Eigen::internal::llt_inplace<Scalar, 1>::blocked(MatrixType&) [with MatrixType = Eigen::Matrix<double, -1, -1>; Scalar = double; Eigen::Index = long int]’
/usr/local/lib/R/site-library/RcppEigen/include/Eigen/src/Cholesky/LLT.h:408:68:   required from ‘static bool Eigen::internal::LLT_Traits<MatrixType, 1>::inplace_decomposition(MatrixType&) [with MatrixType = Eigen::Matrix<double, -1, -1>]’
/usr/local/lib/R/site-library/RcppEigen/include/Eigen/src/Cholesky/LLT.h:456:42:   required from ‘Eigen::LLT<_MatrixType, _UpLo>& Eigen::LLT<MatrixType, UpLo>::compute(const Eigen::EigenBase<OtherDerived>&) [with InputType = Eigen::Matrix<double, -1, -1>; _MatrixType = Eigen::Matrix<double, -1, -1>; int _UpLo = 1]’
/usr/local/lib/R/site-library/RcppEigen/include/Eigen/src/Cholesky/LLT.h:109:14:   required from ‘Eigen::LLT<MatrixType, UpLo>::LLT(const Eigen::EigenBase<OtherDerived>&) [with InputType = Eigen::Matrix<double, -1, -1>; _MatrixType = Eigen::Matrix<double, -1, -1>; int _UpLo = 1]’
/usr/local/lib/R/site-library/RcppEigen/include/Eigen/src/Cholesky/LLT.h:542:10:   required from ‘const Eigen::LLT<typename Eigen::DenseBase<Derived>::PlainObject> Eigen::MatrixBase<Derived>::llt() const [with Derived = Eigen::Matrix<double, -1, -1>; typename Eigen::DenseBase<Derived>::PlainObject = Eigen::Matrix<double, -1, -1>]’
../inst/include/RcppML/project.hpp:123:51:   required from here
/usr/local/lib/R/site-library/RcppEigen/include/Eigen/src/Core/DenseCoeffsBase.h:56:30: warning: ignoring attributes on template argument ‘Eigen::internal::packet_traits<double>::type’ {aka ‘__m128d’} [-Wignored-attributes]
/usr/local/lib/R/site-library/RcppEigen/include/Eigen/src/Core/DenseCoeffsBase.h: In instantiation of ‘class Eigen::DenseCoeffsBase<Eigen::Product<Eigen::Matrix<double, -1, -1>, const Eigen::Block<const Eigen::Transpose<Eigen::Matrix<double, -1, -1> >, -1, 1, false>, 0>, 0>’:
/usr/local/lib/R/site-library/RcppEigen/include/Eigen/src/Core/DenseBase.h:41:34:   required from ‘class Eigen::DenseBase<Eigen::Product<Eigen::Matrix<double, -1, -1>, const Eigen::Block<const Eigen::Transpose<Eigen::Matrix<double, -1, -1> >, -1, 1, false>, 0> >’
/usr/local/lib/R/site-library/RcppEigen/include/Eigen/src/Core/MatrixBase.h:48:34:   required from ‘class Eigen::MatrixBase<Eigen::Product<Eigen::Matrix<double, -1, -1>, const Eigen::Block<const Eigen::Transpose<Eigen::Matrix<double, -1, -1> >, -1, 1, false>, 0> >’
/usr/local/lib/R/site-library/RcppEigen/include/Eigen/src/Core/Product.h:120:7:   required from ‘class Eigen::internal::dense_product_base<Eigen::Matrix<double, -1, -1>, const Eigen::Block<const Eigen::Transpose<Eigen::Matrix<double, -1, -1> >, -1, 1, false>, 0, 7>’
/usr/local/lib/R/site-library/RcppEigen/include/Eigen/src/Core/Product.h:152:7:   required from ‘class Eigen::ProductImpl<Eigen::Matrix<double, -1, -1>, const Eigen::Block<const Eigen::Transpose<Eigen::Matrix<double, -1, -1> >, -1, 1, false>, 0, Eigen::Dense>’
/usr/local/lib/R/site-library/RcppEigen/include/Eigen/src/Core/Product.h:71:7:   required from ‘class Eigen::Product<Eigen::Matrix<double, -1, -1>, const Eigen::Block<const Eigen::Transpose<Eigen::Matrix<double, -1, -1> >, -1, 1, false>, 0>’
/usr/local/lib/R/site-library/RcppEigen/include/Eigen/src/Core/ProductEvaluators.h:345:45:   [ skipping 4 instantiation contexts, use -ftemplate-backtrace-limit=0 to disable ]
/usr/local/lib/R/site-library/RcppEigen/include/Eigen/src/Core/ProductEvaluators.h:148:43:   required from ‘static void Eigen::internal::Assignment<DstXprType, Eigen::Product<Lhs, Rhs, Options>, Eigen::internal::assign_op<Scalar, Scalar>, Eigen::internal::Dense2Dense, typename Eigen::internal::enable_if<((Options == Eigen::DefaultProduct) || (Options == Eigen::AliasFreeProduct))>::type>::run(DstXprType&, const SrcXprType&, const Eigen::internal::assign_op<Scalar, Scalar>&) [with DstXprType = Eigen::Matrix<double, -1, -1>; Lhs = Eigen::Matrix<double, -1, -1>; Rhs = Eigen::Transpose<Eigen::Matrix<double, -1, -1> >; int Options = 0; Scalar = double; Eigen::internal::Assignment<DstXprType, Eigen::Product<Lhs, Rhs, Options>, Eigen::internal::assign_op<Scalar, Scalar>, Eigen::internal::Dense2Dense, typename Eigen::internal::enable_if<((Options == Eigen::DefaultProduct) || (Options == Eigen::AliasFreeProduct))>::type>::SrcXprType = Eigen::Product<Eigen::Matrix<double, -1, -1>, Eigen::Transpose<Eigen::Matrix<double, -1, -1> >, 0>]’
/usr/local/lib/R/site-library/RcppEigen/include/Eigen/src/Core/AssignEvaluator.h:890:49:   required from ‘void Eigen::internal::call_assignment_no_alias(Dst&, const Src&, const Func&) [with Dst = Eigen::Matrix<double, -1, -1>; Src = Eigen::Product<Eigen::Matrix<double, -1, -1>, Eigen::Transpose<Eigen::Matrix<double, -1, -1> >, 0>; Func = Eigen::internal::assign_op<double, double>]’
/usr/local/lib/R/site-library/RcppEigen/include/Eigen/src/Core/PlainObjectBase.h:797:41:   required from ‘Derived& Eigen::PlainObjectBase<Derived>::_set_noalias(const Eigen::DenseBase<OtherDerived>&) [with OtherDerived = Eigen::Product<Eigen::Matrix<double, -1, -1>, Eigen::Transpose<Eigen::Matrix<double, -1, -1> >, 0>; Derived = Eigen::Matrix<double, -1, -1>]’
/usr/local/lib/R/site-library/RcppEigen/include/Eigen/src/Core/PlainObjectBase.h:594:19:   required from ‘Eigen::PlainObjectBase<Derived>::PlainObjectBase(const Eigen::DenseBase<OtherDerived>&) [with OtherDerived = Eigen::Product<Eigen::Matrix<double, -1, -1>, Eigen::Transpose<Eigen::Matrix<double, -1, -1> >, 0>; Derived = Eigen::Matrix<double, -1, -1>]’
/usr/local/lib/R/site-library/RcppEigen/include/Eigen/src/Core/Matrix.h:423:29:   required from ‘Eigen::Matrix<_Scalar, _Rows, _Cols, _Options, _MaxRows, _MaxCols>::Matrix(const Eigen::EigenBase<OtherDerived>&) [with OtherDerived = Eigen::Product<Eigen::Matrix<double, -1, -1>, Eigen::Transpose<Eigen::Matrix<double, -1, -1> >, 0>; _Scalar = double; int _Rows = -1; int _Cols = -1; int _Options = 0; int _MaxRows = -1; int _MaxCols = -1]’
../inst/include/RcppML/project.hpp:149:47:   required from here
/usr/local/lib/R/site-library/RcppEigen/include/Eigen/src/Core/DenseCoeffsBase.h:56:30: warning: ignoring attributes on template argument ‘Eigen::internal::packet_traits<double>::type’ {aka ‘__m128d’} [-Wignored-attributes]
/usr/local/lib/R/site-library/RcppEigen/include/Eigen/src/Core/DenseCoeffsBase.h: In instantiation of ‘class Eigen::DenseCoeffsBase<Eigen::Block<const Eigen::Transpose<Eigen::Matrix<double, -1, -1> >, -1, 1, false>, 0>’:
/usr/local/lib/R/site-library/RcppEigen/include/Eigen/src/Core/DenseCoeffsBase.h:481:7:   required from ‘class Eigen::DenseCoeffsBase<Eigen::Block<const Eigen::Transpose<Eigen::Matrix<double, -1, -1> >, -1, 1, false>, 2>’
/usr/local/lib/R/site-library/RcppEigen/include/Eigen/src/Core/DenseBase.h:41:34:   required from ‘class Eigen::DenseBase<Eigen::Block<const Eigen::Transpose<Eigen::Matrix<double, -1, -1> >, -1, 1, false> >’
/usr/local/lib/R/site-library/RcppEigen/include/Eigen/src/Core/MatrixBase.h:48:34:   required from ‘class Eigen::MatrixBase<Eigen::Block<const Eigen::Transpose<Eigen::Matrix<double, -1, -1> >, -1, 1, false> >’
/usr/local/lib/R/site-library/RcppEigen/include/Eigen/src/Core/MapBase.h:37:34:   required from ‘class Eigen::MapBase<Eigen::Block<const Eigen::Transpose<Eigen::Matrix<double, -1, -1> >, -1, 1, false>, 0>’
/usr/local/lib/R/site-library/RcppEigen/include/Eigen/src/Core/Block.h:329:7:   required from ‘class Eigen::internal::BlockImpl_dense<const Eigen::Transpose<Eigen::Matrix<double, -1, -1> >, -1, 1, false, true>’
/usr/local/lib/R/site-library/RcppEigen/include/Eigen/src/Core/Block.h:154:7:   [ skipping 7 instantiation contexts, use -ftemplate-backtrace-limit=0 to disable ]
/usr/local/lib/R/site-library/RcppEigen/include/Eigen/src/Core/ProductEvaluators.h:148:43:   required from ‘static void Eigen::internal::Assignment<DstXprType, Eigen::Product<Lhs, Rhs, Options>, Eigen::internal::assign_op<Scalar, Scalar>, Eigen::internal::Dense2Dense, typename Eigen::internal::enable_if<((Options == Eigen::DefaultProduct) || (Options == Eigen::AliasFreeProduct))>::type>::run(DstXprType&, const SrcXprType&, const Eigen::internal::assign_op<Scalar, Scalar>&) [with DstXprType = Eigen::Matrix<double, -1, -1>; Lhs = Eigen::Matrix<double, -1, -1>; Rhs = Eigen::Transpose<Eigen::Matrix<double, -1, -1> >; int Options = 0; Scalar = double; Eigen::internal::Assignment<DstXprType, Eigen::Product<Lhs, Rhs, Options>, Eigen::internal::assign_op<Scalar, Scalar>, Eigen::internal::Dense2Dense, typename Eigen::internal::enable_if<((Options == Eigen::DefaultProduct) || (Options == Eigen::AliasFreeProduct))>::type>::SrcXprType = Eigen::Product<Eigen::Matrix<double, -1, -1>, Eigen::Transpose<Eigen::Matrix<double, -1, -1> >, 0>]’
/usr/local/lib/R/site-library/RcppEigen/include/Eigen/src/Core/AssignEvaluator.h:890:49:   required from ‘void Eigen::internal::call_assignment_no_alias(Dst&, const Src&, const Func&) [with Dst = Eigen::Matrix<double, -1, -1>; Src = Eigen::Product<Eigen::Matrix<double, -1, -1>, Eigen::Transpose<Eigen::Matrix<double, -1, -1> >, 0>; Func = Eigen::internal::assign_op<double, double>]’
/usr/local/lib/R/site-library/RcppEigen/include/Eigen/src/Core/PlainObjectBase.h:797:41:   required from ‘Derived& Eigen::PlainObjectBase<Derived>::_set_noalias(const Eigen::DenseBase<OtherDerived>&) [with OtherDerived = Eigen::Product<Eigen::Matrix<double, -1, -1>, Eigen::Transpose<Eigen::Matrix<double, -1, -1> >, 0>; Derived = Eigen::Matrix<double, -1, -1>]’
/usr/local/lib/R/site-library/RcppEigen/include/Eigen/src/Core/PlainObjectBase.h:594:19:   required from ‘Eigen::PlainObjectBase<Derived>::PlainObjectBase(const Eigen::DenseBase<OtherDerived>&) [with OtherDerived = Eigen::Product<Eigen::Matrix<double, -1, -1>, Eigen::Transpose<Eigen::Matrix<double, -1, -1> >, 0>; Derived = Eigen::Matrix<double, -1, -1>]’
/usr/local/lib/R/site-library/RcppEigen/include/Eigen/src/Core/Matrix.h:423:29:   required from ‘Eigen::Matrix<_Scalar, _Rows, _Cols, _Options, _MaxRows, _MaxCols>::Matrix(const Eigen::EigenBase<OtherDerived>&) [with OtherDerived = Eigen::Product<Eigen::Matrix<double, -1, -1>, Eigen::Transpose<Eigen::Matrix<double, -1, -1> >, 0>; _Scalar = double; int _Rows = -1; int _Cols = -1; int _Options = 0; int _MaxRows = -1; int _MaxCols = -1]’
../inst/include/RcppML/project.hpp:149:47:   required from here
/usr/local/lib/R/site-library/RcppEigen/include/Eigen/src/Core/DenseCoeffsBase.h:56:30: warning: ignoring attributes on template argument ‘Eigen::internal::packet_traits<double>::type’ {aka ‘__m128d’} [-Wignored-attributes]
In file included from /usr/local/lib/R/site-library/RcppEigen/include/Eigen/Core:277,
                 from /usr/local/lib/R/site-library/RcppEigen/include/Eigen/Dense:1,
                 from /usr/local/lib/R/site-library/RcppEigen/include/RcppEigenForward.h:28,
                 from /usr/local/lib/R/site-library/RcppEigen/include/RcppEigen.h:25,
                 from ../inst/include/RcppMLCommon.hpp:36,
                 from ../inst/include/RcppML.hpp:11,
                 from RcppFunctions.cpp:8:
/usr/local/lib/R/site-library/RcppEigen/include/Eigen/src/Core/CoreEvaluators.h: In instantiation of ‘struct Eigen::internal::evaluator<Eigen::Block<const Eigen::Transpose<Eigen::Matrix<double, -1, -1> >, -1, 1, false> >’:
/usr/local/lib/R/site-library/RcppEigen/include/Eigen/src/Core/CoreEvaluators.h:100:8:   required from ‘struct Eigen::internal::evaluator<const Eigen::Block<const Eigen::Transpose<Eigen::Matrix<double, -1, -1> >, -1, 1, false> >’
/usr/local/lib/R/site-library/RcppEigen/include/Eigen/src/Core/util/XprHelper.h:372:102:   required from ‘struct Eigen::internal::plain_object_eval<const Eigen::Block<const Eigen::Transpose<Eigen::Matrix<double, -1, -1> >, -1, 1, false>, Eigen::Dense>’
/usr/local/lib/R/site-library/RcppEigen/include/Eigen/src/Core/ProductEvaluators.h:370:45:   required from ‘struct Eigen::internal::generic_product_impl<Eigen::Matrix<double, -1, -1>, const Eigen::Block<const Eigen::Transpose<Eigen::Matrix<double, -1, -1> >, -1, 1, false>, Eigen::DenseShape, Eigen::DenseShape, 7>’
/usr/local/lib/R/site-library/RcppEigen/include/Eigen/src/Core/products/GeneralMatrixMatrix.h:479:24:   required from ‘static void Eigen::internal::generic_product_impl<Lhs, Rhs, Eigen::DenseShape, Eigen::DenseShape, 8>::scaleAndAddTo(Dest&, const Lhs&, const Rhs&, const Scalar&) [with Dest = Eigen::Matrix<double, -1, -1>; Lhs = Eigen::Matrix<double, -1, -1>; Rhs = Eigen::Transpose<Eigen::Matrix<double, -1, -1> >; Eigen::internal::generic_product_impl<Lhs, Rhs, Eigen::DenseShape, Eigen::DenseShape, 8>::Scalar = double]’
/usr/local/lib/R/site-library/RcppEigen/include/Eigen/src/Core/products/GeneralMatrixMatrix.h:445:20:   required from ‘static void Eigen::internal::generic_product_impl<Lhs, Rhs, Eigen::DenseShape, Eigen::DenseShape, 8>::evalTo(Dst&, const Lhs&, const Rhs&) [with Dst = Eigen::Matrix<double, -1, -1>; Lhs = Eigen::Matrix<double, -1, -1>; Rhs = Eigen::Transpose<Eigen::Matrix<double, -1, -1> >]’
/usr/local/lib/R/site-library/RcppEigen/include/Eigen/src/Core/ProductEvaluators.h:148:43:   required from ‘static void Eigen::internal::Assignment<DstXprType, Eigen::Product<Lhs, Rhs, Options>, Eigen::internal::assign_op<Scalar, Scalar>, Eigen::internal::Dense2Dense, typename Eigen::internal::enable_if<((Options == Eigen::DefaultProduct) || (Options == Eigen::AliasFreeProduct))>::type>::run(DstXprType&, const SrcXprType&, const Eigen::internal::assign_op<Scalar, Scalar>&) [with DstXprType = Eigen::Matrix<double, -1, -1>; Lhs = Eigen::Matrix<double, -1, -1>; Rhs = Eigen::Transpose<Eigen::Matrix<double, -1, -1> >; int Options = 0; Scalar = double; Eigen::internal::Assignment<DstXprType, Eigen::Product<Lhs, Rhs, Options>, Eigen::internal::assign_op<Scalar, Scalar>, Eigen::internal::Dense2Dense, typename Eigen::internal::enable_if<((Options == Eigen::DefaultProduct) || (Options == Eigen::AliasFreeProduct))>::type>::SrcXprType = Eigen::Product<Eigen::Matrix<double, -1, -1>, Eigen::Transpose<Eigen::Matrix<double, -1, -1> >, 0>]’
/usr/local/lib/R/site-library/RcppEigen/include/Eigen/src/Core/AssignEvaluator.h:890:49:   required from ‘void Eigen::internal::call_assignment_no_alias(Dst&, const Src&, const Func&) [with Dst = Eigen::Matrix<double, -1, -1>; Src = Eigen::Product<Eigen::Matrix<double, -1, -1>, Eigen::Transpose<Eigen::Matrix<double, -1, -1> >, 0>; Func = Eigen::internal::assign_op<double, double>]’
/usr/local/lib/R/site-library/RcppEigen/include/Eigen/src/Core/PlainObjectBase.h:797:41:   required from ‘Derived& Eigen::PlainObjectBase<Derived>::_set_noalias(const Eigen::DenseBase<OtherDerived>&) [with OtherDerived = Eigen::Product<Eigen::Matrix<double, -1, -1>, Eigen::Transpose<Eigen::Matrix<double, -1, -1> >, 0>; Derived = Eigen::Matrix<double, -1, -1>]’
/usr/local/lib/R/site-library/RcppEigen/include/Eigen/src/Core/PlainObjectBase.h:594:19:   required from ‘Eigen::PlainObjectBase<Derived>::PlainObjectBase(const Eigen::DenseBase<OtherDerived>&) [with OtherDerived = Eigen::Product<Eigen::Matrix<double, -1, -1>, Eigen::Transpose<Eigen::Matrix<double, -1, -1> >, 0>; Derived = Eigen::Matrix<double, -1, -1>]’
/usr/local/lib/R/site-library/RcppEigen/include/Eigen/src/Core/Matrix.h:423:29:   required from ‘Eigen::Matrix<_Scalar, _Rows, _Cols, _Options, _MaxRows, _MaxCols>::Matrix(const Eigen::EigenBase<OtherDerived>&) [with OtherDerived = Eigen::Product<Eigen::Matrix<double, -1, -1>, Eigen::Transpose<Eigen::Matrix<double, -1, -1> >, 0>; _Scalar = double; int _Rows = -1; int _Cols = -1; int _Options = 0; int _MaxRows = -1; int _MaxCols = -1]’
../inst/include/RcppML/project.hpp:149:47:   required from here
/usr/local/lib/R/site-library/RcppEigen/include/Eigen/src/Core/CoreEvaluators.h:1071:54: warning: ignoring attributes on template argument ‘Eigen::internal::packet_traits<double>::type’ {aka ‘__m128d’} [-Wignored-attributes]
 1071 |     PacketAlignment = unpacket_traits<PacketScalar>::alignment,
      |                                                      ^~~~~~~~~
In file included from /usr/local/lib/R/site-library/RcppEigen/include/Eigen/Core:271,
                 from /usr/local/lib/R/site-library/RcppEigen/include/Eigen/Dense:1,
                 from /usr/local/lib/R/site-library/RcppEigen/include/RcppEigenForward.h:28,
                 from /usr/local/lib/R/site-library/RcppEigen/include/RcppEigen.h:25,
                 from ../inst/include/RcppMLCommon.hpp:36,
                 from ../inst/include/RcppML.hpp:11,
                 from RcppFunctions.cpp:8:
/usr/local/lib/R/site-library/RcppEigen/include/Eigen/src/Core/DenseCoeffsBase.h: In instantiation of ‘class Eigen::DenseCoeffsBase<Eigen::Product<const Eigen::Block<const Eigen::Matrix<double, -1, -1>, 1, -1, false>, Eigen::Transpose<Eigen::Matrix<double, -1, -1> >, 0>, 0>’:
/usr/local/lib/R/site-library/RcppEigen/include/Eigen/src/Core/DenseBase.h:41:34:   required from ‘class Eigen::DenseBase<Eigen::Product<const Eigen::Block<const Eigen::Matrix<double, -1, -1>, 1, -1, false>, Eigen::Transpose<Eigen::Matrix<double, -1, -1> >, 0> >’
/usr/local/lib/R/site-library/RcppEigen/include/Eigen/src/Core/MatrixBase.h:48:34:   required from ‘class Eigen::MatrixBase<Eigen::Product<const Eigen::Block<const Eigen::Matrix<double, -1, -1>, 1, -1, false>, Eigen::Transpose<Eigen::Matrix<double, -1, -1> >, 0> >’
/usr/local/lib/R/site-library/RcppEigen/include/Eigen/src/Core/Product.h:120:7:   required from ‘class Eigen::internal::dense_product_base<const Eigen::Block<const Eigen::Matrix<double, -1, -1>, 1, -1, false>, Eigen::Transpose<Eigen::Matrix<double, -1, -1> >, 0, 7>’
/usr/local/lib/R/site-library/RcppEigen/include/Eigen/src/Core/Product.h:152:7:   required from ‘class Eigen::ProductImpl<const Eigen::Block<const Eigen::Matrix<double, -1, -1>, 1, -1, false>, Eigen::Transpose<Eigen::Matrix<double, -1, -1> >, 0, Eigen::Dense>’
/usr/local/lib/R/site-library/RcppEigen/include/Eigen/src/Core/Product.h:71:7:   required from ‘class Eigen::Product<const Eigen::Block<const Eigen::Matrix<double, -1, -1>, 1, -1, false>, Eigen::Transpose<Eigen::Matrix<double, -1, -1> >, 0>’
/usr/local/lib/R/site-library/RcppEigen/include/Eigen/src/Core/ProductEvaluators.h:345:45:   [ skipping 4 instantiation contexts, use -ftemplate-backtrace-limit=0 to disable ]
/usr/local/lib/R/site-library/RcppEigen/include/Eigen/src/Core/ProductEvaluators.h:148:43:   required from ‘static void Eigen::internal::Assignment<DstXprType, Eigen::Product<Lhs, Rhs, Options>, Eigen::internal::assign_op<Scalar, Scalar>, Eigen::internal::Dense2Dense, typename Eigen::internal::enable_if<((Options == Eigen::DefaultProduct) || (Options == Eigen::AliasFreeProduct))>::type>::run(DstXprType&, const SrcXprType&, const Eigen::internal::assign_op<Scalar, Scalar>&) [with DstXprType = Eigen::Matrix<double, -1, -1>; Lhs = Eigen::Matrix<double, -1, -1>; Rhs = Eigen::Transpose<Eigen::Matrix<double, -1, -1> >; int Options = 0; Scalar = double; Eigen::internal::Assignment<DstXprType, Eigen::Product<Lhs, Rhs, Options>, Eigen::internal::assign_op<Scalar, Scalar>, Eigen::internal::Dense2Dense, typename Eigen::internal::enable_if<((Options == Eigen::DefaultProduct) || (Options == Eigen::AliasFreeProduct))>::type>::SrcXprType = Eigen::Product<Eigen::Matrix<double, -1, -1>, Eigen::Transpose<Eigen::Matrix<double, -1, -1> >, 0>]’
/usr/local/lib/R/site-library/RcppEigen/include/Eigen/src/Core/AssignEvaluator.h:890:49:   required from ‘void Eigen::internal::call_assignment_no_alias(Dst&, const Src&, const Func&) [with Dst = Eigen::Matrix<double, -1, -1>; Src = Eigen::Product<Eigen::Matrix<double, -1, -1>, Eigen::Transpose<Eigen::Matrix<double, -1, -1> >, 0>; Func = Eigen::internal::assign_op<double, double>]’
/usr/local/lib/R/site-library/RcppEigen/include/Eigen/src/Core/PlainObjectBase.h:797:41:   required from ‘Derived& Eigen::PlainObjectBase<Derived>::_set_noalias(const Eigen::DenseBase<OtherDerived>&) [with OtherDerived = Eigen::Product<Eigen::Matrix<double, -1, -1>, Eigen::Transpose<Eigen::Matrix<double, -1, -1> >, 0>; Derived = Eigen::Matrix<double, -1, -1>]’
/usr/local/lib/R/site-library/RcppEigen/include/Eigen/src/Core/PlainObjectBase.h:594:19:   required from ‘Eigen::PlainObjectBase<Derived>::PlainObjectBase(const Eigen::DenseBase<OtherDerived>&) [with OtherDerived = Eigen::Product<Eigen::Matrix<double, -1, -1>, Eigen::Transpose<Eigen::Matrix<double, -1, -1> >, 0>; Derived = Eigen::Matrix<double, -1, -1>]’
/usr/local/lib/R/site-library/RcppEigen/include/Eigen/src/Core/Matrix.h:423:29:   required from ‘Eigen::Matrix<_Scalar, _Rows, _Cols, _Options, _MaxRows, _MaxCols>::Matrix(const Eigen::EigenBase<OtherDerived>&) [with OtherDerived = Eigen::Product<Eigen::Matrix<double, -1, -1>, Eigen::Transpose<Eigen::Matrix<double, -1, -1> >, 0>; _Scalar = double; int _Rows = -1; int _Cols = -1; int _Options = 0; int _MaxRows = -1; int _MaxCols = -1]’
../inst/include/RcppML/project.hpp:149:47:   required from here
/usr/local/lib/R/site-library/RcppEigen/include/Eigen/src/Core/DenseCoeffsBase.h:56:30: warning: ignoring attributes on template argument ‘Eigen::internal::packet_traits<double>::type’ {aka ‘__m128d’} [-Wignored-attributes]
   56 |                      >::type PacketReturnType;
      |                              ^~~~~~~~~~~~~~~~
/usr/local/lib/R/site-library/RcppEigen/include/Eigen/src/Core/DenseCoeffsBase.h: In instantiation of ‘class Eigen::DenseCoeffsBase<Eigen::Product<Eigen::Matrix<double, -1, -1>, Eigen::Transpose<const Eigen::Matrix<double, -1, -1> >, 1>, 0>’:
/usr/local/lib/R/site-library/RcppEigen/include/Eigen/src/Core/DenseBase.h:41:34:   required from ‘class Eigen::DenseBase<Eigen::Product<Eigen::Matrix<double, -1, -1>, Eigen::Transpose<const Eigen::Matrix<double, -1, -1> >, 1> >’
/usr/local/lib/R/site-library/RcppEigen/include/Eigen/src/Core/MatrixBase.h:48:34:   required from ‘class Eigen::MatrixBase<Eigen::Product<Eigen::Matrix<double, -1, -1>, Eigen::Transpose<const Eigen::Matrix<double, -1, -1> >, 1> >’
/usr/local/lib/R/site-library/RcppEigen/include/Eigen/src/Core/Product.h:120:7:   required from ‘class Eigen::internal::dense_product_base<Eigen::Matrix<double, -1, -1>, Eigen::Transpose<const Eigen::Matrix<double, -1, -1> >, 1, 8>’
/usr/local/lib/R/site-library/RcppEigen/include/Eigen/src/Core/Product.h:152:7:   required from ‘class Eigen::ProductImpl<Eigen::Matrix<double, -1, -1>, Eigen::Transpose<const Eigen::Matrix<double, -1, -1> >, 1, Eigen::Dense>’
/usr/local/lib/R/site-library/RcppEigen/include/Eigen/src/Core/Product.h:71:7:   required from ‘class Eigen::Product<Eigen::Matrix<double, -1, -1>, Eigen::Transpose<const Eigen::Matrix<double, -1, -1> >, 1>’
/usr/local/lib/R/site-library/RcppEigen/include/Eigen/src/Core/ProductEvaluators.h:462:68:   [ skipping 3 instantiation contexts, use -ftemplate-backtrace-limit=0 to disable ]
/usr/local/lib/R/site-library/RcppEigen/include/Eigen/src/Core/ProductEvaluators.h:148:43:   required from ‘static void Eigen::internal::Assignment<DstXprType, Eigen::Product<Lhs, Rhs, Options>, Eigen::internal::assign_op<Scalar, Scalar>, Eigen::internal::Dense2Dense, typename Eigen::internal::enable_if<((Options == Eigen::DefaultProduct) || (Options == Eigen::AliasFreeProduct))>::type>::run(DstXprType&, const SrcXprType&, const Eigen::internal::assign_op<Scalar, Scalar>&) [with DstXprType = Eigen::Matrix<double, 2, 2>; Lhs = Eigen::Matrix<double, -1, -1>; Rhs = Eigen::Transpose<const Eigen::Matrix<double, -1, -1> >; int Options = 0; Scalar = double; Eigen::internal::Assignment<DstXprType, Eigen::Product<Lhs, Rhs, Options>, Eigen::internal::assign_op<Scalar, Scalar>, Eigen::internal::Dense2Dense, typename Eigen::internal::enable_if<((Options == Eigen::DefaultProduct) || (Options == Eigen::AliasFreeProduct))>::type>::SrcXprType = Eigen::Product<Eigen::Matrix<double, -1, -1>, Eigen::Transpose<const Eigen::Matrix<double, -1, -1> >, 0>]’
/usr/local/lib/R/site-library/RcppEigen/include/Eigen/src/Core/AssignEvaluator.h:890:49:   required from ‘void Eigen::internal::call_assignment_no_alias(Dst&, const Src&, const Func&) [with Dst = Eigen::Matrix<double, 2, 2>; Src = Eigen::Product<Eigen::Matrix<double, -1, -1>, Eigen::Transpose<const Eigen::Matrix<double, -1, -1> >, 0>; Func = Eigen::internal::assign_op<double, double>]’
/usr/local/lib/R/site-library/RcppEigen/include/Eigen/src/Core/PlainObjectBase.h:797:41:   required from ‘Derived& Eigen::PlainObjectBase<Derived>::_set_noalias(const Eigen::DenseBase<OtherDerived>&) [with OtherDerived = Eigen::Product<Eigen::Matrix<double, -1, -1>, Eigen::Transpose<const Eigen::Matrix<double, -1, -1> >, 0>; Derived = Eigen::Matrix<double, 2, 2>]’
/usr/local/lib/R/site-library/RcppEigen/include/Eigen/src/Core/PlainObjectBase.h:594:19:   required from ‘Eigen::PlainObjectBase<Derived>::PlainObjectBase(const Eigen::DenseBase<OtherDerived>&) [with OtherDerived = Eigen::Product<Eigen::Matrix<double, -1, -1>, Eigen::Transpose<const Eigen::Matrix<double, -1, -1> >, 0>; Derived = Eigen::Matrix<double, 2, 2>]’
/usr/local/lib/R/site-library/RcppEigen/include/Eigen/src/Core/Matrix.h:423:29:   required from ‘Eigen::Matrix<_Scalar, _Rows, _Cols, _Options, _MaxRows, _MaxCols>::Matrix(const Eigen::EigenBase<OtherDerived>&) [with OtherDerived = Eigen::Product<Eigen::Matrix<double, -1, -1>, Eigen::Transpose<const Eigen::Matrix<double, -1, -1> >, 0>; _Scalar = double; int _Rows = 2; int _Cols = 2; int _Options = 0; int _MaxRows = 2; int _MaxCols = 2]’
../inst/include/RcppML/project.hpp:106:41:   required from here
/usr/local/lib/R/site-library/RcppEigen/include/Eigen/src/Core/DenseCoeffsBase.h:56:30: warning: ignoring attributes on template argument ‘Eigen::internal::packet_traits<double>::type’ {aka ‘__m128d’} [-Wignored-attributes]
/usr/local/lib/R/site-library/RcppEigen/include/Eigen/src/Core/DenseCoeffsBase.h: In instantiation of ‘class Eigen::DenseCoeffsBase<Eigen::CwiseNullaryOp<Eigen::internal::scalar_constant_op<double>, Eigen::Matrix<double, 2, 2> >, 0>’:
/usr/local/lib/R/site-library/RcppEigen/include/Eigen/src/Core/DenseBase.h:41:34:   required from ‘class Eigen::DenseBase<Eigen::CwiseNullaryOp<Eigen::internal::scalar_constant_op<double>, Eigen::Matrix<double, 2, 2> > >’
/usr/local/lib/R/site-library/RcppEigen/include/Eigen/src/Core/MatrixBase.h:48:34:   required from ‘class Eigen::MatrixBase<Eigen::CwiseNullaryOp<Eigen::internal::scalar_constant_op<double>, Eigen::Matrix<double, 2, 2> > >’
/usr/local/lib/R/site-library/RcppEigen/include/Eigen/src/Core/CwiseNullaryOp.h:60:7:   required from ‘class Eigen::CwiseNullaryOp<Eigen::internal::scalar_constant_op<double>, Eigen::Matrix<double, 2, 2> >’
/usr/local/lib/R/site-library/RcppEigen/include/Eigen/src/Core/CwiseNullaryOp.h:347:30:   required from ‘Derived& Eigen::DenseBase<Derived>::setConstant(const Scalar&) [with Derived = Eigen::Matrix<double, 2, 2>; Eigen::DenseBase<Derived>::Scalar = double]’
/usr/local/lib/R/site-library/RcppEigen/include/Eigen/src/Core/CwiseNullaryOp.h:548:10:   [ skipping 2 instantiation contexts, use -ftemplate-backtrace-limit=0 to disable ]
/usr/local/lib/R/site-library/RcppEigen/include/Eigen/src/Core/ProductEvaluators.h:148:43:   required from ‘static void Eigen::internal::Assignment<DstXprType, Eigen::Product<Lhs, Rhs, Options>, Eigen::internal::assign_op<Scalar, Scalar>, Eigen::internal::Dense2Dense, typename Eigen::internal::enable_if<((Options == Eigen::DefaultProduct) || (Options == Eigen::AliasFreeProduct))>::type>::run(DstXprType&, const SrcXprType&, const Eigen::internal::assign_op<Scalar, Scalar>&) [with DstXprType = Eigen::Matrix<double, 2, 2>; Lhs = Eigen::Matrix<double, -1, -1>; Rhs = Eigen::Transpose<const Eigen::Matrix<double, -1, -1> >; int Options = 0; Scalar = double; Eigen::internal::Assignment<DstXprType, Eigen::Product<Lhs, Rhs, Options>, Eigen::internal::assign_op<Scalar, Scalar>, Eigen::internal::Dense2Dense, typename Eigen::internal::enable_if<((Options == Eigen::DefaultProduct) || (Options == Eigen::AliasFreeProduct))>::type>::SrcXprType = Eigen::Product<Eigen::Matrix<double, -1, -1>, Eigen::Transpose<const Eigen::Matrix<double, -1, -1> >, 0>]’
/usr/local/lib/R/site-library/RcppEigen/include/Eigen/src/Core/AssignEvaluator.h:890:49:   required from ‘void Eigen::internal::call_assignment_no_alias(Dst&, const Src&, const Func&) [with Dst = Eigen::Matrix<double, 2, 2>; Src = Eigen::Product<Eigen::Matrix<double, -1, -1>, Eigen::Transpose<const Eigen::Matrix<double, -1, -1> >, 0>; Func = Eigen::internal::assign_op<double, double>]’
/usr/local/lib/R/site-library/RcppEigen/include/Eigen/src/Core/PlainObjectBase.h:797:41:   required from ‘Derived& Eigen::PlainObjectBase<Derived>::_set_noalias(const Eigen::DenseBase<OtherDerived>&) [with OtherDerived = Eigen::Product<Eigen::Matrix<double, -1, -1>, Eigen::Transpose<const Eigen::Matrix<double, -1, -1> >, 0>; Derived = Eigen::Matrix<double, 2, 2>]’
/usr/local/lib/R/site-library/RcppEigen/include/Eigen/src/Core/PlainObjectBase.h:594:19:   required from ‘Eigen::PlainObjectBase<Derived>::PlainObjectBase(const Eigen::DenseBase<OtherDerived>&) [with OtherDerived = Eigen::Product<Eigen::Matrix<double, -1, -1>, Eigen::Transpose<const Eigen::Matrix<double, -1, -1> >, 0>; Derived = Eigen::Matrix<double, 2, 2>]’
/usr/local/lib/R/site-library/RcppEigen/include/Eigen/src/Core/Matrix.h:423:29:   required from ‘Eigen::Matrix<_Scalar, _Rows, _Cols, _Options, _MaxRows, _MaxCols>::Matrix(const Eigen::EigenBase<OtherDerived>&) [with OtherDerived = Eigen::Product<Eigen::Matrix<double, -1, -1>, Eigen::Transpose<const Eigen::Matrix<double, -1, -1> >, 0>; _Scalar = double; int _Rows = 2; int _Cols = 2; int _Options = 0; int _MaxRows = 2; int _MaxCols = 2]’
../inst/include/RcppML/project.hpp:106:41:   required from here
/usr/local/lib/R/site-library/RcppEigen/include/Eigen/src/Core/DenseCoeffsBase.h:56:30: warning: ignoring attributes on template argument ‘Eigen::internal::packet_traits<double>::type’ {aka ‘__m128d’} [-Wignored-attributes]
/usr/local/lib/R/site-library/RcppEigen/include/Eigen/src/Core/DenseCoeffsBase.h: In instantiation of ‘class Eigen::DenseCoeffsBase<Eigen::Block<const Eigen::Block<const Eigen::Transpose<const Eigen::Matrix<double, -1, -1> >, -1, 1, false>, -1, 1, true>, 0>’:
/usr/local/lib/R/site-library/RcppEigen/include/Eigen/src/Core/DenseCoeffsBase.h:481:7:   required from ‘class Eigen::DenseCoeffsBase<Eigen::Block<const Eigen::Block<const Eigen::Transpose<const Eigen::Matrix<double, -1, -1> >, -1, 1, false>, -1, 1, true>, 2>’
/usr/local/lib/R/site-library/RcppEigen/include/Eigen/src/Core/DenseBase.h:41:34:   required from ‘class Eigen::DenseBase<Eigen::Block<const Eigen::Block<const Eigen::Transpose<const Eigen::Matrix<double, -1, -1> >, -1, 1, false>, -1, 1, true> >’
/usr/local/lib/R/site-library/RcppEigen/include/Eigen/src/Core/MatrixBase.h:48:34:   required from ‘class Eigen::MatrixBase<Eigen::Block<const Eigen::Block<const Eigen::Transpose<const Eigen::Matrix<double, -1, -1> >, -1, 1, false>, -1, 1, true> >’
/usr/local/lib/R/site-library/RcppEigen/include/Eigen/src/Core/MapBase.h:37:34:   required from ‘class Eigen::MapBase<Eigen::Block<const Eigen::Block<const Eigen::Transpose<const Eigen::Matrix<double, -1, -1> >, -1, 1, false>, -1, 1, true>, 0>’
/usr/local/lib/R/site-library/RcppEigen/include/Eigen/src/Core/Block.h:329:7:   required from ‘class Eigen::internal::BlockImpl_dense<const Eigen::Block<const Eigen::Transpose<const Eigen::Matrix<double, -1, -1> >, -1, 1, false>, -1, 1, true, true>’
/usr/local/lib/R/site-library/RcppEigen/include/Eigen/src/Core/Block.h:154:7:   [ skipping 5 instantiation contexts, use -ftemplate-backtrace-limit=0 to disable ]
/usr/local/lib/R/site-library/RcppEigen/include/Eigen/src/Core/ProductEvaluators.h:148:43:   required from ‘static void Eigen::internal::Assignment<DstXprType, Eigen::Product<Lhs, Rhs, Options>, Eigen::internal::assign_op<Scalar, Scalar>, Eigen::internal::Dense2Dense, typename Eigen::internal::enable_if<((Options == Eigen::DefaultProduct) || (Options == Eigen::AliasFreeProduct))>::type>::run(DstXprType&, const SrcXprType&, const Eigen::internal::assign_op<Scalar, Scalar>&) [with DstXprType = Eigen::Matrix<double, 2, 2>; Lhs = Eigen::Matrix<double, -1, -1>; Rhs = Eigen::Transpose<const Eigen::Matrix<double, -1, -1> >; int Options = 0; Scalar = double; Eigen::internal::Assignment<DstXprType, Eigen::Product<Lhs, Rhs, Options>, Eigen::internal::assign_op<Scalar, Scalar>, Eigen::internal::Dense2Dense, typename Eigen::internal::enable_if<((Options == Eigen::DefaultProduct) || (Options == Eigen::AliasFreeProduct))>::type>::SrcXprType = Eigen::Product<Eigen::Matrix<double, -1, -1>, Eigen::Transpose<const Eigen::Matrix<double, -1, -1> >, 0>]’
/usr/local/lib/R/site-library/RcppEigen/include/Eigen/src/Core/AssignEvaluator.h:890:49:   required from ‘void Eigen::internal::call_assignment_no_alias(Dst&, const Src&, const Func&) [with Dst = Eigen::Matrix<double, 2, 2>; Src = Eigen::Product<Eigen::Matrix<double, -1, -1>, Eigen::Transpose<const Eigen::Matrix<double, -1, -1> >, 0>; Func = Eigen::internal::assign_op<double, double>]’
/usr/local/lib/R/site-library/RcppEigen/include/Eigen/src/Core/PlainObjectBase.h:797:41:   required from ‘Derived& Eigen::PlainObjectBase<Derived>::_set_noalias(const Eigen::DenseBase<OtherDerived>&) [with OtherDerived = Eigen::Product<Eigen::Matrix<double, -1, -1>, Eigen::Transpose<const Eigen::Matrix<double, -1, -1> >, 0>; Derived = Eigen::Matrix<double, 2, 2>]’
/usr/local/lib/R/site-library/RcppEigen/include/Eigen/src/Core/PlainObjectBase.h:594:19:   required from ‘Eigen::PlainObjectBase<Derived>::PlainObjectBase(const Eigen::DenseBase<OtherDerived>&) [with OtherDerived = Eigen::Product<Eigen::Matrix<double, -1, -1>, Eigen::Transpose<const Eigen::Matrix<double, -1, -1> >, 0>; Derived = Eigen::Matrix<double, 2, 2>]’
/usr/local/lib/R/site-library/RcppEigen/include/Eigen/src/Core/Matrix.h:423:29:   required from ‘Eigen::Matrix<_Scalar, _Rows, _Cols, _Options, _MaxRows, _MaxCols>::Matrix(const Eigen::EigenBase<OtherDerived>&) [with OtherDerived = Eigen::Product<Eigen::Matrix<double, -1, -1>, Eigen::Transpose<const Eigen::Matrix<double, -1, -1> >, 0>; _Scalar = double; int _Rows = 2; int _Cols = 2; int _Options = 0; int _MaxRows = 2; int _MaxCols = 2]’
../inst/include/RcppML/project.hpp:106:41:   required from here
/usr/local/lib/R/site-library/RcppEigen/include/Eigen/src/Core/DenseCoeffsBase.h:56:30: warning: ignoring attributes on template argument ‘Eigen::internal::packet_traits<double>::type’ {aka ‘__m128d’} [-Wignored-attributes]
/usr/local/lib/R/site-library/RcppEigen/include/Eigen/src/Core/DenseCoeffsBase.h: In instantiation of ‘class Eigen::DenseCoeffsBase<Eigen::Block<const Eigen::Block<const Eigen::Matrix<double, -1, -1>, 1, -1, false>, 1, -1, true>, 0>’:
/usr/local/lib/R/site-library/RcppEigen/include/Eigen/src/Core/DenseCoeffsBase.h:481:7:   required from ‘class Eigen::DenseCoeffsBase<Eigen::Block<const Eigen::Block<const Eigen::Matrix<double, -1, -1>, 1, -1, false>, 1, -1, true>, 2>’
/usr/local/lib/R/site-library/RcppEigen/include/Eigen/src/Core/DenseBase.h:41:34:   required from ‘class Eigen::DenseBase<Eigen::Block<const Eigen::Block<const Eigen::Matrix<double, -1, -1>, 1, -1, false>, 1, -1, true> >’
/usr/local/lib/R/site-library/RcppEigen/include/Eigen/src/Core/MatrixBase.h:48:34:   required from ‘class Eigen::MatrixBase<Eigen::Block<const Eigen::Block<const Eigen::Matrix<double, -1, -1>, 1, -1, false>, 1, -1, true> >’
/usr/local/lib/R/site-library/RcppEigen/include/Eigen/src/Core/MapBase.h:37:34:   required from ‘class Eigen::MapBase<Eigen::Block<const Eigen::Block<const Eigen::Matrix<double, -1, -1>, 1, -1, false>, 1, -1, true>, 0>’
/usr/local/lib/R/site-library/RcppEigen/include/Eigen/src/Core/Block.h:329:7:   required from ‘class Eigen::internal::BlockImpl_dense<const Eigen::Block<const Eigen::Matrix<double, -1, -1>, 1, -1, false>, 1, -1, true, true>’
/usr/local/lib/R/site-library/RcppEigen/include/Eigen/src/Core/Block.h:154:7:   [ skipping 5 instantiation contexts, use -ftemplate-backtrace-limit=0 to disable ]
/usr/local/lib/R/site-library/RcppEigen/include/Eigen/src/Core/ProductEvaluators.h:148:43:   required from ‘static void Eigen::internal::Assignment<DstXprType, Eigen::Product<Lhs, Rhs, Options>, Eigen::internal::assign_op<Scalar, Scalar>, Eigen::internal::Dense2Dense, typename Eigen::internal::enable_if<((Options == Eigen::DefaultProduct) || (Options == Eigen::AliasFreeProduct))>::type>::run(DstXprType&, const SrcXprType&, const Eigen::internal::assign_op<Scalar, Scalar>&) [with DstXprType = Eigen::Matrix<double, 2, 2>; Lhs = Eigen::Matrix<double, -1, -1>; Rhs = Eigen::Transpose<const Eigen::Matrix<double, -1, -1> >; int Options = 0; Scalar = double; Eigen::internal::Assignment<DstXprType, Eigen::Product<Lhs, Rhs, Options>, Eigen::internal::assign_op<Scalar, Scalar>, Eigen::internal::Dense2Dense, typename Eigen::internal::enable_if<((Options == Eigen::DefaultProduct) || (Options == Eigen::AliasFreeProduct))>::type>::SrcXprType = Eigen::Product<Eigen::Matrix<double, -1, -1>, Eigen::Transpose<const Eigen::Matrix<double, -1, -1> >, 0>]’
/usr/local/lib/R/site-library/RcppEigen/include/Eigen/src/Core/AssignEvaluator.h:890:49:   required from ‘void Eigen::internal::call_assignment_no_alias(Dst&, const Src&, const Func&) [with Dst = Eigen::Matrix<double, 2, 2>; Src = Eigen::Product<Eigen::Matrix<double, -1, -1>, Eigen::Transpose<const Eigen::Matrix<double, -1, -1> >, 0>; Func = Eigen::internal::assign_op<double, double>]’
/usr/local/lib/R/site-library/RcppEigen/include/Eigen/src/Core/PlainObjectBase.h:797:41:   required from ‘Derived& Eigen::PlainObjectBase<Derived>::_set_noalias(const Eigen::DenseBase<OtherDerived>&) [with OtherDerived = Eigen::Product<Eigen::Matrix<double, -1, -1>, Eigen::Transpose<const Eigen::Matrix<double, -1, -1> >, 0>; Derived = Eigen::Matrix<double, 2, 2>]’
/usr/local/lib/R/site-library/RcppEigen/include/Eigen/src/Core/PlainObjectBase.h:594:19:   required from ‘Eigen::PlainObjectBase<Derived>::PlainObjectBase(const Eigen::DenseBase<OtherDerived>&) [with OtherDerived = Eigen::Product<Eigen::Matrix<double, -1, -1>, Eigen::Transpose<const Eigen::Matrix<double, -1, -1> >, 0>; Derived = Eigen::Matrix<double, 2, 2>]’
/usr/local/lib/R/site-library/RcppEigen/include/Eigen/src/Core/Matrix.h:423:29:   required from ‘Eigen::Matrix<_Scalar, _Rows, _Cols, _Options, _MaxRows, _MaxCols>::Matrix(const Eigen::EigenBase<OtherDerived>&) [with OtherDerived = Eigen::Product<Eigen::Matrix<double, -1, -1>, Eigen::Transpose<const Eigen::Matrix<double, -1, -1> >, 0>; _Scalar = double; int _Rows = 2; int _Cols = 2; int _Options = 0; int _MaxRows = 2; int _MaxCols = 2]’
../inst/include/RcppML/project.hpp:106:41:   required from here
/usr/local/lib/R/site-library/RcppEigen/include/Eigen/src/Core/DenseCoeffsBase.h:56:30: warning: ignoring attributes on template argument ‘Eigen::internal::packet_traits<double>::type’ {aka ‘__m128d’} [-Wignored-attributes]
In file included from /usr/local/lib/R/site-library/RcppEigen/include/Eigen/Core:330,
                 from /usr/local/lib/R/site-library/RcppEigen/include/Eigen/Dense:1,
                 from /usr/local/lib/R/site-library/RcppEigen/include/RcppEigenForward.h:28,
                 from /usr/local/lib/R/site-library/RcppEigen/include/RcppEigen.h:25,
                 from ../inst/include/RcppMLCommon.hpp:36,
                 from ../inst/include/RcppML.hpp:11,
                 from RcppFunctions.cpp:8:
/usr/local/lib/R/site-library/RcppEigen/include/Eigen/src/Core/products/GeneralBlockPanelKernel.h: In instantiation of ‘class Eigen::internal::gebp_traits<double, double, false, false, 1, 0>’:
/usr/local/lib/R/site-library/RcppEigen/include/Eigen/src/Core/products/Parallelizer.h:126:68:   required from ‘void Eigen::internal::parallelize_gemm(const Functor&, Index, Index, Index, bool) [with bool Condition = false; Functor = Eigen::internal::gemm_functor<double, long int, Eigen::internal::general_matrix_matrix_product<long int, double, 0, false, double, 1, false, 0, 1>, Eigen::Matrix<double, -1, -1>, Eigen::Transpose<const Eigen::Matrix<double, -1, -1> >, Eigen::Matrix<double, 2, 2>, Eigen::internal::gemm_blocking_space<0, double, double, 2, 2, -1, 1, false> >; Index = long int]’
/usr/local/lib/R/site-library/RcppEigen/include/Eigen/src/Core/products/GeneralMatrixMatrix.h:509:9:   required from ‘static void Eigen::internal::generic_product_impl<Lhs, Rhs, Eigen::DenseShape, Eigen::DenseShape, 8>::scaleAndAddTo(Dest&, const Lhs&, const Rhs&, const Scalar&) [with Dest = Eigen::Matrix<double, 2, 2>; Lhs = Eigen::Matrix<double, -1, -1>; Rhs = Eigen::Transpose<const Eigen::Matrix<double, -1, -1> >; Eigen::internal::generic_product_impl<Lhs, Rhs, Eigen::DenseShape, Eigen::DenseShape, 8>::Scalar = double]’
/usr/local/lib/R/site-library/RcppEigen/include/Eigen/src/Core/products/GeneralMatrixMatrix.h:445:20:   required from ‘static void Eigen::internal::generic_product_impl<Lhs, Rhs, Eigen::DenseShape, Eigen::DenseShape, 8>::evalTo(Dst&, const Lhs&, const Rhs&) [with Dst = Eigen::Matrix<double, 2, 2>; Lhs = Eigen::Matrix<double, -1, -1>; Rhs = Eigen::Transpose<const Eigen::Matrix<double, -1, -1> >]’
/usr/local/lib/R/site-library/RcppEigen/include/Eigen/src/Core/ProductEvaluators.h:148:43:   required from ‘static void Eigen::internal::Assignment<DstXprType, Eigen::Product<Lhs, Rhs, Options>, Eigen::internal::assign_op<Scalar, Scalar>, Eigen::internal::Dense2Dense, typename Eigen::internal::enable_if<((Options == Eigen::DefaultProduct) || (Options == Eigen::AliasFreeProduct))>::type>::run(DstXprType&, const SrcXprType&, const Eigen::internal::assign_op<Scalar, Scalar>&) [with DstXprType = Eigen::Matrix<double, 2, 2>; Lhs = Eigen::Matrix<double, -1, -1>; Rhs = Eigen::Transpose<const Eigen::Matrix<double, -1, -1> >; int Options = 0; Scalar = double; Eigen::internal::Assignment<DstXprType, Eigen::Product<Lhs, Rhs, Options>, Eigen::internal::assign_op<Scalar, Scalar>, Eigen::internal::Dense2Dense, typename Eigen::internal::enable_if<((Options == Eigen::DefaultProduct) || (Options == Eigen::AliasFreeProduct))>::type>::SrcXprType = Eigen::Product<Eigen::Matrix<double, -1, -1>, Eigen::Transpose<const Eigen::Matrix<double, -1, -1> >, 0>]’
/usr/local/lib/R/site-library/RcppEigen/include/Eigen/src/Core/AssignEvaluator.h:890:49:   required from ‘void Eigen::internal::call_assignment_no_alias(Dst&, const Src&, const Func&) [with Dst = Eigen::Matrix<double, 2, 2>; Src = Eigen::Product<Eigen::Matrix<double, -1, -1>, Eigen::Transpose<const Eigen::Matrix<double, -1, -1> >, 0>; Func = Eigen::internal::assign_op<double, double>]’
/usr/local/lib/R/site-library/RcppEigen/include/Eigen/src/Core/PlainObjectBase.h:797:41:   required from ‘Derived& Eigen::PlainObjectBase<Derived>::_set_noalias(const Eigen::DenseBase<OtherDerived>&) [with OtherDerived = Eigen::Product<Eigen::Matrix<double, -1, -1>, Eigen::Transpose<const Eigen::Matrix<double, -1, -1> >, 0>; Derived = Eigen::Matrix<double, 2, 2>]’
/usr/local/lib/R/site-library/RcppEigen/include/Eigen/src/Core/PlainObjectBase.h:594:19:   required from ‘Eigen::PlainObjectBase<Derived>::PlainObjectBase(const Eigen::DenseBase<OtherDerived>&) [with OtherDerived = Eigen::Product<Eigen::Matrix<double, -1, -1>, Eigen::Transpose<const Eigen::Matrix<double, -1, -1> >, 0>; Derived = Eigen::Matrix<double, 2, 2>]’
/usr/local/lib/R/site-library/RcppEigen/include/Eigen/src/Core/Matrix.h:423:29:   required from ‘Eigen::Matrix<_Scalar, _Rows, _Cols, _Options, _MaxRows, _MaxCols>::Matrix(const Eigen::EigenBase<OtherDerived>&) [with OtherDerived = Eigen::Product<Eigen::Matrix<double, -1, -1>, Eigen::Transpose<const Eigen::Matrix<double, -1, -1> >, 0>; _Scalar = double; int _Rows = 2; int _Cols = 2; int _Options = 0; int _MaxRows = 2; int _MaxCols = 2]’
../inst/include/RcppML/project.hpp:106:41:   required from here
/usr/local/lib/R/site-library/RcppEigen/include/Eigen/src/Core/products/GeneralBlockPanelKernel.h:425:27: warning: ignoring attributes on template argument ‘Eigen::internal::packet_traits<double>::half’ {aka ‘__m128d’} [-Wignored-attributes]
  425 |   PACKET_DECL_COND_PREFIX(_, Lhs, _PacketSize);
      |                           ^
/usr/local/lib/R/site-library/RcppEigen/include/Eigen/src/Core/products/GeneralBlockPanelKernel.h:384:3: note: in definition of macro ‘PACKET_DECL_COND_PREFIX’
  384 |   prefix ## name ## Packet
      |   ^~~~~~
/usr/local/lib/R/site-library/RcppEigen/include/Eigen/src/Core/products/GeneralBlockPanelKernel.h:425:27: warning: ignoring attributes on template argument ‘Eigen::internal::packet_traits<double>::type’ {aka ‘__m128d’} [-Wignored-attributes]
  425 |   PACKET_DECL_COND_PREFIX(_, Lhs, _PacketSize);
      |                           ^
/usr/local/lib/R/site-library/RcppEigen/include/Eigen/src/Core/products/GeneralBlockPanelKernel.h:384:3: note: in definition of macro ‘PACKET_DECL_COND_PREFIX’
  384 |   prefix ## name ## Packet
      |   ^~~~~~
/usr/local/lib/R/site-library/RcppEigen/include/Eigen/src/Core/products/GeneralBlockPanelKernel.h:425:27: warning: ignoring attributes on template argument ‘Eigen::internal::packet_traits<double>::half’ {aka ‘__m128d’} [-Wignored-attributes]
  425 |   PACKET_DECL_COND_PREFIX(_, Lhs, _PacketSize);
      |                           ^
/usr/local/lib/R/site-library/RcppEigen/include/Eigen/src/Core/products/GeneralBlockPanelKernel.h:384:3: note: in definition of macro ‘PACKET_DECL_COND_PREFIX’
  384 |   prefix ## name ## Packet
      |   ^~~~~~
/usr/local/lib/R/site-library/RcppEigen/include/Eigen/src/Core/products/GeneralBlockPanelKernel.h:425:27: warning: ignoring attributes on template argument ‘Eigen::internal::unpacket_traits<__vector(2) double>::half’ {aka ‘__m128d’} [-Wignored-attributes]
  425 |   PACKET_DECL_COND_PREFIX(_, Lhs, _PacketSize);
      |                           ^
/usr/local/lib/R/site-library/RcppEigen/include/Eigen/src/Core/products/GeneralBlockPanelKernel.h:384:3: note: in definition of macro ‘PACKET_DECL_COND_PREFIX’
  384 |   prefix ## name ## Packet
      |   ^~~~~~
/usr/local/lib/R/site-library/RcppEigen/include/Eigen/src/Core/products/GeneralBlockPanelKernel.h:426:27: warning: ignoring attributes on template argument ‘Eigen::internal::packet_traits<double>::half’ {aka ‘__m128d’} [-Wignored-attributes]
  426 |   PACKET_DECL_COND_PREFIX(_, Rhs, _PacketSize);
      |                           ^
/usr/local/lib/R/site-library/RcppEigen/include/Eigen/src/Core/products/GeneralBlockPanelKernel.h:384:3: note: in definition of macro ‘PACKET_DECL_COND_PREFIX’
  384 |   prefix ## name ## Packet
      |   ^~~~~~
/usr/local/lib/R/site-library/RcppEigen/include/Eigen/src/Core/products/GeneralBlockPanelKernel.h:426:27: warning: ignoring attributes on template argument ‘Eigen::internal::packet_traits<double>::type’ {aka ‘__m128d’} [-Wignored-attributes]
  426 |   PACKET_DECL_COND_PREFIX(_, Rhs, _PacketSize);
      |                           ^
/usr/local/lib/R/site-library/RcppEigen/include/Eigen/src/Core/products/GeneralBlockPanelKernel.h:384:3: note: in definition of macro ‘PACKET_DECL_COND_PREFIX’
  384 |   prefix ## name ## Packet
      |   ^~~~~~
/usr/local/lib/R/site-library/RcppEigen/include/Eigen/src/Core/products/GeneralBlockPanelKernel.h:426:27: warning: ignoring attributes on template argument ‘Eigen::internal::packet_traits<double>::half’ {aka ‘__m128d’} [-Wignored-attributes]
  426 |   PACKET_DECL_COND_PREFIX(_, Rhs, _PacketSize);
      |                           ^
/usr/local/lib/R/site-library/RcppEigen/include/Eigen/src/Core/products/GeneralBlockPanelKernel.h:384:3: note: in definition of macro ‘PACKET_DECL_COND_PREFIX’
  384 |   prefix ## name ## Packet
      |   ^~~~~~
/usr/local/lib/R/site-library/RcppEigen/include/Eigen/src/Core/products/GeneralBlockPanelKernel.h:426:27: warning: ignoring attributes on template argument ‘Eigen::internal::unpacket_traits<__vector(2) double>::half’ {aka ‘__m128d’} [-Wignored-attributes]
  426 |   PACKET_DECL_COND_PREFIX(_, Rhs, _PacketSize);
      |                           ^
/usr/local/lib/R/site-library/RcppEigen/include/Eigen/src/Core/products/GeneralBlockPanelKernel.h:384:3: note: in definition of macro ‘PACKET_DECL_COND_PREFIX’
  384 |   prefix ## name ## Packet
      |   ^~~~~~
/usr/local/lib/R/site-library/RcppEigen/include/Eigen/src/Core/products/GeneralBlockPanelKernel.h:427:27: warning: ignoring attributes on template argument ‘Eigen::internal::packet_traits<double>::half’ {aka ‘__m128d’} [-Wignored-attributes]
  427 |   PACKET_DECL_COND_PREFIX(_, Res, _PacketSize);
      |                           ^
/usr/local/lib/R/site-library/RcppEigen/include/Eigen/src/Core/products/GeneralBlockPanelKernel.h:384:3: note: in definition of macro ‘PACKET_DECL_COND_PREFIX’
  384 |   prefix ## name ## Packet
      |   ^~~~~~
/usr/local/lib/R/site-library/RcppEigen/include/Eigen/src/Core/products/GeneralBlockPanelKernel.h:427:27: warning: ignoring attributes on template argument ‘Eigen::internal::packet_traits<double>::type’ {aka ‘__m128d’} [-Wignored-attributes]
  427 |   PACKET_DECL_COND_PREFIX(_, Res, _PacketSize);
      |                           ^
/usr/local/lib/R/site-library/RcppEigen/include/Eigen/src/Core/products/GeneralBlockPanelKernel.h:384:3: note: in definition of macro ‘PACKET_DECL_COND_PREFIX’
  384 |   prefix ## name ## Packet
      |   ^~~~~~
/usr/local/lib/R/site-library/RcppEigen/include/Eigen/src/Core/products/GeneralBlockPanelKernel.h:427:27: warning: ignoring attributes on template argument ‘Eigen::internal::packet_traits<double>::half’ {aka ‘__m128d’} [-Wignored-attributes]
  427 |   PACKET_DECL_COND_PREFIX(_, Res, _PacketSize);
      |                           ^
/usr/local/lib/R/site-library/RcppEigen/include/Eigen/src/Core/products/GeneralBlockPanelKernel.h:384:3: note: in definition of macro ‘PACKET_DECL_COND_PREFIX’
  384 |   prefix ## name ## Packet
      |   ^~~~~~
/usr/local/lib/R/site-library/RcppEigen/include/Eigen/src/Core/products/GeneralBlockPanelKernel.h:427:27: warning: ignoring attributes on template argument ‘Eigen::internal::unpacket_traits<__vector(2) double>::half’ {aka ‘__m128d’} [-Wignored-attributes]
  427 |   PACKET_DECL_COND_PREFIX(_, Res, _PacketSize);
      |                           ^
/usr/local/lib/R/site-library/RcppEigen/include/Eigen/src/Core/products/GeneralBlockPanelKernel.h:384:3: note: in definition of macro ‘PACKET_DECL_COND_PREFIX’
  384 |   prefix ## name ## Packet
      |   ^~~~~~
/usr/local/lib/R/site-library/RcppEigen/include/Eigen/src/Core/products/GeneralBlockPanelKernel.h:432:49: warning: ignoring attributes on template argument ‘Eigen::internal::packet_traits<double>::half’ {aka ‘__m128d’} [-Wignored-attributes]
  432 |     Vectorizable = unpacket_traits<_LhsPacket>::vectorizable && unpacket_traits<_RhsPacket>::vectorizable,
      |                                                 ^~~~~~~~~~~~
/usr/local/lib/R/site-library/RcppEigen/include/Eigen/src/Core/products/GeneralBlockPanelKernel.h:432:49: warning: ignoring attributes on template argument ‘Eigen::internal::packet_traits<double>::type’ {aka ‘__m128d’} [-Wignored-attributes]
/usr/local/lib/R/site-library/RcppEigen/include/Eigen/src/Core/products/GeneralBlockPanelKernel.h:432:49: warning: ignoring attributes on template argument ‘Eigen::internal::packet_traits<double>::half’ {aka ‘__m128d’} [-Wignored-attributes]
/usr/local/lib/R/site-library/RcppEigen/include/Eigen/src/Core/products/GeneralBlockPanelKernel.h:432:49: warning: ignoring attributes on template argument ‘Eigen::internal::unpacket_traits<__vector(2) double>::half’ {aka ‘__m128d’} [-Wignored-attributes]
/usr/local/lib/R/site-library/RcppEigen/include/Eigen/src/Core/products/GeneralBlockPanelKernel.h:432:94: warning: ignoring attributes on template argument ‘Eigen::internal::packet_traits<double>::half’ {aka ‘__m128d’} [-Wignored-attributes]
  432 |     Vectorizable = unpacket_traits<_LhsPacket>::vectorizable && unpacket_traits<_RhsPacket>::vectorizable,
      |                                                                                              ^~~~~~~~~~~~
/usr/local/lib/R/site-library/RcppEigen/include/Eigen/src/Core/products/GeneralBlockPanelKernel.h:432:94: warning: ignoring attributes on template argument ‘Eigen::internal::packet_traits<double>::type’ {aka ‘__m128d’} [-Wignored-attributes]
/usr/local/lib/R/site-library/RcppEigen/include/Eigen/src/Core/products/GeneralBlockPanelKernel.h:432:94: warning: ignoring attributes on template argument ‘Eigen::internal::packet_traits<double>::half’ {aka ‘__m128d’} [-Wignored-attributes]
/usr/local/lib/R/site-library/RcppEigen/include/Eigen/src/Core/products/GeneralBlockPanelKernel.h:432:94: warning: ignoring attributes on template argument ‘Eigen::internal::unpacket_traits<__vector(2) double>::half’ {aka ‘__m128d’} [-Wignored-attributes]
/usr/local/lib/R/site-library/RcppEigen/include/Eigen/src/Core/products/GeneralBlockPanelKernel.h:433:65: warning: ignoring attributes on template argument ‘Eigen::internal::packet_traits<double>::half’ {aka ‘__m128d’} [-Wignored-attributes]
  433 |     LhsPacketSize = Vectorizable ? unpacket_traits<_LhsPacket>::size : 1,
      |                                                                 ^~~~
/usr/local/lib/R/site-library/RcppEigen/include/Eigen/src/Core/products/GeneralBlockPanelKernel.h:433:65: warning: ignoring attributes on template argument ‘Eigen::internal::packet_traits<double>::type’ {aka ‘__m128d’} [-Wignored-attributes]
/usr/local/lib/R/site-library/RcppEigen/include/Eigen/src/Core/products/GeneralBlockPanelKernel.h:433:65: warning: ignoring attributes on template argument ‘Eigen::internal::packet_traits<double>::half’ {aka ‘__m128d’} [-Wignored-attributes]
/usr/local/lib/R/site-library/RcppEigen/include/Eigen/src/Core/products/GeneralBlockPanelKernel.h:433:65: warning: ignoring attributes on template argument ‘Eigen::internal::unpacket_traits<__vector(2) double>::half’ {aka ‘__m128d’} [-Wignored-attributes]
/usr/local/lib/R/site-library/RcppEigen/include/Eigen/src/Core/products/GeneralBlockPanelKernel.h:434:65: warning: ignoring attributes on template argument ‘Eigen::internal::packet_traits<double>::half’ {aka ‘__m128d’} [-Wignored-attributes]
  434 |     RhsPacketSize = Vectorizable ? unpacket_traits<_RhsPacket>::size : 1,
      |                                                                 ^~~~
/usr/local/lib/R/site-library/RcppEigen/include/Eigen/src/Core/products/GeneralBlockPanelKernel.h:434:65: warning: ignoring attributes on template argument ‘Eigen::internal::packet_traits<double>::type’ {aka ‘__m128d’} [-Wignored-attributes]
/usr/local/lib/R/site-library/RcppEigen/include/Eigen/src/Core/products/GeneralBlockPanelKernel.h:434:65: warning: ignoring attributes on template argument ‘Eigen::internal::packet_traits<double>::half’ {aka ‘__m128d’} [-Wignored-attributes]
/usr/local/lib/R/site-library/RcppEigen/include/Eigen/src/Core/products/GeneralBlockPanelKernel.h:434:65: warning: ignoring attributes on template argument ‘Eigen::internal::unpacket_traits<__vector(2) double>::half’ {aka ‘__m128d’} [-Wignored-attributes]
/usr/local/lib/R/site-library/RcppEigen/include/Eigen/src/Core/products/GeneralBlockPanelKernel.h:435:65: warning: ignoring attributes on template argument ‘Eigen::internal::packet_traits<double>::half’ {aka ‘__m128d’} [-Wignored-attributes]
  435 |     ResPacketSize = Vectorizable ? unpacket_traits<_ResPacket>::size : 1,
      |                                                                 ^~~~
/usr/local/lib/R/site-library/RcppEigen/include/Eigen/src/Core/products/GeneralBlockPanelKernel.h:435:65: warning: ignoring attributes on template argument ‘Eigen::internal::packet_traits<double>::type’ {aka ‘__m128d’} [-Wignored-attributes]
/usr/local/lib/R/site-library/RcppEigen/include/Eigen/src/Core/products/GeneralBlockPanelKernel.h:435:65: warning: ignoring attributes on template argument ‘Eigen::internal::packet_traits<double>::half’ {aka ‘__m128d’} [-Wignored-attributes]
/usr/local/lib/R/site-library/RcppEigen/include/Eigen/src/Core/products/GeneralBlockPanelKernel.h:435:65: warning: ignoring attributes on template argument ‘Eigen::internal::unpacket_traits<__vector(2) double>::half’ {aka ‘__m128d’} [-Wignored-attributes]
/usr/local/lib/R/site-library/RcppEigen/include/Eigen/src/Core/products/GeneralBlockPanelKernel.h:460:73: warning: ignoring attributes on template argument ‘Eigen::internal::packet_traits<double>::half’ {aka ‘__m128d’} [-Wignored-attributes]
  460 |   typedef typename conditional<Vectorizable,_LhsPacket,LhsScalar>::type LhsPacket;
      |                                                                         ^~~~~~~~~
/usr/local/lib/R/site-library/RcppEigen/include/Eigen/src/Core/products/GeneralBlockPanelKernel.h:460:73: warning: ignoring attributes on template argument ‘Eigen::internal::packet_traits<double>::type’ {aka ‘__m128d’} [-Wignored-attributes]
/usr/local/lib/R/site-library/RcppEigen/include/Eigen/src/Core/products/GeneralBlockPanelKernel.h:460:73: warning: ignoring attributes on template argument ‘Eigen::internal::packet_traits<double>::half’ {aka ‘__m128d’} [-Wignored-attributes]
/usr/local/lib/R/site-library/RcppEigen/include/Eigen/src/Core/products/GeneralBlockPanelKernel.h:460:73: warning: ignoring attributes on template argument ‘Eigen::internal::unpacket_traits<__vector(2) double>::half’ {aka ‘__m128d’} [-Wignored-attributes]
/usr/local/lib/R/site-library/RcppEigen/include/Eigen/src/Core/products/GeneralBlockPanelKernel.h:461:73: warning: ignoring attributes on template argument ‘Eigen::internal::packet_traits<double>::half’ {aka ‘__m128d’} [-Wignored-attributes]
  461 |   typedef typename conditional<Vectorizable,_RhsPacket,RhsScalar>::type RhsPacket;
      |                                                                         ^~~~~~~~~
/usr/local/lib/R/site-library/RcppEigen/include/Eigen/src/Core/products/GeneralBlockPanelKernel.h:461:73: warning: ignoring attributes on template argument ‘Eigen::internal::packet_traits<double>::type’ {aka ‘__m128d’} [-Wignored-attributes]
/usr/local/lib/R/site-library/RcppEigen/include/Eigen/src/Core/products/GeneralBlockPanelKernel.h:461:73: warning: ignoring attributes on template argument ‘Eigen::internal::packet_traits<double>::half’ {aka ‘__m128d’} [-Wignored-attributes]
/usr/local/lib/R/site-library/RcppEigen/include/Eigen/src/Core/products/GeneralBlockPanelKernel.h:461:73: warning: ignoring attributes on template argument ‘Eigen::internal::unpacket_traits<__vector(2) double>::half’ {aka ‘__m128d’} [-Wignored-attributes]
/usr/local/lib/R/site-library/RcppEigen/include/Eigen/src/Core/products/GeneralBlockPanelKernel.h:462:73: warning: ignoring attributes on template argument ‘Eigen::internal::packet_traits<double>::half’ {aka ‘__m128d’} [-Wignored-attributes]
  462 |   typedef typename conditional<Vectorizable,_ResPacket,ResScalar>::type ResPacket;
      |                                                                         ^~~~~~~~~
/usr/local/lib/R/site-library/RcppEigen/include/Eigen/src/Core/products/GeneralBlockPanelKernel.h:462:73: warning: ignoring attributes on template argument ‘Eigen::internal::packet_traits<double>::type’ {aka ‘__m128d’} [-Wignored-attributes]
/usr/local/lib/R/site-library/RcppEigen/include/Eigen/src/Core/products/GeneralBlockPanelKernel.h:462:73: warning: ignoring attributes on template argument ‘Eigen::internal::packet_traits<double>::half’ {aka ‘__m128d’} [-Wignored-attributes]
/usr/local/lib/R/site-library/RcppEigen/include/Eigen/src/Core/products/GeneralBlockPanelKernel.h:462:73: warning: ignoring attributes on template argument ‘Eigen::internal::unpacket_traits<__vector(2) double>::half’ {aka ‘__m128d’} [-Wignored-attributes]
/usr/local/lib/R/site-library/RcppEigen/include/Eigen/src/Core/products/GeneralBlockPanelKernel.h:465:33: warning: ignoring attributes on template argument ‘Eigen::internal::packet_traits<double>::half’ {aka ‘__m128d’} [-Wignored-attributes]
  465 |   typedef QuadPacket<RhsPacket> RhsPacketx4;
      |                                 ^~~~~~~~~~~
/usr/local/lib/R/site-library/RcppEigen/include/Eigen/src/Core/products/GeneralBlockPanelKernel.h:465:33: warning: ignoring attributes on template argument ‘Eigen::internal::packet_traits<double>::type’ {aka ‘__m128d’} [-Wignored-attributes]
/usr/local/lib/R/site-library/RcppEigen/include/Eigen/src/Core/products/GeneralBlockPanelKernel.h:465:33: warning: ignoring attributes on template argument ‘Eigen::internal::packet_traits<double>::half’ {aka ‘__m128d’} [-Wignored-attributes]
/usr/local/lib/R/site-library/RcppEigen/include/Eigen/src/Core/products/GeneralBlockPanelKernel.h:465:33: warning: ignoring attributes on template argument ‘Eigen::internal::unpacket_traits<__vector(2) double>::half’ {aka ‘__m128d’} [-Wignored-attributes]
/usr/local/lib/R/site-library/RcppEigen/include/Eigen/src/Core/products/GeneralBlockPanelKernel.h: In instantiation of ‘class Eigen::internal::gebp_traits<double, double, false, false, 1, 1>’:
/usr/local/lib/R/site-library/RcppEigen/include/Eigen/src/Core/products/GeneralBlockPanelKernel.h:1080:42:   required from ‘struct Eigen::internal::gebp_kernel<double, double, long int, Eigen::internal::blas_data_mapper<double, long int, 0, 0, 1>, 4, 4, false, false>’
/usr/local/lib/R/site-library/RcppEigen/include/Eigen/src/Core/products/TriangularSolverMatrix.h:231:93:   required from ‘static void Eigen::internal::triangular_solve_matrix<Scalar, Index, 2, Mode, Conjugate, TriStorageOrder, 0, OtherInnerStride>::run(Index, Index, const Scalar*, Index, Scalar*, Index, Index, Eigen::internal::level3_blocking<Scalar, Scalar>&) [with Scalar = double; Index = long int; int Mode = 2; bool Conjugate = false; int TriStorageOrder = 1; int OtherInnerStride = 1]’
/usr/local/lib/R/site-library/RcppEigen/include/Eigen/src/Core/SolveTriangular.h:102:12:   required from ‘static void Eigen::internal::triangular_solver_selector<Lhs, Rhs, Side, Mode, 0, -1>::run(const Lhs&, Rhs&) [with Lhs = const Eigen::Transpose<const Eigen::Block<Eigen::Matrix<double, -1, -1>, -1, -1, false> >; Rhs = Eigen::Block<Eigen::Matrix<double, -1, -1>, -1, -1, false>; int Side = 2; int Mode = 2]’
/usr/local/lib/R/site-library/RcppEigen/include/Eigen/src/Core/SolveTriangular.h:182:21:   required from ‘void Eigen::TriangularViewImpl<_MatrixType, _Mode, Eigen::Dense>::solveInPlace(const Eigen::MatrixBase<OtherDerived>&) const [with int Side = 2; OtherDerived = Eigen::Block<Eigen::Matrix<double, -1, -1>, -1, -1, false>; _MatrixType = const Eigen::Transpose<const Eigen::Block<Eigen::Matrix<double, -1, -1>, -1, -1, false> >; unsigned int _Mode = 2]’
/usr/local/lib/R/site-library/RcppEigen/include/Eigen/src/Cholesky/LLT.h:364:96:   required from ‘static Eigen::Index Eigen::internal::llt_inplace<Scalar, 1>::blocked(MatrixType&) [with MatrixType = Eigen::Matrix<double, -1, -1>; Scalar = double; Eigen::Index = long int]’
/usr/local/lib/R/site-library/RcppEigen/include/Eigen/src/Cholesky/LLT.h:408:68:   required from ‘static bool Eigen::internal::LLT_Traits<MatrixType, 1>::inplace_decomposition(MatrixType&) [with MatrixType = Eigen::Matrix<double, -1, -1>]’
/usr/local/lib/R/site-library/RcppEigen/include/Eigen/src/Cholesky/LLT.h:456:42:   required from ‘Eigen::LLT<_MatrixType, _UpLo>& Eigen::LLT<MatrixType, UpLo>::compute(const Eigen::EigenBase<OtherDerived>&) [with InputType = Eigen::Matrix<double, -1, -1>; _MatrixType = Eigen::Matrix<double, -1, -1>; int _UpLo = 1]’
/usr/local/lib/R/site-library/RcppEigen/include/Eigen/src/Cholesky/LLT.h:109:14:   required from ‘Eigen::LLT<MatrixType, UpLo>::LLT(const Eigen::EigenBase<OtherDerived>&) [with InputType = Eigen::Matrix<double, -1, -1>; _MatrixType = Eigen::Matrix<double, -1, -1>; int _UpLo = 1]’
/usr/local/lib/R/site-library/RcppEigen/include/Eigen/src/Cholesky/LLT.h:542:10:   required from ‘const Eigen::LLT<typename Eigen::DenseBase<Derived>::PlainObject> Eigen::MatrixBase<Derived>::llt() const [with Derived = Eigen::Matrix<double, -1, -1>; typename Eigen::DenseBase<Derived>::PlainObject = Eigen::Matrix<double, -1, -1>]’
../inst/include/RcppML/project.hpp:123:51:   required from here
/usr/local/lib/R/site-library/RcppEigen/include/Eigen/src/Core/products/GeneralBlockPanelKernel.h:425:27: warning: ignoring attributes on template argument ‘Eigen::internal::packet_traits<double>::half’ {aka ‘__m128d’} [-Wignored-attributes]
  425 |   PACKET_DECL_COND_PREFIX(_, Lhs, _PacketSize);
      |                           ^
/usr/local/lib/R/site-library/RcppEigen/include/Eigen/src/Core/products/GeneralBlockPanelKernel.h:384:3: note: in definition of macro ‘PACKET_DECL_COND_PREFIX’
  384 |   prefix ## name ## Packet
      |   ^~~~~~
/usr/local/lib/R/site-library/RcppEigen/include/Eigen/src/Core/products/GeneralBlockPanelKernel.h:425:27: warning: ignoring attributes on template argument ‘Eigen::internal::packet_traits<double>::type’ {aka ‘__m128d’} [-Wignored-attributes]
  425 |   PACKET_DECL_COND_PREFIX(_, Lhs, _PacketSize);
      |                           ^
/usr/local/lib/R/site-library/RcppEigen/include/Eigen/src/Core/products/GeneralBlockPanelKernel.h:384:3: note: in definition of macro ‘PACKET_DECL_COND_PREFIX’
  384 |   prefix ## name ## Packet
      |   ^~~~~~
/usr/local/lib/R/site-library/RcppEigen/include/Eigen/src/Core/products/GeneralBlockPanelKernel.h:425:27: warning: ignoring attributes on template argument ‘Eigen::internal::packet_traits<double>::half’ {aka ‘__m128d’} [-Wignored-attributes]
  425 |   PACKET_DECL_COND_PREFIX(_, Lhs, _PacketSize);
      |                           ^
/usr/local/lib/R/site-library/RcppEigen/include/Eigen/src/Core/products/GeneralBlockPanelKernel.h:384:3: note: in definition of macro ‘PACKET_DECL_COND_PREFIX’
  384 |   prefix ## name ## Packet
      |   ^~~~~~
/usr/local/lib/R/site-library/RcppEigen/include/Eigen/src/Core/products/GeneralBlockPanelKernel.h:425:27: warning: ignoring attributes on template argument ‘Eigen::internal::unpacket_traits<__vector(2) double>::half’ {aka ‘__m128d’} [-Wignored-attributes]
  425 |   PACKET_DECL_COND_PREFIX(_, Lhs, _PacketSize);
      |                           ^
/usr/local/lib/R/site-library/RcppEigen/include/Eigen/src/Core/products/GeneralBlockPanelKernel.h:384:3: note: in definition of macro ‘PACKET_DECL_COND_PREFIX’
  384 |   prefix ## name ## Packet
      |   ^~~~~~
/usr/local/lib/R/site-library/RcppEigen/include/Eigen/src/Core/products/GeneralBlockPanelKernel.h:426:27: warning: ignoring attributes on template argument ‘Eigen::internal::packet_traits<double>::half’ {aka ‘__m128d’} [-Wignored-attributes]
  426 |   PACKET_DECL_COND_PREFIX(_, Rhs, _PacketSize);
      |                           ^
/usr/local/lib/R/site-library/RcppEigen/include/Eigen/src/Core/products/GeneralBlockPanelKernel.h:384:3: note: in definition of macro ‘PACKET_DECL_COND_PREFIX’
  384 |   prefix ## name ## Packet
      |   ^~~~~~
/usr/local/lib/R/site-library/RcppEigen/include/Eigen/src/Core/products/GeneralBlockPanelKernel.h:426:27: warning: ignoring attributes on template argument ‘Eigen::internal::packet_traits<double>::type’ {aka ‘__m128d’} [-Wignored-attributes]
  426 |   PACKET_DECL_COND_PREFIX(_, Rhs, _PacketSize);
      |                           ^
/usr/local/lib/R/site-library/RcppEigen/include/Eigen/src/Core/products/GeneralBlockPanelKernel.h:384:3: note: in definition of macro ‘PACKET_DECL_COND_PREFIX’
  384 |   prefix ## name ## Packet
      |   ^~~~~~
/usr/local/lib/R/site-library/RcppEigen/include/Eigen/src/Core/products/GeneralBlockPanelKernel.h:426:27: warning: ignoring attributes on template argument ‘Eigen::internal::packet_traits<double>::half’ {aka ‘__m128d’} [-Wignored-attributes]
  426 |   PACKET_DECL_COND_PREFIX(_, Rhs, _PacketSize);
      |                           ^
/usr/local/lib/R/site-library/RcppEigen/include/Eigen/src/Core/products/GeneralBlockPanelKernel.h:384:3: note: in definition of macro ‘PACKET_DECL_COND_PREFIX’
  384 |   prefix ## name ## Packet
      |   ^~~~~~
/usr/local/lib/R/site-library/RcppEigen/include/Eigen/src/Core/products/GeneralBlockPanelKernel.h:426:27: warning: ignoring attributes on template argument ‘Eigen::internal::unpacket_traits<__vector(2) double>::half’ {aka ‘__m128d’} [-Wignored-attributes]
  426 |   PACKET_DECL_COND_PREFIX(_, Rhs, _PacketSize);
      |                           ^
/usr/local/lib/R/site-library/RcppEigen/include/Eigen/src/Core/products/GeneralBlockPanelKernel.h:384:3: note: in definition of macro ‘PACKET_DECL_COND_PREFIX’
  384 |   prefix ## name ## Packet
      |   ^~~~~~
/usr/local/lib/R/site-library/RcppEigen/include/Eigen/src/Core/products/GeneralBlockPanelKernel.h:427:27: warning: ignoring attributes on template argument ‘Eigen::internal::packet_traits<double>::half’ {aka ‘__m128d’} [-Wignored-attributes]
  427 |   PACKET_DECL_COND_PREFIX(_, Res, _PacketSize);
      |                           ^
/usr/local/lib/R/site-library/RcppEigen/include/Eigen/src/Core/products/GeneralBlockPanelKernel.h:384:3: note: in definition of macro ‘PACKET_DECL_COND_PREFIX’
  384 |   prefix ## name ## Packet
      |   ^~~~~~
/usr/local/lib/R/site-library/RcppEigen/include/Eigen/src/Core/products/GeneralBlockPanelKernel.h:427:27: warning: ignoring attributes on template argument ‘Eigen::internal::packet_traits<double>::type’ {aka ‘__m128d’} [-Wignored-attributes]
  427 |   PACKET_DECL_COND_PREFIX(_, Res, _PacketSize);
      |                           ^
/usr/local/lib/R/site-library/RcppEigen/include/Eigen/src/Core/products/GeneralBlockPanelKernel.h:384:3: note: in definition of macro ‘PACKET_DECL_COND_PREFIX’
  384 |   prefix ## name ## Packet
      |   ^~~~~~
/usr/local/lib/R/site-library/RcppEigen/include/Eigen/src/Core/products/GeneralBlockPanelKernel.h:427:27: warning: ignoring attributes on template argument ‘Eigen::internal::packet_traits<double>::half’ {aka ‘__m128d’} [-Wignored-attributes]
  427 |   PACKET_DECL_COND_PREFIX(_, Res, _PacketSize);
      |                           ^
/usr/local/lib/R/site-library/RcppEigen/include/Eigen/src/Core/products/GeneralBlockPanelKernel.h:384:3: note: in definition of macro ‘PACKET_DECL_COND_PREFIX’
  384 |   prefix ## name ## Packet
      |   ^~~~~~
/usr/local/lib/R/site-library/RcppEigen/include/Eigen/src/Core/products/GeneralBlockPanelKernel.h:427:27: warning: ignoring attributes on template argument ‘Eigen::internal::unpacket_traits<__vector(2) double>::half’ {aka ‘__m128d’} [-Wignored-attributes]
  427 |   PACKET_DECL_COND_PREFIX(_, Res, _PacketSize);
      |                           ^
/usr/local/lib/R/site-library/RcppEigen/include/Eigen/src/Core/products/GeneralBlockPanelKernel.h:384:3: note: in definition of macro ‘PACKET_DECL_COND_PREFIX’
  384 |   prefix ## name ## Packet
      |   ^~~~~~
/usr/local/lib/R/site-library/RcppEigen/include/Eigen/src/Core/products/GeneralBlockPanelKernel.h:432:49: warning: ignoring attributes on template argument ‘Eigen::internal::packet_traits<double>::half’ {aka ‘__m128d’} [-Wignored-attributes]
  432 |     Vectorizable = unpacket_traits<_LhsPacket>::vectorizable && unpacket_traits<_RhsPacket>::vectorizable,
      |                                                 ^~~~~~~~~~~~
/usr/local/lib/R/site-library/RcppEigen/include/Eigen/src/Core/products/GeneralBlockPanelKernel.h:432:49: warning: ignoring attributes on template argument ‘Eigen::internal::packet_traits<double>::type’ {aka ‘__m128d’} [-Wignored-attributes]
/usr/local/lib/R/site-library/RcppEigen/include/Eigen/src/Core/products/GeneralBlockPanelKernel.h:432:49: warning: ignoring attributes on template argument ‘Eigen::internal::packet_traits<double>::half’ {aka ‘__m128d’} [-Wignored-attributes]
/usr/local/lib/R/site-library/RcppEigen/include/Eigen/src/Core/products/GeneralBlockPanelKernel.h:432:49: warning: ignoring attributes on template argument ‘Eigen::internal::unpacket_traits<__vector(2) double>::half’ {aka ‘__m128d’} [-Wignored-attributes]
/usr/local/lib/R/site-library/RcppEigen/include/Eigen/src/Core/products/GeneralBlockPanelKernel.h:432:94: warning: ignoring attributes on template argument ‘Eigen::internal::packet_traits<double>::half’ {aka ‘__m128d’} [-Wignored-attributes]
  432 |     Vectorizable = unpacket_traits<_LhsPacket>::vectorizable && unpacket_traits<_RhsPacket>::vectorizable,
      |                                                                                              ^~~~~~~~~~~~
/usr/local/lib/R/site-library/RcppEigen/include/Eigen/src/Core/products/GeneralBlockPanelKernel.h:432:94: warning: ignoring attributes on template argument ‘Eigen::internal::packet_traits<double>::type’ {aka ‘__m128d’} [-Wignored-attributes]
/usr/local/lib/R/site-library/RcppEigen/include/Eigen/src/Core/products/GeneralBlockPanelKernel.h:432:94: warning: ignoring attributes on template argument ‘Eigen::internal::packet_traits<double>::half’ {aka ‘__m128d’} [-Wignored-attributes]
/usr/local/lib/R/site-library/RcppEigen/include/Eigen/src/Core/products/GeneralBlockPanelKernel.h:432:94: warning: ignoring attributes on template argument ‘Eigen::internal::unpacket_traits<__vector(2) double>::half’ {aka ‘__m128d’} [-Wignored-attributes]
/usr/local/lib/R/site-library/RcppEigen/include/Eigen/src/Core/products/GeneralBlockPanelKernel.h:433:65: warning: ignoring attributes on template argument ‘Eigen::internal::packet_traits<double>::half’ {aka ‘__m128d’} [-Wignored-attributes]
  433 |     LhsPacketSize = Vectorizable ? unpacket_traits<_LhsPacket>::size : 1,
      |                                                                 ^~~~
/usr/local/lib/R/site-library/RcppEigen/include/Eigen/src/Core/products/GeneralBlockPanelKernel.h:433:65: warning: ignoring attributes on template argument ‘Eigen::internal::packet_traits<double>::type’ {aka ‘__m128d’} [-Wignored-attributes]
/usr/local/lib/R/site-library/RcppEigen/include/Eigen/src/Core/products/GeneralBlockPanelKernel.h:433:65: warning: ignoring attributes on template argument ‘Eigen::internal::packet_traits<double>::half’ {aka ‘__m128d’} [-Wignored-attributes]
/usr/local/lib/R/site-library/RcppEigen/include/Eigen/src/Core/products/GeneralBlockPanelKernel.h:433:65: warning: ignoring attributes on template argument ‘Eigen::internal::unpacket_traits<__vector(2) double>::half’ {aka ‘__m128d’} [-Wignored-attributes]
/usr/local/lib/R/site-library/RcppEigen/include/Eigen/src/Core/products/GeneralBlockPanelKernel.h:434:65: warning: ignoring attributes on template argument ‘Eigen::internal::packet_traits<double>::half’ {aka ‘__m128d’} [-Wignored-attributes]
  434 |     RhsPacketSize = Vectorizable ? unpacket_traits<_RhsPacket>::size : 1,
      |                                                                 ^~~~
/usr/local/lib/R/site-library/RcppEigen/include/Eigen/src/Core/products/GeneralBlockPanelKernel.h:434:65: warning: ignoring attributes on template argument ‘Eigen::internal::packet_traits<double>::type’ {aka ‘__m128d’} [-Wignored-attributes]
/usr/local/lib/R/site-library/RcppEigen/include/Eigen/src/Core/products/GeneralBlockPanelKernel.h:434:65: warning: ignoring attributes on template argument ‘Eigen::internal::packet_traits<double>::half’ {aka ‘__m128d’} [-Wignored-attributes]
/usr/local/lib/R/site-library/RcppEigen/include/Eigen/src/Core/products/GeneralBlockPanelKernel.h:434:65: warning: ignoring attributes on template argument ‘Eigen::internal::unpacket_traits<__vector(2) double>::half’ {aka ‘__m128d’} [-Wignored-attributes]
/usr/local/lib/R/site-library/RcppEigen/include/Eigen/src/Core/products/GeneralBlockPanelKernel.h:435:65: warning: ignoring attributes on template argument ‘Eigen::internal::packet_traits<double>::half’ {aka ‘__m128d’} [-Wignored-attributes]
  435 |     ResPacketSize = Vectorizable ? unpacket_traits<_ResPacket>::size : 1,
      |                                                                 ^~~~
/usr/local/lib/R/site-library/RcppEigen/include/Eigen/src/Core/products/GeneralBlockPanelKernel.h:435:65: warning: ignoring attributes on template argument ‘Eigen::internal::packet_traits<double>::type’ {aka ‘__m128d’} [-Wignored-attributes]
/usr/local/lib/R/site-library/RcppEigen/include/Eigen/src/Core/products/GeneralBlockPanelKernel.h:435:65: warning: ignoring attributes on template argument ‘Eigen::internal::packet_traits<double>::half’ {aka ‘__m128d’} [-Wignored-attributes]
/usr/local/lib/R/site-library/RcppEigen/include/Eigen/src/Core/products/GeneralBlockPanelKernel.h:435:65: warning: ignoring attributes on template argument ‘Eigen::internal::unpacket_traits<__vector(2) double>::half’ {aka ‘__m128d’} [-Wignored-attributes]
/usr/local/lib/R/site-library/RcppEigen/include/Eigen/src/Core/products/GeneralBlockPanelKernel.h:460:73: warning: ignoring attributes on template argument ‘Eigen::internal::packet_traits<double>::half’ {aka ‘__m128d’} [-Wignored-attributes]
  460 |   typedef typename conditional<Vectorizable,_LhsPacket,LhsScalar>::type LhsPacket;
      |                                                                         ^~~~~~~~~
/usr/local/lib/R/site-library/RcppEigen/include/Eigen/src/Core/products/GeneralBlockPanelKernel.h:460:73: warning: ignoring attributes on template argument ‘Eigen::internal::packet_traits<double>::type’ {aka ‘__m128d’} [-Wignored-attributes]
/usr/local/lib/R/site-library/RcppEigen/include/Eigen/src/Core/products/GeneralBlockPanelKernel.h:460:73: warning: ignoring attributes on template argument ‘Eigen::internal::packet_traits<double>::half’ {aka ‘__m128d’} [-Wignored-attributes]
/usr/local/lib/R/site-library/RcppEigen/include/Eigen/src/Core/products/GeneralBlockPanelKernel.h:460:73: warning: ignoring attributes on template argument ‘Eigen::internal::unpacket_traits<__vector(2) double>::half’ {aka ‘__m128d’} [-Wignored-attributes]
/usr/local/lib/R/site-library/RcppEigen/include/Eigen/src/Core/products/GeneralBlockPanelKernel.h:461:73: warning: ignoring attributes on template argument ‘Eigen::internal::packet_traits<double>::half’ {aka ‘__m128d’} [-Wignored-attributes]
  461 |   typedef typename conditional<Vectorizable,_RhsPacket,RhsScalar>::type RhsPacket;
      |                                                                         ^~~~~~~~~
/usr/local/lib/R/site-library/RcppEigen/include/Eigen/src/Core/products/GeneralBlockPanelKernel.h:461:73: warning: ignoring attributes on template argument ‘Eigen::internal::packet_traits<double>::type’ {aka ‘__m128d’} [-Wignored-attributes]
/usr/local/lib/R/site-library/RcppEigen/include/Eigen/src/Core/products/GeneralBlockPanelKernel.h:461:73: warning: ignoring attributes on template argument ‘Eigen::internal::packet_traits<double>::half’ {aka ‘__m128d’} [-Wignored-attributes]
/usr/local/lib/R/site-library/RcppEigen/include/Eigen/src/Core/products/GeneralBlockPanelKernel.h:461:73: warning: ignoring attributes on template argument ‘Eigen::internal::unpacket_traits<__vector(2) double>::half’ {aka ‘__m128d’} [-Wignored-attributes]
/usr/local/lib/R/site-library/RcppEigen/include/Eigen/src/Core/products/GeneralBlockPanelKernel.h:462:73: warning: ignoring attributes on template argument ‘Eigen::internal::packet_traits<double>::half’ {aka ‘__m128d’} [-Wignored-attributes]
  462 |   typedef typename conditional<Vectorizable,_ResPacket,ResScalar>::type ResPacket;
      |                                                                         ^~~~~~~~~
/usr/local/lib/R/site-library/RcppEigen/include/Eigen/src/Core/products/GeneralBlockPanelKernel.h:462:73: warning: ignoring attributes on template argument ‘Eigen::internal::packet_traits<double>::type’ {aka ‘__m128d’} [-Wignored-attributes]
/usr/local/lib/R/site-library/RcppEigen/include/Eigen/src/Core/products/GeneralBlockPanelKernel.h:462:73: warning: ignoring attributes on template argument ‘Eigen::internal::packet_traits<double>::half’ {aka ‘__m128d’} [-Wignored-attributes]
/usr/local/lib/R/site-library/RcppEigen/include/Eigen/src/Core/products/GeneralBlockPanelKernel.h:462:73: warning: ignoring attributes on template argument ‘Eigen::internal::unpacket_traits<__vector(2) double>::half’ {aka ‘__m128d’} [-Wignored-attributes]
/usr/local/lib/R/site-library/RcppEigen/include/Eigen/src/Core/products/GeneralBlockPanelKernel.h:465:33: warning: ignoring attributes on template argument ‘Eigen::internal::packet_traits<double>::half’ {aka ‘__m128d’} [-Wignored-attributes]
  465 |   typedef QuadPacket<RhsPacket> RhsPacketx4;
      |                                 ^~~~~~~~~~~
/usr/local/lib/R/site-library/RcppEigen/include/Eigen/src/Core/products/GeneralBlockPanelKernel.h:465:33: warning: ignoring attributes on template argument ‘Eigen::internal::packet_traits<double>::type’ {aka ‘__m128d’} [-Wignored-attributes]
/usr/local/lib/R/site-library/RcppEigen/include/Eigen/src/Core/products/GeneralBlockPanelKernel.h:465:33: warning: ignoring attributes on template argument ‘Eigen::internal::packet_traits<double>::half’ {aka ‘__m128d’} [-Wignored-attributes]
/usr/local/lib/R/site-library/RcppEigen/include/Eigen/src/Core/products/GeneralBlockPanelKernel.h:465:33: warning: ignoring attributes on template argument ‘Eigen::internal::unpacket_traits<__vector(2) double>::half’ {aka ‘__m128d’} [-Wignored-attributes]
/usr/local/lib/R/site-library/RcppEigen/include/Eigen/src/Core/products/GeneralBlockPanelKernel.h: In instantiation of ‘class Eigen::internal::gebp_traits<double, double, false, false, 1, 2>’:
/usr/local/lib/R/site-library/RcppEigen/include/Eigen/src/Core/products/GeneralBlockPanelKernel.h:1085:45:   required from ‘struct Eigen::internal::gebp_kernel<double, double, long int, Eigen::internal::blas_data_mapper<double, long int, 0, 0, 1>, 4, 4, false, false>’
/usr/local/lib/R/site-library/RcppEigen/include/Eigen/src/Core/products/TriangularSolverMatrix.h:231:93:   required from ‘static void Eigen::internal::triangular_solve_matrix<Scalar, Index, 2, Mode, Conjugate, TriStorageOrder, 0, OtherInnerStride>::run(Index, Index, const Scalar*, Index, Scalar*, Index, Index, Eigen::internal::level3_blocking<Scalar, Scalar>&) [with Scalar = double; Index = long int; int Mode = 2; bool Conjugate = false; int TriStorageOrder = 1; int OtherInnerStride = 1]’
/usr/local/lib/R/site-library/RcppEigen/include/Eigen/src/Core/SolveTriangular.h:102:12:   required from ‘static void Eigen::internal::triangular_solver_selector<Lhs, Rhs, Side, Mode, 0, -1>::run(const Lhs&, Rhs&) [with Lhs = const Eigen::Transpose<const Eigen::Block<Eigen::Matrix<double, -1, -1>, -1, -1, false> >; Rhs = Eigen::Block<Eigen::Matrix<double, -1, -1>, -1, -1, false>; int Side = 2; int Mode = 2]’
/usr/local/lib/R/site-library/RcppEigen/include/Eigen/src/Core/SolveTriangular.h:182:21:   required from ‘void Eigen::TriangularViewImpl<_MatrixType, _Mode, Eigen::Dense>::solveInPlace(const Eigen::MatrixBase<OtherDerived>&) const [with int Side = 2; OtherDerived = Eigen::Block<Eigen::Matrix<double, -1, -1>, -1, -1, false>; _MatrixType = const Eigen::Transpose<const Eigen::Block<Eigen::Matrix<double, -1, -1>, -1, -1, false> >; unsigned int _Mode = 2]’
/usr/local/lib/R/site-library/RcppEigen/include/Eigen/src/Cholesky/LLT.h:364:96:   required from ‘static Eigen::Index Eigen::internal::llt_inplace<Scalar, 1>::blocked(MatrixType&) [with MatrixType = Eigen::Matrix<double, -1, -1>; Scalar = double; Eigen::Index = long int]’
/usr/local/lib/R/site-library/RcppEigen/include/Eigen/src/Cholesky/LLT.h:408:68:   required from ‘static bool Eigen::internal::LLT_Traits<MatrixType, 1>::inplace_decomposition(MatrixType&) [with MatrixType = Eigen::Matrix<double, -1, -1>]’
/usr/local/lib/R/site-library/RcppEigen/include/Eigen/src/Cholesky/LLT.h:456:42:   required from ‘Eigen::LLT<_MatrixType, _UpLo>& Eigen::LLT<MatrixType, UpLo>::compute(const Eigen::EigenBase<OtherDerived>&) [with InputType = Eigen::Matrix<double, -1, -1>; _MatrixType = Eigen::Matrix<double, -1, -1>; int _UpLo = 1]’
/usr/local/lib/R/site-library/RcppEigen/include/Eigen/src/Cholesky/LLT.h:109:14:   required from ‘Eigen::LLT<MatrixType, UpLo>::LLT(const Eigen::EigenBase<OtherDerived>&) [with InputType = Eigen::Matrix<double, -1, -1>; _MatrixType = Eigen::Matrix<double, -1, -1>; int _UpLo = 1]’
/usr/local/lib/R/site-library/RcppEigen/include/Eigen/src/Cholesky/LLT.h:542:10:   required from ‘const Eigen::LLT<typename Eigen::DenseBase<Derived>::PlainObject> Eigen::MatrixBase<Derived>::llt() const [with Derived = Eigen::Matrix<double, -1, -1>; typename Eigen::DenseBase<Derived>::PlainObject = Eigen::Matrix<double, -1, -1>]’
../inst/include/RcppML/project.hpp:123:51:   required from here
/usr/local/lib/R/site-library/RcppEigen/include/Eigen/src/Core/products/GeneralBlockPanelKernel.h:425:27: warning: ignoring attributes on template argument ‘Eigen::internal::packet_traits<double>::half’ {aka ‘__m128d’} [-Wignored-attributes]
  425 |   PACKET_DECL_COND_PREFIX(_, Lhs, _PacketSize);
      |                           ^
/usr/local/lib/R/site-library/RcppEigen/include/Eigen/src/Core/products/GeneralBlockPanelKernel.h:384:3: note: in definition of macro ‘PACKET_DECL_COND_PREFIX’
  384 |   prefix ## name ## Packet
      |   ^~~~~~
/usr/local/lib/R/site-library/RcppEigen/include/Eigen/src/Core/products/GeneralBlockPanelKernel.h:425:27: warning: ignoring attributes on template argument ‘Eigen::internal::packet_traits<double>::type’ {aka ‘__m128d’} [-Wignored-attributes]
  425 |   PACKET_DECL_COND_PREFIX(_, Lhs, _PacketSize);
      |                           ^
/usr/local/lib/R/site-library/RcppEigen/include/Eigen/src/Core/products/GeneralBlockPanelKernel.h:384:3: note: in definition of macro ‘PACKET_DECL_COND_PREFIX’
  384 |   prefix ## name ## Packet
      |   ^~~~~~
/usr/local/lib/R/site-library/RcppEigen/include/Eigen/src/Core/products/GeneralBlockPanelKernel.h:425:27: warning: ignoring attributes on template argument ‘Eigen::internal::packet_traits<double>::half’ {aka ‘__m128d’} [-Wignored-attributes]
  425 |   PACKET_DECL_COND_PREFIX(_, Lhs, _PacketSize);
      |                           ^
/usr/local/lib/R/site-library/RcppEigen/include/Eigen/src/Core/products/GeneralBlockPanelKernel.h:384:3: note: in definition of macro ‘PACKET_DECL_COND_PREFIX’
  384 |   prefix ## name ## Packet
      |   ^~~~~~
/usr/local/lib/R/site-library/RcppEigen/include/Eigen/src/Core/products/GeneralBlockPanelKernel.h:425:27: warning: ignoring attributes on template argument ‘Eigen::internal::unpacket_traits<__vector(2) double>::half’ {aka ‘__m128d’} [-Wignored-attributes]
  425 |   PACKET_DECL_COND_PREFIX(_, Lhs, _PacketSize);
      |                           ^
/usr/local/lib/R/site-library/RcppEigen/include/Eigen/src/Core/products/GeneralBlockPanelKernel.h:384:3: note: in definition of macro ‘PACKET_DECL_COND_PREFIX’
  384 |   prefix ## name ## Packet
      |   ^~~~~~
/usr/local/lib/R/site-library/RcppEigen/include/Eigen/src/Core/products/GeneralBlockPanelKernel.h:426:27: warning: ignoring attributes on template argument ‘Eigen::internal::packet_traits<double>::half’ {aka ‘__m128d’} [-Wignored-attributes]
  426 |   PACKET_DECL_COND_PREFIX(_, Rhs, _PacketSize);
      |                           ^
/usr/local/lib/R/site-library/RcppEigen/include/Eigen/src/Core/products/GeneralBlockPanelKernel.h:384:3: note: in definition of macro ‘PACKET_DECL_COND_PREFIX’
  384 |   prefix ## name ## Packet
      |   ^~~~~~
/usr/local/lib/R/site-library/RcppEigen/include/Eigen/src/Core/products/GeneralBlockPanelKernel.h:426:27: warning: ignoring attributes on template argument ‘Eigen::internal::packet_traits<double>::type’ {aka ‘__m128d’} [-Wignored-attributes]
  426 |   PACKET_DECL_COND_PREFIX(_, Rhs, _PacketSize);
      |                           ^
/usr/local/lib/R/site-library/RcppEigen/include/Eigen/src/Core/products/GeneralBlockPanelKernel.h:384:3: note: in definition of macro ‘PACKET_DECL_COND_PREFIX’
  384 |   prefix ## name ## Packet
      |   ^~~~~~
/usr/local/lib/R/site-library/RcppEigen/include/Eigen/src/Core/products/GeneralBlockPanelKernel.h:426:27: warning: ignoring attributes on template argument ‘Eigen::internal::packet_traits<double>::half’ {aka ‘__m128d’} [-Wignored-attributes]
  426 |   PACKET_DECL_COND_PREFIX(_, Rhs, _PacketSize);
      |                           ^
/usr/local/lib/R/site-library/RcppEigen/include/Eigen/src/Core/products/GeneralBlockPanelKernel.h:384:3: note: in definition of macro ‘PACKET_DECL_COND_PREFIX’
  384 |   prefix ## name ## Packet
      |   ^~~~~~
/usr/local/lib/R/site-library/RcppEigen/include/Eigen/src/Core/products/GeneralBlockPanelKernel.h:426:27: warning: ignoring attributes on template argument ‘Eigen::internal::unpacket_traits<__vector(2) double>::half’ {aka ‘__m128d’} [-Wignored-attributes]
  426 |   PACKET_DECL_COND_PREFIX(_, Rhs, _PacketSize);
      |                           ^
/usr/local/lib/R/site-library/RcppEigen/include/Eigen/src/Core/products/GeneralBlockPanelKernel.h:384:3: note: in definition of macro ‘PACKET_DECL_COND_PREFIX’
  384 |   prefix ## name ## Packet
      |   ^~~~~~
/usr/local/lib/R/site-library/RcppEigen/include/Eigen/src/Core/products/GeneralBlockPanelKernel.h:427:27: warning: ignoring attributes on template argument ‘Eigen::internal::packet_traits<double>::half’ {aka ‘__m128d’} [-Wignored-attributes]
  427 |   PACKET_DECL_COND_PREFIX(_, Res, _PacketSize);
      |                           ^
/usr/local/lib/R/site-library/RcppEigen/include/Eigen/src/Core/products/GeneralBlockPanelKernel.h:384:3: note: in definition of macro ‘PACKET_DECL_COND_PREFIX’
  384 |   prefix ## name ## Packet
      |   ^~~~~~
/usr/local/lib/R/site-library/RcppEigen/include/Eigen/src/Core/products/GeneralBlockPanelKernel.h:427:27: warning: ignoring attributes on template argument ‘Eigen::internal::packet_traits<double>::type’ {aka ‘__m128d’} [-Wignored-attributes]
  427 |   PACKET_DECL_COND_PREFIX(_, Res, _PacketSize);
      |                           ^
/usr/local/lib/R/site-library/RcppEigen/include/Eigen/src/Core/products/GeneralBlockPanelKernel.h:384:3: note: in definition of macro ‘PACKET_DECL_COND_PREFIX’
  384 |   prefix ## name ## Packet
      |   ^~~~~~
/usr/local/lib/R/site-library/RcppEigen/include/Eigen/src/Core/products/GeneralBlockPanelKernel.h:427:27: warning: ignoring attributes on template argument ‘Eigen::internal::packet_traits<double>::half’ {aka ‘__m128d’} [-Wignored-attributes]
  427 |   PACKET_DECL_COND_PREFIX(_, Res, _PacketSize);
      |                           ^
/usr/local/lib/R/site-library/RcppEigen/include/Eigen/src/Core/products/GeneralBlockPanelKernel.h:384:3: note: in definition of macro ‘PACKET_DECL_COND_PREFIX’
  384 |   prefix ## name ## Packet
      |   ^~~~~~
/usr/local/lib/R/site-library/RcppEigen/include/Eigen/src/Core/products/GeneralBlockPanelKernel.h:427:27: warning: ignoring attributes on template argument ‘Eigen::internal::unpacket_traits<__vector(2) double>::half’ {aka ‘__m128d’} [-Wignored-attributes]
  427 |   PACKET_DECL_COND_PREFIX(_, Res, _PacketSize);
      |                           ^
/usr/local/lib/R/site-library/RcppEigen/include/Eigen/src/Core/products/GeneralBlockPanelKernel.h:384:3: note: in definition of macro ‘PACKET_DECL_COND_PREFIX’
  384 |   prefix ## name ## Packet
      |   ^~~~~~
/usr/local/lib/R/site-library/RcppEigen/include/Eigen/src/Core/products/GeneralBlockPanelKernel.h:432:49: warning: ignoring attributes on template argument ‘Eigen::internal::packet_traits<double>::half’ {aka ‘__m128d’} [-Wignored-attributes]
  432 |     Vectorizable = unpacket_traits<_LhsPacket>::vectorizable && unpacket_traits<_RhsPacket>::vectorizable,
      |                                                 ^~~~~~~~~~~~
/usr/local/lib/R/site-library/RcppEigen/include/Eigen/src/Core/products/GeneralBlockPanelKernel.h:432:49: warning: ignoring attributes on template argument ‘Eigen::internal::packet_traits<double>::type’ {aka ‘__m128d’} [-Wignored-attributes]
/usr/local/lib/R/site-library/RcppEigen/include/Eigen/src/Core/products/GeneralBlockPanelKernel.h:432:49: warning: ignoring attributes on template argument ‘Eigen::internal::packet_traits<double>::half’ {aka ‘__m128d’} [-Wignored-attributes]
/usr/local/lib/R/site-library/RcppEigen/include/Eigen/src/Core/products/GeneralBlockPanelKernel.h:432:49: warning: ignoring attributes on template argument ‘Eigen::internal::unpacket_traits<__vector(2) double>::half’ {aka ‘__m128d’} [-Wignored-attributes]
/usr/local/lib/R/site-library/RcppEigen/include/Eigen/src/Core/products/GeneralBlockPanelKernel.h:432:94: warning: ignoring attributes on template argument ‘Eigen::internal::packet_traits<double>::half’ {aka ‘__m128d’} [-Wignored-attributes]
  432 |     Vectorizable = unpacket_traits<_LhsPacket>::vectorizable && unpacket_traits<_RhsPacket>::vectorizable,
      |                                                                                              ^~~~~~~~~~~~
/usr/local/lib/R/site-library/RcppEigen/include/Eigen/src/Core/products/GeneralBlockPanelKernel.h:432:94: warning: ignoring attributes on template argument ‘Eigen::internal::packet_traits<double>::type’ {aka ‘__m128d’} [-Wignored-attributes]
/usr/local/lib/R/site-library/RcppEigen/include/Eigen/src/Core/products/GeneralBlockPanelKernel.h:432:94: warning: ignoring attributes on template argument ‘Eigen::internal::packet_traits<double>::half’ {aka ‘__m128d’} [-Wignored-attributes]
/usr/local/lib/R/site-library/RcppEigen/include/Eigen/src/Core/products/GeneralBlockPanelKernel.h:432:94: warning: ignoring attributes on template argument ‘Eigen::internal::unpacket_traits<__vector(2) double>::half’ {aka ‘__m128d’} [-Wignored-attributes]
/usr/local/lib/R/site-library/RcppEigen/include/Eigen/src/Core/products/GeneralBlockPanelKernel.h:433:65: warning: ignoring attributes on template argument ‘Eigen::internal::packet_traits<double>::half’ {aka ‘__m128d’} [-Wignored-attributes]
  433 |     LhsPacketSize = Vectorizable ? unpacket_traits<_LhsPacket>::size : 1,
      |                                                                 ^~~~
/usr/local/lib/R/site-library/RcppEigen/include/Eigen/src/Core/products/GeneralBlockPanelKernel.h:433:65: warning: ignoring attributes on template argument ‘Eigen::internal::packet_traits<double>::type’ {aka ‘__m128d’} [-Wignored-attributes]
/usr/local/lib/R/site-library/RcppEigen/include/Eigen/src/Core/products/GeneralBlockPanelKernel.h:433:65: warning: ignoring attributes on template argument ‘Eigen::internal::packet_traits<double>::half’ {aka ‘__m128d’} [-Wignored-attributes]
/usr/local/lib/R/site-library/RcppEigen/include/Eigen/src/Core/products/GeneralBlockPanelKernel.h:433:65: warning: ignoring attributes on template argument ‘Eigen::internal::unpacket_traits<__vector(2) double>::half’ {aka ‘__m128d’} [-Wignored-attributes]
/usr/local/lib/R/site-library/RcppEigen/include/Eigen/src/Core/products/GeneralBlockPanelKernel.h:434:65: warning: ignoring attributes on template argument ‘Eigen::internal::packet_traits<double>::half’ {aka ‘__m128d’} [-Wignored-attributes]
  434 |     RhsPacketSize = Vectorizable ? unpacket_traits<_RhsPacket>::size : 1,
      |                                                                 ^~~~
/usr/local/lib/R/site-library/RcppEigen/include/Eigen/src/Core/products/GeneralBlockPanelKernel.h:434:65: warning: ignoring attributes on template argument ‘Eigen::internal::packet_traits<double>::type’ {aka ‘__m128d’} [-Wignored-attributes]
/usr/local/lib/R/site-library/RcppEigen/include/Eigen/src/Core/products/GeneralBlockPanelKernel.h:434:65: warning: ignoring attributes on template argument ‘Eigen::internal::packet_traits<double>::half’ {aka ‘__m128d’} [-Wignored-attributes]
/usr/local/lib/R/site-library/RcppEigen/include/Eigen/src/Core/products/GeneralBlockPanelKernel.h:434:65: warning: ignoring attributes on template argument ‘Eigen::internal::unpacket_traits<__vector(2) double>::half’ {aka ‘__m128d’} [-Wignored-attributes]
/usr/local/lib/R/site-library/RcppEigen/include/Eigen/src/Core/products/GeneralBlockPanelKernel.h:435:65: warning: ignoring attributes on template argument ‘Eigen::internal::packet_traits<double>::half’ {aka ‘__m128d’} [-Wignored-attributes]
  435 |     ResPacketSize = Vectorizable ? unpacket_traits<_ResPacket>::size : 1,
      |                                                                 ^~~~
/usr/local/lib/R/site-library/RcppEigen/include/Eigen/src/Core/products/GeneralBlockPanelKernel.h:435:65: warning: ignoring attributes on template argument ‘Eigen::internal::packet_traits<double>::type’ {aka ‘__m128d’} [-Wignored-attributes]
/usr/local/lib/R/site-library/RcppEigen/include/Eigen/src/Core/products/GeneralBlockPanelKernel.h:435:65: warning: ignoring attributes on template argument ‘Eigen::internal::packet_traits<double>::half’ {aka ‘__m128d’} [-Wignored-attributes]
/usr/local/lib/R/site-library/RcppEigen/include/Eigen/src/Core/products/GeneralBlockPanelKernel.h:435:65: warning: ignoring attributes on template argument ‘Eigen::internal::unpacket_traits<__vector(2) double>::half’ {aka ‘__m128d’} [-Wignored-attributes]
/usr/local/lib/R/site-library/RcppEigen/include/Eigen/src/Core/products/GeneralBlockPanelKernel.h:460:73: warning: ignoring attributes on template argument ‘Eigen::internal::packet_traits<double>::half’ {aka ‘__m128d’} [-Wignored-attributes]
  460 |   typedef typename conditional<Vectorizable,_LhsPacket,LhsScalar>::type LhsPacket;
      |                                                                         ^~~~~~~~~
/usr/local/lib/R/site-library/RcppEigen/include/Eigen/src/Core/products/GeneralBlockPanelKernel.h:460:73: warning: ignoring attributes on template argument ‘Eigen::internal::packet_traits<double>::type’ {aka ‘__m128d’} [-Wignored-attributes]
/usr/local/lib/R/site-library/RcppEigen/include/Eigen/src/Core/products/GeneralBlockPanelKernel.h:460:73: warning: ignoring attributes on template argument ‘Eigen::internal::packet_traits<double>::half’ {aka ‘__m128d’} [-Wignored-attributes]
/usr/local/lib/R/site-library/RcppEigen/include/Eigen/src/Core/products/GeneralBlockPanelKernel.h:460:73: warning: ignoring attributes on template argument ‘Eigen::internal::unpacket_traits<__vector(2) double>::half’ {aka ‘__m128d’} [-Wignored-attributes]
/usr/local/lib/R/site-library/RcppEigen/include/Eigen/src/Core/products/GeneralBlockPanelKernel.h:461:73: warning: ignoring attributes on template argument ‘Eigen::internal::packet_traits<double>::half’ {aka ‘__m128d’} [-Wignored-attributes]
  461 |   typedef typename conditional<Vectorizable,_RhsPacket,RhsScalar>::type RhsPacket;
      |                                                                         ^~~~~~~~~
/usr/local/lib/R/site-library/RcppEigen/include/Eigen/src/Core/products/GeneralBlockPanelKernel.h:461:73: warning: ignoring attributes on template argument ‘Eigen::internal::packet_traits<double>::type’ {aka ‘__m128d’} [-Wignored-attributes]
/usr/local/lib/R/site-library/RcppEigen/include/Eigen/src/Core/products/GeneralBlockPanelKernel.h:461:73: warning: ignoring attributes on template argument ‘Eigen::internal::packet_traits<double>::half’ {aka ‘__m128d’} [-Wignored-attributes]
/usr/local/lib/R/site-library/RcppEigen/include/Eigen/src/Core/products/GeneralBlockPanelKernel.h:461:73: warning: ignoring attributes on template argument ‘Eigen::internal::unpacket_traits<__vector(2) double>::half’ {aka ‘__m128d’} [-Wignored-attributes]
/usr/local/lib/R/site-library/RcppEigen/include/Eigen/src/Core/products/GeneralBlockPanelKernel.h:462:73: warning: ignoring attributes on template argument ‘Eigen::internal::packet_traits<double>::half’ {aka ‘__m128d’} [-Wignored-attributes]
  462 |   typedef typename conditional<Vectorizable,_ResPacket,ResScalar>::type ResPacket;
      |                                                                         ^~~~~~~~~
/usr/local/lib/R/site-library/RcppEigen/include/Eigen/src/Core/products/GeneralBlockPanelKernel.h:462:73: warning: ignoring attributes on template argument ‘Eigen::internal::packet_traits<double>::type’ {aka ‘__m128d’} [-Wignored-attributes]
/usr/local/lib/R/site-library/RcppEigen/include/Eigen/src/Core/products/GeneralBlockPanelKernel.h:462:73: warning: ignoring attributes on template argument ‘Eigen::internal::packet_traits<double>::half’ {aka ‘__m128d’} [-Wignored-attributes]
/usr/local/lib/R/site-library/RcppEigen/include/Eigen/src/Core/products/GeneralBlockPanelKernel.h:462:73: warning: ignoring attributes on template argument ‘Eigen::internal::unpacket_traits<__vector(2) double>::half’ {aka ‘__m128d’} [-Wignored-attributes]
/usr/local/lib/R/site-library/RcppEigen/include/Eigen/src/Core/products/GeneralBlockPanelKernel.h:465:33: warning: ignoring attributes on template argument ‘Eigen::internal::packet_traits<double>::half’ {aka ‘__m128d’} [-Wignored-attributes]
  465 |   typedef QuadPacket<RhsPacket> RhsPacketx4;
      |                                 ^~~~~~~~~~~
/usr/local/lib/R/site-library/RcppEigen/include/Eigen/src/Core/products/GeneralBlockPanelKernel.h:465:33: warning: ignoring attributes on template argument ‘Eigen::internal::packet_traits<double>::type’ {aka ‘__m128d’} [-Wignored-attributes]
/usr/local/lib/R/site-library/RcppEigen/include/Eigen/src/Core/products/GeneralBlockPanelKernel.h:465:33: warning: ignoring attributes on template argument ‘Eigen::internal::packet_traits<double>::half’ {aka ‘__m128d’} [-Wignored-attributes]
/usr/local/lib/R/site-library/RcppEigen/include/Eigen/src/Core/products/GeneralBlockPanelKernel.h:465:33: warning: ignoring attributes on template argument ‘Eigen::internal::unpacket_traits<__vector(2) double>::half’ {aka ‘__m128d’} [-Wignored-attributes]
In file included from /usr/local/lib/R/site-library/RcppEigen/include/Eigen/Core:330,
                 from /usr/local/lib/R/site-library/RcppEigen/include/Eigen/Dense:1,
                 from /usr/local/lib/R/site-library/RcppEigen/include/RcppEigenForward.h:28,
                 from /usr/local/lib/R/site-library/RcppEigen/include/RcppEigen.h:25,
                 from ../inst/include/RcppMLCommon.hpp:36,
                 from ../inst/include/RcppML.hpp:11,
                 from RcppFunctions.cpp:8:
/usr/local/lib/R/site-library/RcppEigen/include/Eigen/src/Core/products/GeneralBlockPanelKernel.h: In instantiation of ‘struct Eigen::internal::gemm_pack_rhs<double, long int, Eigen::internal::const_blas_data_mapper<double, long int, 1>, 4, 1, false, false>’:
/usr/local/lib/R/site-library/RcppEigen/include/Eigen/src/Core/products/TriangularSolverMatrix.h:232:74:   required from ‘static void Eigen::internal::triangular_solve_matrix<Scalar, Index, 2, Mode, Conjugate, TriStorageOrder, 0, OtherInnerStride>::run(Index, Index, const Scalar*, Index, Scalar*, Index, Index, Eigen::internal::level3_blocking<Scalar, Scalar>&) [with Scalar = double; Index = long int; int Mode = 2; bool Conjugate = false; int TriStorageOrder = 1; int OtherInnerStride = 1]’
/usr/local/lib/R/site-library/RcppEigen/include/Eigen/src/Core/SolveTriangular.h:102:12:   required from ‘static void Eigen::internal::triangular_solver_selector<Lhs, Rhs, Side, Mode, 0, -1>::run(const Lhs&, Rhs&) [with Lhs = const Eigen::Transpose<const Eigen::Block<Eigen::Matrix<double, -1, -1>, -1, -1, false> >; Rhs = Eigen::Block<Eigen::Matrix<double, -1, -1>, -1, -1, false>; int Side = 2; int Mode = 2]’
/usr/local/lib/R/site-library/RcppEigen/include/Eigen/src/Core/SolveTriangular.h:182:21:   required from ‘void Eigen::TriangularViewImpl<_MatrixType, _Mode, Eigen::Dense>::solveInPlace(const Eigen::MatrixBase<OtherDerived>&) const [with int Side = 2; OtherDerived = Eigen::Block<Eigen::Matrix<double, -1, -1>, -1, -1, false>; _MatrixType = const Eigen::Transpose<const Eigen::Block<Eigen::Matrix<double, -1, -1>, -1, -1, false> >; unsigned int _Mode = 2]’
/usr/local/lib/R/site-library/RcppEigen/include/Eigen/src/Cholesky/LLT.h:364:96:   required from ‘static Eigen::Index Eigen::internal::llt_inplace<Scalar, 1>::blocked(MatrixType&) [with MatrixType = Eigen::Matrix<double, -1, -1>; Scalar = double; Eigen::Index = long int]’
/usr/local/lib/R/site-library/RcppEigen/include/Eigen/src/Cholesky/LLT.h:408:68:   required from ‘static bool Eigen::internal::LLT_Traits<MatrixType, 1>::inplace_decomposition(MatrixType&) [with MatrixType = Eigen::Matrix<double, -1, -1>]’
/usr/local/lib/R/site-library/RcppEigen/include/Eigen/src/Cholesky/LLT.h:456:42:   required from ‘Eigen::LLT<_MatrixType, _UpLo>& Eigen::LLT<MatrixType, UpLo>::compute(const Eigen::EigenBase<OtherDerived>&) [with InputType = Eigen::Matrix<double, -1, -1>; _MatrixType = Eigen::Matrix<double, -1, -1>; int _UpLo = 1]’
/usr/local/lib/R/site-library/RcppEigen/include/Eigen/src/Cholesky/LLT.h:109:14:   required from ‘Eigen::LLT<MatrixType, UpLo>::LLT(const Eigen::EigenBase<OtherDerived>&) [with InputType = Eigen::Matrix<double, -1, -1>; _MatrixType = Eigen::Matrix<double, -1, -1>; int _UpLo = 1]’
/usr/local/lib/R/site-library/RcppEigen/include/Eigen/src/Cholesky/LLT.h:542:10:   required from ‘const Eigen::LLT<typename Eigen::DenseBase<Derived>::PlainObject> Eigen::MatrixBase<Derived>::llt() const [with Derived = Eigen::Matrix<double, -1, -1>; typename Eigen::DenseBase<Derived>::PlainObject = Eigen::Matrix<double, -1, -1>]’
../inst/include/RcppML/project.hpp:123:51:   required from here
/usr/local/lib/R/site-library/RcppEigen/include/Eigen/src/Core/products/GeneralBlockPanelKernel.h:2504:50: warning: ignoring attributes on template argument ‘Eigen::internal::packet_traits<double>::type’ {aka ‘__m128d’} [-Wignored-attributes]
 2504 |   typedef typename unpacket_traits<Packet>::half HalfPacket;
      |                                                  ^~~~~~~~~~
/usr/local/lib/R/site-library/RcppEigen/include/Eigen/src/Core/products/GeneralBlockPanelKernel.h:2505:82: warning: ignoring attributes on template argument ‘Eigen::internal::packet_traits<double>::type’ {aka ‘__m128d’} [-Wignored-attributes]
 2505 |   typedef typename unpacket_traits<typename unpacket_traits<Packet>::half>::half QuarterPacket;
      |                                                                                  ^~~~~~~~~~~~~
/usr/local/lib/R/site-library/RcppEigen/include/Eigen/src/Core/products/GeneralBlockPanelKernel.h:2505:82: warning: ignoring attributes on template argument ‘Eigen::internal::unpacket_traits<__vector(2) double>::half’ {aka ‘__m128d’} [-Wignored-attributes]
/usr/local/lib/R/site-library/RcppEigen/include/Eigen/src/Core/products/GeneralBlockPanelKernel.h:2508:56: warning: ignoring attributes on template argument ‘Eigen::internal::packet_traits<double>::type’ {aka ‘__m128d’} [-Wignored-attributes]
 2508 |          HalfPacketSize = unpacket_traits<HalfPacket>::size,
      |                                                        ^~~~
/usr/local/lib/R/site-library/RcppEigen/include/Eigen/src/Core/products/GeneralBlockPanelKernel.h:2508:56: warning: ignoring attributes on template argument ‘Eigen::internal::unpacket_traits<__vector(2) double>::half’ {aka ‘__m128d’} [-Wignored-attributes]
/usr/local/lib/R/site-library/RcppEigen/include/Eigen/src/Core/products/GeneralBlockPanelKernel.h:2509:70: warning: ignoring attributes on template argument ‘Eigen::internal::packet_traits<double>::type’ {aka ‘__m128d’} [-Wignored-attributes]
 2509 |                  QuarterPacketSize = unpacket_traits<QuarterPacket>::size};
      |                                                                      ^~~~
/usr/local/lib/R/site-library/RcppEigen/include/Eigen/src/Core/products/GeneralBlockPanelKernel.h:2509:70: warning: ignoring attributes on template argument ‘Eigen::internal::unpacket_traits<__vector(2) double>::half’ {aka ‘__m128d’} [-Wignored-attributes]
/usr/local/lib/R/site-library/RcppEigen/include/Eigen/src/Core/products/GeneralBlockPanelKernel.h:2509:70: warning: ignoring attributes on template argument ‘Eigen::internal::unpacket_traits<__vector(2) double>::half’ {aka ‘__m128d’} [-Wignored-attributes]
/usr/local/lib/R/site-library/RcppEigen/include/Eigen/src/Core/products/GeneralBlockPanelKernel.h: In instantiation of ‘struct Eigen::internal::gemm_pack_rhs<double, long int, Eigen::internal::const_blas_data_mapper<double, long int, 1>, 4, 1, false, true>’:
/usr/local/lib/R/site-library/RcppEigen/include/Eigen/src/Core/products/TriangularSolverMatrix.h:233:85:   required from ‘static void Eigen::internal::triangular_solve_matrix<Scalar, Index, 2, Mode, Conjugate, TriStorageOrder, 0, OtherInnerStride>::run(Index, Index, const Scalar*, Index, Scalar*, Index, Index, Eigen::internal::level3_blocking<Scalar, Scalar>&) [with Scalar = double; Index = long int; int Mode = 2; bool Conjugate = false; int TriStorageOrder = 1; int OtherInnerStride = 1]’
/usr/local/lib/R/site-library/RcppEigen/include/Eigen/src/Core/SolveTriangular.h:102:12:   required from ‘static void Eigen::internal::triangular_solver_selector<Lhs, Rhs, Side, Mode, 0, -1>::run(const Lhs&, Rhs&) [with Lhs = const Eigen::Transpose<const Eigen::Block<Eigen::Matrix<double, -1, -1>, -1, -1, false> >; Rhs = Eigen::Block<Eigen::Matrix<double, -1, -1>, -1, -1, false>; int Side = 2; int Mode = 2]’
/usr/local/lib/R/site-library/RcppEigen/include/Eigen/src/Core/SolveTriangular.h:182:21:   required from ‘void Eigen::TriangularViewImpl<_MatrixType, _Mode, Eigen::Dense>::solveInPlace(const Eigen::MatrixBase<OtherDerived>&) const [with int Side = 2; OtherDerived = Eigen::Block<Eigen::Matrix<double, -1, -1>, -1, -1, false>; _MatrixType = const Eigen::Transpose<const Eigen::Block<Eigen::Matrix<double, -1, -1>, -1, -1, false> >; unsigned int _Mode = 2]’
/usr/local/lib/R/site-library/RcppEigen/include/Eigen/src/Cholesky/LLT.h:364:96:   required from ‘static Eigen::Index Eigen::internal::llt_inplace<Scalar, 1>::blocked(MatrixType&) [with MatrixType = Eigen::Matrix<double, -1, -1>; Scalar = double; Eigen::Index = long int]’
/usr/local/lib/R/site-library/RcppEigen/include/Eigen/src/Cholesky/LLT.h:408:68:   required from ‘static bool Eigen::internal::LLT_Traits<MatrixType, 1>::inplace_decomposition(MatrixType&) [with MatrixType = Eigen::Matrix<double, -1, -1>]’
/usr/local/lib/R/site-library/RcppEigen/include/Eigen/src/Cholesky/LLT.h:456:42:   required from ‘Eigen::LLT<_MatrixType, _UpLo>& Eigen::LLT<MatrixType, UpLo>::compute(const Eigen::EigenBase<OtherDerived>&) [with InputType = Eigen::Matrix<double, -1, -1>; _MatrixType = Eigen::Matrix<double, -1, -1>; int _UpLo = 1]’
/usr/local/lib/R/site-library/RcppEigen/include/Eigen/src/Cholesky/LLT.h:109:14:   required from ‘Eigen::LLT<MatrixType, UpLo>::LLT(const Eigen::EigenBase<OtherDerived>&) [with InputType = Eigen::Matrix<double, -1, -1>; _MatrixType = Eigen::Matrix<double, -1, -1>; int _UpLo = 1]’
/usr/local/lib/R/site-library/RcppEigen/include/Eigen/src/Cholesky/LLT.h:542:10:   required from ‘const Eigen::LLT<typename Eigen::DenseBase<Derived>::PlainObject> Eigen::MatrixBase<Derived>::llt() const [with Derived = Eigen::Matrix<double, -1, -1>; typename Eigen::DenseBase<Derived>::PlainObject = Eigen::Matrix<double, -1, -1>]’
../inst/include/RcppML/project.hpp:123:51:   required from here
/usr/local/lib/R/site-library/RcppEigen/include/Eigen/src/Core/products/GeneralBlockPanelKernel.h:2504:50: warning: ignoring attributes on template argument ‘Eigen::internal::packet_traits<double>::type’ {aka ‘__m128d’} [-Wignored-attributes]
 2504 |   typedef typename unpacket_traits<Packet>::half HalfPacket;
      |                                                  ^~~~~~~~~~
/usr/local/lib/R/site-library/RcppEigen/include/Eigen/src/Core/products/GeneralBlockPanelKernel.h:2505:82: warning: ignoring attributes on template argument ‘Eigen::internal::packet_traits<double>::type’ {aka ‘__m128d’} [-Wignored-attributes]
 2505 |   typedef typename unpacket_traits<typename unpacket_traits<Packet>::half>::half QuarterPacket;
      |                                                                                  ^~~~~~~~~~~~~
/usr/local/lib/R/site-library/RcppEigen/include/Eigen/src/Core/products/GeneralBlockPanelKernel.h:2505:82: warning: ignoring attributes on template argument ‘Eigen::internal::unpacket_traits<__vector(2) double>::half’ {aka ‘__m128d’} [-Wignored-attributes]
/usr/local/lib/R/site-library/RcppEigen/include/Eigen/src/Core/products/GeneralBlockPanelKernel.h:2508:56: warning: ignoring attributes on template argument ‘Eigen::internal::packet_traits<double>::type’ {aka ‘__m128d’} [-Wignored-attributes]
 2508 |          HalfPacketSize = unpacket_traits<HalfPacket>::size,
      |                                                        ^~~~
/usr/local/lib/R/site-library/RcppEigen/include/Eigen/src/Core/products/GeneralBlockPanelKernel.h:2508:56: warning: ignoring attributes on template argument ‘Eigen::internal::unpacket_traits<__vector(2) double>::half’ {aka ‘__m128d’} [-Wignored-attributes]
/usr/local/lib/R/site-library/RcppEigen/include/Eigen/src/Core/products/GeneralBlockPanelKernel.h:2509:70: warning: ignoring attributes on template argument ‘Eigen::internal::packet_traits<double>::type’ {aka ‘__m128d’} [-Wignored-attributes]
 2509 |                  QuarterPacketSize = unpacket_traits<QuarterPacket>::size};
      |                                                                      ^~~~
/usr/local/lib/R/site-library/RcppEigen/include/Eigen/src/Core/products/GeneralBlockPanelKernel.h:2509:70: warning: ignoring attributes on template argument ‘Eigen::internal::unpacket_traits<__vector(2) double>::half’ {aka ‘__m128d’} [-Wignored-attributes]
/usr/local/lib/R/site-library/RcppEigen/include/Eigen/src/Core/products/GeneralBlockPanelKernel.h:2509:70: warning: ignoring attributes on template argument ‘Eigen::internal::unpacket_traits<__vector(2) double>::half’ {aka ‘__m128d’} [-Wignored-attributes]
In file included from /usr/local/lib/R/site-library/RcppEigen/include/Eigen/Core:271,
                 from /usr/local/lib/R/site-library/RcppEigen/include/Eigen/Dense:1,
                 from /usr/local/lib/R/site-library/RcppEigen/include/RcppEigenForward.h:28,
                 from /usr/local/lib/R/site-library/RcppEigen/include/RcppEigen.h:25,
                 from ../inst/include/RcppMLCommon.hpp:36,
                 from ../inst/include/RcppML.hpp:11,
                 from RcppFunctions.cpp:8:
/usr/local/lib/R/site-library/RcppEigen/include/Eigen/src/Core/DenseCoeffsBase.h: In instantiation of ‘class Eigen::DenseCoeffsBase<Eigen::Block<const Eigen::Block<const Eigen::Transpose<Eigen::Matrix<double, -1, -1> >, -1, 1, false>, -1, 1, true>, 0>’:
/usr/local/lib/R/site-library/RcppEigen/include/Eigen/src/Core/DenseCoeffsBase.h:481:7:   required from ‘class Eigen::DenseCoeffsBase<Eigen::Block<const Eigen::Block<const Eigen::Transpose<Eigen::Matrix<double, -1, -1> >, -1, 1, false>, -1, 1, true>, 2>’
/usr/local/lib/R/site-library/RcppEigen/include/Eigen/src/Core/DenseBase.h:41:34:   required from ‘class Eigen::DenseBase<Eigen::Block<const Eigen::Block<const Eigen::Transpose<Eigen::Matrix<double, -1, -1> >, -1, 1, false>, -1, 1, true> >’
/usr/local/lib/R/site-library/RcppEigen/include/Eigen/src/Core/MatrixBase.h:48:34:   required from ‘class Eigen::MatrixBase<Eigen::Block<const Eigen::Block<const Eigen::Transpose<Eigen::Matrix<double, -1, -1> >, -1, 1, false>, -1, 1, true> >’
/usr/local/lib/R/site-library/RcppEigen/include/Eigen/src/Core/MapBase.h:37:34:   required from ‘class Eigen::MapBase<Eigen::Block<const Eigen::Block<const Eigen::Transpose<Eigen::Matrix<double, -1, -1> >, -1, 1, false>, -1, 1, true>, 0>’
/usr/local/lib/R/site-library/RcppEigen/include/Eigen/src/Core/Block.h:329:7:   required from ‘class Eigen::internal::BlockImpl_dense<const Eigen::Block<const Eigen::Transpose<Eigen::Matrix<double, -1, -1> >, -1, 1, false>, -1, 1, true, true>’
/usr/local/lib/R/site-library/RcppEigen/include/Eigen/src/Core/Block.h:154:7:   [ skipping 5 instantiation contexts, use -ftemplate-backtrace-limit=0 to disable ]
/usr/local/lib/R/site-library/RcppEigen/include/Eigen/src/Core/ProductEvaluators.h:148:43:   required from ‘static void Eigen::internal::Assignment<DstXprType, Eigen::Product<Lhs, Rhs, Options>, Eigen::internal::assign_op<Scalar, Scalar>, Eigen::internal::Dense2Dense, typename Eigen::internal::enable_if<((Options == Eigen::DefaultProduct) || (Options == Eigen::AliasFreeProduct))>::type>::run(DstXprType&, const SrcXprType&, const Eigen::internal::assign_op<Scalar, Scalar>&) [with DstXprType = Eigen::Matrix<double, -1, -1>; Lhs = Eigen::Matrix<double, -1, -1>; Rhs = Eigen::Transpose<Eigen::Matrix<double, -1, -1> >; int Options = 0; Scalar = double; Eigen::internal::Assignment<DstXprType, Eigen::Product<Lhs, Rhs, Options>, Eigen::internal::assign_op<Scalar, Scalar>, Eigen::internal::Dense2Dense, typename Eigen::internal::enable_if<((Options == Eigen::DefaultProduct) || (Options == Eigen::AliasFreeProduct))>::type>::SrcXprType = Eigen::Product<Eigen::Matrix<double, -1, -1>, Eigen::Transpose<Eigen::Matrix<double, -1, -1> >, 0>]’
/usr/local/lib/R/site-library/RcppEigen/include/Eigen/src/Core/AssignEvaluator.h:890:49:   required from ‘void Eigen::internal::call_assignment_no_alias(Dst&, const Src&, const Func&) [with Dst = Eigen::Matrix<double, -1, -1>; Src = Eigen::Product<Eigen::Matrix<double, -1, -1>, Eigen::Transpose<Eigen::Matrix<double, -1, -1> >, 0>; Func = Eigen::internal::assign_op<double, double>]’
/usr/local/lib/R/site-library/RcppEigen/include/Eigen/src/Core/PlainObjectBase.h:797:41:   required from ‘Derived& Eigen::PlainObjectBase<Derived>::_set_noalias(const Eigen::DenseBase<OtherDerived>&) [with OtherDerived = Eigen::Product<Eigen::Matrix<double, -1, -1>, Eigen::Transpose<Eigen::Matrix<double, -1, -1> >, 0>; Derived = Eigen::Matrix<double, -1, -1>]’
/usr/local/lib/R/site-library/RcppEigen/include/Eigen/src/Core/PlainObjectBase.h:594:19:   required from ‘Eigen::PlainObjectBase<Derived>::PlainObjectBase(const Eigen::DenseBase<OtherDerived>&) [with OtherDerived = Eigen::Product<Eigen::Matrix<double, -1, -1>, Eigen::Transpose<Eigen::Matrix<double, -1, -1> >, 0>; Derived = Eigen::Matrix<double, -1, -1>]’
/usr/local/lib/R/site-library/RcppEigen/include/Eigen/src/Core/Matrix.h:423:29:   required from ‘Eigen::Matrix<_Scalar, _Rows, _Cols, _Options, _MaxRows, _MaxCols>::Matrix(const Eigen::EigenBase<OtherDerived>&) [with OtherDerived = Eigen::Product<Eigen::Matrix<double, -1, -1>, Eigen::Transpose<Eigen::Matrix<double, -1, -1> >, 0>; _Scalar = double; int _Rows = -1; int _Cols = -1; int _Options = 0; int _MaxRows = -1; int _MaxCols = -1]’
../inst/include/RcppML/project.hpp:149:47:   required from here
/usr/local/lib/R/site-library/RcppEigen/include/Eigen/src/Core/DenseCoeffsBase.h:56:30: warning: ignoring attributes on template argument ‘Eigen::internal::packet_traits<double>::type’ {aka ‘__m128d’} [-Wignored-attributes]
   56 |                      >::type PacketReturnType;
      |                              ^~~~~~~~~~~~~~~~
/usr/local/lib/R/site-library/RcppEigen/include/Eigen/src/Core/DenseCoeffsBase.h: In instantiation of ‘class Eigen::DenseCoeffsBase<Eigen::Block<const Eigen::Block<Eigen::Matrix<double, -1, -1>, -1, 1, true>, -1, 1, true>, 0>’:
/usr/local/lib/R/site-library/RcppEigen/include/Eigen/src/Core/DenseCoeffsBase.h:481:7:   required from ‘class Eigen::DenseCoeffsBase<Eigen::Block<const Eigen::Block<Eigen::Matrix<double, -1, -1>, -1, 1, true>, -1, 1, true>, 2>’
/usr/local/lib/R/site-library/RcppEigen/include/Eigen/src/Core/DenseBase.h:41:34:   required from ‘class Eigen::DenseBase<Eigen::Block<const Eigen::Block<Eigen::Matrix<double, -1, -1>, -1, 1, true>, -1, 1, true> >’
/usr/local/lib/R/site-library/RcppEigen/include/Eigen/src/Core/MatrixBase.h:48:34:   required from ‘class Eigen::MatrixBase<Eigen::Block<const Eigen::Block<Eigen::Matrix<double, -1, -1>, -1, 1, true>, -1, 1, true> >’
/usr/local/lib/R/site-library/RcppEigen/include/Eigen/src/Core/MapBase.h:37:34:   required from ‘class Eigen::MapBase<Eigen::Block<const Eigen::Block<Eigen::Matrix<double, -1, -1>, -1, 1, true>, -1, 1, true>, 0>’
/usr/local/lib/R/site-library/RcppEigen/include/Eigen/src/Core/Block.h:329:7:   required from ‘class Eigen::internal::BlockImpl_dense<const Eigen::Block<Eigen::Matrix<double, -1, -1>, -1, 1, true>, -1, 1, true, true>’
/usr/local/lib/R/site-library/RcppEigen/include/Eigen/src/Core/Block.h:154:7:   [ skipping 5 instantiation contexts, use -ftemplate-backtrace-limit=0 to disable ]
/usr/local/lib/R/site-library/RcppEigen/include/Eigen/src/Core/ProductEvaluators.h:148:43:   required from ‘static void Eigen::internal::Assignment<DstXprType, Eigen::Product<Lhs, Rhs, Options>, Eigen::internal::assign_op<Scalar, Scalar>, Eigen::internal::Dense2Dense, typename Eigen::internal::enable_if<((Options == Eigen::DefaultProduct) || (Options == Eigen::AliasFreeProduct))>::type>::run(DstXprType&, const SrcXprType&, const Eigen::internal::assign_op<Scalar, Scalar>&) [with DstXprType = Eigen::Matrix<double, -1, 1>; Lhs = Eigen::Matrix<double, -1, -1>; Rhs = Eigen::Block<Eigen::Matrix<double, -1, -1>, -1, 1, true>; int Options = 0; Scalar = double; Eigen::internal::Assignment<DstXprType, Eigen::Product<Lhs, Rhs, Options>, Eigen::internal::assign_op<Scalar, Scalar>, Eigen::internal::Dense2Dense, typename Eigen::internal::enable_if<((Options == Eigen::DefaultProduct) || (Options == Eigen::AliasFreeProduct))>::type>::SrcXprType = Eigen::Product<Eigen::Matrix<double, -1, -1>, Eigen::Block<Eigen::Matrix<double, -1, -1>, -1, 1, true>, 0>]’
/usr/local/lib/R/site-library/RcppEigen/include/Eigen/src/Core/AssignEvaluator.h:890:49:   required from ‘void Eigen::internal::call_assignment_no_alias(Dst&, const Src&, const Func&) [with Dst = Eigen::Matrix<double, -1, 1>; Src = Eigen::Product<Eigen::Matrix<double, -1, -1>, Eigen::Block<Eigen::Matrix<double, -1, -1>, -1, 1, true>, 0>; Func = Eigen::internal::assign_op<double, double>]’
/usr/local/lib/R/site-library/RcppEigen/include/Eigen/src/Core/PlainObjectBase.h:797:41:   required from ‘Derived& Eigen::PlainObjectBase<Derived>::_set_noalias(const Eigen::DenseBase<OtherDerived>&) [with OtherDerived = Eigen::Product<Eigen::Matrix<double, -1, -1>, Eigen::Block<Eigen::Matrix<double, -1, -1>, -1, 1, true>, 0>; Derived = Eigen::Matrix<double, -1, 1>]’
/usr/local/lib/R/site-library/RcppEigen/include/Eigen/src/Core/PlainObjectBase.h:594:19:   required from ‘Eigen::PlainObjectBase<Derived>::PlainObjectBase(const Eigen::DenseBase<OtherDerived>&) [with OtherDerived = Eigen::Product<Eigen::Matrix<double, -1, -1>, Eigen::Block<Eigen::Matrix<double, -1, -1>, -1, 1, true>, 0>; Derived = Eigen::Matrix<double, -1, 1>]’
/usr/local/lib/R/site-library/RcppEigen/include/Eigen/src/Core/Matrix.h:423:29:   required from ‘Eigen::Matrix<_Scalar, _Rows, _Cols, _Options, _MaxRows, _MaxCols>::Matrix(const Eigen::EigenBase<OtherDerived>&) [with OtherDerived = Eigen::Product<Eigen::Matrix<double, -1, -1>, Eigen::Block<Eigen::Matrix<double, -1, -1>, -1, 1, true>, 0>; _Scalar = double; int _Rows = -1; int _Cols = 1; int _Options = 0; int _MaxRows = -1; int _MaxCols = 1]’
../inst/include/RcppML/nmf.hpp:98:46:   required from here
/usr/local/lib/R/site-library/RcppEigen/include/Eigen/src/Core/DenseCoeffsBase.h:56:30: warning: ignoring attributes on template argument ‘Eigen::internal::packet_traits<double>::type’ {aka ‘__m128d’} [-Wignored-attributes]
In file included from /usr/local/lib/R/site-library/RcppEigen/include/Eigen/Core:333,
                 from /usr/local/lib/R/site-library/RcppEigen/include/Eigen/Dense:1,
                 from /usr/local/lib/R/site-library/RcppEigen/include/RcppEigenForward.h:28,
                 from /usr/local/lib/R/site-library/RcppEigen/include/RcppEigen.h:25,
                 from ../inst/include/RcppMLCommon.hpp:36,
                 from ../inst/include/RcppML.hpp:11,
                 from RcppFunctions.cpp:8:
/usr/local/lib/R/site-library/RcppEigen/include/Eigen/src/Core/products/GeneralMatrixVector.h: In instantiation of ‘class Eigen::internal::gemv_traits<double, double, 0>’:
/usr/local/lib/R/site-library/RcppEigen/include/Eigen/src/Core/products/GeneralMatrixVector.h:87:38:   required from ‘struct Eigen::internal::general_matrix_vector_product<long int, double, Eigen::internal::const_blas_data_mapper<double, long int, 0>, 0, false, double, Eigen::internal::const_blas_data_mapper<double, long int, 1>, false, 0>’
/usr/local/lib/R/site-library/RcppEigen/include/Eigen/src/Core/GeneralProduct.h:253:134:   required from ‘static void Eigen::internal::gemv_dense_selector<2, 0, true>::run(const Lhs&, const Rhs&, Dest&, const typename Dest::Scalar&) [with Lhs = Eigen::Matrix<double, -1, -1>; Rhs = Eigen::Block<const Eigen::Transpose<const Eigen::Matrix<double, -1, -1> >, -1, 1, false>; Dest = Eigen::Block<Eigen::Matrix<double, 2, 2>, 2, 1, true>; typename Dest::Scalar = double]’
/usr/local/lib/R/site-library/RcppEigen/include/Eigen/src/Core/ProductEvaluators.h:388:34:   required from ‘static void Eigen::internal::generic_product_impl<Lhs, Rhs, Eigen::DenseShape, Eigen::DenseShape, 7>::scaleAndAddTo(Dest&, const Lhs&, const Rhs&, const Scalar&) [with Dest = Eigen::Block<Eigen::Matrix<double, 2, 2>, 2, 1, true>; Lhs = Eigen::Matrix<double, -1, -1>; Rhs = const Eigen::Block<const Eigen::Transpose<const Eigen::Matrix<double, -1, -1> >, -1, 1, false>; Eigen::internal::generic_product_impl<Lhs, Rhs, Eigen::DenseShape, Eigen::DenseShape, 7>::Scalar = double]’
/usr/local/lib/R/site-library/RcppEigen/include/Eigen/src/Core/products/GeneralMatrixMatrix.h:479:24:   required from ‘static void Eigen::internal::generic_product_impl<Lhs, Rhs, Eigen::DenseShape, Eigen::DenseShape, 8>::scaleAndAddTo(Dest&, const Lhs&, const Rhs&, const Scalar&) [with Dest = Eigen::Matrix<double, 2, 2>; Lhs = Eigen::Matrix<double, -1, -1>; Rhs = Eigen::Transpose<const Eigen::Matrix<double, -1, -1> >; Eigen::internal::generic_product_impl<Lhs, Rhs, Eigen::DenseShape, Eigen::DenseShape, 8>::Scalar = double]’
/usr/local/lib/R/site-library/RcppEigen/include/Eigen/src/Core/products/GeneralMatrixMatrix.h:445:20:   required from ‘static void Eigen::internal::generic_product_impl<Lhs, Rhs, Eigen::DenseShape, Eigen::DenseShape, 8>::evalTo(Dst&, const Lhs&, const Rhs&) [with Dst = Eigen::Matrix<double, 2, 2>; Lhs = Eigen::Matrix<double, -1, -1>; Rhs = Eigen::Transpose<const Eigen::Matrix<double, -1, -1> >]’
/usr/local/lib/R/site-library/RcppEigen/include/Eigen/src/Core/ProductEvaluators.h:148:43:   required from ‘static void Eigen::internal::Assignment<DstXprType, Eigen::Product<Lhs, Rhs, Options>, Eigen::internal::assign_op<Scalar, Scalar>, Eigen::internal::Dense2Dense, typename Eigen::internal::enable_if<((Options == Eigen::DefaultProduct) || (Options == Eigen::AliasFreeProduct))>::type>::run(DstXprType&, const SrcXprType&, const Eigen::internal::assign_op<Scalar, Scalar>&) [with DstXprType = Eigen::Matrix<double, 2, 2>; Lhs = Eigen::Matrix<double, -1, -1>; Rhs = Eigen::Transpose<const Eigen::Matrix<double, -1, -1> >; int Options = 0; Scalar = double; Eigen::internal::Assignment<DstXprType, Eigen::Product<Lhs, Rhs, Options>, Eigen::internal::assign_op<Scalar, Scalar>, Eigen::internal::Dense2Dense, typename Eigen::internal::enable_if<((Options == Eigen::DefaultProduct) || (Options == Eigen::AliasFreeProduct))>::type>::SrcXprType = Eigen::Product<Eigen::Matrix<double, -1, -1>, Eigen::Transpose<const Eigen::Matrix<double, -1, -1> >, 0>]’
/usr/local/lib/R/site-library/RcppEigen/include/Eigen/src/Core/AssignEvaluator.h:890:49:   required from ‘void Eigen::internal::call_assignment_no_alias(Dst&, const Src&, const Func&) [with Dst = Eigen::Matrix<double, 2, 2>; Src = Eigen::Product<Eigen::Matrix<double, -1, -1>, Eigen::Transpose<const Eigen::Matrix<double, -1, -1> >, 0>; Func = Eigen::internal::assign_op<double, double>]’
/usr/local/lib/R/site-library/RcppEigen/include/Eigen/src/Core/PlainObjectBase.h:797:41:   required from ‘Derived& Eigen::PlainObjectBase<Derived>::_set_noalias(const Eigen::DenseBase<OtherDerived>&) [with OtherDerived = Eigen::Product<Eigen::Matrix<double, -1, -1>, Eigen::Transpose<const Eigen::Matrix<double, -1, -1> >, 0>; Derived = Eigen::Matrix<double, 2, 2>]’
/usr/local/lib/R/site-library/RcppEigen/include/Eigen/src/Core/PlainObjectBase.h:594:19:   required from ‘Eigen::PlainObjectBase<Derived>::PlainObjectBase(const Eigen::DenseBase<OtherDerived>&) [with OtherDerived = Eigen::Product<Eigen::Matrix<double, -1, -1>, Eigen::Transpose<const Eigen::Matrix<double, -1, -1> >, 0>; Derived = Eigen::Matrix<double, 2, 2>]’
/usr/local/lib/R/site-library/RcppEigen/include/Eigen/src/Core/Matrix.h:423:29:   required from ‘Eigen::Matrix<_Scalar, _Rows, _Cols, _Options, _MaxRows, _MaxCols>::Matrix(const Eigen::EigenBase<OtherDerived>&) [with OtherDerived = Eigen::Product<Eigen::Matrix<double, -1, -1>, Eigen::Transpose<const Eigen::Matrix<double, -1, -1> >, 0>; _Scalar = double; int _Rows = 2; int _Cols = 2; int _Options = 0; int _MaxRows = 2; int _MaxCols = 2]’
../inst/include/RcppML/project.hpp:106:41:   required from here
/usr/local/lib/R/site-library/RcppEigen/include/Eigen/src/Core/products/GeneralMatrixVector.h:44:27: warning: ignoring attributes on template argument ‘Eigen::internal::packet_traits<double>::half’ {aka ‘__m128d’} [-Wignored-attributes]
   44 |   PACKET_DECL_COND_PREFIX(_, Lhs, _PacketSize);
      |                           ^
/usr/local/lib/R/site-library/RcppEigen/include/Eigen/src/Core/products/GeneralMatrixVector.h:42:3: note: in definition of macro ‘PACKET_DECL_COND_PREFIX’
   42 |   prefix ## name ## Packet
      |   ^~~~~~
/usr/local/lib/R/site-library/RcppEigen/include/Eigen/src/Core/products/GeneralMatrixVector.h:44:27: warning: ignoring attributes on template argument ‘Eigen::internal::packet_traits<double>::type’ {aka ‘__m128d’} [-Wignored-attributes]
   44 |   PACKET_DECL_COND_PREFIX(_, Lhs, _PacketSize);
      |                           ^
/usr/local/lib/R/site-library/RcppEigen/include/Eigen/src/Core/products/GeneralMatrixVector.h:42:3: note: in definition of macro ‘PACKET_DECL_COND_PREFIX’
   42 |   prefix ## name ## Packet
      |   ^~~~~~
/usr/local/lib/R/site-library/RcppEigen/include/Eigen/src/Core/products/GeneralMatrixVector.h:44:27: warning: ignoring attributes on template argument ‘Eigen::internal::packet_traits<double>::half’ {aka ‘__m128d’} [-Wignored-attributes]
   44 |   PACKET_DECL_COND_PREFIX(_, Lhs, _PacketSize);
      |                           ^
/usr/local/lib/R/site-library/RcppEigen/include/Eigen/src/Core/products/GeneralMatrixVector.h:42:3: note: in definition of macro ‘PACKET_DECL_COND_PREFIX’
   42 |   prefix ## name ## Packet
      |   ^~~~~~
/usr/local/lib/R/site-library/RcppEigen/include/Eigen/src/Core/products/GeneralMatrixVector.h:44:27: warning: ignoring attributes on template argument ‘Eigen::internal::unpacket_traits<__vector(2) double>::half’ {aka ‘__m128d’} [-Wignored-attributes]
   44 |   PACKET_DECL_COND_PREFIX(_, Lhs, _PacketSize);
      |                           ^
/usr/local/lib/R/site-library/RcppEigen/include/Eigen/src/Core/products/GeneralMatrixVector.h:42:3: note: in definition of macro ‘PACKET_DECL_COND_PREFIX’
   42 |   prefix ## name ## Packet
      |   ^~~~~~
/usr/local/lib/R/site-library/RcppEigen/include/Eigen/src/Core/products/GeneralMatrixVector.h:45:27: warning: ignoring attributes on template argument ‘Eigen::internal::packet_traits<double>::half’ {aka ‘__m128d’} [-Wignored-attributes]
   45 |   PACKET_DECL_COND_PREFIX(_, Rhs, _PacketSize);
      |                           ^
/usr/local/lib/R/site-library/RcppEigen/include/Eigen/src/Core/products/GeneralMatrixVector.h:42:3: note: in definition of macro ‘PACKET_DECL_COND_PREFIX’
   42 |   prefix ## name ## Packet
      |   ^~~~~~
/usr/local/lib/R/site-library/RcppEigen/include/Eigen/src/Core/products/GeneralMatrixVector.h:45:27: warning: ignoring attributes on template argument ‘Eigen::internal::packet_traits<double>::type’ {aka ‘__m128d’} [-Wignored-attributes]
   45 |   PACKET_DECL_COND_PREFIX(_, Rhs, _PacketSize);
      |                           ^
/usr/local/lib/R/site-library/RcppEigen/include/Eigen/src/Core/products/GeneralMatrixVector.h:42:3: note: in definition of macro ‘PACKET_DECL_COND_PREFIX’
   42 |   prefix ## name ## Packet
      |   ^~~~~~
/usr/local/lib/R/site-library/RcppEigen/include/Eigen/src/Core/products/GeneralMatrixVector.h:45:27: warning: ignoring attributes on template argument ‘Eigen::internal::packet_traits<double>::half’ {aka ‘__m128d’} [-Wignored-attributes]
   45 |   PACKET_DECL_COND_PREFIX(_, Rhs, _PacketSize);
      |                           ^
/usr/local/lib/R/site-library/RcppEigen/include/Eigen/src/Core/products/GeneralMatrixVector.h:42:3: note: in definition of macro ‘PACKET_DECL_COND_PREFIX’
   42 |   prefix ## name ## Packet
      |   ^~~~~~
/usr/local/lib/R/site-library/RcppEigen/include/Eigen/src/Core/products/GeneralMatrixVector.h:45:27: warning: ignoring attributes on template argument ‘Eigen::internal::unpacket_traits<__vector(2) double>::half’ {aka ‘__m128d’} [-Wignored-attributes]
   45 |   PACKET_DECL_COND_PREFIX(_, Rhs, _PacketSize);
      |                           ^
/usr/local/lib/R/site-library/RcppEigen/include/Eigen/src/Core/products/GeneralMatrixVector.h:42:3: note: in definition of macro ‘PACKET_DECL_COND_PREFIX’
   42 |   prefix ## name ## Packet
      |   ^~~~~~
/usr/local/lib/R/site-library/RcppEigen/include/Eigen/src/Core/products/GeneralMatrixVector.h:46:27: warning: ignoring attributes on template argument ‘Eigen::internal::packet_traits<double>::half’ {aka ‘__m128d’} [-Wignored-attributes]
   46 |   PACKET_DECL_COND_PREFIX(_, Res, _PacketSize);
      |                           ^
/usr/local/lib/R/site-library/RcppEigen/include/Eigen/src/Core/products/GeneralMatrixVector.h:42:3: note: in definition of macro ‘PACKET_DECL_COND_PREFIX’
   42 |   prefix ## name ## Packet
      |   ^~~~~~
/usr/local/lib/R/site-library/RcppEigen/include/Eigen/src/Core/products/GeneralMatrixVector.h:46:27: warning: ignoring attributes on template argument ‘Eigen::internal::packet_traits<double>::type’ {aka ‘__m128d’} [-Wignored-attributes]
   46 |   PACKET_DECL_COND_PREFIX(_, Res, _PacketSize);
      |                           ^
/usr/local/lib/R/site-library/RcppEigen/include/Eigen/src/Core/products/GeneralMatrixVector.h:42:3: note: in definition of macro ‘PACKET_DECL_COND_PREFIX’
   42 |   prefix ## name ## Packet
      |   ^~~~~~
/usr/local/lib/R/site-library/RcppEigen/include/Eigen/src/Core/products/GeneralMatrixVector.h:46:27: warning: ignoring attributes on template argument ‘Eigen::internal::packet_traits<double>::half’ {aka ‘__m128d’} [-Wignored-attributes]
   46 |   PACKET_DECL_COND_PREFIX(_, Res, _PacketSize);
      |                           ^
/usr/local/lib/R/site-library/RcppEigen/include/Eigen/src/Core/products/GeneralMatrixVector.h:42:3: note: in definition of macro ‘PACKET_DECL_COND_PREFIX’
   42 |   prefix ## name ## Packet
      |   ^~~~~~
/usr/local/lib/R/site-library/RcppEigen/include/Eigen/src/Core/products/GeneralMatrixVector.h:46:27: warning: ignoring attributes on template argument ‘Eigen::internal::unpacket_traits<__vector(2) double>::half’ {aka ‘__m128d’} [-Wignored-attributes]
   46 |   PACKET_DECL_COND_PREFIX(_, Res, _PacketSize);
      |                           ^
/usr/local/lib/R/site-library/RcppEigen/include/Eigen/src/Core/products/GeneralMatrixVector.h:42:3: note: in definition of macro ‘PACKET_DECL_COND_PREFIX’
   42 |   prefix ## name ## Packet
      |   ^~~~~~
/usr/local/lib/R/site-library/RcppEigen/include/Eigen/src/Core/products/GeneralMatrixVector.h:51:53: warning: ignoring attributes on template argument ‘Eigen::internal::packet_traits<double>::half’ {aka ‘__m128d’} [-Wignored-attributes]
   51 |         Vectorizable = unpacket_traits<_LhsPacket>::vectorizable &&
      |                                                     ^~~~~~~~~~~~
/usr/local/lib/R/site-library/RcppEigen/include/Eigen/src/Core/products/GeneralMatrixVector.h:51:53: warning: ignoring attributes on template argument ‘Eigen::internal::packet_traits<double>::type’ {aka ‘__m128d’} [-Wignored-attributes]
/usr/local/lib/R/site-library/RcppEigen/include/Eigen/src/Core/products/GeneralMatrixVector.h:51:53: warning: ignoring attributes on template argument ‘Eigen::internal::packet_traits<double>::half’ {aka ‘__m128d’} [-Wignored-attributes]
/usr/local/lib/R/site-library/RcppEigen/include/Eigen/src/Core/products/GeneralMatrixVector.h:51:53: warning: ignoring attributes on template argument ‘Eigen::internal::unpacket_traits<__vector(2) double>::half’ {aka ‘__m128d’} [-Wignored-attributes]
/usr/local/lib/R/site-library/RcppEigen/include/Eigen/src/Core/products/GeneralMatrixVector.h:52:38: warning: ignoring attributes on template argument ‘Eigen::internal::packet_traits<double>::half’ {aka ‘__m128d’} [-Wignored-attributes]
   52 |         unpacket_traits<_RhsPacket>::vectorizable &&
      |                                      ^~~~~~~~~~~~
/usr/local/lib/R/site-library/RcppEigen/include/Eigen/src/Core/products/GeneralMatrixVector.h:52:38: warning: ignoring attributes on template argument ‘Eigen::internal::packet_traits<double>::type’ {aka ‘__m128d’} [-Wignored-attributes]
/usr/local/lib/R/site-library/RcppEigen/include/Eigen/src/Core/products/GeneralMatrixVector.h:52:38: warning: ignoring attributes on template argument ‘Eigen::internal::packet_traits<double>::half’ {aka ‘__m128d’} [-Wignored-attributes]
/usr/local/lib/R/site-library/RcppEigen/include/Eigen/src/Core/products/GeneralMatrixVector.h:52:38: warning: ignoring attributes on template argument ‘Eigen::internal::unpacket_traits<__vector(2) double>::half’ {aka ‘__m128d’} [-Wignored-attributes]
/usr/local/lib/R/site-library/RcppEigen/include/Eigen/src/Core/products/GeneralMatrixVector.h:53:42: warning: ignoring attributes on template argument ‘Eigen::internal::packet_traits<double>::half’ {aka ‘__m128d’} [-Wignored-attributes]
   53 |         int(unpacket_traits<_LhsPacket>::size)==int(unpacket_traits<_RhsPacket>::size),
      |                                          ^~~~
/usr/local/lib/R/site-library/RcppEigen/include/Eigen/src/Core/products/GeneralMatrixVector.h:53:42: warning: ignoring attributes on template argument ‘Eigen::internal::packet_traits<double>::type’ {aka ‘__m128d’} [-Wignored-attributes]
/usr/local/lib/R/site-library/RcppEigen/include/Eigen/src/Core/products/GeneralMatrixVector.h:53:42: warning: ignoring attributes on template argument ‘Eigen::internal::packet_traits<double>::half’ {aka ‘__m128d’} [-Wignored-attributes]
/usr/local/lib/R/site-library/RcppEigen/include/Eigen/src/Core/products/GeneralMatrixVector.h:53:42: warning: ignoring attributes on template argument ‘Eigen::internal::unpacket_traits<__vector(2) double>::half’ {aka ‘__m128d’} [-Wignored-attributes]
/usr/local/lib/R/site-library/RcppEigen/include/Eigen/src/Core/products/GeneralMatrixVector.h:53:82: warning: ignoring attributes on template argument ‘Eigen::internal::packet_traits<double>::half’ {aka ‘__m128d’} [-Wignored-attributes]
   53 |         int(unpacket_traits<_LhsPacket>::size)==int(unpacket_traits<_RhsPacket>::size),
      |                                                                                  ^~~~
/usr/local/lib/R/site-library/RcppEigen/include/Eigen/src/Core/products/GeneralMatrixVector.h:53:82: warning: ignoring attributes on template argument ‘Eigen::internal::packet_traits<double>::type’ {aka ‘__m128d’} [-Wignored-attributes]
/usr/local/lib/R/site-library/RcppEigen/include/Eigen/src/Core/products/GeneralMatrixVector.h:53:82: warning: ignoring attributes on template argument ‘Eigen::internal::packet_traits<double>::half’ {aka ‘__m128d’} [-Wignored-attributes]
/usr/local/lib/R/site-library/RcppEigen/include/Eigen/src/Core/products/GeneralMatrixVector.h:53:82: warning: ignoring attributes on template argument ‘Eigen::internal::unpacket_traits<__vector(2) double>::half’ {aka ‘__m128d’} [-Wignored-attributes]
/usr/local/lib/R/site-library/RcppEigen/include/Eigen/src/Core/products/GeneralMatrixVector.h:54:69: warning: ignoring attributes on template argument ‘Eigen::internal::packet_traits<double>::half’ {aka ‘__m128d’} [-Wignored-attributes]
   54 |         LhsPacketSize = Vectorizable ? unpacket_traits<_LhsPacket>::size : 1,
      |                                                                     ^~~~
/usr/local/lib/R/site-library/RcppEigen/include/Eigen/src/Core/products/GeneralMatrixVector.h:54:69: warning: ignoring attributes on template argument ‘Eigen::internal::packet_traits<double>::type’ {aka ‘__m128d’} [-Wignored-attributes]
/usr/local/lib/R/site-library/RcppEigen/include/Eigen/src/Core/products/GeneralMatrixVector.h:54:69: warning: ignoring attributes on template argument ‘Eigen::internal::packet_traits<double>::half’ {aka ‘__m128d’} [-Wignored-attributes]
/usr/local/lib/R/site-library/RcppEigen/include/Eigen/src/Core/products/GeneralMatrixVector.h:54:69: warning: ignoring attributes on template argument ‘Eigen::internal::unpacket_traits<__vector(2) double>::half’ {aka ‘__m128d’} [-Wignored-attributes]
/usr/local/lib/R/site-library/RcppEigen/include/Eigen/src/Core/products/GeneralMatrixVector.h:55:69: warning: ignoring attributes on template argument ‘Eigen::internal::packet_traits<double>::half’ {aka ‘__m128d’} [-Wignored-attributes]
   55 |         RhsPacketSize = Vectorizable ? unpacket_traits<_RhsPacket>::size : 1,
      |                                                                     ^~~~
/usr/local/lib/R/site-library/RcppEigen/include/Eigen/src/Core/products/GeneralMatrixVector.h:55:69: warning: ignoring attributes on template argument ‘Eigen::internal::packet_traits<double>::type’ {aka ‘__m128d’} [-Wignored-attributes]
/usr/local/lib/R/site-library/RcppEigen/include/Eigen/src/Core/products/GeneralMatrixVector.h:55:69: warning: ignoring attributes on template argument ‘Eigen::internal::packet_traits<double>::half’ {aka ‘__m128d’} [-Wignored-attributes]
/usr/local/lib/R/site-library/RcppEigen/include/Eigen/src/Core/products/GeneralMatrixVector.h:55:69: warning: ignoring attributes on template argument ‘Eigen::internal::unpacket_traits<__vector(2) double>::half’ {aka ‘__m128d’} [-Wignored-attributes]
/usr/local/lib/R/site-library/RcppEigen/include/Eigen/src/Core/products/GeneralMatrixVector.h:56:69: warning: ignoring attributes on template argument ‘Eigen::internal::packet_traits<double>::half’ {aka ‘__m128d’} [-Wignored-attributes]
   56 |         ResPacketSize = Vectorizable ? unpacket_traits<_ResPacket>::size : 1
      |                                                                     ^~~~
/usr/local/lib/R/site-library/RcppEigen/include/Eigen/src/Core/products/GeneralMatrixVector.h:56:69: warning: ignoring attributes on template argument ‘Eigen::internal::packet_traits<double>::type’ {aka ‘__m128d’} [-Wignored-attributes]
/usr/local/lib/R/site-library/RcppEigen/include/Eigen/src/Core/products/GeneralMatrixVector.h:56:69: warning: ignoring attributes on template argument ‘Eigen::internal::packet_traits<double>::half’ {aka ‘__m128d’} [-Wignored-attributes]
/usr/local/lib/R/site-library/RcppEigen/include/Eigen/src/Core/products/GeneralMatrixVector.h:56:69: warning: ignoring attributes on template argument ‘Eigen::internal::unpacket_traits<__vector(2) double>::half’ {aka ‘__m128d’} [-Wignored-attributes]
/usr/local/lib/R/site-library/RcppEigen/include/Eigen/src/Core/products/GeneralMatrixVector.h:59:73: warning: ignoring attributes on template argument ‘Eigen::internal::packet_traits<double>::half’ {aka ‘__m128d’} [-Wignored-attributes]
   59 |   typedef typename conditional<Vectorizable,_LhsPacket,LhsScalar>::type LhsPacket;
      |                                                                         ^~~~~~~~~
/usr/local/lib/R/site-library/RcppEigen/include/Eigen/src/Core/products/GeneralMatrixVector.h:59:73: warning: ignoring attributes on template argument ‘Eigen::internal::packet_traits<double>::type’ {aka ‘__m128d’} [-Wignored-attributes]
/usr/local/lib/R/site-library/RcppEigen/include/Eigen/src/Core/products/GeneralMatrixVector.h:59:73: warning: ignoring attributes on template argument ‘Eigen::internal::packet_traits<double>::half’ {aka ‘__m128d’} [-Wignored-attributes]
/usr/local/lib/R/site-library/RcppEigen/include/Eigen/src/Core/products/GeneralMatrixVector.h:59:73: warning: ignoring attributes on template argument ‘Eigen::internal::unpacket_traits<__vector(2) double>::half’ {aka ‘__m128d’} [-Wignored-attributes]
/usr/local/lib/R/site-library/RcppEigen/include/Eigen/src/Core/products/GeneralMatrixVector.h:60:73: warning: ignoring attributes on template argument ‘Eigen::internal::packet_traits<double>::half’ {aka ‘__m128d’} [-Wignored-attributes]
   60 |   typedef typename conditional<Vectorizable,_RhsPacket,RhsScalar>::type RhsPacket;
      |                                                                         ^~~~~~~~~
/usr/local/lib/R/site-library/RcppEigen/include/Eigen/src/Core/products/GeneralMatrixVector.h:60:73: warning: ignoring attributes on template argument ‘Eigen::internal::packet_traits<double>::type’ {aka ‘__m128d’} [-Wignored-attributes]
/usr/local/lib/R/site-library/RcppEigen/include/Eigen/src/Core/products/GeneralMatrixVector.h:60:73: warning: ignoring attributes on template argument ‘Eigen::internal::packet_traits<double>::half’ {aka ‘__m128d’} [-Wignored-attributes]
/usr/local/lib/R/site-library/RcppEigen/include/Eigen/src/Core/products/GeneralMatrixVector.h:60:73: warning: ignoring attributes on template argument ‘Eigen::internal::unpacket_traits<__vector(2) double>::half’ {aka ‘__m128d’} [-Wignored-attributes]
/usr/local/lib/R/site-library/RcppEigen/include/Eigen/src/Core/products/GeneralMatrixVector.h:61:73: warning: ignoring attributes on template argument ‘Eigen::internal::packet_traits<double>::half’ {aka ‘__m128d’} [-Wignored-attributes]
   61 |   typedef typename conditional<Vectorizable,_ResPacket,ResScalar>::type ResPacket;
      |                                                                         ^~~~~~~~~
/usr/local/lib/R/site-library/RcppEigen/include/Eigen/src/Core/products/GeneralMatrixVector.h:61:73: warning: ignoring attributes on template argument ‘Eigen::internal::packet_traits<double>::type’ {aka ‘__m128d’} [-Wignored-attributes]
/usr/local/lib/R/site-library/RcppEigen/include/Eigen/src/Core/products/GeneralMatrixVector.h:61:73: warning: ignoring attributes on template argument ‘Eigen::internal::packet_traits<double>::half’ {aka ‘__m128d’} [-Wignored-attributes]
/usr/local/lib/R/site-library/RcppEigen/include/Eigen/src/Core/products/GeneralMatrixVector.h:61:73: warning: ignoring attributes on template argument ‘Eigen::internal::unpacket_traits<__vector(2) double>::half’ {aka ‘__m128d’} [-Wignored-attributes]
/usr/local/lib/R/site-library/RcppEigen/include/Eigen/src/Core/products/GeneralMatrixVector.h: In instantiation of ‘class Eigen::internal::gemv_traits<double, double, 1>’:
/usr/local/lib/R/site-library/RcppEigen/include/Eigen/src/Core/products/GeneralMatrixVector.h:91:42:   required from ‘struct Eigen::internal::general_matrix_vector_product<long int, double, Eigen::internal::const_blas_data_mapper<double, long int, 0>, 0, false, double, Eigen::internal::const_blas_data_mapper<double, long int, 1>, false, 0>’
/usr/local/lib/R/site-library/RcppEigen/include/Eigen/src/Core/GeneralProduct.h:253:134:   required from ‘static void Eigen::internal::gemv_dense_selector<2, 0, true>::run(const Lhs&, const Rhs&, Dest&, const typename Dest::Scalar&) [with Lhs = Eigen::Matrix<double, -1, -1>; Rhs = Eigen::Block<const Eigen::Transpose<const Eigen::Matrix<double, -1, -1> >, -1, 1, false>; Dest = Eigen::Block<Eigen::Matrix<double, 2, 2>, 2, 1, true>; typename Dest::Scalar = double]’
/usr/local/lib/R/site-library/RcppEigen/include/Eigen/src/Core/ProductEvaluators.h:388:34:   required from ‘static void Eigen::internal::generic_product_impl<Lhs, Rhs, Eigen::DenseShape, Eigen::DenseShape, 7>::scaleAndAddTo(Dest&, const Lhs&, const Rhs&, const Scalar&) [with Dest = Eigen::Block<Eigen::Matrix<double, 2, 2>, 2, 1, true>; Lhs = Eigen::Matrix<double, -1, -1>; Rhs = const Eigen::Block<const Eigen::Transpose<const Eigen::Matrix<double, -1, -1> >, -1, 1, false>; Eigen::internal::generic_product_impl<Lhs, Rhs, Eigen::DenseShape, Eigen::DenseShape, 7>::Scalar = double]’
/usr/local/lib/R/site-library/RcppEigen/include/Eigen/src/Core/products/GeneralMatrixMatrix.h:479:24:   required from ‘static void Eigen::internal::generic_product_impl<Lhs, Rhs, Eigen::DenseShape, Eigen::DenseShape, 8>::scaleAndAddTo(Dest&, const Lhs&, const Rhs&, const Scalar&) [with Dest = Eigen::Matrix<double, 2, 2>; Lhs = Eigen::Matrix<double, -1, -1>; Rhs = Eigen::Transpose<const Eigen::Matrix<double, -1, -1> >; Eigen::internal::generic_product_impl<Lhs, Rhs, Eigen::DenseShape, Eigen::DenseShape, 8>::Scalar = double]’
/usr/local/lib/R/site-library/RcppEigen/include/Eigen/src/Core/products/GeneralMatrixMatrix.h:445:20:   required from ‘static void Eigen::internal::generic_product_impl<Lhs, Rhs, Eigen::DenseShape, Eigen::DenseShape, 8>::evalTo(Dst&, const Lhs&, const Rhs&) [with Dst = Eigen::Matrix<double, 2, 2>; Lhs = Eigen::Matrix<double, -1, -1>; Rhs = Eigen::Transpose<const Eigen::Matrix<double, -1, -1> >]’
/usr/local/lib/R/site-library/RcppEigen/include/Eigen/src/Core/ProductEvaluators.h:148:43:   required from ‘static void Eigen::internal::Assignment<DstXprType, Eigen::Product<Lhs, Rhs, Options>, Eigen::internal::assign_op<Scalar, Scalar>, Eigen::internal::Dense2Dense, typename Eigen::internal::enable_if<((Options == Eigen::DefaultProduct) || (Options == Eigen::AliasFreeProduct))>::type>::run(DstXprType&, const SrcXprType&, const Eigen::internal::assign_op<Scalar, Scalar>&) [with DstXprType = Eigen::Matrix<double, 2, 2>; Lhs = Eigen::Matrix<double, -1, -1>; Rhs = Eigen::Transpose<const Eigen::Matrix<double, -1, -1> >; int Options = 0; Scalar = double; Eigen::internal::Assignment<DstXprType, Eigen::Product<Lhs, Rhs, Options>, Eigen::internal::assign_op<Scalar, Scalar>, Eigen::internal::Dense2Dense, typename Eigen::internal::enable_if<((Options == Eigen::DefaultProduct) || (Options == Eigen::AliasFreeProduct))>::type>::SrcXprType = Eigen::Product<Eigen::Matrix<double, -1, -1>, Eigen::Transpose<const Eigen::Matrix<double, -1, -1> >, 0>]’
/usr/local/lib/R/site-library/RcppEigen/include/Eigen/src/Core/AssignEvaluator.h:890:49:   required from ‘void Eigen::internal::call_assignment_no_alias(Dst&, const Src&, const Func&) [with Dst = Eigen::Matrix<double, 2, 2>; Src = Eigen::Product<Eigen::Matrix<double, -1, -1>, Eigen::Transpose<const Eigen::Matrix<double, -1, -1> >, 0>; Func = Eigen::internal::assign_op<double, double>]’
/usr/local/lib/R/site-library/RcppEigen/include/Eigen/src/Core/PlainObjectBase.h:797:41:   required from ‘Derived& Eigen::PlainObjectBase<Derived>::_set_noalias(const Eigen::DenseBase<OtherDerived>&) [with OtherDerived = Eigen::Product<Eigen::Matrix<double, -1, -1>, Eigen::Transpose<const Eigen::Matrix<double, -1, -1> >, 0>; Derived = Eigen::Matrix<double, 2, 2>]’
/usr/local/lib/R/site-library/RcppEigen/include/Eigen/src/Core/PlainObjectBase.h:594:19:   required from ‘Eigen::PlainObjectBase<Derived>::PlainObjectBase(const Eigen::DenseBase<OtherDerived>&) [with OtherDerived = Eigen::Product<Eigen::Matrix<double, -1, -1>, Eigen::Transpose<const Eigen::Matrix<double, -1, -1> >, 0>; Derived = Eigen::Matrix<double, 2, 2>]’
/usr/local/lib/R/site-library/RcppEigen/include/Eigen/src/Core/Matrix.h:423:29:   required from ‘Eigen::Matrix<_Scalar, _Rows, _Cols, _Options, _MaxRows, _MaxCols>::Matrix(const Eigen::EigenBase<OtherDerived>&) [with OtherDerived = Eigen::Product<Eigen::Matrix<double, -1, -1>, Eigen::Transpose<const Eigen::Matrix<double, -1, -1> >, 0>; _Scalar = double; int _Rows = 2; int _Cols = 2; int _Options = 0; int _MaxRows = 2; int _MaxCols = 2]’
../inst/include/RcppML/project.hpp:106:41:   required from here
/usr/local/lib/R/site-library/RcppEigen/include/Eigen/src/Core/products/GeneralMatrixVector.h:44:27: warning: ignoring attributes on template argument ‘Eigen::internal::packet_traits<double>::half’ {aka ‘__m128d’} [-Wignored-attributes]
   44 |   PACKET_DECL_COND_PREFIX(_, Lhs, _PacketSize);
      |                           ^
/usr/local/lib/R/site-library/RcppEigen/include/Eigen/src/Core/products/GeneralMatrixVector.h:42:3: note: in definition of macro ‘PACKET_DECL_COND_PREFIX’
   42 |   prefix ## name ## Packet
      |   ^~~~~~
/usr/local/lib/R/site-library/RcppEigen/include/Eigen/src/Core/products/GeneralMatrixVector.h:44:27: warning: ignoring attributes on template argument ‘Eigen::internal::packet_traits<double>::type’ {aka ‘__m128d’} [-Wignored-attributes]
   44 |   PACKET_DECL_COND_PREFIX(_, Lhs, _PacketSize);
      |                           ^
/usr/local/lib/R/site-library/RcppEigen/include/Eigen/src/Core/products/GeneralMatrixVector.h:42:3: note: in definition of macro ‘PACKET_DECL_COND_PREFIX’
   42 |   prefix ## name ## Packet
      |   ^~~~~~
/usr/local/lib/R/site-library/RcppEigen/include/Eigen/src/Core/products/GeneralMatrixVector.h:44:27: warning: ignoring attributes on template argument ‘Eigen::internal::packet_traits<double>::half’ {aka ‘__m128d’} [-Wignored-attributes]
   44 |   PACKET_DECL_COND_PREFIX(_, Lhs, _PacketSize);
      |                           ^
/usr/local/lib/R/site-library/RcppEigen/include/Eigen/src/Core/products/GeneralMatrixVector.h:42:3: note: in definition of macro ‘PACKET_DECL_COND_PREFIX’
   42 |   prefix ## name ## Packet
      |   ^~~~~~
/usr/local/lib/R/site-library/RcppEigen/include/Eigen/src/Core/products/GeneralMatrixVector.h:44:27: warning: ignoring attributes on template argument ‘Eigen::internal::unpacket_traits<__vector(2) double>::half’ {aka ‘__m128d’} [-Wignored-attributes]
   44 |   PACKET_DECL_COND_PREFIX(_, Lhs, _PacketSize);
      |                           ^
/usr/local/lib/R/site-library/RcppEigen/include/Eigen/src/Core/products/GeneralMatrixVector.h:42:3: note: in definition of macro ‘PACKET_DECL_COND_PREFIX’
   42 |   prefix ## name ## Packet
      |   ^~~~~~
/usr/local/lib/R/site-library/RcppEigen/include/Eigen/src/Core/products/GeneralMatrixVector.h:45:27: warning: ignoring attributes on template argument ‘Eigen::internal::packet_traits<double>::half’ {aka ‘__m128d’} [-Wignored-attributes]
   45 |   PACKET_DECL_COND_PREFIX(_, Rhs, _PacketSize);
      |                           ^
/usr/local/lib/R/site-library/RcppEigen/include/Eigen/src/Core/products/GeneralMatrixVector.h:42:3: note: in definition of macro ‘PACKET_DECL_COND_PREFIX’
   42 |   prefix ## name ## Packet
      |   ^~~~~~
/usr/local/lib/R/site-library/RcppEigen/include/Eigen/src/Core/products/GeneralMatrixVector.h:45:27: warning: ignoring attributes on template argument ‘Eigen::internal::packet_traits<double>::type’ {aka ‘__m128d’} [-Wignored-attributes]
   45 |   PACKET_DECL_COND_PREFIX(_, Rhs, _PacketSize);
      |                           ^
/usr/local/lib/R/site-library/RcppEigen/include/Eigen/src/Core/products/GeneralMatrixVector.h:42:3: note: in definition of macro ‘PACKET_DECL_COND_PREFIX’
   42 |   prefix ## name ## Packet
      |   ^~~~~~
/usr/local/lib/R/site-library/RcppEigen/include/Eigen/src/Core/products/GeneralMatrixVector.h:45:27: warning: ignoring attributes on template argument ‘Eigen::internal::packet_traits<double>::half’ {aka ‘__m128d’} [-Wignored-attributes]
   45 |   PACKET_DECL_COND_PREFIX(_, Rhs, _PacketSize);
      |                           ^
/usr/local/lib/R/site-library/RcppEigen/include/Eigen/src/Core/products/GeneralMatrixVector.h:42:3: note: in definition of macro ‘PACKET_DECL_COND_PREFIX’
   42 |   prefix ## name ## Packet
      |   ^~~~~~
/usr/local/lib/R/site-library/RcppEigen/include/Eigen/src/Core/products/GeneralMatrixVector.h:45:27: warning: ignoring attributes on template argument ‘Eigen::internal::unpacket_traits<__vector(2) double>::half’ {aka ‘__m128d’} [-Wignored-attributes]
   45 |   PACKET_DECL_COND_PREFIX(_, Rhs, _PacketSize);
      |                           ^
/usr/local/lib/R/site-library/RcppEigen/include/Eigen/src/Core/products/GeneralMatrixVector.h:42:3: note: in definition of macro ‘PACKET_DECL_COND_PREFIX’
   42 |   prefix ## name ## Packet
      |   ^~~~~~
/usr/local/lib/R/site-library/RcppEigen/include/Eigen/src/Core/products/GeneralMatrixVector.h:46:27: warning: ignoring attributes on template argument ‘Eigen::internal::packet_traits<double>::half’ {aka ‘__m128d’} [-Wignored-attributes]
   46 |   PACKET_DECL_COND_PREFIX(_, Res, _PacketSize);
      |                           ^
/usr/local/lib/R/site-library/RcppEigen/include/Eigen/src/Core/products/GeneralMatrixVector.h:42:3: note: in definition of macro ‘PACKET_DECL_COND_PREFIX’
   42 |   prefix ## name ## Packet
      |   ^~~~~~
/usr/local/lib/R/site-library/RcppEigen/include/Eigen/src/Core/products/GeneralMatrixVector.h:46:27: warning: ignoring attributes on template argument ‘Eigen::internal::packet_traits<double>::type’ {aka ‘__m128d’} [-Wignored-attributes]
   46 |   PACKET_DECL_COND_PREFIX(_, Res, _PacketSize);
      |                           ^
/usr/local/lib/R/site-library/RcppEigen/include/Eigen/src/Core/products/GeneralMatrixVector.h:42:3: note: in definition of macro ‘PACKET_DECL_COND_PREFIX’
   42 |   prefix ## name ## Packet
      |   ^~~~~~
/usr/local/lib/R/site-library/RcppEigen/include/Eigen/src/Core/products/GeneralMatrixVector.h:46:27: warning: ignoring attributes on template argument ‘Eigen::internal::packet_traits<double>::half’ {aka ‘__m128d’} [-Wignored-attributes]
   46 |   PACKET_DECL_COND_PREFIX(_, Res, _PacketSize);
      |                           ^
/usr/local/lib/R/site-library/RcppEigen/include/Eigen/src/Core/products/GeneralMatrixVector.h:42:3: note: in definition of macro ‘PACKET_DECL_COND_PREFIX’
   42 |   prefix ## name ## Packet
      |   ^~~~~~
/usr/local/lib/R/site-library/RcppEigen/include/Eigen/src/Core/products/GeneralMatrixVector.h:46:27: warning: ignoring attributes on template argument ‘Eigen::internal::unpacket_traits<__vector(2) double>::half’ {aka ‘__m128d’} [-Wignored-attributes]
   46 |   PACKET_DECL_COND_PREFIX(_, Res, _PacketSize);
      |                           ^
/usr/local/lib/R/site-library/RcppEigen/include/Eigen/src/Core/products/GeneralMatrixVector.h:42:3: note: in definition of macro ‘PACKET_DECL_COND_PREFIX’
   42 |   prefix ## name ## Packet
      |   ^~~~~~
/usr/local/lib/R/site-library/RcppEigen/include/Eigen/src/Core/products/GeneralMatrixVector.h:51:53: warning: ignoring attributes on template argument ‘Eigen::internal::packet_traits<double>::half’ {aka ‘__m128d’} [-Wignored-attributes]
   51 |         Vectorizable = unpacket_traits<_LhsPacket>::vectorizable &&
      |                                                     ^~~~~~~~~~~~
/usr/local/lib/R/site-library/RcppEigen/include/Eigen/src/Core/products/GeneralMatrixVector.h:51:53: warning: ignoring attributes on template argument ‘Eigen::internal::packet_traits<double>::type’ {aka ‘__m128d’} [-Wignored-attributes]
/usr/local/lib/R/site-library/RcppEigen/include/Eigen/src/Core/products/GeneralMatrixVector.h:51:53: warning: ignoring attributes on template argument ‘Eigen::internal::packet_traits<double>::half’ {aka ‘__m128d’} [-Wignored-attributes]
/usr/local/lib/R/site-library/RcppEigen/include/Eigen/src/Core/products/GeneralMatrixVector.h:51:53: warning: ignoring attributes on template argument ‘Eigen::internal::unpacket_traits<__vector(2) double>::half’ {aka ‘__m128d’} [-Wignored-attributes]
/usr/local/lib/R/site-library/RcppEigen/include/Eigen/src/Core/products/GeneralMatrixVector.h:52:38: warning: ignoring attributes on template argument ‘Eigen::internal::packet_traits<double>::half’ {aka ‘__m128d’} [-Wignored-attributes]
   52 |         unpacket_traits<_RhsPacket>::vectorizable &&
      |                                      ^~~~~~~~~~~~
/usr/local/lib/R/site-library/RcppEigen/include/Eigen/src/Core/products/GeneralMatrixVector.h:52:38: warning: ignoring attributes on template argument ‘Eigen::internal::packet_traits<double>::type’ {aka ‘__m128d’} [-Wignored-attributes]
/usr/local/lib/R/site-library/RcppEigen/include/Eigen/src/Core/products/GeneralMatrixVector.h:52:38: warning: ignoring attributes on template argument ‘Eigen::internal::packet_traits<double>::half’ {aka ‘__m128d’} [-Wignored-attributes]
/usr/local/lib/R/site-library/RcppEigen/include/Eigen/src/Core/products/GeneralMatrixVector.h:52:38: warning: ignoring attributes on template argument ‘Eigen::internal::unpacket_traits<__vector(2) double>::half’ {aka ‘__m128d’} [-Wignored-attributes]
/usr/local/lib/R/site-library/RcppEigen/include/Eigen/src/Core/products/GeneralMatrixVector.h:53:42: warning: ignoring attributes on template argument ‘Eigen::internal::packet_traits<double>::half’ {aka ‘__m128d’} [-Wignored-attributes]
   53 |         int(unpacket_traits<_LhsPacket>::size)==int(unpacket_traits<_RhsPacket>::size),
      |                                          ^~~~
/usr/local/lib/R/site-library/RcppEigen/include/Eigen/src/Core/products/GeneralMatrixVector.h:53:42: warning: ignoring attributes on template argument ‘Eigen::internal::packet_traits<double>::type’ {aka ‘__m128d’} [-Wignored-attributes]
/usr/local/lib/R/site-library/RcppEigen/include/Eigen/src/Core/products/GeneralMatrixVector.h:53:42: warning: ignoring attributes on template argument ‘Eigen::internal::packet_traits<double>::half’ {aka ‘__m128d’} [-Wignored-attributes]
/usr/local/lib/R/site-library/RcppEigen/include/Eigen/src/Core/products/GeneralMatrixVector.h:53:42: warning: ignoring attributes on template argument ‘Eigen::internal::unpacket_traits<__vector(2) double>::half’ {aka ‘__m128d’} [-Wignored-attributes]
/usr/local/lib/R/site-library/RcppEigen/include/Eigen/src/Core/products/GeneralMatrixVector.h:53:82: warning: ignoring attributes on template argument ‘Eigen::internal::packet_traits<double>::half’ {aka ‘__m128d’} [-Wignored-attributes]
   53 |         int(unpacket_traits<_LhsPacket>::size)==int(unpacket_traits<_RhsPacket>::size),
      |                                                                                  ^~~~
/usr/local/lib/R/site-library/RcppEigen/include/Eigen/src/Core/products/GeneralMatrixVector.h:53:82: warning: ignoring attributes on template argument ‘Eigen::internal::packet_traits<double>::type’ {aka ‘__m128d’} [-Wignored-attributes]
/usr/local/lib/R/site-library/RcppEigen/include/Eigen/src/Core/products/GeneralMatrixVector.h:53:82: warning: ignoring attributes on template argument ‘Eigen::internal::packet_traits<double>::half’ {aka ‘__m128d’} [-Wignored-attributes]
/usr/local/lib/R/site-library/RcppEigen/include/Eigen/src/Core/products/GeneralMatrixVector.h:53:82: warning: ignoring attributes on template argument ‘Eigen::internal::unpacket_traits<__vector(2) double>::half’ {aka ‘__m128d’} [-Wignored-attributes]
/usr/local/lib/R/site-library/RcppEigen/include/Eigen/src/Core/products/GeneralMatrixVector.h:54:69: warning: ignoring attributes on template argument ‘Eigen::internal::packet_traits<double>::half’ {aka ‘__m128d’} [-Wignored-attributes]
   54 |         LhsPacketSize = Vectorizable ? unpacket_traits<_LhsPacket>::size : 1,
      |                                                                     ^~~~
/usr/local/lib/R/site-library/RcppEigen/include/Eigen/src/Core/products/GeneralMatrixVector.h:54:69: warning: ignoring attributes on template argument ‘Eigen::internal::packet_traits<double>::type’ {aka ‘__m128d’} [-Wignored-attributes]
/usr/local/lib/R/site-library/RcppEigen/include/Eigen/src/Core/products/GeneralMatrixVector.h:54:69: warning: ignoring attributes on template argument ‘Eigen::internal::packet_traits<double>::half’ {aka ‘__m128d’} [-Wignored-attributes]
/usr/local/lib/R/site-library/RcppEigen/include/Eigen/src/Core/products/GeneralMatrixVector.h:54:69: warning: ignoring attributes on template argument ‘Eigen::internal::unpacket_traits<__vector(2) double>::half’ {aka ‘__m128d’} [-Wignored-attributes]
/usr/local/lib/R/site-library/RcppEigen/include/Eigen/src/Core/products/GeneralMatrixVector.h:55:69: warning: ignoring attributes on template argument ‘Eigen::internal::packet_traits<double>::half’ {aka ‘__m128d’} [-Wignored-attributes]
   55 |         RhsPacketSize = Vectorizable ? unpacket_traits<_RhsPacket>::size : 1,
      |                                                                     ^~~~
/usr/local/lib/R/site-library/RcppEigen/include/Eigen/src/Core/products/GeneralMatrixVector.h:55:69: warning: ignoring attributes on template argument ‘Eigen::internal::packet_traits<double>::type’ {aka ‘__m128d’} [-Wignored-attributes]
/usr/local/lib/R/site-library/RcppEigen/include/Eigen/src/Core/products/GeneralMatrixVector.h:55:69: warning: ignoring attributes on template argument ‘Eigen::internal::packet_traits<double>::half’ {aka ‘__m128d’} [-Wignored-attributes]
/usr/local/lib/R/site-library/RcppEigen/include/Eigen/src/Core/products/GeneralMatrixVector.h:55:69: warning: ignoring attributes on template argument ‘Eigen::internal::unpacket_traits<__vector(2) double>::half’ {aka ‘__m128d’} [-Wignored-attributes]
/usr/local/lib/R/site-library/RcppEigen/include/Eigen/src/Core/products/GeneralMatrixVector.h:56:69: warning: ignoring attributes on template argument ‘Eigen::internal::packet_traits<double>::half’ {aka ‘__m128d’} [-Wignored-attributes]
   56 |         ResPacketSize = Vectorizable ? unpacket_traits<_ResPacket>::size : 1
      |                                                                     ^~~~
/usr/local/lib/R/site-library/RcppEigen/include/Eigen/src/Core/products/GeneralMatrixVector.h:56:69: warning: ignoring attributes on template argument ‘Eigen::internal::packet_traits<double>::type’ {aka ‘__m128d’} [-Wignored-attributes]
/usr/local/lib/R/site-library/RcppEigen/include/Eigen/src/Core/products/GeneralMatrixVector.h:56:69: warning: ignoring attributes on template argument ‘Eigen::internal::packet_traits<double>::half’ {aka ‘__m128d’} [-Wignored-attributes]
/usr/local/lib/R/site-library/RcppEigen/include/Eigen/src/Core/products/GeneralMatrixVector.h:56:69: warning: ignoring attributes on template argument ‘Eigen::internal::unpacket_traits<__vector(2) double>::half’ {aka ‘__m128d’} [-Wignored-attributes]
/usr/local/lib/R/site-library/RcppEigen/include/Eigen/src/Core/products/GeneralMatrixVector.h:59:73: warning: ignoring attributes on template argument ‘Eigen::internal::packet_traits<double>::half’ {aka ‘__m128d’} [-Wignored-attributes]
   59 |   typedef typename conditional<Vectorizable,_LhsPacket,LhsScalar>::type LhsPacket;
      |                                                                         ^~~~~~~~~
/usr/local/lib/R/site-library/RcppEigen/include/Eigen/src/Core/products/GeneralMatrixVector.h:59:73: warning: ignoring attributes on template argument ‘Eigen::internal::packet_traits<double>::type’ {aka ‘__m128d’} [-Wignored-attributes]
/usr/local/lib/R/site-library/RcppEigen/include/Eigen/src/Core/products/GeneralMatrixVector.h:59:73: warning: ignoring attributes on template argument ‘Eigen::internal::packet_traits<double>::half’ {aka ‘__m128d’} [-Wignored-attributes]
/usr/local/lib/R/site-library/RcppEigen/include/Eigen/src/Core/products/GeneralMatrixVector.h:59:73: warning: ignoring attributes on template argument ‘Eigen::internal::unpacket_traits<__vector(2) double>::half’ {aka ‘__m128d’} [-Wignored-attributes]
/usr/local/lib/R/site-library/RcppEigen/include/Eigen/src/Core/products/GeneralMatrixVector.h:60:73: warning: ignoring attributes on template argument ‘Eigen::internal::packet_traits<double>::half’ {aka ‘__m128d’} [-Wignored-attributes]
   60 |   typedef typename conditional<Vectorizable,_RhsPacket,RhsScalar>::type RhsPacket;
      |                                                                         ^~~~~~~~~
/usr/local/lib/R/site-library/RcppEigen/include/Eigen/src/Core/products/GeneralMatrixVector.h:60:73: warning: ignoring attributes on template argument ‘Eigen::internal::packet_traits<double>::type’ {aka ‘__m128d’} [-Wignored-attributes]
/usr/local/lib/R/site-library/RcppEigen/include/Eigen/src/Core/products/GeneralMatrixVector.h:60:73: warning: ignoring attributes on template argument ‘Eigen::internal::packet_traits<double>::half’ {aka ‘__m128d’} [-Wignored-attributes]
/usr/local/lib/R/site-library/RcppEigen/include/Eigen/src/Core/products/GeneralMatrixVector.h:60:73: warning: ignoring attributes on template argument ‘Eigen::internal::unpacket_traits<__vector(2) double>::half’ {aka ‘__m128d’} [-Wignored-attributes]
/usr/local/lib/R/site-library/RcppEigen/include/Eigen/src/Core/products/GeneralMatrixVector.h:61:73: warning: ignoring attributes on template argument ‘Eigen::internal::packet_traits<double>::half’ {aka ‘__m128d’} [-Wignored-attributes]
   61 |   typedef typename conditional<Vectorizable,_ResPacket,ResScalar>::type ResPacket;
      |                                                                         ^~~~~~~~~
/usr/local/lib/R/site-library/RcppEigen/include/Eigen/src/Core/products/GeneralMatrixVector.h:61:73: warning: ignoring attributes on template argument ‘Eigen::internal::packet_traits<double>::type’ {aka ‘__m128d’} [-Wignored-attributes]
/usr/local/lib/R/site-library/RcppEigen/include/Eigen/src/Core/products/GeneralMatrixVector.h:61:73: warning: ignoring attributes on template argument ‘Eigen::internal::packet_traits<double>::half’ {aka ‘__m128d’} [-Wignored-attributes]
/usr/local/lib/R/site-library/RcppEigen/include/Eigen/src/Core/products/GeneralMatrixVector.h:61:73: warning: ignoring attributes on template argument ‘Eigen::internal::unpacket_traits<__vector(2) double>::half’ {aka ‘__m128d’} [-Wignored-attributes]
/usr/local/lib/R/site-library/RcppEigen/include/Eigen/src/Core/products/GeneralMatrixVector.h: In instantiation of ‘class Eigen::internal::gemv_traits<double, double, 2>’:
/usr/local/lib/R/site-library/RcppEigen/include/Eigen/src/Core/products/GeneralMatrixVector.h:95:45:   required from ‘struct Eigen::internal::general_matrix_vector_product<long int, double, Eigen::internal::const_blas_data_mapper<double, long int, 0>, 0, false, double, Eigen::internal::const_blas_data_mapper<double, long int, 1>, false, 0>’
/usr/local/lib/R/site-library/RcppEigen/include/Eigen/src/Core/GeneralProduct.h:253:134:   required from ‘static void Eigen::internal::gemv_dense_selector<2, 0, true>::run(const Lhs&, const Rhs&, Dest&, const typename Dest::Scalar&) [with Lhs = Eigen::Matrix<double, -1, -1>; Rhs = Eigen::Block<const Eigen::Transpose<const Eigen::Matrix<double, -1, -1> >, -1, 1, false>; Dest = Eigen::Block<Eigen::Matrix<double, 2, 2>, 2, 1, true>; typename Dest::Scalar = double]’
/usr/local/lib/R/site-library/RcppEigen/include/Eigen/src/Core/ProductEvaluators.h:388:34:   required from ‘static void Eigen::internal::generic_product_impl<Lhs, Rhs, Eigen::DenseShape, Eigen::DenseShape, 7>::scaleAndAddTo(Dest&, const Lhs&, const Rhs&, const Scalar&) [with Dest = Eigen::Block<Eigen::Matrix<double, 2, 2>, 2, 1, true>; Lhs = Eigen::Matrix<double, -1, -1>; Rhs = const Eigen::Block<const Eigen::Transpose<const Eigen::Matrix<double, -1, -1> >, -1, 1, false>; Eigen::internal::generic_product_impl<Lhs, Rhs, Eigen::DenseShape, Eigen::DenseShape, 7>::Scalar = double]’
/usr/local/lib/R/site-library/RcppEigen/include/Eigen/src/Core/products/GeneralMatrixMatrix.h:479:24:   required from ‘static void Eigen::internal::generic_product_impl<Lhs, Rhs, Eigen::DenseShape, Eigen::DenseShape, 8>::scaleAndAddTo(Dest&, const Lhs&, const Rhs&, const Scalar&) [with Dest = Eigen::Matrix<double, 2, 2>; Lhs = Eigen::Matrix<double, -1, -1>; Rhs = Eigen::Transpose<const Eigen::Matrix<double, -1, -1> >; Eigen::internal::generic_product_impl<Lhs, Rhs, Eigen::DenseShape, Eigen::DenseShape, 8>::Scalar = double]’
/usr/local/lib/R/site-library/RcppEigen/include/Eigen/src/Core/products/GeneralMatrixMatrix.h:445:20:   required from ‘static void Eigen::internal::generic_product_impl<Lhs, Rhs, Eigen::DenseShape, Eigen::DenseShape, 8>::evalTo(Dst&, const Lhs&, const Rhs&) [with Dst = Eigen::Matrix<double, 2, 2>; Lhs = Eigen::Matrix<double, -1, -1>; Rhs = Eigen::Transpose<const Eigen::Matrix<double, -1, -1> >]’
/usr/local/lib/R/site-library/RcppEigen/include/Eigen/src/Core/ProductEvaluators.h:148:43:   required from ‘static void Eigen::internal::Assignment<DstXprType, Eigen::Product<Lhs, Rhs, Options>, Eigen::internal::assign_op<Scalar, Scalar>, Eigen::internal::Dense2Dense, typename Eigen::internal::enable_if<((Options == Eigen::DefaultProduct) || (Options == Eigen::AliasFreeProduct))>::type>::run(DstXprType&, const SrcXprType&, const Eigen::internal::assign_op<Scalar, Scalar>&) [with DstXprType = Eigen::Matrix<double, 2, 2>; Lhs = Eigen::Matrix<double, -1, -1>; Rhs = Eigen::Transpose<const Eigen::Matrix<double, -1, -1> >; int Options = 0; Scalar = double; Eigen::internal::Assignment<DstXprType, Eigen::Product<Lhs, Rhs, Options>, Eigen::internal::assign_op<Scalar, Scalar>, Eigen::internal::Dense2Dense, typename Eigen::internal::enable_if<((Options == Eigen::DefaultProduct) || (Options == Eigen::AliasFreeProduct))>::type>::SrcXprType = Eigen::Product<Eigen::Matrix<double, -1, -1>, Eigen::Transpose<const Eigen::Matrix<double, -1, -1> >, 0>]’
/usr/local/lib/R/site-library/RcppEigen/include/Eigen/src/Core/AssignEvaluator.h:890:49:   required from ‘void Eigen::internal::call_assignment_no_alias(Dst&, const Src&, const Func&) [with Dst = Eigen::Matrix<double, 2, 2>; Src = Eigen::Product<Eigen::Matrix<double, -1, -1>, Eigen::Transpose<const Eigen::Matrix<double, -1, -1> >, 0>; Func = Eigen::internal::assign_op<double, double>]’
/usr/local/lib/R/site-library/RcppEigen/include/Eigen/src/Core/PlainObjectBase.h:797:41:   required from ‘Derived& Eigen::PlainObjectBase<Derived>::_set_noalias(const Eigen::DenseBase<OtherDerived>&) [with OtherDerived = Eigen::Product<Eigen::Matrix<double, -1, -1>, Eigen::Transpose<const Eigen::Matrix<double, -1, -1> >, 0>; Derived = Eigen::Matrix<double, 2, 2>]’
/usr/local/lib/R/site-library/RcppEigen/include/Eigen/src/Core/PlainObjectBase.h:594:19:   required from ‘Eigen::PlainObjectBase<Derived>::PlainObjectBase(const Eigen::DenseBase<OtherDerived>&) [with OtherDerived = Eigen::Product<Eigen::Matrix<double, -1, -1>, Eigen::Transpose<const Eigen::Matrix<double, -1, -1> >, 0>; Derived = Eigen::Matrix<double, 2, 2>]’
/usr/local/lib/R/site-library/RcppEigen/include/Eigen/src/Core/Matrix.h:423:29:   required from ‘Eigen::Matrix<_Scalar, _Rows, _Cols, _Options, _MaxRows, _MaxCols>::Matrix(const Eigen::EigenBase<OtherDerived>&) [with OtherDerived = Eigen::Product<Eigen::Matrix<double, -1, -1>, Eigen::Transpose<const Eigen::Matrix<double, -1, -1> >, 0>; _Scalar = double; int _Rows = 2; int _Cols = 2; int _Options = 0; int _MaxRows = 2; int _MaxCols = 2]’
../inst/include/RcppML/project.hpp:106:41:   required from here
/usr/local/lib/R/site-library/RcppEigen/include/Eigen/src/Core/products/GeneralMatrixVector.h:44:27: warning: ignoring attributes on template argument ‘Eigen::internal::packet_traits<double>::half’ {aka ‘__m128d’} [-Wignored-attributes]
   44 |   PACKET_DECL_COND_PREFIX(_, Lhs, _PacketSize);
      |                           ^
/usr/local/lib/R/site-library/RcppEigen/include/Eigen/src/Core/products/GeneralMatrixVector.h:42:3: note: in definition of macro ‘PACKET_DECL_COND_PREFIX’
   42 |   prefix ## name ## Packet
      |   ^~~~~~
/usr/local/lib/R/site-library/RcppEigen/include/Eigen/src/Core/products/GeneralMatrixVector.h:44:27: warning: ignoring attributes on template argument ‘Eigen::internal::packet_traits<double>::type’ {aka ‘__m128d’} [-Wignored-attributes]
   44 |   PACKET_DECL_COND_PREFIX(_, Lhs, _PacketSize);
      |                           ^
/usr/local/lib/R/site-library/RcppEigen/include/Eigen/src/Core/products/GeneralMatrixVector.h:42:3: note: in definition of macro ‘PACKET_DECL_COND_PREFIX’
   42 |   prefix ## name ## Packet
      |   ^~~~~~
/usr/local/lib/R/site-library/RcppEigen/include/Eigen/src/Core/products/GeneralMatrixVector.h:44:27: warning: ignoring attributes on template argument ‘Eigen::internal::packet_traits<double>::half’ {aka ‘__m128d’} [-Wignored-attributes]
   44 |   PACKET_DECL_COND_PREFIX(_, Lhs, _PacketSize);
      |                           ^
/usr/local/lib/R/site-library/RcppEigen/include/Eigen/src/Core/products/GeneralMatrixVector.h:42:3: note: in definition of macro ‘PACKET_DECL_COND_PREFIX’
   42 |   prefix ## name ## Packet
      |   ^~~~~~
/usr/local/lib/R/site-library/RcppEigen/include/Eigen/src/Core/products/GeneralMatrixVector.h:44:27: warning: ignoring attributes on template argument ‘Eigen::internal::unpacket_traits<__vector(2) double>::half’ {aka ‘__m128d’} [-Wignored-attributes]
   44 |   PACKET_DECL_COND_PREFIX(_, Lhs, _PacketSize);
      |                           ^
/usr/local/lib/R/site-library/RcppEigen/include/Eigen/src/Core/products/GeneralMatrixVector.h:42:3: note: in definition of macro ‘PACKET_DECL_COND_PREFIX’
   42 |   prefix ## name ## Packet
      |   ^~~~~~
/usr/local/lib/R/site-library/RcppEigen/include/Eigen/src/Core/products/GeneralMatrixVector.h:45:27: warning: ignoring attributes on template argument ‘Eigen::internal::packet_traits<double>::half’ {aka ‘__m128d’} [-Wignored-attributes]
   45 |   PACKET_DECL_COND_PREFIX(_, Rhs, _PacketSize);
      |                           ^
/usr/local/lib/R/site-library/RcppEigen/include/Eigen/src/Core/products/GeneralMatrixVector.h:42:3: note: in definition of macro ‘PACKET_DECL_COND_PREFIX’
   42 |   prefix ## name ## Packet
      |   ^~~~~~
/usr/local/lib/R/site-library/RcppEigen/include/Eigen/src/Core/products/GeneralMatrixVector.h:45:27: warning: ignoring attributes on template argument ‘Eigen::internal::packet_traits<double>::type’ {aka ‘__m128d’} [-Wignored-attributes]
   45 |   PACKET_DECL_COND_PREFIX(_, Rhs, _PacketSize);
      |                           ^
/usr/local/lib/R/site-library/RcppEigen/include/Eigen/src/Core/products/GeneralMatrixVector.h:42:3: note: in definition of macro ‘PACKET_DECL_COND_PREFIX’
   42 |   prefix ## name ## Packet
      |   ^~~~~~
/usr/local/lib/R/site-library/RcppEigen/include/Eigen/src/Core/products/GeneralMatrixVector.h:45:27: warning: ignoring attributes on template argument ‘Eigen::internal::packet_traits<double>::half’ {aka ‘__m128d’} [-Wignored-attributes]
   45 |   PACKET_DECL_COND_PREFIX(_, Rhs, _PacketSize);
      |                           ^
/usr/local/lib/R/site-library/RcppEigen/include/Eigen/src/Core/products/GeneralMatrixVector.h:42:3: note: in definition of macro ‘PACKET_DECL_COND_PREFIX’
   42 |   prefix ## name ## Packet
      |   ^~~~~~
/usr/local/lib/R/site-library/RcppEigen/include/Eigen/src/Core/products/GeneralMatrixVector.h:45:27: warning: ignoring attributes on template argument ‘Eigen::internal::unpacket_traits<__vector(2) double>::half’ {aka ‘__m128d’} [-Wignored-attributes]
   45 |   PACKET_DECL_COND_PREFIX(_, Rhs, _PacketSize);
      |                           ^
/usr/local/lib/R/site-library/RcppEigen/include/Eigen/src/Core/products/GeneralMatrixVector.h:42:3: note: in definition of macro ‘PACKET_DECL_COND_PREFIX’
   42 |   prefix ## name ## Packet
      |   ^~~~~~
/usr/local/lib/R/site-library/RcppEigen/include/Eigen/src/Core/products/GeneralMatrixVector.h:46:27: warning: ignoring attributes on template argument ‘Eigen::internal::packet_traits<double>::half’ {aka ‘__m128d’} [-Wignored-attributes]
   46 |   PACKET_DECL_COND_PREFIX(_, Res, _PacketSize);
      |                           ^
/usr/local/lib/R/site-library/RcppEigen/include/Eigen/src/Core/products/GeneralMatrixVector.h:42:3: note: in definition of macro ‘PACKET_DECL_COND_PREFIX’
   42 |   prefix ## name ## Packet
      |   ^~~~~~
/usr/local/lib/R/site-library/RcppEigen/include/Eigen/src/Core/products/GeneralMatrixVector.h:46:27: warning: ignoring attributes on template argument ‘Eigen::internal::packet_traits<double>::type’ {aka ‘__m128d’} [-Wignored-attributes]
   46 |   PACKET_DECL_COND_PREFIX(_, Res, _PacketSize);
      |                           ^
/usr/local/lib/R/site-library/RcppEigen/include/Eigen/src/Core/products/GeneralMatrixVector.h:42:3: note: in definition of macro ‘PACKET_DECL_COND_PREFIX’
   42 |   prefix ## name ## Packet
      |   ^~~~~~
/usr/local/lib/R/site-library/RcppEigen/include/Eigen/src/Core/products/GeneralMatrixVector.h:46:27: warning: ignoring attributes on template argument ‘Eigen::internal::packet_traits<double>::half’ {aka ‘__m128d’} [-Wignored-attributes]
   46 |   PACKET_DECL_COND_PREFIX(_, Res, _PacketSize);
      |                           ^
/usr/local/lib/R/site-library/RcppEigen/include/Eigen/src/Core/products/GeneralMatrixVector.h:42:3: note: in definition of macro ‘PACKET_DECL_COND_PREFIX’
   42 |   prefix ## name ## Packet
      |   ^~~~~~
/usr/local/lib/R/site-library/RcppEigen/include/Eigen/src/Core/products/GeneralMatrixVector.h:46:27: warning: ignoring attributes on template argument ‘Eigen::internal::unpacket_traits<__vector(2) double>::half’ {aka ‘__m128d’} [-Wignored-attributes]
   46 |   PACKET_DECL_COND_PREFIX(_, Res, _PacketSize);
      |                           ^
/usr/local/lib/R/site-library/RcppEigen/include/Eigen/src/Core/products/GeneralMatrixVector.h:42:3: note: in definition of macro ‘PACKET_DECL_COND_PREFIX’
   42 |   prefix ## name ## Packet
      |   ^~~~~~
/usr/local/lib/R/site-library/RcppEigen/include/Eigen/src/Core/products/GeneralMatrixVector.h:51:53: warning: ignoring attributes on template argument ‘Eigen::internal::packet_traits<double>::half’ {aka ‘__m128d’} [-Wignored-attributes]
   51 |         Vectorizable = unpacket_traits<_LhsPacket>::vectorizable &&
      |                                                     ^~~~~~~~~~~~
/usr/local/lib/R/site-library/RcppEigen/include/Eigen/src/Core/products/GeneralMatrixVector.h:51:53: warning: ignoring attributes on template argument ‘Eigen::internal::packet_traits<double>::type’ {aka ‘__m128d’} [-Wignored-attributes]
/usr/local/lib/R/site-library/RcppEigen/include/Eigen/src/Core/products/GeneralMatrixVector.h:51:53: warning: ignoring attributes on template argument ‘Eigen::internal::packet_traits<double>::half’ {aka ‘__m128d’} [-Wignored-attributes]
/usr/local/lib/R/site-library/RcppEigen/include/Eigen/src/Core/products/GeneralMatrixVector.h:51:53: warning: ignoring attributes on template argument ‘Eigen::internal::unpacket_traits<__vector(2) double>::half’ {aka ‘__m128d’} [-Wignored-attributes]
/usr/local/lib/R/site-library/RcppEigen/include/Eigen/src/Core/products/GeneralMatrixVector.h:52:38: warning: ignoring attributes on template argument ‘Eigen::internal::packet_traits<double>::half’ {aka ‘__m128d’} [-Wignored-attributes]
   52 |         unpacket_traits<_RhsPacket>::vectorizable &&
      |                                      ^~~~~~~~~~~~
/usr/local/lib/R/site-library/RcppEigen/include/Eigen/src/Core/products/GeneralMatrixVector.h:52:38: warning: ignoring attributes on template argument ‘Eigen::internal::packet_traits<double>::type’ {aka ‘__m128d’} [-Wignored-attributes]
/usr/local/lib/R/site-library/RcppEigen/include/Eigen/src/Core/products/GeneralMatrixVector.h:52:38: warning: ignoring attributes on template argument ‘Eigen::internal::packet_traits<double>::half’ {aka ‘__m128d’} [-Wignored-attributes]
/usr/local/lib/R/site-library/RcppEigen/include/Eigen/src/Core/products/GeneralMatrixVector.h:52:38: warning: ignoring attributes on template argument ‘Eigen::internal::unpacket_traits<__vector(2) double>::half’ {aka ‘__m128d’} [-Wignored-attributes]
/usr/local/lib/R/site-library/RcppEigen/include/Eigen/src/Core/products/GeneralMatrixVector.h:53:42: warning: ignoring attributes on template argument ‘Eigen::internal::packet_traits<double>::half’ {aka ‘__m128d’} [-Wignored-attributes]
   53 |         int(unpacket_traits<_LhsPacket>::size)==int(unpacket_traits<_RhsPacket>::size),
      |                                          ^~~~
/usr/local/lib/R/site-library/RcppEigen/include/Eigen/src/Core/products/GeneralMatrixVector.h:53:42: warning: ignoring attributes on template argument ‘Eigen::internal::packet_traits<double>::type’ {aka ‘__m128d’} [-Wignored-attributes]
/usr/local/lib/R/site-library/RcppEigen/include/Eigen/src/Core/products/GeneralMatrixVector.h:53:42: warning: ignoring attributes on template argument ‘Eigen::internal::packet_traits<double>::half’ {aka ‘__m128d’} [-Wignored-attributes]
/usr/local/lib/R/site-library/RcppEigen/include/Eigen/src/Core/products/GeneralMatrixVector.h:53:42: warning: ignoring attributes on template argument ‘Eigen::internal::unpacket_traits<__vector(2) double>::half’ {aka ‘__m128d’} [-Wignored-attributes]
/usr/local/lib/R/site-library/RcppEigen/include/Eigen/src/Core/products/GeneralMatrixVector.h:53:82: warning: ignoring attributes on template argument ‘Eigen::internal::packet_traits<double>::half’ {aka ‘__m128d’} [-Wignored-attributes]
   53 |         int(unpacket_traits<_LhsPacket>::size)==int(unpacket_traits<_RhsPacket>::size),
      |                                                                                  ^~~~
/usr/local/lib/R/site-library/RcppEigen/include/Eigen/src/Core/products/GeneralMatrixVector.h:53:82: warning: ignoring attributes on template argument ‘Eigen::internal::packet_traits<double>::type’ {aka ‘__m128d’} [-Wignored-attributes]
/usr/local/lib/R/site-library/RcppEigen/include/Eigen/src/Core/products/GeneralMatrixVector.h:53:82: warning: ignoring attributes on template argument ‘Eigen::internal::packet_traits<double>::half’ {aka ‘__m128d’} [-Wignored-attributes]
/usr/local/lib/R/site-library/RcppEigen/include/Eigen/src/Core/products/GeneralMatrixVector.h:53:82: warning: ignoring attributes on template argument ‘Eigen::internal::unpacket_traits<__vector(2) double>::half’ {aka ‘__m128d’} [-Wignored-attributes]
/usr/local/lib/R/site-library/RcppEigen/include/Eigen/src/Core/products/GeneralMatrixVector.h:54:69: warning: ignoring attributes on template argument ‘Eigen::internal::packet_traits<double>::half’ {aka ‘__m128d’} [-Wignored-attributes]
   54 |         LhsPacketSize = Vectorizable ? unpacket_traits<_LhsPacket>::size : 1,
      |                                                                     ^~~~
/usr/local/lib/R/site-library/RcppEigen/include/Eigen/src/Core/products/GeneralMatrixVector.h:54:69: warning: ignoring attributes on template argument ‘Eigen::internal::packet_traits<double>::type’ {aka ‘__m128d’} [-Wignored-attributes]
/usr/local/lib/R/site-library/RcppEigen/include/Eigen/src/Core/products/GeneralMatrixVector.h:54:69: warning: ignoring attributes on template argument ‘Eigen::internal::packet_traits<double>::half’ {aka ‘__m128d’} [-Wignored-attributes]
/usr/local/lib/R/site-library/RcppEigen/include/Eigen/src/Core/products/GeneralMatrixVector.h:54:69: warning: ignoring attributes on template argument ‘Eigen::internal::unpacket_traits<__vector(2) double>::half’ {aka ‘__m128d’} [-Wignored-attributes]
/usr/local/lib/R/site-library/RcppEigen/include/Eigen/src/Core/products/GeneralMatrixVector.h:55:69: warning: ignoring attributes on template argument ‘Eigen::internal::packet_traits<double>::half’ {aka ‘__m128d’} [-Wignored-attributes]
   55 |         RhsPacketSize = Vectorizable ? unpacket_traits<_RhsPacket>::size : 1,
      |                                                                     ^~~~
/usr/local/lib/R/site-library/RcppEigen/include/Eigen/src/Core/products/GeneralMatrixVector.h:55:69: warning: ignoring attributes on template argument ‘Eigen::internal::packet_traits<double>::type’ {aka ‘__m128d’} [-Wignored-attributes]
/usr/local/lib/R/site-library/RcppEigen/include/Eigen/src/Core/products/GeneralMatrixVector.h:55:69: warning: ignoring attributes on template argument ‘Eigen::internal::packet_traits<double>::half’ {aka ‘__m128d’} [-Wignored-attributes]
/usr/local/lib/R/site-library/RcppEigen/include/Eigen/src/Core/products/GeneralMatrixVector.h:55:69: warning: ignoring attributes on template argument ‘Eigen::internal::unpacket_traits<__vector(2) double>::half’ {aka ‘__m128d’} [-Wignored-attributes]
/usr/local/lib/R/site-library/RcppEigen/include/Eigen/src/Core/products/GeneralMatrixVector.h:56:69: warning: ignoring attributes on template argument ‘Eigen::internal::packet_traits<double>::half’ {aka ‘__m128d’} [-Wignored-attributes]
   56 |         ResPacketSize = Vectorizable ? unpacket_traits<_ResPacket>::size : 1
      |                                                                     ^~~~
/usr/local/lib/R/site-library/RcppEigen/include/Eigen/src/Core/products/GeneralMatrixVector.h:56:69: warning: ignoring attributes on template argument ‘Eigen::internal::packet_traits<double>::type’ {aka ‘__m128d’} [-Wignored-attributes]
/usr/local/lib/R/site-library/RcppEigen/include/Eigen/src/Core/products/GeneralMatrixVector.h:56:69: warning: ignoring attributes on template argument ‘Eigen::internal::packet_traits<double>::half’ {aka ‘__m128d’} [-Wignored-attributes]
/usr/local/lib/R/site-library/RcppEigen/include/Eigen/src/Core/products/GeneralMatrixVector.h:56:69: warning: ignoring attributes on template argument ‘Eigen::internal::unpacket_traits<__vector(2) double>::half’ {aka ‘__m128d’} [-Wignored-attributes]
/usr/local/lib/R/site-library/RcppEigen/include/Eigen/src/Core/products/GeneralMatrixVector.h:59:73: warning: ignoring attributes on template argument ‘Eigen::internal::packet_traits<double>::half’ {aka ‘__m128d’} [-Wignored-attributes]
   59 |   typedef typename conditional<Vectorizable,_LhsPacket,LhsScalar>::type LhsPacket;
      |                                                                         ^~~~~~~~~
/usr/local/lib/R/site-library/RcppEigen/include/Eigen/src/Core/products/GeneralMatrixVector.h:59:73: warning: ignoring attributes on template argument ‘Eigen::internal::packet_traits<double>::type’ {aka ‘__m128d’} [-Wignored-attributes]
/usr/local/lib/R/site-library/RcppEigen/include/Eigen/src/Core/products/GeneralMatrixVector.h:59:73: warning: ignoring attributes on template argument ‘Eigen::internal::packet_traits<double>::half’ {aka ‘__m128d’} [-Wignored-attributes]
/usr/local/lib/R/site-library/RcppEigen/include/Eigen/src/Core/products/GeneralMatrixVector.h:59:73: warning: ignoring attributes on template argument ‘Eigen::internal::unpacket_traits<__vector(2) double>::half’ {aka ‘__m128d’} [-Wignored-attributes]
/usr/local/lib/R/site-library/RcppEigen/include/Eigen/src/Core/products/GeneralMatrixVector.h:60:73: warning: ignoring attributes on template argument ‘Eigen::internal::packet_traits<double>::half’ {aka ‘__m128d’} [-Wignored-attributes]
   60 |   typedef typename conditional<Vectorizable,_RhsPacket,RhsScalar>::type RhsPacket;
      |                                                                         ^~~~~~~~~
/usr/local/lib/R/site-library/RcppEigen/include/Eigen/src/Core/products/GeneralMatrixVector.h:60:73: warning: ignoring attributes on template argument ‘Eigen::internal::packet_traits<double>::type’ {aka ‘__m128d’} [-Wignored-attributes]
/usr/local/lib/R/site-library/RcppEigen/include/Eigen/src/Core/products/GeneralMatrixVector.h:60:73: warning: ignoring attributes on template argument ‘Eigen::internal::packet_traits<double>::half’ {aka ‘__m128d’} [-Wignored-attributes]
/usr/local/lib/R/site-library/RcppEigen/include/Eigen/src/Core/products/GeneralMatrixVector.h:60:73: warning: ignoring attributes on template argument ‘Eigen::internal::unpacket_traits<__vector(2) double>::half’ {aka ‘__m128d’} [-Wignored-attributes]
/usr/local/lib/R/site-library/RcppEigen/include/Eigen/src/Core/products/GeneralMatrixVector.h:61:73: warning: ignoring attributes on template argument ‘Eigen::internal::packet_traits<double>::half’ {aka ‘__m128d’} [-Wignored-attributes]
   61 |   typedef typename conditional<Vectorizable,_ResPacket,ResScalar>::type ResPacket;
      |                                                                         ^~~~~~~~~
/usr/local/lib/R/site-library/RcppEigen/include/Eigen/src/Core/products/GeneralMatrixVector.h:61:73: warning: ignoring attributes on template argument ‘Eigen::internal::packet_traits<double>::type’ {aka ‘__m128d’} [-Wignored-attributes]
/usr/local/lib/R/site-library/RcppEigen/include/Eigen/src/Core/products/GeneralMatrixVector.h:61:73: warning: ignoring attributes on template argument ‘Eigen::internal::packet_traits<double>::half’ {aka ‘__m128d’} [-Wignored-attributes]
/usr/local/lib/R/site-library/RcppEigen/include/Eigen/src/Core/products/GeneralMatrixVector.h:61:73: warning: ignoring attributes on template argument ‘Eigen::internal::unpacket_traits<__vector(2) double>::half’ {aka ‘__m128d’} [-Wignored-attributes]
In file included from /usr/local/lib/R/site-library/RcppEigen/include/Eigen/Core:271,
                 from /usr/local/lib/R/site-library/RcppEigen/include/Eigen/Dense:1,
                 from /usr/local/lib/R/site-library/RcppEigen/include/RcppEigenForward.h:28,
                 from /usr/local/lib/R/site-library/RcppEigen/include/RcppEigen.h:25,
                 from ../inst/include/RcppMLCommon.hpp:36,
                 from ../inst/include/RcppML.hpp:11,
                 from RcppFunctions.cpp:8:
/usr/local/lib/R/site-library/RcppEigen/include/Eigen/src/Core/DenseCoeffsBase.h: In instantiation of ‘class Eigen::DenseCoeffsBase<Eigen::Map<Eigen::Matrix<double, -1, 1>, 2, Eigen::Stride<0, 0> >, 0>’:
/usr/local/lib/R/site-library/RcppEigen/include/Eigen/src/Core/DenseCoeffsBase.h:302:7:   required from ‘class Eigen::DenseCoeffsBase<Eigen::Map<Eigen::Matrix<double, -1, 1>, 2, Eigen::Stride<0, 0> >, 1>’
/usr/local/lib/R/site-library/RcppEigen/include/Eigen/src/Core/DenseCoeffsBase.h:555:7:   required from ‘class Eigen::DenseCoeffsBase<Eigen::Map<Eigen::Matrix<double, -1, 1>, 2, Eigen::Stride<0, 0> >, 3>’
/usr/local/lib/R/site-library/RcppEigen/include/Eigen/src/Core/DenseBase.h:41:34:   required from ‘class Eigen::DenseBase<Eigen::Map<Eigen::Matrix<double, -1, 1>, 2, Eigen::Stride<0, 0> > >’
/usr/local/lib/R/site-library/RcppEigen/include/Eigen/src/Core/MatrixBase.h:48:34:   required from ‘class Eigen::MatrixBase<Eigen::Map<Eigen::Matrix<double, -1, 1>, 2, Eigen::Stride<0, 0> > >’
/usr/local/lib/R/site-library/RcppEigen/include/Eigen/src/Core/MapBase.h:37:34:   required from ‘class Eigen::MapBase<Eigen::Map<Eigen::Matrix<double, -1, 1>, 2, Eigen::Stride<0, 0> >, 0>’
/usr/local/lib/R/site-library/RcppEigen/include/Eigen/src/Core/MapBase.h:223:34:   [ skipping 6 instantiation contexts, use -ftemplate-backtrace-limit=0 to disable ]
/usr/local/lib/R/site-library/RcppEigen/include/Eigen/src/Core/ProductEvaluators.h:148:43:   required from ‘static void Eigen::internal::Assignment<DstXprType, Eigen::Product<Lhs, Rhs, Options>, Eigen::internal::assign_op<Scalar, Scalar>, Eigen::internal::Dense2Dense, typename Eigen::internal::enable_if<((Options == Eigen::DefaultProduct) || (Options == Eigen::AliasFreeProduct))>::type>::run(DstXprType&, const SrcXprType&, const Eigen::internal::assign_op<Scalar, Scalar>&) [with DstXprType = Eigen::Matrix<double, 2, 2>; Lhs = Eigen::Matrix<double, -1, -1>; Rhs = Eigen::Transpose<const Eigen::Matrix<double, -1, -1> >; int Options = 0; Scalar = double; Eigen::internal::Assignment<DstXprType, Eigen::Product<Lhs, Rhs, Options>, Eigen::internal::assign_op<Scalar, Scalar>, Eigen::internal::Dense2Dense, typename Eigen::internal::enable_if<((Options == Eigen::DefaultProduct) || (Options == Eigen::AliasFreeProduct))>::type>::SrcXprType = Eigen::Product<Eigen::Matrix<double, -1, -1>, Eigen::Transpose<const Eigen::Matrix<double, -1, -1> >, 0>]’
/usr/local/lib/R/site-library/RcppEigen/include/Eigen/src/Core/AssignEvaluator.h:890:49:   required from ‘void Eigen::internal::call_assignment_no_alias(Dst&, const Src&, const Func&) [with Dst = Eigen::Matrix<double, 2, 2>; Src = Eigen::Product<Eigen::Matrix<double, -1, -1>, Eigen::Transpose<const Eigen::Matrix<double, -1, -1> >, 0>; Func = Eigen::internal::assign_op<double, double>]’
/usr/local/lib/R/site-library/RcppEigen/include/Eigen/src/Core/PlainObjectBase.h:797:41:   required from ‘Derived& Eigen::PlainObjectBase<Derived>::_set_noalias(const Eigen::DenseBase<OtherDerived>&) [with OtherDerived = Eigen::Product<Eigen::Matrix<double, -1, -1>, Eigen::Transpose<const Eigen::Matrix<double, -1, -1> >, 0>; Derived = Eigen::Matrix<double, 2, 2>]’
/usr/local/lib/R/site-library/RcppEigen/include/Eigen/src/Core/PlainObjectBase.h:594:19:   required from ‘Eigen::PlainObjectBase<Derived>::PlainObjectBase(const Eigen::DenseBase<OtherDerived>&) [with OtherDerived = Eigen::Product<Eigen::Matrix<double, -1, -1>, Eigen::Transpose<const Eigen::Matrix<double, -1, -1> >, 0>; Derived = Eigen::Matrix<double, 2, 2>]’
/usr/local/lib/R/site-library/RcppEigen/include/Eigen/src/Core/Matrix.h:423:29:   required from ‘Eigen::Matrix<_Scalar, _Rows, _Cols, _Options, _MaxRows, _MaxCols>::Matrix(const Eigen::EigenBase<OtherDerived>&) [with OtherDerived = Eigen::Product<Eigen::Matrix<double, -1, -1>, Eigen::Transpose<const Eigen::Matrix<double, -1, -1> >, 0>; _Scalar = double; int _Rows = 2; int _Cols = 2; int _Options = 0; int _MaxRows = 2; int _MaxCols = 2]’
../inst/include/RcppML/project.hpp:106:41:   required from here
/usr/local/lib/R/site-library/RcppEigen/include/Eigen/src/Core/DenseCoeffsBase.h:56:30: warning: ignoring attributes on template argument ‘Eigen::internal::packet_traits<double>::type’ {aka ‘__m128d’} [-Wignored-attributes]
   56 |                      >::type PacketReturnType;
      |                              ^~~~~~~~~~~~~~~~
/usr/local/lib/R/site-library/RcppEigen/include/Eigen/src/Core/DenseCoeffsBase.h: In instantiation of ‘class Eigen::DenseCoeffsBase<Eigen::CwiseBinaryOp<Eigen::internal::scalar_product_op<double, double>, const Eigen::CwiseNullaryOp<Eigen::internal::scalar_constant_op<double>, const Eigen::Matrix<double, -1, 1> >, const Eigen::Map<Eigen::Matrix<double, -1, 1>, 2, Eigen::Stride<0, 0> > >, 0>’:
/usr/local/lib/R/site-library/RcppEigen/include/Eigen/src/Core/DenseBase.h:41:34:   required from ‘class Eigen::DenseBase<Eigen::CwiseBinaryOp<Eigen::internal::scalar_product_op<double, double>, const Eigen::CwiseNullaryOp<Eigen::internal::scalar_constant_op<double>, const Eigen::Matrix<double, -1, 1> >, const Eigen::Map<Eigen::Matrix<double, -1, 1>, 2, Eigen::Stride<0, 0> > > >’
/usr/local/lib/R/site-library/RcppEigen/include/Eigen/src/Core/MatrixBase.h:48:34:   required from ‘class Eigen::MatrixBase<Eigen::CwiseBinaryOp<Eigen::internal::scalar_product_op<double, double>, const Eigen::CwiseNullaryOp<Eigen::internal::scalar_constant_op<double>, const Eigen::Matrix<double, -1, 1> >, const Eigen::Map<Eigen::Matrix<double, -1, 1>, 2, Eigen::Stride<0, 0> > > >’
/usr/local/lib/R/site-library/RcppEigen/include/Eigen/src/Core/CwiseBinaryOp.h:148:7:   required from ‘class Eigen::CwiseBinaryOpImpl<Eigen::internal::scalar_product_op<double, double>, const Eigen::CwiseNullaryOp<Eigen::internal::scalar_constant_op<double>, const Eigen::Matrix<double, -1, 1> >, const Eigen::Map<Eigen::Matrix<double, -1, 1>, 2, Eigen::Stride<0, 0> >, Eigen::Dense>’
/usr/local/lib/R/site-library/RcppEigen/include/Eigen/src/Core/CwiseBinaryOp.h:77:7:   required from ‘class Eigen::CwiseBinaryOp<Eigen::internal::scalar_product_op<double, double>, const Eigen::CwiseNullaryOp<Eigen::internal::scalar_constant_op<double>, const Eigen::Matrix<double, -1, 1> >, const Eigen::Map<Eigen::Matrix<double, -1, 1>, 2, Eigen::Stride<0, 0> > >’
/usr/local/lib/R/site-library/RcppEigen/include/Eigen/src/Core/GeneralProduct.h:296:40:   required from ‘static void Eigen::internal::gemv_dense_selector<2, 0, true>::run(const Lhs&, const Rhs&, Dest&, const typename Dest::Scalar&) [with Lhs = Eigen::Matrix<double, -1, -1>; Rhs = Eigen::Block<const Eigen::Transpose<const Eigen::Matrix<double, -1, -1> >, -1, 1, false>; Dest = Eigen::Block<Eigen::Matrix<double, 2, 2>, 2, 1, true>; typename Dest::Scalar = double]’
/usr/local/lib/R/site-library/RcppEigen/include/Eigen/src/Core/ProductEvaluators.h:388:34:   [ skipping 3 instantiation contexts, use -ftemplate-backtrace-limit=0 to disable ]
/usr/local/lib/R/site-library/RcppEigen/include/Eigen/src/Core/ProductEvaluators.h:148:43:   required from ‘static void Eigen::internal::Assignment<DstXprType, Eigen::Product<Lhs, Rhs, Options>, Eigen::internal::assign_op<Scalar, Scalar>, Eigen::internal::Dense2Dense, typename Eigen::internal::enable_if<((Options == Eigen::DefaultProduct) || (Options == Eigen::AliasFreeProduct))>::type>::run(DstXprType&, const SrcXprType&, const Eigen::internal::assign_op<Scalar, Scalar>&) [with DstXprType = Eigen::Matrix<double, 2, 2>; Lhs = Eigen::Matrix<double, -1, -1>; Rhs = Eigen::Transpose<const Eigen::Matrix<double, -1, -1> >; int Options = 0; Scalar = double; Eigen::internal::Assignment<DstXprType, Eigen::Product<Lhs, Rhs, Options>, Eigen::internal::assign_op<Scalar, Scalar>, Eigen::internal::Dense2Dense, typename Eigen::internal::enable_if<((Options == Eigen::DefaultProduct) || (Options == Eigen::AliasFreeProduct))>::type>::SrcXprType = Eigen::Product<Eigen::Matrix<double, -1, -1>, Eigen::Transpose<const Eigen::Matrix<double, -1, -1> >, 0>]’
/usr/local/lib/R/site-library/RcppEigen/include/Eigen/src/Core/AssignEvaluator.h:890:49:   required from ‘void Eigen::internal::call_assignment_no_alias(Dst&, const Src&, const Func&) [with Dst = Eigen::Matrix<double, 2, 2>; Src = Eigen::Product<Eigen::Matrix<double, -1, -1>, Eigen::Transpose<const Eigen::Matrix<double, -1, -1> >, 0>; Func = Eigen::internal::assign_op<double, double>]’
/usr/local/lib/R/site-library/RcppEigen/include/Eigen/src/Core/PlainObjectBase.h:797:41:   required from ‘Derived& Eigen::PlainObjectBase<Derived>::_set_noalias(const Eigen::DenseBase<OtherDerived>&) [with OtherDerived = Eigen::Product<Eigen::Matrix<double, -1, -1>, Eigen::Transpose<const Eigen::Matrix<double, -1, -1> >, 0>; Derived = Eigen::Matrix<double, 2, 2>]’
/usr/local/lib/R/site-library/RcppEigen/include/Eigen/src/Core/PlainObjectBase.h:594:19:   required from ‘Eigen::PlainObjectBase<Derived>::PlainObjectBase(const Eigen::DenseBase<OtherDerived>&) [with OtherDerived = Eigen::Product<Eigen::Matrix<double, -1, -1>, Eigen::Transpose<const Eigen::Matrix<double, -1, -1> >, 0>; Derived = Eigen::Matrix<double, 2, 2>]’
/usr/local/lib/R/site-library/RcppEigen/include/Eigen/src/Core/Matrix.h:423:29:   required from ‘Eigen::Matrix<_Scalar, _Rows, _Cols, _Options, _MaxRows, _MaxCols>::Matrix(const Eigen::EigenBase<OtherDerived>&) [with OtherDerived = Eigen::Product<Eigen::Matrix<double, -1, -1>, Eigen::Transpose<const Eigen::Matrix<double, -1, -1> >, 0>; _Scalar = double; int _Rows = 2; int _Cols = 2; int _Options = 0; int _MaxRows = 2; int _MaxCols = 2]’
../inst/include/RcppML/project.hpp:106:41:   required from here
/usr/local/lib/R/site-library/RcppEigen/include/Eigen/src/Core/DenseCoeffsBase.h:56:30: warning: ignoring attributes on template argument ‘Eigen::internal::packet_traits<double>::type’ {aka ‘__m128d’} [-Wignored-attributes]
/usr/local/lib/R/site-library/RcppEigen/include/Eigen/src/Core/DenseCoeffsBase.h: In instantiation of ‘class Eigen::DenseCoeffsBase<Eigen::Transpose<Eigen::Block<Eigen::Matrix<double, 2, 2>, 1, 2, false> >, 0>’:
/usr/local/lib/R/site-library/RcppEigen/include/Eigen/src/Core/DenseCoeffsBase.h:302:7:   required from ‘class Eigen::DenseCoeffsBase<Eigen::Transpose<Eigen::Block<Eigen::Matrix<double, 2, 2>, 1, 2, false> >, 1>’
/usr/local/lib/R/site-library/RcppEigen/include/Eigen/src/Core/DenseCoeffsBase.h:555:7:   required from ‘class Eigen::DenseCoeffsBase<Eigen::Transpose<Eigen::Block<Eigen::Matrix<double, 2, 2>, 1, 2, false> >, 3>’
/usr/local/lib/R/site-library/RcppEigen/include/Eigen/src/Core/DenseBase.h:41:34:   required from ‘class Eigen::DenseBase<Eigen::Transpose<Eigen::Block<Eigen::Matrix<double, 2, 2>, 1, 2, false> > >’
/usr/local/lib/R/site-library/RcppEigen/include/Eigen/src/Core/MatrixBase.h:48:34:   required from ‘class Eigen::MatrixBase<Eigen::Transpose<Eigen::Block<Eigen::Matrix<double, 2, 2>, 1, 2, false> > >’
/usr/local/lib/R/site-library/RcppEigen/include/Eigen/src/Core/Transpose.h:118:37:   required from ‘class Eigen::TransposeImpl<Eigen::Block<Eigen::Matrix<double, 2, 2>, 1, 2, false>, Eigen::Dense>’
/usr/local/lib/R/site-library/RcppEigen/include/Eigen/src/Core/Transpose.h:52:37:   [ skipping 5 instantiation contexts, use -ftemplate-backtrace-limit=0 to disable ]
/usr/local/lib/R/site-library/RcppEigen/include/Eigen/src/Core/ProductEvaluators.h:148:43:   required from ‘static void Eigen::internal::Assignment<DstXprType, Eigen::Product<Lhs, Rhs, Options>, Eigen::internal::assign_op<Scalar, Scalar>, Eigen::internal::Dense2Dense, typename Eigen::internal::enable_if<((Options == Eigen::DefaultProduct) || (Options == Eigen::AliasFreeProduct))>::type>::run(DstXprType&, const SrcXprType&, const Eigen::internal::assign_op<Scalar, Scalar>&) [with DstXprType = Eigen::Matrix<double, 2, 2>; Lhs = Eigen::Matrix<double, -1, -1>; Rhs = Eigen::Transpose<const Eigen::Matrix<double, -1, -1> >; int Options = 0; Scalar = double; Eigen::internal::Assignment<DstXprType, Eigen::Product<Lhs, Rhs, Options>, Eigen::internal::assign_op<Scalar, Scalar>, Eigen::internal::Dense2Dense, typename Eigen::internal::enable_if<((Options == Eigen::DefaultProduct) || (Options == Eigen::AliasFreeProduct))>::type>::SrcXprType = Eigen::Product<Eigen::Matrix<double, -1, -1>, Eigen::Transpose<const Eigen::Matrix<double, -1, -1> >, 0>]’
/usr/local/lib/R/site-library/RcppEigen/include/Eigen/src/Core/AssignEvaluator.h:890:49:   required from ‘void Eigen::internal::call_assignment_no_alias(Dst&, const Src&, const Func&) [with Dst = Eigen::Matrix<double, 2, 2>; Src = Eigen::Product<Eigen::Matrix<double, -1, -1>, Eigen::Transpose<const Eigen::Matrix<double, -1, -1> >, 0>; Func = Eigen::internal::assign_op<double, double>]’
/usr/local/lib/R/site-library/RcppEigen/include/Eigen/src/Core/PlainObjectBase.h:797:41:   required from ‘Derived& Eigen::PlainObjectBase<Derived>::_set_noalias(const Eigen::DenseBase<OtherDerived>&) [with OtherDerived = Eigen::Product<Eigen::Matrix<double, -1, -1>, Eigen::Transpose<const Eigen::Matrix<double, -1, -1> >, 0>; Derived = Eigen::Matrix<double, 2, 2>]’
/usr/local/lib/R/site-library/RcppEigen/include/Eigen/src/Core/PlainObjectBase.h:594:19:   required from ‘Eigen::PlainObjectBase<Derived>::PlainObjectBase(const Eigen::DenseBase<OtherDerived>&) [with OtherDerived = Eigen::Product<Eigen::Matrix<double, -1, -1>, Eigen::Transpose<const Eigen::Matrix<double, -1, -1> >, 0>; Derived = Eigen::Matrix<double, 2, 2>]’
/usr/local/lib/R/site-library/RcppEigen/include/Eigen/src/Core/Matrix.h:423:29:   required from ‘Eigen::Matrix<_Scalar, _Rows, _Cols, _Options, _MaxRows, _MaxCols>::Matrix(const Eigen::EigenBase<OtherDerived>&) [with OtherDerived = Eigen::Product<Eigen::Matrix<double, -1, -1>, Eigen::Transpose<const Eigen::Matrix<double, -1, -1> >, 0>; _Scalar = double; int _Rows = 2; int _Cols = 2; int _Options = 0; int _MaxRows = 2; int _MaxCols = 2]’
../inst/include/RcppML/project.hpp:106:41:   required from here
/usr/local/lib/R/site-library/RcppEigen/include/Eigen/src/Core/DenseCoeffsBase.h:56:30: warning: ignoring attributes on template argument ‘Eigen::internal::packet_traits<double>::type’ {aka ‘__m128d’} [-Wignored-attributes]
/usr/local/lib/R/site-library/RcppEigen/include/Eigen/src/Core/DenseCoeffsBase.h: In instantiation of ‘class Eigen::DenseCoeffsBase<Eigen::Transpose<const Eigen::Transpose<const Eigen::Matrix<double, -1, -1> > >, 0>’:
/usr/local/lib/R/site-library/RcppEigen/include/Eigen/src/Core/DenseCoeffsBase.h:481:7:   required from ‘class Eigen::DenseCoeffsBase<Eigen::Transpose<const Eigen::Transpose<const Eigen::Matrix<double, -1, -1> > >, 2>’
/usr/local/lib/R/site-library/RcppEigen/include/Eigen/src/Core/DenseBase.h:41:34:   required from ‘class Eigen::DenseBase<Eigen::Transpose<const Eigen::Transpose<const Eigen::Matrix<double, -1, -1> > > >’
/usr/local/lib/R/site-library/RcppEigen/include/Eigen/src/Core/MatrixBase.h:48:34:   required from ‘class Eigen::MatrixBase<Eigen::Transpose<const Eigen::Transpose<const Eigen::Matrix<double, -1, -1> > > >’
/usr/local/lib/R/site-library/RcppEigen/include/Eigen/src/Core/Transpose.h:118:37:   required from ‘class Eigen::TransposeImpl<const Eigen::Transpose<const Eigen::Matrix<double, -1, -1> >, Eigen::Dense>’
/usr/local/lib/R/site-library/RcppEigen/include/Eigen/src/Core/Transpose.h:52:37:   required from ‘class Eigen::Transpose<const Eigen::Transpose<const Eigen::Matrix<double, -1, -1> > >’
/usr/local/lib/R/site-library/RcppEigen/include/Eigen/src/Core/GeneralProduct.h:207:26:   [ skipping 4 instantiation contexts, use -ftemplate-backtrace-limit=0 to disable ]
/usr/local/lib/R/site-library/RcppEigen/include/Eigen/src/Core/ProductEvaluators.h:148:43:   required from ‘static void Eigen::internal::Assignment<DstXprType, Eigen::Product<Lhs, Rhs, Options>, Eigen::internal::assign_op<Scalar, Scalar>, Eigen::internal::Dense2Dense, typename Eigen::internal::enable_if<((Options == Eigen::DefaultProduct) || (Options == Eigen::AliasFreeProduct))>::type>::run(DstXprType&, const SrcXprType&, const Eigen::internal::assign_op<Scalar, Scalar>&) [with DstXprType = Eigen::Matrix<double, 2, 2>; Lhs = Eigen::Matrix<double, -1, -1>; Rhs = Eigen::Transpose<const Eigen::Matrix<double, -1, -1> >; int Options = 0; Scalar = double; Eigen::internal::Assignment<DstXprType, Eigen::Product<Lhs, Rhs, Options>, Eigen::internal::assign_op<Scalar, Scalar>, Eigen::internal::Dense2Dense, typename Eigen::internal::enable_if<((Options == Eigen::DefaultProduct) || (Options == Eigen::AliasFreeProduct))>::type>::SrcXprType = Eigen::Product<Eigen::Matrix<double, -1, -1>, Eigen::Transpose<const Eigen::Matrix<double, -1, -1> >, 0>]’
/usr/local/lib/R/site-library/RcppEigen/include/Eigen/src/Core/AssignEvaluator.h:890:49:   required from ‘void Eigen::internal::call_assignment_no_alias(Dst&, const Src&, const Func&) [with Dst = Eigen::Matrix<double, 2, 2>; Src = Eigen::Product<Eigen::Matrix<double, -1, -1>, Eigen::Transpose<const Eigen::Matrix<double, -1, -1> >, 0>; Func = Eigen::internal::assign_op<double, double>]’
/usr/local/lib/R/site-library/RcppEigen/include/Eigen/src/Core/PlainObjectBase.h:797:41:   required from ‘Derived& Eigen::PlainObjectBase<Derived>::_set_noalias(const Eigen::DenseBase<OtherDerived>&) [with OtherDerived = Eigen::Product<Eigen::Matrix<double, -1, -1>, Eigen::Transpose<const Eigen::Matrix<double, -1, -1> >, 0>; Derived = Eigen::Matrix<double, 2, 2>]’
/usr/local/lib/R/site-library/RcppEigen/include/Eigen/src/Core/PlainObjectBase.h:594:19:   required from ‘Eigen::PlainObjectBase<Derived>::PlainObjectBase(const Eigen::DenseBase<OtherDerived>&) [with OtherDerived = Eigen::Product<Eigen::Matrix<double, -1, -1>, Eigen::Transpose<const Eigen::Matrix<double, -1, -1> >, 0>; Derived = Eigen::Matrix<double, 2, 2>]’
/usr/local/lib/R/site-library/RcppEigen/include/Eigen/src/Core/Matrix.h:423:29:   required from ‘Eigen::Matrix<_Scalar, _Rows, _Cols, _Options, _MaxRows, _MaxCols>::Matrix(const Eigen::EigenBase<OtherDerived>&) [with OtherDerived = Eigen::Product<Eigen::Matrix<double, -1, -1>, Eigen::Transpose<const Eigen::Matrix<double, -1, -1> >, 0>; _Scalar = double; int _Rows = 2; int _Cols = 2; int _Options = 0; int _MaxRows = 2; int _MaxCols = 2]’
../inst/include/RcppML/project.hpp:106:41:   required from here
/usr/local/lib/R/site-library/RcppEigen/include/Eigen/src/Core/DenseCoeffsBase.h:56:30: warning: ignoring attributes on template argument ‘Eigen::internal::packet_traits<double>::type’ {aka ‘__m128d’} [-Wignored-attributes]
/usr/local/lib/R/site-library/RcppEigen/include/Eigen/src/Core/DenseCoeffsBase.h: In instantiation of ‘class Eigen::DenseCoeffsBase<Eigen::Transpose<const Eigen::Block<const Eigen::Matrix<double, -1, -1>, 1, -1, false> >, 0>’:
/usr/local/lib/R/site-library/RcppEigen/include/Eigen/src/Core/DenseCoeffsBase.h:481:7:   required from ‘class Eigen::DenseCoeffsBase<Eigen::Transpose<const Eigen::Block<const Eigen::Matrix<double, -1, -1>, 1, -1, false> >, 2>’
/usr/local/lib/R/site-library/RcppEigen/include/Eigen/src/Core/DenseBase.h:41:34:   required from ‘class Eigen::DenseBase<Eigen::Transpose<const Eigen::Block<const Eigen::Matrix<double, -1, -1>, 1, -1, false> > >’
/usr/local/lib/R/site-library/RcppEigen/include/Eigen/src/Core/MatrixBase.h:48:34:   required from ‘class Eigen::MatrixBase<Eigen::Transpose<const Eigen::Block<const Eigen::Matrix<double, -1, -1>, 1, -1, false> > >’
/usr/local/lib/R/site-library/RcppEigen/include/Eigen/src/Core/Transpose.h:118:37:   required from ‘class Eigen::TransposeImpl<const Eigen::Block<const Eigen::Matrix<double, -1, -1>, 1, -1, false>, Eigen::Dense>’
/usr/local/lib/R/site-library/RcppEigen/include/Eigen/src/Core/Transpose.h:52:37:   required from ‘class Eigen::Transpose<const Eigen::Block<const Eigen::Matrix<double, -1, -1>, 1, -1, false> >’
/usr/local/lib/R/site-library/RcppEigen/include/Eigen/src/Core/GeneralProduct.h:207:43:   [ skipping 4 instantiation contexts, use -ftemplate-backtrace-limit=0 to disable ]
/usr/local/lib/R/site-library/RcppEigen/include/Eigen/src/Core/ProductEvaluators.h:148:43:   required from ‘static void Eigen::internal::Assignment<DstXprType, Eigen::Product<Lhs, Rhs, Options>, Eigen::internal::assign_op<Scalar, Scalar>, Eigen::internal::Dense2Dense, typename Eigen::internal::enable_if<((Options == Eigen::DefaultProduct) || (Options == Eigen::AliasFreeProduct))>::type>::run(DstXprType&, const SrcXprType&, const Eigen::internal::assign_op<Scalar, Scalar>&) [with DstXprType = Eigen::Matrix<double, 2, 2>; Lhs = Eigen::Matrix<double, -1, -1>; Rhs = Eigen::Transpose<const Eigen::Matrix<double, -1, -1> >; int Options = 0; Scalar = double; Eigen::internal::Assignment<DstXprType, Eigen::Product<Lhs, Rhs, Options>, Eigen::internal::assign_op<Scalar, Scalar>, Eigen::internal::Dense2Dense, typename Eigen::internal::enable_if<((Options == Eigen::DefaultProduct) || (Options == Eigen::AliasFreeProduct))>::type>::SrcXprType = Eigen::Product<Eigen::Matrix<double, -1, -1>, Eigen::Transpose<const Eigen::Matrix<double, -1, -1> >, 0>]’
/usr/local/lib/R/site-library/RcppEigen/include/Eigen/src/Core/AssignEvaluator.h:890:49:   required from ‘void Eigen::internal::call_assignment_no_alias(Dst&, const Src&, const Func&) [with Dst = Eigen::Matrix<double, 2, 2>; Src = Eigen::Product<Eigen::Matrix<double, -1, -1>, Eigen::Transpose<const Eigen::Matrix<double, -1, -1> >, 0>; Func = Eigen::internal::assign_op<double, double>]’
/usr/local/lib/R/site-library/RcppEigen/include/Eigen/src/Core/PlainObjectBase.h:797:41:   required from ‘Derived& Eigen::PlainObjectBase<Derived>::_set_noalias(const Eigen::DenseBase<OtherDerived>&) [with OtherDerived = Eigen::Product<Eigen::Matrix<double, -1, -1>, Eigen::Transpose<const Eigen::Matrix<double, -1, -1> >, 0>; Derived = Eigen::Matrix<double, 2, 2>]’
/usr/local/lib/R/site-library/RcppEigen/include/Eigen/src/Core/PlainObjectBase.h:594:19:   required from ‘Eigen::PlainObjectBase<Derived>::PlainObjectBase(const Eigen::DenseBase<OtherDerived>&) [with OtherDerived = Eigen::Product<Eigen::Matrix<double, -1, -1>, Eigen::Transpose<const Eigen::Matrix<double, -1, -1> >, 0>; Derived = Eigen::Matrix<double, 2, 2>]’
/usr/local/lib/R/site-library/RcppEigen/include/Eigen/src/Core/Matrix.h:423:29:   required from ‘Eigen::Matrix<_Scalar, _Rows, _Cols, _Options, _MaxRows, _MaxCols>::Matrix(const Eigen::EigenBase<OtherDerived>&) [with OtherDerived = Eigen::Product<Eigen::Matrix<double, -1, -1>, Eigen::Transpose<const Eigen::Matrix<double, -1, -1> >, 0>; _Scalar = double; int _Rows = 2; int _Cols = 2; int _Options = 0; int _MaxRows = 2; int _MaxCols = 2]’
../inst/include/RcppML/project.hpp:106:41:   required from here
/usr/local/lib/R/site-library/RcppEigen/include/Eigen/src/Core/DenseCoeffsBase.h:56:30: warning: ignoring attributes on template argument ‘Eigen::internal::packet_traits<double>::type’ {aka ‘__m128d’} [-Wignored-attributes]
/usr/local/lib/R/site-library/RcppEigen/include/Eigen/src/Core/DenseCoeffsBase.h: In instantiation of ‘class Eigen::DenseCoeffsBase<Eigen::Transpose<Eigen::Block<Eigen::Matrix<double, -1, -1>, 1, -1, false> >, 0>’:
/usr/local/lib/R/site-library/RcppEigen/include/Eigen/src/Core/DenseCoeffsBase.h:302:7:   required from ‘class Eigen::DenseCoeffsBase<Eigen::Transpose<Eigen::Block<Eigen::Matrix<double, -1, -1>, 1, -1, false> >, 1>’
/usr/local/lib/R/site-library/RcppEigen/include/Eigen/src/Core/DenseCoeffsBase.h:555:7:   required from ‘class Eigen::DenseCoeffsBase<Eigen::Transpose<Eigen::Block<Eigen::Matrix<double, -1, -1>, 1, -1, false> >, 3>’
/usr/local/lib/R/site-library/RcppEigen/include/Eigen/src/Core/DenseBase.h:41:34:   required from ‘class Eigen::DenseBase<Eigen::Transpose<Eigen::Block<Eigen::Matrix<double, -1, -1>, 1, -1, false> > >’
/usr/local/lib/R/site-library/RcppEigen/include/Eigen/src/Core/MatrixBase.h:48:34:   required from ‘class Eigen::MatrixBase<Eigen::Transpose<Eigen::Block<Eigen::Matrix<double, -1, -1>, 1, -1, false> > >’
/usr/local/lib/R/site-library/RcppEigen/include/Eigen/src/Core/Transpose.h:118:37:   required from ‘class Eigen::TransposeImpl<Eigen::Block<Eigen::Matrix<double, -1, -1>, 1, -1, false>, Eigen::Dense>’
/usr/local/lib/R/site-library/RcppEigen/include/Eigen/src/Core/Transpose.h:52:37:   [ skipping 5 instantiation contexts, use -ftemplate-backtrace-limit=0 to disable ]
/usr/local/lib/R/site-library/RcppEigen/include/Eigen/src/Core/ProductEvaluators.h:148:43:   required from ‘static void Eigen::internal::Assignment<DstXprType, Eigen::Product<Lhs, Rhs, Options>, Eigen::internal::assign_op<Scalar, Scalar>, Eigen::internal::Dense2Dense, typename Eigen::internal::enable_if<((Options == Eigen::DefaultProduct) || (Options == Eigen::AliasFreeProduct))>::type>::run(DstXprType&, const SrcXprType&, const Eigen::internal::assign_op<Scalar, Scalar>&) [with DstXprType = Eigen::Matrix<double, -1, -1>; Lhs = Eigen::Matrix<double, -1, -1>; Rhs = Eigen::Transpose<const Eigen::Matrix<double, -1, -1> >; int Options = 0; Scalar = double; Eigen::internal::Assignment<DstXprType, Eigen::Product<Lhs, Rhs, Options>, Eigen::internal::assign_op<Scalar, Scalar>, Eigen::internal::Dense2Dense, typename Eigen::internal::enable_if<((Options == Eigen::DefaultProduct) || (Options == Eigen::AliasFreeProduct))>::type>::SrcXprType = Eigen::Product<Eigen::Matrix<double, -1, -1>, Eigen::Transpose<const Eigen::Matrix<double, -1, -1> >, 0>]’
/usr/local/lib/R/site-library/RcppEigen/include/Eigen/src/Core/AssignEvaluator.h:890:49:   required from ‘void Eigen::internal::call_assignment_no_alias(Dst&, const Src&, const Func&) [with Dst = Eigen::Matrix<double, -1, -1>; Src = Eigen::Product<Eigen::Matrix<double, -1, -1>, Eigen::Transpose<const Eigen::Matrix<double, -1, -1> >, 0>; Func = Eigen::internal::assign_op<double, double>]’
/usr/local/lib/R/site-library/RcppEigen/include/Eigen/src/Core/PlainObjectBase.h:797:41:   required from ‘Derived& Eigen::PlainObjectBase<Derived>::_set_noalias(const Eigen::DenseBase<OtherDerived>&) [with OtherDerived = Eigen::Product<Eigen::Matrix<double, -1, -1>, Eigen::Transpose<const Eigen::Matrix<double, -1, -1> >, 0>; Derived = Eigen::Matrix<double, -1, -1>]’
/usr/local/lib/R/site-library/RcppEigen/include/Eigen/src/Core/PlainObjectBase.h:594:19:   required from ‘Eigen::PlainObjectBase<Derived>::PlainObjectBase(const Eigen::DenseBase<OtherDerived>&) [with OtherDerived = Eigen::Product<Eigen::Matrix<double, -1, -1>, Eigen::Transpose<const Eigen::Matrix<double, -1, -1> >, 0>; Derived = Eigen::Matrix<double, -1, -1>]’
/usr/local/lib/R/site-library/RcppEigen/include/Eigen/src/Core/Matrix.h:423:29:   required from ‘Eigen::Matrix<_Scalar, _Rows, _Cols, _Options, _MaxRows, _MaxCols>::Matrix(const Eigen::EigenBase<OtherDerived>&) [with OtherDerived = Eigen::Product<Eigen::Matrix<double, -1, -1>, Eigen::Transpose<const Eigen::Matrix<double, -1, -1> >, 0>; _Scalar = double; int _Rows = -1; int _Cols = -1; int _Options = 0; int _MaxRows = -1; int _MaxCols = -1]’
../inst/include/RcppML/project.hpp:121:43:   required from here
/usr/local/lib/R/site-library/RcppEigen/include/Eigen/src/Core/DenseCoeffsBase.h:56:30: warning: ignoring attributes on template argument ‘Eigen::internal::packet_traits<double>::type’ {aka ‘__m128d’} [-Wignored-attributes]
/usr/local/lib/R/site-library/RcppEigen/include/Eigen/src/Core/DenseCoeffsBase.h: In instantiation of ‘Eigen::Index Eigen::internal::first_default_aligned(const Eigen::DenseBase<Derived>&) [with Derived = Eigen::CwiseUnaryOp<Eigen::internal::scalar_abs_op<double>, const Eigen::Block<Eigen::Block<Eigen::Matrix<double, -1, -1>, -1, 1, true>, -1, 1, false> >; Eigen::Index = long int]’:
/usr/local/lib/R/site-library/RcppEigen/include/Eigen/src/Core/Redux.h:243:63:   required from ‘static Eigen::internal::redux_impl<Func, Evaluator, 3, 0>::Scalar Eigen::internal::redux_impl<Func, Evaluator, 3, 0>::run(const Evaluator&, const Func&, const XprType&) [with XprType = Eigen::CwiseUnaryOp<Eigen::internal::scalar_abs_op<double>, const Eigen::Block<Eigen::Block<Eigen::Matrix<double, -1, -1>, -1, 1, true>, -1, 1, false> >; Func = Eigen::internal::scalar_sum_op<double, double>; Evaluator = Eigen::internal::redux_evaluator<Eigen::CwiseUnaryOp<Eigen::internal::scalar_abs_op<double>, const Eigen::Block<Eigen::Block<Eigen::Matrix<double, -1, -1>, -1, 1, true>, -1, 1, false> > >; Eigen::internal::redux_impl<Func, Evaluator, 3, 0>::Scalar = double]’
/usr/local/lib/R/site-library/RcppEigen/include/Eigen/src/Core/Redux.h:418:56:   required from ‘typename Eigen::internal::traits<T>::Scalar Eigen::DenseBase<Derived>::redux(const Func&) const [with BinaryOp = Eigen::internal::scalar_sum_op<double, double>; Derived = Eigen::CwiseUnaryOp<Eigen::internal::scalar_abs_op<double>, const Eigen::Block<Eigen::Block<Eigen::Matrix<double, -1, -1>, -1, 1, true>, -1, 1, false> >; typename Eigen::internal::traits<T>::Scalar = double]’
/usr/local/lib/R/site-library/RcppEigen/include/Eigen/src/Core/Redux.h:463:25:   required from ‘typename Eigen::internal::traits<T>::Scalar Eigen::DenseBase<Derived>::sum() const [with Derived = Eigen::CwiseUnaryOp<Eigen::internal::scalar_abs_op<double>, const Eigen::Block<Eigen::Block<Eigen::Matrix<double, -1, -1>, -1, 1, true>, -1, 1, false> >; typename Eigen::internal::traits<T>::Scalar = double]’
/usr/local/lib/R/site-library/RcppEigen/include/Eigen/src/Core/Dot.h:221:28:   required from ‘static typename Eigen::NumTraits<typename Eigen::internal::traits<T>::Scalar>::Real Eigen::internal::lpNorm_selector<Derived, 1>::run(const Eigen::MatrixBase<Derived>&) [with Derived = Eigen::Block<Eigen::Block<Eigen::Matrix<double, -1, -1>, -1, 1, true>, -1, 1, false>; typename Eigen::NumTraits<typename Eigen::internal::traits<T>::Scalar>::Real = double; typename Eigen::internal::traits<T>::Scalar = double]’
/usr/local/lib/R/site-library/RcppEigen/include/Eigen/src/Core/Dot.h:269:52:   required from ‘typename Eigen::NumTraits<typename Eigen::internal::traits<T>::Scalar>::Real Eigen::MatrixBase<Derived>::lpNorm() const [with int p = 1; Derived = Eigen::Block<Eigen::Block<Eigen::Matrix<double, -1, -1>, -1, 1, true>, -1, 1, false>; typename Eigen::NumTraits<typename Eigen::internal::traits<T>::Scalar>::Real = double; typename Eigen::internal::traits<T>::Scalar = double]’
/usr/local/lib/R/site-library/RcppEigen/include/Eigen/src/Cholesky/LLT.h:448:74:   required from ‘Eigen::LLT<_MatrixType, _UpLo>& Eigen::LLT<MatrixType, UpLo>::compute(const Eigen::EigenBase<OtherDerived>&) [with InputType = Eigen::Matrix<double, -1, -1>; _MatrixType = Eigen::Matrix<double, -1, -1>; int _UpLo = 1]’
/usr/local/lib/R/site-library/RcppEigen/include/Eigen/src/Cholesky/LLT.h:109:14:   required from ‘Eigen::LLT<MatrixType, UpLo>::LLT(const Eigen::EigenBase<OtherDerived>&) [with InputType = Eigen::Matrix<double, -1, -1>; _MatrixType = Eigen::Matrix<double, -1, -1>; int _UpLo = 1]’
/usr/local/lib/R/site-library/RcppEigen/include/Eigen/src/Cholesky/LLT.h:542:10:   required from ‘const Eigen::LLT<typename Eigen::DenseBase<Derived>::PlainObject> Eigen::MatrixBase<Derived>::llt() const [with Derived = Eigen::Matrix<double, -1, -1>; typename Eigen::DenseBase<Derived>::PlainObject = Eigen::Matrix<double, -1, -1>]’
../inst/include/RcppML/project.hpp:123:51:   required from here
/usr/local/lib/R/site-library/RcppEigen/include/Eigen/src/Core/DenseCoeffsBase.h:654:74: warning: ignoring attributes on template argument ‘Eigen::internal::packet_traits<double>::type’ {aka ‘__m128d’} [-Wignored-attributes]
  654 |   return internal::first_aligned<int(unpacket_traits<DefaultPacketType>::alignment),Derived>(m);
      |                                                                          ^~~~~~~~~
In file included from /usr/local/lib/R/site-library/RcppEigen/include/Eigen/Core:277,
                 from /usr/local/lib/R/site-library/RcppEigen/include/Eigen/Dense:1,
                 from /usr/local/lib/R/site-library/RcppEigen/include/RcppEigenForward.h:28,
                 from /usr/local/lib/R/site-library/RcppEigen/include/RcppEigen.h:25,
                 from ../inst/include/RcppMLCommon.hpp:36,
                 from ../inst/include/RcppML.hpp:11,
                 from RcppFunctions.cpp:8:
/usr/local/lib/R/site-library/RcppEigen/include/Eigen/src/Core/CoreEvaluators.h: In instantiation of ‘struct Eigen::internal::evaluator<Eigen::Block<Eigen::Matrix<double, -1, -1>, -1, -1, false> >’:
/usr/local/lib/R/site-library/RcppEigen/include/Eigen/src/Core/util/XprHelper.h:372:102:   required from ‘struct Eigen::internal::plain_object_eval<Eigen::Block<Eigen::Matrix<double, -1, -1>, -1, -1, false>, Eigen::Dense>’
/usr/local/lib/R/site-library/RcppEigen/include/Eigen/src/Core/ProductEvaluators.h:369:45:   required from ‘struct Eigen::internal::generic_product_impl<Eigen::Block<Eigen::Matrix<double, -1, -1>, -1, -1, false>, Eigen::Transpose<const Eigen::Block<Eigen::Matrix<double, -1, -1>, 1, -1, false> >, Eigen::DenseShape, Eigen::DenseShape, 7>’
/usr/local/lib/R/site-library/RcppEigen/include/Eigen/src/Core/ProductEvaluators.h:178:42:   required from ‘static void Eigen::internal::Assignment<DstXprType, Eigen::Product<Lhs, Rhs, Options>, Eigen::internal::sub_assign_op<Scalar, Scalar>, Eigen::internal::Dense2Dense, typename Eigen::internal::enable_if<((Options == Eigen::DefaultProduct) || (Options == Eigen::AliasFreeProduct))>::type>::run(DstXprType&, const SrcXprType&, const Eigen::internal::sub_assign_op<Scalar, Scalar>&) [with DstXprType = Eigen::Block<Eigen::Matrix<double, -1, -1>, -1, 1, false>; Lhs = Eigen::Block<Eigen::Matrix<double, -1, -1>, -1, -1, false>; Rhs = Eigen::Transpose<const Eigen::Block<Eigen::Matrix<double, -1, -1>, 1, -1, false> >; int Options = 0; Scalar = double; Eigen::internal::Assignment<DstXprType, Eigen::Product<Lhs, Rhs, Options>, Eigen::internal::sub_assign_op<Scalar, Scalar>, Eigen::internal::Dense2Dense, typename Eigen::internal::enable_if<((Options == Eigen::DefaultProduct) || (Options == Eigen::AliasFreeProduct))>::type>::SrcXprType = Eigen::Product<Eigen::Block<Eigen::Matrix<double, -1, -1>, -1, -1, false>, Eigen::Transpose<const Eigen::Block<Eigen::Matrix<double, -1, -1>, 1, -1, false> >, 0>]’
/usr/local/lib/R/site-library/RcppEigen/include/Eigen/src/Core/AssignEvaluator.h:890:49:   required from ‘void Eigen::internal::call_assignment_no_alias(Dst&, const Src&, const Func&) [with Dst = Eigen::Block<Eigen::Matrix<double, -1, -1>, -1, 1, false>; Src = Eigen::Product<Eigen::Block<Eigen::Matrix<double, -1, -1>, -1, -1, false>, Eigen::Transpose<const Eigen::Block<Eigen::Matrix<double, -1, -1>, 1, -1, false> >, 0>; Func = Eigen::internal::sub_assign_op<double, double>]’
/usr/local/lib/R/site-library/RcppEigen/include/Eigen/src/Core/NoAlias.h:59:31:   [ skipping 2 instantiation contexts, use -ftemplate-backtrace-limit=0 to disable ]
/usr/local/lib/R/site-library/RcppEigen/include/Eigen/src/Cholesky/LLT.h:344:23:   required from ‘static Eigen::Index Eigen::internal::llt_inplace<Scalar, 1>::blocked(MatrixType&) [with MatrixType = Eigen::Matrix<double, -1, -1>; Scalar = double; Eigen::Index = long int]’
/usr/local/lib/R/site-library/RcppEigen/include/Eigen/src/Cholesky/LLT.h:408:68:   required from ‘static bool Eigen::internal::LLT_Traits<MatrixType, 1>::inplace_decomposition(MatrixType&) [with MatrixType = Eigen::Matrix<double, -1, -1>]’
/usr/local/lib/R/site-library/RcppEigen/include/Eigen/src/Cholesky/LLT.h:456:42:   required from ‘Eigen::LLT<_MatrixType, _UpLo>& Eigen::LLT<MatrixType, UpLo>::compute(const Eigen::EigenBase<OtherDerived>&) [with InputType = Eigen::Matrix<double, -1, -1>; _MatrixType = Eigen::Matrix<double, -1, -1>; int _UpLo = 1]’
/usr/local/lib/R/site-library/RcppEigen/include/Eigen/src/Cholesky/LLT.h:109:14:   required from ‘Eigen::LLT<MatrixType, UpLo>::LLT(const Eigen::EigenBase<OtherDerived>&) [with InputType = Eigen::Matrix<double, -1, -1>; _MatrixType = Eigen::Matrix<double, -1, -1>; int _UpLo = 1]’
/usr/local/lib/R/site-library/RcppEigen/include/Eigen/src/Cholesky/LLT.h:542:10:   required from ‘const Eigen::LLT<typename Eigen::DenseBase<Derived>::PlainObject> Eigen::MatrixBase<Derived>::llt() const [with Derived = Eigen::Matrix<double, -1, -1>; typename Eigen::DenseBase<Derived>::PlainObject = Eigen::Matrix<double, -1, -1>]’
../inst/include/RcppML/project.hpp:123:51:   required from here
/usr/local/lib/R/site-library/RcppEigen/include/Eigen/src/Core/CoreEvaluators.h:1071:54: warning: ignoring attributes on template argument ‘Eigen::internal::packet_traits<double>::type’ {aka ‘__m128d’} [-Wignored-attributes]
 1071 |     PacketAlignment = unpacket_traits<PacketScalar>::alignment,
      |                                                      ^~~~~~~~~
/usr/local/lib/R/site-library/RcppEigen/include/Eigen/src/Core/CoreEvaluators.h: In instantiation of ‘struct Eigen::internal::evaluator<Eigen::Block<Eigen::Block<Eigen::Matrix<double, -1, -1>, -1, -1, false>, 1, -1, false> >’:
/usr/local/lib/R/site-library/RcppEigen/include/Eigen/src/Core/CoreEvaluators.h:100:8:   required from ‘struct Eigen::internal::evaluator<const Eigen::Block<Eigen::Block<Eigen::Matrix<double, -1, -1>, -1, -1, false>, 1, -1, false> >’
/usr/local/lib/R/site-library/RcppEigen/include/Eigen/src/Core/CoreEvaluators.h:564:45:   required from ‘struct Eigen::internal::unary_evaluator<Eigen::CwiseUnaryOp<Eigen::internal::scalar_abs2_op<double>, const Eigen::Block<Eigen::Block<Eigen::Matrix<double, -1, -1>, -1, -1, false>, 1, -1, false> >, Eigen::internal::IndexBased, double>’
/usr/local/lib/R/site-library/RcppEigen/include/Eigen/src/Core/CoreEvaluators.h:90:8:   required from ‘struct Eigen::internal::evaluator<Eigen::CwiseUnaryOp<Eigen::internal::scalar_abs2_op<double>, const Eigen::Block<Eigen::Block<Eigen::Matrix<double, -1, -1>, -1, -1, false>, 1, -1, false> > >’
/usr/local/lib/R/site-library/RcppEigen/include/Eigen/src/Core/Redux.h:357:7:   required from ‘class Eigen::internal::redux_evaluator<Eigen::CwiseUnaryOp<Eigen::internal::scalar_abs2_op<double>, const Eigen::Block<Eigen::Block<Eigen::Matrix<double, -1, -1>, -1, -1, false>, 1, -1, false> > >’
/usr/local/lib/R/site-library/RcppEigen/include/Eigen/src/Core/Redux.h:414:17:   required from ‘typename Eigen::internal::traits<T>::Scalar Eigen::DenseBase<Derived>::redux(const Func&) const [with BinaryOp = Eigen::internal::scalar_sum_op<double, double>; Derived = Eigen::CwiseUnaryOp<Eigen::internal::scalar_abs2_op<double>, const Eigen::Block<Eigen::Block<Eigen::Matrix<double, -1, -1>, -1, -1, false>, 1, -1, false> >; typename Eigen::internal::traits<T>::Scalar = double]’
/usr/local/lib/R/site-library/RcppEigen/include/Eigen/src/Core/Redux.h:463:25:   [ skipping 3 instantiation contexts, use -ftemplate-backtrace-limit=0 to disable ]
/usr/local/lib/R/site-library/RcppEigen/include/Eigen/src/Cholesky/LLT.h:363:24:   required from ‘static Eigen::Index Eigen::internal::llt_inplace<Scalar, 1>::blocked(MatrixType&) [with MatrixType = Eigen::Matrix<double, -1, -1>; Scalar = double; Eigen::Index = long int]’
/usr/local/lib/R/site-library/RcppEigen/include/Eigen/src/Cholesky/LLT.h:408:68:   required from ‘static bool Eigen::internal::LLT_Traits<MatrixType, 1>::inplace_decomposition(MatrixType&) [with MatrixType = Eigen::Matrix<double, -1, -1>]’
/usr/local/lib/R/site-library/RcppEigen/include/Eigen/src/Cholesky/LLT.h:456:42:   required from ‘Eigen::LLT<_MatrixType, _UpLo>& Eigen::LLT<MatrixType, UpLo>::compute(const Eigen::EigenBase<OtherDerived>&) [with InputType = Eigen::Matrix<double, -1, -1>; _MatrixType = Eigen::Matrix<double, -1, -1>; int _UpLo = 1]’
/usr/local/lib/R/site-library/RcppEigen/include/Eigen/src/Cholesky/LLT.h:109:14:   required from ‘Eigen::LLT<MatrixType, UpLo>::LLT(const Eigen::EigenBase<OtherDerived>&) [with InputType = Eigen::Matrix<double, -1, -1>; _MatrixType = Eigen::Matrix<double, -1, -1>; int _UpLo = 1]’
/usr/local/lib/R/site-library/RcppEigen/include/Eigen/src/Cholesky/LLT.h:542:10:   required from ‘const Eigen::LLT<typename Eigen::DenseBase<Derived>::PlainObject> Eigen::MatrixBase<Derived>::llt() const [with Derived = Eigen::Matrix<double, -1, -1>; typename Eigen::DenseBase<Derived>::PlainObject = Eigen::Matrix<double, -1, -1>]’
../inst/include/RcppML/project.hpp:123:51:   required from here
/usr/local/lib/R/site-library/RcppEigen/include/Eigen/src/Core/CoreEvaluators.h:1071:54: warning: ignoring attributes on template argument ‘Eigen::internal::packet_traits<double>::type’ {aka ‘__m128d’} [-Wignored-attributes]
/usr/local/lib/R/site-library/RcppEigen/include/Eigen/src/Core/CoreEvaluators.h: In instantiation of ‘struct Eigen::internal::evaluator<Eigen::Block<Eigen::Block<Eigen::Matrix<double, -1, -1>, -1, -1, false>, -1, -1, false> >’:
/usr/local/lib/R/site-library/RcppEigen/include/Eigen/src/Core/util/XprHelper.h:372:102:   required from ‘struct Eigen::internal::plain_object_eval<Eigen::Block<Eigen::Block<Eigen::Matrix<double, -1, -1>, -1, -1, false>, -1, -1, false>, Eigen::Dense>’
/usr/local/lib/R/site-library/RcppEigen/include/Eigen/src/Core/ProductEvaluators.h:369:45:   required from ‘struct Eigen::internal::generic_product_impl<Eigen::Block<Eigen::Block<Eigen::Matrix<double, -1, -1>, -1, -1, false>, -1, -1, false>, Eigen::Transpose<const Eigen::Block<Eigen::Block<Eigen::Matrix<double, -1, -1>, -1, -1, false>, 1, -1, false> >, Eigen::DenseShape, Eigen::DenseShape, 7>’
/usr/local/lib/R/site-library/RcppEigen/include/Eigen/src/Core/ProductEvaluators.h:178:42:   required from ‘static void Eigen::internal::Assignment<DstXprType, Eigen::Product<Lhs, Rhs, Options>, Eigen::internal::sub_assign_op<Scalar, Scalar>, Eigen::internal::Dense2Dense, typename Eigen::internal::enable_if<((Options == Eigen::DefaultProduct) || (Options == Eigen::AliasFreeProduct))>::type>::run(DstXprType&, const SrcXprType&, const Eigen::internal::sub_assign_op<Scalar, Scalar>&) [with DstXprType = Eigen::Block<Eigen::Block<Eigen::Matrix<double, -1, -1>, -1, -1, false>, -1, 1, false>; Lhs = Eigen::Block<Eigen::Block<Eigen::Matrix<double, -1, -1>, -1, -1, false>, -1, -1, false>; Rhs = Eigen::Transpose<const Eigen::Block<Eigen::Block<Eigen::Matrix<double, -1, -1>, -1, -1, false>, 1, -1, false> >; int Options = 0; Scalar = double; Eigen::internal::Assignment<DstXprType, Eigen::Product<Lhs, Rhs, Options>, Eigen::internal::sub_assign_op<Scalar, Scalar>, Eigen::internal::Dense2Dense, typename Eigen::internal::enable_if<((Options == Eigen::DefaultProduct) || (Options == Eigen::AliasFreeProduct))>::type>::SrcXprType = Eigen::Product<Eigen::Block<Eigen::Block<Eigen::Matrix<double, -1, -1>, -1, -1, false>, -1, -1, false>, Eigen::Transpose<const Eigen::Block<Eigen::Block<Eigen::Matrix<double, -1, -1>, -1, -1, false>, 1, -1, false> >, 0>]’
/usr/local/lib/R/site-library/RcppEigen/include/Eigen/src/Core/AssignEvaluator.h:890:49:   required from ‘void Eigen::internal::call_assignment_no_alias(Dst&, const Src&, const Func&) [with Dst = Eigen::Block<Eigen::Block<Eigen::Matrix<double, -1, -1>, -1, -1, false>, -1, 1, false>; Src = Eigen::Product<Eigen::Block<Eigen::Block<Eigen::Matrix<double, -1, -1>, -1, -1, false>, -1, -1, false>, Eigen::Transpose<const Eigen::Block<Eigen::Block<Eigen::Matrix<double, -1, -1>, -1, -1, false>, 1, -1, false> >, 0>; Func = Eigen::internal::sub_assign_op<double, double>]’
/usr/local/lib/R/site-library/RcppEigen/include/Eigen/src/Core/NoAlias.h:59:31:   [ skipping 2 instantiation contexts, use -ftemplate-backtrace-limit=0 to disable ]
/usr/local/lib/R/site-library/RcppEigen/include/Eigen/src/Cholesky/LLT.h:363:24:   required from ‘static Eigen::Index Eigen::internal::llt_inplace<Scalar, 1>::blocked(MatrixType&) [with MatrixType = Eigen::Matrix<double, -1, -1>; Scalar = double; Eigen::Index = long int]’
/usr/local/lib/R/site-library/RcppEigen/include/Eigen/src/Cholesky/LLT.h:408:68:   required from ‘static bool Eigen::internal::LLT_Traits<MatrixType, 1>::inplace_decomposition(MatrixType&) [with MatrixType = Eigen::Matrix<double, -1, -1>]’
/usr/local/lib/R/site-library/RcppEigen/include/Eigen/src/Cholesky/LLT.h:456:42:   required from ‘Eigen::LLT<_MatrixType, _UpLo>& Eigen::LLT<MatrixType, UpLo>::compute(const Eigen::EigenBase<OtherDerived>&) [with InputType = Eigen::Matrix<double, -1, -1>; _MatrixType = Eigen::Matrix<double, -1, -1>; int _UpLo = 1]’
/usr/local/lib/R/site-library/RcppEigen/include/Eigen/src/Cholesky/LLT.h:109:14:   required from ‘Eigen::LLT<MatrixType, UpLo>::LLT(const Eigen::EigenBase<OtherDerived>&) [with InputType = Eigen::Matrix<double, -1, -1>; _MatrixType = Eigen::Matrix<double, -1, -1>; int _UpLo = 1]’
/usr/local/lib/R/site-library/RcppEigen/include/Eigen/src/Cholesky/LLT.h:542:10:   required from ‘const Eigen::LLT<typename Eigen::DenseBase<Derived>::PlainObject> Eigen::MatrixBase<Derived>::llt() const [with Derived = Eigen::Matrix<double, -1, -1>; typename Eigen::DenseBase<Derived>::PlainObject = Eigen::Matrix<double, -1, -1>]’
../inst/include/RcppML/project.hpp:123:51:   required from here
/usr/local/lib/R/site-library/RcppEigen/include/Eigen/src/Core/CoreEvaluators.h:1071:54: warning: ignoring attributes on template argument ‘Eigen::internal::packet_traits<double>::type’ {aka ‘__m128d’} [-Wignored-attributes]
In file included from /usr/local/lib/R/site-library/RcppEigen/include/Eigen/Core:330,
                 from /usr/local/lib/R/site-library/RcppEigen/include/Eigen/Dense:1,
                 from /usr/local/lib/R/site-library/RcppEigen/include/RcppEigenForward.h:28,
                 from /usr/local/lib/R/site-library/RcppEigen/include/RcppEigen.h:25,
                 from ../inst/include/RcppMLCommon.hpp:36,
                 from ../inst/include/RcppML.hpp:11,
                 from RcppFunctions.cpp:8:
/usr/local/lib/R/site-library/RcppEigen/include/Eigen/src/Core/products/GeneralBlockPanelKernel.h: In instantiation of ‘void Eigen::internal::gebp_kernel<LhsScalar, RhsScalar, Index, DataMapper, mr, nr, ConjugateLhs, ConjugateRhs>::operator()(const DataMapper&, const LhsScalar*, const RhsScalar*, Index, Index, Index, Eigen::internal::gebp_kernel<LhsScalar, RhsScalar, Index, DataMapper, mr, nr, ConjugateLhs, ConjugateRhs>::ResScalar, Index, Index, Index, Index) [with LhsScalar = double; RhsScalar = double; Index = long int; DataMapper = Eigen::internal::blas_data_mapper<double, long int, 0, 0, 1>; int mr = 4; int nr = 4; bool ConjugateLhs = false; bool ConjugateRhs = false; Eigen::internal::gebp_kernel<LhsScalar, RhsScalar, Index, DataMapper, mr, nr, ConjugateLhs, ConjugateRhs>::ResScalar = double]’:
/usr/local/lib/R/site-library/RcppEigen/include/Eigen/src/Core/products/TriangularSolverMatrix.h:289:26:   required from ‘static void Eigen::internal::triangular_solve_matrix<Scalar, Index, 2, Mode, Conjugate, TriStorageOrder, 0, OtherInnerStride>::run(Index, Index, const Scalar*, Index, Scalar*, Index, Index, Eigen::internal::level3_blocking<Scalar, Scalar>&) [with Scalar = double; Index = long int; int Mode = 2; bool Conjugate = false; int TriStorageOrder = 1; int OtherInnerStride = 1]’
/usr/local/lib/R/site-library/RcppEigen/include/Eigen/src/Core/SolveTriangular.h:102:12:   required from ‘static void Eigen::internal::triangular_solver_selector<Lhs, Rhs, Side, Mode, 0, -1>::run(const Lhs&, Rhs&) [with Lhs = const Eigen::Transpose<const Eigen::Block<Eigen::Matrix<double, -1, -1>, -1, -1, false> >; Rhs = Eigen::Block<Eigen::Matrix<double, -1, -1>, -1, -1, false>; int Side = 2; int Mode = 2]’
/usr/local/lib/R/site-library/RcppEigen/include/Eigen/src/Core/SolveTriangular.h:182:21:   required from ‘void Eigen::TriangularViewImpl<_MatrixType, _Mode, Eigen::Dense>::solveInPlace(const Eigen::MatrixBase<OtherDerived>&) const [with int Side = 2; OtherDerived = Eigen::Block<Eigen::Matrix<double, -1, -1>, -1, -1, false>; _MatrixType = const Eigen::Transpose<const Eigen::Block<Eigen::Matrix<double, -1, -1>, -1, -1, false> >; unsigned int _Mode = 2]’
/usr/local/lib/R/site-library/RcppEigen/include/Eigen/src/Cholesky/LLT.h:364:96:   required from ‘static Eigen::Index Eigen::internal::llt_inplace<Scalar, 1>::blocked(MatrixType&) [with MatrixType = Eigen::Matrix<double, -1, -1>; Scalar = double; Eigen::Index = long int]’
/usr/local/lib/R/site-library/RcppEigen/include/Eigen/src/Cholesky/LLT.h:408:68:   required from ‘static bool Eigen::internal::LLT_Traits<MatrixType, 1>::inplace_decomposition(MatrixType&) [with MatrixType = Eigen::Matrix<double, -1, -1>]’
/usr/local/lib/R/site-library/RcppEigen/include/Eigen/src/Cholesky/LLT.h:456:42:   required from ‘Eigen::LLT<_MatrixType, _UpLo>& Eigen::LLT<MatrixType, UpLo>::compute(const Eigen::EigenBase<OtherDerived>&) [with InputType = Eigen::Matrix<double, -1, -1>; _MatrixType = Eigen::Matrix<double, -1, -1>; int _UpLo = 1]’
/usr/local/lib/R/site-library/RcppEigen/include/Eigen/src/Cholesky/LLT.h:109:14:   required from ‘Eigen::LLT<MatrixType, UpLo>::LLT(const Eigen::EigenBase<OtherDerived>&) [with InputType = Eigen::Matrix<double, -1, -1>; _MatrixType = Eigen::Matrix<double, -1, -1>; int _UpLo = 1]’
/usr/local/lib/R/site-library/RcppEigen/include/Eigen/src/Cholesky/LLT.h:542:10:   required from ‘const Eigen::LLT<typename Eigen::DenseBase<Derived>::PlainObject> Eigen::MatrixBase<Derived>::llt() const [with Derived = Eigen::Matrix<double, -1, -1>; typename Eigen::DenseBase<Derived>::PlainObject = Eigen::Matrix<double, -1, -1>]’
../inst/include/RcppML/project.hpp:123:51:   required from here
/usr/local/lib/R/site-library/RcppEigen/include/Eigen/src/Core/products/GeneralBlockPanelKernel.h:1920:103: warning: ignoring attributes on template argument ‘Eigen::internal::unpacket_traits<__vector(2) double>::half’ {aka ‘__m128d’} [-Wignored-attributes]
 1920 |           const int SResPacketHalfSize = unpacket_traits<typename unpacket_traits<SResPacket>::half>::size;
      |                                                                                                       ^~~~
/usr/local/lib/R/site-library/RcppEigen/include/Eigen/src/Core/products/GeneralBlockPanelKernel.h:1921:138: warning: ignoring attributes on template argument ‘Eigen::internal::unpacket_traits<__vector(2) double>::half’ {aka ‘__m128d’} [-Wignored-attributes]
 1921 |           const int SResPacketQuarterSize = unpacket_traits<typename unpacket_traits<typename unpacket_traits<SResPacket>::half>::half>::size;
      |                                                                                                                                          ^~~~
/usr/local/lib/R/site-library/RcppEigen/include/Eigen/src/Core/products/GeneralBlockPanelKernel.h:1921:138: warning: ignoring attributes on template argument ‘Eigen::internal::unpacket_traits<__vector(2) double>::half’ {aka ‘__m128d’} [-Wignored-attributes]
/usr/local/lib/R/site-library/RcppEigen/include/Eigen/src/Core/products/GeneralBlockPanelKernel.h:1977:135: warning: ignoring attributes on template argument ‘Eigen::internal::unpacket_traits<__vector(2) double>::half’ {aka ‘__m128d’} [-Wignored-attributes]
 1977 |               typedef typename conditional<SwappedTraits::LhsProgress>=8,typename unpacket_traits<SResPacket>::half,SResPacket>::type SResPacketHalf;
      |                                                                                                                                       ^~~~~~~~~~~~~~
/usr/local/lib/R/site-library/RcppEigen/include/Eigen/src/Core/products/GeneralBlockPanelKernel.h:1978:135: warning: ignoring attributes on template argument ‘Eigen::internal::unpacket_traits<__vector(2) double>::half’ {aka ‘__m128d’} [-Wignored-attributes]
 1978 |               typedef typename conditional<SwappedTraits::LhsProgress>=8,typename unpacket_traits<SLhsPacket>::half,SLhsPacket>::type SLhsPacketHalf;
      |                                                                                                                                       ^~~~~~~~~~~~~~
/usr/local/lib/R/site-library/RcppEigen/include/Eigen/src/Core/products/GeneralBlockPanelKernel.h:1979:135: warning: ignoring attributes on template argument ‘Eigen::internal::unpacket_traits<__vector(2) double>::half’ {aka ‘__m128d’} [-Wignored-attributes]
 1979 |               typedef typename conditional<SwappedTraits::LhsProgress>=8,typename unpacket_traits<SRhsPacket>::half,SRhsPacket>::type SRhsPacketHalf;
      |                                                                                                                                       ^~~~~~~~~~~~~~
/usr/local/lib/R/site-library/RcppEigen/include/Eigen/src/Core/products/GeneralBlockPanelKernel.h:1980:135: warning: ignoring attributes on template argument ‘Eigen::internal::unpacket_traits<__vector(2) double>::half’ {aka ‘__m128d’} [-Wignored-attributes]
 1980 |               typedef typename conditional<SwappedTraits::LhsProgress>=8,typename unpacket_traits<SAccPacket>::half,SAccPacket>::type SAccPacketHalf;
      |                                                                                                                                       ^~~~~~~~~~~~~~
/usr/local/lib/R/site-library/RcppEigen/include/Eigen/src/Core/products/GeneralBlockPanelKernel.h: In instantiation of ‘void Eigen::internal::gemm_pack_lhs<Scalar, Index, DataMapper, Pack1, Pack2, Packet, 0, Conjugate, PanelMode>::operator()(Scalar*, const DataMapper&, Index, Index, Index, Index) [with Scalar = double; Index = long int; DataMapper = Eigen::internal::blas_data_mapper<double, long int, 0, 0, 1>; int Pack1 = 4; int Pack2 = 2; Packet = __vector(2) double; bool Conjugate = false; bool PanelMode = true]’:
/usr/local/lib/R/site-library/RcppEigen/include/Eigen/src/Core/products/TriangularSolverMatrix.h:319:27:   required from ‘static void Eigen::internal::triangular_solve_matrix<Scalar, Index, 2, Mode, Conjugate, TriStorageOrder, 0, OtherInnerStride>::run(Index, Index, const Scalar*, Index, Scalar*, Index, Index, Eigen::internal::level3_blocking<Scalar, Scalar>&) [with Scalar = double; Index = long int; int Mode = 2; bool Conjugate = false; int TriStorageOrder = 1; int OtherInnerStride = 1]’
/usr/local/lib/R/site-library/RcppEigen/include/Eigen/src/Core/SolveTriangular.h:102:12:   required from ‘static void Eigen::internal::triangular_solver_selector<Lhs, Rhs, Side, Mode, 0, -1>::run(const Lhs&, Rhs&) [with Lhs = const Eigen::Transpose<const Eigen::Block<Eigen::Matrix<double, -1, -1>, -1, -1, false> >; Rhs = Eigen::Block<Eigen::Matrix<double, -1, -1>, -1, -1, false>; int Side = 2; int Mode = 2]’
/usr/local/lib/R/site-library/RcppEigen/include/Eigen/src/Core/SolveTriangular.h:182:21:   required from ‘void Eigen::TriangularViewImpl<_MatrixType, _Mode, Eigen::Dense>::solveInPlace(const Eigen::MatrixBase<OtherDerived>&) const [with int Side = 2; OtherDerived = Eigen::Block<Eigen::Matrix<double, -1, -1>, -1, -1, false>; _MatrixType = const Eigen::Transpose<const Eigen::Block<Eigen::Matrix<double, -1, -1>, -1, -1, false> >; unsigned int _Mode = 2]’
/usr/local/lib/R/site-library/RcppEigen/include/Eigen/src/Cholesky/LLT.h:364:96:   required from ‘static Eigen::Index Eigen::internal::llt_inplace<Scalar, 1>::blocked(MatrixType&) [with MatrixType = Eigen::Matrix<double, -1, -1>; Scalar = double; Eigen::Index = long int]’
/usr/local/lib/R/site-library/RcppEigen/include/Eigen/src/Cholesky/LLT.h:408:68:   required from ‘static bool Eigen::internal::LLT_Traits<MatrixType, 1>::inplace_decomposition(MatrixType&) [with MatrixType = Eigen::Matrix<double, -1, -1>]’
/usr/local/lib/R/site-library/RcppEigen/include/Eigen/src/Cholesky/LLT.h:456:42:   required from ‘Eigen::LLT<_MatrixType, _UpLo>& Eigen::LLT<MatrixType, UpLo>::compute(const Eigen::EigenBase<OtherDerived>&) [with InputType = Eigen::Matrix<double, -1, -1>; _MatrixType = Eigen::Matrix<double, -1, -1>; int _UpLo = 1]’
/usr/local/lib/R/site-library/RcppEigen/include/Eigen/src/Cholesky/LLT.h:109:14:   required from ‘Eigen::LLT<MatrixType, UpLo>::LLT(const Eigen::EigenBase<OtherDerived>&) [with InputType = Eigen::Matrix<double, -1, -1>; _MatrixType = Eigen::Matrix<double, -1, -1>; int _UpLo = 1]’
/usr/local/lib/R/site-library/RcppEigen/include/Eigen/src/Cholesky/LLT.h:542:10:   required from ‘const Eigen::LLT<typename Eigen::DenseBase<Derived>::PlainObject> Eigen::MatrixBase<Derived>::llt() const [with Derived = Eigen::Matrix<double, -1, -1>; typename Eigen::DenseBase<Derived>::PlainObject = Eigen::Matrix<double, -1, -1>]’
../inst/include/RcppML/project.hpp:123:51:   required from here
/usr/local/lib/R/site-library/RcppEigen/include/Eigen/src/Core/products/GeneralBlockPanelKernel.h:2100:82: warning: ignoring attributes on template argument ‘Eigen::internal::unpacket_traits<__vector(2) double>::half’ {aka ‘__m128d’} [-Wignored-attributes]
 2100 |   typedef typename unpacket_traits<typename unpacket_traits<Packet>::half>::half QuarterPacket;
      |                                                                                  ^~~~~~~~~~~~~
/usr/local/lib/R/site-library/RcppEigen/include/Eigen/src/Core/products/GeneralBlockPanelKernel.h:2102:56: warning: ignoring attributes on template argument ‘Eigen::internal::unpacket_traits<__vector(2) double>::half’ {aka ‘__m128d’} [-Wignored-attributes]
 2102 |          HalfPacketSize = unpacket_traits<HalfPacket>::size,
      |                                                        ^~~~
/usr/local/lib/R/site-library/RcppEigen/include/Eigen/src/Core/products/GeneralBlockPanelKernel.h:2103:62: warning: ignoring attributes on template argument ‘Eigen::internal::unpacket_traits<__vector(2) double>::half’ {aka ‘__m128d’} [-Wignored-attributes]
 2103 |          QuarterPacketSize = unpacket_traits<QuarterPacket>::size,
      |                                                              ^~~~
/usr/local/lib/R/site-library/RcppEigen/include/Eigen/src/Core/products/GeneralBlockPanelKernel.h:2103:62: warning: ignoring attributes on template argument ‘Eigen::internal::unpacket_traits<__vector(2) double>::half’ {aka ‘__m128d’} [-Wignored-attributes]
/usr/local/lib/R/site-library/RcppEigen/include/Eigen/src/Core/products/GeneralBlockPanelKernel.h: In instantiation of ‘void Eigen::internal::gemm_pack_lhs<Scalar, Index, DataMapper, Pack1, Pack2, Packet, 0, Conjugate, PanelMode>::operator()(Scalar*, const DataMapper&, Index, Index, Index, Index) [with Scalar = double; Index = long int; DataMapper = Eigen::internal::const_blas_data_mapper<double, long int, 0>; int Pack1 = 4; int Pack2 = 2; Packet = __vector(2) double; bool Conjugate = false; bool PanelMode = false]’:
/usr/local/lib/R/site-library/RcppEigen/include/Eigen/src/Core/products/GeneralMatrixMatrixTriangular.h:106:17:   required from ‘static void Eigen::internal::general_matrix_matrix_triangular_product<Index, LhsScalar, LhsStorageOrder, ConjugateLhs, RhsScalar, RhsStorageOrder, ConjugateRhs, 0, ResInnerStride, UpLo, Version>::run(Index, Index, const LhsScalar*, Index, const RhsScalar*, Index, Eigen::internal::general_matrix_matrix_triangular_product<Index, LhsScalar, LhsStorageOrder, ConjugateLhs, RhsScalar, RhsStorageOrder, ConjugateRhs, 0, ResInnerStride, UpLo, Version>::ResScalar*, Index, Index, const ResScalar&, Eigen::internal::level3_blocking<LhsScalar, RhsScalar>&) [with Index = long int; LhsScalar = double; int LhsStorageOrder = 0; bool ConjugateLhs = false; RhsScalar = double; int RhsStorageOrder = 1; bool ConjugateRhs = false; int ResInnerStride = 1; int UpLo = 1; int Version = 0; Eigen::internal::general_matrix_matrix_triangular_product<Index, LhsScalar, LhsStorageOrder, ConjugateLhs, RhsScalar, RhsStorageOrder, ConjugateRhs, 0, ResInnerStride, UpLo, Version>::ResScalar = double]’
/usr/local/lib/R/site-library/RcppEigen/include/Eigen/src/Core/products/SelfadjointProduct.h:113:12:   required from ‘static void Eigen::selfadjoint_product_selector<MatrixType, OtherType, UpLo, false>::run(MatrixType&, const OtherType&, const typename MatrixType::Scalar&) [with MatrixType = Eigen::Block<Eigen::Matrix<double, -1, -1>, -1, -1, false>; OtherType = Eigen::Block<Eigen::Matrix<double, -1, -1>, -1, -1, false>; int UpLo = 1; typename MatrixType::Scalar = double]’
/usr/local/lib/R/site-library/RcppEigen/include/Eigen/src/Core/products/SelfadjointProduct.h:126:62:   required from ‘Eigen::SelfAdjointView<MatrixType, UpLo>& Eigen::SelfAdjointView<MatrixType, Mode>::rankUpdate(const Eigen::MatrixBase<OtherDerived>&, const Scalar&) [with DerivedU = Eigen::Block<Eigen::Matrix<double, -1, -1>, -1, -1, false>; _MatrixType = Eigen::Block<Eigen::Matrix<double, -1, -1>, -1, -1, false>; unsigned int UpLo = 1; Eigen::SelfAdjointView<MatrixType, Mode>::Scalar = double]’
/usr/local/lib/R/site-library/RcppEigen/include/Eigen/src/Cholesky/LLT.h:365:64:   required from ‘static Eigen::Index Eigen::internal::llt_inplace<Scalar, 1>::blocked(MatrixType&) [with MatrixType = Eigen::Matrix<double, -1, -1>; Scalar = double; Eigen::Index = long int]’
/usr/local/lib/R/site-library/RcppEigen/include/Eigen/src/Cholesky/LLT.h:408:68:   required from ‘static bool Eigen::internal::LLT_Traits<MatrixType, 1>::inplace_decomposition(MatrixType&) [with MatrixType = Eigen::Matrix<double, -1, -1>]’
/usr/local/lib/R/site-library/RcppEigen/include/Eigen/src/Cholesky/LLT.h:456:42:   required from ‘Eigen::LLT<_MatrixType, _UpLo>& Eigen::LLT<MatrixType, UpLo>::compute(const Eigen::EigenBase<OtherDerived>&) [with InputType = Eigen::Matrix<double, -1, -1>; _MatrixType = Eigen::Matrix<double, -1, -1>; int _UpLo = 1]’
/usr/local/lib/R/site-library/RcppEigen/include/Eigen/src/Cholesky/LLT.h:109:14:   required from ‘Eigen::LLT<MatrixType, UpLo>::LLT(const Eigen::EigenBase<OtherDerived>&) [with InputType = Eigen::Matrix<double, -1, -1>; _MatrixType = Eigen::Matrix<double, -1, -1>; int _UpLo = 1]’
/usr/local/lib/R/site-library/RcppEigen/include/Eigen/src/Cholesky/LLT.h:542:10:   required from ‘const Eigen::LLT<typename Eigen::DenseBase<Derived>::PlainObject> Eigen::MatrixBase<Derived>::llt() const [with Derived = Eigen::Matrix<double, -1, -1>; typename Eigen::DenseBase<Derived>::PlainObject = Eigen::Matrix<double, -1, -1>]’
../inst/include/RcppML/project.hpp:123:51:   required from here
/usr/local/lib/R/site-library/RcppEigen/include/Eigen/src/Core/products/GeneralBlockPanelKernel.h:2100:82: warning: ignoring attributes on template argument ‘Eigen::internal::unpacket_traits<__vector(2) double>::half’ {aka ‘__m128d’} [-Wignored-attributes]
 2100 |   typedef typename unpacket_traits<typename unpacket_traits<Packet>::half>::half QuarterPacket;
      |                                                                                  ^~~~~~~~~~~~~
/usr/local/lib/R/site-library/RcppEigen/include/Eigen/src/Core/products/GeneralBlockPanelKernel.h:2102:56: warning: ignoring attributes on template argument ‘Eigen::internal::unpacket_traits<__vector(2) double>::half’ {aka ‘__m128d’} [-Wignored-attributes]
 2102 |          HalfPacketSize = unpacket_traits<HalfPacket>::size,
      |                                                        ^~~~
/usr/local/lib/R/site-library/RcppEigen/include/Eigen/src/Core/products/GeneralBlockPanelKernel.h:2103:62: warning: ignoring attributes on template argument ‘Eigen::internal::unpacket_traits<__vector(2) double>::half’ {aka ‘__m128d’} [-Wignored-attributes]
 2103 |          QuarterPacketSize = unpacket_traits<QuarterPacket>::size,
      |                                                              ^~~~
/usr/local/lib/R/site-library/RcppEigen/include/Eigen/src/Core/products/GeneralBlockPanelKernel.h:2103:62: warning: ignoring attributes on template argument ‘Eigen::internal::unpacket_traits<__vector(2) double>::half’ {aka ‘__m128d’} [-Wignored-attributes]
In file included from /usr/local/lib/R/site-library/RcppEigen/include/Eigen/Core:165,
                 from /usr/local/lib/R/site-library/RcppEigen/include/Eigen/Dense:1,
                 from /usr/local/lib/R/site-library/RcppEigen/include/RcppEigenForward.h:28,
                 from /usr/local/lib/R/site-library/RcppEigen/include/RcppEigen.h:25,
                 from ../inst/include/RcppMLCommon.hpp:36,
                 from ../inst/include/RcppML.hpp:11,
                 from RcppFunctions.cpp:8:
/usr/local/lib/R/site-library/RcppEigen/include/Eigen/src/Core/util/XprHelper.h: In instantiation of ‘struct Eigen::internal::find_best_packet<double, 16>’:
/usr/local/lib/R/site-library/RcppEigen/include/Eigen/src/Core/Matrix.h:22:57:   required from ‘struct Eigen::internal::traits<Eigen::Matrix<double, 4, 4> >’
/usr/local/lib/R/site-library/RcppEigen/include/Eigen/src/Core/PlainObjectBase.h:98:7:   required from ‘class Eigen::PlainObjectBase<Eigen::Matrix<double, 4, 4> >’
/usr/local/lib/R/site-library/RcppEigen/include/Eigen/src/Core/Matrix.h:178:7:   required from ‘class Eigen::Matrix<double, 4, 4>’
/usr/local/lib/R/site-library/RcppEigen/include/Eigen/src/Core/products/GeneralMatrixMatrixTriangular.h:155:52:   required from ‘void Eigen::internal::tribb_kernel<LhsScalar, RhsScalar, Index, mr, nr, ConjLhs, ConjRhs, ResInnerStride, UpLo>::operator()(Eigen::internal::tribb_kernel<LhsScalar, RhsScalar, Index, mr, nr, ConjLhs, ConjRhs, ResInnerStride, UpLo>::ResScalar*, Index, Index, const LhsScalar*, const RhsScalar*, Index, Index, const ResScalar&) [with LhsScalar = double; RhsScalar = double; Index = long int; int mr = 4; int nr = 4; bool ConjLhs = false; bool ConjRhs = false; int ResInnerStride = 1; int UpLo = 1; Eigen::internal::tribb_kernel<LhsScalar, RhsScalar, Index, mr, nr, ConjLhs, ConjRhs, ResInnerStride, UpLo>::ResScalar = double]’
/usr/local/lib/R/site-library/RcppEigen/include/Eigen/src/Core/products/GeneralMatrixMatrixTriangular.h:116:13:   required from ‘static void Eigen::internal::general_matrix_matrix_triangular_product<Index, LhsScalar, LhsStorageOrder, ConjugateLhs, RhsScalar, RhsStorageOrder, ConjugateRhs, 0, ResInnerStride, UpLo, Version>::run(Index, Index, const LhsScalar*, Index, const RhsScalar*, Index, Eigen::internal::general_matrix_matrix_triangular_product<Index, LhsScalar, LhsStorageOrder, ConjugateLhs, RhsScalar, RhsStorageOrder, ConjugateRhs, 0, ResInnerStride, UpLo, Version>::ResScalar*, Index, Index, const ResScalar&, Eigen::internal::level3_blocking<LhsScalar, RhsScalar>&) [with Index = long int; LhsScalar = double; int LhsStorageOrder = 0; bool ConjugateLhs = false; RhsScalar = double; int RhsStorageOrder = 1; bool ConjugateRhs = false; int ResInnerStride = 1; int UpLo = 1; int Version = 0; Eigen::internal::general_matrix_matrix_triangular_product<Index, LhsScalar, LhsStorageOrder, ConjugateLhs, RhsScalar, RhsStorageOrder, ConjugateRhs, 0, ResInnerStride, UpLo, Version>::ResScalar = double]’
/usr/local/lib/R/site-library/RcppEigen/include/Eigen/src/Core/products/SelfadjointProduct.h:113:12:   [ skipping 2 instantiation contexts, use -ftemplate-backtrace-limit=0 to disable ]
/usr/local/lib/R/site-library/RcppEigen/include/Eigen/src/Cholesky/LLT.h:365:64:   required from ‘static Eigen::Index Eigen::internal::llt_inplace<Scalar, 1>::blocked(MatrixType&) [with MatrixType = Eigen::Matrix<double, -1, -1>; Scalar = double; Eigen::Index = long int]’
/usr/local/lib/R/site-library/RcppEigen/include/Eigen/src/Cholesky/LLT.h:408:68:   required from ‘static bool Eigen::internal::LLT_Traits<MatrixType, 1>::inplace_decomposition(MatrixType&) [with MatrixType = Eigen::Matrix<double, -1, -1>]’
/usr/local/lib/R/site-library/RcppEigen/include/Eigen/src/Cholesky/LLT.h:456:42:   required from ‘Eigen::LLT<_MatrixType, _UpLo>& Eigen::LLT<MatrixType, UpLo>::compute(const Eigen::EigenBase<OtherDerived>&) [with InputType = Eigen::Matrix<double, -1, -1>; _MatrixType = Eigen::Matrix<double, -1, -1>; int _UpLo = 1]’
/usr/local/lib/R/site-library/RcppEigen/include/Eigen/src/Cholesky/LLT.h:109:14:   required from ‘Eigen::LLT<MatrixType, UpLo>::LLT(const Eigen::EigenBase<OtherDerived>&) [with InputType = Eigen::Matrix<double, -1, -1>; _MatrixType = Eigen::Matrix<double, -1, -1>; int _UpLo = 1]’
/usr/local/lib/R/site-library/RcppEigen/include/Eigen/src/Cholesky/LLT.h:542:10:   required from ‘const Eigen::LLT<typename Eigen::DenseBase<Derived>::PlainObject> Eigen::MatrixBase<Derived>::llt() const [with Derived = Eigen::Matrix<double, -1, -1>; typename Eigen::DenseBase<Derived>::PlainObject = Eigen::Matrix<double, -1, -1>]’
../inst/include/RcppML/project.hpp:123:51:   required from here
/usr/local/lib/R/site-library/RcppEigen/include/Eigen/src/Core/util/XprHelper.h:190:44: warning: ignoring attributes on template argument ‘Eigen::internal::packet_traits<double>::type’ {aka ‘__m128d’} [-Wignored-attributes]
  190 |          bool Stop = Size==Dynamic || (Size%unpacket_traits<PacketType>::size)==0 || is_same<PacketType,typename unpacket_traits<PacketType>::half>::value>
      |                                       ~~~~~^~~~~~~~~~~~~~~~~~~~~~~~~~~~~~~~~~~
/usr/local/lib/R/site-library/RcppEigen/include/Eigen/src/Core/util/XprHelper.h:190:83: warning: ignoring attributes on template argument ‘Eigen::internal::packet_traits<double>::type’ {aka ‘__m128d’} [-Wignored-attributes]
  190 |          bool Stop = Size==Dynamic || (Size%unpacket_traits<PacketType>::size)==0 || is_same<PacketType,typename unpacket_traits<PacketType>::half>::value>
      |                      ~~~~~~~~~~~~~~~~~~~~~~~~~~~~~~~~~~~~~~~~~~~~~~~~~~~~~~~~~~~~~^~~~~~~~~~~~~~~~~~~~~~~~~~~~~~~~~~~~~~~~~~~~~~~~~~~~~~~~~~~~~~~~~~~~~~~~
/usr/local/lib/R/site-library/RcppEigen/include/Eigen/src/Core/util/XprHelper.h:190:83: warning: ignoring attributes on template argument ‘Eigen::internal::packet_traits<double>::type’ {aka ‘__m128d’} [-Wignored-attributes]
/usr/local/lib/R/site-library/RcppEigen/include/Eigen/src/Core/util/XprHelper.h:190:83: warning: ignoring attributes on template argument ‘Eigen::internal::unpacket_traits<__vector(2) double>::half’ {aka ‘__m128d’} [-Wignored-attributes]
/usr/local/lib/R/site-library/RcppEigen/include/Eigen/src/Core/util/XprHelper.h:208:88: warning: ignoring attributes on template argument ‘Eigen::internal::packet_traits<double>::type’ {aka ‘__m128d’} [-Wignored-attributes]
  208 |   typedef typename find_best_packet_helper<Size,typename packet_traits<T>::type>::type type;
      |                                                                                        ^~~~
In file included from /usr/local/lib/R/site-library/RcppEigen/include/Eigen/Core:271,
                 from /usr/local/lib/R/site-library/RcppEigen/include/Eigen/Dense:1,
                 from /usr/local/lib/R/site-library/RcppEigen/include/RcppEigenForward.h:28,
                 from /usr/local/lib/R/site-library/RcppEigen/include/RcppEigen.h:25,
                 from ../inst/include/RcppMLCommon.hpp:36,
                 from ../inst/include/RcppML.hpp:11,
                 from RcppFunctions.cpp:8:
/usr/local/lib/R/site-library/RcppEigen/include/Eigen/src/Core/DenseCoeffsBase.h: In instantiation of ‘class Eigen::DenseCoeffsBase<Eigen::Matrix<double, 4, 4>, 0>’:
/usr/local/lib/R/site-library/RcppEigen/include/Eigen/src/Core/DenseCoeffsBase.h:302:7:   required from ‘class Eigen::DenseCoeffsBase<Eigen::Matrix<double, 4, 4>, 1>’
/usr/local/lib/R/site-library/RcppEigen/include/Eigen/src/Core/DenseCoeffsBase.h:555:7:   required from ‘class Eigen::DenseCoeffsBase<Eigen::Matrix<double, 4, 4>, 3>’
/usr/local/lib/R/site-library/RcppEigen/include/Eigen/src/Core/DenseBase.h:41:34:   required from ‘class Eigen::DenseBase<Eigen::Matrix<double, 4, 4> >’
/usr/local/lib/R/site-library/RcppEigen/include/Eigen/src/Core/MatrixBase.h:48:34:   required from ‘class Eigen::MatrixBase<Eigen::Matrix<double, 4, 4> >’
/usr/local/lib/R/site-library/RcppEigen/include/Eigen/src/Core/PlainObjectBase.h:98:7:   required from ‘class Eigen::PlainObjectBase<Eigen::Matrix<double, 4, 4> >’
/usr/local/lib/R/site-library/RcppEigen/include/Eigen/src/Core/Matrix.h:178:7:   [ skipping 5 instantiation contexts, use -ftemplate-backtrace-limit=0 to disable ]
/usr/local/lib/R/site-library/RcppEigen/include/Eigen/src/Cholesky/LLT.h:365:64:   required from ‘static Eigen::Index Eigen::internal::llt_inplace<Scalar, 1>::blocked(MatrixType&) [with MatrixType = Eigen::Matrix<double, -1, -1>; Scalar = double; Eigen::Index = long int]’
/usr/local/lib/R/site-library/RcppEigen/include/Eigen/src/Cholesky/LLT.h:408:68:   required from ‘static bool Eigen::internal::LLT_Traits<MatrixType, 1>::inplace_decomposition(MatrixType&) [with MatrixType = Eigen::Matrix<double, -1, -1>]’
/usr/local/lib/R/site-library/RcppEigen/include/Eigen/src/Cholesky/LLT.h:456:42:   required from ‘Eigen::LLT<_MatrixType, _UpLo>& Eigen::LLT<MatrixType, UpLo>::compute(const Eigen::EigenBase<OtherDerived>&) [with InputType = Eigen::Matrix<double, -1, -1>; _MatrixType = Eigen::Matrix<double, -1, -1>; int _UpLo = 1]’
/usr/local/lib/R/site-library/RcppEigen/include/Eigen/src/Cholesky/LLT.h:109:14:   required from ‘Eigen::LLT<MatrixType, UpLo>::LLT(const Eigen::EigenBase<OtherDerived>&) [with InputType = Eigen::Matrix<double, -1, -1>; _MatrixType = Eigen::Matrix<double, -1, -1>; int _UpLo = 1]’
/usr/local/lib/R/site-library/RcppEigen/include/Eigen/src/Cholesky/LLT.h:542:10:   required from ‘const Eigen::LLT<typename Eigen::DenseBase<Derived>::PlainObject> Eigen::MatrixBase<Derived>::llt() const [with Derived = Eigen::Matrix<double, -1, -1>; typename Eigen::DenseBase<Derived>::PlainObject = Eigen::Matrix<double, -1, -1>]’
../inst/include/RcppML/project.hpp:123:51:   required from here
/usr/local/lib/R/site-library/RcppEigen/include/Eigen/src/Core/DenseCoeffsBase.h:56:30: warning: ignoring attributes on template argument ‘Eigen::internal::packet_traits<double>::type’ {aka ‘__m128d’} [-Wignored-attributes]
   56 |                      >::type PacketReturnType;
      |                              ^~~~~~~~~~~~~~~~
/usr/local/lib/R/site-library/RcppEigen/include/Eigen/src/Core/DenseCoeffsBase.h: In instantiation of ‘class Eigen::DenseCoeffsBase<Eigen::Transpose<const Eigen::Transpose<Eigen::Matrix<double, -1, -1> > >, 0>’:
/usr/local/lib/R/site-library/RcppEigen/include/Eigen/src/Core/DenseCoeffsBase.h:481:7:   required from ‘class Eigen::DenseCoeffsBase<Eigen::Transpose<const Eigen::Transpose<Eigen::Matrix<double, -1, -1> > >, 2>’
/usr/local/lib/R/site-library/RcppEigen/include/Eigen/src/Core/DenseBase.h:41:34:   required from ‘class Eigen::DenseBase<Eigen::Transpose<const Eigen::Transpose<Eigen::Matrix<double, -1, -1> > > >’
/usr/local/lib/R/site-library/RcppEigen/include/Eigen/src/Core/MatrixBase.h:48:34:   required from ‘class Eigen::MatrixBase<Eigen::Transpose<const Eigen::Transpose<Eigen::Matrix<double, -1, -1> > > >’
/usr/local/lib/R/site-library/RcppEigen/include/Eigen/src/Core/Transpose.h:118:37:   required from ‘class Eigen::TransposeImpl<const Eigen::Transpose<Eigen::Matrix<double, -1, -1> >, Eigen::Dense>’
/usr/local/lib/R/site-library/RcppEigen/include/Eigen/src/Core/Transpose.h:52:37:   required from ‘class Eigen::Transpose<const Eigen::Transpose<Eigen::Matrix<double, -1, -1> > >’
/usr/local/lib/R/site-library/RcppEigen/include/Eigen/src/Core/GeneralProduct.h:207:26:   [ skipping 4 instantiation contexts, use -ftemplate-backtrace-limit=0 to disable ]
/usr/local/lib/R/site-library/RcppEigen/include/Eigen/src/Core/ProductEvaluators.h:148:43:   required from ‘static void Eigen::internal::Assignment<DstXprType, Eigen::Product<Lhs, Rhs, Options>, Eigen::internal::assign_op<Scalar, Scalar>, Eigen::internal::Dense2Dense, typename Eigen::internal::enable_if<((Options == Eigen::DefaultProduct) || (Options == Eigen::AliasFreeProduct))>::type>::run(DstXprType&, const SrcXprType&, const Eigen::internal::assign_op<Scalar, Scalar>&) [with DstXprType = Eigen::Matrix<double, -1, -1>; Lhs = Eigen::Matrix<double, -1, -1>; Rhs = Eigen::Transpose<Eigen::Matrix<double, -1, -1> >; int Options = 0; Scalar = double; Eigen::internal::Assignment<DstXprType, Eigen::Product<Lhs, Rhs, Options>, Eigen::internal::assign_op<Scalar, Scalar>, Eigen::internal::Dense2Dense, typename Eigen::internal::enable_if<((Options == Eigen::DefaultProduct) || (Options == Eigen::AliasFreeProduct))>::type>::SrcXprType = Eigen::Product<Eigen::Matrix<double, -1, -1>, Eigen::Transpose<Eigen::Matrix<double, -1, -1> >, 0>]’
/usr/local/lib/R/site-library/RcppEigen/include/Eigen/src/Core/AssignEvaluator.h:890:49:   required from ‘void Eigen::internal::call_assignment_no_alias(Dst&, const Src&, const Func&) [with Dst = Eigen::Matrix<double, -1, -1>; Src = Eigen::Product<Eigen::Matrix<double, -1, -1>, Eigen::Transpose<Eigen::Matrix<double, -1, -1> >, 0>; Func = Eigen::internal::assign_op<double, double>]’
/usr/local/lib/R/site-library/RcppEigen/include/Eigen/src/Core/PlainObjectBase.h:797:41:   required from ‘Derived& Eigen::PlainObjectBase<Derived>::_set_noalias(const Eigen::DenseBase<OtherDerived>&) [with OtherDerived = Eigen::Product<Eigen::Matrix<double, -1, -1>, Eigen::Transpose<Eigen::Matrix<double, -1, -1> >, 0>; Derived = Eigen::Matrix<double, -1, -1>]’
/usr/local/lib/R/site-library/RcppEigen/include/Eigen/src/Core/PlainObjectBase.h:594:19:   required from ‘Eigen::PlainObjectBase<Derived>::PlainObjectBase(const Eigen::DenseBase<OtherDerived>&) [with OtherDerived = Eigen::Product<Eigen::Matrix<double, -1, -1>, Eigen::Transpose<Eigen::Matrix<double, -1, -1> >, 0>; Derived = Eigen::Matrix<double, -1, -1>]’
/usr/local/lib/R/site-library/RcppEigen/include/Eigen/src/Core/Matrix.h:423:29:   required from ‘Eigen::Matrix<_Scalar, _Rows, _Cols, _Options, _MaxRows, _MaxCols>::Matrix(const Eigen::EigenBase<OtherDerived>&) [with OtherDerived = Eigen::Product<Eigen::Matrix<double, -1, -1>, Eigen::Transpose<Eigen::Matrix<double, -1, -1> >, 0>; _Scalar = double; int _Rows = -1; int _Cols = -1; int _Options = 0; int _MaxRows = -1; int _MaxCols = -1]’
../inst/include/RcppML/project.hpp:149:47:   required from here
/usr/local/lib/R/site-library/RcppEigen/include/Eigen/src/Core/DenseCoeffsBase.h:56:30: warning: ignoring attributes on template argument ‘Eigen::internal::packet_traits<double>::type’ {aka ‘__m128d’} [-Wignored-attributes]
/usr/local/lib/R/site-library/RcppEigen/include/Eigen/src/Core/DenseCoeffsBase.h: In instantiation of ‘class Eigen::DenseCoeffsBase<Eigen::CwiseBinaryOp<Eigen::internal::scalar_conj_product_op<double, double>, const Eigen::Transpose<const Eigen::Block<const Eigen::Matrix<double, -1, -1>, 1, -1, false> >, const Eigen::Block<const Eigen::Block<const Eigen::Transpose<const Eigen::Matrix<double, -1, -1> >, -1, 1, false>, -1, 1, true> >, 0>’:
/usr/local/lib/R/site-library/RcppEigen/include/Eigen/src/Core/DenseBase.h:41:34:   required from ‘class Eigen::DenseBase<Eigen::CwiseBinaryOp<Eigen::internal::scalar_conj_product_op<double, double>, const Eigen::Transpose<const Eigen::Block<const Eigen::Matrix<double, -1, -1>, 1, -1, false> >, const Eigen::Block<const Eigen::Block<const Eigen::Transpose<const Eigen::Matrix<double, -1, -1> >, -1, 1, false>, -1, 1, true> > >’
/usr/local/lib/R/site-library/RcppEigen/include/Eigen/src/Core/MatrixBase.h:48:34:   required from ‘class Eigen::MatrixBase<Eigen::CwiseBinaryOp<Eigen::internal::scalar_conj_product_op<double, double>, const Eigen::Transpose<const Eigen::Block<const Eigen::Matrix<double, -1, -1>, 1, -1, false> >, const Eigen::Block<const Eigen::Block<const Eigen::Transpose<const Eigen::Matrix<double, -1, -1> >, -1, 1, false>, -1, 1, true> > >’
/usr/local/lib/R/site-library/RcppEigen/include/Eigen/src/Core/CwiseBinaryOp.h:148:7:   required from ‘class Eigen::CwiseBinaryOpImpl<Eigen::internal::scalar_conj_product_op<double, double>, const Eigen::Transpose<const Eigen::Block<const Eigen::Matrix<double, -1, -1>, 1, -1, false> >, const Eigen::Block<const Eigen::Block<const Eigen::Transpose<const Eigen::Matrix<double, -1, -1> >, -1, 1, false>, -1, 1, true>, Eigen::Dense>’
/usr/local/lib/R/site-library/RcppEigen/include/Eigen/src/Core/CwiseBinaryOp.h:77:7:   required from ‘class Eigen::CwiseBinaryOp<Eigen::internal::scalar_conj_product_op<double, double>, const Eigen::Transpose<const Eigen::Block<const Eigen::Matrix<double, -1, -1>, 1, -1, false> >, const Eigen::Block<const Eigen::Block<const Eigen::Transpose<const Eigen::Matrix<double, -1, -1> >, -1, 1, false>, -1, 1, true> >’
/usr/local/lib/R/site-library/RcppEigen/include/Eigen/src/Core/Dot.h:50:56:   required from ‘static Eigen::internal::dot_nocheck<T, U, true>::ResScalar Eigen::internal::dot_nocheck<T, U, true>::run(const Eigen::MatrixBase<Derived>&, const Eigen::MatrixBase<U>&) [with T = Eigen::Block<const Eigen::Matrix<double, -1, -1>, 1, -1, false>; U = Eigen::Block<const Eigen::Block<const Eigen::Transpose<const Eigen::Matrix<double, -1, -1> >, -1, 1, false>, -1, 1, true>; Eigen::internal::dot_nocheck<T, U, true>::ResScalar = double]’
/usr/local/lib/R/site-library/RcppEigen/include/Eigen/src/Core/Dot.h:84:58:   [ skipping 4 instantiation contexts, use -ftemplate-backtrace-limit=0 to disable ]
/usr/local/lib/R/site-library/RcppEigen/include/Eigen/src/Core/ProductEvaluators.h:148:43:   required from ‘static void Eigen::internal::Assignment<DstXprType, Eigen::Product<Lhs, Rhs, Options>, Eigen::internal::assign_op<Scalar, Scalar>, Eigen::internal::Dense2Dense, typename Eigen::internal::enable_if<((Options == Eigen::DefaultProduct) || (Options == Eigen::AliasFreeProduct))>::type>::run(DstXprType&, const SrcXprType&, const Eigen::internal::assign_op<Scalar, Scalar>&) [with DstXprType = Eigen::Matrix<double, 2, 2>; Lhs = Eigen::Matrix<double, -1, -1>; Rhs = Eigen::Transpose<const Eigen::Matrix<double, -1, -1> >; int Options = 0; Scalar = double; Eigen::internal::Assignment<DstXprType, Eigen::Product<Lhs, Rhs, Options>, Eigen::internal::assign_op<Scalar, Scalar>, Eigen::internal::Dense2Dense, typename Eigen::internal::enable_if<((Options == Eigen::DefaultProduct) || (Options == Eigen::AliasFreeProduct))>::type>::SrcXprType = Eigen::Product<Eigen::Matrix<double, -1, -1>, Eigen::Transpose<const Eigen::Matrix<double, -1, -1> >, 0>]’
/usr/local/lib/R/site-library/RcppEigen/include/Eigen/src/Core/AssignEvaluator.h:890:49:   required from ‘void Eigen::internal::call_assignment_no_alias(Dst&, const Src&, const Func&) [with Dst = Eigen::Matrix<double, 2, 2>; Src = Eigen::Product<Eigen::Matrix<double, -1, -1>, Eigen::Transpose<const Eigen::Matrix<double, -1, -1> >, 0>; Func = Eigen::internal::assign_op<double, double>]’
/usr/local/lib/R/site-library/RcppEigen/include/Eigen/src/Core/PlainObjectBase.h:797:41:   required from ‘Derived& Eigen::PlainObjectBase<Derived>::_set_noalias(const Eigen::DenseBase<OtherDerived>&) [with OtherDerived = Eigen::Product<Eigen::Matrix<double, -1, -1>, Eigen::Transpose<const Eigen::Matrix<double, -1, -1> >, 0>; Derived = Eigen::Matrix<double, 2, 2>]’
/usr/local/lib/R/site-library/RcppEigen/include/Eigen/src/Core/PlainObjectBase.h:594:19:   required from ‘Eigen::PlainObjectBase<Derived>::PlainObjectBase(const Eigen::DenseBase<OtherDerived>&) [with OtherDerived = Eigen::Product<Eigen::Matrix<double, -1, -1>, Eigen::Transpose<const Eigen::Matrix<double, -1, -1> >, 0>; Derived = Eigen::Matrix<double, 2, 2>]’
/usr/local/lib/R/site-library/RcppEigen/include/Eigen/src/Core/Matrix.h:423:29:   required from ‘Eigen::Matrix<_Scalar, _Rows, _Cols, _Options, _MaxRows, _MaxCols>::Matrix(const Eigen::EigenBase<OtherDerived>&) [with OtherDerived = Eigen::Product<Eigen::Matrix<double, -1, -1>, Eigen::Transpose<const Eigen::Matrix<double, -1, -1> >, 0>; _Scalar = double; int _Rows = 2; int _Cols = 2; int _Options = 0; int _MaxRows = 2; int _MaxCols = 2]’
../inst/include/RcppML/project.hpp:106:41:   required from here
/usr/local/lib/R/site-library/RcppEigen/include/Eigen/src/Core/DenseCoeffsBase.h:56:30: warning: ignoring attributes on template argument ‘Eigen::internal::packet_traits<double>::type’ {aka ‘__m128d’} [-Wignored-attributes]
/usr/local/lib/R/site-library/RcppEigen/include/Eigen/src/Core/DenseCoeffsBase.h: In instantiation of ‘class Eigen::DenseCoeffsBase<Eigen::Transpose<const Eigen::Block<const Eigen::Block<const Eigen::Matrix<double, -1, -1>, 1, -1, false>, 1, -1, true> >, 0>’:
/usr/local/lib/R/site-library/RcppEigen/include/Eigen/src/Core/DenseCoeffsBase.h:481:7:   required from ‘class Eigen::DenseCoeffsBase<Eigen::Transpose<const Eigen::Block<const Eigen::Block<const Eigen::Matrix<double, -1, -1>, 1, -1, false>, 1, -1, true> >, 2>’
/usr/local/lib/R/site-library/RcppEigen/include/Eigen/src/Core/DenseBase.h:41:34:   required from ‘class Eigen::DenseBase<Eigen::Transpose<const Eigen::Block<const Eigen::Block<const Eigen::Matrix<double, -1, -1>, 1, -1, false>, 1, -1, true> > >’
/usr/local/lib/R/site-library/RcppEigen/include/Eigen/src/Core/MatrixBase.h:48:34:   required from ‘class Eigen::MatrixBase<Eigen::Transpose<const Eigen::Block<const Eigen::Block<const Eigen::Matrix<double, -1, -1>, 1, -1, false>, 1, -1, true> > >’
/usr/local/lib/R/site-library/RcppEigen/include/Eigen/src/Core/Transpose.h:118:37:   required from ‘class Eigen::TransposeImpl<const Eigen::Block<const Eigen::Block<const Eigen::Matrix<double, -1, -1>, 1, -1, false>, 1, -1, true>, Eigen::Dense>’
/usr/local/lib/R/site-library/RcppEigen/include/Eigen/src/Core/Transpose.h:52:37:   required from ‘class Eigen::Transpose<const Eigen::Block<const Eigen::Block<const Eigen::Matrix<double, -1, -1>, 1, -1, false>, 1, -1, true> >’
/usr/local/lib/R/site-library/RcppEigen/include/Eigen/src/Core/Dot.h:50:23:   [ skipping 5 instantiation contexts, use -ftemplate-backtrace-limit=0 to disable ]
/usr/local/lib/R/site-library/RcppEigen/include/Eigen/src/Core/ProductEvaluators.h:148:43:   required from ‘static void Eigen::internal::Assignment<DstXprType, Eigen::Product<Lhs, Rhs, Options>, Eigen::internal::assign_op<Scalar, Scalar>, Eigen::internal::Dense2Dense, typename Eigen::internal::enable_if<((Options == Eigen::DefaultProduct) || (Options == Eigen::AliasFreeProduct))>::type>::run(DstXprType&, const SrcXprType&, const Eigen::internal::assign_op<Scalar, Scalar>&) [with DstXprType = Eigen::Matrix<double, 2, 2>; Lhs = Eigen::Matrix<double, -1, -1>; Rhs = Eigen::Transpose<const Eigen::Matrix<double, -1, -1> >; int Options = 0; Scalar = double; Eigen::internal::Assignment<DstXprType, Eigen::Product<Lhs, Rhs, Options>, Eigen::internal::assign_op<Scalar, Scalar>, Eigen::internal::Dense2Dense, typename Eigen::internal::enable_if<((Options == Eigen::DefaultProduct) || (Options == Eigen::AliasFreeProduct))>::type>::SrcXprType = Eigen::Product<Eigen::Matrix<double, -1, -1>, Eigen::Transpose<const Eigen::Matrix<double, -1, -1> >, 0>]’
/usr/local/lib/R/site-library/RcppEigen/include/Eigen/src/Core/AssignEvaluator.h:890:49:   required from ‘void Eigen::internal::call_assignment_no_alias(Dst&, const Src&, const Func&) [with Dst = Eigen::Matrix<double, 2, 2>; Src = Eigen::Product<Eigen::Matrix<double, -1, -1>, Eigen::Transpose<const Eigen::Matrix<double, -1, -1> >, 0>; Func = Eigen::internal::assign_op<double, double>]’
/usr/local/lib/R/site-library/RcppEigen/include/Eigen/src/Core/PlainObjectBase.h:797:41:   required from ‘Derived& Eigen::PlainObjectBase<Derived>::_set_noalias(const Eigen::DenseBase<OtherDerived>&) [with OtherDerived = Eigen::Product<Eigen::Matrix<double, -1, -1>, Eigen::Transpose<const Eigen::Matrix<double, -1, -1> >, 0>; Derived = Eigen::Matrix<double, 2, 2>]’
/usr/local/lib/R/site-library/RcppEigen/include/Eigen/src/Core/PlainObjectBase.h:594:19:   required from ‘Eigen::PlainObjectBase<Derived>::PlainObjectBase(const Eigen::DenseBase<OtherDerived>&) [with OtherDerived = Eigen::Product<Eigen::Matrix<double, -1, -1>, Eigen::Transpose<const Eigen::Matrix<double, -1, -1> >, 0>; Derived = Eigen::Matrix<double, 2, 2>]’
/usr/local/lib/R/site-library/RcppEigen/include/Eigen/src/Core/Matrix.h:423:29:   required from ‘Eigen::Matrix<_Scalar, _Rows, _Cols, _Options, _MaxRows, _MaxCols>::Matrix(const Eigen::EigenBase<OtherDerived>&) [with OtherDerived = Eigen::Product<Eigen::Matrix<double, -1, -1>, Eigen::Transpose<const Eigen::Matrix<double, -1, -1> >, 0>; _Scalar = double; int _Rows = 2; int _Cols = 2; int _Options = 0; int _MaxRows = 2; int _MaxCols = 2]’
../inst/include/RcppML/project.hpp:106:41:   required from here
/usr/local/lib/R/site-library/RcppEigen/include/Eigen/src/Core/DenseCoeffsBase.h:56:30: warning: ignoring attributes on template argument ‘Eigen::internal::packet_traits<double>::type’ {aka ‘__m128d’} [-Wignored-attributes]
/usr/local/lib/R/site-library/RcppEigen/include/Eigen/src/Core/DenseCoeffsBase.h: In instantiation of ‘class Eigen::DenseCoeffsBase<Eigen::CwiseBinaryOp<Eigen::internal::scalar_conj_product_op<double, double>, const Eigen::Transpose<const Eigen::Block<const Eigen::Block<const Eigen::Matrix<double, -1, -1>, 1, -1, false>, 1, -1, true> >, const Eigen::Block<const Eigen::Transpose<const Eigen::Matrix<double, -1, -1> >, -1, 1, false> >, 0>’:
/usr/local/lib/R/site-library/RcppEigen/include/Eigen/src/Core/DenseBase.h:41:34:   required from ‘class Eigen::DenseBase<Eigen::CwiseBinaryOp<Eigen::internal::scalar_conj_product_op<double, double>, const Eigen::Transpose<const Eigen::Block<const Eigen::Block<const Eigen::Matrix<double, -1, -1>, 1, -1, false>, 1, -1, true> >, const Eigen::Block<const Eigen::Transpose<const Eigen::Matrix<double, -1, -1> >, -1, 1, false> > >’
/usr/local/lib/R/site-library/RcppEigen/include/Eigen/src/Core/MatrixBase.h:48:34:   required from ‘class Eigen::MatrixBase<Eigen::CwiseBinaryOp<Eigen::internal::scalar_conj_product_op<double, double>, const Eigen::Transpose<const Eigen::Block<const Eigen::Block<const Eigen::Matrix<double, -1, -1>, 1, -1, false>, 1, -1, true> >, const Eigen::Block<const Eigen::Transpose<const Eigen::Matrix<double, -1, -1> >, -1, 1, false> > >’
/usr/local/lib/R/site-library/RcppEigen/include/Eigen/src/Core/CwiseBinaryOp.h:148:7:   required from ‘class Eigen::CwiseBinaryOpImpl<Eigen::internal::scalar_conj_product_op<double, double>, const Eigen::Transpose<const Eigen::Block<const Eigen::Block<const Eigen::Matrix<double, -1, -1>, 1, -1, false>, 1, -1, true> >, const Eigen::Block<const Eigen::Transpose<const Eigen::Matrix<double, -1, -1> >, -1, 1, false>, Eigen::Dense>’
/usr/local/lib/R/site-library/RcppEigen/include/Eigen/src/Core/CwiseBinaryOp.h:77:7:   required from ‘class Eigen::CwiseBinaryOp<Eigen::internal::scalar_conj_product_op<double, double>, const Eigen::Transpose<const Eigen::Block<const Eigen::Block<const Eigen::Matrix<double, -1, -1>, 1, -1, false>, 1, -1, true> >, const Eigen::Block<const Eigen::Transpose<const Eigen::Matrix<double, -1, -1> >, -1, 1, false> >’
/usr/local/lib/R/site-library/RcppEigen/include/Eigen/src/Core/Dot.h:50:56:   required from ‘static Eigen::internal::dot_nocheck<T, U, true>::ResScalar Eigen::internal::dot_nocheck<T, U, true>::run(const Eigen::MatrixBase<Derived>&, const Eigen::MatrixBase<U>&) [with T = Eigen::Block<const Eigen::Block<const Eigen::Matrix<double, -1, -1>, 1, -1, false>, 1, -1, true>; U = Eigen::Block<const Eigen::Transpose<const Eigen::Matrix<double, -1, -1> >, -1, 1, false>; Eigen::internal::dot_nocheck<T, U, true>::ResScalar = double]’
/usr/local/lib/R/site-library/RcppEigen/include/Eigen/src/Core/Dot.h:84:58:   [ skipping 4 instantiation contexts, use -ftemplate-backtrace-limit=0 to disable ]
/usr/local/lib/R/site-library/RcppEigen/include/Eigen/src/Core/ProductEvaluators.h:148:43:   required from ‘static void Eigen::internal::Assignment<DstXprType, Eigen::Product<Lhs, Rhs, Options>, Eigen::internal::assign_op<Scalar, Scalar>, Eigen::internal::Dense2Dense, typename Eigen::internal::enable_if<((Options == Eigen::DefaultProduct) || (Options == Eigen::AliasFreeProduct))>::type>::run(DstXprType&, const SrcXprType&, const Eigen::internal::assign_op<Scalar, Scalar>&) [with DstXprType = Eigen::Matrix<double, 2, 2>; Lhs = Eigen::Matrix<double, -1, -1>; Rhs = Eigen::Transpose<const Eigen::Matrix<double, -1, -1> >; int Options = 0; Scalar = double; Eigen::internal::Assignment<DstXprType, Eigen::Product<Lhs, Rhs, Options>, Eigen::internal::assign_op<Scalar, Scalar>, Eigen::internal::Dense2Dense, typename Eigen::internal::enable_if<((Options == Eigen::DefaultProduct) || (Options == Eigen::AliasFreeProduct))>::type>::SrcXprType = Eigen::Product<Eigen::Matrix<double, -1, -1>, Eigen::Transpose<const Eigen::Matrix<double, -1, -1> >, 0>]’
/usr/local/lib/R/site-library/RcppEigen/include/Eigen/src/Core/AssignEvaluator.h:890:49:   required from ‘void Eigen::internal::call_assignment_no_alias(Dst&, const Src&, const Func&) [with Dst = Eigen::Matrix<double, 2, 2>; Src = Eigen::Product<Eigen::Matrix<double, -1, -1>, Eigen::Transpose<const Eigen::Matrix<double, -1, -1> >, 0>; Func = Eigen::internal::assign_op<double, double>]’
/usr/local/lib/R/site-library/RcppEigen/include/Eigen/src/Core/PlainObjectBase.h:797:41:   required from ‘Derived& Eigen::PlainObjectBase<Derived>::_set_noalias(const Eigen::DenseBase<OtherDerived>&) [with OtherDerived = Eigen::Product<Eigen::Matrix<double, -1, -1>, Eigen::Transpose<const Eigen::Matrix<double, -1, -1> >, 0>; Derived = Eigen::Matrix<double, 2, 2>]’
/usr/local/lib/R/site-library/RcppEigen/include/Eigen/src/Core/PlainObjectBase.h:594:19:   required from ‘Eigen::PlainObjectBase<Derived>::PlainObjectBase(const Eigen::DenseBase<OtherDerived>&) [with OtherDerived = Eigen::Product<Eigen::Matrix<double, -1, -1>, Eigen::Transpose<const Eigen::Matrix<double, -1, -1> >, 0>; Derived = Eigen::Matrix<double, 2, 2>]’
/usr/local/lib/R/site-library/RcppEigen/include/Eigen/src/Core/Matrix.h:423:29:   required from ‘Eigen::Matrix<_Scalar, _Rows, _Cols, _Options, _MaxRows, _MaxCols>::Matrix(const Eigen::EigenBase<OtherDerived>&) [with OtherDerived = Eigen::Product<Eigen::Matrix<double, -1, -1>, Eigen::Transpose<const Eigen::Matrix<double, -1, -1> >, 0>; _Scalar = double; int _Rows = 2; int _Cols = 2; int _Options = 0; int _MaxRows = 2; int _MaxCols = 2]’
../inst/include/RcppML/project.hpp:106:41:   required from here
/usr/local/lib/R/site-library/RcppEigen/include/Eigen/src/Core/DenseCoeffsBase.h:56:30: warning: ignoring attributes on template argument ‘Eigen::internal::packet_traits<double>::type’ {aka ‘__m128d’} [-Wignored-attributes]
/usr/local/lib/R/site-library/RcppEigen/include/Eigen/src/Core/DenseCoeffsBase.h: In instantiation of ‘class Eigen::DenseCoeffsBase<Eigen::Map<Eigen::Matrix<double, -1, 1>, 16, Eigen::Stride<0, 0> >, 0>’:
/usr/local/lib/R/site-library/RcppEigen/include/Eigen/src/Core/DenseCoeffsBase.h:302:7:   required from ‘class Eigen::DenseCoeffsBase<Eigen::Map<Eigen::Matrix<double, -1, 1>, 16, Eigen::Stride<0, 0> >, 1>’
/usr/local/lib/R/site-library/RcppEigen/include/Eigen/src/Core/DenseCoeffsBase.h:555:7:   required from ‘class Eigen::DenseCoeffsBase<Eigen::Map<Eigen::Matrix<double, -1, 1>, 16, Eigen::Stride<0, 0> >, 3>’
/usr/local/lib/R/site-library/RcppEigen/include/Eigen/src/Core/DenseBase.h:41:34:   required from ‘class Eigen::DenseBase<Eigen::Map<Eigen::Matrix<double, -1, 1>, 16, Eigen::Stride<0, 0> > >’
/usr/local/lib/R/site-library/RcppEigen/include/Eigen/src/Core/MatrixBase.h:48:34:   required from ‘class Eigen::MatrixBase<Eigen::Map<Eigen::Matrix<double, -1, 1>, 16, Eigen::Stride<0, 0> > >’
/usr/local/lib/R/site-library/RcppEigen/include/Eigen/src/Core/MapBase.h:37:34:   required from ‘class Eigen::MapBase<Eigen::Map<Eigen::Matrix<double, -1, 1>, 16, Eigen::Stride<0, 0> >, 0>’
/usr/local/lib/R/site-library/RcppEigen/include/Eigen/src/Core/MapBase.h:223:34:   [ skipping 7 instantiation contexts, use -ftemplate-backtrace-limit=0 to disable ]
/usr/local/lib/R/site-library/RcppEigen/include/Eigen/src/Core/Solve.h:147:26:   required from ‘static void Eigen::internal::Assignment<DstXprType, Eigen::Solve<DecType, RhsType>, Eigen::internal::assign_op<Scalar, Scalar>, Eigen::internal::Dense2Dense>::run(DstXprType&, const SrcXprType&, const Eigen::internal::assign_op<Scalar, Scalar>&) [with DstXprType = Eigen::Block<Eigen::Matrix<double, -1, -1>, -1, 1, true>; DecType = Eigen::LLT<Eigen::Matrix<double, -1, -1>, 1>; RhsType = Eigen::Matrix<double, -1, 1>; Scalar = double; Eigen::internal::Assignment<DstXprType, Eigen::Solve<DecType, RhsType>, Eigen::internal::assign_op<Scalar, Scalar>, Eigen::internal::Dense2Dense>::SrcXprType = Eigen::Solve<Eigen::LLT<Eigen::Matrix<double, -1, -1>, 1>, Eigen::Matrix<double, -1, 1> >]’
/usr/local/lib/R/site-library/RcppEigen/include/Eigen/src/Core/AssignEvaluator.h:890:49:   required from ‘void Eigen::internal::call_assignment_no_alias(Dst&, const Src&, const Func&) [with Dst = Eigen::Block<Eigen::Matrix<double, -1, -1>, -1, 1, true>; Src = Eigen::Solve<Eigen::LLT<Eigen::Matrix<double, -1, -1>, 1>, Eigen::Matrix<double, -1, 1> >; Func = Eigen::internal::assign_op<double, double>]’
/usr/local/lib/R/site-library/RcppEigen/include/Eigen/src/Core/AssignEvaluator.h:858:27:   required from ‘void Eigen::internal::call_assignment(Dst&, const Src&, const Func&, typename Eigen::internal::enable_if<(! Eigen::internal::evaluator_assume_aliasing<Src>::value), void*>::type) [with Dst = Eigen::Block<Eigen::Matrix<double, -1, -1>, -1, 1, true>; Src = Eigen::Solve<Eigen::LLT<Eigen::Matrix<double, -1, -1>, 1>, Eigen::Matrix<double, -1, 1> >; Func = Eigen::internal::assign_op<double, double>; typename Eigen::internal::enable_if<(! Eigen::internal::evaluator_assume_aliasing<Src>::value), void*>::type = void*; typename Eigen::internal::evaluator_traits<SrcXprType>::Shape = Eigen::DenseShape]’
/usr/local/lib/R/site-library/RcppEigen/include/Eigen/src/Core/AssignEvaluator.h:836:18:   required from ‘void Eigen::internal::call_assignment(Dst&, const Src&) [with Dst = Eigen::Block<Eigen::Matrix<double, -1, -1>, -1, 1, true>; Src = Eigen::Solve<Eigen::LLT<Eigen::Matrix<double, -1, -1>, 1>, Eigen::Matrix<double, -1, 1> >]’
/usr/local/lib/R/site-library/RcppEigen/include/Eigen/src/Core/Assign.h:66:28:   required from ‘Derived& Eigen::MatrixBase<Derived>::operator=(const Eigen::DenseBase<OtherDerived>&) [with OtherDerived = Eigen::Solve<Eigen::LLT<Eigen::Matrix<double, -1, -1>, 1>, Eigen::Matrix<double, -1, 1> >; Derived = Eigen::Block<Eigen::Matrix<double, -1, -1>, -1, 1, true>]’
../inst/include/RcppML/project.hpp:133:33:   required from here
/usr/local/lib/R/site-library/RcppEigen/include/Eigen/src/Core/DenseCoeffsBase.h:56:30: warning: ignoring attributes on template argument ‘Eigen::internal::packet_traits<double>::type’ {aka ‘__m128d’} [-Wignored-attributes]
/usr/local/lib/R/site-library/RcppEigen/include/Eigen/src/Core/DenseCoeffsBase.h: In instantiation of ‘class Eigen::DenseCoeffsBase<Eigen::CwiseBinaryOp<Eigen::internal::scalar_conj_product_op<double, double>, const Eigen::Transpose<const Eigen::Block<const Eigen::Matrix<double, -1, -1>, 1, -1, false> >, const Eigen::Block<const Eigen::Block<const Eigen::Transpose<Eigen::Matrix<double, -1, -1> >, -1, 1, false>, -1, 1, true> >, 0>’:
/usr/local/lib/R/site-library/RcppEigen/include/Eigen/src/Core/DenseBase.h:41:34:   required from ‘class Eigen::DenseBase<Eigen::CwiseBinaryOp<Eigen::internal::scalar_conj_product_op<double, double>, const Eigen::Transpose<const Eigen::Block<const Eigen::Matrix<double, -1, -1>, 1, -1, false> >, const Eigen::Block<const Eigen::Block<const Eigen::Transpose<Eigen::Matrix<double, -1, -1> >, -1, 1, false>, -1, 1, true> > >’
/usr/local/lib/R/site-library/RcppEigen/include/Eigen/src/Core/MatrixBase.h:48:34:   required from ‘class Eigen::MatrixBase<Eigen::CwiseBinaryOp<Eigen::internal::scalar_conj_product_op<double, double>, const Eigen::Transpose<const Eigen::Block<const Eigen::Matrix<double, -1, -1>, 1, -1, false> >, const Eigen::Block<const Eigen::Block<const Eigen::Transpose<Eigen::Matrix<double, -1, -1> >, -1, 1, false>, -1, 1, true> > >’
/usr/local/lib/R/site-library/RcppEigen/include/Eigen/src/Core/CwiseBinaryOp.h:148:7:   required from ‘class Eigen::CwiseBinaryOpImpl<Eigen::internal::scalar_conj_product_op<double, double>, const Eigen::Transpose<const Eigen::Block<const Eigen::Matrix<double, -1, -1>, 1, -1, false> >, const Eigen::Block<const Eigen::Block<const Eigen::Transpose<Eigen::Matrix<double, -1, -1> >, -1, 1, false>, -1, 1, true>, Eigen::Dense>’
/usr/local/lib/R/site-library/RcppEigen/include/Eigen/src/Core/CwiseBinaryOp.h:77:7:   required from ‘class Eigen::CwiseBinaryOp<Eigen::internal::scalar_conj_product_op<double, double>, const Eigen::Transpose<const Eigen::Block<const Eigen::Matrix<double, -1, -1>, 1, -1, false> >, const Eigen::Block<const Eigen::Block<const Eigen::Transpose<Eigen::Matrix<double, -1, -1> >, -1, 1, false>, -1, 1, true> >’
/usr/local/lib/R/site-library/RcppEigen/include/Eigen/src/Core/Dot.h:50:56:   required from ‘static Eigen::internal::dot_nocheck<T, U, true>::ResScalar Eigen::internal::dot_nocheck<T, U, true>::run(const Eigen::MatrixBase<Derived>&, const Eigen::MatrixBase<U>&) [with T = Eigen::Block<const Eigen::Matrix<double, -1, -1>, 1, -1, false>; U = Eigen::Block<const Eigen::Block<const Eigen::Transpose<Eigen::Matrix<double, -1, -1> >, -1, 1, false>, -1, 1, true>; Eigen::internal::dot_nocheck<T, U, true>::ResScalar = double]’
/usr/local/lib/R/site-library/RcppEigen/include/Eigen/src/Core/Dot.h:84:58:   [ skipping 4 instantiation contexts, use -ftemplate-backtrace-limit=0 to disable ]
/usr/local/lib/R/site-library/RcppEigen/include/Eigen/src/Core/ProductEvaluators.h:148:43:   required from ‘static void Eigen::internal::Assignment<DstXprType, Eigen::Product<Lhs, Rhs, Options>, Eigen::internal::assign_op<Scalar, Scalar>, Eigen::internal::Dense2Dense, typename Eigen::internal::enable_if<((Options == Eigen::DefaultProduct) || (Options == Eigen::AliasFreeProduct))>::type>::run(DstXprType&, const SrcXprType&, const Eigen::internal::assign_op<Scalar, Scalar>&) [with DstXprType = Eigen::Matrix<double, -1, -1>; Lhs = Eigen::Matrix<double, -1, -1>; Rhs = Eigen::Transpose<Eigen::Matrix<double, -1, -1> >; int Options = 0; Scalar = double; Eigen::internal::Assignment<DstXprType, Eigen::Product<Lhs, Rhs, Options>, Eigen::internal::assign_op<Scalar, Scalar>, Eigen::internal::Dense2Dense, typename Eigen::internal::enable_if<((Options == Eigen::DefaultProduct) || (Options == Eigen::AliasFreeProduct))>::type>::SrcXprType = Eigen::Product<Eigen::Matrix<double, -1, -1>, Eigen::Transpose<Eigen::Matrix<double, -1, -1> >, 0>]’
/usr/local/lib/R/site-library/RcppEigen/include/Eigen/src/Core/AssignEvaluator.h:890:49:   required from ‘void Eigen::internal::call_assignment_no_alias(Dst&, const Src&, const Func&) [with Dst = Eigen::Matrix<double, -1, -1>; Src = Eigen::Product<Eigen::Matrix<double, -1, -1>, Eigen::Transpose<Eigen::Matrix<double, -1, -1> >, 0>; Func = Eigen::internal::assign_op<double, double>]’
/usr/local/lib/R/site-library/RcppEigen/include/Eigen/src/Core/PlainObjectBase.h:797:41:   required from ‘Derived& Eigen::PlainObjectBase<Derived>::_set_noalias(const Eigen::DenseBase<OtherDerived>&) [with OtherDerived = Eigen::Product<Eigen::Matrix<double, -1, -1>, Eigen::Transpose<Eigen::Matrix<double, -1, -1> >, 0>; Derived = Eigen::Matrix<double, -1, -1>]’
/usr/local/lib/R/site-library/RcppEigen/include/Eigen/src/Core/PlainObjectBase.h:594:19:   required from ‘Eigen::PlainObjectBase<Derived>::PlainObjectBase(const Eigen::DenseBase<OtherDerived>&) [with OtherDerived = Eigen::Product<Eigen::Matrix<double, -1, -1>, Eigen::Transpose<Eigen::Matrix<double, -1, -1> >, 0>; Derived = Eigen::Matrix<double, -1, -1>]’
/usr/local/lib/R/site-library/RcppEigen/include/Eigen/src/Core/Matrix.h:423:29:   required from ‘Eigen::Matrix<_Scalar, _Rows, _Cols, _Options, _MaxRows, _MaxCols>::Matrix(const Eigen::EigenBase<OtherDerived>&) [with OtherDerived = Eigen::Product<Eigen::Matrix<double, -1, -1>, Eigen::Transpose<Eigen::Matrix<double, -1, -1> >, 0>; _Scalar = double; int _Rows = -1; int _Cols = -1; int _Options = 0; int _MaxRows = -1; int _MaxCols = -1]’
../inst/include/RcppML/project.hpp:149:47:   required from here
/usr/local/lib/R/site-library/RcppEigen/include/Eigen/src/Core/DenseCoeffsBase.h:56:30: warning: ignoring attributes on template argument ‘Eigen::internal::packet_traits<double>::type’ {aka ‘__m128d’} [-Wignored-attributes]
/usr/local/lib/R/site-library/RcppEigen/include/Eigen/src/Core/DenseCoeffsBase.h: In instantiation of ‘class Eigen::DenseCoeffsBase<Eigen::CwiseBinaryOp<Eigen::internal::scalar_conj_product_op<double, double>, const Eigen::Transpose<const Eigen::Block<const Eigen::Block<const Eigen::Matrix<double, -1, -1>, 1, -1, false>, 1, -1, true> >, const Eigen::Block<const Eigen::Transpose<Eigen::Matrix<double, -1, -1> >, -1, 1, false> >, 0>’:
/usr/local/lib/R/site-library/RcppEigen/include/Eigen/src/Core/DenseBase.h:41:34:   required from ‘class Eigen::DenseBase<Eigen::CwiseBinaryOp<Eigen::internal::scalar_conj_product_op<double, double>, const Eigen::Transpose<const Eigen::Block<const Eigen::Block<const Eigen::Matrix<double, -1, -1>, 1, -1, false>, 1, -1, true> >, const Eigen::Block<const Eigen::Transpose<Eigen::Matrix<double, -1, -1> >, -1, 1, false> > >’
/usr/local/lib/R/site-library/RcppEigen/include/Eigen/src/Core/MatrixBase.h:48:34:   required from ‘class Eigen::MatrixBase<Eigen::CwiseBinaryOp<Eigen::internal::scalar_conj_product_op<double, double>, const Eigen::Transpose<const Eigen::Block<const Eigen::Block<const Eigen::Matrix<double, -1, -1>, 1, -1, false>, 1, -1, true> >, const Eigen::Block<const Eigen::Transpose<Eigen::Matrix<double, -1, -1> >, -1, 1, false> > >’
/usr/local/lib/R/site-library/RcppEigen/include/Eigen/src/Core/CwiseBinaryOp.h:148:7:   required from ‘class Eigen::CwiseBinaryOpImpl<Eigen::internal::scalar_conj_product_op<double, double>, const Eigen::Transpose<const Eigen::Block<const Eigen::Block<const Eigen::Matrix<double, -1, -1>, 1, -1, false>, 1, -1, true> >, const Eigen::Block<const Eigen::Transpose<Eigen::Matrix<double, -1, -1> >, -1, 1, false>, Eigen::Dense>’
/usr/local/lib/R/site-library/RcppEigen/include/Eigen/src/Core/CwiseBinaryOp.h:77:7:   required from ‘class Eigen::CwiseBinaryOp<Eigen::internal::scalar_conj_product_op<double, double>, const Eigen::Transpose<const Eigen::Block<const Eigen::Block<const Eigen::Matrix<double, -1, -1>, 1, -1, false>, 1, -1, true> >, const Eigen::Block<const Eigen::Transpose<Eigen::Matrix<double, -1, -1> >, -1, 1, false> >’
/usr/local/lib/R/site-library/RcppEigen/include/Eigen/src/Core/Dot.h:50:56:   required from ‘static Eigen::internal::dot_nocheck<T, U, true>::ResScalar Eigen::internal::dot_nocheck<T, U, true>::run(const Eigen::MatrixBase<Derived>&, const Eigen::MatrixBase<U>&) [with T = Eigen::Block<const Eigen::Block<const Eigen::Matrix<double, -1, -1>, 1, -1, false>, 1, -1, true>; U = Eigen::Block<const Eigen::Transpose<Eigen::Matrix<double, -1, -1> >, -1, 1, false>; Eigen::internal::dot_nocheck<T, U, true>::ResScalar = double]’
/usr/local/lib/R/site-library/RcppEigen/include/Eigen/src/Core/Dot.h:84:58:   [ skipping 4 instantiation contexts, use -ftemplate-backtrace-limit=0 to disable ]
/usr/local/lib/R/site-library/RcppEigen/include/Eigen/src/Core/ProductEvaluators.h:148:43:   required from ‘static void Eigen::internal::Assignment<DstXprType, Eigen::Product<Lhs, Rhs, Options>, Eigen::internal::assign_op<Scalar, Scalar>, Eigen::internal::Dense2Dense, typename Eigen::internal::enable_if<((Options == Eigen::DefaultProduct) || (Options == Eigen::AliasFreeProduct))>::type>::run(DstXprType&, const SrcXprType&, const Eigen::internal::assign_op<Scalar, Scalar>&) [with DstXprType = Eigen::Matrix<double, -1, -1>; Lhs = Eigen::Matrix<double, -1, -1>; Rhs = Eigen::Transpose<Eigen::Matrix<double, -1, -1> >; int Options = 0; Scalar = double; Eigen::internal::Assignment<DstXprType, Eigen::Product<Lhs, Rhs, Options>, Eigen::internal::assign_op<Scalar, Scalar>, Eigen::internal::Dense2Dense, typename Eigen::internal::enable_if<((Options == Eigen::DefaultProduct) || (Options == Eigen::AliasFreeProduct))>::type>::SrcXprType = Eigen::Product<Eigen::Matrix<double, -1, -1>, Eigen::Transpose<Eigen::Matrix<double, -1, -1> >, 0>]’
/usr/local/lib/R/site-library/RcppEigen/include/Eigen/src/Core/AssignEvaluator.h:890:49:   required from ‘void Eigen::internal::call_assignment_no_alias(Dst&, const Src&, const Func&) [with Dst = Eigen::Matrix<double, -1, -1>; Src = Eigen::Product<Eigen::Matrix<double, -1, -1>, Eigen::Transpose<Eigen::Matrix<double, -1, -1> >, 0>; Func = Eigen::internal::assign_op<double, double>]’
/usr/local/lib/R/site-library/RcppEigen/include/Eigen/src/Core/PlainObjectBase.h:797:41:   required from ‘Derived& Eigen::PlainObjectBase<Derived>::_set_noalias(const Eigen::DenseBase<OtherDerived>&) [with OtherDerived = Eigen::Product<Eigen::Matrix<double, -1, -1>, Eigen::Transpose<Eigen::Matrix<double, -1, -1> >, 0>; Derived = Eigen::Matrix<double, -1, -1>]’
/usr/local/lib/R/site-library/RcppEigen/include/Eigen/src/Core/PlainObjectBase.h:594:19:   required from ‘Eigen::PlainObjectBase<Derived>::PlainObjectBase(const Eigen::DenseBase<OtherDerived>&) [with OtherDerived = Eigen::Product<Eigen::Matrix<double, -1, -1>, Eigen::Transpose<Eigen::Matrix<double, -1, -1> >, 0>; Derived = Eigen::Matrix<double, -1, -1>]’
/usr/local/lib/R/site-library/RcppEigen/include/Eigen/src/Core/Matrix.h:423:29:   required from ‘Eigen::Matrix<_Scalar, _Rows, _Cols, _Options, _MaxRows, _MaxCols>::Matrix(const Eigen::EigenBase<OtherDerived>&) [with OtherDerived = Eigen::Product<Eigen::Matrix<double, -1, -1>, Eigen::Transpose<Eigen::Matrix<double, -1, -1> >, 0>; _Scalar = double; int _Rows = -1; int _Cols = -1; int _Options = 0; int _MaxRows = -1; int _MaxCols = -1]’
../inst/include/RcppML/project.hpp:149:47:   required from here
/usr/local/lib/R/site-library/RcppEigen/include/Eigen/src/Core/DenseCoeffsBase.h:56:30: warning: ignoring attributes on template argument ‘Eigen::internal::packet_traits<double>::type’ {aka ‘__m128d’} [-Wignored-attributes]
/usr/local/lib/R/site-library/RcppEigen/include/Eigen/src/Core/DenseCoeffsBase.h: In instantiation of ‘class Eigen::DenseCoeffsBase<Eigen::Block<const Eigen::Block<const Eigen::Matrix<double, -1, -1>, -1, 1, true>, -1, 1, true>, 0>’:
/usr/local/lib/R/site-library/RcppEigen/include/Eigen/src/Core/DenseCoeffsBase.h:481:7:   required from ‘class Eigen::DenseCoeffsBase<Eigen::Block<const Eigen::Block<const Eigen::Matrix<double, -1, -1>, -1, 1, true>, -1, 1, true>, 2>’
/usr/local/lib/R/site-library/RcppEigen/include/Eigen/src/Core/DenseBase.h:41:34:   required from ‘class Eigen::DenseBase<Eigen::Block<const Eigen::Block<const Eigen::Matrix<double, -1, -1>, -1, 1, true>, -1, 1, true> >’
/usr/local/lib/R/site-library/RcppEigen/include/Eigen/src/Core/MatrixBase.h:48:34:   required from ‘class Eigen::MatrixBase<Eigen::Block<const Eigen::Block<const Eigen::Matrix<double, -1, -1>, -1, 1, true>, -1, 1, true> >’
/usr/local/lib/R/site-library/RcppEigen/include/Eigen/src/Core/MapBase.h:37:34:   required from ‘class Eigen::MapBase<Eigen::Block<const Eigen::Block<const Eigen::Matrix<double, -1, -1>, -1, 1, true>, -1, 1, true>, 0>’
/usr/local/lib/R/site-library/RcppEigen/include/Eigen/src/Core/Block.h:329:7:   required from ‘class Eigen::internal::BlockImpl_dense<const Eigen::Block<const Eigen::Matrix<double, -1, -1>, -1, 1, true>, -1, 1, true, true>’
/usr/local/lib/R/site-library/RcppEigen/include/Eigen/src/Core/Block.h:154:7:   [ skipping 7 instantiation contexts, use -ftemplate-backtrace-limit=0 to disable ]
/usr/local/lib/R/site-library/RcppEigen/include/Eigen/src/Core/PlainObjectBase.h:797:41:   required from ‘Derived& Eigen::PlainObjectBase<Derived>::_set_noalias(const Eigen::DenseBase<OtherDerived>&) [with OtherDerived = Eigen::Product<Eigen::Matrix<double, -1, -1>, Eigen::Block<const Eigen::Matrix<double, -1, -1>, -1, 1, true>, 0>; Derived = Eigen::Matrix<double, -1, 1>]’
/usr/local/lib/R/site-library/RcppEigen/include/Eigen/src/Core/PlainObjectBase.h:883:25:   required from ‘void Eigen::PlainObjectBase<Derived>::_init1(const Eigen::DenseBase<ElseDerived>&) [with T = Eigen::Product<Eigen::Matrix<double, -1, -1>, Eigen::Block<const Eigen::Matrix<double, -1, -1>, -1, 1, true>, 0>; OtherDerived = Eigen::Product<Eigen::Matrix<double, -1, -1>, Eigen::Block<const Eigen::Matrix<double, -1, -1>, -1, 1, true>, 0>; Derived = Eigen::Matrix<double, -1, 1>]’
/usr/local/lib/R/site-library/RcppEigen/include/Eigen/src/Core/Matrix.h:332:31:   required from ‘Eigen::Matrix<_Scalar, _Rows, _Cols, _Options, _MaxRows, _MaxCols>::Matrix(const T&) [with T = Eigen::Product<Eigen::Matrix<double, -1, -1>, Eigen::Block<const Eigen::Matrix<double, -1, -1>, -1, 1, true>, 0>; _Scalar = double; int _Rows = -1; int _Cols = 1; int _Options = 0; int _MaxRows = -1; int _MaxCols = 1]’
/usr/local/lib/R/site-library/RcppEigen/include/Eigen/src/Core/AssignEvaluator.h:850:41:   required from ‘void Eigen::internal::call_assignment(Dst&, const Src&, const Func&, typename Eigen::internal::enable_if<Eigen::internal::evaluator_assume_aliasing<Src>::value, void*>::type) [with Dst = Eigen::Matrix<double, -1, 1>; Src = Eigen::Product<Eigen::Matrix<double, -1, -1>, Eigen::Block<const Eigen::Matrix<double, -1, -1>, -1, 1, true>, 0>; Func = Eigen::internal::add_assign_op<double, double>; typename Eigen::internal::enable_if<Eigen::internal::evaluator_assume_aliasing<Src>::value, void*>::type = void*; typename Eigen::internal::evaluator_traits<SrcXprType>::Shape = Eigen::DenseShape]’
/usr/local/lib/R/site-library/RcppEigen/include/Eigen/src/Core/CwiseBinaryOp.h:177:18:   required from ‘Derived& Eigen::MatrixBase<Derived>::operator+=(const Eigen::MatrixBase<OtherDerived>&) [with OtherDerived = Eigen::Product<Eigen::Matrix<double, -1, -1>, Eigen::Block<const Eigen::Matrix<double, -1, -1>, -1, 1, true>, 0>; Derived = Eigen::Matrix<double, -1, 1>]’
../inst/include/RcppML/project.hpp:198:23:   required from here
/usr/local/lib/R/site-library/RcppEigen/include/Eigen/src/Core/DenseCoeffsBase.h:56:30: warning: ignoring attributes on template argument ‘Eigen::internal::packet_traits<double>::type’ {aka ‘__m128d’} [-Wignored-attributes]
/usr/local/lib/R/site-library/RcppEigen/include/Eigen/src/Core/DenseCoeffsBase.h: In instantiation of ‘class Eigen::DenseCoeffsBase<Eigen::CwiseBinaryOp<Eigen::internal::scalar_conj_product_op<double, double>, const Eigen::Transpose<const Eigen::Block<const Eigen::Matrix<double, -1, -1>, 1, -1, false> >, const Eigen::Block<const Eigen::Block<Eigen::Matrix<double, -1, -1>, -1, 1, true>, -1, 1, true> >, 0>’:
/usr/local/lib/R/site-library/RcppEigen/include/Eigen/src/Core/DenseBase.h:41:34:   required from ‘class Eigen::DenseBase<Eigen::CwiseBinaryOp<Eigen::internal::scalar_conj_product_op<double, double>, const Eigen::Transpose<const Eigen::Block<const Eigen::Matrix<double, -1, -1>, 1, -1, false> >, const Eigen::Block<const Eigen::Block<Eigen::Matrix<double, -1, -1>, -1, 1, true>, -1, 1, true> > >’
/usr/local/lib/R/site-library/RcppEigen/include/Eigen/src/Core/MatrixBase.h:48:34:   required from ‘class Eigen::MatrixBase<Eigen::CwiseBinaryOp<Eigen::internal::scalar_conj_product_op<double, double>, const Eigen::Transpose<const Eigen::Block<const Eigen::Matrix<double, -1, -1>, 1, -1, false> >, const Eigen::Block<const Eigen::Block<Eigen::Matrix<double, -1, -1>, -1, 1, true>, -1, 1, true> > >’
/usr/local/lib/R/site-library/RcppEigen/include/Eigen/src/Core/CwiseBinaryOp.h:148:7:   required from ‘class Eigen::CwiseBinaryOpImpl<Eigen::internal::scalar_conj_product_op<double, double>, const Eigen::Transpose<const Eigen::Block<const Eigen::Matrix<double, -1, -1>, 1, -1, false> >, const Eigen::Block<const Eigen::Block<Eigen::Matrix<double, -1, -1>, -1, 1, true>, -1, 1, true>, Eigen::Dense>’
/usr/local/lib/R/site-library/RcppEigen/include/Eigen/src/Core/CwiseBinaryOp.h:77:7:   required from ‘class Eigen::CwiseBinaryOp<Eigen::internal::scalar_conj_product_op<double, double>, const Eigen::Transpose<const Eigen::Block<const Eigen::Matrix<double, -1, -1>, 1, -1, false> >, const Eigen::Block<const Eigen::Block<Eigen::Matrix<double, -1, -1>, -1, 1, true>, -1, 1, true> >’
/usr/local/lib/R/site-library/RcppEigen/include/Eigen/src/Core/Dot.h:50:56:   required from ‘static Eigen::internal::dot_nocheck<T, U, true>::ResScalar Eigen::internal::dot_nocheck<T, U, true>::run(const Eigen::MatrixBase<Derived>&, const Eigen::MatrixBase<U>&) [with T = Eigen::Block<const Eigen::Matrix<double, -1, -1>, 1, -1, false>; U = Eigen::Block<const Eigen::Block<Eigen::Matrix<double, -1, -1>, -1, 1, true>, -1, 1, true>; Eigen::internal::dot_nocheck<T, U, true>::ResScalar = double]’
/usr/local/lib/R/site-library/RcppEigen/include/Eigen/src/Core/Dot.h:84:58:   [ skipping 4 instantiation contexts, use -ftemplate-backtrace-limit=0 to disable ]
/usr/local/lib/R/site-library/RcppEigen/include/Eigen/src/Core/ProductEvaluators.h:148:43:   required from ‘static void Eigen::internal::Assignment<DstXprType, Eigen::Product<Lhs, Rhs, Options>, Eigen::internal::assign_op<Scalar, Scalar>, Eigen::internal::Dense2Dense, typename Eigen::internal::enable_if<((Options == Eigen::DefaultProduct) || (Options == Eigen::AliasFreeProduct))>::type>::run(DstXprType&, const SrcXprType&, const Eigen::internal::assign_op<Scalar, Scalar>&) [with DstXprType = Eigen::Matrix<double, -1, 1>; Lhs = Eigen::Matrix<double, -1, -1>; Rhs = Eigen::Block<Eigen::Matrix<double, -1, -1>, -1, 1, true>; int Options = 0; Scalar = double; Eigen::internal::Assignment<DstXprType, Eigen::Product<Lhs, Rhs, Options>, Eigen::internal::assign_op<Scalar, Scalar>, Eigen::internal::Dense2Dense, typename Eigen::internal::enable_if<((Options == Eigen::DefaultProduct) || (Options == Eigen::AliasFreeProduct))>::type>::SrcXprType = Eigen::Product<Eigen::Matrix<double, -1, -1>, Eigen::Block<Eigen::Matrix<double, -1, -1>, -1, 1, true>, 0>]’
/usr/local/lib/R/site-library/RcppEigen/include/Eigen/src/Core/AssignEvaluator.h:890:49:   required from ‘void Eigen::internal::call_assignment_no_alias(Dst&, const Src&, const Func&) [with Dst = Eigen::Matrix<double, -1, 1>; Src = Eigen::Product<Eigen::Matrix<double, -1, -1>, Eigen::Block<Eigen::Matrix<double, -1, -1>, -1, 1, true>, 0>; Func = Eigen::internal::assign_op<double, double>]’
/usr/local/lib/R/site-library/RcppEigen/include/Eigen/src/Core/PlainObjectBase.h:797:41:   required from ‘Derived& Eigen::PlainObjectBase<Derived>::_set_noalias(const Eigen::DenseBase<OtherDerived>&) [with OtherDerived = Eigen::Product<Eigen::Matrix<double, -1, -1>, Eigen::Block<Eigen::Matrix<double, -1, -1>, -1, 1, true>, 0>; Derived = Eigen::Matrix<double, -1, 1>]’
/usr/local/lib/R/site-library/RcppEigen/include/Eigen/src/Core/PlainObjectBase.h:594:19:   required from ‘Eigen::PlainObjectBase<Derived>::PlainObjectBase(const Eigen::DenseBase<OtherDerived>&) [with OtherDerived = Eigen::Product<Eigen::Matrix<double, -1, -1>, Eigen::Block<Eigen::Matrix<double, -1, -1>, -1, 1, true>, 0>; Derived = Eigen::Matrix<double, -1, 1>]’
/usr/local/lib/R/site-library/RcppEigen/include/Eigen/src/Core/Matrix.h:423:29:   required from ‘Eigen::Matrix<_Scalar, _Rows, _Cols, _Options, _MaxRows, _MaxCols>::Matrix(const Eigen::EigenBase<OtherDerived>&) [with OtherDerived = Eigen::Product<Eigen::Matrix<double, -1, -1>, Eigen::Block<Eigen::Matrix<double, -1, -1>, -1, 1, true>, 0>; _Scalar = double; int _Rows = -1; int _Cols = 1; int _Options = 0; int _MaxRows = -1; int _MaxCols = 1]’
../inst/include/RcppML/nmf.hpp:98:46:   required from here
/usr/local/lib/R/site-library/RcppEigen/include/Eigen/src/Core/DenseCoeffsBase.h:56:30: warning: ignoring attributes on template argument ‘Eigen::internal::packet_traits<double>::type’ {aka ‘__m128d’} [-Wignored-attributes]
/usr/local/lib/R/site-library/RcppEigen/include/Eigen/src/Core/DenseCoeffsBase.h: In instantiation of ‘class Eigen::DenseCoeffsBase<Eigen::Block<const Eigen::Matrix<double, -1, -1>, 2, -1, true>, 0>’:
/usr/local/lib/R/site-library/RcppEigen/include/Eigen/src/Core/DenseCoeffsBase.h:481:7:   required from ‘class Eigen::DenseCoeffsBase<Eigen::Block<const Eigen::Matrix<double, -1, -1>, 2, -1, true>, 2>’
/usr/local/lib/R/site-library/RcppEigen/include/Eigen/src/Core/DenseBase.h:41:34:   required from ‘class Eigen::DenseBase<Eigen::Block<const Eigen::Matrix<double, -1, -1>, 2, -1, true> >’
/usr/local/lib/R/site-library/RcppEigen/include/Eigen/src/Core/MatrixBase.h:48:34:   required from ‘class Eigen::MatrixBase<Eigen::Block<const Eigen::Matrix<double, -1, -1>, 2, -1, true> >’
/usr/local/lib/R/site-library/RcppEigen/include/Eigen/src/Core/MapBase.h:37:34:   required from ‘class Eigen::MapBase<Eigen::Block<const Eigen::Matrix<double, -1, -1>, 2, -1, true>, 0>’
/usr/local/lib/R/site-library/RcppEigen/include/Eigen/src/Core/Block.h:329:7:   required from ‘class Eigen::internal::BlockImpl_dense<const Eigen::Matrix<double, -1, -1>, 2, -1, true, true>’
/usr/local/lib/R/site-library/RcppEigen/include/Eigen/src/Core/Block.h:154:7:   [ skipping 7 instantiation contexts, use -ftemplate-backtrace-limit=0 to disable ]
/usr/local/lib/R/site-library/RcppEigen/include/Eigen/src/Core/AssignEvaluator.h:890:49:   required from ‘void Eigen::internal::call_assignment_no_alias(Dst&, const Src&, const Func&) [with Dst = Eigen::Matrix<double, -1, 1>; Src = Eigen::PartialReduxExpr<Eigen::Matrix<double, -1, -1>, Eigen::internal::member_sum<double, double>, 1>; Func = Eigen::internal::assign_op<double, double>]’
/usr/local/lib/R/site-library/RcppEigen/include/Eigen/src/Core/AssignEvaluator.h:858:27:   required from ‘void Eigen::internal::call_assignment(Dst&, const Src&, const Func&, typename Eigen::internal::enable_if<(! Eigen::internal::evaluator_assume_aliasing<Src>::value), void*>::type) [with Dst = Eigen::Matrix<double, -1, 1>; Src = Eigen::PartialReduxExpr<Eigen::Matrix<double, -1, -1>, Eigen::internal::member_sum<double, double>, 1>; Func = Eigen::internal::assign_op<double, double>; typename Eigen::internal::enable_if<(! Eigen::internal::evaluator_assume_aliasing<Src>::value), void*>::type = void*; typename Eigen::internal::evaluator_traits<SrcXprType>::Shape = Eigen::DenseShape]’
/usr/local/lib/R/site-library/RcppEigen/include/Eigen/src/Core/AssignEvaluator.h:836:18:   required from ‘void Eigen::internal::call_assignment(Dst&, const Src&) [with Dst = Eigen::Matrix<double, -1, 1>; Src = Eigen::PartialReduxExpr<Eigen::Matrix<double, -1, -1>, Eigen::internal::member_sum<double, double>, 1>]’
/usr/local/lib/R/site-library/RcppEigen/include/Eigen/src/Core/PlainObjectBase.h:779:32:   required from ‘Derived& Eigen::PlainObjectBase<Derived>::_set(const Eigen::DenseBase<OtherDerived>&) [with OtherDerived = Eigen::PartialReduxExpr<Eigen::Matrix<double, -1, -1>, Eigen::internal::member_sum<double, double>, 1>; Derived = Eigen::Matrix<double, -1, 1>]’
/usr/local/lib/R/site-library/RcppEigen/include/Eigen/src/Core/Matrix.h:225:24:   required from ‘Eigen::Matrix<_Scalar, _Rows, _Cols, _Options, _MaxRows, _MaxCols>& Eigen::Matrix<_Scalar, _Rows, _Cols, _Options, _MaxRows, _MaxCols>::operator=(const Eigen::DenseBase<OtherDerived>&) [with OtherDerived = Eigen::PartialReduxExpr<Eigen::Matrix<double, -1, -1>, Eigen::internal::member_sum<double, double>, 1>; _Scalar = double; int _Rows = -1; int _Cols = 1; int _Options = 0; int _MaxRows = -1; int _MaxCols = 1]’
../inst/include/RcppML/nmf.hpp:154:27:   required from here
/usr/local/lib/R/site-library/RcppEigen/include/Eigen/src/Core/DenseCoeffsBase.h:56:30: warning: ignoring attributes on template argument ‘Eigen::internal::packet_traits<double>::type’ {aka ‘__m128d’} [-Wignored-attributes]
In file included from /usr/local/lib/R/site-library/RcppEigen/include/Eigen/Core:277,
                 from /usr/local/lib/R/site-library/RcppEigen/include/Eigen/Dense:1,
                 from /usr/local/lib/R/site-library/RcppEigen/include/RcppEigenForward.h:28,
                 from /usr/local/lib/R/site-library/RcppEigen/include/RcppEigen.h:25,
                 from ../inst/include/RcppMLCommon.hpp:36,
                 from ../inst/include/RcppML.hpp:11,
                 from RcppFunctions.cpp:8:
/usr/local/lib/R/site-library/RcppEigen/include/Eigen/src/Core/CoreEvaluators.h: In instantiation of ‘struct Eigen::internal::evaluator<Eigen::Block<const Eigen::Matrix<double, -1, -1>, 2, -1, true> >’:
/usr/local/lib/R/site-library/RcppEigen/include/Eigen/src/Core/Redux.h:357:7:   required from ‘class Eigen::internal::redux_evaluator<Eigen::Block<const Eigen::Matrix<double, -1, -1>, 2, -1, true> >’
/usr/local/lib/R/site-library/RcppEigen/include/Eigen/src/Core/PartialReduxEvaluator.h:217:20:   required from ‘PacketType Eigen::internal::evaluator<Eigen::PartialReduxExpr<MatrixType, MemberOp, Direction> >::packet(Eigen::Index) const [with int LoadMode = 0; PacketType = __vector(2) double; ArgType = Eigen::Matrix<double, -1, -1>; MemberOp = Eigen::internal::member_sum<double, double>; int Direction = 1; Eigen::Index = long int]’
/usr/local/lib/R/site-library/RcppEigen/include/Eigen/src/Core/AssignEvaluator.h:681:114:   required from ‘void Eigen::internal::generic_dense_assignment_kernel<DstEvaluatorTypeT, SrcEvaluatorTypeT, Functor, Version>::assignPacket(Eigen::Index) [with int StoreMode = 16; int LoadMode = 0; PacketType = __vector(2) double; DstEvaluatorTypeT = Eigen::internal::evaluator<Eigen::Matrix<double, -1, 1> >; SrcEvaluatorTypeT = Eigen::internal::evaluator<Eigen::PartialReduxExpr<Eigen::Matrix<double, -1, -1>, Eigen::internal::member_sum<double, double>, 1> >; Functor = Eigen::internal::assign_op<double, double>; int Version = 0; Eigen::Index = long int]’
/usr/local/lib/R/site-library/RcppEigen/include/Eigen/src/Core/AssignEvaluator.h:437:75:   required from ‘static void Eigen::internal::dense_assignment_loop<Kernel, 3, 0>::run(Kernel&) [with Kernel = Eigen::internal::generic_dense_assignment_kernel<Eigen::internal::evaluator<Eigen::Matrix<double, -1, 1> >, Eigen::internal::evaluator<Eigen::PartialReduxExpr<Eigen::Matrix<double, -1, -1>, Eigen::internal::member_sum<double, double>, 1> >, Eigen::internal::assign_op<double, double>, 0>]’
/usr/local/lib/R/site-library/RcppEigen/include/Eigen/src/Core/AssignEvaluator.h:785:37:   [ skipping 2 instantiation contexts, use -ftemplate-backtrace-limit=0 to disable ]
/usr/local/lib/R/site-library/RcppEigen/include/Eigen/src/Core/AssignEvaluator.h:890:49:   required from ‘void Eigen::internal::call_assignment_no_alias(Dst&, const Src&, const Func&) [with Dst = Eigen::Matrix<double, -1, 1>; Src = Eigen::PartialReduxExpr<Eigen::Matrix<double, -1, -1>, Eigen::internal::member_sum<double, double>, 1>; Func = Eigen::internal::assign_op<double, double>]’
/usr/local/lib/R/site-library/RcppEigen/include/Eigen/src/Core/AssignEvaluator.h:858:27:   required from ‘void Eigen::internal::call_assignment(Dst&, const Src&, const Func&, typename Eigen::internal::enable_if<(! Eigen::internal::evaluator_assume_aliasing<Src>::value), void*>::type) [with Dst = Eigen::Matrix<double, -1, 1>; Src = Eigen::PartialReduxExpr<Eigen::Matrix<double, -1, -1>, Eigen::internal::member_sum<double, double>, 1>; Func = Eigen::internal::assign_op<double, double>; typename Eigen::internal::enable_if<(! Eigen::internal::evaluator_assume_aliasing<Src>::value), void*>::type = void*; typename Eigen::internal::evaluator_traits<SrcXprType>::Shape = Eigen::DenseShape]’
/usr/local/lib/R/site-library/RcppEigen/include/Eigen/src/Core/AssignEvaluator.h:836:18:   required from ‘void Eigen::internal::call_assignment(Dst&, const Src&) [with Dst = Eigen::Matrix<double, -1, 1>; Src = Eigen::PartialReduxExpr<Eigen::Matrix<double, -1, -1>, Eigen::internal::member_sum<double, double>, 1>]’
/usr/local/lib/R/site-library/RcppEigen/include/Eigen/src/Core/PlainObjectBase.h:779:32:   required from ‘Derived& Eigen::PlainObjectBase<Derived>::_set(const Eigen::DenseBase<OtherDerived>&) [with OtherDerived = Eigen::PartialReduxExpr<Eigen::Matrix<double, -1, -1>, Eigen::internal::member_sum<double, double>, 1>; Derived = Eigen::Matrix<double, -1, 1>]’
/usr/local/lib/R/site-library/RcppEigen/include/Eigen/src/Core/Matrix.h:225:24:   required from ‘Eigen::Matrix<_Scalar, _Rows, _Cols, _Options, _MaxRows, _MaxCols>& Eigen::Matrix<_Scalar, _Rows, _Cols, _Options, _MaxRows, _MaxCols>::operator=(const Eigen::DenseBase<OtherDerived>&) [with OtherDerived = Eigen::PartialReduxExpr<Eigen::Matrix<double, -1, -1>, Eigen::internal::member_sum<double, double>, 1>; _Scalar = double; int _Rows = -1; int _Cols = 1; int _Options = 0; int _MaxRows = -1; int _MaxCols = 1]’
../inst/include/RcppML/nmf.hpp:154:27:   required from here
/usr/local/lib/R/site-library/RcppEigen/include/Eigen/src/Core/CoreEvaluators.h:1071:54: warning: ignoring attributes on template argument ‘Eigen::internal::packet_traits<double>::type’ {aka ‘__m128d’} [-Wignored-attributes]
 1071 |     PacketAlignment = unpacket_traits<PacketScalar>::alignment,
      |                                                      ^~~~~~~~~
/usr/local/lib/R/site-library/RcppEigen/include/Eigen/src/Core/CoreEvaluators.h: In instantiation of ‘struct Eigen::internal::evaluator<Eigen::Block<Eigen::Matrix<double, -1, -1>, -1, 1, false> >’:
/usr/local/lib/R/site-library/RcppEigen/include/Eigen/src/Core/AssignEvaluator.h:780:20:   required from ‘void Eigen::internal::call_dense_assignment_loop(DstXprType&, const SrcXprType&, const Functor&) [with DstXprType = Eigen::Block<Eigen::Matrix<double, -1, -1>, -1, 1, false>; SrcXprType = Eigen::CwiseNullaryOp<Eigen::internal::scalar_constant_op<double>, Eigen::Matrix<double, -1, 1> >; Functor = Eigen::internal::div_assign_op<double, double>]’
/usr/local/lib/R/site-library/RcppEigen/include/Eigen/src/Core/AssignEvaluator.h:954:31:   required from ‘static void Eigen::internal::Assignment<DstXprType, SrcXprType, Functor, Eigen::internal::Dense2Dense, Weak>::run(DstXprType&, const SrcXprType&, const Functor&) [with DstXprType = Eigen::Block<Eigen::Matrix<double, -1, -1>, -1, 1, false>; SrcXprType = Eigen::CwiseNullaryOp<Eigen::internal::scalar_constant_op<double>, Eigen::Matrix<double, -1, 1> >; Functor = Eigen::internal::div_assign_op<double, double>; Weak = void]’
/usr/local/lib/R/site-library/RcppEigen/include/Eigen/src/Core/AssignEvaluator.h:890:49:   required from ‘void Eigen::internal::call_assignment_no_alias(Dst&, const Src&, const Func&) [with Dst = Eigen::Block<Eigen::Matrix<double, -1, -1>, -1, 1, false>; Src = Eigen::CwiseNullaryOp<Eigen::internal::scalar_constant_op<double>, Eigen::Matrix<double, -1, 1> >; Func = Eigen::internal::div_assign_op<double, double>]’
/usr/local/lib/R/site-library/RcppEigen/include/Eigen/src/Core/AssignEvaluator.h:858:27:   required from ‘void Eigen::internal::call_assignment(Dst&, const Src&, const Func&, typename Eigen::internal::enable_if<(! Eigen::internal::evaluator_assume_aliasing<Src>::value), void*>::type) [with Dst = Eigen::Block<Eigen::Matrix<double, -1, -1>, -1, 1, false>; Src = Eigen::CwiseNullaryOp<Eigen::internal::scalar_constant_op<double>, Eigen::Matrix<double, -1, 1> >; Func = Eigen::internal::div_assign_op<double, double>; typename Eigen::internal::enable_if<(! Eigen::internal::evaluator_assume_aliasing<Src>::value), void*>::type = void*; typename Eigen::internal::evaluator_traits<SrcXprType>::Shape = Eigen::DenseShape]’
/usr/local/lib/R/site-library/RcppEigen/include/Eigen/src/Core/SelfCwiseBinaryOp.h:41:28:   [ skipping 2 instantiation contexts, use -ftemplate-backtrace-limit=0 to disable ]
/usr/local/lib/R/site-library/RcppEigen/include/Eigen/src/Cholesky/LLT.h:344:23:   required from ‘static Eigen::Index Eigen::internal::llt_inplace<Scalar, 1>::blocked(MatrixType&) [with MatrixType = Eigen::Matrix<double, -1, -1>; Scalar = double; Eigen::Index = long int]’
/usr/local/lib/R/site-library/RcppEigen/include/Eigen/src/Cholesky/LLT.h:408:68:   required from ‘static bool Eigen::internal::LLT_Traits<MatrixType, 1>::inplace_decomposition(MatrixType&) [with MatrixType = Eigen::Matrix<double, -1, -1>]’
/usr/local/lib/R/site-library/RcppEigen/include/Eigen/src/Cholesky/LLT.h:456:42:   required from ‘Eigen::LLT<_MatrixType, _UpLo>& Eigen::LLT<MatrixType, UpLo>::compute(const Eigen::EigenBase<OtherDerived>&) [with InputType = Eigen::Matrix<double, -1, -1>; _MatrixType = Eigen::Matrix<double, -1, -1>; int _UpLo = 1]’
/usr/local/lib/R/site-library/RcppEigen/include/Eigen/src/Cholesky/LLT.h:109:14:   required from ‘Eigen::LLT<MatrixType, UpLo>::LLT(const Eigen::EigenBase<OtherDerived>&) [with InputType = Eigen::Matrix<double, -1, -1>; _MatrixType = Eigen::Matrix<double, -1, -1>; int _UpLo = 1]’
/usr/local/lib/R/site-library/RcppEigen/include/Eigen/src/Cholesky/LLT.h:542:10:   required from ‘const Eigen::LLT<typename Eigen::DenseBase<Derived>::PlainObject> Eigen::MatrixBase<Derived>::llt() const [with Derived = Eigen::Matrix<double, -1, -1>; typename Eigen::DenseBase<Derived>::PlainObject = Eigen::Matrix<double, -1, -1>]’
../inst/include/RcppML/project.hpp:123:51:   required from here
/usr/local/lib/R/site-library/RcppEigen/include/Eigen/src/Core/CoreEvaluators.h:1071:54: warning: ignoring attributes on template argument ‘Eigen::internal::packet_traits<double>::type’ {aka ‘__m128d’} [-Wignored-attributes]
/usr/local/lib/R/site-library/RcppEigen/include/Eigen/src/Core/CoreEvaluators.h: In instantiation of ‘struct Eigen::internal::evaluator<Eigen::Block<Eigen::Block<Eigen::Matrix<double, -1, -1>, -1, -1, false>, -1, 1, false> >’:
/usr/local/lib/R/site-library/RcppEigen/include/Eigen/src/Core/AssignEvaluator.h:780:20:   required from ‘void Eigen::internal::call_dense_assignment_loop(DstXprType&, const SrcXprType&, const Functor&) [with DstXprType = Eigen::Block<Eigen::Block<Eigen::Matrix<double, -1, -1>, -1, -1, false>, -1, 1, false>; SrcXprType = Eigen::CwiseNullaryOp<Eigen::internal::scalar_constant_op<double>, Eigen::Matrix<double, -1, 1> >; Functor = Eigen::internal::div_assign_op<double, double>]’
/usr/local/lib/R/site-library/RcppEigen/include/Eigen/src/Core/AssignEvaluator.h:954:31:   required from ‘static void Eigen::internal::Assignment<DstXprType, SrcXprType, Functor, Eigen::internal::Dense2Dense, Weak>::run(DstXprType&, const SrcXprType&, const Functor&) [with DstXprType = Eigen::Block<Eigen::Block<Eigen::Matrix<double, -1, -1>, -1, -1, false>, -1, 1, false>; SrcXprType = Eigen::CwiseNullaryOp<Eigen::internal::scalar_constant_op<double>, Eigen::Matrix<double, -1, 1> >; Functor = Eigen::internal::div_assign_op<double, double>; Weak = void]’
/usr/local/lib/R/site-library/RcppEigen/include/Eigen/src/Core/AssignEvaluator.h:890:49:   required from ‘void Eigen::internal::call_assignment_no_alias(Dst&, const Src&, const Func&) [with Dst = Eigen::Block<Eigen::Block<Eigen::Matrix<double, -1, -1>, -1, -1, false>, -1, 1, false>; Src = Eigen::CwiseNullaryOp<Eigen::internal::scalar_constant_op<double>, Eigen::Matrix<double, -1, 1> >; Func = Eigen::internal::div_assign_op<double, double>]’
/usr/local/lib/R/site-library/RcppEigen/include/Eigen/src/Core/AssignEvaluator.h:858:27:   required from ‘void Eigen::internal::call_assignment(Dst&, const Src&, const Func&, typename Eigen::internal::enable_if<(! Eigen::internal::evaluator_assume_aliasing<Src>::value), void*>::type) [with Dst = Eigen::Block<Eigen::Block<Eigen::Matrix<double, -1, -1>, -1, -1, false>, -1, 1, false>; Src = Eigen::CwiseNullaryOp<Eigen::internal::scalar_constant_op<double>, Eigen::Matrix<double, -1, 1> >; Func = Eigen::internal::div_assign_op<double, double>; typename Eigen::internal::enable_if<(! Eigen::internal::evaluator_assume_aliasing<Src>::value), void*>::type = void*; typename Eigen::internal::evaluator_traits<SrcXprType>::Shape = Eigen::DenseShape]’
/usr/local/lib/R/site-library/RcppEigen/include/Eigen/src/Core/SelfCwiseBinaryOp.h:41:28:   [ skipping 2 instantiation contexts, use -ftemplate-backtrace-limit=0 to disable ]
/usr/local/lib/R/site-library/RcppEigen/include/Eigen/src/Cholesky/LLT.h:363:24:   required from ‘static Eigen::Index Eigen::internal::llt_inplace<Scalar, 1>::blocked(MatrixType&) [with MatrixType = Eigen::Matrix<double, -1, -1>; Scalar = double; Eigen::Index = long int]’
/usr/local/lib/R/site-library/RcppEigen/include/Eigen/src/Cholesky/LLT.h:408:68:   required from ‘static bool Eigen::internal::LLT_Traits<MatrixType, 1>::inplace_decomposition(MatrixType&) [with MatrixType = Eigen::Matrix<double, -1, -1>]’
/usr/local/lib/R/site-library/RcppEigen/include/Eigen/src/Cholesky/LLT.h:456:42:   required from ‘Eigen::LLT<_MatrixType, _UpLo>& Eigen::LLT<MatrixType, UpLo>::compute(const Eigen::EigenBase<OtherDerived>&) [with InputType = Eigen::Matrix<double, -1, -1>; _MatrixType = Eigen::Matrix<double, -1, -1>; int _UpLo = 1]’
/usr/local/lib/R/site-library/RcppEigen/include/Eigen/src/Cholesky/LLT.h:109:14:   required from ‘Eigen::LLT<MatrixType, UpLo>::LLT(const Eigen::EigenBase<OtherDerived>&) [with InputType = Eigen::Matrix<double, -1, -1>; _MatrixType = Eigen::Matrix<double, -1, -1>; int _UpLo = 1]’
/usr/local/lib/R/site-library/RcppEigen/include/Eigen/src/Cholesky/LLT.h:542:10:   required from ‘const Eigen::LLT<typename Eigen::DenseBase<Derived>::PlainObject> Eigen::MatrixBase<Derived>::llt() const [with Derived = Eigen::Matrix<double, -1, -1>; typename Eigen::DenseBase<Derived>::PlainObject = Eigen::Matrix<double, -1, -1>]’
../inst/include/RcppML/project.hpp:123:51:   required from here
/usr/local/lib/R/site-library/RcppEigen/include/Eigen/src/Core/CoreEvaluators.h:1071:54: warning: ignoring attributes on template argument ‘Eigen::internal::packet_traits<double>::type’ {aka ‘__m128d’} [-Wignored-attributes]
In file included from /usr/local/lib/R/site-library/RcppEigen/include/Eigen/Core:271,
                 from /usr/local/lib/R/site-library/RcppEigen/include/Eigen/Dense:1,
                 from /usr/local/lib/R/site-library/RcppEigen/include/RcppEigenForward.h:28,
                 from /usr/local/lib/R/site-library/RcppEigen/include/RcppEigen.h:25,
                 from ../inst/include/RcppMLCommon.hpp:36,
                 from ../inst/include/RcppML.hpp:11,
                 from RcppFunctions.cpp:8:
/usr/local/lib/R/site-library/RcppEigen/include/Eigen/src/Core/DenseCoeffsBase.h: In instantiation of ‘class Eigen::DenseCoeffsBase<Eigen::CwiseNullaryOp<Eigen::internal::scalar_constant_op<double>, Eigen::Matrix<double, 4, 4> >, 0>’:
/usr/local/lib/R/site-library/RcppEigen/include/Eigen/src/Core/DenseBase.h:41:34:   required from ‘class Eigen::DenseBase<Eigen::CwiseNullaryOp<Eigen::internal::scalar_constant_op<double>, Eigen::Matrix<double, 4, 4> > >’
/usr/local/lib/R/site-library/RcppEigen/include/Eigen/src/Core/MatrixBase.h:48:34:   required from ‘class Eigen::MatrixBase<Eigen::CwiseNullaryOp<Eigen::internal::scalar_constant_op<double>, Eigen::Matrix<double, 4, 4> > >’
/usr/local/lib/R/site-library/RcppEigen/include/Eigen/src/Core/CwiseNullaryOp.h:60:7:   required from ‘class Eigen::CwiseNullaryOp<Eigen::internal::scalar_constant_op<double>, Eigen::Matrix<double, 4, 4> >’
/usr/local/lib/R/site-library/RcppEigen/include/Eigen/src/Core/CwiseNullaryOp.h:347:30:   required from ‘Derived& Eigen::DenseBase<Derived>::setConstant(const Scalar&) [with Derived = Eigen::Matrix<double, 4, 4>; Eigen::DenseBase<Derived>::Scalar = double]’
/usr/local/lib/R/site-library/RcppEigen/include/Eigen/src/Core/CwiseNullaryOp.h:548:10:   required from ‘Derived& Eigen::DenseBase<Derived>::setZero() [with Derived = Eigen::Matrix<double, 4, 4>]’
/usr/local/lib/R/site-library/RcppEigen/include/Eigen/src/Core/products/GeneralMatrixMatrixTriangular.h:171:23:   [ skipping 4 instantiation contexts, use -ftemplate-backtrace-limit=0 to disable ]
/usr/local/lib/R/site-library/RcppEigen/include/Eigen/src/Cholesky/LLT.h:365:64:   required from ‘static Eigen::Index Eigen::internal::llt_inplace<Scalar, 1>::blocked(MatrixType&) [with MatrixType = Eigen::Matrix<double, -1, -1>; Scalar = double; Eigen::Index = long int]’
/usr/local/lib/R/site-library/RcppEigen/include/Eigen/src/Cholesky/LLT.h:408:68:   required from ‘static bool Eigen::internal::LLT_Traits<MatrixType, 1>::inplace_decomposition(MatrixType&) [with MatrixType = Eigen::Matrix<double, -1, -1>]’
/usr/local/lib/R/site-library/RcppEigen/include/Eigen/src/Cholesky/LLT.h:456:42:   required from ‘Eigen::LLT<_MatrixType, _UpLo>& Eigen::LLT<MatrixType, UpLo>::compute(const Eigen::EigenBase<OtherDerived>&) [with InputType = Eigen::Matrix<double, -1, -1>; _MatrixType = Eigen::Matrix<double, -1, -1>; int _UpLo = 1]’
/usr/local/lib/R/site-library/RcppEigen/include/Eigen/src/Cholesky/LLT.h:109:14:   required from ‘Eigen::LLT<MatrixType, UpLo>::LLT(const Eigen::EigenBase<OtherDerived>&) [with InputType = Eigen::Matrix<double, -1, -1>; _MatrixType = Eigen::Matrix<double, -1, -1>; int _UpLo = 1]’
/usr/local/lib/R/site-library/RcppEigen/include/Eigen/src/Cholesky/LLT.h:542:10:   required from ‘const Eigen::LLT<typename Eigen::DenseBase<Derived>::PlainObject> Eigen::MatrixBase<Derived>::llt() const [with Derived = Eigen::Matrix<double, -1, -1>; typename Eigen::DenseBase<Derived>::PlainObject = Eigen::Matrix<double, -1, -1>]’
../inst/include/RcppML/project.hpp:123:51:   required from here
/usr/local/lib/R/site-library/RcppEigen/include/Eigen/src/Core/DenseCoeffsBase.h:56:30: warning: ignoring attributes on template argument ‘Eigen::internal::packet_traits<double>::type’ {aka ‘__m128d’} [-Wignored-attributes]
   56 |                      >::type PacketReturnType;
      |                              ^~~~~~~~~~~~~~~~
/usr/local/lib/R/site-library/RcppEigen/include/Eigen/src/Core/DenseCoeffsBase.h: In instantiation of ‘class Eigen::DenseCoeffsBase<Eigen::Map<const Eigen::Matrix<double, -1, -1>, 0, Eigen::OuterStride<> >, 0>’:
/usr/local/lib/R/site-library/RcppEigen/include/Eigen/src/Core/DenseCoeffsBase.h:481:7:   required from ‘class Eigen::DenseCoeffsBase<Eigen::Map<const Eigen::Matrix<double, -1, -1>, 0, Eigen::OuterStride<> >, 2>’
/usr/local/lib/R/site-library/RcppEigen/include/Eigen/src/Core/DenseBase.h:41:34:   required from ‘class Eigen::DenseBase<Eigen::Map<const Eigen::Matrix<double, -1, -1>, 0, Eigen::OuterStride<> > >’
/usr/local/lib/R/site-library/RcppEigen/include/Eigen/src/Core/MatrixBase.h:48:34:   required from ‘class Eigen::MatrixBase<Eigen::Map<const Eigen::Matrix<double, -1, -1>, 0, Eigen::OuterStride<> > >’
/usr/local/lib/R/site-library/RcppEigen/include/Eigen/src/Core/MapBase.h:37:34:   required from ‘class Eigen::MapBase<Eigen::Map<const Eigen::Matrix<double, -1, -1>, 0, Eigen::OuterStride<> >, 0>’
/usr/local/lib/R/site-library/RcppEigen/include/Eigen/src/Core/Map.h:94:79:   required from ‘class Eigen::Map<const Eigen::Matrix<double, -1, -1>, 0, Eigen::OuterStride<> >’
/usr/local/lib/R/site-library/RcppEigen/include/Eigen/src/Core/products/TriangularSolverVector.h:97:18:   [ skipping 6 instantiation contexts, use -ftemplate-backtrace-limit=0 to disable ]
/usr/local/lib/R/site-library/RcppEigen/include/Eigen/src/Core/Solve.h:147:26:   required from ‘static void Eigen::internal::Assignment<DstXprType, Eigen::Solve<DecType, RhsType>, Eigen::internal::assign_op<Scalar, Scalar>, Eigen::internal::Dense2Dense>::run(DstXprType&, const SrcXprType&, const Eigen::internal::assign_op<Scalar, Scalar>&) [with DstXprType = Eigen::Block<Eigen::Matrix<double, -1, -1>, -1, 1, true>; DecType = Eigen::LLT<Eigen::Matrix<double, -1, -1>, 1>; RhsType = Eigen::Matrix<double, -1, 1>; Scalar = double; Eigen::internal::Assignment<DstXprType, Eigen::Solve<DecType, RhsType>, Eigen::internal::assign_op<Scalar, Scalar>, Eigen::internal::Dense2Dense>::SrcXprType = Eigen::Solve<Eigen::LLT<Eigen::Matrix<double, -1, -1>, 1>, Eigen::Matrix<double, -1, 1> >]’
/usr/local/lib/R/site-library/RcppEigen/include/Eigen/src/Core/AssignEvaluator.h:890:49:   required from ‘void Eigen::internal::call_assignment_no_alias(Dst&, const Src&, const Func&) [with Dst = Eigen::Block<Eigen::Matrix<double, -1, -1>, -1, 1, true>; Src = Eigen::Solve<Eigen::LLT<Eigen::Matrix<double, -1, -1>, 1>, Eigen::Matrix<double, -1, 1> >; Func = Eigen::internal::assign_op<double, double>]’
/usr/local/lib/R/site-library/RcppEigen/include/Eigen/src/Core/AssignEvaluator.h:858:27:   required from ‘void Eigen::internal::call_assignment(Dst&, const Src&, const Func&, typename Eigen::internal::enable_if<(! Eigen::internal::evaluator_assume_aliasing<Src>::value), void*>::type) [with Dst = Eigen::Block<Eigen::Matrix<double, -1, -1>, -1, 1, true>; Src = Eigen::Solve<Eigen::LLT<Eigen::Matrix<double, -1, -1>, 1>, Eigen::Matrix<double, -1, 1> >; Func = Eigen::internal::assign_op<double, double>; typename Eigen::internal::enable_if<(! Eigen::internal::evaluator_assume_aliasing<Src>::value), void*>::type = void*; typename Eigen::internal::evaluator_traits<SrcXprType>::Shape = Eigen::DenseShape]’
/usr/local/lib/R/site-library/RcppEigen/include/Eigen/src/Core/AssignEvaluator.h:836:18:   required from ‘void Eigen::internal::call_assignment(Dst&, const Src&) [with Dst = Eigen::Block<Eigen::Matrix<double, -1, -1>, -1, 1, true>; Src = Eigen::Solve<Eigen::LLT<Eigen::Matrix<double, -1, -1>, 1>, Eigen::Matrix<double, -1, 1> >]’
/usr/local/lib/R/site-library/RcppEigen/include/Eigen/src/Core/Assign.h:66:28:   required from ‘Derived& Eigen::MatrixBase<Derived>::operator=(const Eigen::DenseBase<OtherDerived>&) [with OtherDerived = Eigen::Solve<Eigen::LLT<Eigen::Matrix<double, -1, -1>, 1>, Eigen::Matrix<double, -1, 1> >; Derived = Eigen::Block<Eigen::Matrix<double, -1, -1>, -1, 1, true>]’
../inst/include/RcppML/project.hpp:133:33:   required from here
/usr/local/lib/R/site-library/RcppEigen/include/Eigen/src/Core/DenseCoeffsBase.h:56:30: warning: ignoring attributes on template argument ‘Eigen::internal::packet_traits<double>::type’ {aka ‘__m128d’} [-Wignored-attributes]
/usr/local/lib/R/site-library/RcppEigen/include/Eigen/src/Core/DenseCoeffsBase.h: In instantiation of ‘class Eigen::DenseCoeffsBase<Eigen::Map<Eigen::Matrix<double, -1, 1>, 0, Eigen::Stride<0, 0> >, 0>’:
/usr/local/lib/R/site-library/RcppEigen/include/Eigen/src/Core/DenseCoeffsBase.h:302:7:   required from ‘class Eigen::DenseCoeffsBase<Eigen::Map<Eigen::Matrix<double, -1, 1>, 0, Eigen::Stride<0, 0> >, 1>’
/usr/local/lib/R/site-library/RcppEigen/include/Eigen/src/Core/DenseCoeffsBase.h:555:7:   required from ‘class Eigen::DenseCoeffsBase<Eigen::Map<Eigen::Matrix<double, -1, 1>, 0, Eigen::Stride<0, 0> >, 3>’
/usr/local/lib/R/site-library/RcppEigen/include/Eigen/src/Core/DenseBase.h:41:34:   required from ‘class Eigen::DenseBase<Eigen::Map<Eigen::Matrix<double, -1, 1>, 0, Eigen::Stride<0, 0> > >’
/usr/local/lib/R/site-library/RcppEigen/include/Eigen/src/Core/MatrixBase.h:48:34:   required from ‘class Eigen::MatrixBase<Eigen::Map<Eigen::Matrix<double, -1, 1>, 0, Eigen::Stride<0, 0> > >’
/usr/local/lib/R/site-library/RcppEigen/include/Eigen/src/Core/MapBase.h:37:34:   required from ‘class Eigen::MapBase<Eigen::Map<Eigen::Matrix<double, -1, 1>, 0, Eigen::Stride<0, 0> >, 0>’
/usr/local/lib/R/site-library/RcppEigen/include/Eigen/src/Core/MapBase.h:223:34:   [ skipping 8 instantiation contexts, use -ftemplate-backtrace-limit=0 to disable ]
/usr/local/lib/R/site-library/RcppEigen/include/Eigen/src/Core/Solve.h:147:26:   required from ‘static void Eigen::internal::Assignment<DstXprType, Eigen::Solve<DecType, RhsType>, Eigen::internal::assign_op<Scalar, Scalar>, Eigen::internal::Dense2Dense>::run(DstXprType&, const SrcXprType&, const Eigen::internal::assign_op<Scalar, Scalar>&) [with DstXprType = Eigen::Block<Eigen::Matrix<double, -1, -1>, -1, 1, true>; DecType = Eigen::LLT<Eigen::Matrix<double, -1, -1>, 1>; RhsType = Eigen::Matrix<double, -1, 1>; Scalar = double; Eigen::internal::Assignment<DstXprType, Eigen::Solve<DecType, RhsType>, Eigen::internal::assign_op<Scalar, Scalar>, Eigen::internal::Dense2Dense>::SrcXprType = Eigen::Solve<Eigen::LLT<Eigen::Matrix<double, -1, -1>, 1>, Eigen::Matrix<double, -1, 1> >]’
/usr/local/lib/R/site-library/RcppEigen/include/Eigen/src/Core/AssignEvaluator.h:890:49:   required from ‘void Eigen::internal::call_assignment_no_alias(Dst&, const Src&, const Func&) [with Dst = Eigen::Block<Eigen::Matrix<double, -1, -1>, -1, 1, true>; Src = Eigen::Solve<Eigen::LLT<Eigen::Matrix<double, -1, -1>, 1>, Eigen::Matrix<double, -1, 1> >; Func = Eigen::internal::assign_op<double, double>]’
/usr/local/lib/R/site-library/RcppEigen/include/Eigen/src/Core/AssignEvaluator.h:858:27:   required from ‘void Eigen::internal::call_assignment(Dst&, const Src&, const Func&, typename Eigen::internal::enable_if<(! Eigen::internal::evaluator_assume_aliasing<Src>::value), void*>::type) [with Dst = Eigen::Block<Eigen::Matrix<double, -1, -1>, -1, 1, true>; Src = Eigen::Solve<Eigen::LLT<Eigen::Matrix<double, -1, -1>, 1>, Eigen::Matrix<double, -1, 1> >; Func = Eigen::internal::assign_op<double, double>; typename Eigen::internal::enable_if<(! Eigen::internal::evaluator_assume_aliasing<Src>::value), void*>::type = void*; typename Eigen::internal::evaluator_traits<SrcXprType>::Shape = Eigen::DenseShape]’
/usr/local/lib/R/site-library/RcppEigen/include/Eigen/src/Core/AssignEvaluator.h:836:18:   required from ‘void Eigen::internal::call_assignment(Dst&, const Src&) [with Dst = Eigen::Block<Eigen::Matrix<double, -1, -1>, -1, 1, true>; Src = Eigen::Solve<Eigen::LLT<Eigen::Matrix<double, -1, -1>, 1>, Eigen::Matrix<double, -1, 1> >]’
/usr/local/lib/R/site-library/RcppEigen/include/Eigen/src/Core/Assign.h:66:28:   required from ‘Derived& Eigen::MatrixBase<Derived>::operator=(const Eigen::DenseBase<OtherDerived>&) [with OtherDerived = Eigen::Solve<Eigen::LLT<Eigen::Matrix<double, -1, -1>, 1>, Eigen::Matrix<double, -1, 1> >; Derived = Eigen::Block<Eigen::Matrix<double, -1, -1>, -1, 1, true>]’
../inst/include/RcppML/project.hpp:133:33:   required from here
/usr/local/lib/R/site-library/RcppEigen/include/Eigen/src/Core/DenseCoeffsBase.h:56:30: warning: ignoring attributes on template argument ‘Eigen::internal::packet_traits<double>::type’ {aka ‘__m128d’} [-Wignored-attributes]
/usr/local/lib/R/site-library/RcppEigen/include/Eigen/src/Core/DenseCoeffsBase.h: In instantiation of ‘class Eigen::DenseCoeffsBase<Eigen::Block<const Eigen::Map<const Eigen::Matrix<double, -1, -1>, 0, Eigen::OuterStride<> >, -1, 1, true>, 0>’:
/usr/local/lib/R/site-library/RcppEigen/include/Eigen/src/Core/DenseCoeffsBase.h:481:7:   required from ‘class Eigen::DenseCoeffsBase<Eigen::Block<const Eigen::Map<const Eigen::Matrix<double, -1, -1>, 0, Eigen::OuterStride<> >, -1, 1, true>, 2>’
/usr/local/lib/R/site-library/RcppEigen/include/Eigen/src/Core/DenseBase.h:41:34:   required from ‘class Eigen::DenseBase<Eigen::Block<const Eigen::Map<const Eigen::Matrix<double, -1, -1>, 0, Eigen::OuterStride<> >, -1, 1, true> >’
/usr/local/lib/R/site-library/RcppEigen/include/Eigen/src/Core/MatrixBase.h:48:34:   required from ‘class Eigen::MatrixBase<Eigen::Block<const Eigen::Map<const Eigen::Matrix<double, -1, -1>, 0, Eigen::OuterStride<> >, -1, 1, true> >’
/usr/local/lib/R/site-library/RcppEigen/include/Eigen/src/Core/MapBase.h:37:34:   required from ‘class Eigen::MapBase<Eigen::Block<const Eigen::Map<const Eigen::Matrix<double, -1, -1>, 0, Eigen::OuterStride<> >, -1, 1, true>, 0>’
/usr/local/lib/R/site-library/RcppEigen/include/Eigen/src/Core/Block.h:329:7:   required from ‘class Eigen::internal::BlockImpl_dense<const Eigen::Map<const Eigen::Matrix<double, -1, -1>, 0, Eigen::OuterStride<> >, -1, 1, true, true>’
/usr/local/lib/R/site-library/RcppEigen/include/Eigen/src/Core/Block.h:154:7:   [ skipping 8 instantiation contexts, use -ftemplate-backtrace-limit=0 to disable ]
/usr/local/lib/R/site-library/RcppEigen/include/Eigen/src/Core/Solve.h:147:26:   required from ‘static void Eigen::internal::Assignment<DstXprType, Eigen::Solve<DecType, RhsType>, Eigen::internal::assign_op<Scalar, Scalar>, Eigen::internal::Dense2Dense>::run(DstXprType&, const SrcXprType&, const Eigen::internal::assign_op<Scalar, Scalar>&) [with DstXprType = Eigen::Block<Eigen::Matrix<double, -1, -1>, -1, 1, true>; DecType = Eigen::LLT<Eigen::Matrix<double, -1, -1>, 1>; RhsType = Eigen::Matrix<double, -1, 1>; Scalar = double; Eigen::internal::Assignment<DstXprType, Eigen::Solve<DecType, RhsType>, Eigen::internal::assign_op<Scalar, Scalar>, Eigen::internal::Dense2Dense>::SrcXprType = Eigen::Solve<Eigen::LLT<Eigen::Matrix<double, -1, -1>, 1>, Eigen::Matrix<double, -1, 1> >]’
/usr/local/lib/R/site-library/RcppEigen/include/Eigen/src/Core/AssignEvaluator.h:890:49:   required from ‘void Eigen::internal::call_assignment_no_alias(Dst&, const Src&, const Func&) [with Dst = Eigen::Block<Eigen::Matrix<double, -1, -1>, -1, 1, true>; Src = Eigen::Solve<Eigen::LLT<Eigen::Matrix<double, -1, -1>, 1>, Eigen::Matrix<double, -1, 1> >; Func = Eigen::internal::assign_op<double, double>]’
/usr/local/lib/R/site-library/RcppEigen/include/Eigen/src/Core/AssignEvaluator.h:858:27:   required from ‘void Eigen::internal::call_assignment(Dst&, const Src&, const Func&, typename Eigen::internal::enable_if<(! Eigen::internal::evaluator_assume_aliasing<Src>::value), void*>::type) [with Dst = Eigen::Block<Eigen::Matrix<double, -1, -1>, -1, 1, true>; Src = Eigen::Solve<Eigen::LLT<Eigen::Matrix<double, -1, -1>, 1>, Eigen::Matrix<double, -1, 1> >; Func = Eigen::internal::assign_op<double, double>; typename Eigen::internal::enable_if<(! Eigen::internal::evaluator_assume_aliasing<Src>::value), void*>::type = void*; typename Eigen::internal::evaluator_traits<SrcXprType>::Shape = Eigen::DenseShape]’
/usr/local/lib/R/site-library/RcppEigen/include/Eigen/src/Core/AssignEvaluator.h:836:18:   required from ‘void Eigen::internal::call_assignment(Dst&, const Src&) [with Dst = Eigen::Block<Eigen::Matrix<double, -1, -1>, -1, 1, true>; Src = Eigen::Solve<Eigen::LLT<Eigen::Matrix<double, -1, -1>, 1>, Eigen::Matrix<double, -1, 1> >]’
/usr/local/lib/R/site-library/RcppEigen/include/Eigen/src/Core/Assign.h:66:28:   required from ‘Derived& Eigen::MatrixBase<Derived>::operator=(const Eigen::DenseBase<OtherDerived>&) [with OtherDerived = Eigen::Solve<Eigen::LLT<Eigen::Matrix<double, -1, -1>, 1>, Eigen::Matrix<double, -1, 1> >; Derived = Eigen::Block<Eigen::Matrix<double, -1, -1>, -1, 1, true>]’
../inst/include/RcppML/project.hpp:133:33:   required from here
/usr/local/lib/R/site-library/RcppEigen/include/Eigen/src/Core/DenseCoeffsBase.h:56:30: warning: ignoring attributes on template argument ‘Eigen::internal::packet_traits<double>::type’ {aka ‘__m128d’} [-Wignored-attributes]
/usr/local/lib/R/site-library/RcppEigen/include/Eigen/src/Core/DenseCoeffsBase.h: In instantiation of ‘class Eigen::DenseCoeffsBase<Eigen::Block<const Eigen::Block<const Eigen::Map<const Eigen::Matrix<double, -1, -1>, 0, Eigen::OuterStride<> >, -1, 1, true>, -1, 1, false>, 0>’:
/usr/local/lib/R/site-library/RcppEigen/include/Eigen/src/Core/DenseCoeffsBase.h:481:7:   required from ‘class Eigen::DenseCoeffsBase<Eigen::Block<const Eigen::Block<const Eigen::Map<const Eigen::Matrix<double, -1, -1>, 0, Eigen::OuterStride<> >, -1, 1, true>, -1, 1, false>, 2>’
/usr/local/lib/R/site-library/RcppEigen/include/Eigen/src/Core/DenseBase.h:41:34:   required from ‘class Eigen::DenseBase<Eigen::Block<const Eigen::Block<const Eigen::Map<const Eigen::Matrix<double, -1, -1>, 0, Eigen::OuterStride<> >, -1, 1, true>, -1, 1, false> >’
/usr/local/lib/R/site-library/RcppEigen/include/Eigen/src/Core/MatrixBase.h:48:34:   required from ‘class Eigen::MatrixBase<Eigen::Block<const Eigen::Block<const Eigen::Map<const Eigen::Matrix<double, -1, -1>, 0, Eigen::OuterStride<> >, -1, 1, true>, -1, 1, false> >’
/usr/local/lib/R/site-library/RcppEigen/include/Eigen/src/Core/MapBase.h:37:34:   required from ‘class Eigen::MapBase<Eigen::Block<const Eigen::Block<const Eigen::Map<const Eigen::Matrix<double, -1, -1>, 0, Eigen::OuterStride<> >, -1, 1, true>, -1, 1, false>, 0>’
/usr/local/lib/R/site-library/RcppEigen/include/Eigen/src/Core/Block.h:329:7:   required from ‘class Eigen::internal::BlockImpl_dense<const Eigen::Block<const Eigen::Map<const Eigen::Matrix<double, -1, -1>, 0, Eigen::OuterStride<> >, -1, 1, true>, -1, 1, false, true>’
/usr/local/lib/R/site-library/RcppEigen/include/Eigen/src/Core/Block.h:154:7:   [ skipping 9 instantiation contexts, use -ftemplate-backtrace-limit=0 to disable ]
/usr/local/lib/R/site-library/RcppEigen/include/Eigen/src/Core/Solve.h:147:26:   required from ‘static void Eigen::internal::Assignment<DstXprType, Eigen::Solve<DecType, RhsType>, Eigen::internal::assign_op<Scalar, Scalar>, Eigen::internal::Dense2Dense>::run(DstXprType&, const SrcXprType&, const Eigen::internal::assign_op<Scalar, Scalar>&) [with DstXprType = Eigen::Block<Eigen::Matrix<double, -1, -1>, -1, 1, true>; DecType = Eigen::LLT<Eigen::Matrix<double, -1, -1>, 1>; RhsType = Eigen::Matrix<double, -1, 1>; Scalar = double; Eigen::internal::Assignment<DstXprType, Eigen::Solve<DecType, RhsType>, Eigen::internal::assign_op<Scalar, Scalar>, Eigen::internal::Dense2Dense>::SrcXprType = Eigen::Solve<Eigen::LLT<Eigen::Matrix<double, -1, -1>, 1>, Eigen::Matrix<double, -1, 1> >]’
/usr/local/lib/R/site-library/RcppEigen/include/Eigen/src/Core/AssignEvaluator.h:890:49:   required from ‘void Eigen::internal::call_assignment_no_alias(Dst&, const Src&, const Func&) [with Dst = Eigen::Block<Eigen::Matrix<double, -1, -1>, -1, 1, true>; Src = Eigen::Solve<Eigen::LLT<Eigen::Matrix<double, -1, -1>, 1>, Eigen::Matrix<double, -1, 1> >; Func = Eigen::internal::assign_op<double, double>]’
/usr/local/lib/R/site-library/RcppEigen/include/Eigen/src/Core/AssignEvaluator.h:858:27:   required from ‘void Eigen::internal::call_assignment(Dst&, const Src&, const Func&, typename Eigen::internal::enable_if<(! Eigen::internal::evaluator_assume_aliasing<Src>::value), void*>::type) [with Dst = Eigen::Block<Eigen::Matrix<double, -1, -1>, -1, 1, true>; Src = Eigen::Solve<Eigen::LLT<Eigen::Matrix<double, -1, -1>, 1>, Eigen::Matrix<double, -1, 1> >; Func = Eigen::internal::assign_op<double, double>; typename Eigen::internal::enable_if<(! Eigen::internal::evaluator_assume_aliasing<Src>::value), void*>::type = void*; typename Eigen::internal::evaluator_traits<SrcXprType>::Shape = Eigen::DenseShape]’
/usr/local/lib/R/site-library/RcppEigen/include/Eigen/src/Core/AssignEvaluator.h:836:18:   required from ‘void Eigen::internal::call_assignment(Dst&, const Src&) [with Dst = Eigen::Block<Eigen::Matrix<double, -1, -1>, -1, 1, true>; Src = Eigen::Solve<Eigen::LLT<Eigen::Matrix<double, -1, -1>, 1>, Eigen::Matrix<double, -1, 1> >]’
/usr/local/lib/R/site-library/RcppEigen/include/Eigen/src/Core/Assign.h:66:28:   required from ‘Derived& Eigen::MatrixBase<Derived>::operator=(const Eigen::DenseBase<OtherDerived>&) [with OtherDerived = Eigen::Solve<Eigen::LLT<Eigen::Matrix<double, -1, -1>, 1>, Eigen::Matrix<double, -1, 1> >; Derived = Eigen::Block<Eigen::Matrix<double, -1, -1>, -1, 1, true>]’
../inst/include/RcppML/project.hpp:133:33:   required from here
/usr/local/lib/R/site-library/RcppEigen/include/Eigen/src/Core/DenseCoeffsBase.h:56:30: warning: ignoring attributes on template argument ‘Eigen::internal::packet_traits<double>::type’ {aka ‘__m128d’} [-Wignored-attributes]
/usr/local/lib/R/site-library/RcppEigen/include/Eigen/src/Core/DenseCoeffsBase.h: In instantiation of ‘class Eigen::DenseCoeffsBase<Eigen::CwiseBinaryOp<Eigen::internal::scalar_product_op<double, double>, const Eigen::CwiseNullaryOp<Eigen::internal::scalar_constant_op<double>, const Eigen::Matrix<double, -1, 1> >, const Eigen::Block<const Eigen::Block<const Eigen::Map<const Eigen::Matrix<double, -1, -1>, 0, Eigen::OuterStride<> >, -1, 1, true>, -1, 1, false> >, 0>’:
/usr/local/lib/R/site-library/RcppEigen/include/Eigen/src/Core/DenseBase.h:41:34:   required from ‘class Eigen::DenseBase<Eigen::CwiseBinaryOp<Eigen::internal::scalar_product_op<double, double>, const Eigen::CwiseNullaryOp<Eigen::internal::scalar_constant_op<double>, const Eigen::Matrix<double, -1, 1> >, const Eigen::Block<const Eigen::Block<const Eigen::Map<const Eigen::Matrix<double, -1, -1>, 0, Eigen::OuterStride<> >, -1, 1, true>, -1, 1, false> > >’
/usr/local/lib/R/site-library/RcppEigen/include/Eigen/src/Core/MatrixBase.h:48:34:   required from ‘class Eigen::MatrixBase<Eigen::CwiseBinaryOp<Eigen::internal::scalar_product_op<double, double>, const Eigen::CwiseNullaryOp<Eigen::internal::scalar_constant_op<double>, const Eigen::Matrix<double, -1, 1> >, const Eigen::Block<const Eigen::Block<const Eigen::Map<const Eigen::Matrix<double, -1, -1>, 0, Eigen::OuterStride<> >, -1, 1, true>, -1, 1, false> > >’
/usr/local/lib/R/site-library/RcppEigen/include/Eigen/src/Core/CwiseBinaryOp.h:148:7:   required from ‘class Eigen::CwiseBinaryOpImpl<Eigen::internal::scalar_product_op<double, double>, const Eigen::CwiseNullaryOp<Eigen::internal::scalar_constant_op<double>, const Eigen::Matrix<double, -1, 1> >, const Eigen::Block<const Eigen::Block<const Eigen::Map<const Eigen::Matrix<double, -1, -1>, 0, Eigen::OuterStride<> >, -1, 1, true>, -1, 1, false>, Eigen::Dense>’
/usr/local/lib/R/site-library/RcppEigen/include/Eigen/src/Core/CwiseBinaryOp.h:77:7:   required from ‘class Eigen::CwiseBinaryOp<Eigen::internal::scalar_product_op<double, double>, const Eigen::CwiseNullaryOp<Eigen::internal::scalar_constant_op<double>, const Eigen::Matrix<double, -1, 1> >, const Eigen::Block<const Eigen::Block<const Eigen::Map<const Eigen::Matrix<double, -1, -1>, 0, Eigen::OuterStride<> >, -1, 1, true>, -1, 1, false> >’
/usr/local/lib/R/site-library/RcppEigen/include/Eigen/src/Core/products/TriangularSolverVector.h:125:66:   required from ‘static void Eigen::internal::triangular_solve_vector<LhsScalar, RhsScalar, Index, 1, Mode, Conjugate, 0>::run(Index, const LhsScalar*, Index, RhsScalar*) [with LhsScalar = double; RhsScalar = double; Index = long int; int Mode = 1; bool Conjugate = false]’
/usr/local/lib/R/site-library/RcppEigen/include/Eigen/src/Core/SolveTriangular.h:73:12:   [ skipping 5 instantiation contexts, use -ftemplate-backtrace-limit=0 to disable ]
/usr/local/lib/R/site-library/RcppEigen/include/Eigen/src/Core/Solve.h:147:26:   required from ‘static void Eigen::internal::Assignment<DstXprType, Eigen::Solve<DecType, RhsType>, Eigen::internal::assign_op<Scalar, Scalar>, Eigen::internal::Dense2Dense>::run(DstXprType&, const SrcXprType&, const Eigen::internal::assign_op<Scalar, Scalar>&) [with DstXprType = Eigen::Block<Eigen::Matrix<double, -1, -1>, -1, 1, true>; DecType = Eigen::LLT<Eigen::Matrix<double, -1, -1>, 1>; RhsType = Eigen::Matrix<double, -1, 1>; Scalar = double; Eigen::internal::Assignment<DstXprType, Eigen::Solve<DecType, RhsType>, Eigen::internal::assign_op<Scalar, Scalar>, Eigen::internal::Dense2Dense>::SrcXprType = Eigen::Solve<Eigen::LLT<Eigen::Matrix<double, -1, -1>, 1>, Eigen::Matrix<double, -1, 1> >]’
/usr/local/lib/R/site-library/RcppEigen/include/Eigen/src/Core/AssignEvaluator.h:890:49:   required from ‘void Eigen::internal::call_assignment_no_alias(Dst&, const Src&, const Func&) [with Dst = Eigen::Block<Eigen::Matrix<double, -1, -1>, -1, 1, true>; Src = Eigen::Solve<Eigen::LLT<Eigen::Matrix<double, -1, -1>, 1>, Eigen::Matrix<double, -1, 1> >; Func = Eigen::internal::assign_op<double, double>]’
/usr/local/lib/R/site-library/RcppEigen/include/Eigen/src/Core/AssignEvaluator.h:858:27:   required from ‘void Eigen::internal::call_assignment(Dst&, const Src&, const Func&, typename Eigen::internal::enable_if<(! Eigen::internal::evaluator_assume_aliasing<Src>::value), void*>::type) [with Dst = Eigen::Block<Eigen::Matrix<double, -1, -1>, -1, 1, true>; Src = Eigen::Solve<Eigen::LLT<Eigen::Matrix<double, -1, -1>, 1>, Eigen::Matrix<double, -1, 1> >; Func = Eigen::internal::assign_op<double, double>; typename Eigen::internal::enable_if<(! Eigen::internal::evaluator_assume_aliasing<Src>::value), void*>::type = void*; typename Eigen::internal::evaluator_traits<SrcXprType>::Shape = Eigen::DenseShape]’
/usr/local/lib/R/site-library/RcppEigen/include/Eigen/src/Core/AssignEvaluator.h:836:18:   required from ‘void Eigen::internal::call_assignment(Dst&, const Src&) [with Dst = Eigen::Block<Eigen::Matrix<double, -1, -1>, -1, 1, true>; Src = Eigen::Solve<Eigen::LLT<Eigen::Matrix<double, -1, -1>, 1>, Eigen::Matrix<double, -1, 1> >]’
/usr/local/lib/R/site-library/RcppEigen/include/Eigen/src/Core/Assign.h:66:28:   required from ‘Derived& Eigen::MatrixBase<Derived>::operator=(const Eigen::DenseBase<OtherDerived>&) [with OtherDerived = Eigen::Solve<Eigen::LLT<Eigen::Matrix<double, -1, -1>, 1>, Eigen::Matrix<double, -1, 1> >; Derived = Eigen::Block<Eigen::Matrix<double, -1, -1>, -1, 1, true>]’
../inst/include/RcppML/project.hpp:133:33:   required from here
/usr/local/lib/R/site-library/RcppEigen/include/Eigen/src/Core/DenseCoeffsBase.h:56:30: warning: ignoring attributes on template argument ‘Eigen::internal::packet_traits<double>::type’ {aka ‘__m128d’} [-Wignored-attributes]
/usr/local/lib/R/site-library/RcppEigen/include/Eigen/src/Core/DenseCoeffsBase.h: In instantiation of ‘class Eigen::DenseCoeffsBase<Eigen::Matrix<double, -1, -1, 1, -1, -1>, 0>’:
/usr/local/lib/R/site-library/RcppEigen/include/Eigen/src/Core/DenseCoeffsBase.h:302:7:   required from ‘class Eigen::DenseCoeffsBase<Eigen::Matrix<double, -1, -1, 1, -1, -1>, 1>’
/usr/local/lib/R/site-library/RcppEigen/include/Eigen/src/Core/DenseCoeffsBase.h:555:7:   required from ‘class Eigen::DenseCoeffsBase<Eigen::Matrix<double, -1, -1, 1, -1, -1>, 3>’
/usr/local/lib/R/site-library/RcppEigen/include/Eigen/src/Core/DenseBase.h:41:34:   required from ‘class Eigen::DenseBase<Eigen::Matrix<double, -1, -1, 1, -1, -1> >’
/usr/local/lib/R/site-library/RcppEigen/include/Eigen/src/Core/MatrixBase.h:48:34:   required from ‘class Eigen::MatrixBase<Eigen::Matrix<double, -1, -1, 1, -1, -1> >’
/usr/local/lib/R/site-library/RcppEigen/include/Eigen/src/Core/PlainObjectBase.h:98:7:   required from ‘class Eigen::PlainObjectBase<Eigen::Matrix<double, -1, -1, 1, -1, -1> >’
/usr/local/lib/R/site-library/RcppEigen/include/Eigen/src/Core/Matrix.h:178:7:   [ skipping 10 instantiation contexts, use -ftemplate-backtrace-limit=0 to disable ]
/usr/local/lib/R/site-library/RcppEigen/include/Eigen/src/Core/Solve.h:147:26:   required from ‘static void Eigen::internal::Assignment<DstXprType, Eigen::Solve<DecType, RhsType>, Eigen::internal::assign_op<Scalar, Scalar>, Eigen::internal::Dense2Dense>::run(DstXprType&, const SrcXprType&, const Eigen::internal::assign_op<Scalar, Scalar>&) [with DstXprType = Eigen::Block<Eigen::Matrix<double, -1, -1>, -1, 1, true>; DecType = Eigen::LLT<Eigen::Matrix<double, -1, -1>, 1>; RhsType = Eigen::Matrix<double, -1, 1>; Scalar = double; Eigen::internal::Assignment<DstXprType, Eigen::Solve<DecType, RhsType>, Eigen::internal::assign_op<Scalar, Scalar>, Eigen::internal::Dense2Dense>::SrcXprType = Eigen::Solve<Eigen::LLT<Eigen::Matrix<double, -1, -1>, 1>, Eigen::Matrix<double, -1, 1> >]’
/usr/local/lib/R/site-library/RcppEigen/include/Eigen/src/Core/AssignEvaluator.h:890:49:   required from ‘void Eigen::internal::call_assignment_no_alias(Dst&, const Src&, const Func&) [with Dst = Eigen::Block<Eigen::Matrix<double, -1, -1>, -1, 1, true>; Src = Eigen::Solve<Eigen::LLT<Eigen::Matrix<double, -1, -1>, 1>, Eigen::Matrix<double, -1, 1> >; Func = Eigen::internal::assign_op<double, double>]’
/usr/local/lib/R/site-library/RcppEigen/include/Eigen/src/Core/AssignEvaluator.h:858:27:   required from ‘void Eigen::internal::call_assignment(Dst&, const Src&, const Func&, typename Eigen::internal::enable_if<(! Eigen::internal::evaluator_assume_aliasing<Src>::value), void*>::type) [with Dst = Eigen::Block<Eigen::Matrix<double, -1, -1>, -1, 1, true>; Src = Eigen::Solve<Eigen::LLT<Eigen::Matrix<double, -1, -1>, 1>, Eigen::Matrix<double, -1, 1> >; Func = Eigen::internal::assign_op<double, double>; typename Eigen::internal::enable_if<(! Eigen::internal::evaluator_assume_aliasing<Src>::value), void*>::type = void*; typename Eigen::internal::evaluator_traits<SrcXprType>::Shape = Eigen::DenseShape]’
/usr/local/lib/R/site-library/RcppEigen/include/Eigen/src/Core/AssignEvaluator.h:836:18:   required from ‘void Eigen::internal::call_assignment(Dst&, const Src&) [with Dst = Eigen::Block<Eigen::Matrix<double, -1, -1>, -1, 1, true>; Src = Eigen::Solve<Eigen::LLT<Eigen::Matrix<double, -1, -1>, 1>, Eigen::Matrix<double, -1, 1> >]’
/usr/local/lib/R/site-library/RcppEigen/include/Eigen/src/Core/Assign.h:66:28:   required from ‘Derived& Eigen::MatrixBase<Derived>::operator=(const Eigen::DenseBase<OtherDerived>&) [with OtherDerived = Eigen::Solve<Eigen::LLT<Eigen::Matrix<double, -1, -1>, 1>, Eigen::Matrix<double, -1, 1> >; Derived = Eigen::Block<Eigen::Matrix<double, -1, -1>, -1, 1, true>]’
../inst/include/RcppML/project.hpp:133:33:   required from here
/usr/local/lib/R/site-library/RcppEigen/include/Eigen/src/Core/DenseCoeffsBase.h:56:30: warning: ignoring attributes on template argument ‘Eigen::internal::packet_traits<double>::type’ {aka ‘__m128d’} [-Wignored-attributes]
/usr/local/lib/R/site-library/RcppEigen/include/Eigen/src/Core/DenseCoeffsBase.h: In instantiation of ‘class Eigen::DenseCoeffsBase<Eigen::Map<const Eigen::Matrix<double, -1, -1, 1, -1, -1>, 0, Eigen::OuterStride<> >, 0>’:
/usr/local/lib/R/site-library/RcppEigen/include/Eigen/src/Core/DenseCoeffsBase.h:481:7:   required from ‘class Eigen::DenseCoeffsBase<Eigen::Map<const Eigen::Matrix<double, -1, -1, 1, -1, -1>, 0, Eigen::OuterStride<> >, 2>’
/usr/local/lib/R/site-library/RcppEigen/include/Eigen/src/Core/DenseBase.h:41:34:   required from ‘class Eigen::DenseBase<Eigen::Map<const Eigen::Matrix<double, -1, -1, 1, -1, -1>, 0, Eigen::OuterStride<> > >’
/usr/local/lib/R/site-library/RcppEigen/include/Eigen/src/Core/MatrixBase.h:48:34:   required from ‘class Eigen::MatrixBase<Eigen::Map<const Eigen::Matrix<double, -1, -1, 1, -1, -1>, 0, Eigen::OuterStride<> > >’
/usr/local/lib/R/site-library/RcppEigen/include/Eigen/src/Core/MapBase.h:37:34:   required from ‘class Eigen::MapBase<Eigen::Map<const Eigen::Matrix<double, -1, -1, 1, -1, -1>, 0, Eigen::OuterStride<> >, 0>’
/usr/local/lib/R/site-library/RcppEigen/include/Eigen/src/Core/Map.h:94:79:   required from ‘class Eigen::Map<const Eigen::Matrix<double, -1, -1, 1, -1, -1>, 0, Eigen::OuterStride<> >’
/usr/local/lib/R/site-library/RcppEigen/include/Eigen/src/Core/products/TriangularSolverVector.h:39:18:   [ skipping 6 instantiation contexts, use -ftemplate-backtrace-limit=0 to disable ]
/usr/local/lib/R/site-library/RcppEigen/include/Eigen/src/Core/Solve.h:147:26:   required from ‘static void Eigen::internal::Assignment<DstXprType, Eigen::Solve<DecType, RhsType>, Eigen::internal::assign_op<Scalar, Scalar>, Eigen::internal::Dense2Dense>::run(DstXprType&, const SrcXprType&, const Eigen::internal::assign_op<Scalar, Scalar>&) [with DstXprType = Eigen::Block<Eigen::Matrix<double, -1, -1>, -1, 1, true>; DecType = Eigen::LLT<Eigen::Matrix<double, -1, -1>, 1>; RhsType = Eigen::Matrix<double, -1, 1>; Scalar = double; Eigen::internal::Assignment<DstXprType, Eigen::Solve<DecType, RhsType>, Eigen::internal::assign_op<Scalar, Scalar>, Eigen::internal::Dense2Dense>::SrcXprType = Eigen::Solve<Eigen::LLT<Eigen::Matrix<double, -1, -1>, 1>, Eigen::Matrix<double, -1, 1> >]’
/usr/local/lib/R/site-library/RcppEigen/include/Eigen/src/Core/AssignEvaluator.h:890:49:   required from ‘void Eigen::internal::call_assignment_no_alias(Dst&, const Src&, const Func&) [with Dst = Eigen::Block<Eigen::Matrix<double, -1, -1>, -1, 1, true>; Src = Eigen::Solve<Eigen::LLT<Eigen::Matrix<double, -1, -1>, 1>, Eigen::Matrix<double, -1, 1> >; Func = Eigen::internal::assign_op<double, double>]’
/usr/local/lib/R/site-library/RcppEigen/include/Eigen/src/Core/AssignEvaluator.h:858:27:   required from ‘void Eigen::internal::call_assignment(Dst&, const Src&, const Func&, typename Eigen::internal::enable_if<(! Eigen::internal::evaluator_assume_aliasing<Src>::value), void*>::type) [with Dst = Eigen::Block<Eigen::Matrix<double, -1, -1>, -1, 1, true>; Src = Eigen::Solve<Eigen::LLT<Eigen::Matrix<double, -1, -1>, 1>, Eigen::Matrix<double, -1, 1> >; Func = Eigen::internal::assign_op<double, double>; typename Eigen::internal::enable_if<(! Eigen::internal::evaluator_assume_aliasing<Src>::value), void*>::type = void*; typename Eigen::internal::evaluator_traits<SrcXprType>::Shape = Eigen::DenseShape]’
/usr/local/lib/R/site-library/RcppEigen/include/Eigen/src/Core/AssignEvaluator.h:836:18:   required from ‘void Eigen::internal::call_assignment(Dst&, const Src&) [with Dst = Eigen::Block<Eigen::Matrix<double, -1, -1>, -1, 1, true>; Src = Eigen::Solve<Eigen::LLT<Eigen::Matrix<double, -1, -1>, 1>, Eigen::Matrix<double, -1, 1> >]’
/usr/local/lib/R/site-library/RcppEigen/include/Eigen/src/Core/Assign.h:66:28:   required from ‘Derived& Eigen::MatrixBase<Derived>::operator=(const Eigen::DenseBase<OtherDerived>&) [with OtherDerived = Eigen::Solve<Eigen::LLT<Eigen::Matrix<double, -1, -1>, 1>, Eigen::Matrix<double, -1, 1> >; Derived = Eigen::Block<Eigen::Matrix<double, -1, -1>, -1, 1, true>]’
../inst/include/RcppML/project.hpp:133:33:   required from here
/usr/local/lib/R/site-library/RcppEigen/include/Eigen/src/Core/DenseCoeffsBase.h:56:30: warning: ignoring attributes on template argument ‘Eigen::internal::packet_traits<double>::type’ {aka ‘__m128d’} [-Wignored-attributes]
/usr/local/lib/R/site-library/RcppEigen/include/Eigen/src/Core/DenseCoeffsBase.h: In instantiation of ‘class Eigen::DenseCoeffsBase<Eigen::Block<const Eigen::Map<const Eigen::Matrix<double, -1, -1, 1, -1, -1>, 0, Eigen::OuterStride<> >, 1, -1, true>, 0>’:
/usr/local/lib/R/site-library/RcppEigen/include/Eigen/src/Core/DenseCoeffsBase.h:481:7:   required from ‘class Eigen::DenseCoeffsBase<Eigen::Block<const Eigen::Map<const Eigen::Matrix<double, -1, -1, 1, -1, -1>, 0, Eigen::OuterStride<> >, 1, -1, true>, 2>’
/usr/local/lib/R/site-library/RcppEigen/include/Eigen/src/Core/DenseBase.h:41:34:   required from ‘class Eigen::DenseBase<Eigen::Block<const Eigen::Map<const Eigen::Matrix<double, -1, -1, 1, -1, -1>, 0, Eigen::OuterStride<> >, 1, -1, true> >’
/usr/local/lib/R/site-library/RcppEigen/include/Eigen/src/Core/MatrixBase.h:48:34:   required from ‘class Eigen::MatrixBase<Eigen::Block<const Eigen::Map<const Eigen::Matrix<double, -1, -1, 1, -1, -1>, 0, Eigen::OuterStride<> >, 1, -1, true> >’
/usr/local/lib/R/site-library/RcppEigen/include/Eigen/src/Core/MapBase.h:37:34:   required from ‘class Eigen::MapBase<Eigen::Block<const Eigen::Map<const Eigen::Matrix<double, -1, -1, 1, -1, -1>, 0, Eigen::OuterStride<> >, 1, -1, true>, 0>’
/usr/local/lib/R/site-library/RcppEigen/include/Eigen/src/Core/Block.h:329:7:   required from ‘class Eigen::internal::BlockImpl_dense<const Eigen::Map<const Eigen::Matrix<double, -1, -1, 1, -1, -1>, 0, Eigen::OuterStride<> >, 1, -1, true, true>’
/usr/local/lib/R/site-library/RcppEigen/include/Eigen/src/Core/Block.h:154:7:   [ skipping 8 instantiation contexts, use -ftemplate-backtrace-limit=0 to disable ]
/usr/local/lib/R/site-library/RcppEigen/include/Eigen/src/Core/Solve.h:147:26:   required from ‘static void Eigen::internal::Assignment<DstXprType, Eigen::Solve<DecType, RhsType>, Eigen::internal::assign_op<Scalar, Scalar>, Eigen::internal::Dense2Dense>::run(DstXprType&, const SrcXprType&, const Eigen::internal::assign_op<Scalar, Scalar>&) [with DstXprType = Eigen::Block<Eigen::Matrix<double, -1, -1>, -1, 1, true>; DecType = Eigen::LLT<Eigen::Matrix<double, -1, -1>, 1>; RhsType = Eigen::Matrix<double, -1, 1>; Scalar = double; Eigen::internal::Assignment<DstXprType, Eigen::Solve<DecType, RhsType>, Eigen::internal::assign_op<Scalar, Scalar>, Eigen::internal::Dense2Dense>::SrcXprType = Eigen::Solve<Eigen::LLT<Eigen::Matrix<double, -1, -1>, 1>, Eigen::Matrix<double, -1, 1> >]’
/usr/local/lib/R/site-library/RcppEigen/include/Eigen/src/Core/AssignEvaluator.h:890:49:   required from ‘void Eigen::internal::call_assignment_no_alias(Dst&, const Src&, const Func&) [with Dst = Eigen::Block<Eigen::Matrix<double, -1, -1>, -1, 1, true>; Src = Eigen::Solve<Eigen::LLT<Eigen::Matrix<double, -1, -1>, 1>, Eigen::Matrix<double, -1, 1> >; Func = Eigen::internal::assign_op<double, double>]’
/usr/local/lib/R/site-library/RcppEigen/include/Eigen/src/Core/AssignEvaluator.h:858:27:   required from ‘void Eigen::internal::call_assignment(Dst&, const Src&, const Func&, typename Eigen::internal::enable_if<(! Eigen::internal::evaluator_assume_aliasing<Src>::value), void*>::type) [with Dst = Eigen::Block<Eigen::Matrix<double, -1, -1>, -1, 1, true>; Src = Eigen::Solve<Eigen::LLT<Eigen::Matrix<double, -1, -1>, 1>, Eigen::Matrix<double, -1, 1> >; Func = Eigen::internal::assign_op<double, double>; typename Eigen::internal::enable_if<(! Eigen::internal::evaluator_assume_aliasing<Src>::value), void*>::type = void*; typename Eigen::internal::evaluator_traits<SrcXprType>::Shape = Eigen::DenseShape]’
/usr/local/lib/R/site-library/RcppEigen/include/Eigen/src/Core/AssignEvaluator.h:836:18:   required from ‘void Eigen::internal::call_assignment(Dst&, const Src&) [with Dst = Eigen::Block<Eigen::Matrix<double, -1, -1>, -1, 1, true>; Src = Eigen::Solve<Eigen::LLT<Eigen::Matrix<double, -1, -1>, 1>, Eigen::Matrix<double, -1, 1> >]’
/usr/local/lib/R/site-library/RcppEigen/include/Eigen/src/Core/Assign.h:66:28:   required from ‘Derived& Eigen::MatrixBase<Derived>::operator=(const Eigen::DenseBase<OtherDerived>&) [with OtherDerived = Eigen::Solve<Eigen::LLT<Eigen::Matrix<double, -1, -1>, 1>, Eigen::Matrix<double, -1, 1> >; Derived = Eigen::Block<Eigen::Matrix<double, -1, -1>, -1, 1, true>]’
../inst/include/RcppML/project.hpp:133:33:   required from here
/usr/local/lib/R/site-library/RcppEigen/include/Eigen/src/Core/DenseCoeffsBase.h:56:30: warning: ignoring attributes on template argument ‘Eigen::internal::packet_traits<double>::type’ {aka ‘__m128d’} [-Wignored-attributes]
/usr/local/lib/R/site-library/RcppEigen/include/Eigen/src/Core/DenseCoeffsBase.h: In instantiation of ‘class Eigen::DenseCoeffsBase<Eigen::Block<const Eigen::Block<const Eigen::Map<const Eigen::Matrix<double, -1, -1, 1, -1, -1>, 0, Eigen::OuterStride<> >, 1, -1, true>, 1, -1, false>, 0>’:
/usr/local/lib/R/site-library/RcppEigen/include/Eigen/src/Core/DenseCoeffsBase.h:481:7:   required from ‘class Eigen::DenseCoeffsBase<Eigen::Block<const Eigen::Block<const Eigen::Map<const Eigen::Matrix<double, -1, -1, 1, -1, -1>, 0, Eigen::OuterStride<> >, 1, -1, true>, 1, -1, false>, 2>’
/usr/local/lib/R/site-library/RcppEigen/include/Eigen/src/Core/DenseBase.h:41:34:   required from ‘class Eigen::DenseBase<Eigen::Block<const Eigen::Block<const Eigen::Map<const Eigen::Matrix<double, -1, -1, 1, -1, -1>, 0, Eigen::OuterStride<> >, 1, -1, true>, 1, -1, false> >’
/usr/local/lib/R/site-library/RcppEigen/include/Eigen/src/Core/MatrixBase.h:48:34:   required from ‘class Eigen::MatrixBase<Eigen::Block<const Eigen::Block<const Eigen::Map<const Eigen::Matrix<double, -1, -1, 1, -1, -1>, 0, Eigen::OuterStride<> >, 1, -1, true>, 1, -1, false> >’
/usr/local/lib/R/site-library/RcppEigen/include/Eigen/src/Core/MapBase.h:37:34:   required from ‘class Eigen::MapBase<Eigen::Block<const Eigen::Block<const Eigen::Map<const Eigen::Matrix<double, -1, -1, 1, -1, -1>, 0, Eigen::OuterStride<> >, 1, -1, true>, 1, -1, false>, 0>’
/usr/local/lib/R/site-library/RcppEigen/include/Eigen/src/Core/Block.h:329:7:   required from ‘class Eigen::internal::BlockImpl_dense<const Eigen::Block<const Eigen::Map<const Eigen::Matrix<double, -1, -1, 1, -1, -1>, 0, Eigen::OuterStride<> >, 1, -1, true>, 1, -1, false, true>’
/usr/local/lib/R/site-library/RcppEigen/include/Eigen/src/Core/Block.h:154:7:   [ skipping 9 instantiation contexts, use -ftemplate-backtrace-limit=0 to disable ]
/usr/local/lib/R/site-library/RcppEigen/include/Eigen/src/Core/Solve.h:147:26:   required from ‘static void Eigen::internal::Assignment<DstXprType, Eigen::Solve<DecType, RhsType>, Eigen::internal::assign_op<Scalar, Scalar>, Eigen::internal::Dense2Dense>::run(DstXprType&, const SrcXprType&, const Eigen::internal::assign_op<Scalar, Scalar>&) [with DstXprType = Eigen::Block<Eigen::Matrix<double, -1, -1>, -1, 1, true>; DecType = Eigen::LLT<Eigen::Matrix<double, -1, -1>, 1>; RhsType = Eigen::Matrix<double, -1, 1>; Scalar = double; Eigen::internal::Assignment<DstXprType, Eigen::Solve<DecType, RhsType>, Eigen::internal::assign_op<Scalar, Scalar>, Eigen::internal::Dense2Dense>::SrcXprType = Eigen::Solve<Eigen::LLT<Eigen::Matrix<double, -1, -1>, 1>, Eigen::Matrix<double, -1, 1> >]’
/usr/local/lib/R/site-library/RcppEigen/include/Eigen/src/Core/AssignEvaluator.h:890:49:   required from ‘void Eigen::internal::call_assignment_no_alias(Dst&, const Src&, const Func&) [with Dst = Eigen::Block<Eigen::Matrix<double, -1, -1>, -1, 1, true>; Src = Eigen::Solve<Eigen::LLT<Eigen::Matrix<double, -1, -1>, 1>, Eigen::Matrix<double, -1, 1> >; Func = Eigen::internal::assign_op<double, double>]’
/usr/local/lib/R/site-library/RcppEigen/include/Eigen/src/Core/AssignEvaluator.h:858:27:   required from ‘void Eigen::internal::call_assignment(Dst&, const Src&, const Func&, typename Eigen::internal::enable_if<(! Eigen::internal::evaluator_assume_aliasing<Src>::value), void*>::type) [with Dst = Eigen::Block<Eigen::Matrix<double, -1, -1>, -1, 1, true>; Src = Eigen::Solve<Eigen::LLT<Eigen::Matrix<double, -1, -1>, 1>, Eigen::Matrix<double, -1, 1> >; Func = Eigen::internal::assign_op<double, double>; typename Eigen::internal::enable_if<(! Eigen::internal::evaluator_assume_aliasing<Src>::value), void*>::type = void*; typename Eigen::internal::evaluator_traits<SrcXprType>::Shape = Eigen::DenseShape]’
/usr/local/lib/R/site-library/RcppEigen/include/Eigen/src/Core/AssignEvaluator.h:836:18:   required from ‘void Eigen::internal::call_assignment(Dst&, const Src&) [with Dst = Eigen::Block<Eigen::Matrix<double, -1, -1>, -1, 1, true>; Src = Eigen::Solve<Eigen::LLT<Eigen::Matrix<double, -1, -1>, 1>, Eigen::Matrix<double, -1, 1> >]’
/usr/local/lib/R/site-library/RcppEigen/include/Eigen/src/Core/Assign.h:66:28:   required from ‘Derived& Eigen::MatrixBase<Derived>::operator=(const Eigen::DenseBase<OtherDerived>&) [with OtherDerived = Eigen::Solve<Eigen::LLT<Eigen::Matrix<double, -1, -1>, 1>, Eigen::Matrix<double, -1, 1> >; Derived = Eigen::Block<Eigen::Matrix<double, -1, -1>, -1, 1, true>]’
../inst/include/RcppML/project.hpp:133:33:   required from here
/usr/local/lib/R/site-library/RcppEigen/include/Eigen/src/Core/DenseCoeffsBase.h:56:30: warning: ignoring attributes on template argument ‘Eigen::internal::packet_traits<double>::type’ {aka ‘__m128d’} [-Wignored-attributes]
/usr/local/lib/R/site-library/RcppEigen/include/Eigen/src/Core/DenseCoeffsBase.h: In instantiation of ‘class Eigen::DenseCoeffsBase<Eigen::Transpose<const Eigen::Block<const Eigen::Block<const Eigen::Map<const Eigen::Matrix<double, -1, -1, 1, -1, -1>, 0, Eigen::OuterStride<> >, 1, -1, true>, 1, -1, false> >, 0>’:
/usr/local/lib/R/site-library/RcppEigen/include/Eigen/src/Core/DenseCoeffsBase.h:481:7:   required from ‘class Eigen::DenseCoeffsBase<Eigen::Transpose<const Eigen::Block<const Eigen::Block<const Eigen::Map<const Eigen::Matrix<double, -1, -1, 1, -1, -1>, 0, Eigen::OuterStride<> >, 1, -1, true>, 1, -1, false> >, 2>’
/usr/local/lib/R/site-library/RcppEigen/include/Eigen/src/Core/DenseBase.h:41:34:   required from ‘class Eigen::DenseBase<Eigen::Transpose<const Eigen::Block<const Eigen::Block<const Eigen::Map<const Eigen::Matrix<double, -1, -1, 1, -1, -1>, 0, Eigen::OuterStride<> >, 1, -1, true>, 1, -1, false> > >’
/usr/local/lib/R/site-library/RcppEigen/include/Eigen/src/Core/MatrixBase.h:48:34:   required from ‘class Eigen::MatrixBase<Eigen::Transpose<const Eigen::Block<const Eigen::Block<const Eigen::Map<const Eigen::Matrix<double, -1, -1, 1, -1, -1>, 0, Eigen::OuterStride<> >, 1, -1, true>, 1, -1, false> > >’
/usr/local/lib/R/site-library/RcppEigen/include/Eigen/src/Core/Transpose.h:118:37:   required from ‘class Eigen::TransposeImpl<const Eigen::Block<const Eigen::Block<const Eigen::Map<const Eigen::Matrix<double, -1, -1, 1, -1, -1>, 0, Eigen::OuterStride<> >, 1, -1, true>, 1, -1, false>, Eigen::Dense>’
/usr/local/lib/R/site-library/RcppEigen/include/Eigen/src/Core/Transpose.h:52:37:   required from ‘class Eigen::Transpose<const Eigen::Block<const Eigen::Block<const Eigen::Map<const Eigen::Matrix<double, -1, -1, 1, -1, -1>, 0, Eigen::OuterStride<> >, 1, -1, true>, 1, -1, false> >’
/usr/local/lib/R/site-library/RcppEigen/include/Eigen/src/Core/products/TriangularSolverVector.h:78:57:   [ skipping 6 instantiation contexts, use -ftemplate-backtrace-limit=0 to disable ]
/usr/local/lib/R/site-library/RcppEigen/include/Eigen/src/Core/Solve.h:147:26:   required from ‘static void Eigen::internal::Assignment<DstXprType, Eigen::Solve<DecType, RhsType>, Eigen::internal::assign_op<Scalar, Scalar>, Eigen::internal::Dense2Dense>::run(DstXprType&, const SrcXprType&, const Eigen::internal::assign_op<Scalar, Scalar>&) [with DstXprType = Eigen::Block<Eigen::Matrix<double, -1, -1>, -1, 1, true>; DecType = Eigen::LLT<Eigen::Matrix<double, -1, -1>, 1>; RhsType = Eigen::Matrix<double, -1, 1>; Scalar = double; Eigen::internal::Assignment<DstXprType, Eigen::Solve<DecType, RhsType>, Eigen::internal::assign_op<Scalar, Scalar>, Eigen::internal::Dense2Dense>::SrcXprType = Eigen::Solve<Eigen::LLT<Eigen::Matrix<double, -1, -1>, 1>, Eigen::Matrix<double, -1, 1> >]’
/usr/local/lib/R/site-library/RcppEigen/include/Eigen/src/Core/AssignEvaluator.h:890:49:   required from ‘void Eigen::internal::call_assignment_no_alias(Dst&, const Src&, const Func&) [with Dst = Eigen::Block<Eigen::Matrix<double, -1, -1>, -1, 1, true>; Src = Eigen::Solve<Eigen::LLT<Eigen::Matrix<double, -1, -1>, 1>, Eigen::Matrix<double, -1, 1> >; Func = Eigen::internal::assign_op<double, double>]’
/usr/local/lib/R/site-library/RcppEigen/include/Eigen/src/Core/AssignEvaluator.h:858:27:   required from ‘void Eigen::internal::call_assignment(Dst&, const Src&, const Func&, typename Eigen::internal::enable_if<(! Eigen::internal::evaluator_assume_aliasing<Src>::value), void*>::type) [with Dst = Eigen::Block<Eigen::Matrix<double, -1, -1>, -1, 1, true>; Src = Eigen::Solve<Eigen::LLT<Eigen::Matrix<double, -1, -1>, 1>, Eigen::Matrix<double, -1, 1> >; Func = Eigen::internal::assign_op<double, double>; typename Eigen::internal::enable_if<(! Eigen::internal::evaluator_assume_aliasing<Src>::value), void*>::type = void*; typename Eigen::internal::evaluator_traits<SrcXprType>::Shape = Eigen::DenseShape]’
/usr/local/lib/R/site-library/RcppEigen/include/Eigen/src/Core/AssignEvaluator.h:836:18:   required from ‘void Eigen::internal::call_assignment(Dst&, const Src&) [with Dst = Eigen::Block<Eigen::Matrix<double, -1, -1>, -1, 1, true>; Src = Eigen::Solve<Eigen::LLT<Eigen::Matrix<double, -1, -1>, 1>, Eigen::Matrix<double, -1, 1> >]’
/usr/local/lib/R/site-library/RcppEigen/include/Eigen/src/Core/Assign.h:66:28:   required from ‘Derived& Eigen::MatrixBase<Derived>::operator=(const Eigen::DenseBase<OtherDerived>&) [with OtherDerived = Eigen::Solve<Eigen::LLT<Eigen::Matrix<double, -1, -1>, 1>, Eigen::Matrix<double, -1, 1> >; Derived = Eigen::Block<Eigen::Matrix<double, -1, -1>, -1, 1, true>]’
../inst/include/RcppML/project.hpp:133:33:   required from here
/usr/local/lib/R/site-library/RcppEigen/include/Eigen/src/Core/DenseCoeffsBase.h:56:30: warning: ignoring attributes on template argument ‘Eigen::internal::packet_traits<double>::type’ {aka ‘__m128d’} [-Wignored-attributes]
/usr/local/lib/R/site-library/RcppEigen/include/Eigen/src/Core/DenseCoeffsBase.h: In instantiation of ‘class Eigen::DenseCoeffsBase<Eigen::Map<const Eigen::Matrix<double, -1, 1>, 0, Eigen::Stride<0, 0> >, 0>’:
/usr/local/lib/R/site-library/RcppEigen/include/Eigen/src/Core/DenseCoeffsBase.h:481:7:   required from ‘class Eigen::DenseCoeffsBase<Eigen::Map<const Eigen::Matrix<double, -1, 1>, 0, Eigen::Stride<0, 0> >, 2>’
/usr/local/lib/R/site-library/RcppEigen/include/Eigen/src/Core/DenseBase.h:41:34:   required from ‘class Eigen::DenseBase<Eigen::Map<const Eigen::Matrix<double, -1, 1>, 0, Eigen::Stride<0, 0> > >’
/usr/local/lib/R/site-library/RcppEigen/include/Eigen/src/Core/MatrixBase.h:48:34:   required from ‘class Eigen::MatrixBase<Eigen::Map<const Eigen::Matrix<double, -1, 1>, 0, Eigen::Stride<0, 0> > >’
/usr/local/lib/R/site-library/RcppEigen/include/Eigen/src/Core/MapBase.h:37:34:   required from ‘class Eigen::MapBase<Eigen::Map<const Eigen::Matrix<double, -1, 1>, 0, Eigen::Stride<0, 0> >, 0>’
/usr/local/lib/R/site-library/RcppEigen/include/Eigen/src/Core/Map.h:94:79:   required from ‘class Eigen::Map<const Eigen::Matrix<double, -1, 1>, 0, Eigen::Stride<0, 0> >’
/usr/local/lib/R/site-library/RcppEigen/include/Eigen/src/Core/products/TriangularSolverVector.h:78:73:   [ skipping 6 instantiation contexts, use -ftemplate-backtrace-limit=0 to disable ]
/usr/local/lib/R/site-library/RcppEigen/include/Eigen/src/Core/Solve.h:147:26:   required from ‘static void Eigen::internal::Assignment<DstXprType, Eigen::Solve<DecType, RhsType>, Eigen::internal::assign_op<Scalar, Scalar>, Eigen::internal::Dense2Dense>::run(DstXprType&, const SrcXprType&, const Eigen::internal::assign_op<Scalar, Scalar>&) [with DstXprType = Eigen::Block<Eigen::Matrix<double, -1, -1>, -1, 1, true>; DecType = Eigen::LLT<Eigen::Matrix<double, -1, -1>, 1>; RhsType = Eigen::Matrix<double, -1, 1>; Scalar = double; Eigen::internal::Assignment<DstXprType, Eigen::Solve<DecType, RhsType>, Eigen::internal::assign_op<Scalar, Scalar>, Eigen::internal::Dense2Dense>::SrcXprType = Eigen::Solve<Eigen::LLT<Eigen::Matrix<double, -1, -1>, 1>, Eigen::Matrix<double, -1, 1> >]’
/usr/local/lib/R/site-library/RcppEigen/include/Eigen/src/Core/AssignEvaluator.h:890:49:   required from ‘void Eigen::internal::call_assignment_no_alias(Dst&, const Src&, const Func&) [with Dst = Eigen::Block<Eigen::Matrix<double, -1, -1>, -1, 1, true>; Src = Eigen::Solve<Eigen::LLT<Eigen::Matrix<double, -1, -1>, 1>, Eigen::Matrix<double, -1, 1> >; Func = Eigen::internal::assign_op<double, double>]’
/usr/local/lib/R/site-library/RcppEigen/include/Eigen/src/Core/AssignEvaluator.h:858:27:   required from ‘void Eigen::internal::call_assignment(Dst&, const Src&, const Func&, typename Eigen::internal::enable_if<(! Eigen::internal::evaluator_assume_aliasing<Src>::value), void*>::type) [with Dst = Eigen::Block<Eigen::Matrix<double, -1, -1>, -1, 1, true>; Src = Eigen::Solve<Eigen::LLT<Eigen::Matrix<double, -1, -1>, 1>, Eigen::Matrix<double, -1, 1> >; Func = Eigen::internal::assign_op<double, double>; typename Eigen::internal::enable_if<(! Eigen::internal::evaluator_assume_aliasing<Src>::value), void*>::type = void*; typename Eigen::internal::evaluator_traits<SrcXprType>::Shape = Eigen::DenseShape]’
/usr/local/lib/R/site-library/RcppEigen/include/Eigen/src/Core/AssignEvaluator.h:836:18:   required from ‘void Eigen::internal::call_assignment(Dst&, const Src&) [with Dst = Eigen::Block<Eigen::Matrix<double, -1, -1>, -1, 1, true>; Src = Eigen::Solve<Eigen::LLT<Eigen::Matrix<double, -1, -1>, 1>, Eigen::Matrix<double, -1, 1> >]’
/usr/local/lib/R/site-library/RcppEigen/include/Eigen/src/Core/Assign.h:66:28:   required from ‘Derived& Eigen::MatrixBase<Derived>::operator=(const Eigen::DenseBase<OtherDerived>&) [with OtherDerived = Eigen::Solve<Eigen::LLT<Eigen::Matrix<double, -1, -1>, 1>, Eigen::Matrix<double, -1, 1> >; Derived = Eigen::Block<Eigen::Matrix<double, -1, -1>, -1, 1, true>]’
../inst/include/RcppML/project.hpp:133:33:   required from here
/usr/local/lib/R/site-library/RcppEigen/include/Eigen/src/Core/DenseCoeffsBase.h:56:30: warning: ignoring attributes on template argument ‘Eigen::internal::packet_traits<double>::type’ {aka ‘__m128d’} [-Wignored-attributes]
/usr/local/lib/R/site-library/RcppEigen/include/Eigen/src/Core/DenseCoeffsBase.h: In instantiation of ‘class Eigen::DenseCoeffsBase<Eigen::CwiseBinaryOp<Eigen::internal::scalar_product_op<double, double>, const Eigen::Transpose<const Eigen::Block<const Eigen::Block<const Eigen::Map<const Eigen::Matrix<double, -1, -1, 1, -1, -1>, 0, Eigen::OuterStride<> >, 1, -1, true>, 1, -1, false> >, const Eigen::Map<const Eigen::Matrix<double, -1, 1>, 0, Eigen::Stride<0, 0> > >, 0>’:
/usr/local/lib/R/site-library/RcppEigen/include/Eigen/src/Core/DenseBase.h:41:34:   required from ‘class Eigen::DenseBase<Eigen::CwiseBinaryOp<Eigen::internal::scalar_product_op<double, double>, const Eigen::Transpose<const Eigen::Block<const Eigen::Block<const Eigen::Map<const Eigen::Matrix<double, -1, -1, 1, -1, -1>, 0, Eigen::OuterStride<> >, 1, -1, true>, 1, -1, false> >, const Eigen::Map<const Eigen::Matrix<double, -1, 1>, 0, Eigen::Stride<0, 0> > > >’
/usr/local/lib/R/site-library/RcppEigen/include/Eigen/src/Core/MatrixBase.h:48:34:   required from ‘class Eigen::MatrixBase<Eigen::CwiseBinaryOp<Eigen::internal::scalar_product_op<double, double>, const Eigen::Transpose<const Eigen::Block<const Eigen::Block<const Eigen::Map<const Eigen::Matrix<double, -1, -1, 1, -1, -1>, 0, Eigen::OuterStride<> >, 1, -1, true>, 1, -1, false> >, const Eigen::Map<const Eigen::Matrix<double, -1, 1>, 0, Eigen::Stride<0, 0> > > >’
/usr/local/lib/R/site-library/RcppEigen/include/Eigen/src/Core/CwiseBinaryOp.h:148:7:   required from ‘class Eigen::CwiseBinaryOpImpl<Eigen::internal::scalar_product_op<double, double>, const Eigen::Transpose<const Eigen::Block<const Eigen::Block<const Eigen::Map<const Eigen::Matrix<double, -1, -1, 1, -1, -1>, 0, Eigen::OuterStride<> >, 1, -1, true>, 1, -1, false> >, const Eigen::Map<const Eigen::Matrix<double, -1, 1>, 0, Eigen::Stride<0, 0> >, Eigen::Dense>’
/usr/local/lib/R/site-library/RcppEigen/include/Eigen/src/Core/CwiseBinaryOp.h:77:7:   required from ‘class Eigen::CwiseBinaryOp<Eigen::internal::scalar_product_op<double, double>, const Eigen::Transpose<const Eigen::Block<const Eigen::Block<const Eigen::Map<const Eigen::Matrix<double, -1, -1, 1, -1, -1>, 0, Eigen::OuterStride<> >, 1, -1, true>, 1, -1, false> >, const Eigen::Map<const Eigen::Matrix<double, -1, 1>, 0, Eigen::Stride<0, 0> > >’
/usr/local/lib/R/site-library/RcppEigen/include/Eigen/src/Core/products/TriangularSolverVector.h:78:72:   required from ‘static void Eigen::internal::triangular_solve_vector<LhsScalar, RhsScalar, Index, 1, Mode, Conjugate, 1>::run(Index, const LhsScalar*, Index, RhsScalar*) [with LhsScalar = double; RhsScalar = double; Index = long int; int Mode = 2; bool Conjugate = false]’
/usr/local/lib/R/site-library/RcppEigen/include/Eigen/src/Core/SolveTriangular.h:73:12:   [ skipping 5 instantiation contexts, use -ftemplate-backtrace-limit=0 to disable ]
/usr/local/lib/R/site-library/RcppEigen/include/Eigen/src/Core/Solve.h:147:26:   required from ‘static void Eigen::internal::Assignment<DstXprType, Eigen::Solve<DecType, RhsType>, Eigen::internal::assign_op<Scalar, Scalar>, Eigen::internal::Dense2Dense>::run(DstXprType&, const SrcXprType&, const Eigen::internal::assign_op<Scalar, Scalar>&) [with DstXprType = Eigen::Block<Eigen::Matrix<double, -1, -1>, -1, 1, true>; DecType = Eigen::LLT<Eigen::Matrix<double, -1, -1>, 1>; RhsType = Eigen::Matrix<double, -1, 1>; Scalar = double; Eigen::internal::Assignment<DstXprType, Eigen::Solve<DecType, RhsType>, Eigen::internal::assign_op<Scalar, Scalar>, Eigen::internal::Dense2Dense>::SrcXprType = Eigen::Solve<Eigen::LLT<Eigen::Matrix<double, -1, -1>, 1>, Eigen::Matrix<double, -1, 1> >]’
/usr/local/lib/R/site-library/RcppEigen/include/Eigen/src/Core/AssignEvaluator.h:890:49:   required from ‘void Eigen::internal::call_assignment_no_alias(Dst&, const Src&, const Func&) [with Dst = Eigen::Block<Eigen::Matrix<double, -1, -1>, -1, 1, true>; Src = Eigen::Solve<Eigen::LLT<Eigen::Matrix<double, -1, -1>, 1>, Eigen::Matrix<double, -1, 1> >; Func = Eigen::internal::assign_op<double, double>]’
/usr/local/lib/R/site-library/RcppEigen/include/Eigen/src/Core/AssignEvaluator.h:858:27:   required from ‘void Eigen::internal::call_assignment(Dst&, const Src&, const Func&, typename Eigen::internal::enable_if<(! Eigen::internal::evaluator_assume_aliasing<Src>::value), void*>::type) [with Dst = Eigen::Block<Eigen::Matrix<double, -1, -1>, -1, 1, true>; Src = Eigen::Solve<Eigen::LLT<Eigen::Matrix<double, -1, -1>, 1>, Eigen::Matrix<double, -1, 1> >; Func = Eigen::internal::assign_op<double, double>; typename Eigen::internal::enable_if<(! Eigen::internal::evaluator_assume_aliasing<Src>::value), void*>::type = void*; typename Eigen::internal::evaluator_traits<SrcXprType>::Shape = Eigen::DenseShape]’
/usr/local/lib/R/site-library/RcppEigen/include/Eigen/src/Core/AssignEvaluator.h:836:18:   required from ‘void Eigen::internal::call_assignment(Dst&, const Src&) [with Dst = Eigen::Block<Eigen::Matrix<double, -1, -1>, -1, 1, true>; Src = Eigen::Solve<Eigen::LLT<Eigen::Matrix<double, -1, -1>, 1>, Eigen::Matrix<double, -1, 1> >]’
/usr/local/lib/R/site-library/RcppEigen/include/Eigen/src/Core/Assign.h:66:28:   required from ‘Derived& Eigen::MatrixBase<Derived>::operator=(const Eigen::DenseBase<OtherDerived>&) [with OtherDerived = Eigen::Solve<Eigen::LLT<Eigen::Matrix<double, -1, -1>, 1>, Eigen::Matrix<double, -1, 1> >; Derived = Eigen::Block<Eigen::Matrix<double, -1, -1>, -1, 1, true>]’
../inst/include/RcppML/project.hpp:133:33:   required from here
/usr/local/lib/R/site-library/RcppEigen/include/Eigen/src/Core/DenseCoeffsBase.h:56:30: warning: ignoring attributes on template argument ‘Eigen::internal::packet_traits<double>::type’ {aka ‘__m128d’} [-Wignored-attributes]
In file included from /usr/local/lib/R/site-library/RcppEigen/include/Eigen/Core:277,
                 from /usr/local/lib/R/site-library/RcppEigen/include/Eigen/Dense:1,
                 from /usr/local/lib/R/site-library/RcppEigen/include/RcppEigenForward.h:28,
                 from /usr/local/lib/R/site-library/RcppEigen/include/RcppEigen.h:25,
                 from ../inst/include/RcppMLCommon.hpp:36,
                 from ../inst/include/RcppML.hpp:11,
                 from RcppFunctions.cpp:8:
/usr/local/lib/R/site-library/RcppEigen/include/Eigen/src/Core/CoreEvaluators.h: In instantiation of ‘struct Eigen::internal::evaluator<Eigen::Block<const Eigen::Block<const Eigen::Transpose<const Eigen::Matrix<double, -1, -1> >, -1, 1, false>, -1, 1, true> >’:
/usr/local/lib/R/site-library/RcppEigen/include/Eigen/src/Core/CoreEvaluators.h:100:8:   required from ‘struct Eigen::internal::evaluator<const Eigen::Block<const Eigen::Block<const Eigen::Transpose<const Eigen::Matrix<double, -1, -1> >, -1, 1, false>, -1, 1, true> >’
/usr/local/lib/R/site-library/RcppEigen/include/Eigen/src/Core/CoreEvaluators.h:739:78:   required from ‘struct Eigen::internal::binary_evaluator<Eigen::CwiseBinaryOp<Eigen::internal::scalar_conj_product_op<double, double>, const Eigen::Transpose<const Eigen::Block<const Eigen::Matrix<double, -1, -1>, 1, -1, false> >, const Eigen::Block<const Eigen::Block<const Eigen::Transpose<const Eigen::Matrix<double, -1, -1> >, -1, 1, false>, -1, 1, true> >, Eigen::internal::IndexBased, Eigen::internal::IndexBased, double, double>’
/usr/local/lib/R/site-library/RcppEigen/include/Eigen/src/Core/CoreEvaluators.h:722:8:   required from ‘struct Eigen::internal::evaluator<Eigen::CwiseBinaryOp<Eigen::internal::scalar_conj_product_op<double, double>, const Eigen::Transpose<const Eigen::Block<const Eigen::Matrix<double, -1, -1>, 1, -1, false> >, const Eigen::Block<const Eigen::Block<const Eigen::Transpose<const Eigen::Matrix<double, -1, -1> >, -1, 1, false>, -1, 1, true> > >’
/usr/local/lib/R/site-library/RcppEigen/include/Eigen/src/Core/Redux.h:357:7:   required from ‘class Eigen::internal::redux_evaluator<Eigen::CwiseBinaryOp<Eigen::internal::scalar_conj_product_op<double, double>, const Eigen::Transpose<const Eigen::Block<const Eigen::Matrix<double, -1, -1>, 1, -1, false> >, const Eigen::Block<const Eigen::Block<const Eigen::Transpose<const Eigen::Matrix<double, -1, -1> >, -1, 1, false>, -1, 1, true> > >’
/usr/local/lib/R/site-library/RcppEigen/include/Eigen/src/Core/Redux.h:414:17:   required from ‘typename Eigen::internal::traits<T>::Scalar Eigen::DenseBase<Derived>::redux(const Func&) const [with BinaryOp = Eigen::internal::scalar_sum_op<double, double>; Derived = Eigen::CwiseBinaryOp<Eigen::internal::scalar_conj_product_op<double, double>, const Eigen::Transpose<const Eigen::Block<const Eigen::Matrix<double, -1, -1>, 1, -1, false> >, const Eigen::Block<const Eigen::Block<const Eigen::Transpose<const Eigen::Matrix<double, -1, -1> >, -1, 1, false>, -1, 1, true> >; typename Eigen::internal::traits<T>::Scalar = double]’
/usr/local/lib/R/site-library/RcppEigen/include/Eigen/src/Core/Redux.h:463:25:   [ skipping 6 instantiation contexts, use -ftemplate-backtrace-limit=0 to disable ]
/usr/local/lib/R/site-library/RcppEigen/include/Eigen/src/Core/ProductEvaluators.h:148:43:   required from ‘static void Eigen::internal::Assignment<DstXprType, Eigen::Product<Lhs, Rhs, Options>, Eigen::internal::assign_op<Scalar, Scalar>, Eigen::internal::Dense2Dense, typename Eigen::internal::enable_if<((Options == Eigen::DefaultProduct) || (Options == Eigen::AliasFreeProduct))>::type>::run(DstXprType&, const SrcXprType&, const Eigen::internal::assign_op<Scalar, Scalar>&) [with DstXprType = Eigen::Matrix<double, 2, 2>; Lhs = Eigen::Matrix<double, -1, -1>; Rhs = Eigen::Transpose<const Eigen::Matrix<double, -1, -1> >; int Options = 0; Scalar = double; Eigen::internal::Assignment<DstXprType, Eigen::Product<Lhs, Rhs, Options>, Eigen::internal::assign_op<Scalar, Scalar>, Eigen::internal::Dense2Dense, typename Eigen::internal::enable_if<((Options == Eigen::DefaultProduct) || (Options == Eigen::AliasFreeProduct))>::type>::SrcXprType = Eigen::Product<Eigen::Matrix<double, -1, -1>, Eigen::Transpose<const Eigen::Matrix<double, -1, -1> >, 0>]’
/usr/local/lib/R/site-library/RcppEigen/include/Eigen/src/Core/AssignEvaluator.h:890:49:   required from ‘void Eigen::internal::call_assignment_no_alias(Dst&, const Src&, const Func&) [with Dst = Eigen::Matrix<double, 2, 2>; Src = Eigen::Product<Eigen::Matrix<double, -1, -1>, Eigen::Transpose<const Eigen::Matrix<double, -1, -1> >, 0>; Func = Eigen::internal::assign_op<double, double>]’
/usr/local/lib/R/site-library/RcppEigen/include/Eigen/src/Core/PlainObjectBase.h:797:41:   required from ‘Derived& Eigen::PlainObjectBase<Derived>::_set_noalias(const Eigen::DenseBase<OtherDerived>&) [with OtherDerived = Eigen::Product<Eigen::Matrix<double, -1, -1>, Eigen::Transpose<const Eigen::Matrix<double, -1, -1> >, 0>; Derived = Eigen::Matrix<double, 2, 2>]’
/usr/local/lib/R/site-library/RcppEigen/include/Eigen/src/Core/PlainObjectBase.h:594:19:   required from ‘Eigen::PlainObjectBase<Derived>::PlainObjectBase(const Eigen::DenseBase<OtherDerived>&) [with OtherDerived = Eigen::Product<Eigen::Matrix<double, -1, -1>, Eigen::Transpose<const Eigen::Matrix<double, -1, -1> >, 0>; Derived = Eigen::Matrix<double, 2, 2>]’
/usr/local/lib/R/site-library/RcppEigen/include/Eigen/src/Core/Matrix.h:423:29:   required from ‘Eigen::Matrix<_Scalar, _Rows, _Cols, _Options, _MaxRows, _MaxCols>::Matrix(const Eigen::EigenBase<OtherDerived>&) [with OtherDerived = Eigen::Product<Eigen::Matrix<double, -1, -1>, Eigen::Transpose<const Eigen::Matrix<double, -1, -1> >, 0>; _Scalar = double; int _Rows = 2; int _Cols = 2; int _Options = 0; int _MaxRows = 2; int _MaxCols = 2]’
../inst/include/RcppML/project.hpp:106:41:   required from here
/usr/local/lib/R/site-library/RcppEigen/include/Eigen/src/Core/CoreEvaluators.h:1071:54: warning: ignoring attributes on template argument ‘Eigen::internal::packet_traits<double>::type’ {aka ‘__m128d’} [-Wignored-attributes]
 1071 |     PacketAlignment = unpacket_traits<PacketScalar>::alignment,
      |                                                      ^~~~~~~~~
/usr/local/lib/R/site-library/RcppEigen/include/Eigen/src/Core/CoreEvaluators.h: In instantiation of ‘struct Eigen::internal::evaluator<Eigen::Block<const Eigen::Block<const Eigen::Matrix<double, -1, -1>, 1, -1, false>, 1, -1, true> >’:
/usr/local/lib/R/site-library/RcppEigen/include/Eigen/src/Core/CoreEvaluators.h:100:8:   required from ‘struct Eigen::internal::evaluator<const Eigen::Block<const Eigen::Block<const Eigen::Matrix<double, -1, -1>, 1, -1, false>, 1, -1, true> >’
/usr/local/lib/R/site-library/RcppEigen/include/Eigen/src/Core/CoreEvaluators.h:311:41:   required from ‘struct Eigen::internal::unary_evaluator<Eigen::Transpose<const Eigen::Block<const Eigen::Block<const Eigen::Matrix<double, -1, -1>, 1, -1, false>, 1, -1, true> >, Eigen::internal::IndexBased, double>’
/usr/local/lib/R/site-library/RcppEigen/include/Eigen/src/Core/CoreEvaluators.h:90:8:   required from ‘struct Eigen::internal::evaluator<Eigen::Transpose<const Eigen::Block<const Eigen::Block<const Eigen::Matrix<double, -1, -1>, 1, -1, false>, 1, -1, true> > >’
/usr/local/lib/R/site-library/RcppEigen/include/Eigen/src/Core/CoreEvaluators.h:100:8:   required from ‘struct Eigen::internal::evaluator<const Eigen::Transpose<const Eigen::Block<const Eigen::Block<const Eigen::Matrix<double, -1, -1>, 1, -1, false>, 1, -1, true> > >’
/usr/local/lib/R/site-library/RcppEigen/include/Eigen/src/Core/CoreEvaluators.h:739:41:   required from ‘struct Eigen::internal::binary_evaluator<Eigen::CwiseBinaryOp<Eigen::internal::scalar_conj_product_op<double, double>, const Eigen::Transpose<const Eigen::Block<const Eigen::Block<const Eigen::Matrix<double, -1, -1>, 1, -1, false>, 1, -1, true> >, const Eigen::Block<const Eigen::Transpose<const Eigen::Matrix<double, -1, -1> >, -1, 1, false> >, Eigen::internal::IndexBased, Eigen::internal::IndexBased, double, double>’
/usr/local/lib/R/site-library/RcppEigen/include/Eigen/src/Core/CoreEvaluators.h:722:8:   [ skipping 9 instantiation contexts, use -ftemplate-backtrace-limit=0 to disable ]
/usr/local/lib/R/site-library/RcppEigen/include/Eigen/src/Core/ProductEvaluators.h:148:43:   required from ‘static void Eigen::internal::Assignment<DstXprType, Eigen::Product<Lhs, Rhs, Options>, Eigen::internal::assign_op<Scalar, Scalar>, Eigen::internal::Dense2Dense, typename Eigen::internal::enable_if<((Options == Eigen::DefaultProduct) || (Options == Eigen::AliasFreeProduct))>::type>::run(DstXprType&, const SrcXprType&, const Eigen::internal::assign_op<Scalar, Scalar>&) [with DstXprType = Eigen::Matrix<double, 2, 2>; Lhs = Eigen::Matrix<double, -1, -1>; Rhs = Eigen::Transpose<const Eigen::Matrix<double, -1, -1> >; int Options = 0; Scalar = double; Eigen::internal::Assignment<DstXprType, Eigen::Product<Lhs, Rhs, Options>, Eigen::internal::assign_op<Scalar, Scalar>, Eigen::internal::Dense2Dense, typename Eigen::internal::enable_if<((Options == Eigen::DefaultProduct) || (Options == Eigen::AliasFreeProduct))>::type>::SrcXprType = Eigen::Product<Eigen::Matrix<double, -1, -1>, Eigen::Transpose<const Eigen::Matrix<double, -1, -1> >, 0>]’
/usr/local/lib/R/site-library/RcppEigen/include/Eigen/src/Core/AssignEvaluator.h:890:49:   required from ‘void Eigen::internal::call_assignment_no_alias(Dst&, const Src&, const Func&) [with Dst = Eigen::Matrix<double, 2, 2>; Src = Eigen::Product<Eigen::Matrix<double, -1, -1>, Eigen::Transpose<const Eigen::Matrix<double, -1, -1> >, 0>; Func = Eigen::internal::assign_op<double, double>]’
/usr/local/lib/R/site-library/RcppEigen/include/Eigen/src/Core/PlainObjectBase.h:797:41:   required from ‘Derived& Eigen::PlainObjectBase<Derived>::_set_noalias(const Eigen::DenseBase<OtherDerived>&) [with OtherDerived = Eigen::Product<Eigen::Matrix<double, -1, -1>, Eigen::Transpose<const Eigen::Matrix<double, -1, -1> >, 0>; Derived = Eigen::Matrix<double, 2, 2>]’
/usr/local/lib/R/site-library/RcppEigen/include/Eigen/src/Core/PlainObjectBase.h:594:19:   required from ‘Eigen::PlainObjectBase<Derived>::PlainObjectBase(const Eigen::DenseBase<OtherDerived>&) [with OtherDerived = Eigen::Product<Eigen::Matrix<double, -1, -1>, Eigen::Transpose<const Eigen::Matrix<double, -1, -1> >, 0>; Derived = Eigen::Matrix<double, 2, 2>]’
/usr/local/lib/R/site-library/RcppEigen/include/Eigen/src/Core/Matrix.h:423:29:   required from ‘Eigen::Matrix<_Scalar, _Rows, _Cols, _Options, _MaxRows, _MaxCols>::Matrix(const Eigen::EigenBase<OtherDerived>&) [with OtherDerived = Eigen::Product<Eigen::Matrix<double, -1, -1>, Eigen::Transpose<const Eigen::Matrix<double, -1, -1> >, 0>; _Scalar = double; int _Rows = 2; int _Cols = 2; int _Options = 0; int _MaxRows = 2; int _MaxCols = 2]’
../inst/include/RcppML/project.hpp:106:41:   required from here
/usr/local/lib/R/site-library/RcppEigen/include/Eigen/src/Core/CoreEvaluators.h:1071:54: warning: ignoring attributes on template argument ‘Eigen::internal::packet_traits<double>::type’ {aka ‘__m128d’} [-Wignored-attributes]
In file included from /usr/local/lib/R/site-library/RcppEigen/include/Eigen/Core:271,
                 from /usr/local/lib/R/site-library/RcppEigen/include/Eigen/Dense:1,
                 from /usr/local/lib/R/site-library/RcppEigen/include/RcppEigenForward.h:28,
                 from /usr/local/lib/R/site-library/RcppEigen/include/RcppEigen.h:25,
                 from ../inst/include/RcppMLCommon.hpp:36,
                 from ../inst/include/RcppML.hpp:11,
                 from RcppFunctions.cpp:8:
/usr/local/lib/R/site-library/RcppEigen/include/Eigen/src/Core/DenseCoeffsBase.h: In instantiation of ‘class Eigen::DenseCoeffsBase<Eigen::Block<const Eigen::Block<Eigen::Matrix<double, -1, -1>, -1, -1, false>, 1, -1, false>, 0>’:
/usr/local/lib/R/site-library/RcppEigen/include/Eigen/src/Core/DenseCoeffsBase.h:481:7:   required from ‘class Eigen::DenseCoeffsBase<Eigen::Block<const Eigen::Block<Eigen::Matrix<double, -1, -1>, -1, -1, false>, 1, -1, false>, 2>’
/usr/local/lib/R/site-library/RcppEigen/include/Eigen/src/Core/DenseBase.h:41:34:   required from ‘class Eigen::DenseBase<Eigen::Block<const Eigen::Block<Eigen::Matrix<double, -1, -1>, -1, -1, false>, 1, -1, false> >’
/usr/local/lib/R/site-library/RcppEigen/include/Eigen/src/Core/MatrixBase.h:48:34:   required from ‘class Eigen::MatrixBase<Eigen::Block<const Eigen::Block<Eigen::Matrix<double, -1, -1>, -1, -1, false>, 1, -1, false> >’
/usr/local/lib/R/site-library/RcppEigen/include/Eigen/src/Core/MapBase.h:37:34:   required from ‘class Eigen::MapBase<Eigen::Block<const Eigen::Block<Eigen::Matrix<double, -1, -1>, -1, -1, false>, 1, -1, false>, 0>’
/usr/local/lib/R/site-library/RcppEigen/include/Eigen/src/Core/Block.h:329:7:   required from ‘class Eigen::internal::BlockImpl_dense<const Eigen::Block<Eigen::Matrix<double, -1, -1>, -1, -1, false>, 1, -1, false, true>’
/usr/local/lib/R/site-library/RcppEigen/include/Eigen/src/Core/Block.h:154:7:   [ skipping 9 instantiation contexts, use -ftemplate-backtrace-limit=0 to disable ]
/usr/local/lib/R/site-library/RcppEigen/include/Eigen/src/Cholesky/LLT.h:344:23:   required from ‘static Eigen::Index Eigen::internal::llt_inplace<Scalar, 1>::blocked(MatrixType&) [with MatrixType = Eigen::Matrix<double, -1, -1>; Scalar = double; Eigen::Index = long int]’
/usr/local/lib/R/site-library/RcppEigen/include/Eigen/src/Cholesky/LLT.h:408:68:   required from ‘static bool Eigen::internal::LLT_Traits<MatrixType, 1>::inplace_decomposition(MatrixType&) [with MatrixType = Eigen::Matrix<double, -1, -1>]’
/usr/local/lib/R/site-library/RcppEigen/include/Eigen/src/Cholesky/LLT.h:456:42:   required from ‘Eigen::LLT<_MatrixType, _UpLo>& Eigen::LLT<MatrixType, UpLo>::compute(const Eigen::EigenBase<OtherDerived>&) [with InputType = Eigen::Matrix<double, -1, -1>; _MatrixType = Eigen::Matrix<double, -1, -1>; int _UpLo = 1]’
/usr/local/lib/R/site-library/RcppEigen/include/Eigen/src/Cholesky/LLT.h:109:14:   required from ‘Eigen::LLT<MatrixType, UpLo>::LLT(const Eigen::EigenBase<OtherDerived>&) [with InputType = Eigen::Matrix<double, -1, -1>; _MatrixType = Eigen::Matrix<double, -1, -1>; int _UpLo = 1]’
/usr/local/lib/R/site-library/RcppEigen/include/Eigen/src/Cholesky/LLT.h:542:10:   required from ‘const Eigen::LLT<typename Eigen::DenseBase<Derived>::PlainObject> Eigen::MatrixBase<Derived>::llt() const [with Derived = Eigen::Matrix<double, -1, -1>; typename Eigen::DenseBase<Derived>::PlainObject = Eigen::Matrix<double, -1, -1>]’
../inst/include/RcppML/project.hpp:123:51:   required from here
/usr/local/lib/R/site-library/RcppEigen/include/Eigen/src/Core/DenseCoeffsBase.h:56:30: warning: ignoring attributes on template argument ‘Eigen::internal::packet_traits<double>::type’ {aka ‘__m128d’} [-Wignored-attributes]
   56 |                      >::type PacketReturnType;
      |                              ^~~~~~~~~~~~~~~~
/usr/local/lib/R/site-library/RcppEigen/include/Eigen/src/Core/DenseCoeffsBase.h: In instantiation of ‘class Eigen::DenseCoeffsBase<Eigen::Block<const Eigen::Transpose<const Eigen::Block<Eigen::Matrix<double, -1, -1>, 1, -1, false> >, -1, 1, true>, 0>’:
/usr/local/lib/R/site-library/RcppEigen/include/Eigen/src/Core/DenseCoeffsBase.h:481:7:   required from ‘class Eigen::DenseCoeffsBase<Eigen::Block<const Eigen::Transpose<const Eigen::Block<Eigen::Matrix<double, -1, -1>, 1, -1, false> >, -1, 1, true>, 2>’
/usr/local/lib/R/site-library/RcppEigen/include/Eigen/src/Core/DenseBase.h:41:34:   required from ‘class Eigen::DenseBase<Eigen::Block<const Eigen::Transpose<const Eigen::Block<Eigen::Matrix<double, -1, -1>, 1, -1, false> >, -1, 1, true> >’
/usr/local/lib/R/site-library/RcppEigen/include/Eigen/src/Core/MatrixBase.h:48:34:   required from ‘class Eigen::MatrixBase<Eigen::Block<const Eigen::Transpose<const Eigen::Block<Eigen::Matrix<double, -1, -1>, 1, -1, false> >, -1, 1, true> >’
/usr/local/lib/R/site-library/RcppEigen/include/Eigen/src/Core/MapBase.h:37:34:   required from ‘class Eigen::MapBase<Eigen::Block<const Eigen::Transpose<const Eigen::Block<Eigen::Matrix<double, -1, -1>, 1, -1, false> >, -1, 1, true>, 0>’
/usr/local/lib/R/site-library/RcppEigen/include/Eigen/src/Core/Block.h:329:7:   required from ‘class Eigen::internal::BlockImpl_dense<const Eigen::Transpose<const Eigen::Block<Eigen::Matrix<double, -1, -1>, 1, -1, false> >, -1, 1, true, true>’
/usr/local/lib/R/site-library/RcppEigen/include/Eigen/src/Core/Block.h:154:7:   [ skipping 9 instantiation contexts, use -ftemplate-backtrace-limit=0 to disable ]
/usr/local/lib/R/site-library/RcppEigen/include/Eigen/src/Cholesky/LLT.h:344:23:   required from ‘static Eigen::Index Eigen::internal::llt_inplace<Scalar, 1>::blocked(MatrixType&) [with MatrixType = Eigen::Matrix<double, -1, -1>; Scalar = double; Eigen::Index = long int]’
/usr/local/lib/R/site-library/RcppEigen/include/Eigen/src/Cholesky/LLT.h:408:68:   required from ‘static bool Eigen::internal::LLT_Traits<MatrixType, 1>::inplace_decomposition(MatrixType&) [with MatrixType = Eigen::Matrix<double, -1, -1>]’
/usr/local/lib/R/site-library/RcppEigen/include/Eigen/src/Cholesky/LLT.h:456:42:   required from ‘Eigen::LLT<_MatrixType, _UpLo>& Eigen::LLT<MatrixType, UpLo>::compute(const Eigen::EigenBase<OtherDerived>&) [with InputType = Eigen::Matrix<double, -1, -1>; _MatrixType = Eigen::Matrix<double, -1, -1>; int _UpLo = 1]’
/usr/local/lib/R/site-library/RcppEigen/include/Eigen/src/Cholesky/LLT.h:109:14:   required from ‘Eigen::LLT<MatrixType, UpLo>::LLT(const Eigen::EigenBase<OtherDerived>&) [with InputType = Eigen::Matrix<double, -1, -1>; _MatrixType = Eigen::Matrix<double, -1, -1>; int _UpLo = 1]’
/usr/local/lib/R/site-library/RcppEigen/include/Eigen/src/Cholesky/LLT.h:542:10:   required from ‘const Eigen::LLT<typename Eigen::DenseBase<Derived>::PlainObject> Eigen::MatrixBase<Derived>::llt() const [with Derived = Eigen::Matrix<double, -1, -1>; typename Eigen::DenseBase<Derived>::PlainObject = Eigen::Matrix<double, -1, -1>]’
../inst/include/RcppML/project.hpp:123:51:   required from here
/usr/local/lib/R/site-library/RcppEigen/include/Eigen/src/Core/DenseCoeffsBase.h:56:30: warning: ignoring attributes on template argument ‘Eigen::internal::packet_traits<double>::type’ {aka ‘__m128d’} [-Wignored-attributes]
/usr/local/lib/R/site-library/RcppEigen/include/Eigen/src/Core/DenseCoeffsBase.h: In instantiation of ‘class Eigen::DenseCoeffsBase<Eigen::Block<const Eigen::Block<Eigen::Block<Eigen::Matrix<double, -1, -1>, -1, -1, false>, -1, -1, false>, 1, -1, false>, 0>’:
/usr/local/lib/R/site-library/RcppEigen/include/Eigen/src/Core/DenseCoeffsBase.h:481:7:   required from ‘class Eigen::DenseCoeffsBase<Eigen::Block<const Eigen::Block<Eigen::Block<Eigen::Matrix<double, -1, -1>, -1, -1, false>, -1, -1, false>, 1, -1, false>, 2>’
/usr/local/lib/R/site-library/RcppEigen/include/Eigen/src/Core/DenseBase.h:41:34:   required from ‘class Eigen::DenseBase<Eigen::Block<const Eigen::Block<Eigen::Block<Eigen::Matrix<double, -1, -1>, -1, -1, false>, -1, -1, false>, 1, -1, false> >’
/usr/local/lib/R/site-library/RcppEigen/include/Eigen/src/Core/MatrixBase.h:48:34:   required from ‘class Eigen::MatrixBase<Eigen::Block<const Eigen::Block<Eigen::Block<Eigen::Matrix<double, -1, -1>, -1, -1, false>, -1, -1, false>, 1, -1, false> >’
/usr/local/lib/R/site-library/RcppEigen/include/Eigen/src/Core/MapBase.h:37:34:   required from ‘class Eigen::MapBase<Eigen::Block<const Eigen::Block<Eigen::Block<Eigen::Matrix<double, -1, -1>, -1, -1, false>, -1, -1, false>, 1, -1, false>, 0>’
/usr/local/lib/R/site-library/RcppEigen/include/Eigen/src/Core/Block.h:329:7:   required from ‘class Eigen::internal::BlockImpl_dense<const Eigen::Block<Eigen::Block<Eigen::Matrix<double, -1, -1>, -1, -1, false>, -1, -1, false>, 1, -1, false, true>’
/usr/local/lib/R/site-library/RcppEigen/include/Eigen/src/Core/Block.h:154:7:   [ skipping 9 instantiation contexts, use -ftemplate-backtrace-limit=0 to disable ]
/usr/local/lib/R/site-library/RcppEigen/include/Eigen/src/Cholesky/LLT.h:363:24:   required from ‘static Eigen::Index Eigen::internal::llt_inplace<Scalar, 1>::blocked(MatrixType&) [with MatrixType = Eigen::Matrix<double, -1, -1>; Scalar = double; Eigen::Index = long int]’
/usr/local/lib/R/site-library/RcppEigen/include/Eigen/src/Cholesky/LLT.h:408:68:   required from ‘static bool Eigen::internal::LLT_Traits<MatrixType, 1>::inplace_decomposition(MatrixType&) [with MatrixType = Eigen::Matrix<double, -1, -1>]’
/usr/local/lib/R/site-library/RcppEigen/include/Eigen/src/Cholesky/LLT.h:456:42:   required from ‘Eigen::LLT<_MatrixType, _UpLo>& Eigen::LLT<MatrixType, UpLo>::compute(const Eigen::EigenBase<OtherDerived>&) [with InputType = Eigen::Matrix<double, -1, -1>; _MatrixType = Eigen::Matrix<double, -1, -1>; int _UpLo = 1]’
/usr/local/lib/R/site-library/RcppEigen/include/Eigen/src/Cholesky/LLT.h:109:14:   required from ‘Eigen::LLT<MatrixType, UpLo>::LLT(const Eigen::EigenBase<OtherDerived>&) [with InputType = Eigen::Matrix<double, -1, -1>; _MatrixType = Eigen::Matrix<double, -1, -1>; int _UpLo = 1]’
/usr/local/lib/R/site-library/RcppEigen/include/Eigen/src/Cholesky/LLT.h:542:10:   required from ‘const Eigen::LLT<typename Eigen::DenseBase<Derived>::PlainObject> Eigen::MatrixBase<Derived>::llt() const [with Derived = Eigen::Matrix<double, -1, -1>; typename Eigen::DenseBase<Derived>::PlainObject = Eigen::Matrix<double, -1, -1>]’
../inst/include/RcppML/project.hpp:123:51:   required from here
/usr/local/lib/R/site-library/RcppEigen/include/Eigen/src/Core/DenseCoeffsBase.h:56:30: warning: ignoring attributes on template argument ‘Eigen::internal::packet_traits<double>::type’ {aka ‘__m128d’} [-Wignored-attributes]
/usr/local/lib/R/site-library/RcppEigen/include/Eigen/src/Core/DenseCoeffsBase.h: In instantiation of ‘class Eigen::DenseCoeffsBase<Eigen::Block<const Eigen::Transpose<const Eigen::Block<Eigen::Block<Eigen::Matrix<double, -1, -1>, -1, -1, false>, 1, -1, false> >, -1, 1, true>, 0>’:
/usr/local/lib/R/site-library/RcppEigen/include/Eigen/src/Core/DenseCoeffsBase.h:481:7:   required from ‘class Eigen::DenseCoeffsBase<Eigen::Block<const Eigen::Transpose<const Eigen::Block<Eigen::Block<Eigen::Matrix<double, -1, -1>, -1, -1, false>, 1, -1, false> >, -1, 1, true>, 2>’
/usr/local/lib/R/site-library/RcppEigen/include/Eigen/src/Core/DenseBase.h:41:34:   required from ‘class Eigen::DenseBase<Eigen::Block<const Eigen::Transpose<const Eigen::Block<Eigen::Block<Eigen::Matrix<double, -1, -1>, -1, -1, false>, 1, -1, false> >, -1, 1, true> >’
/usr/local/lib/R/site-library/RcppEigen/include/Eigen/src/Core/MatrixBase.h:48:34:   required from ‘class Eigen::MatrixBase<Eigen::Block<const Eigen::Transpose<const Eigen::Block<Eigen::Block<Eigen::Matrix<double, -1, -1>, -1, -1, false>, 1, -1, false> >, -1, 1, true> >’
/usr/local/lib/R/site-library/RcppEigen/include/Eigen/src/Core/MapBase.h:37:34:   required from ‘class Eigen::MapBase<Eigen::Block<const Eigen::Transpose<const Eigen::Block<Eigen::Block<Eigen::Matrix<double, -1, -1>, -1, -1, false>, 1, -1, false> >, -1, 1, true>, 0>’
/usr/local/lib/R/site-library/RcppEigen/include/Eigen/src/Core/Block.h:329:7:   required from ‘class Eigen::internal::BlockImpl_dense<const Eigen::Transpose<const Eigen::Block<Eigen::Block<Eigen::Matrix<double, -1, -1>, -1, -1, false>, 1, -1, false> >, -1, 1, true, true>’
/usr/local/lib/R/site-library/RcppEigen/include/Eigen/src/Core/Block.h:154:7:   [ skipping 9 instantiation contexts, use -ftemplate-backtrace-limit=0 to disable ]
/usr/local/lib/R/site-library/RcppEigen/include/Eigen/src/Cholesky/LLT.h:363:24:   required from ‘static Eigen::Index Eigen::internal::llt_inplace<Scalar, 1>::blocked(MatrixType&) [with MatrixType = Eigen::Matrix<double, -1, -1>; Scalar = double; Eigen::Index = long int]’
/usr/local/lib/R/site-library/RcppEigen/include/Eigen/src/Cholesky/LLT.h:408:68:   required from ‘static bool Eigen::internal::LLT_Traits<MatrixType, 1>::inplace_decomposition(MatrixType&) [with MatrixType = Eigen::Matrix<double, -1, -1>]’
/usr/local/lib/R/site-library/RcppEigen/include/Eigen/src/Cholesky/LLT.h:456:42:   required from ‘Eigen::LLT<_MatrixType, _UpLo>& Eigen::LLT<MatrixType, UpLo>::compute(const Eigen::EigenBase<OtherDerived>&) [with InputType = Eigen::Matrix<double, -1, -1>; _MatrixType = Eigen::Matrix<double, -1, -1>; int _UpLo = 1]’
/usr/local/lib/R/site-library/RcppEigen/include/Eigen/src/Cholesky/LLT.h:109:14:   required from ‘Eigen::LLT<MatrixType, UpLo>::LLT(const Eigen::EigenBase<OtherDerived>&) [with InputType = Eigen::Matrix<double, -1, -1>; _MatrixType = Eigen::Matrix<double, -1, -1>; int _UpLo = 1]’
/usr/local/lib/R/site-library/RcppEigen/include/Eigen/src/Cholesky/LLT.h:542:10:   required from ‘const Eigen::LLT<typename Eigen::DenseBase<Derived>::PlainObject> Eigen::MatrixBase<Derived>::llt() const [with Derived = Eigen::Matrix<double, -1, -1>; typename Eigen::DenseBase<Derived>::PlainObject = Eigen::Matrix<double, -1, -1>]’
../inst/include/RcppML/project.hpp:123:51:   required from here
/usr/local/lib/R/site-library/RcppEigen/include/Eigen/src/Core/DenseCoeffsBase.h:56:30: warning: ignoring attributes on template argument ‘Eigen::internal::packet_traits<double>::type’ {aka ‘__m128d’} [-Wignored-attributes]
In file included from /usr/local/lib/R/site-library/RcppEigen/include/Eigen/Core:277,
                 from /usr/local/lib/R/site-library/RcppEigen/include/Eigen/Dense:1,
                 from /usr/local/lib/R/site-library/RcppEigen/include/RcppEigenForward.h:28,
                 from /usr/local/lib/R/site-library/RcppEigen/include/RcppEigen.h:25,
                 from ../inst/include/RcppMLCommon.hpp:36,
                 from ../inst/include/RcppML.hpp:11,
                 from RcppFunctions.cpp:8:
/usr/local/lib/R/site-library/RcppEigen/include/Eigen/src/Core/CoreEvaluators.h: In instantiation of ‘struct Eigen::internal::evaluator<Eigen::Block<const Eigen::Block<const Eigen::Transpose<Eigen::Matrix<double, -1, -1> >, -1, 1, false>, -1, 1, true> >’:
/usr/local/lib/R/site-library/RcppEigen/include/Eigen/src/Core/CoreEvaluators.h:100:8:   required from ‘struct Eigen::internal::evaluator<const Eigen::Block<const Eigen::Block<const Eigen::Transpose<Eigen::Matrix<double, -1, -1> >, -1, 1, false>, -1, 1, true> >’
/usr/local/lib/R/site-library/RcppEigen/include/Eigen/src/Core/CoreEvaluators.h:739:78:   required from ‘struct Eigen::internal::binary_evaluator<Eigen::CwiseBinaryOp<Eigen::internal::scalar_conj_product_op<double, double>, const Eigen::Transpose<const Eigen::Block<const Eigen::Matrix<double, -1, -1>, 1, -1, false> >, const Eigen::Block<const Eigen::Block<const Eigen::Transpose<Eigen::Matrix<double, -1, -1> >, -1, 1, false>, -1, 1, true> >, Eigen::internal::IndexBased, Eigen::internal::IndexBased, double, double>’
/usr/local/lib/R/site-library/RcppEigen/include/Eigen/src/Core/CoreEvaluators.h:722:8:   required from ‘struct Eigen::internal::evaluator<Eigen::CwiseBinaryOp<Eigen::internal::scalar_conj_product_op<double, double>, const Eigen::Transpose<const Eigen::Block<const Eigen::Matrix<double, -1, -1>, 1, -1, false> >, const Eigen::Block<const Eigen::Block<const Eigen::Transpose<Eigen::Matrix<double, -1, -1> >, -1, 1, false>, -1, 1, true> > >’
/usr/local/lib/R/site-library/RcppEigen/include/Eigen/src/Core/Redux.h:357:7:   required from ‘class Eigen::internal::redux_evaluator<Eigen::CwiseBinaryOp<Eigen::internal::scalar_conj_product_op<double, double>, const Eigen::Transpose<const Eigen::Block<const Eigen::Matrix<double, -1, -1>, 1, -1, false> >, const Eigen::Block<const Eigen::Block<const Eigen::Transpose<Eigen::Matrix<double, -1, -1> >, -1, 1, false>, -1, 1, true> > >’
/usr/local/lib/R/site-library/RcppEigen/include/Eigen/src/Core/Redux.h:414:17:   required from ‘typename Eigen::internal::traits<T>::Scalar Eigen::DenseBase<Derived>::redux(const Func&) const [with BinaryOp = Eigen::internal::scalar_sum_op<double, double>; Derived = Eigen::CwiseBinaryOp<Eigen::internal::scalar_conj_product_op<double, double>, const Eigen::Transpose<const Eigen::Block<const Eigen::Matrix<double, -1, -1>, 1, -1, false> >, const Eigen::Block<const Eigen::Block<const Eigen::Transpose<Eigen::Matrix<double, -1, -1> >, -1, 1, false>, -1, 1, true> >; typename Eigen::internal::traits<T>::Scalar = double]’
/usr/local/lib/R/site-library/RcppEigen/include/Eigen/src/Core/Redux.h:463:25:   [ skipping 6 instantiation contexts, use -ftemplate-backtrace-limit=0 to disable ]
/usr/local/lib/R/site-library/RcppEigen/include/Eigen/src/Core/ProductEvaluators.h:148:43:   required from ‘static void Eigen::internal::Assignment<DstXprType, Eigen::Product<Lhs, Rhs, Options>, Eigen::internal::assign_op<Scalar, Scalar>, Eigen::internal::Dense2Dense, typename Eigen::internal::enable_if<((Options == Eigen::DefaultProduct) || (Options == Eigen::AliasFreeProduct))>::type>::run(DstXprType&, const SrcXprType&, const Eigen::internal::assign_op<Scalar, Scalar>&) [with DstXprType = Eigen::Matrix<double, -1, -1>; Lhs = Eigen::Matrix<double, -1, -1>; Rhs = Eigen::Transpose<Eigen::Matrix<double, -1, -1> >; int Options = 0; Scalar = double; Eigen::internal::Assignment<DstXprType, Eigen::Product<Lhs, Rhs, Options>, Eigen::internal::assign_op<Scalar, Scalar>, Eigen::internal::Dense2Dense, typename Eigen::internal::enable_if<((Options == Eigen::DefaultProduct) || (Options == Eigen::AliasFreeProduct))>::type>::SrcXprType = Eigen::Product<Eigen::Matrix<double, -1, -1>, Eigen::Transpose<Eigen::Matrix<double, -1, -1> >, 0>]’
/usr/local/lib/R/site-library/RcppEigen/include/Eigen/src/Core/AssignEvaluator.h:890:49:   required from ‘void Eigen::internal::call_assignment_no_alias(Dst&, const Src&, const Func&) [with Dst = Eigen::Matrix<double, -1, -1>; Src = Eigen::Product<Eigen::Matrix<double, -1, -1>, Eigen::Transpose<Eigen::Matrix<double, -1, -1> >, 0>; Func = Eigen::internal::assign_op<double, double>]’
/usr/local/lib/R/site-library/RcppEigen/include/Eigen/src/Core/PlainObjectBase.h:797:41:   required from ‘Derived& Eigen::PlainObjectBase<Derived>::_set_noalias(const Eigen::DenseBase<OtherDerived>&) [with OtherDerived = Eigen::Product<Eigen::Matrix<double, -1, -1>, Eigen::Transpose<Eigen::Matrix<double, -1, -1> >, 0>; Derived = Eigen::Matrix<double, -1, -1>]’
/usr/local/lib/R/site-library/RcppEigen/include/Eigen/src/Core/PlainObjectBase.h:594:19:   required from ‘Eigen::PlainObjectBase<Derived>::PlainObjectBase(const Eigen::DenseBase<OtherDerived>&) [with OtherDerived = Eigen::Product<Eigen::Matrix<double, -1, -1>, Eigen::Transpose<Eigen::Matrix<double, -1, -1> >, 0>; Derived = Eigen::Matrix<double, -1, -1>]’
/usr/local/lib/R/site-library/RcppEigen/include/Eigen/src/Core/Matrix.h:423:29:   required from ‘Eigen::Matrix<_Scalar, _Rows, _Cols, _Options, _MaxRows, _MaxCols>::Matrix(const Eigen::EigenBase<OtherDerived>&) [with OtherDerived = Eigen::Product<Eigen::Matrix<double, -1, -1>, Eigen::Transpose<Eigen::Matrix<double, -1, -1> >, 0>; _Scalar = double; int _Rows = -1; int _Cols = -1; int _Options = 0; int _MaxRows = -1; int _MaxCols = -1]’
../inst/include/RcppML/project.hpp:149:47:   required from here
/usr/local/lib/R/site-library/RcppEigen/include/Eigen/src/Core/CoreEvaluators.h:1071:54: warning: ignoring attributes on template argument ‘Eigen::internal::packet_traits<double>::type’ {aka ‘__m128d’} [-Wignored-attributes]
 1071 |     PacketAlignment = unpacket_traits<PacketScalar>::alignment,
      |                                                      ^~~~~~~~~
In file included from /usr/local/lib/R/site-library/RcppEigen/include/Eigen/Core:271,
                 from /usr/local/lib/R/site-library/RcppEigen/include/Eigen/Dense:1,
                 from /usr/local/lib/R/site-library/RcppEigen/include/RcppEigenForward.h:28,
                 from /usr/local/lib/R/site-library/RcppEigen/include/RcppEigen.h:25,
                 from ../inst/include/RcppMLCommon.hpp:36,
                 from ../inst/include/RcppML.hpp:11,
                 from RcppFunctions.cpp:8:
/usr/local/lib/R/site-library/RcppEigen/include/Eigen/src/Core/DenseCoeffsBase.h: In instantiation of ‘class Eigen::DenseCoeffsBase<Eigen::CwiseBinaryOp<Eigen::internal::scalar_conj_product_op<double, double>, const Eigen::Transpose<const Eigen::Block<const Eigen::Matrix<double, -1, -1>, 1, -1, false> >, const Eigen::Block<const Eigen::Block<const Eigen::Matrix<double, -1, -1>, -1, 1, true>, -1, 1, true> >, 0>’:
/usr/local/lib/R/site-library/RcppEigen/include/Eigen/src/Core/DenseBase.h:41:34:   required from ‘class Eigen::DenseBase<Eigen::CwiseBinaryOp<Eigen::internal::scalar_conj_product_op<double, double>, const Eigen::Transpose<const Eigen::Block<const Eigen::Matrix<double, -1, -1>, 1, -1, false> >, const Eigen::Block<const Eigen::Block<const Eigen::Matrix<double, -1, -1>, -1, 1, true>, -1, 1, true> > >’
/usr/local/lib/R/site-library/RcppEigen/include/Eigen/src/Core/MatrixBase.h:48:34:   required from ‘class Eigen::MatrixBase<Eigen::CwiseBinaryOp<Eigen::internal::scalar_conj_product_op<double, double>, const Eigen::Transpose<const Eigen::Block<const Eigen::Matrix<double, -1, -1>, 1, -1, false> >, const Eigen::Block<const Eigen::Block<const Eigen::Matrix<double, -1, -1>, -1, 1, true>, -1, 1, true> > >’
/usr/local/lib/R/site-library/RcppEigen/include/Eigen/src/Core/CwiseBinaryOp.h:148:7:   required from ‘class Eigen::CwiseBinaryOpImpl<Eigen::internal::scalar_conj_product_op<double, double>, const Eigen::Transpose<const Eigen::Block<const Eigen::Matrix<double, -1, -1>, 1, -1, false> >, const Eigen::Block<const Eigen::Block<const Eigen::Matrix<double, -1, -1>, -1, 1, true>, -1, 1, true>, Eigen::Dense>’
/usr/local/lib/R/site-library/RcppEigen/include/Eigen/src/Core/CwiseBinaryOp.h:77:7:   required from ‘class Eigen::CwiseBinaryOp<Eigen::internal::scalar_conj_product_op<double, double>, const Eigen::Transpose<const Eigen::Block<const Eigen::Matrix<double, -1, -1>, 1, -1, false> >, const Eigen::Block<const Eigen::Block<const Eigen::Matrix<double, -1, -1>, -1, 1, true>, -1, 1, true> >’
/usr/local/lib/R/site-library/RcppEigen/include/Eigen/src/Core/Dot.h:50:56:   required from ‘static Eigen::internal::dot_nocheck<T, U, true>::ResScalar Eigen::internal::dot_nocheck<T, U, true>::run(const Eigen::MatrixBase<Derived>&, const Eigen::MatrixBase<U>&) [with T = Eigen::Block<const Eigen::Matrix<double, -1, -1>, 1, -1, false>; U = Eigen::Block<const Eigen::Block<const Eigen::Matrix<double, -1, -1>, -1, 1, true>, -1, 1, true>; Eigen::internal::dot_nocheck<T, U, true>::ResScalar = double]’
/usr/local/lib/R/site-library/RcppEigen/include/Eigen/src/Core/Dot.h:84:58:   [ skipping 6 instantiation contexts, use -ftemplate-backtrace-limit=0 to disable ]
/usr/local/lib/R/site-library/RcppEigen/include/Eigen/src/Core/PlainObjectBase.h:797:41:   required from ‘Derived& Eigen::PlainObjectBase<Derived>::_set_noalias(const Eigen::DenseBase<OtherDerived>&) [with OtherDerived = Eigen::Product<Eigen::Matrix<double, -1, -1>, Eigen::Block<const Eigen::Matrix<double, -1, -1>, -1, 1, true>, 0>; Derived = Eigen::Matrix<double, -1, 1>]’
/usr/local/lib/R/site-library/RcppEigen/include/Eigen/src/Core/PlainObjectBase.h:883:25:   required from ‘void Eigen::PlainObjectBase<Derived>::_init1(const Eigen::DenseBase<ElseDerived>&) [with T = Eigen::Product<Eigen::Matrix<double, -1, -1>, Eigen::Block<const Eigen::Matrix<double, -1, -1>, -1, 1, true>, 0>; OtherDerived = Eigen::Product<Eigen::Matrix<double, -1, -1>, Eigen::Block<const Eigen::Matrix<double, -1, -1>, -1, 1, true>, 0>; Derived = Eigen::Matrix<double, -1, 1>]’
/usr/local/lib/R/site-library/RcppEigen/include/Eigen/src/Core/Matrix.h:332:31:   required from ‘Eigen::Matrix<_Scalar, _Rows, _Cols, _Options, _MaxRows, _MaxCols>::Matrix(const T&) [with T = Eigen::Product<Eigen::Matrix<double, -1, -1>, Eigen::Block<const Eigen::Matrix<double, -1, -1>, -1, 1, true>, 0>; _Scalar = double; int _Rows = -1; int _Cols = 1; int _Options = 0; int _MaxRows = -1; int _MaxCols = 1]’
/usr/local/lib/R/site-library/RcppEigen/include/Eigen/src/Core/AssignEvaluator.h:850:41:   required from ‘void Eigen::internal::call_assignment(Dst&, const Src&, const Func&, typename Eigen::internal::enable_if<Eigen::internal::evaluator_assume_aliasing<Src>::value, void*>::type) [with Dst = Eigen::Matrix<double, -1, 1>; Src = Eigen::Product<Eigen::Matrix<double, -1, -1>, Eigen::Block<const Eigen::Matrix<double, -1, -1>, -1, 1, true>, 0>; Func = Eigen::internal::add_assign_op<double, double>; typename Eigen::internal::enable_if<Eigen::internal::evaluator_assume_aliasing<Src>::value, void*>::type = void*; typename Eigen::internal::evaluator_traits<SrcXprType>::Shape = Eigen::DenseShape]’
/usr/local/lib/R/site-library/RcppEigen/include/Eigen/src/Core/CwiseBinaryOp.h:177:18:   required from ‘Derived& Eigen::MatrixBase<Derived>::operator+=(const Eigen::MatrixBase<OtherDerived>&) [with OtherDerived = Eigen::Product<Eigen::Matrix<double, -1, -1>, Eigen::Block<const Eigen::Matrix<double, -1, -1>, -1, 1, true>, 0>; Derived = Eigen::Matrix<double, -1, 1>]’
../inst/include/RcppML/project.hpp:198:23:   required from here
/usr/local/lib/R/site-library/RcppEigen/include/Eigen/src/Core/DenseCoeffsBase.h:56:30: warning: ignoring attributes on template argument ‘Eigen::internal::packet_traits<double>::type’ {aka ‘__m128d’} [-Wignored-attributes]
   56 |                      >::type PacketReturnType;
      |                              ^~~~~~~~~~~~~~~~
In file included from /usr/local/lib/R/site-library/RcppEigen/include/Eigen/Core:277,
                 from /usr/local/lib/R/site-library/RcppEigen/include/Eigen/Dense:1,
                 from /usr/local/lib/R/site-library/RcppEigen/include/RcppEigenForward.h:28,
                 from /usr/local/lib/R/site-library/RcppEigen/include/RcppEigen.h:25,
                 from ../inst/include/RcppMLCommon.hpp:36,
                 from ../inst/include/RcppML.hpp:11,
                 from RcppFunctions.cpp:8:
/usr/local/lib/R/site-library/RcppEigen/include/Eigen/src/Core/CoreEvaluators.h: In instantiation of ‘struct Eigen::internal::evaluator<Eigen::Block<const Eigen::Block<Eigen::Matrix<double, -1, -1>, -1, 1, true>, -1, 1, true> >’:
/usr/local/lib/R/site-library/RcppEigen/include/Eigen/src/Core/CoreEvaluators.h:100:8:   required from ‘struct Eigen::internal::evaluator<const Eigen::Block<const Eigen::Block<Eigen::Matrix<double, -1, -1>, -1, 1, true>, -1, 1, true> >’
/usr/local/lib/R/site-library/RcppEigen/include/Eigen/src/Core/CoreEvaluators.h:739:78:   required from ‘struct Eigen::internal::binary_evaluator<Eigen::CwiseBinaryOp<Eigen::internal::scalar_conj_product_op<double, double>, const Eigen::Transpose<const Eigen::Block<const Eigen::Matrix<double, -1, -1>, 1, -1, false> >, const Eigen::Block<const Eigen::Block<Eigen::Matrix<double, -1, -1>, -1, 1, true>, -1, 1, true> >, Eigen::internal::IndexBased, Eigen::internal::IndexBased, double, double>’
/usr/local/lib/R/site-library/RcppEigen/include/Eigen/src/Core/CoreEvaluators.h:722:8:   required from ‘struct Eigen::internal::evaluator<Eigen::CwiseBinaryOp<Eigen::internal::scalar_conj_product_op<double, double>, const Eigen::Transpose<const Eigen::Block<const Eigen::Matrix<double, -1, -1>, 1, -1, false> >, const Eigen::Block<const Eigen::Block<Eigen::Matrix<double, -1, -1>, -1, 1, true>, -1, 1, true> > >’
/usr/local/lib/R/site-library/RcppEigen/include/Eigen/src/Core/Redux.h:357:7:   required from ‘class Eigen::internal::redux_evaluator<Eigen::CwiseBinaryOp<Eigen::internal::scalar_conj_product_op<double, double>, const Eigen::Transpose<const Eigen::Block<const Eigen::Matrix<double, -1, -1>, 1, -1, false> >, const Eigen::Block<const Eigen::Block<Eigen::Matrix<double, -1, -1>, -1, 1, true>, -1, 1, true> > >’
/usr/local/lib/R/site-library/RcppEigen/include/Eigen/src/Core/Redux.h:414:17:   required from ‘typename Eigen::internal::traits<T>::Scalar Eigen::DenseBase<Derived>::redux(const Func&) const [with BinaryOp = Eigen::internal::scalar_sum_op<double, double>; Derived = Eigen::CwiseBinaryOp<Eigen::internal::scalar_conj_product_op<double, double>, const Eigen::Transpose<const Eigen::Block<const Eigen::Matrix<double, -1, -1>, 1, -1, false> >, const Eigen::Block<const Eigen::Block<Eigen::Matrix<double, -1, -1>, -1, 1, true>, -1, 1, true> >; typename Eigen::internal::traits<T>::Scalar = double]’
/usr/local/lib/R/site-library/RcppEigen/include/Eigen/src/Core/Redux.h:463:25:   [ skipping 6 instantiation contexts, use -ftemplate-backtrace-limit=0 to disable ]
/usr/local/lib/R/site-library/RcppEigen/include/Eigen/src/Core/ProductEvaluators.h:148:43:   required from ‘static void Eigen::internal::Assignment<DstXprType, Eigen::Product<Lhs, Rhs, Options>, Eigen::internal::assign_op<Scalar, Scalar>, Eigen::internal::Dense2Dense, typename Eigen::internal::enable_if<((Options == Eigen::DefaultProduct) || (Options == Eigen::AliasFreeProduct))>::type>::run(DstXprType&, const SrcXprType&, const Eigen::internal::assign_op<Scalar, Scalar>&) [with DstXprType = Eigen::Matrix<double, -1, 1>; Lhs = Eigen::Matrix<double, -1, -1>; Rhs = Eigen::Block<Eigen::Matrix<double, -1, -1>, -1, 1, true>; int Options = 0; Scalar = double; Eigen::internal::Assignment<DstXprType, Eigen::Product<Lhs, Rhs, Options>, Eigen::internal::assign_op<Scalar, Scalar>, Eigen::internal::Dense2Dense, typename Eigen::internal::enable_if<((Options == Eigen::DefaultProduct) || (Options == Eigen::AliasFreeProduct))>::type>::SrcXprType = Eigen::Product<Eigen::Matrix<double, -1, -1>, Eigen::Block<Eigen::Matrix<double, -1, -1>, -1, 1, true>, 0>]’
/usr/local/lib/R/site-library/RcppEigen/include/Eigen/src/Core/AssignEvaluator.h:890:49:   required from ‘void Eigen::internal::call_assignment_no_alias(Dst&, const Src&, const Func&) [with Dst = Eigen::Matrix<double, -1, 1>; Src = Eigen::Product<Eigen::Matrix<double, -1, -1>, Eigen::Block<Eigen::Matrix<double, -1, -1>, -1, 1, true>, 0>; Func = Eigen::internal::assign_op<double, double>]’
/usr/local/lib/R/site-library/RcppEigen/include/Eigen/src/Core/PlainObjectBase.h:797:41:   required from ‘Derived& Eigen::PlainObjectBase<Derived>::_set_noalias(const Eigen::DenseBase<OtherDerived>&) [with OtherDerived = Eigen::Product<Eigen::Matrix<double, -1, -1>, Eigen::Block<Eigen::Matrix<double, -1, -1>, -1, 1, true>, 0>; Derived = Eigen::Matrix<double, -1, 1>]’
/usr/local/lib/R/site-library/RcppEigen/include/Eigen/src/Core/PlainObjectBase.h:594:19:   required from ‘Eigen::PlainObjectBase<Derived>::PlainObjectBase(const Eigen::DenseBase<OtherDerived>&) [with OtherDerived = Eigen::Product<Eigen::Matrix<double, -1, -1>, Eigen::Block<Eigen::Matrix<double, -1, -1>, -1, 1, true>, 0>; Derived = Eigen::Matrix<double, -1, 1>]’
/usr/local/lib/R/site-library/RcppEigen/include/Eigen/src/Core/Matrix.h:423:29:   required from ‘Eigen::Matrix<_Scalar, _Rows, _Cols, _Options, _MaxRows, _MaxCols>::Matrix(const Eigen::EigenBase<OtherDerived>&) [with OtherDerived = Eigen::Product<Eigen::Matrix<double, -1, -1>, Eigen::Block<Eigen::Matrix<double, -1, -1>, -1, 1, true>, 0>; _Scalar = double; int _Rows = -1; int _Cols = 1; int _Options = 0; int _MaxRows = -1; int _MaxCols = 1]’
../inst/include/RcppML/nmf.hpp:98:46:   required from here
/usr/local/lib/R/site-library/RcppEigen/include/Eigen/src/Core/CoreEvaluators.h:1071:54: warning: ignoring attributes on template argument ‘Eigen::internal::packet_traits<double>::type’ {aka ‘__m128d’} [-Wignored-attributes]
 1071 |     PacketAlignment = unpacket_traits<PacketScalar>::alignment,
      |                                                      ^~~~~~~~~
In file included from /usr/local/lib/R/site-library/RcppEigen/include/Eigen/Core:271,
                 from /usr/local/lib/R/site-library/RcppEigen/include/Eigen/Dense:1,
                 from /usr/local/lib/R/site-library/RcppEigen/include/RcppEigenForward.h:28,
                 from /usr/local/lib/R/site-library/RcppEigen/include/RcppEigen.h:25,
                 from ../inst/include/RcppMLCommon.hpp:36,
                 from ../inst/include/RcppML.hpp:11,
                 from RcppFunctions.cpp:8:
/usr/local/lib/R/site-library/RcppEigen/include/Eigen/src/Core/DenseCoeffsBase.h: In instantiation of ‘class Eigen::DenseCoeffsBase<Eigen::CwiseBinaryOp<Eigen::internal::scalar_product_op<double, double>, const Eigen::Transpose<const Eigen::Block<const Eigen::Matrix<double, -1, -1>, 1, -1, false> >, const Eigen::Block<const Eigen::Transpose<const Eigen::Matrix<double, -1, -1> >, -1, 1, false> >, 0>’:
/usr/local/lib/R/site-library/RcppEigen/include/Eigen/src/Core/DenseBase.h:41:34:   required from ‘class Eigen::DenseBase<Eigen::CwiseBinaryOp<Eigen::internal::scalar_product_op<double, double>, const Eigen::Transpose<const Eigen::Block<const Eigen::Matrix<double, -1, -1>, 1, -1, false> >, const Eigen::Block<const Eigen::Transpose<const Eigen::Matrix<double, -1, -1> >, -1, 1, false> > >’
/usr/local/lib/R/site-library/RcppEigen/include/Eigen/src/Core/MatrixBase.h:48:34:   required from ‘class Eigen::MatrixBase<Eigen::CwiseBinaryOp<Eigen::internal::scalar_product_op<double, double>, const Eigen::Transpose<const Eigen::Block<const Eigen::Matrix<double, -1, -1>, 1, -1, false> >, const Eigen::Block<const Eigen::Transpose<const Eigen::Matrix<double, -1, -1> >, -1, 1, false> > >’
/usr/local/lib/R/site-library/RcppEigen/include/Eigen/src/Core/CwiseBinaryOp.h:148:7:   required from ‘class Eigen::CwiseBinaryOpImpl<Eigen::internal::scalar_product_op<double, double>, const Eigen::Transpose<const Eigen::Block<const Eigen::Matrix<double, -1, -1>, 1, -1, false> >, const Eigen::Block<const Eigen::Transpose<const Eigen::Matrix<double, -1, -1> >, -1, 1, false>, Eigen::Dense>’
/usr/local/lib/R/site-library/RcppEigen/include/Eigen/src/Core/CwiseBinaryOp.h:77:7:   required from ‘class Eigen::CwiseBinaryOp<Eigen::internal::scalar_product_op<double, double>, const Eigen::Transpose<const Eigen::Block<const Eigen::Matrix<double, -1, -1>, 1, -1, false> >, const Eigen::Block<const Eigen::Transpose<const Eigen::Matrix<double, -1, -1> >, -1, 1, false> >’
/usr/local/lib/R/site-library/RcppEigen/include/Eigen/src/Core/ProductEvaluators.h:606:52:   required from ‘const CoeffReturnType Eigen::internal::product_evaluator<Eigen::Product<Lhs, Rhs, 1>, ProductTag, Eigen::DenseShape, Eigen::DenseShape>::coeff(Eigen::Index, Eigen::Index) const [with Lhs = Eigen::Matrix<double, -1, -1>; Rhs = Eigen::Transpose<const Eigen::Matrix<double, -1, -1> >; int ProductTag = 8; typename Eigen::internal::traits<typename Eigen::Product<Lhs, Rhs, 1>::Rhs>::Scalar = double; typename Eigen::Product<Lhs, Rhs, 1>::Rhs = Eigen::Transpose<const Eigen::Matrix<double, -1, -1> >; typename Eigen::internal::traits<typename Eigen::Product<Lhs, Rhs, 1>::Lhs>::Scalar = double; typename Eigen::Product<Lhs, Rhs, 1>::Lhs = Eigen::Matrix<double, -1, -1>; Eigen::internal::product_evaluator<Eigen::Product<Lhs, Rhs, 1>, ProductTag, Eigen::DenseShape, Eigen::DenseShape>::CoeffReturnType = double; Eigen::Index = long int]’
/usr/local/lib/R/site-library/RcppEigen/include/Eigen/src/Core/AssignEvaluator.h:654:63:   [ skipping 7 instantiation contexts, use -ftemplate-backtrace-limit=0 to disable ]
/usr/local/lib/R/site-library/RcppEigen/include/Eigen/src/Core/ProductEvaluators.h:148:43:   required from ‘static void Eigen::internal::Assignment<DstXprType, Eigen::Product<Lhs, Rhs, Options>, Eigen::internal::assign_op<Scalar, Scalar>, Eigen::internal::Dense2Dense, typename Eigen::internal::enable_if<((Options == Eigen::DefaultProduct) || (Options == Eigen::AliasFreeProduct))>::type>::run(DstXprType&, const SrcXprType&, const Eigen::internal::assign_op<Scalar, Scalar>&) [with DstXprType = Eigen::Matrix<double, -1, -1>; Lhs = Eigen::Matrix<double, -1, -1>; Rhs = Eigen::Transpose<const Eigen::Matrix<double, -1, -1> >; int Options = 0; Scalar = double; Eigen::internal::Assignment<DstXprType, Eigen::Product<Lhs, Rhs, Options>, Eigen::internal::assign_op<Scalar, Scalar>, Eigen::internal::Dense2Dense, typename Eigen::internal::enable_if<((Options == Eigen::DefaultProduct) || (Options == Eigen::AliasFreeProduct))>::type>::SrcXprType = Eigen::Product<Eigen::Matrix<double, -1, -1>, Eigen::Transpose<const Eigen::Matrix<double, -1, -1> >, 0>]’
/usr/local/lib/R/site-library/RcppEigen/include/Eigen/src/Core/AssignEvaluator.h:890:49:   required from ‘void Eigen::internal::call_assignment_no_alias(Dst&, const Src&, const Func&) [with Dst = Eigen::Matrix<double, -1, -1>; Src = Eigen::Product<Eigen::Matrix<double, -1, -1>, Eigen::Transpose<const Eigen::Matrix<double, -1, -1> >, 0>; Func = Eigen::internal::assign_op<double, double>]’
/usr/local/lib/R/site-library/RcppEigen/include/Eigen/src/Core/PlainObjectBase.h:797:41:   required from ‘Derived& Eigen::PlainObjectBase<Derived>::_set_noalias(const Eigen::DenseBase<OtherDerived>&) [with OtherDerived = Eigen::Product<Eigen::Matrix<double, -1, -1>, Eigen::Transpose<const Eigen::Matrix<double, -1, -1> >, 0>; Derived = Eigen::Matrix<double, -1, -1>]’
/usr/local/lib/R/site-library/RcppEigen/include/Eigen/src/Core/PlainObjectBase.h:594:19:   required from ‘Eigen::PlainObjectBase<Derived>::PlainObjectBase(const Eigen::DenseBase<OtherDerived>&) [with OtherDerived = Eigen::Product<Eigen::Matrix<double, -1, -1>, Eigen::Transpose<const Eigen::Matrix<double, -1, -1> >, 0>; Derived = Eigen::Matrix<double, -1, -1>]’
/usr/local/lib/R/site-library/RcppEigen/include/Eigen/src/Core/Matrix.h:423:29:   required from ‘Eigen::Matrix<_Scalar, _Rows, _Cols, _Options, _MaxRows, _MaxCols>::Matrix(const Eigen::EigenBase<OtherDerived>&) [with OtherDerived = Eigen::Product<Eigen::Matrix<double, -1, -1>, Eigen::Transpose<const Eigen::Matrix<double, -1, -1> >, 0>; _Scalar = double; int _Rows = -1; int _Cols = -1; int _Options = 0; int _MaxRows = -1; int _MaxCols = -1]’
../inst/include/RcppML/project.hpp:121:43:   required from here
/usr/local/lib/R/site-library/RcppEigen/include/Eigen/src/Core/DenseCoeffsBase.h:56:30: warning: ignoring attributes on template argument ‘Eigen::internal::packet_traits<double>::type’ {aka ‘__m128d’} [-Wignored-attributes]
   56 |                      >::type PacketReturnType;
      |                              ^~~~~~~~~~~~~~~~
In file included from /usr/local/lib/R/site-library/RcppEigen/include/Eigen/Core:277,
                 from /usr/local/lib/R/site-library/RcppEigen/include/Eigen/Dense:1,
                 from /usr/local/lib/R/site-library/RcppEigen/include/RcppEigenForward.h:28,
                 from /usr/local/lib/R/site-library/RcppEigen/include/RcppEigen.h:25,
                 from ../inst/include/RcppMLCommon.hpp:36,
                 from ../inst/include/RcppML.hpp:11,
                 from RcppFunctions.cpp:8:
/usr/local/lib/R/site-library/RcppEigen/include/Eigen/src/Core/CoreEvaluators.h: In instantiation of ‘struct Eigen::internal::evaluator<Eigen::Block<const Eigen::Map<const Eigen::Matrix<double, -1, -1, 1, -1, -1>, 0, Eigen::OuterStride<> >, 1, -1, true> >’:
/usr/local/lib/R/site-library/RcppEigen/include/Eigen/src/Core/CoreEvaluators.h:100:8:   required from ‘struct Eigen::internal::evaluator<const Eigen::Block<const Eigen::Map<const Eigen::Matrix<double, -1, -1, 1, -1, -1>, 0, Eigen::OuterStride<> >, 1, -1, true> >’
/usr/local/lib/R/site-library/RcppEigen/include/Eigen/src/Core/CoreEvaluators.h:1043:41:   required from ‘struct Eigen::internal::evaluator<Eigen::Block<const Eigen::Block<const Eigen::Map<const Eigen::Matrix<double, -1, -1, 1, -1, -1>, 0, Eigen::OuterStride<> >, 1, -1, true>, 1, -1, false> >’
/usr/local/lib/R/site-library/RcppEigen/include/Eigen/src/Core/CoreEvaluators.h:100:8:   required from ‘struct Eigen::internal::evaluator<const Eigen::Block<const Eigen::Block<const Eigen::Map<const Eigen::Matrix<double, -1, -1, 1, -1, -1>, 0, Eigen::OuterStride<> >, 1, -1, true>, 1, -1, false> >’
/usr/local/lib/R/site-library/RcppEigen/include/Eigen/src/Core/CoreEvaluators.h:311:41:   required from ‘struct Eigen::internal::unary_evaluator<Eigen::Transpose<const Eigen::Block<const Eigen::Block<const Eigen::Map<const Eigen::Matrix<double, -1, -1, 1, -1, -1>, 0, Eigen::OuterStride<> >, 1, -1, true>, 1, -1, false> >, Eigen::internal::IndexBased, double>’
/usr/local/lib/R/site-library/RcppEigen/include/Eigen/src/Core/CoreEvaluators.h:90:8:   required from ‘struct Eigen::internal::evaluator<Eigen::Transpose<const Eigen::Block<const Eigen::Block<const Eigen::Map<const Eigen::Matrix<double, -1, -1, 1, -1, -1>, 0, Eigen::OuterStride<> >, 1, -1, true>, 1, -1, false> > >’
/usr/local/lib/R/site-library/RcppEigen/include/Eigen/src/Core/CoreEvaluators.h:100:8:   [ skipping 12 instantiation contexts, use -ftemplate-backtrace-limit=0 to disable ]
/usr/local/lib/R/site-library/RcppEigen/include/Eigen/src/Core/Solve.h:147:26:   required from ‘static void Eigen::internal::Assignment<DstXprType, Eigen::Solve<DecType, RhsType>, Eigen::internal::assign_op<Scalar, Scalar>, Eigen::internal::Dense2Dense>::run(DstXprType&, const SrcXprType&, const Eigen::internal::assign_op<Scalar, Scalar>&) [with DstXprType = Eigen::Block<Eigen::Matrix<double, -1, -1>, -1, 1, true>; DecType = Eigen::LLT<Eigen::Matrix<double, -1, -1>, 1>; RhsType = Eigen::Matrix<double, -1, 1>; Scalar = double; Eigen::internal::Assignment<DstXprType, Eigen::Solve<DecType, RhsType>, Eigen::internal::assign_op<Scalar, Scalar>, Eigen::internal::Dense2Dense>::SrcXprType = Eigen::Solve<Eigen::LLT<Eigen::Matrix<double, -1, -1>, 1>, Eigen::Matrix<double, -1, 1> >]’
/usr/local/lib/R/site-library/RcppEigen/include/Eigen/src/Core/AssignEvaluator.h:890:49:   required from ‘void Eigen::internal::call_assignment_no_alias(Dst&, const Src&, const Func&) [with Dst = Eigen::Block<Eigen::Matrix<double, -1, -1>, -1, 1, true>; Src = Eigen::Solve<Eigen::LLT<Eigen::Matrix<double, -1, -1>, 1>, Eigen::Matrix<double, -1, 1> >; Func = Eigen::internal::assign_op<double, double>]’
/usr/local/lib/R/site-library/RcppEigen/include/Eigen/src/Core/AssignEvaluator.h:858:27:   required from ‘void Eigen::internal::call_assignment(Dst&, const Src&, const Func&, typename Eigen::internal::enable_if<(! Eigen::internal::evaluator_assume_aliasing<Src>::value), void*>::type) [with Dst = Eigen::Block<Eigen::Matrix<double, -1, -1>, -1, 1, true>; Src = Eigen::Solve<Eigen::LLT<Eigen::Matrix<double, -1, -1>, 1>, Eigen::Matrix<double, -1, 1> >; Func = Eigen::internal::assign_op<double, double>; typename Eigen::internal::enable_if<(! Eigen::internal::evaluator_assume_aliasing<Src>::value), void*>::type = void*; typename Eigen::internal::evaluator_traits<SrcXprType>::Shape = Eigen::DenseShape]’
/usr/local/lib/R/site-library/RcppEigen/include/Eigen/src/Core/AssignEvaluator.h:836:18:   required from ‘void Eigen::internal::call_assignment(Dst&, const Src&) [with Dst = Eigen::Block<Eigen::Matrix<double, -1, -1>, -1, 1, true>; Src = Eigen::Solve<Eigen::LLT<Eigen::Matrix<double, -1, -1>, 1>, Eigen::Matrix<double, -1, 1> >]’
/usr/local/lib/R/site-library/RcppEigen/include/Eigen/src/Core/Assign.h:66:28:   required from ‘Derived& Eigen::MatrixBase<Derived>::operator=(const Eigen::DenseBase<OtherDerived>&) [with OtherDerived = Eigen::Solve<Eigen::LLT<Eigen::Matrix<double, -1, -1>, 1>, Eigen::Matrix<double, -1, 1> >; Derived = Eigen::Block<Eigen::Matrix<double, -1, -1>, -1, 1, true>]’
../inst/include/RcppML/project.hpp:133:33:   required from here
/usr/local/lib/R/site-library/RcppEigen/include/Eigen/src/Core/CoreEvaluators.h:1071:54: warning: ignoring attributes on template argument ‘Eigen::internal::packet_traits<double>::type’ {aka ‘__m128d’} [-Wignored-attributes]
 1071 |     PacketAlignment = unpacket_traits<PacketScalar>::alignment,
      |                                                      ^~~~~~~~~
/usr/local/lib/R/site-library/RcppEigen/include/Eigen/src/Core/CoreEvaluators.h: In instantiation of ‘struct Eigen::internal::evaluator<Eigen::Block<const Eigen::Block<const Eigen::Map<const Eigen::Matrix<double, -1, -1, 1, -1, -1>, 0, Eigen::OuterStride<> >, 1, -1, true>, 1, -1, false> >’:
/usr/local/lib/R/site-library/RcppEigen/include/Eigen/src/Core/CoreEvaluators.h:100:8:   required from ‘struct Eigen::internal::evaluator<const Eigen::Block<const Eigen::Block<const Eigen::Map<const Eigen::Matrix<double, -1, -1, 1, -1, -1>, 0, Eigen::OuterStride<> >, 1, -1, true>, 1, -1, false> >’
/usr/local/lib/R/site-library/RcppEigen/include/Eigen/src/Core/CoreEvaluators.h:311:41:   required from ‘struct Eigen::internal::unary_evaluator<Eigen::Transpose<const Eigen::Block<const Eigen::Block<const Eigen::Map<const Eigen::Matrix<double, -1, -1, 1, -1, -1>, 0, Eigen::OuterStride<> >, 1, -1, true>, 1, -1, false> >, Eigen::internal::IndexBased, double>’
/usr/local/lib/R/site-library/RcppEigen/include/Eigen/src/Core/CoreEvaluators.h:90:8:   required from ‘struct Eigen::internal::evaluator<Eigen::Transpose<const Eigen::Block<const Eigen::Block<const Eigen::Map<const Eigen::Matrix<double, -1, -1, 1, -1, -1>, 0, Eigen::OuterStride<> >, 1, -1, true>, 1, -1, false> > >’
/usr/local/lib/R/site-library/RcppEigen/include/Eigen/src/Core/CoreEvaluators.h:100:8:   required from ‘struct Eigen::internal::evaluator<const Eigen::Transpose<const Eigen::Block<const Eigen::Block<const Eigen::Map<const Eigen::Matrix<double, -1, -1, 1, -1, -1>, 0, Eigen::OuterStride<> >, 1, -1, true>, 1, -1, false> > >’
/usr/local/lib/R/site-library/RcppEigen/include/Eigen/src/Core/CoreEvaluators.h:739:41:   required from ‘struct Eigen::internal::binary_evaluator<Eigen::CwiseBinaryOp<Eigen::internal::scalar_product_op<double, double>, const Eigen::Transpose<const Eigen::Block<const Eigen::Block<const Eigen::Map<const Eigen::Matrix<double, -1, -1, 1, -1, -1>, 0, Eigen::OuterStride<> >, 1, -1, true>, 1, -1, false> >, const Eigen::Map<const Eigen::Matrix<double, -1, 1>, 0, Eigen::Stride<0, 0> > >, Eigen::internal::IndexBased, Eigen::internal::IndexBased, double, double>’
/usr/local/lib/R/site-library/RcppEigen/include/Eigen/src/Core/CoreEvaluators.h:722:8:   [ skipping 10 instantiation contexts, use -ftemplate-backtrace-limit=0 to disable ]
/usr/local/lib/R/site-library/RcppEigen/include/Eigen/src/Core/Solve.h:147:26:   required from ‘static void Eigen::internal::Assignment<DstXprType, Eigen::Solve<DecType, RhsType>, Eigen::internal::assign_op<Scalar, Scalar>, Eigen::internal::Dense2Dense>::run(DstXprType&, const SrcXprType&, const Eigen::internal::assign_op<Scalar, Scalar>&) [with DstXprType = Eigen::Block<Eigen::Matrix<double, -1, -1>, -1, 1, true>; DecType = Eigen::LLT<Eigen::Matrix<double, -1, -1>, 1>; RhsType = Eigen::Matrix<double, -1, 1>; Scalar = double; Eigen::internal::Assignment<DstXprType, Eigen::Solve<DecType, RhsType>, Eigen::internal::assign_op<Scalar, Scalar>, Eigen::internal::Dense2Dense>::SrcXprType = Eigen::Solve<Eigen::LLT<Eigen::Matrix<double, -1, -1>, 1>, Eigen::Matrix<double, -1, 1> >]’
/usr/local/lib/R/site-library/RcppEigen/include/Eigen/src/Core/AssignEvaluator.h:890:49:   required from ‘void Eigen::internal::call_assignment_no_alias(Dst&, const Src&, const Func&) [with Dst = Eigen::Block<Eigen::Matrix<double, -1, -1>, -1, 1, true>; Src = Eigen::Solve<Eigen::LLT<Eigen::Matrix<double, -1, -1>, 1>, Eigen::Matrix<double, -1, 1> >; Func = Eigen::internal::assign_op<double, double>]’
/usr/local/lib/R/site-library/RcppEigen/include/Eigen/src/Core/AssignEvaluator.h:858:27:   required from ‘void Eigen::internal::call_assignment(Dst&, const Src&, const Func&, typename Eigen::internal::enable_if<(! Eigen::internal::evaluator_assume_aliasing<Src>::value), void*>::type) [with Dst = Eigen::Block<Eigen::Matrix<double, -1, -1>, -1, 1, true>; Src = Eigen::Solve<Eigen::LLT<Eigen::Matrix<double, -1, -1>, 1>, Eigen::Matrix<double, -1, 1> >; Func = Eigen::internal::assign_op<double, double>; typename Eigen::internal::enable_if<(! Eigen::internal::evaluator_assume_aliasing<Src>::value), void*>::type = void*; typename Eigen::internal::evaluator_traits<SrcXprType>::Shape = Eigen::DenseShape]’
/usr/local/lib/R/site-library/RcppEigen/include/Eigen/src/Core/AssignEvaluator.h:836:18:   required from ‘void Eigen::internal::call_assignment(Dst&, const Src&) [with Dst = Eigen::Block<Eigen::Matrix<double, -1, -1>, -1, 1, true>; Src = Eigen::Solve<Eigen::LLT<Eigen::Matrix<double, -1, -1>, 1>, Eigen::Matrix<double, -1, 1> >]’
/usr/local/lib/R/site-library/RcppEigen/include/Eigen/src/Core/Assign.h:66:28:   required from ‘Derived& Eigen::MatrixBase<Derived>::operator=(const Eigen::DenseBase<OtherDerived>&) [with OtherDerived = Eigen::Solve<Eigen::LLT<Eigen::Matrix<double, -1, -1>, 1>, Eigen::Matrix<double, -1, 1> >; Derived = Eigen::Block<Eigen::Matrix<double, -1, -1>, -1, 1, true>]’
../inst/include/RcppML/project.hpp:133:33:   required from here
/usr/local/lib/R/site-library/RcppEigen/include/Eigen/src/Core/CoreEvaluators.h:1071:54: warning: ignoring attributes on template argument ‘Eigen::internal::packet_traits<double>::type’ {aka ‘__m128d’} [-Wignored-attributes]
/usr/local/lib/R/site-library/RcppEigen/include/Eigen/src/Core/CoreEvaluators.h: In instantiation of ‘struct Eigen::internal::evaluator<Eigen::Block<Eigen::Matrix<double, 2, 2>, 2, 1, true> >’:
/usr/local/lib/R/site-library/RcppEigen/include/Eigen/src/Core/AssignEvaluator.h:780:20:   required from ‘void Eigen::internal::call_dense_assignment_loop(DstXprType&, const SrcXprType&, const Functor&) [with DstXprType = Eigen::Block<Eigen::Matrix<double, 2, 2>, 2, 1, true>; SrcXprType = Eigen::CwiseBinaryOp<Eigen::internal::scalar_product_op<double, double>, const Eigen::CwiseNullaryOp<Eigen::internal::scalar_constant_op<double>, const Eigen::Matrix<double, -1, 1> >, const Eigen::Map<Eigen::Matrix<double, -1, 1>, 2, Eigen::Stride<0, 0> > >; Functor = Eigen::internal::add_assign_op<double, double>]’
/usr/local/lib/R/site-library/RcppEigen/include/Eigen/src/Core/AssignEvaluator.h:954:31:   required from ‘static void Eigen::internal::Assignment<DstXprType, SrcXprType, Functor, Eigen::internal::Dense2Dense, Weak>::run(DstXprType&, const SrcXprType&, const Functor&) [with DstXprType = Eigen::Block<Eigen::Matrix<double, 2, 2>, 2, 1, true>; SrcXprType = Eigen::CwiseBinaryOp<Eigen::internal::scalar_product_op<double, double>, const Eigen::CwiseNullaryOp<Eigen::internal::scalar_constant_op<double>, const Eigen::Matrix<double, -1, 1> >, const Eigen::Map<Eigen::Matrix<double, -1, 1>, 2, Eigen::Stride<0, 0> > >; Functor = Eigen::internal::add_assign_op<double, double>; Weak = void]’
/usr/local/lib/R/site-library/RcppEigen/include/Eigen/src/Core/AssignEvaluator.h:890:49:   required from ‘void Eigen::internal::call_assignment_no_alias(Dst&, const Src&, const Func&) [with Dst = Eigen::Block<Eigen::Matrix<double, 2, 2>, 2, 1, true>; Src = Eigen::CwiseBinaryOp<Eigen::internal::scalar_product_op<double, double>, const Eigen::CwiseNullaryOp<Eigen::internal::scalar_constant_op<double>, const Eigen::Matrix<double, -1, 1> >, const Eigen::Map<Eigen::Matrix<double, -1, 1>, 2, Eigen::Stride<0, 0> > >; Func = Eigen::internal::add_assign_op<double, double>]’
/usr/local/lib/R/site-library/RcppEigen/include/Eigen/src/Core/AssignEvaluator.h:858:27:   required from ‘void Eigen::internal::call_assignment(Dst&, const Src&, const Func&, typename Eigen::internal::enable_if<(! Eigen::internal::evaluator_assume_aliasing<Src>::value), void*>::type) [with Dst = Eigen::Block<Eigen::Matrix<double, 2, 2>, 2, 1, true>; Src = Eigen::CwiseBinaryOp<Eigen::internal::scalar_product_op<double, double>, const Eigen::CwiseNullaryOp<Eigen::internal::scalar_constant_op<double>, const Eigen::Matrix<double, -1, 1> >, const Eigen::Map<Eigen::Matrix<double, -1, 1>, 2, Eigen::Stride<0, 0> > >; Func = Eigen::internal::add_assign_op<double, double>; typename Eigen::internal::enable_if<(! Eigen::internal::evaluator_assume_aliasing<Src>::value), void*>::type = void*; typename Eigen::internal::evaluator_traits<SrcXprType>::Shape = Eigen::DenseShape]’
/usr/local/lib/R/site-library/RcppEigen/include/Eigen/src/Core/CwiseBinaryOp.h:177:18:   required from ‘Derived& Eigen::MatrixBase<Derived>::operator+=(const Eigen::MatrixBase<OtherDerived>&) [with OtherDerived = Eigen::CwiseBinaryOp<Eigen::internal::scalar_product_op<double, double>, const Eigen::CwiseNullaryOp<Eigen::internal::scalar_constant_op<double>, const Eigen::Matrix<double, -1, 1> >, const Eigen::Map<Eigen::Matrix<double, -1, 1>, 2, Eigen::Stride<0, 0> > >; Derived = Eigen::Block<Eigen::Matrix<double, 2, 2>, 2, 1, true>]’
/usr/local/lib/R/site-library/RcppEigen/include/Eigen/src/Core/GeneralProduct.h:296:25:   [ skipping 4 instantiation contexts, use -ftemplate-backtrace-limit=0 to disable ]
/usr/local/lib/R/site-library/RcppEigen/include/Eigen/src/Core/ProductEvaluators.h:148:43:   required from ‘static void Eigen::internal::Assignment<DstXprType, Eigen::Product<Lhs, Rhs, Options>, Eigen::internal::assign_op<Scalar, Scalar>, Eigen::internal::Dense2Dense, typename Eigen::internal::enable_if<((Options == Eigen::DefaultProduct) || (Options == Eigen::AliasFreeProduct))>::type>::run(DstXprType&, const SrcXprType&, const Eigen::internal::assign_op<Scalar, Scalar>&) [with DstXprType = Eigen::Matrix<double, 2, 2>; Lhs = Eigen::Matrix<double, -1, -1>; Rhs = Eigen::Transpose<const Eigen::Matrix<double, -1, -1> >; int Options = 0; Scalar = double; Eigen::internal::Assignment<DstXprType, Eigen::Product<Lhs, Rhs, Options>, Eigen::internal::assign_op<Scalar, Scalar>, Eigen::internal::Dense2Dense, typename Eigen::internal::enable_if<((Options == Eigen::DefaultProduct) || (Options == Eigen::AliasFreeProduct))>::type>::SrcXprType = Eigen::Product<Eigen::Matrix<double, -1, -1>, Eigen::Transpose<const Eigen::Matrix<double, -1, -1> >, 0>]’
/usr/local/lib/R/site-library/RcppEigen/include/Eigen/src/Core/AssignEvaluator.h:890:49:   required from ‘void Eigen::internal::call_assignment_no_alias(Dst&, const Src&, const Func&) [with Dst = Eigen::Matrix<double, 2, 2>; Src = Eigen::Product<Eigen::Matrix<double, -1, -1>, Eigen::Transpose<const Eigen::Matrix<double, -1, -1> >, 0>; Func = Eigen::internal::assign_op<double, double>]’
/usr/local/lib/R/site-library/RcppEigen/include/Eigen/src/Core/PlainObjectBase.h:797:41:   required from ‘Derived& Eigen::PlainObjectBase<Derived>::_set_noalias(const Eigen::DenseBase<OtherDerived>&) [with OtherDerived = Eigen::Product<Eigen::Matrix<double, -1, -1>, Eigen::Transpose<const Eigen::Matrix<double, -1, -1> >, 0>; Derived = Eigen::Matrix<double, 2, 2>]’
/usr/local/lib/R/site-library/RcppEigen/include/Eigen/src/Core/PlainObjectBase.h:594:19:   required from ‘Eigen::PlainObjectBase<Derived>::PlainObjectBase(const Eigen::DenseBase<OtherDerived>&) [with OtherDerived = Eigen::Product<Eigen::Matrix<double, -1, -1>, Eigen::Transpose<const Eigen::Matrix<double, -1, -1> >, 0>; Derived = Eigen::Matrix<double, 2, 2>]’
/usr/local/lib/R/site-library/RcppEigen/include/Eigen/src/Core/Matrix.h:423:29:   required from ‘Eigen::Matrix<_Scalar, _Rows, _Cols, _Options, _MaxRows, _MaxCols>::Matrix(const Eigen::EigenBase<OtherDerived>&) [with OtherDerived = Eigen::Product<Eigen::Matrix<double, -1, -1>, Eigen::Transpose<const Eigen::Matrix<double, -1, -1> >, 0>; _Scalar = double; int _Rows = 2; int _Cols = 2; int _Options = 0; int _MaxRows = 2; int _MaxCols = 2]’
../inst/include/RcppML/project.hpp:106:41:   required from here
/usr/local/lib/R/site-library/RcppEigen/include/Eigen/src/Core/CoreEvaluators.h:1071:54: warning: ignoring attributes on template argument ‘Eigen::internal::packet_traits<double>::type’ {aka ‘__m128d’} [-Wignored-attributes]
In file included from /usr/local/lib/R/site-library/RcppEigen/include/Eigen/Core:271,
                 from /usr/local/lib/R/site-library/RcppEigen/include/Eigen/Dense:1,
                 from /usr/local/lib/R/site-library/RcppEigen/include/RcppEigenForward.h:28,
                 from /usr/local/lib/R/site-library/RcppEigen/include/RcppEigen.h:25,
                 from ../inst/include/RcppMLCommon.hpp:36,
                 from ../inst/include/RcppML.hpp:11,
                 from RcppFunctions.cpp:8:
/usr/local/lib/R/site-library/RcppEigen/include/Eigen/src/Core/DenseCoeffsBase.h: In instantiation of ‘class Eigen::DenseCoeffsBase<Eigen::Transpose<const Eigen::Block<const Eigen::Block<Eigen::Matrix<double, -1, -1>, -1, -1, false>, 1, -1, false> >, 0>’:
/usr/local/lib/R/site-library/RcppEigen/include/Eigen/src/Core/DenseCoeffsBase.h:481:7:   required from ‘class Eigen::DenseCoeffsBase<Eigen::Transpose<const Eigen::Block<const Eigen::Block<Eigen::Matrix<double, -1, -1>, -1, -1, false>, 1, -1, false> >, 2>’
/usr/local/lib/R/site-library/RcppEigen/include/Eigen/src/Core/DenseBase.h:41:34:   required from ‘class Eigen::DenseBase<Eigen::Transpose<const Eigen::Block<const Eigen::Block<Eigen::Matrix<double, -1, -1>, -1, -1, false>, 1, -1, false> > >’
/usr/local/lib/R/site-library/RcppEigen/include/Eigen/src/Core/MatrixBase.h:48:34:   required from ‘class Eigen::MatrixBase<Eigen::Transpose<const Eigen::Block<const Eigen::Block<Eigen::Matrix<double, -1, -1>, -1, -1, false>, 1, -1, false> > >’
/usr/local/lib/R/site-library/RcppEigen/include/Eigen/src/Core/Transpose.h:118:37:   required from ‘class Eigen::TransposeImpl<const Eigen::Block<const Eigen::Block<Eigen::Matrix<double, -1, -1>, -1, -1, false>, 1, -1, false>, Eigen::Dense>’
/usr/local/lib/R/site-library/RcppEigen/include/Eigen/src/Core/Transpose.h:52:37:   required from ‘class Eigen::Transpose<const Eigen::Block<const Eigen::Block<Eigen::Matrix<double, -1, -1>, -1, -1, false>, 1, -1, false> >’
/usr/local/lib/R/site-library/RcppEigen/include/Eigen/src/Core/Dot.h:50:23:   [ skipping 9 instantiation contexts, use -ftemplate-backtrace-limit=0 to disable ]
/usr/local/lib/R/site-library/RcppEigen/include/Eigen/src/Cholesky/LLT.h:344:23:   required from ‘static Eigen::Index Eigen::internal::llt_inplace<Scalar, 1>::blocked(MatrixType&) [with MatrixType = Eigen::Matrix<double, -1, -1>; Scalar = double; Eigen::Index = long int]’
/usr/local/lib/R/site-library/RcppEigen/include/Eigen/src/Cholesky/LLT.h:408:68:   required from ‘static bool Eigen::internal::LLT_Traits<MatrixType, 1>::inplace_decomposition(MatrixType&) [with MatrixType = Eigen::Matrix<double, -1, -1>]’
/usr/local/lib/R/site-library/RcppEigen/include/Eigen/src/Cholesky/LLT.h:456:42:   required from ‘Eigen::LLT<_MatrixType, _UpLo>& Eigen::LLT<MatrixType, UpLo>::compute(const Eigen::EigenBase<OtherDerived>&) [with InputType = Eigen::Matrix<double, -1, -1>; _MatrixType = Eigen::Matrix<double, -1, -1>; int _UpLo = 1]’
/usr/local/lib/R/site-library/RcppEigen/include/Eigen/src/Cholesky/LLT.h:109:14:   required from ‘Eigen::LLT<MatrixType, UpLo>::LLT(const Eigen::EigenBase<OtherDerived>&) [with InputType = Eigen::Matrix<double, -1, -1>; _MatrixType = Eigen::Matrix<double, -1, -1>; int _UpLo = 1]’
/usr/local/lib/R/site-library/RcppEigen/include/Eigen/src/Cholesky/LLT.h:542:10:   required from ‘const Eigen::LLT<typename Eigen::DenseBase<Derived>::PlainObject> Eigen::MatrixBase<Derived>::llt() const [with Derived = Eigen::Matrix<double, -1, -1>; typename Eigen::DenseBase<Derived>::PlainObject = Eigen::Matrix<double, -1, -1>]’
../inst/include/RcppML/project.hpp:123:51:   required from here
/usr/local/lib/R/site-library/RcppEigen/include/Eigen/src/Core/DenseCoeffsBase.h:56:30: warning: ignoring attributes on template argument ‘Eigen::internal::packet_traits<double>::type’ {aka ‘__m128d’} [-Wignored-attributes]
   56 |                      >::type PacketReturnType;
      |                              ^~~~~~~~~~~~~~~~
/usr/local/lib/R/site-library/RcppEigen/include/Eigen/src/Core/DenseCoeffsBase.h: In instantiation of ‘class Eigen::DenseCoeffsBase<Eigen::CwiseBinaryOp<Eigen::internal::scalar_conj_product_op<double, double>, const Eigen::Transpose<const Eigen::Block<const Eigen::Block<Eigen::Matrix<double, -1, -1>, -1, -1, false>, 1, -1, false> >, const Eigen::Block<const Eigen::Transpose<const Eigen::Block<Eigen::Matrix<double, -1, -1>, 1, -1, false> >, -1, 1, true> >, 0>’:
/usr/local/lib/R/site-library/RcppEigen/include/Eigen/src/Core/DenseBase.h:41:34:   required from ‘class Eigen::DenseBase<Eigen::CwiseBinaryOp<Eigen::internal::scalar_conj_product_op<double, double>, const Eigen::Transpose<const Eigen::Block<const Eigen::Block<Eigen::Matrix<double, -1, -1>, -1, -1, false>, 1, -1, false> >, const Eigen::Block<const Eigen::Transpose<const Eigen::Block<Eigen::Matrix<double, -1, -1>, 1, -1, false> >, -1, 1, true> > >’
/usr/local/lib/R/site-library/RcppEigen/include/Eigen/src/Core/MatrixBase.h:48:34:   required from ‘class Eigen::MatrixBase<Eigen::CwiseBinaryOp<Eigen::internal::scalar_conj_product_op<double, double>, const Eigen::Transpose<const Eigen::Block<const Eigen::Block<Eigen::Matrix<double, -1, -1>, -1, -1, false>, 1, -1, false> >, const Eigen::Block<const Eigen::Transpose<const Eigen::Block<Eigen::Matrix<double, -1, -1>, 1, -1, false> >, -1, 1, true> > >’
/usr/local/lib/R/site-library/RcppEigen/include/Eigen/src/Core/CwiseBinaryOp.h:148:7:   required from ‘class Eigen::CwiseBinaryOpImpl<Eigen::internal::scalar_conj_product_op<double, double>, const Eigen::Transpose<const Eigen::Block<const Eigen::Block<Eigen::Matrix<double, -1, -1>, -1, -1, false>, 1, -1, false> >, const Eigen::Block<const Eigen::Transpose<const Eigen::Block<Eigen::Matrix<double, -1, -1>, 1, -1, false> >, -1, 1, true>, Eigen::Dense>’
/usr/local/lib/R/site-library/RcppEigen/include/Eigen/src/Core/CwiseBinaryOp.h:77:7:   required from ‘class Eigen::CwiseBinaryOp<Eigen::internal::scalar_conj_product_op<double, double>, const Eigen::Transpose<const Eigen::Block<const Eigen::Block<Eigen::Matrix<double, -1, -1>, -1, -1, false>, 1, -1, false> >, const Eigen::Block<const Eigen::Transpose<const Eigen::Block<Eigen::Matrix<double, -1, -1>, 1, -1, false> >, -1, 1, true> >’
/usr/local/lib/R/site-library/RcppEigen/include/Eigen/src/Core/Dot.h:50:56:   required from ‘static Eigen::internal::dot_nocheck<T, U, true>::ResScalar Eigen::internal::dot_nocheck<T, U, true>::run(const Eigen::MatrixBase<Derived>&, const Eigen::MatrixBase<U>&) [with T = Eigen::Block<const Eigen::Block<Eigen::Matrix<double, -1, -1>, -1, -1, false>, 1, -1, false>; U = Eigen::Block<const Eigen::Transpose<const Eigen::Block<Eigen::Matrix<double, -1, -1>, 1, -1, false> >, -1, 1, true>; Eigen::internal::dot_nocheck<T, U, true>::ResScalar = double]’
/usr/local/lib/R/site-library/RcppEigen/include/Eigen/src/Core/Dot.h:84:58:   [ skipping 8 instantiation contexts, use -ftemplate-backtrace-limit=0 to disable ]
/usr/local/lib/R/site-library/RcppEigen/include/Eigen/src/Cholesky/LLT.h:344:23:   required from ‘static Eigen::Index Eigen::internal::llt_inplace<Scalar, 1>::blocked(MatrixType&) [with MatrixType = Eigen::Matrix<double, -1, -1>; Scalar = double; Eigen::Index = long int]’
/usr/local/lib/R/site-library/RcppEigen/include/Eigen/src/Cholesky/LLT.h:408:68:   required from ‘static bool Eigen::internal::LLT_Traits<MatrixType, 1>::inplace_decomposition(MatrixType&) [with MatrixType = Eigen::Matrix<double, -1, -1>]’
/usr/local/lib/R/site-library/RcppEigen/include/Eigen/src/Cholesky/LLT.h:456:42:   required from ‘Eigen::LLT<_MatrixType, _UpLo>& Eigen::LLT<MatrixType, UpLo>::compute(const Eigen::EigenBase<OtherDerived>&) [with InputType = Eigen::Matrix<double, -1, -1>; _MatrixType = Eigen::Matrix<double, -1, -1>; int _UpLo = 1]’
/usr/local/lib/R/site-library/RcppEigen/include/Eigen/src/Cholesky/LLT.h:109:14:   required from ‘Eigen::LLT<MatrixType, UpLo>::LLT(const Eigen::EigenBase<OtherDerived>&) [with InputType = Eigen::Matrix<double, -1, -1>; _MatrixType = Eigen::Matrix<double, -1, -1>; int _UpLo = 1]’
/usr/local/lib/R/site-library/RcppEigen/include/Eigen/src/Cholesky/LLT.h:542:10:   required from ‘const Eigen::LLT<typename Eigen::DenseBase<Derived>::PlainObject> Eigen::MatrixBase<Derived>::llt() const [with Derived = Eigen::Matrix<double, -1, -1>; typename Eigen::DenseBase<Derived>::PlainObject = Eigen::Matrix<double, -1, -1>]’
../inst/include/RcppML/project.hpp:123:51:   required from here
/usr/local/lib/R/site-library/RcppEigen/include/Eigen/src/Core/DenseCoeffsBase.h:56:30: warning: ignoring attributes on template argument ‘Eigen::internal::packet_traits<double>::type’ {aka ‘__m128d’} [-Wignored-attributes]
/usr/local/lib/R/site-library/RcppEigen/include/Eigen/src/Core/DenseCoeffsBase.h: In instantiation of ‘class Eigen::DenseCoeffsBase<Eigen::Transpose<const Eigen::Block<const Eigen::Block<Eigen::Block<Eigen::Matrix<double, -1, -1>, -1, -1, false>, -1, -1, false>, 1, -1, false> >, 0>’:
/usr/local/lib/R/site-library/RcppEigen/include/Eigen/src/Core/DenseCoeffsBase.h:481:7:   required from ‘class Eigen::DenseCoeffsBase<Eigen::Transpose<const Eigen::Block<const Eigen::Block<Eigen::Block<Eigen::Matrix<double, -1, -1>, -1, -1, false>, -1, -1, false>, 1, -1, false> >, 2>’
/usr/local/lib/R/site-library/RcppEigen/include/Eigen/src/Core/DenseBase.h:41:34:   required from ‘class Eigen::DenseBase<Eigen::Transpose<const Eigen::Block<const Eigen::Block<Eigen::Block<Eigen::Matrix<double, -1, -1>, -1, -1, false>, -1, -1, false>, 1, -1, false> > >’
/usr/local/lib/R/site-library/RcppEigen/include/Eigen/src/Core/MatrixBase.h:48:34:   required from ‘class Eigen::MatrixBase<Eigen::Transpose<const Eigen::Block<const Eigen::Block<Eigen::Block<Eigen::Matrix<double, -1, -1>, -1, -1, false>, -1, -1, false>, 1, -1, false> > >’
/usr/local/lib/R/site-library/RcppEigen/include/Eigen/src/Core/Transpose.h:118:37:   required from ‘class Eigen::TransposeImpl<const Eigen::Block<const Eigen::Block<Eigen::Block<Eigen::Matrix<double, -1, -1>, -1, -1, false>, -1, -1, false>, 1, -1, false>, Eigen::Dense>’
/usr/local/lib/R/site-library/RcppEigen/include/Eigen/src/Core/Transpose.h:52:37:   required from ‘class Eigen::Transpose<const Eigen::Block<const Eigen::Block<Eigen::Block<Eigen::Matrix<double, -1, -1>, -1, -1, false>, -1, -1, false>, 1, -1, false> >’
/usr/local/lib/R/site-library/RcppEigen/include/Eigen/src/Core/Dot.h:50:23:   [ skipping 9 instantiation contexts, use -ftemplate-backtrace-limit=0 to disable ]
/usr/local/lib/R/site-library/RcppEigen/include/Eigen/src/Cholesky/LLT.h:363:24:   required from ‘static Eigen::Index Eigen::internal::llt_inplace<Scalar, 1>::blocked(MatrixType&) [with MatrixType = Eigen::Matrix<double, -1, -1>; Scalar = double; Eigen::Index = long int]’
/usr/local/lib/R/site-library/RcppEigen/include/Eigen/src/Cholesky/LLT.h:408:68:   required from ‘static bool Eigen::internal::LLT_Traits<MatrixType, 1>::inplace_decomposition(MatrixType&) [with MatrixType = Eigen::Matrix<double, -1, -1>]’
/usr/local/lib/R/site-library/RcppEigen/include/Eigen/src/Cholesky/LLT.h:456:42:   required from ‘Eigen::LLT<_MatrixType, _UpLo>& Eigen::LLT<MatrixType, UpLo>::compute(const Eigen::EigenBase<OtherDerived>&) [with InputType = Eigen::Matrix<double, -1, -1>; _MatrixType = Eigen::Matrix<double, -1, -1>; int _UpLo = 1]’
/usr/local/lib/R/site-library/RcppEigen/include/Eigen/src/Cholesky/LLT.h:109:14:   required from ‘Eigen::LLT<MatrixType, UpLo>::LLT(const Eigen::EigenBase<OtherDerived>&) [with InputType = Eigen::Matrix<double, -1, -1>; _MatrixType = Eigen::Matrix<double, -1, -1>; int _UpLo = 1]’
/usr/local/lib/R/site-library/RcppEigen/include/Eigen/src/Cholesky/LLT.h:542:10:   required from ‘const Eigen::LLT<typename Eigen::DenseBase<Derived>::PlainObject> Eigen::MatrixBase<Derived>::llt() const [with Derived = Eigen::Matrix<double, -1, -1>; typename Eigen::DenseBase<Derived>::PlainObject = Eigen::Matrix<double, -1, -1>]’
../inst/include/RcppML/project.hpp:123:51:   required from here
/usr/local/lib/R/site-library/RcppEigen/include/Eigen/src/Core/DenseCoeffsBase.h:56:30: warning: ignoring attributes on template argument ‘Eigen::internal::packet_traits<double>::type’ {aka ‘__m128d’} [-Wignored-attributes]
/usr/local/lib/R/site-library/RcppEigen/include/Eigen/src/Core/DenseCoeffsBase.h: In instantiation of ‘class Eigen::DenseCoeffsBase<Eigen::CwiseBinaryOp<Eigen::internal::scalar_conj_product_op<double, double>, const Eigen::Transpose<const Eigen::Block<const Eigen::Block<Eigen::Block<Eigen::Matrix<double, -1, -1>, -1, -1, false>, -1, -1, false>, 1, -1, false> >, const Eigen::Block<const Eigen::Transpose<const Eigen::Block<Eigen::Block<Eigen::Matrix<double, -1, -1>, -1, -1, false>, 1, -1, false> >, -1, 1, true> >, 0>’:
/usr/local/lib/R/site-library/RcppEigen/include/Eigen/src/Core/DenseBase.h:41:34:   required from ‘class Eigen::DenseBase<Eigen::CwiseBinaryOp<Eigen::internal::scalar_conj_product_op<double, double>, const Eigen::Transpose<const Eigen::Block<const Eigen::Block<Eigen::Block<Eigen::Matrix<double, -1, -1>, -1, -1, false>, -1, -1, false>, 1, -1, false> >, const Eigen::Block<const Eigen::Transpose<const Eigen::Block<Eigen::Block<Eigen::Matrix<double, -1, -1>, -1, -1, false>, 1, -1, false> >, -1, 1, true> > >’
/usr/local/lib/R/site-library/RcppEigen/include/Eigen/src/Core/MatrixBase.h:48:34:   required from ‘class Eigen::MatrixBase<Eigen::CwiseBinaryOp<Eigen::internal::scalar_conj_product_op<double, double>, const Eigen::Transpose<const Eigen::Block<const Eigen::Block<Eigen::Block<Eigen::Matrix<double, -1, -1>, -1, -1, false>, -1, -1, false>, 1, -1, false> >, const Eigen::Block<const Eigen::Transpose<const Eigen::Block<Eigen::Block<Eigen::Matrix<double, -1, -1>, -1, -1, false>, 1, -1, false> >, -1, 1, true> > >’
/usr/local/lib/R/site-library/RcppEigen/include/Eigen/src/Core/CwiseBinaryOp.h:148:7:   required from ‘class Eigen::CwiseBinaryOpImpl<Eigen::internal::scalar_conj_product_op<double, double>, const Eigen::Transpose<const Eigen::Block<const Eigen::Block<Eigen::Block<Eigen::Matrix<double, -1, -1>, -1, -1, false>, -1, -1, false>, 1, -1, false> >, const Eigen::Block<const Eigen::Transpose<const Eigen::Block<Eigen::Block<Eigen::Matrix<double, -1, -1>, -1, -1, false>, 1, -1, false> >, -1, 1, true>, Eigen::Dense>’
/usr/local/lib/R/site-library/RcppEigen/include/Eigen/src/Core/CwiseBinaryOp.h:77:7:   required from ‘class Eigen::CwiseBinaryOp<Eigen::internal::scalar_conj_product_op<double, double>, const Eigen::Transpose<const Eigen::Block<const Eigen::Block<Eigen::Block<Eigen::Matrix<double, -1, -1>, -1, -1, false>, -1, -1, false>, 1, -1, false> >, const Eigen::Block<const Eigen::Transpose<const Eigen::Block<Eigen::Block<Eigen::Matrix<double, -1, -1>, -1, -1, false>, 1, -1, false> >, -1, 1, true> >’
/usr/local/lib/R/site-library/RcppEigen/include/Eigen/src/Core/Dot.h:50:56:   required from ‘static Eigen::internal::dot_nocheck<T, U, true>::ResScalar Eigen::internal::dot_nocheck<T, U, true>::run(const Eigen::MatrixBase<Derived>&, const Eigen::MatrixBase<U>&) [with T = Eigen::Block<const Eigen::Block<Eigen::Block<Eigen::Matrix<double, -1, -1>, -1, -1, false>, -1, -1, false>, 1, -1, false>; U = Eigen::Block<const Eigen::Transpose<const Eigen::Block<Eigen::Block<Eigen::Matrix<double, -1, -1>, -1, -1, false>, 1, -1, false> >, -1, 1, true>; Eigen::internal::dot_nocheck<T, U, true>::ResScalar = double]’
/usr/local/lib/R/site-library/RcppEigen/include/Eigen/src/Core/Dot.h:84:58:   [ skipping 8 instantiation contexts, use -ftemplate-backtrace-limit=0 to disable ]
/usr/local/lib/R/site-library/RcppEigen/include/Eigen/src/Cholesky/LLT.h:363:24:   required from ‘static Eigen::Index Eigen::internal::llt_inplace<Scalar, 1>::blocked(MatrixType&) [with MatrixType = Eigen::Matrix<double, -1, -1>; Scalar = double; Eigen::Index = long int]’
/usr/local/lib/R/site-library/RcppEigen/include/Eigen/src/Cholesky/LLT.h:408:68:   required from ‘static bool Eigen::internal::LLT_Traits<MatrixType, 1>::inplace_decomposition(MatrixType&) [with MatrixType = Eigen::Matrix<double, -1, -1>]’
/usr/local/lib/R/site-library/RcppEigen/include/Eigen/src/Cholesky/LLT.h:456:42:   required from ‘Eigen::LLT<_MatrixType, _UpLo>& Eigen::LLT<MatrixType, UpLo>::compute(const Eigen::EigenBase<OtherDerived>&) [with InputType = Eigen::Matrix<double, -1, -1>; _MatrixType = Eigen::Matrix<double, -1, -1>; int _UpLo = 1]’
/usr/local/lib/R/site-library/RcppEigen/include/Eigen/src/Cholesky/LLT.h:109:14:   required from ‘Eigen::LLT<MatrixType, UpLo>::LLT(const Eigen::EigenBase<OtherDerived>&) [with InputType = Eigen::Matrix<double, -1, -1>; _MatrixType = Eigen::Matrix<double, -1, -1>; int _UpLo = 1]’
/usr/local/lib/R/site-library/RcppEigen/include/Eigen/src/Cholesky/LLT.h:542:10:   required from ‘const Eigen::LLT<typename Eigen::DenseBase<Derived>::PlainObject> Eigen::MatrixBase<Derived>::llt() const [with Derived = Eigen::Matrix<double, -1, -1>; typename Eigen::DenseBase<Derived>::PlainObject = Eigen::Matrix<double, -1, -1>]’
../inst/include/RcppML/project.hpp:123:51:   required from here
/usr/local/lib/R/site-library/RcppEigen/include/Eigen/src/Core/DenseCoeffsBase.h:56:30: warning: ignoring attributes on template argument ‘Eigen::internal::packet_traits<double>::type’ {aka ‘__m128d’} [-Wignored-attributes]
In file included from /usr/local/lib/R/site-library/RcppEigen/include/Eigen/Core:277,
                 from /usr/local/lib/R/site-library/RcppEigen/include/Eigen/Dense:1,
                 from /usr/local/lib/R/site-library/RcppEigen/include/RcppEigenForward.h:28,
                 from /usr/local/lib/R/site-library/RcppEigen/include/RcppEigen.h:25,
                 from ../inst/include/RcppMLCommon.hpp:36,
                 from ../inst/include/RcppML.hpp:11,
                 from RcppFunctions.cpp:8:
/usr/local/lib/R/site-library/RcppEigen/include/Eigen/src/Core/CoreEvaluators.h: In instantiation of ‘struct Eigen::internal::evaluator<Eigen::Block<const Eigen::Block<const Eigen::Matrix<double, -1, -1>, -1, 1, true>, -1, 1, true> >’:
/usr/local/lib/R/site-library/RcppEigen/include/Eigen/src/Core/CoreEvaluators.h:100:8:   required from ‘struct Eigen::internal::evaluator<const Eigen::Block<const Eigen::Block<const Eigen::Matrix<double, -1, -1>, -1, 1, true>, -1, 1, true> >’
/usr/local/lib/R/site-library/RcppEigen/include/Eigen/src/Core/CoreEvaluators.h:739:78:   required from ‘struct Eigen::internal::binary_evaluator<Eigen::CwiseBinaryOp<Eigen::internal::scalar_conj_product_op<double, double>, const Eigen::Transpose<const Eigen::Block<const Eigen::Matrix<double, -1, -1>, 1, -1, false> >, const Eigen::Block<const Eigen::Block<const Eigen::Matrix<double, -1, -1>, -1, 1, true>, -1, 1, true> >, Eigen::internal::IndexBased, Eigen::internal::IndexBased, double, double>’
/usr/local/lib/R/site-library/RcppEigen/include/Eigen/src/Core/CoreEvaluators.h:722:8:   required from ‘struct Eigen::internal::evaluator<Eigen::CwiseBinaryOp<Eigen::internal::scalar_conj_product_op<double, double>, const Eigen::Transpose<const Eigen::Block<const Eigen::Matrix<double, -1, -1>, 1, -1, false> >, const Eigen::Block<const Eigen::Block<const Eigen::Matrix<double, -1, -1>, -1, 1, true>, -1, 1, true> > >’
/usr/local/lib/R/site-library/RcppEigen/include/Eigen/src/Core/Redux.h:357:7:   required from ‘class Eigen::internal::redux_evaluator<Eigen::CwiseBinaryOp<Eigen::internal::scalar_conj_product_op<double, double>, const Eigen::Transpose<const Eigen::Block<const Eigen::Matrix<double, -1, -1>, 1, -1, false> >, const Eigen::Block<const Eigen::Block<const Eigen::Matrix<double, -1, -1>, -1, 1, true>, -1, 1, true> > >’
/usr/local/lib/R/site-library/RcppEigen/include/Eigen/src/Core/Redux.h:414:17:   required from ‘typename Eigen::internal::traits<T>::Scalar Eigen::DenseBase<Derived>::redux(const Func&) const [with BinaryOp = Eigen::internal::scalar_sum_op<double, double>; Derived = Eigen::CwiseBinaryOp<Eigen::internal::scalar_conj_product_op<double, double>, const Eigen::Transpose<const Eigen::Block<const Eigen::Matrix<double, -1, -1>, 1, -1, false> >, const Eigen::Block<const Eigen::Block<const Eigen::Matrix<double, -1, -1>, -1, 1, true>, -1, 1, true> >; typename Eigen::internal::traits<T>::Scalar = double]’
/usr/local/lib/R/site-library/RcppEigen/include/Eigen/src/Core/Redux.h:463:25:   [ skipping 8 instantiation contexts, use -ftemplate-backtrace-limit=0 to disable ]
/usr/local/lib/R/site-library/RcppEigen/include/Eigen/src/Core/PlainObjectBase.h:797:41:   required from ‘Derived& Eigen::PlainObjectBase<Derived>::_set_noalias(const Eigen::DenseBase<OtherDerived>&) [with OtherDerived = Eigen::Product<Eigen::Matrix<double, -1, -1>, Eigen::Block<const Eigen::Matrix<double, -1, -1>, -1, 1, true>, 0>; Derived = Eigen::Matrix<double, -1, 1>]’
/usr/local/lib/R/site-library/RcppEigen/include/Eigen/src/Core/PlainObjectBase.h:883:25:   required from ‘void Eigen::PlainObjectBase<Derived>::_init1(const Eigen::DenseBase<ElseDerived>&) [with T = Eigen::Product<Eigen::Matrix<double, -1, -1>, Eigen::Block<const Eigen::Matrix<double, -1, -1>, -1, 1, true>, 0>; OtherDerived = Eigen::Product<Eigen::Matrix<double, -1, -1>, Eigen::Block<const Eigen::Matrix<double, -1, -1>, -1, 1, true>, 0>; Derived = Eigen::Matrix<double, -1, 1>]’
/usr/local/lib/R/site-library/RcppEigen/include/Eigen/src/Core/Matrix.h:332:31:   required from ‘Eigen::Matrix<_Scalar, _Rows, _Cols, _Options, _MaxRows, _MaxCols>::Matrix(const T&) [with T = Eigen::Product<Eigen::Matrix<double, -1, -1>, Eigen::Block<const Eigen::Matrix<double, -1, -1>, -1, 1, true>, 0>; _Scalar = double; int _Rows = -1; int _Cols = 1; int _Options = 0; int _MaxRows = -1; int _MaxCols = 1]’
/usr/local/lib/R/site-library/RcppEigen/include/Eigen/src/Core/AssignEvaluator.h:850:41:   required from ‘void Eigen::internal::call_assignment(Dst&, const Src&, const Func&, typename Eigen::internal::enable_if<Eigen::internal::evaluator_assume_aliasing<Src>::value, void*>::type) [with Dst = Eigen::Matrix<double, -1, 1>; Src = Eigen::Product<Eigen::Matrix<double, -1, -1>, Eigen::Block<const Eigen::Matrix<double, -1, -1>, -1, 1, true>, 0>; Func = Eigen::internal::add_assign_op<double, double>; typename Eigen::internal::enable_if<Eigen::internal::evaluator_assume_aliasing<Src>::value, void*>::type = void*; typename Eigen::internal::evaluator_traits<SrcXprType>::Shape = Eigen::DenseShape]’
/usr/local/lib/R/site-library/RcppEigen/include/Eigen/src/Core/CwiseBinaryOp.h:177:18:   required from ‘Derived& Eigen::MatrixBase<Derived>::operator+=(const Eigen::MatrixBase<OtherDerived>&) [with OtherDerived = Eigen::Product<Eigen::Matrix<double, -1, -1>, Eigen::Block<const Eigen::Matrix<double, -1, -1>, -1, 1, true>, 0>; Derived = Eigen::Matrix<double, -1, 1>]’
../inst/include/RcppML/project.hpp:198:23:   required from here
/usr/local/lib/R/site-library/RcppEigen/include/Eigen/src/Core/CoreEvaluators.h:1071:54: warning: ignoring attributes on template argument ‘Eigen::internal::packet_traits<double>::type’ {aka ‘__m128d’} [-Wignored-attributes]
 1071 |     PacketAlignment = unpacket_traits<PacketScalar>::alignment,
      |                                                      ^~~~~~~~~
/usr/local/lib/R/site-library/RcppEigen/include/Eigen/src/Core/CoreEvaluators.h: In instantiation of ‘struct Eigen::internal::evaluator<Eigen::Block<Eigen::Matrix<double, 2, 2>, 1, 2, false> >’:
/usr/local/lib/R/site-library/RcppEigen/include/Eigen/src/Core/CoreEvaluators.h:311:41:   required from ‘struct Eigen::internal::unary_evaluator<Eigen::Transpose<Eigen::Block<Eigen::Matrix<double, 2, 2>, 1, 2, false> >, Eigen::internal::IndexBased, double>’
/usr/local/lib/R/site-library/RcppEigen/include/Eigen/src/Core/CoreEvaluators.h:90:8:   required from ‘struct Eigen::internal::evaluator<Eigen::Transpose<Eigen::Block<Eigen::Matrix<double, 2, 2>, 1, 2, false> > >’
/usr/local/lib/R/site-library/RcppEigen/include/Eigen/src/Core/AssignEvaluator.h:780:20:   required from ‘void Eigen::internal::call_dense_assignment_loop(DstXprType&, const SrcXprType&, const Functor&) [with DstXprType = Eigen::Transpose<Eigen::Block<Eigen::Matrix<double, 2, 2>, 1, 2, false> >; SrcXprType = Eigen::CwiseBinaryOp<Eigen::internal::scalar_product_op<double, double>, const Eigen::CwiseNullaryOp<Eigen::internal::scalar_constant_op<double>, const Eigen::Matrix<double, -1, 1> >, const Eigen::Map<Eigen::Matrix<double, -1, 1>, 2, Eigen::Stride<0, 0> > >; Functor = Eigen::internal::add_assign_op<double, double>]’
/usr/local/lib/R/site-library/RcppEigen/include/Eigen/src/Core/AssignEvaluator.h:954:31:   required from ‘static void Eigen::internal::Assignment<DstXprType, SrcXprType, Functor, Eigen::internal::Dense2Dense, Weak>::run(DstXprType&, const SrcXprType&, const Functor&) [with DstXprType = Eigen::Transpose<Eigen::Block<Eigen::Matrix<double, 2, 2>, 1, 2, false> >; SrcXprType = Eigen::CwiseBinaryOp<Eigen::internal::scalar_product_op<double, double>, const Eigen::CwiseNullaryOp<Eigen::internal::scalar_constant_op<double>, const Eigen::Matrix<double, -1, 1> >, const Eigen::Map<Eigen::Matrix<double, -1, 1>, 2, Eigen::Stride<0, 0> > >; Functor = Eigen::internal::add_assign_op<double, double>; Weak = void]’
/usr/local/lib/R/site-library/RcppEigen/include/Eigen/src/Core/AssignEvaluator.h:890:49:   required from ‘void Eigen::internal::call_assignment_no_alias(Dst&, const Src&, const Func&) [with Dst = Eigen::Transpose<Eigen::Block<Eigen::Matrix<double, 2, 2>, 1, 2, false> >; Src = Eigen::CwiseBinaryOp<Eigen::internal::scalar_product_op<double, double>, const Eigen::CwiseNullaryOp<Eigen::internal::scalar_constant_op<double>, const Eigen::Matrix<double, -1, 1> >, const Eigen::Map<Eigen::Matrix<double, -1, 1>, 2, Eigen::Stride<0, 0> > >; Func = Eigen::internal::add_assign_op<double, double>]’
/usr/local/lib/R/site-library/RcppEigen/include/Eigen/src/Core/AssignEvaluator.h:858:27:   [ skipping 7 instantiation contexts, use -ftemplate-backtrace-limit=0 to disable ]
/usr/local/lib/R/site-library/RcppEigen/include/Eigen/src/Core/ProductEvaluators.h:148:43:   required from ‘static void Eigen::internal::Assignment<DstXprType, Eigen::Product<Lhs, Rhs, Options>, Eigen::internal::assign_op<Scalar, Scalar>, Eigen::internal::Dense2Dense, typename Eigen::internal::enable_if<((Options == Eigen::DefaultProduct) || (Options == Eigen::AliasFreeProduct))>::type>::run(DstXprType&, const SrcXprType&, const Eigen::internal::assign_op<Scalar, Scalar>&) [with DstXprType = Eigen::Matrix<double, 2, 2>; Lhs = Eigen::Matrix<double, -1, -1>; Rhs = Eigen::Transpose<const Eigen::Matrix<double, -1, -1> >; int Options = 0; Scalar = double; Eigen::internal::Assignment<DstXprType, Eigen::Product<Lhs, Rhs, Options>, Eigen::internal::assign_op<Scalar, Scalar>, Eigen::internal::Dense2Dense, typename Eigen::internal::enable_if<((Options == Eigen::DefaultProduct) || (Options == Eigen::AliasFreeProduct))>::type>::SrcXprType = Eigen::Product<Eigen::Matrix<double, -1, -1>, Eigen::Transpose<const Eigen::Matrix<double, -1, -1> >, 0>]’
/usr/local/lib/R/site-library/RcppEigen/include/Eigen/src/Core/AssignEvaluator.h:890:49:   required from ‘void Eigen::internal::call_assignment_no_alias(Dst&, const Src&, const Func&) [with Dst = Eigen::Matrix<double, 2, 2>; Src = Eigen::Product<Eigen::Matrix<double, -1, -1>, Eigen::Transpose<const Eigen::Matrix<double, -1, -1> >, 0>; Func = Eigen::internal::assign_op<double, double>]’
/usr/local/lib/R/site-library/RcppEigen/include/Eigen/src/Core/PlainObjectBase.h:797:41:   required from ‘Derived& Eigen::PlainObjectBase<Derived>::_set_noalias(const Eigen::DenseBase<OtherDerived>&) [with OtherDerived = Eigen::Product<Eigen::Matrix<double, -1, -1>, Eigen::Transpose<const Eigen::Matrix<double, -1, -1> >, 0>; Derived = Eigen::Matrix<double, 2, 2>]’
/usr/local/lib/R/site-library/RcppEigen/include/Eigen/src/Core/PlainObjectBase.h:594:19:   required from ‘Eigen::PlainObjectBase<Derived>::PlainObjectBase(const Eigen::DenseBase<OtherDerived>&) [with OtherDerived = Eigen::Product<Eigen::Matrix<double, -1, -1>, Eigen::Transpose<const Eigen::Matrix<double, -1, -1> >, 0>; Derived = Eigen::Matrix<double, 2, 2>]’
/usr/local/lib/R/site-library/RcppEigen/include/Eigen/src/Core/Matrix.h:423:29:   required from ‘Eigen::Matrix<_Scalar, _Rows, _Cols, _Options, _MaxRows, _MaxCols>::Matrix(const Eigen::EigenBase<OtherDerived>&) [with OtherDerived = Eigen::Product<Eigen::Matrix<double, -1, -1>, Eigen::Transpose<const Eigen::Matrix<double, -1, -1> >, 0>; _Scalar = double; int _Rows = 2; int _Cols = 2; int _Options = 0; int _MaxRows = 2; int _MaxCols = 2]’
../inst/include/RcppML/project.hpp:106:41:   required from here
/usr/local/lib/R/site-library/RcppEigen/include/Eigen/src/Core/CoreEvaluators.h:1071:54: warning: ignoring attributes on template argument ‘Eigen::internal::packet_traits<double>::type’ {aka ‘__m128d’} [-Wignored-attributes]
In file included from /usr/local/lib/R/site-library/RcppEigen/include/Eigen/Core:271,
                 from /usr/local/lib/R/site-library/RcppEigen/include/Eigen/Dense:1,
                 from /usr/local/lib/R/site-library/RcppEigen/include/RcppEigenForward.h:28,
                 from /usr/local/lib/R/site-library/RcppEigen/include/RcppEigen.h:25,
                 from ../inst/include/RcppMLCommon.hpp:36,
                 from ../inst/include/RcppML.hpp:11,
                 from RcppFunctions.cpp:8:
/usr/local/lib/R/site-library/RcppEigen/include/Eigen/src/Core/DenseCoeffsBase.h: In instantiation of ‘Eigen::Index Eigen::internal::first_default_aligned(const Eigen::DenseBase<Derived>&) [with Derived = Eigen::CwiseBinaryOp<Eigen::internal::scalar_product_op<double, double>, const Eigen::Transpose<const Eigen::Block<const Eigen::Block<const Eigen::Map<const Eigen::Matrix<double, -1, -1, 1, -1, -1>, 0, Eigen::OuterStride<> >, 1, -1, true>, 1, -1, false> >, const Eigen::Map<const Eigen::Matrix<double, -1, 1>, 0, Eigen::Stride<0, 0> > >; Eigen::Index = long int]’:
/usr/local/lib/R/site-library/RcppEigen/include/Eigen/src/Core/Redux.h:243:63:   required from ‘static Eigen::internal::redux_impl<Func, Evaluator, 3, 0>::Scalar Eigen::internal::redux_impl<Func, Evaluator, 3, 0>::run(const Evaluator&, const Func&, const XprType&) [with XprType = Eigen::CwiseBinaryOp<Eigen::internal::scalar_product_op<double, double>, const Eigen::Transpose<const Eigen::Block<const Eigen::Block<const Eigen::Map<const Eigen::Matrix<double, -1, -1, 1, -1, -1>, 0, Eigen::OuterStride<> >, 1, -1, true>, 1, -1, false> >, const Eigen::Map<const Eigen::Matrix<double, -1, 1>, 0, Eigen::Stride<0, 0> > >; Func = Eigen::internal::scalar_sum_op<double, double>; Evaluator = Eigen::internal::redux_evaluator<Eigen::CwiseBinaryOp<Eigen::internal::scalar_product_op<double, double>, const Eigen::Transpose<const Eigen::Block<const Eigen::Block<const Eigen::Map<const Eigen::Matrix<double, -1, -1, 1, -1, -1>, 0, Eigen::OuterStride<> >, 1, -1, true>, 1, -1, false> >, const Eigen::Map<const Eigen::Matrix<double, -1, 1>, 0, Eigen::Stride<0, 0> > > >; Eigen::internal::redux_impl<Func, Evaluator, 3, 0>::Scalar = double]’
/usr/local/lib/R/site-library/RcppEigen/include/Eigen/src/Core/Redux.h:418:56:   required from ‘typename Eigen::internal::traits<T>::Scalar Eigen::DenseBase<Derived>::redux(const Func&) const [with BinaryOp = Eigen::internal::scalar_sum_op<double, double>; Derived = Eigen::CwiseBinaryOp<Eigen::internal::scalar_product_op<double, double>, const Eigen::Transpose<const Eigen::Block<const Eigen::Block<const Eigen::Map<const Eigen::Matrix<double, -1, -1, 1, -1, -1>, 0, Eigen::OuterStride<> >, 1, -1, true>, 1, -1, false> >, const Eigen::Map<const Eigen::Matrix<double, -1, 1>, 0, Eigen::Stride<0, 0> > >; typename Eigen::internal::traits<T>::Scalar = double]’
/usr/local/lib/R/site-library/RcppEigen/include/Eigen/src/Core/Redux.h:463:25:   required from ‘typename Eigen::internal::traits<T>::Scalar Eigen::DenseBase<Derived>::sum() const [with Derived = Eigen::CwiseBinaryOp<Eigen::internal::scalar_product_op<double, double>, const Eigen::Transpose<const Eigen::Block<const Eigen::Block<const Eigen::Map<const Eigen::Matrix<double, -1, -1, 1, -1, -1>, 0, Eigen::OuterStride<> >, 1, -1, true>, 1, -1, false> >, const Eigen::Map<const Eigen::Matrix<double, -1, 1>, 0, Eigen::Stride<0, 0> > >; typename Eigen::internal::traits<T>::Scalar = double]’
/usr/local/lib/R/site-library/RcppEigen/include/Eigen/src/Core/products/TriangularSolverVector.h:78:127:   required from ‘static void Eigen::internal::triangular_solve_vector<LhsScalar, RhsScalar, Index, 1, Mode, Conjugate, 1>::run(Index, const LhsScalar*, Index, RhsScalar*) [with LhsScalar = double; RhsScalar = double; Index = long int; int Mode = 2; bool Conjugate = false]’
/usr/local/lib/R/site-library/RcppEigen/include/Eigen/src/Core/SolveTriangular.h:73:12:   required from ‘static void Eigen::internal::triangular_solver_selector<Lhs, Rhs, Side, Mode, 0, 1>::run(const Lhs&, Rhs&) [with Lhs = const Eigen::Transpose<const Eigen::Matrix<double, -1, -1> >; Rhs = Eigen::Block<Eigen::Matrix<double, -1, -1>, -1, 1, true>; int Side = 1; int Mode = 2]’
/usr/local/lib/R/site-library/RcppEigen/include/Eigen/src/Core/SolveTriangular.h:182:21:   [ skipping 4 instantiation contexts, use -ftemplate-backtrace-limit=0 to disable ]
/usr/local/lib/R/site-library/RcppEigen/include/Eigen/src/Core/Solve.h:147:26:   required from ‘static void Eigen::internal::Assignment<DstXprType, Eigen::Solve<DecType, RhsType>, Eigen::internal::assign_op<Scalar, Scalar>, Eigen::internal::Dense2Dense>::run(DstXprType&, const SrcXprType&, const Eigen::internal::assign_op<Scalar, Scalar>&) [with DstXprType = Eigen::Block<Eigen::Matrix<double, -1, -1>, -1, 1, true>; DecType = Eigen::LLT<Eigen::Matrix<double, -1, -1>, 1>; RhsType = Eigen::Matrix<double, -1, 1>; Scalar = double; Eigen::internal::Assignment<DstXprType, Eigen::Solve<DecType, RhsType>, Eigen::internal::assign_op<Scalar, Scalar>, Eigen::internal::Dense2Dense>::SrcXprType = Eigen::Solve<Eigen::LLT<Eigen::Matrix<double, -1, -1>, 1>, Eigen::Matrix<double, -1, 1> >]’
/usr/local/lib/R/site-library/RcppEigen/include/Eigen/src/Core/AssignEvaluator.h:890:49:   required from ‘void Eigen::internal::call_assignment_no_alias(Dst&, const Src&, const Func&) [with Dst = Eigen::Block<Eigen::Matrix<double, -1, -1>, -1, 1, true>; Src = Eigen::Solve<Eigen::LLT<Eigen::Matrix<double, -1, -1>, 1>, Eigen::Matrix<double, -1, 1> >; Func = Eigen::internal::assign_op<double, double>]’
/usr/local/lib/R/site-library/RcppEigen/include/Eigen/src/Core/AssignEvaluator.h:858:27:   required from ‘void Eigen::internal::call_assignment(Dst&, const Src&, const Func&, typename Eigen::internal::enable_if<(! Eigen::internal::evaluator_assume_aliasing<Src>::value), void*>::type) [with Dst = Eigen::Block<Eigen::Matrix<double, -1, -1>, -1, 1, true>; Src = Eigen::Solve<Eigen::LLT<Eigen::Matrix<double, -1, -1>, 1>, Eigen::Matrix<double, -1, 1> >; Func = Eigen::internal::assign_op<double, double>; typename Eigen::internal::enable_if<(! Eigen::internal::evaluator_assume_aliasing<Src>::value), void*>::type = void*; typename Eigen::internal::evaluator_traits<SrcXprType>::Shape = Eigen::DenseShape]’
/usr/local/lib/R/site-library/RcppEigen/include/Eigen/src/Core/AssignEvaluator.h:836:18:   required from ‘void Eigen::internal::call_assignment(Dst&, const Src&) [with Dst = Eigen::Block<Eigen::Matrix<double, -1, -1>, -1, 1, true>; Src = Eigen::Solve<Eigen::LLT<Eigen::Matrix<double, -1, -1>, 1>, Eigen::Matrix<double, -1, 1> >]’
/usr/local/lib/R/site-library/RcppEigen/include/Eigen/src/Core/Assign.h:66:28:   required from ‘Derived& Eigen::MatrixBase<Derived>::operator=(const Eigen::DenseBase<OtherDerived>&) [with OtherDerived = Eigen::Solve<Eigen::LLT<Eigen::Matrix<double, -1, -1>, 1>, Eigen::Matrix<double, -1, 1> >; Derived = Eigen::Block<Eigen::Matrix<double, -1, -1>, -1, 1, true>]’
../inst/include/RcppML/project.hpp:133:33:   required from here
/usr/local/lib/R/site-library/RcppEigen/include/Eigen/src/Core/DenseCoeffsBase.h:654:74: warning: ignoring attributes on template argument ‘Eigen::internal::packet_traits<double>::type’ {aka ‘__m128d’} [-Wignored-attributes]
  654 |   return internal::first_aligned<int(unpacket_traits<DefaultPacketType>::alignment),Derived>(m);
      |                                                                          ^~~~~~~~~
In file included from /usr/local/lib/R/site-library/RcppEigen/include/Eigen/Core:277,
                 from /usr/local/lib/R/site-library/RcppEigen/include/Eigen/Dense:1,
                 from /usr/local/lib/R/site-library/RcppEigen/include/RcppEigenForward.h:28,
                 from /usr/local/lib/R/site-library/RcppEigen/include/RcppEigen.h:25,
                 from ../inst/include/RcppMLCommon.hpp:36,
                 from ../inst/include/RcppML.hpp:11,
                 from RcppFunctions.cpp:8:
/usr/local/lib/R/site-library/RcppEigen/include/Eigen/src/Core/CoreEvaluators.h: In instantiation of ‘struct Eigen::internal::evaluator<Eigen::Block<const Eigen::Block<Eigen::Matrix<double, -1, -1>, -1, -1, false>, 1, -1, false> >’:
/usr/local/lib/R/site-library/RcppEigen/include/Eigen/src/Core/CoreEvaluators.h:100:8:   required from ‘struct Eigen::internal::evaluator<const Eigen::Block<const Eigen::Block<Eigen::Matrix<double, -1, -1>, -1, -1, false>, 1, -1, false> >’
/usr/local/lib/R/site-library/RcppEigen/include/Eigen/src/Core/CoreEvaluators.h:311:41:   required from ‘struct Eigen::internal::unary_evaluator<Eigen::Transpose<const Eigen::Block<const Eigen::Block<Eigen::Matrix<double, -1, -1>, -1, -1, false>, 1, -1, false> >, Eigen::internal::IndexBased, double>’
/usr/local/lib/R/site-library/RcppEigen/include/Eigen/src/Core/CoreEvaluators.h:90:8:   required from ‘struct Eigen::internal::evaluator<Eigen::Transpose<const Eigen::Block<const Eigen::Block<Eigen::Matrix<double, -1, -1>, -1, -1, false>, 1, -1, false> > >’
/usr/local/lib/R/site-library/RcppEigen/include/Eigen/src/Core/CoreEvaluators.h:100:8:   required from ‘struct Eigen::internal::evaluator<const Eigen::Transpose<const Eigen::Block<const Eigen::Block<Eigen::Matrix<double, -1, -1>, -1, -1, false>, 1, -1, false> > >’
/usr/local/lib/R/site-library/RcppEigen/include/Eigen/src/Core/CoreEvaluators.h:739:41:   required from ‘struct Eigen::internal::binary_evaluator<Eigen::CwiseBinaryOp<Eigen::internal::scalar_conj_product_op<double, double>, const Eigen::Transpose<const Eigen::Block<const Eigen::Block<Eigen::Matrix<double, -1, -1>, -1, -1, false>, 1, -1, false> >, const Eigen::Block<const Eigen::Transpose<const Eigen::Block<Eigen::Matrix<double, -1, -1>, 1, -1, false> >, -1, 1, true> >, Eigen::internal::IndexBased, Eigen::internal::IndexBased, double, double>’
/usr/local/lib/R/site-library/RcppEigen/include/Eigen/src/Core/CoreEvaluators.h:722:8:   [ skipping 13 instantiation contexts, use -ftemplate-backtrace-limit=0 to disable ]
/usr/local/lib/R/site-library/RcppEigen/include/Eigen/src/Cholesky/LLT.h:344:23:   required from ‘static Eigen::Index Eigen::internal::llt_inplace<Scalar, 1>::blocked(MatrixType&) [with MatrixType = Eigen::Matrix<double, -1, -1>; Scalar = double; Eigen::Index = long int]’
/usr/local/lib/R/site-library/RcppEigen/include/Eigen/src/Cholesky/LLT.h:408:68:   required from ‘static bool Eigen::internal::LLT_Traits<MatrixType, 1>::inplace_decomposition(MatrixType&) [with MatrixType = Eigen::Matrix<double, -1, -1>]’
/usr/local/lib/R/site-library/RcppEigen/include/Eigen/src/Cholesky/LLT.h:456:42:   required from ‘Eigen::LLT<_MatrixType, _UpLo>& Eigen::LLT<MatrixType, UpLo>::compute(const Eigen::EigenBase<OtherDerived>&) [with InputType = Eigen::Matrix<double, -1, -1>; _MatrixType = Eigen::Matrix<double, -1, -1>; int _UpLo = 1]’
/usr/local/lib/R/site-library/RcppEigen/include/Eigen/src/Cholesky/LLT.h:109:14:   required from ‘Eigen::LLT<MatrixType, UpLo>::LLT(const Eigen::EigenBase<OtherDerived>&) [with InputType = Eigen::Matrix<double, -1, -1>; _MatrixType = Eigen::Matrix<double, -1, -1>; int _UpLo = 1]’
/usr/local/lib/R/site-library/RcppEigen/include/Eigen/src/Cholesky/LLT.h:542:10:   required from ‘const Eigen::LLT<typename Eigen::DenseBase<Derived>::PlainObject> Eigen::MatrixBase<Derived>::llt() const [with Derived = Eigen::Matrix<double, -1, -1>; typename Eigen::DenseBase<Derived>::PlainObject = Eigen::Matrix<double, -1, -1>]’
../inst/include/RcppML/project.hpp:123:51:   required from here
/usr/local/lib/R/site-library/RcppEigen/include/Eigen/src/Core/CoreEvaluators.h:1071:54: warning: ignoring attributes on template argument ‘Eigen::internal::packet_traits<double>::type’ {aka ‘__m128d’} [-Wignored-attributes]
 1071 |     PacketAlignment = unpacket_traits<PacketScalar>::alignment,
      |                                                      ^~~~~~~~~
/usr/local/lib/R/site-library/RcppEigen/include/Eigen/src/Core/CoreEvaluators.h: In instantiation of ‘struct Eigen::internal::evaluator<Eigen::Block<const Eigen::Transpose<const Eigen::Block<Eigen::Matrix<double, -1, -1>, 1, -1, false> >, -1, 1, true> >’:
/usr/local/lib/R/site-library/RcppEigen/include/Eigen/src/Core/CoreEvaluators.h:100:8:   required from ‘struct Eigen::internal::evaluator<const Eigen::Block<const Eigen::Transpose<const Eigen::Block<Eigen::Matrix<double, -1, -1>, 1, -1, false> >, -1, 1, true> >’
/usr/local/lib/R/site-library/RcppEigen/include/Eigen/src/Core/CoreEvaluators.h:739:78:   required from ‘struct Eigen::internal::binary_evaluator<Eigen::CwiseBinaryOp<Eigen::internal::scalar_conj_product_op<double, double>, const Eigen::Transpose<const Eigen::Block<const Eigen::Block<Eigen::Matrix<double, -1, -1>, -1, -1, false>, 1, -1, false> >, const Eigen::Block<const Eigen::Transpose<const Eigen::Block<Eigen::Matrix<double, -1, -1>, 1, -1, false> >, -1, 1, true> >, Eigen::internal::IndexBased, Eigen::internal::IndexBased, double, double>’
/usr/local/lib/R/site-library/RcppEigen/include/Eigen/src/Core/CoreEvaluators.h:722:8:   required from ‘struct Eigen::internal::evaluator<Eigen::CwiseBinaryOp<Eigen::internal::scalar_conj_product_op<double, double>, const Eigen::Transpose<const Eigen::Block<const Eigen::Block<Eigen::Matrix<double, -1, -1>, -1, -1, false>, 1, -1, false> >, const Eigen::Block<const Eigen::Transpose<const Eigen::Block<Eigen::Matrix<double, -1, -1>, 1, -1, false> >, -1, 1, true> > >’
/usr/local/lib/R/site-library/RcppEigen/include/Eigen/src/Core/Redux.h:357:7:   required from ‘class Eigen::internal::redux_evaluator<Eigen::CwiseBinaryOp<Eigen::internal::scalar_conj_product_op<double, double>, const Eigen::Transpose<const Eigen::Block<const Eigen::Block<Eigen::Matrix<double, -1, -1>, -1, -1, false>, 1, -1, false> >, const Eigen::Block<const Eigen::Transpose<const Eigen::Block<Eigen::Matrix<double, -1, -1>, 1, -1, false> >, -1, 1, true> > >’
/usr/local/lib/R/site-library/RcppEigen/include/Eigen/src/Core/Redux.h:414:17:   required from ‘typename Eigen::internal::traits<T>::Scalar Eigen::DenseBase<Derived>::redux(const Func&) const [with BinaryOp = Eigen::internal::scalar_sum_op<double, double>; Derived = Eigen::CwiseBinaryOp<Eigen::internal::scalar_conj_product_op<double, double>, const Eigen::Transpose<const Eigen::Block<const Eigen::Block<Eigen::Matrix<double, -1, -1>, -1, -1, false>, 1, -1, false> >, const Eigen::Block<const Eigen::Transpose<const Eigen::Block<Eigen::Matrix<double, -1, -1>, 1, -1, false> >, -1, 1, true> >; typename Eigen::internal::traits<T>::Scalar = double]’
/usr/local/lib/R/site-library/RcppEigen/include/Eigen/src/Core/Redux.h:463:25:   [ skipping 10 instantiation contexts, use -ftemplate-backtrace-limit=0 to disable ]
/usr/local/lib/R/site-library/RcppEigen/include/Eigen/src/Cholesky/LLT.h:344:23:   required from ‘static Eigen::Index Eigen::internal::llt_inplace<Scalar, 1>::blocked(MatrixType&) [with MatrixType = Eigen::Matrix<double, -1, -1>; Scalar = double; Eigen::Index = long int]’
/usr/local/lib/R/site-library/RcppEigen/include/Eigen/src/Cholesky/LLT.h:408:68:   required from ‘static bool Eigen::internal::LLT_Traits<MatrixType, 1>::inplace_decomposition(MatrixType&) [with MatrixType = Eigen::Matrix<double, -1, -1>]’
/usr/local/lib/R/site-library/RcppEigen/include/Eigen/src/Cholesky/LLT.h:456:42:   required from ‘Eigen::LLT<_MatrixType, _UpLo>& Eigen::LLT<MatrixType, UpLo>::compute(const Eigen::EigenBase<OtherDerived>&) [with InputType = Eigen::Matrix<double, -1, -1>; _MatrixType = Eigen::Matrix<double, -1, -1>; int _UpLo = 1]’
/usr/local/lib/R/site-library/RcppEigen/include/Eigen/src/Cholesky/LLT.h:109:14:   required from ‘Eigen::LLT<MatrixType, UpLo>::LLT(const Eigen::EigenBase<OtherDerived>&) [with InputType = Eigen::Matrix<double, -1, -1>; _MatrixType = Eigen::Matrix<double, -1, -1>; int _UpLo = 1]’
/usr/local/lib/R/site-library/RcppEigen/include/Eigen/src/Cholesky/LLT.h:542:10:   required from ‘const Eigen::LLT<typename Eigen::DenseBase<Derived>::PlainObject> Eigen::MatrixBase<Derived>::llt() const [with Derived = Eigen::Matrix<double, -1, -1>; typename Eigen::DenseBase<Derived>::PlainObject = Eigen::Matrix<double, -1, -1>]’
../inst/include/RcppML/project.hpp:123:51:   required from here
/usr/local/lib/R/site-library/RcppEigen/include/Eigen/src/Core/CoreEvaluators.h:1071:54: warning: ignoring attributes on template argument ‘Eigen::internal::packet_traits<double>::type’ {aka ‘__m128d’} [-Wignored-attributes]
/usr/local/lib/R/site-library/RcppEigen/include/Eigen/src/Core/CoreEvaluators.h: In instantiation of ‘struct Eigen::internal::evaluator<Eigen::Block<const Eigen::Block<Eigen::Block<Eigen::Matrix<double, -1, -1>, -1, -1, false>, -1, -1, false>, 1, -1, false> >’:
/usr/local/lib/R/site-library/RcppEigen/include/Eigen/src/Core/CoreEvaluators.h:100:8:   required from ‘struct Eigen::internal::evaluator<const Eigen::Block<const Eigen::Block<Eigen::Block<Eigen::Matrix<double, -1, -1>, -1, -1, false>, -1, -1, false>, 1, -1, false> >’
/usr/local/lib/R/site-library/RcppEigen/include/Eigen/src/Core/CoreEvaluators.h:311:41:   required from ‘struct Eigen::internal::unary_evaluator<Eigen::Transpose<const Eigen::Block<const Eigen::Block<Eigen::Block<Eigen::Matrix<double, -1, -1>, -1, -1, false>, -1, -1, false>, 1, -1, false> >, Eigen::internal::IndexBased, double>’
/usr/local/lib/R/site-library/RcppEigen/include/Eigen/src/Core/CoreEvaluators.h:90:8:   required from ‘struct Eigen::internal::evaluator<Eigen::Transpose<const Eigen::Block<const Eigen::Block<Eigen::Block<Eigen::Matrix<double, -1, -1>, -1, -1, false>, -1, -1, false>, 1, -1, false> > >’
/usr/local/lib/R/site-library/RcppEigen/include/Eigen/src/Core/CoreEvaluators.h:100:8:   required from ‘struct Eigen::internal::evaluator<const Eigen::Transpose<const Eigen::Block<const Eigen::Block<Eigen::Block<Eigen::Matrix<double, -1, -1>, -1, -1, false>, -1, -1, false>, 1, -1, false> > >’
/usr/local/lib/R/site-library/RcppEigen/include/Eigen/src/Core/CoreEvaluators.h:739:41:   required from ‘struct Eigen::internal::binary_evaluator<Eigen::CwiseBinaryOp<Eigen::internal::scalar_conj_product_op<double, double>, const Eigen::Transpose<const Eigen::Block<const Eigen::Block<Eigen::Block<Eigen::Matrix<double, -1, -1>, -1, -1, false>, -1, -1, false>, 1, -1, false> >, const Eigen::Block<const Eigen::Transpose<const Eigen::Block<Eigen::Block<Eigen::Matrix<double, -1, -1>, -1, -1, false>, 1, -1, false> >, -1, 1, true> >, Eigen::internal::IndexBased, Eigen::internal::IndexBased, double, double>’
/usr/local/lib/R/site-library/RcppEigen/include/Eigen/src/Core/CoreEvaluators.h:722:8:   [ skipping 13 instantiation contexts, use -ftemplate-backtrace-limit=0 to disable ]
/usr/local/lib/R/site-library/RcppEigen/include/Eigen/src/Cholesky/LLT.h:363:24:   required from ‘static Eigen::Index Eigen::internal::llt_inplace<Scalar, 1>::blocked(MatrixType&) [with MatrixType = Eigen::Matrix<double, -1, -1>; Scalar = double; Eigen::Index = long int]’
/usr/local/lib/R/site-library/RcppEigen/include/Eigen/src/Cholesky/LLT.h:408:68:   required from ‘static bool Eigen::internal::LLT_Traits<MatrixType, 1>::inplace_decomposition(MatrixType&) [with MatrixType = Eigen::Matrix<double, -1, -1>]’
/usr/local/lib/R/site-library/RcppEigen/include/Eigen/src/Cholesky/LLT.h:456:42:   required from ‘Eigen::LLT<_MatrixType, _UpLo>& Eigen::LLT<MatrixType, UpLo>::compute(const Eigen::EigenBase<OtherDerived>&) [with InputType = Eigen::Matrix<double, -1, -1>; _MatrixType = Eigen::Matrix<double, -1, -1>; int _UpLo = 1]’
/usr/local/lib/R/site-library/RcppEigen/include/Eigen/src/Cholesky/LLT.h:109:14:   required from ‘Eigen::LLT<MatrixType, UpLo>::LLT(const Eigen::EigenBase<OtherDerived>&) [with InputType = Eigen::Matrix<double, -1, -1>; _MatrixType = Eigen::Matrix<double, -1, -1>; int _UpLo = 1]’
/usr/local/lib/R/site-library/RcppEigen/include/Eigen/src/Cholesky/LLT.h:542:10:   required from ‘const Eigen::LLT<typename Eigen::DenseBase<Derived>::PlainObject> Eigen::MatrixBase<Derived>::llt() const [with Derived = Eigen::Matrix<double, -1, -1>; typename Eigen::DenseBase<Derived>::PlainObject = Eigen::Matrix<double, -1, -1>]’
../inst/include/RcppML/project.hpp:123:51:   required from here
/usr/local/lib/R/site-library/RcppEigen/include/Eigen/src/Core/CoreEvaluators.h:1071:54: warning: ignoring attributes on template argument ‘Eigen::internal::packet_traits<double>::type’ {aka ‘__m128d’} [-Wignored-attributes]
/usr/local/lib/R/site-library/RcppEigen/include/Eigen/src/Core/CoreEvaluators.h: In instantiation of ‘struct Eigen::internal::evaluator<Eigen::Block<const Eigen::Transpose<const Eigen::Block<Eigen::Block<Eigen::Matrix<double, -1, -1>, -1, -1, false>, 1, -1, false> >, -1, 1, true> >’:
/usr/local/lib/R/site-library/RcppEigen/include/Eigen/src/Core/CoreEvaluators.h:100:8:   required from ‘struct Eigen::internal::evaluator<const Eigen::Block<const Eigen::Transpose<const Eigen::Block<Eigen::Block<Eigen::Matrix<double, -1, -1>, -1, -1, false>, 1, -1, false> >, -1, 1, true> >’
/usr/local/lib/R/site-library/RcppEigen/include/Eigen/src/Core/CoreEvaluators.h:739:78:   required from ‘struct Eigen::internal::binary_evaluator<Eigen::CwiseBinaryOp<Eigen::internal::scalar_conj_product_op<double, double>, const Eigen::Transpose<const Eigen::Block<const Eigen::Block<Eigen::Block<Eigen::Matrix<double, -1, -1>, -1, -1, false>, -1, -1, false>, 1, -1, false> >, const Eigen::Block<const Eigen::Transpose<const Eigen::Block<Eigen::Block<Eigen::Matrix<double, -1, -1>, -1, -1, false>, 1, -1, false> >, -1, 1, true> >, Eigen::internal::IndexBased, Eigen::internal::IndexBased, double, double>’
/usr/local/lib/R/site-library/RcppEigen/include/Eigen/src/Core/CoreEvaluators.h:722:8:   required from ‘struct Eigen::internal::evaluator<Eigen::CwiseBinaryOp<Eigen::internal::scalar_conj_product_op<double, double>, const Eigen::Transpose<const Eigen::Block<const Eigen::Block<Eigen::Block<Eigen::Matrix<double, -1, -1>, -1, -1, false>, -1, -1, false>, 1, -1, false> >, const Eigen::Block<const Eigen::Transpose<const Eigen::Block<Eigen::Block<Eigen::Matrix<double, -1, -1>, -1, -1, false>, 1, -1, false> >, -1, 1, true> > >’
/usr/local/lib/R/site-library/RcppEigen/include/Eigen/src/Core/Redux.h:357:7:   required from ‘class Eigen::internal::redux_evaluator<Eigen::CwiseBinaryOp<Eigen::internal::scalar_conj_product_op<double, double>, const Eigen::Transpose<const Eigen::Block<const Eigen::Block<Eigen::Block<Eigen::Matrix<double, -1, -1>, -1, -1, false>, -1, -1, false>, 1, -1, false> >, const Eigen::Block<const Eigen::Transpose<const Eigen::Block<Eigen::Block<Eigen::Matrix<double, -1, -1>, -1, -1, false>, 1, -1, false> >, -1, 1, true> > >’
/usr/local/lib/R/site-library/RcppEigen/include/Eigen/src/Core/Redux.h:414:17:   required from ‘typename Eigen::internal::traits<T>::Scalar Eigen::DenseBase<Derived>::redux(const Func&) const [with BinaryOp = Eigen::internal::scalar_sum_op<double, double>; Derived = Eigen::CwiseBinaryOp<Eigen::internal::scalar_conj_product_op<double, double>, const Eigen::Transpose<const Eigen::Block<const Eigen::Block<Eigen::Block<Eigen::Matrix<double, -1, -1>, -1, -1, false>, -1, -1, false>, 1, -1, false> >, const Eigen::Block<const Eigen::Transpose<const Eigen::Block<Eigen::Block<Eigen::Matrix<double, -1, -1>, -1, -1, false>, 1, -1, false> >, -1, 1, true> >; typename Eigen::internal::traits<T>::Scalar = double]’
/usr/local/lib/R/site-library/RcppEigen/include/Eigen/src/Core/Redux.h:463:25:   [ skipping 10 instantiation contexts, use -ftemplate-backtrace-limit=0 to disable ]
/usr/local/lib/R/site-library/RcppEigen/include/Eigen/src/Cholesky/LLT.h:363:24:   required from ‘static Eigen::Index Eigen::internal::llt_inplace<Scalar, 1>::blocked(MatrixType&) [with MatrixType = Eigen::Matrix<double, -1, -1>; Scalar = double; Eigen::Index = long int]’
/usr/local/lib/R/site-library/RcppEigen/include/Eigen/src/Cholesky/LLT.h:408:68:   required from ‘static bool Eigen::internal::LLT_Traits<MatrixType, 1>::inplace_decomposition(MatrixType&) [with MatrixType = Eigen::Matrix<double, -1, -1>]’
/usr/local/lib/R/site-library/RcppEigen/include/Eigen/src/Cholesky/LLT.h:456:42:   required from ‘Eigen::LLT<_MatrixType, _UpLo>& Eigen::LLT<MatrixType, UpLo>::compute(const Eigen::EigenBase<OtherDerived>&) [with InputType = Eigen::Matrix<double, -1, -1>; _MatrixType = Eigen::Matrix<double, -1, -1>; int _UpLo = 1]’
/usr/local/lib/R/site-library/RcppEigen/include/Eigen/src/Cholesky/LLT.h:109:14:   required from ‘Eigen::LLT<MatrixType, UpLo>::LLT(const Eigen::EigenBase<OtherDerived>&) [with InputType = Eigen::Matrix<double, -1, -1>; _MatrixType = Eigen::Matrix<double, -1, -1>; int _UpLo = 1]’
/usr/local/lib/R/site-library/RcppEigen/include/Eigen/src/Cholesky/LLT.h:542:10:   required from ‘const Eigen::LLT<typename Eigen::DenseBase<Derived>::PlainObject> Eigen::MatrixBase<Derived>::llt() const [with Derived = Eigen::Matrix<double, -1, -1>; typename Eigen::DenseBase<Derived>::PlainObject = Eigen::Matrix<double, -1, -1>]’
../inst/include/RcppML/project.hpp:123:51:   required from here
/usr/local/lib/R/site-library/RcppEigen/include/Eigen/src/Core/CoreEvaluators.h:1071:54: warning: ignoring attributes on template argument ‘Eigen::internal::packet_traits<double>::type’ {aka ‘__m128d’} [-Wignored-attributes]
/usr/local/lib/R/site-library/RcppEigen/include/Eigen/src/Core/CoreEvaluators.h: In instantiation of ‘struct Eigen::internal::evaluator<Eigen::Block<const Eigen::Map<const Eigen::Matrix<double, -1, -1>, 0, Eigen::OuterStride<> >, -1, 1, true> >’:
/usr/local/lib/R/site-library/RcppEigen/include/Eigen/src/Core/CoreEvaluators.h:100:8:   required from ‘struct Eigen::internal::evaluator<const Eigen::Block<const Eigen::Map<const Eigen::Matrix<double, -1, -1>, 0, Eigen::OuterStride<> >, -1, 1, true> >’
/usr/local/lib/R/site-library/RcppEigen/include/Eigen/src/Core/CoreEvaluators.h:1043:41:   required from ‘struct Eigen::internal::evaluator<Eigen::Block<const Eigen::Block<const Eigen::Map<const Eigen::Matrix<double, -1, -1>, 0, Eigen::OuterStride<> >, -1, 1, true>, -1, 1, false> >’
/usr/local/lib/R/site-library/RcppEigen/include/Eigen/src/Core/CoreEvaluators.h:100:8:   required from ‘struct Eigen::internal::evaluator<const Eigen::Block<const Eigen::Block<const Eigen::Map<const Eigen::Matrix<double, -1, -1>, 0, Eigen::OuterStride<> >, -1, 1, true>, -1, 1, false> >’
/usr/local/lib/R/site-library/RcppEigen/include/Eigen/src/Core/CoreEvaluators.h:739:78:   required from ‘struct Eigen::internal::binary_evaluator<Eigen::CwiseBinaryOp<Eigen::internal::scalar_product_op<double, double>, const Eigen::CwiseNullaryOp<Eigen::internal::scalar_constant_op<double>, const Eigen::Matrix<double, -1, 1> >, const Eigen::Block<const Eigen::Block<const Eigen::Map<const Eigen::Matrix<double, -1, -1>, 0, Eigen::OuterStride<> >, -1, 1, true>, -1, 1, false> >, Eigen::internal::IndexBased, Eigen::internal::IndexBased, double, double>’
/usr/local/lib/R/site-library/RcppEigen/include/Eigen/src/Core/CoreEvaluators.h:722:8:   required from ‘struct Eigen::internal::evaluator<Eigen::CwiseBinaryOp<Eigen::internal::scalar_product_op<double, double>, const Eigen::CwiseNullaryOp<Eigen::internal::scalar_constant_op<double>, const Eigen::Matrix<double, -1, 1> >, const Eigen::Block<const Eigen::Block<const Eigen::Map<const Eigen::Matrix<double, -1, -1>, 0, Eigen::OuterStride<> >, -1, 1, true>, -1, 1, false> > >’
/usr/local/lib/R/site-library/RcppEigen/include/Eigen/src/Core/AssignEvaluator.h:774:20:   [ skipping 11 instantiation contexts, use -ftemplate-backtrace-limit=0 to disable ]
/usr/local/lib/R/site-library/RcppEigen/include/Eigen/src/Core/Solve.h:147:26:   required from ‘static void Eigen::internal::Assignment<DstXprType, Eigen::Solve<DecType, RhsType>, Eigen::internal::assign_op<Scalar, Scalar>, Eigen::internal::Dense2Dense>::run(DstXprType&, const SrcXprType&, const Eigen::internal::assign_op<Scalar, Scalar>&) [with DstXprType = Eigen::Block<Eigen::Matrix<double, -1, -1>, -1, 1, true>; DecType = Eigen::LLT<Eigen::Matrix<double, -1, -1>, 1>; RhsType = Eigen::Matrix<double, -1, 1>; Scalar = double; Eigen::internal::Assignment<DstXprType, Eigen::Solve<DecType, RhsType>, Eigen::internal::assign_op<Scalar, Scalar>, Eigen::internal::Dense2Dense>::SrcXprType = Eigen::Solve<Eigen::LLT<Eigen::Matrix<double, -1, -1>, 1>, Eigen::Matrix<double, -1, 1> >]’
/usr/local/lib/R/site-library/RcppEigen/include/Eigen/src/Core/AssignEvaluator.h:890:49:   required from ‘void Eigen::internal::call_assignment_no_alias(Dst&, const Src&, const Func&) [with Dst = Eigen::Block<Eigen::Matrix<double, -1, -1>, -1, 1, true>; Src = Eigen::Solve<Eigen::LLT<Eigen::Matrix<double, -1, -1>, 1>, Eigen::Matrix<double, -1, 1> >; Func = Eigen::internal::assign_op<double, double>]’
/usr/local/lib/R/site-library/RcppEigen/include/Eigen/src/Core/AssignEvaluator.h:858:27:   required from ‘void Eigen::internal::call_assignment(Dst&, const Src&, const Func&, typename Eigen::internal::enable_if<(! Eigen::internal::evaluator_assume_aliasing<Src>::value), void*>::type) [with Dst = Eigen::Block<Eigen::Matrix<double, -1, -1>, -1, 1, true>; Src = Eigen::Solve<Eigen::LLT<Eigen::Matrix<double, -1, -1>, 1>, Eigen::Matrix<double, -1, 1> >; Func = Eigen::internal::assign_op<double, double>; typename Eigen::internal::enable_if<(! Eigen::internal::evaluator_assume_aliasing<Src>::value), void*>::type = void*; typename Eigen::internal::evaluator_traits<SrcXprType>::Shape = Eigen::DenseShape]’
/usr/local/lib/R/site-library/RcppEigen/include/Eigen/src/Core/AssignEvaluator.h:836:18:   required from ‘void Eigen::internal::call_assignment(Dst&, const Src&) [with Dst = Eigen::Block<Eigen::Matrix<double, -1, -1>, -1, 1, true>; Src = Eigen::Solve<Eigen::LLT<Eigen::Matrix<double, -1, -1>, 1>, Eigen::Matrix<double, -1, 1> >]’
/usr/local/lib/R/site-library/RcppEigen/include/Eigen/src/Core/Assign.h:66:28:   required from ‘Derived& Eigen::MatrixBase<Derived>::operator=(const Eigen::DenseBase<OtherDerived>&) [with OtherDerived = Eigen::Solve<Eigen::LLT<Eigen::Matrix<double, -1, -1>, 1>, Eigen::Matrix<double, -1, 1> >; Derived = Eigen::Block<Eigen::Matrix<double, -1, -1>, -1, 1, true>]’
../inst/include/RcppML/project.hpp:133:33:   required from here
/usr/local/lib/R/site-library/RcppEigen/include/Eigen/src/Core/CoreEvaluators.h:1071:54: warning: ignoring attributes on template argument ‘Eigen::internal::packet_traits<double>::type’ {aka ‘__m128d’} [-Wignored-attributes]
/usr/local/lib/R/site-library/RcppEigen/include/Eigen/src/Core/CoreEvaluators.h: In instantiation of ‘struct Eigen::internal::evaluator<Eigen::Block<const Eigen::Block<const Eigen::Map<const Eigen::Matrix<double, -1, -1>, 0, Eigen::OuterStride<> >, -1, 1, true>, -1, 1, false> >’:
/usr/local/lib/R/site-library/RcppEigen/include/Eigen/src/Core/CoreEvaluators.h:100:8:   required from ‘struct Eigen::internal::evaluator<const Eigen::Block<const Eigen::Block<const Eigen::Map<const Eigen::Matrix<double, -1, -1>, 0, Eigen::OuterStride<> >, -1, 1, true>, -1, 1, false> >’
/usr/local/lib/R/site-library/RcppEigen/include/Eigen/src/Core/CoreEvaluators.h:739:78:   required from ‘struct Eigen::internal::binary_evaluator<Eigen::CwiseBinaryOp<Eigen::internal::scalar_product_op<double, double>, const Eigen::CwiseNullaryOp<Eigen::internal::scalar_constant_op<double>, const Eigen::Matrix<double, -1, 1> >, const Eigen::Block<const Eigen::Block<const Eigen::Map<const Eigen::Matrix<double, -1, -1>, 0, Eigen::OuterStride<> >, -1, 1, true>, -1, 1, false> >, Eigen::internal::IndexBased, Eigen::internal::IndexBased, double, double>’
/usr/local/lib/R/site-library/RcppEigen/include/Eigen/src/Core/CoreEvaluators.h:722:8:   required from ‘struct Eigen::internal::evaluator<Eigen::CwiseBinaryOp<Eigen::internal::scalar_product_op<double, double>, const Eigen::CwiseNullaryOp<Eigen::internal::scalar_constant_op<double>, const Eigen::Matrix<double, -1, 1> >, const Eigen::Block<const Eigen::Block<const Eigen::Map<const Eigen::Matrix<double, -1, -1>, 0, Eigen::OuterStride<> >, -1, 1, true>, -1, 1, false> > >’
/usr/local/lib/R/site-library/RcppEigen/include/Eigen/src/Core/AssignEvaluator.h:774:20:   required from ‘void Eigen::internal::call_dense_assignment_loop(DstXprType&, const SrcXprType&, const Functor&) [with DstXprType = Eigen::Map<Eigen::Matrix<double, -1, 1>, 0, Eigen::Stride<0, 0> >; SrcXprType = Eigen::CwiseBinaryOp<Eigen::internal::scalar_product_op<double, double>, const Eigen::CwiseNullaryOp<Eigen::internal::scalar_constant_op<double>, const Eigen::Matrix<double, -1, 1> >, const Eigen::Block<const Eigen::Block<const Eigen::Map<const Eigen::Matrix<double, -1, -1>, 0, Eigen::OuterStride<> >, -1, 1, true>, -1, 1, false> >; Functor = Eigen::internal::sub_assign_op<double, double>]’
/usr/local/lib/R/site-library/RcppEigen/include/Eigen/src/Core/AssignEvaluator.h:954:31:   required from ‘static void Eigen::internal::Assignment<DstXprType, SrcXprType, Functor, Eigen::internal::Dense2Dense, Weak>::run(DstXprType&, const SrcXprType&, const Functor&) [with DstXprType = Eigen::Map<Eigen::Matrix<double, -1, 1>, 0, Eigen::Stride<0, 0> >; SrcXprType = Eigen::CwiseBinaryOp<Eigen::internal::scalar_product_op<double, double>, const Eigen::CwiseNullaryOp<Eigen::internal::scalar_constant_op<double>, const Eigen::Matrix<double, -1, 1> >, const Eigen::Block<const Eigen::Block<const Eigen::Map<const Eigen::Matrix<double, -1, -1>, 0, Eigen::OuterStride<> >, -1, 1, true>, -1, 1, false> >; Functor = Eigen::internal::sub_assign_op<double, double>; Weak = void]’
/usr/local/lib/R/site-library/RcppEigen/include/Eigen/src/Core/AssignEvaluator.h:890:49:   [ skipping 9 instantiation contexts, use -ftemplate-backtrace-limit=0 to disable ]
/usr/local/lib/R/site-library/RcppEigen/include/Eigen/src/Core/Solve.h:147:26:   required from ‘static void Eigen::internal::Assignment<DstXprType, Eigen::Solve<DecType, RhsType>, Eigen::internal::assign_op<Scalar, Scalar>, Eigen::internal::Dense2Dense>::run(DstXprType&, const SrcXprType&, const Eigen::internal::assign_op<Scalar, Scalar>&) [with DstXprType = Eigen::Block<Eigen::Matrix<double, -1, -1>, -1, 1, true>; DecType = Eigen::LLT<Eigen::Matrix<double, -1, -1>, 1>; RhsType = Eigen::Matrix<double, -1, 1>; Scalar = double; Eigen::internal::Assignment<DstXprType, Eigen::Solve<DecType, RhsType>, Eigen::internal::assign_op<Scalar, Scalar>, Eigen::internal::Dense2Dense>::SrcXprType = Eigen::Solve<Eigen::LLT<Eigen::Matrix<double, -1, -1>, 1>, Eigen::Matrix<double, -1, 1> >]’
/usr/local/lib/R/site-library/RcppEigen/include/Eigen/src/Core/AssignEvaluator.h:890:49:   required from ‘void Eigen::internal::call_assignment_no_alias(Dst&, const Src&, const Func&) [with Dst = Eigen::Block<Eigen::Matrix<double, -1, -1>, -1, 1, true>; Src = Eigen::Solve<Eigen::LLT<Eigen::Matrix<double, -1, -1>, 1>, Eigen::Matrix<double, -1, 1> >; Func = Eigen::internal::assign_op<double, double>]’
/usr/local/lib/R/site-library/RcppEigen/include/Eigen/src/Core/AssignEvaluator.h:858:27:   required from ‘void Eigen::internal::call_assignment(Dst&, const Src&, const Func&, typename Eigen::internal::enable_if<(! Eigen::internal::evaluator_assume_aliasing<Src>::value), void*>::type) [with Dst = Eigen::Block<Eigen::Matrix<double, -1, -1>, -1, 1, true>; Src = Eigen::Solve<Eigen::LLT<Eigen::Matrix<double, -1, -1>, 1>, Eigen::Matrix<double, -1, 1> >; Func = Eigen::internal::assign_op<double, double>; typename Eigen::internal::enable_if<(! Eigen::internal::evaluator_assume_aliasing<Src>::value), void*>::type = void*; typename Eigen::internal::evaluator_traits<SrcXprType>::Shape = Eigen::DenseShape]’
/usr/local/lib/R/site-library/RcppEigen/include/Eigen/src/Core/AssignEvaluator.h:836:18:   required from ‘void Eigen::internal::call_assignment(Dst&, const Src&) [with Dst = Eigen::Block<Eigen::Matrix<double, -1, -1>, -1, 1, true>; Src = Eigen::Solve<Eigen::LLT<Eigen::Matrix<double, -1, -1>, 1>, Eigen::Matrix<double, -1, 1> >]’
/usr/local/lib/R/site-library/RcppEigen/include/Eigen/src/Core/Assign.h:66:28:   required from ‘Derived& Eigen::MatrixBase<Derived>::operator=(const Eigen::DenseBase<OtherDerived>&) [with OtherDerived = Eigen::Solve<Eigen::LLT<Eigen::Matrix<double, -1, -1>, 1>, Eigen::Matrix<double, -1, 1> >; Derived = Eigen::Block<Eigen::Matrix<double, -1, -1>, -1, 1, true>]’
../inst/include/RcppML/project.hpp:133:33:   required from here
/usr/local/lib/R/site-library/RcppEigen/include/Eigen/src/Core/CoreEvaluators.h:1071:54: warning: ignoring attributes on template argument ‘Eigen::internal::packet_traits<double>::type’ {aka ‘__m128d’} [-Wignored-attributes]
g++ -std=gnu++11 -shared -L/usr/lib/R/lib -Wl,-Bsymbolic-functions -flto=auto -ffat-lto-objects -flto=auto -Wl,-z,relro -o RcppML.so RcppExports.o RcppFunctions.o -fopenmp -llapack -lblas -lgfortran -lm -lquadmath -L/usr/lib/R/lib -lR
installing to /usr/local/lib/R/site-library/00LOCK-RcppML/00new/RcppML/libs
** R
** inst
** byte-compile and prepare package for lazy loading
** help
*** installing help indices
** building package indices
** installing vignettes
** testing if installed package can be loaded from temporary location
** checking absolute paths in shared objects and dynamic libraries
** testing if installed package can be loaded from final location
** testing if installed package keeps a record of temporary installation path
* creating tarball
packaged installation of ‘RcppML’ as ‘RcppML_0.3.7_R_x86_64-pc-linux-gnu.tar.gz’
* DONE (RcppML)
* installing *source* package ‘pheatmap’ ...
** this is package ‘pheatmap’ version ‘1.0.12’
** package ‘pheatmap’ successfully unpacked and MD5 sums checked
** using staged installation
** R
** byte-compile and prepare package for lazy loading
** help
*** installing help indices
** building package indices
** testing if installed package can be loaded from temporary location
** testing if installed package can be loaded from final location
** testing if installed package keeps a record of temporary installation path
* creating tarball
packaged installation of ‘pheatmap’ as ‘pheatmap_1.0.12_R_x86_64-pc-linux-gnu.tar.gz’
* DONE (pheatmap)
* installing *source* package ‘fastcluster’ ...
** this is package ‘fastcluster’ version ‘1.3.0’
** package ‘fastcluster’ successfully unpacked and MD5 sums checked
** using staged installation
** libs
using C++ compiler: ‘g++ (Ubuntu 11.4.0-1ubuntu1~22.04) 11.4.0’
g++ -std=gnu++17 -I"/usr/share/R/include" -DNDEBUG       -fpic  -g -O2 -ffile-prefix-map=/build/r-base-rgGXCp/r-base-4.5.0=. -fstack-protector-strong -Wformat -Werror=format-security -Wdate-time -D_FORTIFY_SOURCE=2   -c fastcluster_R.cpp -o fastcluster_R.o
In file included from fastcluster_R.cpp:24:
fastcluster.cpp:53:35: note: ‘#pragma message: Use fenv header.’
   53 | #pragma message("Use fenv header.")
      |                                   ^
g++ -std=gnu++17 -shared -L/usr/lib/R/lib -Wl,-Bsymbolic-functions -flto=auto -ffat-lto-objects -flto=auto -Wl,-z,relro -o fastcluster.so fastcluster_R.o -L/usr/lib/R/lib -lR
installing to /usr/local/lib/R/site-library/00LOCK-fastcluster/00new/fastcluster/libs
** R
** inst
** byte-compile and prepare package for lazy loading
** help
*** installing help indices
** building package indices
** installing vignettes
** testing if installed package can be loaded from temporary location
** checking absolute paths in shared objects and dynamic libraries
** testing if installed package can be loaded from final location
** testing if installed package keeps a record of temporary installation path
* creating tarball
packaged installation of ‘fastcluster’ as ‘fastcluster_1.3.0_R_x86_64-pc-linux-gnu.tar.gz’
* DONE (fastcluster)
* installing *source* package ‘impute’ ...
** this is package ‘impute’ version ‘1.82.0’
** using staged installation
** libs
using Fortran compiler: ‘GNU Fortran (Ubuntu 11.4.0-1ubuntu1~22.04) 11.4.0’
gfortran  -fpic  -g -O2 -ffile-prefix-map=/build/r-base-rgGXCp/r-base-4.5.0=. -fstack-protector-strong  -c knnimpute.f -o knnimpute.o
knnimpute.f:99:72:

   99 | 20                        pos(k1+1) = pos(k1)
      |                                                                             1
Warning: Fortran 2018 deleted feature: DO termination statement which is not END DO or CONTINUE with label 20 at (1)
knnimpute.f:113:72:

  113 | 35                        pos(k1+1) = pos(k1)
      |                                                                             1
Warning: Fortran 2018 deleted feature: DO termination statement which is not END DO or CONTINUE with label 35 at (1)
gcc -shared -L/usr/lib/R/lib -Wl,-Bsymbolic-functions -flto=auto -ffat-lto-objects -flto=auto -Wl,-z,relro -o impute.so knnimpute.o -lgfortran -lm -lquadmath -L/usr/lib/R/lib -lR
installing to /usr/local/lib/R/site-library/00LOCK-impute/00new/impute/libs
** R
** data
** byte-compile and prepare package for lazy loading
** help
*** installing help indices
** building package indices
** testing if installed package can be loaded from temporary location
** checking absolute paths in shared objects and dynamic libraries
** testing if installed package can be loaded from final location
** testing if installed package keeps a record of temporary installation path
* creating tarball
packaged installation of ‘impute’ as ‘impute_1.82.0_R_x86_64-pc-linux-gnu.tar.gz’
* DONE (impute)
* installing *source* package ‘preprocessCore’ ...
** this is package ‘preprocessCore’ version ‘1.70.0’
** using staged installation
'config' variable 'CPP' is defunct
checking for gcc... gcc
checking whether the C compiler works... yes
checking for C compiler default output file name... a.out
checking for suffix of executables... 
checking whether we are cross compiling... no
checking for suffix of object files... o
checking whether we are using the GNU C compiler... yes
checking whether gcc accepts -g... yes
checking for gcc option to accept ISO C89... none needed
checking how to run the C preprocessor... gcc -E
checking for library containing pthread_create... none required
checking for grep that handles long lines and -e... /usr/bin/grep
checking for egrep... /usr/bin/grep -E
checking for ANSI C header files... yes
checking for sys/types.h... yes
checking for sys/stat.h... yes
checking for stdlib.h... yes
checking for string.h... yes
checking for memory.h... yes
checking for strings.h... yes
checking for inttypes.h... yes
checking for stdint.h... yes
checking for unistd.h... yes
checking for stdlib.h... (cached) yes
checking if PTHREAD_STACK_MIN is defined... yes
checking if R is using flexiblas... flexiblas not found. preprocessCore threading will not be disabled
configure: Enabling threading for preprocessCore
configure: creating ./config.status
config.status: creating src/Makevars
** libs
using C compiler: ‘gcc (Ubuntu 11.4.0-1ubuntu1~22.04) 11.4.0’
gcc -I"/usr/share/R/include" -DNDEBUG      -g -O2 -ffile-prefix-map=/build/r-base-rgGXCp/r-base-4.5.0=. -fstack-protector-strong -Wformat -Werror=format-security -Wdate-time -D_FORTIFY_SOURCE=2  -DPACKAGE_NAME=\"\" -DPACKAGE_TARNAME=\"\" -DPACKAGE_VERSION=\"\" -DPACKAGE_STRING=\"\" -DPACKAGE_BUGREPORT=\"\" -DPACKAGE_URL=\"\" -DSTDC_HEADERS=1 -DHAVE_SYS_TYPES_H=1 -DHAVE_SYS_STAT_H=1 -DHAVE_STDLIB_H=1 -DHAVE_STRING_H=1 -DHAVE_MEMORY_H=1 -DHAVE_STRINGS_H=1 -DHAVE_INTTYPES_H=1 -DHAVE_STDINT_H=1 -DHAVE_UNISTD_H=1 -DHAVE_STDLIB_H=1 -DUSE_PTHREADS=1 -fpic  -g -O2 -ffile-prefix-map=/build/r-base-rgGXCp/r-base-4.5.0=. -fstack-protector-strong -Wformat -Werror=format-security -Wdate-time -D_FORTIFY_SOURCE=2  -c R_colSummarize.c -o R_colSummarize.o
gcc -I"/usr/share/R/include" -DNDEBUG      -g -O2 -ffile-prefix-map=/build/r-base-rgGXCp/r-base-4.5.0=. -fstack-protector-strong -Wformat -Werror=format-security -Wdate-time -D_FORTIFY_SOURCE=2  -DPACKAGE_NAME=\"\" -DPACKAGE_TARNAME=\"\" -DPACKAGE_VERSION=\"\" -DPACKAGE_STRING=\"\" -DPACKAGE_BUGREPORT=\"\" -DPACKAGE_URL=\"\" -DSTDC_HEADERS=1 -DHAVE_SYS_TYPES_H=1 -DHAVE_SYS_STAT_H=1 -DHAVE_STDLIB_H=1 -DHAVE_STRING_H=1 -DHAVE_MEMORY_H=1 -DHAVE_STRINGS_H=1 -DHAVE_INTTYPES_H=1 -DHAVE_STDINT_H=1 -DHAVE_UNISTD_H=1 -DHAVE_STDLIB_H=1 -DUSE_PTHREADS=1 -fpic  -g -O2 -ffile-prefix-map=/build/r-base-rgGXCp/r-base-4.5.0=. -fstack-protector-strong -Wformat -Werror=format-security -Wdate-time -D_FORTIFY_SOURCE=2  -c R_plmd_interfaces.c -o R_plmd_interfaces.o
gcc -I"/usr/share/R/include" -DNDEBUG      -g -O2 -ffile-prefix-map=/build/r-base-rgGXCp/r-base-4.5.0=. -fstack-protector-strong -Wformat -Werror=format-security -Wdate-time -D_FORTIFY_SOURCE=2  -DPACKAGE_NAME=\"\" -DPACKAGE_TARNAME=\"\" -DPACKAGE_VERSION=\"\" -DPACKAGE_STRING=\"\" -DPACKAGE_BUGREPORT=\"\" -DPACKAGE_URL=\"\" -DSTDC_HEADERS=1 -DHAVE_SYS_TYPES_H=1 -DHAVE_SYS_STAT_H=1 -DHAVE_STDLIB_H=1 -DHAVE_STRING_H=1 -DHAVE_MEMORY_H=1 -DHAVE_STRINGS_H=1 -DHAVE_INTTYPES_H=1 -DHAVE_STDINT_H=1 -DHAVE_UNISTD_H=1 -DHAVE_STDLIB_H=1 -DUSE_PTHREADS=1 -fpic  -g -O2 -ffile-prefix-map=/build/r-base-rgGXCp/r-base-4.5.0=. -fstack-protector-strong -Wformat -Werror=format-security -Wdate-time -D_FORTIFY_SOURCE=2  -c R_plmr_interfaces.c -o R_plmr_interfaces.o
gcc -I"/usr/share/R/include" -DNDEBUG      -g -O2 -ffile-prefix-map=/build/r-base-rgGXCp/r-base-4.5.0=. -fstack-protector-strong -Wformat -Werror=format-security -Wdate-time -D_FORTIFY_SOURCE=2  -DPACKAGE_NAME=\"\" -DPACKAGE_TARNAME=\"\" -DPACKAGE_VERSION=\"\" -DPACKAGE_STRING=\"\" -DPACKAGE_BUGREPORT=\"\" -DPACKAGE_URL=\"\" -DSTDC_HEADERS=1 -DHAVE_SYS_TYPES_H=1 -DHAVE_SYS_STAT_H=1 -DHAVE_STDLIB_H=1 -DHAVE_STRING_H=1 -DHAVE_MEMORY_H=1 -DHAVE_STRINGS_H=1 -DHAVE_INTTYPES_H=1 -DHAVE_STDINT_H=1 -DHAVE_UNISTD_H=1 -DHAVE_STDLIB_H=1 -DUSE_PTHREADS=1 -fpic  -g -O2 -ffile-prefix-map=/build/r-base-rgGXCp/r-base-4.5.0=. -fstack-protector-strong -Wformat -Werror=format-security -Wdate-time -D_FORTIFY_SOURCE=2  -c R_rlm_interfaces.c -o R_rlm_interfaces.o
gcc -I"/usr/share/R/include" -DNDEBUG      -g -O2 -ffile-prefix-map=/build/r-base-rgGXCp/r-base-4.5.0=. -fstack-protector-strong -Wformat -Werror=format-security -Wdate-time -D_FORTIFY_SOURCE=2  -DPACKAGE_NAME=\"\" -DPACKAGE_TARNAME=\"\" -DPACKAGE_VERSION=\"\" -DPACKAGE_STRING=\"\" -DPACKAGE_BUGREPORT=\"\" -DPACKAGE_URL=\"\" -DSTDC_HEADERS=1 -DHAVE_SYS_TYPES_H=1 -DHAVE_SYS_STAT_H=1 -DHAVE_STDLIB_H=1 -DHAVE_STRING_H=1 -DHAVE_MEMORY_H=1 -DHAVE_STRINGS_H=1 -DHAVE_INTTYPES_H=1 -DHAVE_STDINT_H=1 -DHAVE_UNISTD_H=1 -DHAVE_STDLIB_H=1 -DUSE_PTHREADS=1 -fpic  -g -O2 -ffile-prefix-map=/build/r-base-rgGXCp/r-base-4.5.0=. -fstack-protector-strong -Wformat -Werror=format-security -Wdate-time -D_FORTIFY_SOURCE=2  -c R_subColSummarize.c -o R_subColSummarize.o
gcc -I"/usr/share/R/include" -DNDEBUG      -g -O2 -ffile-prefix-map=/build/r-base-rgGXCp/r-base-4.5.0=. -fstack-protector-strong -Wformat -Werror=format-security -Wdate-time -D_FORTIFY_SOURCE=2  -DPACKAGE_NAME=\"\" -DPACKAGE_TARNAME=\"\" -DPACKAGE_VERSION=\"\" -DPACKAGE_STRING=\"\" -DPACKAGE_BUGREPORT=\"\" -DPACKAGE_URL=\"\" -DSTDC_HEADERS=1 -DHAVE_SYS_TYPES_H=1 -DHAVE_SYS_STAT_H=1 -DHAVE_STDLIB_H=1 -DHAVE_STRING_H=1 -DHAVE_MEMORY_H=1 -DHAVE_STRINGS_H=1 -DHAVE_INTTYPES_H=1 -DHAVE_STDINT_H=1 -DHAVE_UNISTD_H=1 -DHAVE_STDLIB_H=1 -DUSE_PTHREADS=1 -fpic  -g -O2 -ffile-prefix-map=/build/r-base-rgGXCp/r-base-4.5.0=. -fstack-protector-strong -Wformat -Werror=format-security -Wdate-time -D_FORTIFY_SOURCE=2  -c R_subrcModel_interfaces.c -o R_subrcModel_interfaces.o
gcc -I"/usr/share/R/include" -DNDEBUG      -g -O2 -ffile-prefix-map=/build/r-base-rgGXCp/r-base-4.5.0=. -fstack-protector-strong -Wformat -Werror=format-security -Wdate-time -D_FORTIFY_SOURCE=2  -DPACKAGE_NAME=\"\" -DPACKAGE_TARNAME=\"\" -DPACKAGE_VERSION=\"\" -DPACKAGE_STRING=\"\" -DPACKAGE_BUGREPORT=\"\" -DPACKAGE_URL=\"\" -DSTDC_HEADERS=1 -DHAVE_SYS_TYPES_H=1 -DHAVE_SYS_STAT_H=1 -DHAVE_STDLIB_H=1 -DHAVE_STRING_H=1 -DHAVE_MEMORY_H=1 -DHAVE_STRINGS_H=1 -DHAVE_INTTYPES_H=1 -DHAVE_STDINT_H=1 -DHAVE_UNISTD_H=1 -DHAVE_STDLIB_H=1 -DUSE_PTHREADS=1 -fpic  -g -O2 -ffile-prefix-map=/build/r-base-rgGXCp/r-base-4.5.0=. -fstack-protector-strong -Wformat -Werror=format-security -Wdate-time -D_FORTIFY_SOURCE=2  -c avg.c -o avg.o
gcc -I"/usr/share/R/include" -DNDEBUG      -g -O2 -ffile-prefix-map=/build/r-base-rgGXCp/r-base-4.5.0=. -fstack-protector-strong -Wformat -Werror=format-security -Wdate-time -D_FORTIFY_SOURCE=2  -DPACKAGE_NAME=\"\" -DPACKAGE_TARNAME=\"\" -DPACKAGE_VERSION=\"\" -DPACKAGE_STRING=\"\" -DPACKAGE_BUGREPORT=\"\" -DPACKAGE_URL=\"\" -DSTDC_HEADERS=1 -DHAVE_SYS_TYPES_H=1 -DHAVE_SYS_STAT_H=1 -DHAVE_STDLIB_H=1 -DHAVE_STRING_H=1 -DHAVE_MEMORY_H=1 -DHAVE_STRINGS_H=1 -DHAVE_INTTYPES_H=1 -DHAVE_STDINT_H=1 -DHAVE_UNISTD_H=1 -DHAVE_STDLIB_H=1 -DUSE_PTHREADS=1 -fpic  -g -O2 -ffile-prefix-map=/build/r-base-rgGXCp/r-base-4.5.0=. -fstack-protector-strong -Wformat -Werror=format-security -Wdate-time -D_FORTIFY_SOURCE=2  -c avg_log.c -o avg_log.o
gcc -I"/usr/share/R/include" -DNDEBUG      -g -O2 -ffile-prefix-map=/build/r-base-rgGXCp/r-base-4.5.0=. -fstack-protector-strong -Wformat -Werror=format-security -Wdate-time -D_FORTIFY_SOURCE=2  -DPACKAGE_NAME=\"\" -DPACKAGE_TARNAME=\"\" -DPACKAGE_VERSION=\"\" -DPACKAGE_STRING=\"\" -DPACKAGE_BUGREPORT=\"\" -DPACKAGE_URL=\"\" -DSTDC_HEADERS=1 -DHAVE_SYS_TYPES_H=1 -DHAVE_SYS_STAT_H=1 -DHAVE_STDLIB_H=1 -DHAVE_STRING_H=1 -DHAVE_MEMORY_H=1 -DHAVE_STRINGS_H=1 -DHAVE_INTTYPES_H=1 -DHAVE_STDINT_H=1 -DHAVE_UNISTD_H=1 -DHAVE_STDLIB_H=1 -DUSE_PTHREADS=1 -fpic  -g -O2 -ffile-prefix-map=/build/r-base-rgGXCp/r-base-4.5.0=. -fstack-protector-strong -Wformat -Werror=format-security -Wdate-time -D_FORTIFY_SOURCE=2  -c biweight.c -o biweight.o
gcc -I"/usr/share/R/include" -DNDEBUG      -g -O2 -ffile-prefix-map=/build/r-base-rgGXCp/r-base-4.5.0=. -fstack-protector-strong -Wformat -Werror=format-security -Wdate-time -D_FORTIFY_SOURCE=2  -DPACKAGE_NAME=\"\" -DPACKAGE_TARNAME=\"\" -DPACKAGE_VERSION=\"\" -DPACKAGE_STRING=\"\" -DPACKAGE_BUGREPORT=\"\" -DPACKAGE_URL=\"\" -DSTDC_HEADERS=1 -DHAVE_SYS_TYPES_H=1 -DHAVE_SYS_STAT_H=1 -DHAVE_STDLIB_H=1 -DHAVE_STRING_H=1 -DHAVE_MEMORY_H=1 -DHAVE_STRINGS_H=1 -DHAVE_INTTYPES_H=1 -DHAVE_STDINT_H=1 -DHAVE_UNISTD_H=1 -DHAVE_STDLIB_H=1 -DUSE_PTHREADS=1 -fpic  -g -O2 -ffile-prefix-map=/build/r-base-rgGXCp/r-base-4.5.0=. -fstack-protector-strong -Wformat -Werror=format-security -Wdate-time -D_FORTIFY_SOURCE=2  -c init_package.c -o init_package.o
gcc -I"/usr/share/R/include" -DNDEBUG      -g -O2 -ffile-prefix-map=/build/r-base-rgGXCp/r-base-4.5.0=. -fstack-protector-strong -Wformat -Werror=format-security -Wdate-time -D_FORTIFY_SOURCE=2  -DPACKAGE_NAME=\"\" -DPACKAGE_TARNAME=\"\" -DPACKAGE_VERSION=\"\" -DPACKAGE_STRING=\"\" -DPACKAGE_BUGREPORT=\"\" -DPACKAGE_URL=\"\" -DSTDC_HEADERS=1 -DHAVE_SYS_TYPES_H=1 -DHAVE_SYS_STAT_H=1 -DHAVE_STDLIB_H=1 -DHAVE_STRING_H=1 -DHAVE_MEMORY_H=1 -DHAVE_STRINGS_H=1 -DHAVE_INTTYPES_H=1 -DHAVE_STDINT_H=1 -DHAVE_UNISTD_H=1 -DHAVE_STDLIB_H=1 -DUSE_PTHREADS=1 -fpic  -g -O2 -ffile-prefix-map=/build/r-base-rgGXCp/r-base-4.5.0=. -fstack-protector-strong -Wformat -Werror=format-security -Wdate-time -D_FORTIFY_SOURCE=2  -c lm.c -o lm.o
gcc -I"/usr/share/R/include" -DNDEBUG      -g -O2 -ffile-prefix-map=/build/r-base-rgGXCp/r-base-4.5.0=. -fstack-protector-strong -Wformat -Werror=format-security -Wdate-time -D_FORTIFY_SOURCE=2  -DPACKAGE_NAME=\"\" -DPACKAGE_TARNAME=\"\" -DPACKAGE_VERSION=\"\" -DPACKAGE_STRING=\"\" -DPACKAGE_BUGREPORT=\"\" -DPACKAGE_URL=\"\" -DSTDC_HEADERS=1 -DHAVE_SYS_TYPES_H=1 -DHAVE_SYS_STAT_H=1 -DHAVE_STDLIB_H=1 -DHAVE_STRING_H=1 -DHAVE_MEMORY_H=1 -DHAVE_STRINGS_H=1 -DHAVE_INTTYPES_H=1 -DHAVE_STDINT_H=1 -DHAVE_UNISTD_H=1 -DHAVE_STDLIB_H=1 -DUSE_PTHREADS=1 -fpic  -g -O2 -ffile-prefix-map=/build/r-base-rgGXCp/r-base-4.5.0=. -fstack-protector-strong -Wformat -Werror=format-security -Wdate-time -D_FORTIFY_SOURCE=2  -c log_avg.c -o log_avg.o
gcc -I"/usr/share/R/include" -DNDEBUG      -g -O2 -ffile-prefix-map=/build/r-base-rgGXCp/r-base-4.5.0=. -fstack-protector-strong -Wformat -Werror=format-security -Wdate-time -D_FORTIFY_SOURCE=2  -DPACKAGE_NAME=\"\" -DPACKAGE_TARNAME=\"\" -DPACKAGE_VERSION=\"\" -DPACKAGE_STRING=\"\" -DPACKAGE_BUGREPORT=\"\" -DPACKAGE_URL=\"\" -DSTDC_HEADERS=1 -DHAVE_SYS_TYPES_H=1 -DHAVE_SYS_STAT_H=1 -DHAVE_STDLIB_H=1 -DHAVE_STRING_H=1 -DHAVE_MEMORY_H=1 -DHAVE_STRINGS_H=1 -DHAVE_INTTYPES_H=1 -DHAVE_STDINT_H=1 -DHAVE_UNISTD_H=1 -DHAVE_STDLIB_H=1 -DUSE_PTHREADS=1 -fpic  -g -O2 -ffile-prefix-map=/build/r-base-rgGXCp/r-base-4.5.0=. -fstack-protector-strong -Wformat -Werror=format-security -Wdate-time -D_FORTIFY_SOURCE=2  -c log_median.c -o log_median.o
gcc -I"/usr/share/R/include" -DNDEBUG      -g -O2 -ffile-prefix-map=/build/r-base-rgGXCp/r-base-4.5.0=. -fstack-protector-strong -Wformat -Werror=format-security -Wdate-time -D_FORTIFY_SOURCE=2  -DPACKAGE_NAME=\"\" -DPACKAGE_TARNAME=\"\" -DPACKAGE_VERSION=\"\" -DPACKAGE_STRING=\"\" -DPACKAGE_BUGREPORT=\"\" -DPACKAGE_URL=\"\" -DSTDC_HEADERS=1 -DHAVE_SYS_TYPES_H=1 -DHAVE_SYS_STAT_H=1 -DHAVE_STDLIB_H=1 -DHAVE_STRING_H=1 -DHAVE_MEMORY_H=1 -DHAVE_STRINGS_H=1 -DHAVE_INTTYPES_H=1 -DHAVE_STDINT_H=1 -DHAVE_UNISTD_H=1 -DHAVE_STDLIB_H=1 -DUSE_PTHREADS=1 -fpic  -g -O2 -ffile-prefix-map=/build/r-base-rgGXCp/r-base-4.5.0=. -fstack-protector-strong -Wformat -Werror=format-security -Wdate-time -D_FORTIFY_SOURCE=2  -c matrix_functions.c -o matrix_functions.o
gcc -I"/usr/share/R/include" -DNDEBUG      -g -O2 -ffile-prefix-map=/build/r-base-rgGXCp/r-base-4.5.0=. -fstack-protector-strong -Wformat -Werror=format-security -Wdate-time -D_FORTIFY_SOURCE=2  -DPACKAGE_NAME=\"\" -DPACKAGE_TARNAME=\"\" -DPACKAGE_VERSION=\"\" -DPACKAGE_STRING=\"\" -DPACKAGE_BUGREPORT=\"\" -DPACKAGE_URL=\"\" -DSTDC_HEADERS=1 -DHAVE_SYS_TYPES_H=1 -DHAVE_SYS_STAT_H=1 -DHAVE_STDLIB_H=1 -DHAVE_STRING_H=1 -DHAVE_MEMORY_H=1 -DHAVE_STRINGS_H=1 -DHAVE_INTTYPES_H=1 -DHAVE_STDINT_H=1 -DHAVE_UNISTD_H=1 -DHAVE_STDLIB_H=1 -DUSE_PTHREADS=1 -fpic  -g -O2 -ffile-prefix-map=/build/r-base-rgGXCp/r-base-4.5.0=. -fstack-protector-strong -Wformat -Werror=format-security -Wdate-time -D_FORTIFY_SOURCE=2  -c median.c -o median.o
gcc -I"/usr/share/R/include" -DNDEBUG      -g -O2 -ffile-prefix-map=/build/r-base-rgGXCp/r-base-4.5.0=. -fstack-protector-strong -Wformat -Werror=format-security -Wdate-time -D_FORTIFY_SOURCE=2  -DPACKAGE_NAME=\"\" -DPACKAGE_TARNAME=\"\" -DPACKAGE_VERSION=\"\" -DPACKAGE_STRING=\"\" -DPACKAGE_BUGREPORT=\"\" -DPACKAGE_URL=\"\" -DSTDC_HEADERS=1 -DHAVE_SYS_TYPES_H=1 -DHAVE_SYS_STAT_H=1 -DHAVE_STDLIB_H=1 -DHAVE_STRING_H=1 -DHAVE_MEMORY_H=1 -DHAVE_STRINGS_H=1 -DHAVE_INTTYPES_H=1 -DHAVE_STDINT_H=1 -DHAVE_UNISTD_H=1 -DHAVE_STDLIB_H=1 -DUSE_PTHREADS=1 -fpic  -g -O2 -ffile-prefix-map=/build/r-base-rgGXCp/r-base-4.5.0=. -fstack-protector-strong -Wformat -Werror=format-security -Wdate-time -D_FORTIFY_SOURCE=2  -c median_log.c -o median_log.o
gcc -I"/usr/share/R/include" -DNDEBUG      -g -O2 -ffile-prefix-map=/build/r-base-rgGXCp/r-base-4.5.0=. -fstack-protector-strong -Wformat -Werror=format-security -Wdate-time -D_FORTIFY_SOURCE=2  -DPACKAGE_NAME=\"\" -DPACKAGE_TARNAME=\"\" -DPACKAGE_VERSION=\"\" -DPACKAGE_STRING=\"\" -DPACKAGE_BUGREPORT=\"\" -DPACKAGE_URL=\"\" -DSTDC_HEADERS=1 -DHAVE_SYS_TYPES_H=1 -DHAVE_SYS_STAT_H=1 -DHAVE_STDLIB_H=1 -DHAVE_STRING_H=1 -DHAVE_MEMORY_H=1 -DHAVE_STRINGS_H=1 -DHAVE_INTTYPES_H=1 -DHAVE_STDINT_H=1 -DHAVE_UNISTD_H=1 -DHAVE_STDLIB_H=1 -DUSE_PTHREADS=1 -fpic  -g -O2 -ffile-prefix-map=/build/r-base-rgGXCp/r-base-4.5.0=. -fstack-protector-strong -Wformat -Werror=format-security -Wdate-time -D_FORTIFY_SOURCE=2  -c medianpolish.c -o medianpolish.o
gcc -I"/usr/share/R/include" -DNDEBUG      -g -O2 -ffile-prefix-map=/build/r-base-rgGXCp/r-base-4.5.0=. -fstack-protector-strong -Wformat -Werror=format-security -Wdate-time -D_FORTIFY_SOURCE=2  -DPACKAGE_NAME=\"\" -DPACKAGE_TARNAME=\"\" -DPACKAGE_VERSION=\"\" -DPACKAGE_STRING=\"\" -DPACKAGE_BUGREPORT=\"\" -DPACKAGE_URL=\"\" -DSTDC_HEADERS=1 -DHAVE_SYS_TYPES_H=1 -DHAVE_SYS_STAT_H=1 -DHAVE_STDLIB_H=1 -DHAVE_STRING_H=1 -DHAVE_MEMORY_H=1 -DHAVE_STRINGS_H=1 -DHAVE_INTTYPES_H=1 -DHAVE_STDINT_H=1 -DHAVE_UNISTD_H=1 -DHAVE_STDLIB_H=1 -DUSE_PTHREADS=1 -fpic  -g -O2 -ffile-prefix-map=/build/r-base-rgGXCp/r-base-4.5.0=. -fstack-protector-strong -Wformat -Werror=format-security -Wdate-time -D_FORTIFY_SOURCE=2  -c plmd.c -o plmd.o
gcc -I"/usr/share/R/include" -DNDEBUG      -g -O2 -ffile-prefix-map=/build/r-base-rgGXCp/r-base-4.5.0=. -fstack-protector-strong -Wformat -Werror=format-security -Wdate-time -D_FORTIFY_SOURCE=2  -DPACKAGE_NAME=\"\" -DPACKAGE_TARNAME=\"\" -DPACKAGE_VERSION=\"\" -DPACKAGE_STRING=\"\" -DPACKAGE_BUGREPORT=\"\" -DPACKAGE_URL=\"\" -DSTDC_HEADERS=1 -DHAVE_SYS_TYPES_H=1 -DHAVE_SYS_STAT_H=1 -DHAVE_STDLIB_H=1 -DHAVE_STRING_H=1 -DHAVE_MEMORY_H=1 -DHAVE_STRINGS_H=1 -DHAVE_INTTYPES_H=1 -DHAVE_STDINT_H=1 -DHAVE_UNISTD_H=1 -DHAVE_STDLIB_H=1 -DUSE_PTHREADS=1 -fpic  -g -O2 -ffile-prefix-map=/build/r-base-rgGXCp/r-base-4.5.0=. -fstack-protector-strong -Wformat -Werror=format-security -Wdate-time -D_FORTIFY_SOURCE=2  -c plmr.c -o plmr.o
gcc -I"/usr/share/R/include" -DNDEBUG      -g -O2 -ffile-prefix-map=/build/r-base-rgGXCp/r-base-4.5.0=. -fstack-protector-strong -Wformat -Werror=format-security -Wdate-time -D_FORTIFY_SOURCE=2  -DPACKAGE_NAME=\"\" -DPACKAGE_TARNAME=\"\" -DPACKAGE_VERSION=\"\" -DPACKAGE_STRING=\"\" -DPACKAGE_BUGREPORT=\"\" -DPACKAGE_URL=\"\" -DSTDC_HEADERS=1 -DHAVE_SYS_TYPES_H=1 -DHAVE_SYS_STAT_H=1 -DHAVE_STDLIB_H=1 -DHAVE_STRING_H=1 -DHAVE_MEMORY_H=1 -DHAVE_STRINGS_H=1 -DHAVE_INTTYPES_H=1 -DHAVE_STDINT_H=1 -DHAVE_UNISTD_H=1 -DHAVE_STDLIB_H=1 -DUSE_PTHREADS=1 -fpic  -g -O2 -ffile-prefix-map=/build/r-base-rgGXCp/r-base-4.5.0=. -fstack-protector-strong -Wformat -Werror=format-security -Wdate-time -D_FORTIFY_SOURCE=2  -c psi_fns.c -o psi_fns.o
gcc -I"/usr/share/R/include" -DNDEBUG      -g -O2 -ffile-prefix-map=/build/r-base-rgGXCp/r-base-4.5.0=. -fstack-protector-strong -Wformat -Werror=format-security -Wdate-time -D_FORTIFY_SOURCE=2  -DPACKAGE_NAME=\"\" -DPACKAGE_TARNAME=\"\" -DPACKAGE_VERSION=\"\" -DPACKAGE_STRING=\"\" -DPACKAGE_BUGREPORT=\"\" -DPACKAGE_URL=\"\" -DSTDC_HEADERS=1 -DHAVE_SYS_TYPES_H=1 -DHAVE_SYS_STAT_H=1 -DHAVE_STDLIB_H=1 -DHAVE_STRING_H=1 -DHAVE_MEMORY_H=1 -DHAVE_STRINGS_H=1 -DHAVE_INTTYPES_H=1 -DHAVE_STDINT_H=1 -DHAVE_UNISTD_H=1 -DHAVE_STDLIB_H=1 -DUSE_PTHREADS=1 -fpic  -g -O2 -ffile-prefix-map=/build/r-base-rgGXCp/r-base-4.5.0=. -fstack-protector-strong -Wformat -Werror=format-security -Wdate-time -D_FORTIFY_SOURCE=2  -c qnorm.c -o qnorm.o
qnorm.c: In function ‘qnorm_c_l’:
qnorm.c:595:63: warning: format ‘%d’ expects argument of type ‘int’, but argument 2 has type ‘size_t’ {aka ‘long unsigned int’} [-Wformat=]
  595 |          error("ERROR; return code from pthread_join(thread #%d) is %d, exit status for thread was %d\n",
      |                                                              ~^
      |                                                               |
      |                                                               int
      |                                                              %ld
  596 |                i, returnCode, *((int *) status));
      |                ~                                               
      |                |
      |                size_t {aka long unsigned int}
qnorm.c:616:63: warning: format ‘%d’ expects argument of type ‘int’, but argument 2 has type ‘size_t’ {aka ‘long unsigned int’} [-Wformat=]
  616 |          error("ERROR; return code from pthread_join(thread #%d) is %d, exit status for thread was %d\n",
      |                                                              ~^
      |                                                               |
      |                                                               int
      |                                                              %ld
  617 |                i, returnCode, *((int *) status));
      |                ~                                               
      |                |
      |                size_t {aka long unsigned int}
qnorm.c: In function ‘qnorm_c_determine_target_l’:
qnorm.c:2004:63: warning: format ‘%d’ expects argument of type ‘int’, but argument 2 has type ‘size_t’ {aka ‘long unsigned int’} [-Wformat=]
 2004 |          error("ERROR; return code from pthread_join(thread #%d) is %d, exit status for thread was %d\n",
      |                                                              ~^
      |                                                               |
      |                                                               int
      |                                                              %ld
 2005 |                i, returnCode, *((int *) status));
      |                ~                                               
      |                |
      |                size_t {aka long unsigned int}
qnorm.c: In function ‘qnorm_c_determine_target_via_subset_l’:
qnorm.c:2604:63: warning: format ‘%d’ expects argument of type ‘int’, but argument 2 has type ‘size_t’ {aka ‘long unsigned int’} [-Wformat=]
 2604 |          error("ERROR; return code from pthread_join(thread #%d) is %d, exit status for thread was %d\n",
      |                                                              ~^
      |                                                               |
      |                                                               int
      |                                                              %ld
 2605 |                i, returnCode, *((int *) status));
      |                ~                                               
      |                |
      |                size_t {aka long unsigned int}
gcc -I"/usr/share/R/include" -DNDEBUG      -g -O2 -ffile-prefix-map=/build/r-base-rgGXCp/r-base-4.5.0=. -fstack-protector-strong -Wformat -Werror=format-security -Wdate-time -D_FORTIFY_SOURCE=2  -DPACKAGE_NAME=\"\" -DPACKAGE_TARNAME=\"\" -DPACKAGE_VERSION=\"\" -DPACKAGE_STRING=\"\" -DPACKAGE_BUGREPORT=\"\" -DPACKAGE_URL=\"\" -DSTDC_HEADERS=1 -DHAVE_SYS_TYPES_H=1 -DHAVE_SYS_STAT_H=1 -DHAVE_STDLIB_H=1 -DHAVE_STRING_H=1 -DHAVE_MEMORY_H=1 -DHAVE_STRINGS_H=1 -DHAVE_INTTYPES_H=1 -DHAVE_STDINT_H=1 -DHAVE_UNISTD_H=1 -DHAVE_STDLIB_H=1 -DUSE_PTHREADS=1 -fpic  -g -O2 -ffile-prefix-map=/build/r-base-rgGXCp/r-base-4.5.0=. -fstack-protector-strong -Wformat -Werror=format-security -Wdate-time -D_FORTIFY_SOURCE=2  -c rlm.c -o rlm.o
gcc -I"/usr/share/R/include" -DNDEBUG      -g -O2 -ffile-prefix-map=/build/r-base-rgGXCp/r-base-4.5.0=. -fstack-protector-strong -Wformat -Werror=format-security -Wdate-time -D_FORTIFY_SOURCE=2  -DPACKAGE_NAME=\"\" -DPACKAGE_TARNAME=\"\" -DPACKAGE_VERSION=\"\" -DPACKAGE_STRING=\"\" -DPACKAGE_BUGREPORT=\"\" -DPACKAGE_URL=\"\" -DSTDC_HEADERS=1 -DHAVE_SYS_TYPES_H=1 -DHAVE_SYS_STAT_H=1 -DHAVE_STDLIB_H=1 -DHAVE_STRING_H=1 -DHAVE_MEMORY_H=1 -DHAVE_STRINGS_H=1 -DHAVE_INTTYPES_H=1 -DHAVE_STDINT_H=1 -DHAVE_UNISTD_H=1 -DHAVE_STDLIB_H=1 -DUSE_PTHREADS=1 -fpic  -g -O2 -ffile-prefix-map=/build/r-base-rgGXCp/r-base-4.5.0=. -fstack-protector-strong -Wformat -Werror=format-security -Wdate-time -D_FORTIFY_SOURCE=2  -c rlm_anova.c -o rlm_anova.o
gcc -I"/usr/share/R/include" -DNDEBUG      -g -O2 -ffile-prefix-map=/build/r-base-rgGXCp/r-base-4.5.0=. -fstack-protector-strong -Wformat -Werror=format-security -Wdate-time -D_FORTIFY_SOURCE=2  -DPACKAGE_NAME=\"\" -DPACKAGE_TARNAME=\"\" -DPACKAGE_VERSION=\"\" -DPACKAGE_STRING=\"\" -DPACKAGE_BUGREPORT=\"\" -DPACKAGE_URL=\"\" -DSTDC_HEADERS=1 -DHAVE_SYS_TYPES_H=1 -DHAVE_SYS_STAT_H=1 -DHAVE_STDLIB_H=1 -DHAVE_STRING_H=1 -DHAVE_MEMORY_H=1 -DHAVE_STRINGS_H=1 -DHAVE_INTTYPES_H=1 -DHAVE_STDINT_H=1 -DHAVE_UNISTD_H=1 -DHAVE_STDLIB_H=1 -DUSE_PTHREADS=1 -fpic  -g -O2 -ffile-prefix-map=/build/r-base-rgGXCp/r-base-4.5.0=. -fstack-protector-strong -Wformat -Werror=format-security -Wdate-time -D_FORTIFY_SOURCE=2  -c rlm_se.c -o rlm_se.o
gcc -I"/usr/share/R/include" -DNDEBUG      -g -O2 -ffile-prefix-map=/build/r-base-rgGXCp/r-base-4.5.0=. -fstack-protector-strong -Wformat -Werror=format-security -Wdate-time -D_FORTIFY_SOURCE=2  -DPACKAGE_NAME=\"\" -DPACKAGE_TARNAME=\"\" -DPACKAGE_VERSION=\"\" -DPACKAGE_STRING=\"\" -DPACKAGE_BUGREPORT=\"\" -DPACKAGE_URL=\"\" -DSTDC_HEADERS=1 -DHAVE_SYS_TYPES_H=1 -DHAVE_SYS_STAT_H=1 -DHAVE_STDLIB_H=1 -DHAVE_STRING_H=1 -DHAVE_MEMORY_H=1 -DHAVE_STRINGS_H=1 -DHAVE_INTTYPES_H=1 -DHAVE_STDINT_H=1 -DHAVE_UNISTD_H=1 -DHAVE_STDLIB_H=1 -DUSE_PTHREADS=1 -fpic  -g -O2 -ffile-prefix-map=/build/r-base-rgGXCp/r-base-4.5.0=. -fstack-protector-strong -Wformat -Werror=format-security -Wdate-time -D_FORTIFY_SOURCE=2  -c rma_background4.c -o rma_background4.o
gcc -I"/usr/share/R/include" -DNDEBUG      -g -O2 -ffile-prefix-map=/build/r-base-rgGXCp/r-base-4.5.0=. -fstack-protector-strong -Wformat -Werror=format-security -Wdate-time -D_FORTIFY_SOURCE=2  -DPACKAGE_NAME=\"\" -DPACKAGE_TARNAME=\"\" -DPACKAGE_VERSION=\"\" -DPACKAGE_STRING=\"\" -DPACKAGE_BUGREPORT=\"\" -DPACKAGE_URL=\"\" -DSTDC_HEADERS=1 -DHAVE_SYS_TYPES_H=1 -DHAVE_SYS_STAT_H=1 -DHAVE_STDLIB_H=1 -DHAVE_STRING_H=1 -DHAVE_MEMORY_H=1 -DHAVE_STRINGS_H=1 -DHAVE_INTTYPES_H=1 -DHAVE_STDINT_H=1 -DHAVE_UNISTD_H=1 -DHAVE_STDLIB_H=1 -DUSE_PTHREADS=1 -fpic  -g -O2 -ffile-prefix-map=/build/r-base-rgGXCp/r-base-4.5.0=. -fstack-protector-strong -Wformat -Werror=format-security -Wdate-time -D_FORTIFY_SOURCE=2  -c rma_common.c -o rma_common.o
gcc -I"/usr/share/R/include" -DNDEBUG      -g -O2 -ffile-prefix-map=/build/r-base-rgGXCp/r-base-4.5.0=. -fstack-protector-strong -Wformat -Werror=format-security -Wdate-time -D_FORTIFY_SOURCE=2  -DPACKAGE_NAME=\"\" -DPACKAGE_TARNAME=\"\" -DPACKAGE_VERSION=\"\" -DPACKAGE_STRING=\"\" -DPACKAGE_BUGREPORT=\"\" -DPACKAGE_URL=\"\" -DSTDC_HEADERS=1 -DHAVE_SYS_TYPES_H=1 -DHAVE_SYS_STAT_H=1 -DHAVE_STDLIB_H=1 -DHAVE_STRING_H=1 -DHAVE_MEMORY_H=1 -DHAVE_STRINGS_H=1 -DHAVE_INTTYPES_H=1 -DHAVE_STDINT_H=1 -DHAVE_UNISTD_H=1 -DHAVE_STDLIB_H=1 -DUSE_PTHREADS=1 -fpic  -g -O2 -ffile-prefix-map=/build/r-base-rgGXCp/r-base-4.5.0=. -fstack-protector-strong -Wformat -Werror=format-security -Wdate-time -D_FORTIFY_SOURCE=2  -c weightedkerneldensity.c -o weightedkerneldensity.o
gcc -shared -L/usr/lib/R/lib -Wl,-Bsymbolic-functions -flto=auto -ffat-lto-objects -flto=auto -Wl,-z,relro -o preprocessCore.so R_colSummarize.o R_plmd_interfaces.o R_plmr_interfaces.o R_rlm_interfaces.o R_subColSummarize.o R_subrcModel_interfaces.o avg.o avg_log.o biweight.o init_package.o lm.o log_avg.o log_median.o matrix_functions.o median.o median_log.o medianpolish.o plmd.o plmr.o psi_fns.o qnorm.o rlm.o rlm_anova.o rlm_se.o rma_background4.o rma_common.o weightedkerneldensity.o -llapack -lblas -lgfortran -lm -lquadmath -L/usr/lib/R/lib -lR
installing to /usr/local/lib/R/site-library/00LOCK-preprocessCore/00new/preprocessCore/libs
** R
** inst
** byte-compile and prepare package for lazy loading
** help
*** installing help indices
** building package indices
** testing if installed package can be loaded from temporary location
** checking absolute paths in shared objects and dynamic libraries
** testing if installed package can be loaded from final location
** testing if installed package keeps a record of temporary installation path
* creating tarball
packaged installation of ‘preprocessCore’ as ‘preprocessCore_1.70.0_R_x86_64-pc-linux-gnu.tar.gz’
* DONE (preprocessCore)
* installing *source* package ‘GO.db’ ...
** this is package ‘GO.db’ version ‘3.21.0’
** using staged installation
** R
** inst
** byte-compile and prepare package for lazy loading
** help
*** installing help indices
** building package indices
** testing if installed package can be loaded from temporary location
** testing if installed package can be loaded from final location
** testing if installed package keeps a record of temporary installation path
* creating tarball
packaged installation of ‘GO.db’ as ‘GO.db_3.21.0_R_x86_64-pc-linux-gnu.tar.gz’
* DONE (GO.db)
* installing *source* package ‘rJava’ ...
** this is package ‘rJava’ version ‘1.0-11’
** package ‘rJava’ successfully unpacked and MD5 sums checked
** using staged installation
checking for gcc... gcc
checking whether the C compiler works... yes
checking for C compiler default output file name... a.out
checking for suffix of executables... 
checking whether we are cross compiling... no
checking for suffix of object files... o
checking whether we are using the GNU C compiler... yes
checking whether gcc accepts -g... yes
checking for gcc option to accept ISO C89... none needed
checking how to run the C preprocessor... gcc -E
checking for grep that handles long lines and -e... /usr/bin/grep
checking for egrep... /usr/bin/grep -E
checking for ANSI C header files... yes
checking for sys/wait.h that is POSIX.1 compatible... yes
checking for sys/types.h... yes
checking for sys/stat.h... yes
checking for stdlib.h... yes
checking for string.h... yes
checking for memory.h... yes
checking for strings.h... yes
checking for inttypes.h... yes
checking for stdint.h... yes
checking for unistd.h... yes
checking for string.h... (cached) yes
checking sys/time.h usability... yes
checking sys/time.h presence... yes
checking for sys/time.h... yes
checking for unistd.h... (cached) yes
checking for an ANSI C-conforming const... yes
checking whether time.h and sys/time.h may both be included... yes
configure: checking whether gcc supports static inline...
yes
checking whether setjmp.h is POSIX.1 compatible... yes
checking whether sigsetjmp is declared... yes
checking whether siglongjmp is declared... yes
checking Java support in R... present:
interpreter : '/usr/lib/jvm/default-java/bin/java'
archiver    : '/usr/lib/jvm/default-java/bin/jar'
compiler    : '/usr/lib/jvm/default-java/bin/javac'
header prep.: ''
cpp flags   : '-I/usr/lib/jvm/default-java/include -I/usr/lib/jvm/default-java/include/linux'
java libs   : '-L/usr/lib/jvm/default-java/lib/server -ljvm'
checking whether Java run-time works... yes
checking whether -Xrs is supported... yes
checking whether -Xrs will be used... yes
checking whether JVM will be loaded dynamically... no
checking whether JNI programs can be compiled... yes
checking whether JNI programs run... yes
checking JNI data types... ok
checking whether JRI should be compiled (autodetect)... yes
checking whether debugging output should be enabled... no
checking whether memory profiling is desired... no
checking whether threads support is requested... no
checking whether callbacks support is requested... no
checking whether JNI cache support is requested... no
checking whether headless init is enabled... no
checking whether JRI is requested... yes
configure: creating ./config.status
config.status: creating src/Makevars
config.status: creating R/zzz.R
config.status: creating src/config.h
=== configuring in jri (/tmp/RtmpZ3baji/R.INSTALL165f700704de/rJava/jri)
configure: running /bin/bash ./configure --disable-option-checking '--prefix=/usr/local'  'CC=gcc' 'CFLAGS=-g -O2 -ffile-prefix-map=/build/r-base-rgGXCp/r-base-4.5.0=. -fstack-protector-strong -Wformat -Werror=format-security -Wdate-time -D_FORTIFY_SOURCE=2' 'LDFLAGS=-Wl,-Bsymbolic-functions -flto=auto -ffat-lto-objects -flto=auto -Wl,-z,relro' --cache-file=/dev/null --srcdir=.
checking build system type... x86_64-pc-linux-gnu
checking host system type... x86_64-pc-linux-gnu
checking for gcc... gcc
checking whether the C compiler works... yes
checking for C compiler default output file name... a.out
checking for suffix of executables... 
checking whether we are cross compiling... no
checking for suffix of object files... o
checking whether the compiler supports GNU C... yes
checking whether gcc accepts -g... yes
checking for gcc option to enable C11 features... none needed
checking for stdio.h... yes
checking for stdlib.h... yes
checking for string.h... yes
checking for inttypes.h... yes
checking for stdint.h... yes
checking for strings.h... yes
checking for sys/stat.h... yes
checking for sys/types.h... yes
checking for unistd.h... yes
checking for sys/time.h... yes
checking for sys/types.h... (cached) yes
checking for sys/select.h... yes
checking Java version... 11.0.26
checking Java compatibility version (integer)... 11
checking whether  actually works... no
checking whether javah was replaced by javac -h... yes
checking for target flags...  -h . -target 1.6 -source 1.6
checking whether Java interpreter works... checking whether JNI programs can be compiled... yes
checking whether JNI programs can be run... yes
checking JNI data types... ok
checking whether Rinterface.h exports R_CStackXXX variables... yes
checking whether Rinterface.h exports R_SignalHandlers... yes
configure: creating ./config.status
config.status: creating src/Makefile
config.status: creating Makefile
config.status: creating run
config.status: creating src/config.h
** libs
using C compiler: ‘gcc (Ubuntu 11.4.0-1ubuntu1~22.04) 11.4.0’
gcc -I"/usr/share/R/include" -DNDEBUG -I. -I/usr/lib/jvm/default-java/include -I/usr/lib/jvm/default-java/include/linux      -fpic  -g -O2 -ffile-prefix-map=/build/r-base-rgGXCp/r-base-4.5.0=. -fstack-protector-strong -Wformat -Werror=format-security -Wdate-time -D_FORTIFY_SOURCE=2  -c Rglue.c -o Rglue.o
gcc -I"/usr/share/R/include" -DNDEBUG -I. -I/usr/lib/jvm/default-java/include -I/usr/lib/jvm/default-java/include/linux      -fpic  -g -O2 -ffile-prefix-map=/build/r-base-rgGXCp/r-base-4.5.0=. -fstack-protector-strong -Wformat -Werror=format-security -Wdate-time -D_FORTIFY_SOURCE=2  -c arrayc.c -o arrayc.o
gcc -I"/usr/share/R/include" -DNDEBUG -I. -I/usr/lib/jvm/default-java/include -I/usr/lib/jvm/default-java/include/linux      -fpic  -g -O2 -ffile-prefix-map=/build/r-base-rgGXCp/r-base-4.5.0=. -fstack-protector-strong -Wformat -Werror=format-security -Wdate-time -D_FORTIFY_SOURCE=2  -c callJNI.c -o callJNI.o
gcc -I"/usr/share/R/include" -DNDEBUG -I. -I/usr/lib/jvm/default-java/include -I/usr/lib/jvm/default-java/include/linux      -fpic  -g -O2 -ffile-prefix-map=/build/r-base-rgGXCp/r-base-4.5.0=. -fstack-protector-strong -Wformat -Werror=format-security -Wdate-time -D_FORTIFY_SOURCE=2  -c callback.c -o callback.o
gcc -I"/usr/share/R/include" -DNDEBUG -I. -I/usr/lib/jvm/default-java/include -I/usr/lib/jvm/default-java/include/linux      -fpic  -g -O2 -ffile-prefix-map=/build/r-base-rgGXCp/r-base-4.5.0=. -fstack-protector-strong -Wformat -Werror=format-security -Wdate-time -D_FORTIFY_SOURCE=2  -c fields.c -o fields.o
gcc -I"/usr/share/R/include" -DNDEBUG -I. -I/usr/lib/jvm/default-java/include -I/usr/lib/jvm/default-java/include/linux      -fpic  -g -O2 -ffile-prefix-map=/build/r-base-rgGXCp/r-base-4.5.0=. -fstack-protector-strong -Wformat -Werror=format-security -Wdate-time -D_FORTIFY_SOURCE=2  -c init.c -o init.o
gcc -I"/usr/share/R/include" -DNDEBUG -I. -I/usr/lib/jvm/default-java/include -I/usr/lib/jvm/default-java/include/linux      -fpic  -g -O2 -ffile-prefix-map=/build/r-base-rgGXCp/r-base-4.5.0=. -fstack-protector-strong -Wformat -Werror=format-security -Wdate-time -D_FORTIFY_SOURCE=2  -c jri_glue.c -o jri_glue.o
gcc -I"/usr/share/R/include" -DNDEBUG -I. -I/usr/lib/jvm/default-java/include -I/usr/lib/jvm/default-java/include/linux      -fpic  -g -O2 -ffile-prefix-map=/build/r-base-rgGXCp/r-base-4.5.0=. -fstack-protector-strong -Wformat -Werror=format-security -Wdate-time -D_FORTIFY_SOURCE=2  -c loader.c -o loader.o
gcc -I"/usr/share/R/include" -DNDEBUG -I. -I/usr/lib/jvm/default-java/include -I/usr/lib/jvm/default-java/include/linux      -fpic  -g -O2 -ffile-prefix-map=/build/r-base-rgGXCp/r-base-4.5.0=. -fstack-protector-strong -Wformat -Werror=format-security -Wdate-time -D_FORTIFY_SOURCE=2  -c otables.c -o otables.o
gcc -I"/usr/share/R/include" -DNDEBUG -I. -I/usr/lib/jvm/default-java/include -I/usr/lib/jvm/default-java/include/linux      -fpic  -g -O2 -ffile-prefix-map=/build/r-base-rgGXCp/r-base-4.5.0=. -fstack-protector-strong -Wformat -Werror=format-security -Wdate-time -D_FORTIFY_SOURCE=2  -c rJava.c -o rJava.o
gcc -I"/usr/share/R/include" -DNDEBUG -I. -I/usr/lib/jvm/default-java/include -I/usr/lib/jvm/default-java/include/linux      -fpic  -g -O2 -ffile-prefix-map=/build/r-base-rgGXCp/r-base-4.5.0=. -fstack-protector-strong -Wformat -Werror=format-security -Wdate-time -D_FORTIFY_SOURCE=2  -c registration.c -o registration.o
gcc -I"/usr/share/R/include" -DNDEBUG -I. -I/usr/lib/jvm/default-java/include -I/usr/lib/jvm/default-java/include/linux      -fpic  -g -O2 -ffile-prefix-map=/build/r-base-rgGXCp/r-base-4.5.0=. -fstack-protector-strong -Wformat -Werror=format-security -Wdate-time -D_FORTIFY_SOURCE=2  -c rjstring.c -o rjstring.o
gcc -I"/usr/share/R/include" -DNDEBUG -I. -I/usr/lib/jvm/default-java/include -I/usr/lib/jvm/default-java/include/linux      -fpic  -g -O2 -ffile-prefix-map=/build/r-base-rgGXCp/r-base-4.5.0=. -fstack-protector-strong -Wformat -Werror=format-security -Wdate-time -D_FORTIFY_SOURCE=2  -c tools.c -o tools.o
gcc -shared -L/usr/lib/R/lib -Wl,-Bsymbolic-functions -flto=auto -ffat-lto-objects -flto=auto -Wl,-z,relro -o rJava.so Rglue.o arrayc.o callJNI.o callback.o fields.o init.o jri_glue.o loader.o otables.o rJava.o registration.o rjstring.o tools.o -L/usr/lib/jvm/default-java/lib/server -ljvm -L/usr/lib/R/lib -lR
(cd ../jri && make)
make[1]: Entering directory '/tmp/RtmpZ3baji/R.INSTALL165f700704de/rJava/jri'
make -C src JRI.jar
make[2]: Entering directory '/tmp/RtmpZ3baji/R.INSTALL165f700704de/rJava/jri/src'
/usr/lib/jvm/default-java/bin/javac -h . -target 1.6 -source 1.6  -d . ../Mutex.java ../package-info.java ../RBool.java ../RConsoleOutputStream.java ../Rengine.java ../REXP.java ../RFactor.java ../RList.java ../RMainLoopCallbacks.java ../RVector.java
warning: [options] bootstrap class path not set in conjunction with -source 6
warning: [options] source value 6 is obsolete and will be removed in a future release
warning: [options] target value 1.6 is obsolete and will be removed in a future release
warning: [options] To suppress warnings about obsolete options, use -Xlint:-options.
Note: ../REXP.java uses or overrides a deprecated API.
Note: Recompile with -Xlint:deprecation for details.
Note: Some input files use unchecked or unsafe operations.
Note: Recompile with -Xlint:unchecked for details.
4 warnings
if [ -n "" ]; then  -d . -classpath . org.rosuda.JRI.Rengine; fi
gcc -c -o Rengine.o Rengine.c -g -Iinclude  -DRIF_HAS_CSTACK -DRIF_HAS_RSIGHAND -DHAVE_CONFIG_H -g -O2 -ffile-prefix-map=/build/r-base-rgGXCp/r-base-4.5.0=. -fstack-protector-strong -Wformat -Werror=format-security -Wdate-time -D_FORTIFY_SOURCE=2  -I/usr/lib/jvm/default-java/include -I/usr/lib/jvm/default-java/include/linux  -fpic -I/usr/lib/jvm/default-java/include -I/usr/lib/jvm/default-java/include/linux -I/usr/share/R/include -I/usr/share/R/include 
gcc -c -o jri.o jri.c -g -Iinclude  -DRIF_HAS_CSTACK -DRIF_HAS_RSIGHAND -DHAVE_CONFIG_H -g -O2 -ffile-prefix-map=/build/r-base-rgGXCp/r-base-4.5.0=. -fstack-protector-strong -Wformat -Werror=format-security -Wdate-time -D_FORTIFY_SOURCE=2  -I/usr/lib/jvm/default-java/include -I/usr/lib/jvm/default-java/include/linux  -fpic -I/usr/lib/jvm/default-java/include -I/usr/lib/jvm/default-java/include/linux -I/usr/share/R/include -I/usr/share/R/include 
gcc -c -o Rcallbacks.o Rcallbacks.c -g -Iinclude  -DRIF_HAS_CSTACK -DRIF_HAS_RSIGHAND -DHAVE_CONFIG_H -g -O2 -ffile-prefix-map=/build/r-base-rgGXCp/r-base-4.5.0=. -fstack-protector-strong -Wformat -Werror=format-security -Wdate-time -D_FORTIFY_SOURCE=2  -I/usr/lib/jvm/default-java/include -I/usr/lib/jvm/default-java/include/linux  -fpic -I/usr/lib/jvm/default-java/include -I/usr/lib/jvm/default-java/include/linux -I/usr/share/R/include -I/usr/share/R/include 
gcc -c -o Rinit.o Rinit.c -g -Iinclude  -DRIF_HAS_CSTACK -DRIF_HAS_RSIGHAND -DHAVE_CONFIG_H -g -O2 -ffile-prefix-map=/build/r-base-rgGXCp/r-base-4.5.0=. -fstack-protector-strong -Wformat -Werror=format-security -Wdate-time -D_FORTIFY_SOURCE=2  -I/usr/lib/jvm/default-java/include -I/usr/lib/jvm/default-java/include/linux  -fpic -I/usr/share/R/include -I/usr/share/R/include 
gcc -c -o globals.o globals.c -g -Iinclude  -DRIF_HAS_CSTACK -DRIF_HAS_RSIGHAND -DHAVE_CONFIG_H -g -O2 -ffile-prefix-map=/build/r-base-rgGXCp/r-base-4.5.0=. -fstack-protector-strong -Wformat -Werror=format-security -Wdate-time -D_FORTIFY_SOURCE=2  -I/usr/lib/jvm/default-java/include -I/usr/lib/jvm/default-java/include/linux  -fpic -I/usr/lib/jvm/default-java/include -I/usr/lib/jvm/default-java/include/linux 
gcc -c -o rjava.o rjava.c -g -Iinclude  -DRIF_HAS_CSTACK -DRIF_HAS_RSIGHAND -DHAVE_CONFIG_H -g -O2 -ffile-prefix-map=/build/r-base-rgGXCp/r-base-4.5.0=. -fstack-protector-strong -Wformat -Werror=format-security -Wdate-time -D_FORTIFY_SOURCE=2  -I/usr/lib/jvm/default-java/include -I/usr/lib/jvm/default-java/include/linux  -fpic -I/usr/lib/jvm/default-java/include -I/usr/lib/jvm/default-java/include/linux 
gcc -c -o rjstring.o rjstring.c -g -Iinclude  -DRIF_HAS_CSTACK -DRIF_HAS_RSIGHAND -DHAVE_CONFIG_H -g -O2 -ffile-prefix-map=/build/r-base-rgGXCp/r-base-4.5.0=. -fstack-protector-strong -Wformat -Werror=format-security -Wdate-time -D_FORTIFY_SOURCE=2  -I/usr/lib/jvm/default-java/include -I/usr/lib/jvm/default-java/include/linux  -fpic -I/usr/lib/jvm/default-java/include -I/usr/lib/jvm/default-java/include/linux -I/usr/share/R/include -I/usr/share/R/include 
gcc -o libjri.so Rengine.o jri.o Rcallbacks.o Rinit.o globals.o rjava.o rjstring.o -Wl,-Bsymbolic-functions -flto=auto -ffat-lto-objects -flto=auto -Wl,-z,relro -shared -L/usr/lib/jvm/default-java/lib/server -ljvm -Wl,--export-dynamic -fopenmp -Wl,-Bsymbolic-functions -flto=auto -ffat-lto-objects -flto=auto -Wl,-z,relro -L/usr/lib/R/lib -lR -lpcre2-8 -ldeflate -llzma -lbz2 -lz -ltirpc -lrt -ldl -lm -licuuc -licui18n 
/usr/lib/jvm/default-java/bin/javac -h . -target 1.6 -source 1.6  -d . ../Mutex.java ../package-info.java ../RBool.java ../RConsoleOutputStream.java ../Rengine.java ../REXP.java ../RFactor.java ../RList.java ../RMainLoopCallbacks.java ../RVector.java
warning: [options] bootstrap class path not set in conjunction with -source 6
warning: [options] source value 6 is obsolete and will be removed in a future release
warning: [options] target value 1.6 is obsolete and will be removed in a future release
warning: [options] To suppress warnings about obsolete options, use -Xlint:-options.
Note: ../REXP.java uses or overrides a deprecated API.
Note: Recompile with -Xlint:deprecation for details.
Note: Some input files use unchecked or unsafe operations.
Note: Recompile with -Xlint:unchecked for details.
4 warnings
/usr/lib/jvm/default-java/bin/jar fc JRI.jar org libjri.so
make[2]: Leaving directory '/tmp/RtmpZ3baji/R.INSTALL165f700704de/rJava/jri/src'
rm -f libjri.so
cp src/libjri.so libjri.so
/usr/lib/jvm/default-java/bin/javac -h . -target 1.6 -source 1.6 -classpath src/JRI.jar -d examples examples/rtest2.java
warning: [options] bootstrap class path not set in conjunction with -source 6
warning: [options] source value 6 is obsolete and will be removed in a future release
warning: [options] target value 1.6 is obsolete and will be removed in a future release
warning: [options] To suppress warnings about obsolete options, use -Xlint:-options.
Note: examples/rtest2.java uses or overrides a deprecated API.
Note: Recompile with -Xlint:deprecation for details.
4 warnings
/usr/lib/jvm/default-java/bin/javac -h . -target 1.6 -source 1.6 -classpath src/JRI.jar -d examples examples/rtest.java
warning: [options] bootstrap class path not set in conjunction with -source 6
warning: [options] source value 6 is obsolete and will be removed in a future release
warning: [options] target value 1.6 is obsolete and will be removed in a future release
warning: [options] To suppress warnings about obsolete options, use -Xlint:-options.
Note: examples/rtest.java uses or overrides a deprecated API.
Note: Recompile with -Xlint:deprecation for details.
4 warnings
make[1]: Leaving directory '/tmp/RtmpZ3baji/R.INSTALL165f700704de/rJava/jri'
installing via 'install.libs.R' to /usr/local/lib/R/site-library/00LOCK-rJava/00new/rJava
** R
** inst
** byte-compile and prepare package for lazy loading
** help
*** installing help indices
** building package indices
** testing if installed package can be loaded from temporary location
** checking absolute paths in shared objects and dynamic libraries
** testing if installed package can be loaded from final location
** testing if installed package keeps a record of temporary installation path
* creating tarball
packaged installation of ‘rJava’ as ‘rJava_1.0-11_R_x86_64-pc-linux-gnu.tar.gz’
* DONE (rJava)
* installing *source* package ‘grImport’ ...
** this is package ‘grImport’ version ‘0.9-7’
** package ‘grImport’ successfully unpacked and MD5 sums checked
** using staged installation
** R
** inst
** byte-compile and prepare package for lazy loading
Creating a new generic function for ‘explode’ in package ‘grImport’
** help
*** installing help indices
** building package indices
** installing vignettes
** testing if installed package can be loaded from temporary location
** testing if installed package can be loaded from final location
** testing if installed package keeps a record of temporary installation path
* creating tarball
packaged installation of ‘grImport’ as ‘grImport_0.9-7_R_x86_64-pc-linux-gnu.tar.gz’
* DONE (grImport)
* installing *source* package ‘rsvg’ ...
** this is package ‘rsvg’ version ‘2.6.2’
** package ‘rsvg’ successfully unpacked and MD5 sums checked
** using staged installation
Found pkg-config cflags and libs!
Using PKG_CFLAGS=-I/usr/include/librsvg-2.0 -I/usr/include/glib-2.0 -I/usr/lib/x86_64-linux-gnu/glib-2.0/include -I/usr/include/libmount -I/usr/include/blkid -I/usr/include/gdk-pixbuf-2.0 -I/usr/include/libpng16 -I/usr/include/x86_64-linux-gnu -pthread -I/usr/include/cairo -I/usr/include/pixman-1 -I/usr/include/freetype2 -I/usr/include/uuid 
Using PKG_LIBS=-lrsvg-2 -lm -lgio-2.0 -lgdk_pixbuf-2.0 -lgobject-2.0 -lglib-2.0 -lcairo 
** libs
using C compiler: ‘gcc (Ubuntu 11.4.0-1ubuntu1~22.04) 11.4.0’
gcc -I"/usr/share/R/include" -DNDEBUG -I/usr/include/librsvg-2.0 -I/usr/include/glib-2.0 -I/usr/lib/x86_64-linux-gnu/glib-2.0/include -I/usr/include/libmount -I/usr/include/blkid -I/usr/include/gdk-pixbuf-2.0 -I/usr/include/libpng16 -I/usr/include/x86_64-linux-gnu -pthread -I/usr/include/cairo -I/usr/include/pixman-1 -I/usr/include/freetype2 -I/usr/include/uuid  -DSTRICT_R_HEADERS -DR_NO_REMAP      -fpic  -g -O2 -ffile-prefix-map=/build/r-base-rgGXCp/r-base-4.5.0=. -fstack-protector-strong -Wformat -Werror=format-security -Wdate-time -D_FORTIFY_SOURCE=2  -c rsvg.c -o rsvg.o
gcc -shared -L/usr/lib/R/lib -Wl,-Bsymbolic-functions -flto=auto -ffat-lto-objects -flto=auto -Wl,-z,relro -o rsvg.so rsvg.o -lrsvg-2 -lm -lgio-2.0 -lgdk_pixbuf-2.0 -lgobject-2.0 -lglib-2.0 -lcairo -L/usr/lib/R/lib -lR
installing to /usr/local/lib/R/site-library/00LOCK-rsvg/00new/rsvg/libs
** R
** inst
** byte-compile and prepare package for lazy loading
** help
*** installing help indices
*** copying figures
** building package indices
** installing vignettes
** testing if installed package can be loaded from temporary location
** checking absolute paths in shared objects and dynamic libraries
** testing if installed package can be loaded from final location
** testing if installed package keeps a record of temporary installation path
* creating tarball
packaged installation of ‘rsvg’ as ‘rsvg_2.6.2_R_x86_64-pc-linux-gnu.tar.gz’
* DONE (rsvg)
* installing *source* package ‘shinydashboard’ ...
** this is package ‘shinydashboard’ version ‘0.7.3’
** package ‘shinydashboard’ successfully unpacked and MD5 sums checked
** using staged installation
** R
** inst
** byte-compile and prepare package for lazy loading
** help
*** installing help indices
** building package indices
** testing if installed package can be loaded from temporary location
** testing if installed package can be loaded from final location
** testing if installed package keeps a record of temporary installation path
* creating tarball
packaged installation of ‘shinydashboard’ as ‘shinydashboard_0.7.3_R_x86_64-pc-linux-gnu.tar.gz’
* DONE (shinydashboard)
* installing *source* package ‘av’ ...
** this is package ‘av’ version ‘0.9.4’
** package ‘av’ successfully unpacked and MD5 sums checked
** using staged installation
Using PKG_CFLAGS=
Using PKG_LIBS=-lavfilter
-----------------------------[ ANTICONF ]----------------------------------
Configuration failed to find the libavfilter library. Try installing:
 * deb: libavfilter-dev (Debian, Ubuntu)
 * rpm: ffmpeg-devel (https://rpmfusion.org) (Fedora, CentOS, RHEL)
 * brew: ffmpeg (MacOS)
If libavfilter is already installed, check that 'pkg-config' is in your
PATH and PKG_CONFIG_PATH contains a libavfilter.pc file. If pkg-config
is unavailable you can set INCLUDE_DIR and LIB_DIR manually via:
R CMD INSTALL --configure-vars='INCLUDE_DIR=... LIB_DIR=...'
---------------------------[ ERROR MESSAGE ]--------------------------------
<stdin>:1:10: fatal error: libavfilter/version.h: No such file or directory
compilation terminated.
----------------------------------------------------------------------------
ERROR: configuration failed for package ‘av’
* removing ‘/usr/local/lib/R/site-library/av’
* installing *source* package ‘dynamicTreeCut’ ...
** this is package ‘dynamicTreeCut’ version ‘1.63-1’
** package ‘dynamicTreeCut’ successfully unpacked and MD5 sums checked
** using staged installation
** R
** byte-compile and prepare package for lazy loading
** help
*** installing help indices
** building package indices
** testing if installed package can be loaded from temporary location
** testing if installed package can be loaded from final location
** testing if installed package keeps a record of temporary installation path
* creating tarball
packaged installation of ‘dynamicTreeCut’ as ‘dynamicTreeCut_1.63-1_R_x86_64-pc-linux-gnu.tar.gz’
* DONE (dynamicTreeCut)
* installing *source* package ‘flashClust’ ...
** this is package ‘flashClust’ version ‘1.01-2’
** package ‘flashClust’ successfully unpacked and MD5 sums checked
** using staged installation
** libs
using Fortran compiler: ‘GNU Fortran (Ubuntu 11.4.0-1ubuntu1~22.04) 11.4.0’
gfortran  -fpic  -g -O2 -ffile-prefix-map=/build/r-base-rgGXCp/r-base-4.5.0=. -fstack-protector-strong  -c hc.f -o hc.o
gfortran  -fpic  -g -O2 -ffile-prefix-map=/build/r-base-rgGXCp/r-base-4.5.0=. -fstack-protector-strong  -c hcass2.f -o hcass2.o
gcc -shared -L/usr/lib/R/lib -Wl,-Bsymbolic-functions -flto=auto -ffat-lto-objects -flto=auto -Wl,-z,relro -o flashClust.so hc.o hcass2.o -lgfortran -lm -lquadmath -L/usr/lib/R/lib -lR
installing to /usr/local/lib/R/site-library/00LOCK-flashClust/00new/flashClust/libs
** R
** inst
** byte-compile and prepare package for lazy loading
** help
*** installing help indices
** building package indices
** testing if installed package can be loaded from temporary location
** checking absolute paths in shared objects and dynamic libraries
** testing if installed package can be loaded from final location
** testing if installed package keeps a record of temporary installation path
* creating tarball
packaged installation of ‘flashClust’ as ‘flashClust_1.01-2_R_x86_64-pc-linux-gnu.tar.gz’
* DONE (flashClust)
* installing *source* package ‘ggdendro’ ...
** this is package ‘ggdendro’ version ‘0.2.0’
** package ‘ggdendro’ successfully unpacked and MD5 sums checked
** using staged installation
** R
** inst
** byte-compile and prepare package for lazy loading
** help
*** installing help indices
*** copying figures
** building package indices
** installing vignettes
** testing if installed package can be loaded from temporary location
** testing if installed package can be loaded from final location
** testing if installed package keeps a record of temporary installation path
* creating tarball
packaged installation of ‘ggdendro’ as ‘ggdendro_0.2.0_R_x86_64-pc-linux-gnu.tar.gz’
* DONE (ggdendro)
* installing *source* package ‘magick’ ...
** this is package ‘magick’ version ‘2.8.6’
** package ‘magick’ successfully unpacked and MD5 sums checked
** using staged installation
Found pkg-config cflags and libs!
Using PKG_CFLAGS=-I/usr/include/x86_64-linux-gnu/ImageMagick-6 -I/usr/include/ImageMagick-6 -fopenmp -DMAGICKCORE_HDRI_ENABLE=0 -DMAGICKCORE_QUANTUM_DEPTH=16 
Using PKG_LIBS=-lMagick++-6.Q16 -lMagickWand-6.Q16 -lMagickCore-6.Q16 
** libs
using C++ compiler: ‘g++ (Ubuntu 11.4.0-1ubuntu1~22.04) 11.4.0’
g++ -std=gnu++17 -I"/usr/share/R/include" -DNDEBUG -I/usr/include/x86_64-linux-gnu/ImageMagick-6 -I/usr/include/ImageMagick-6 -fopenmp -DMAGICKCORE_HDRI_ENABLE=0 -DMAGICKCORE_QUANTUM_DEPTH=16  -I'/usr/local/lib/R/site-library/Rcpp/include'    -fvisibility=hidden -fpic  -g -O2 -ffile-prefix-map=/build/r-base-rgGXCp/r-base-4.5.0=. -fstack-protector-strong -Wformat -Werror=format-security -Wdate-time -D_FORTIFY_SOURCE=2   -c RcppExports.cpp -o RcppExports.o
g++ -std=gnu++17 -I"/usr/share/R/include" -DNDEBUG -I/usr/include/x86_64-linux-gnu/ImageMagick-6 -I/usr/include/ImageMagick-6 -fopenmp -DMAGICKCORE_HDRI_ENABLE=0 -DMAGICKCORE_QUANTUM_DEPTH=16  -I'/usr/local/lib/R/site-library/Rcpp/include'    -fvisibility=hidden -fpic  -g -O2 -ffile-prefix-map=/build/r-base-rgGXCp/r-base-4.5.0=. -fstack-protector-strong -Wformat -Werror=format-security -Wdate-time -D_FORTIFY_SOURCE=2   -c animation.cpp -o animation.o
g++ -std=gnu++17 -I"/usr/share/R/include" -DNDEBUG -I/usr/include/x86_64-linux-gnu/ImageMagick-6 -I/usr/include/ImageMagick-6 -fopenmp -DMAGICKCORE_HDRI_ENABLE=0 -DMAGICKCORE_QUANTUM_DEPTH=16  -I'/usr/local/lib/R/site-library/Rcpp/include'    -fvisibility=hidden -fpic  -g -O2 -ffile-prefix-map=/build/r-base-rgGXCp/r-base-4.5.0=. -fstack-protector-strong -Wformat -Werror=format-security -Wdate-time -D_FORTIFY_SOURCE=2   -c attributes.cpp -o attributes.o
g++ -std=gnu++17 -I"/usr/share/R/include" -DNDEBUG -I/usr/include/x86_64-linux-gnu/ImageMagick-6 -I/usr/include/ImageMagick-6 -fopenmp -DMAGICKCORE_HDRI_ENABLE=0 -DMAGICKCORE_QUANTUM_DEPTH=16  -I'/usr/local/lib/R/site-library/Rcpp/include'    -fvisibility=hidden -fpic  -g -O2 -ffile-prefix-map=/build/r-base-rgGXCp/r-base-4.5.0=. -fstack-protector-strong -Wformat -Werror=format-security -Wdate-time -D_FORTIFY_SOURCE=2   -c base.cpp -o base.o
g++ -std=gnu++17 -I"/usr/share/R/include" -DNDEBUG -I/usr/include/x86_64-linux-gnu/ImageMagick-6 -I/usr/include/ImageMagick-6 -fopenmp -DMAGICKCORE_HDRI_ENABLE=0 -DMAGICKCORE_QUANTUM_DEPTH=16  -I'/usr/local/lib/R/site-library/Rcpp/include'    -fvisibility=hidden -fpic  -g -O2 -ffile-prefix-map=/build/r-base-rgGXCp/r-base-4.5.0=. -fstack-protector-strong -Wformat -Werror=format-security -Wdate-time -D_FORTIFY_SOURCE=2   -c color.cpp -o color.o
g++ -std=gnu++17 -I"/usr/share/R/include" -DNDEBUG -I/usr/include/x86_64-linux-gnu/ImageMagick-6 -I/usr/include/ImageMagick-6 -fopenmp -DMAGICKCORE_HDRI_ENABLE=0 -DMAGICKCORE_QUANTUM_DEPTH=16  -I'/usr/local/lib/R/site-library/Rcpp/include'    -fvisibility=hidden -fpic  -g -O2 -ffile-prefix-map=/build/r-base-rgGXCp/r-base-4.5.0=. -fstack-protector-strong -Wformat -Werror=format-security -Wdate-time -D_FORTIFY_SOURCE=2   -c composite.cpp -o composite.o
g++ -std=gnu++17 -I"/usr/share/R/include" -DNDEBUG -I/usr/include/x86_64-linux-gnu/ImageMagick-6 -I/usr/include/ImageMagick-6 -fopenmp -DMAGICKCORE_HDRI_ENABLE=0 -DMAGICKCORE_QUANTUM_DEPTH=16  -I'/usr/local/lib/R/site-library/Rcpp/include'    -fvisibility=hidden -fpic  -g -O2 -ffile-prefix-map=/build/r-base-rgGXCp/r-base-4.5.0=. -fstack-protector-strong -Wformat -Werror=format-security -Wdate-time -D_FORTIFY_SOURCE=2   -c config.cc -o config.o
g++ -std=gnu++17 -I"/usr/share/R/include" -DNDEBUG -I/usr/include/x86_64-linux-gnu/ImageMagick-6 -I/usr/include/ImageMagick-6 -fopenmp -DMAGICKCORE_HDRI_ENABLE=0 -DMAGICKCORE_QUANTUM_DEPTH=16  -I'/usr/local/lib/R/site-library/Rcpp/include'    -fvisibility=hidden -fpic  -g -O2 -ffile-prefix-map=/build/r-base-rgGXCp/r-base-4.5.0=. -fstack-protector-strong -Wformat -Werror=format-security -Wdate-time -D_FORTIFY_SOURCE=2   -c convolve.cpp -o convolve.o
g++ -std=gnu++17 -I"/usr/share/R/include" -DNDEBUG -I/usr/include/x86_64-linux-gnu/ImageMagick-6 -I/usr/include/ImageMagick-6 -fopenmp -DMAGICKCORE_HDRI_ENABLE=0 -DMAGICKCORE_QUANTUM_DEPTH=16  -I'/usr/local/lib/R/site-library/Rcpp/include'    -fvisibility=hidden -fpic  -g -O2 -ffile-prefix-map=/build/r-base-rgGXCp/r-base-4.5.0=. -fstack-protector-strong -Wformat -Werror=format-security -Wdate-time -D_FORTIFY_SOURCE=2   -c device.cpp -o device.o
g++ -std=gnu++17 -I"/usr/share/R/include" -DNDEBUG -I/usr/include/x86_64-linux-gnu/ImageMagick-6 -I/usr/include/ImageMagick-6 -fopenmp -DMAGICKCORE_HDRI_ENABLE=0 -DMAGICKCORE_QUANTUM_DEPTH=16  -I'/usr/local/lib/R/site-library/Rcpp/include'    -fvisibility=hidden -fpic  -g -O2 -ffile-prefix-map=/build/r-base-rgGXCp/r-base-4.5.0=. -fstack-protector-strong -Wformat -Werror=format-security -Wdate-time -D_FORTIFY_SOURCE=2   -c edges.cpp -o edges.o
g++ -std=gnu++17 -I"/usr/share/R/include" -DNDEBUG -I/usr/include/x86_64-linux-gnu/ImageMagick-6 -I/usr/include/ImageMagick-6 -fopenmp -DMAGICKCORE_HDRI_ENABLE=0 -DMAGICKCORE_QUANTUM_DEPTH=16  -I'/usr/local/lib/R/site-library/Rcpp/include'    -fvisibility=hidden -fpic  -g -O2 -ffile-prefix-map=/build/r-base-rgGXCp/r-base-4.5.0=. -fstack-protector-strong -Wformat -Werror=format-security -Wdate-time -D_FORTIFY_SOURCE=2   -c edit.cpp -o edit.o
g++ -std=gnu++17 -I"/usr/share/R/include" -DNDEBUG -I/usr/include/x86_64-linux-gnu/ImageMagick-6 -I/usr/include/ImageMagick-6 -fopenmp -DMAGICKCORE_HDRI_ENABLE=0 -DMAGICKCORE_QUANTUM_DEPTH=16  -I'/usr/local/lib/R/site-library/Rcpp/include'    -fvisibility=hidden -fpic  -g -O2 -ffile-prefix-map=/build/r-base-rgGXCp/r-base-4.5.0=. -fstack-protector-strong -Wformat -Werror=format-security -Wdate-time -D_FORTIFY_SOURCE=2   -c fonts.cpp -o fonts.o
g++ -std=gnu++17 -I"/usr/share/R/include" -DNDEBUG -I/usr/include/x86_64-linux-gnu/ImageMagick-6 -I/usr/include/ImageMagick-6 -fopenmp -DMAGICKCORE_HDRI_ENABLE=0 -DMAGICKCORE_QUANTUM_DEPTH=16  -I'/usr/local/lib/R/site-library/Rcpp/include'    -fvisibility=hidden -fpic  -g -O2 -ffile-prefix-map=/build/r-base-rgGXCp/r-base-4.5.0=. -fstack-protector-strong -Wformat -Werror=format-security -Wdate-time -D_FORTIFY_SOURCE=2   -c options.cpp -o options.o
g++ -std=gnu++17 -I"/usr/share/R/include" -DNDEBUG -I/usr/include/x86_64-linux-gnu/ImageMagick-6 -I/usr/include/ImageMagick-6 -fopenmp -DMAGICKCORE_HDRI_ENABLE=0 -DMAGICKCORE_QUANTUM_DEPTH=16  -I'/usr/local/lib/R/site-library/Rcpp/include'    -fvisibility=hidden -fpic  -g -O2 -ffile-prefix-map=/build/r-base-rgGXCp/r-base-4.5.0=. -fstack-protector-strong -Wformat -Werror=format-security -Wdate-time -D_FORTIFY_SOURCE=2   -c properties.cpp -o properties.o
g++ -std=gnu++17 -I"/usr/share/R/include" -DNDEBUG -I/usr/include/x86_64-linux-gnu/ImageMagick-6 -I/usr/include/ImageMagick-6 -fopenmp -DMAGICKCORE_HDRI_ENABLE=0 -DMAGICKCORE_QUANTUM_DEPTH=16  -I'/usr/local/lib/R/site-library/Rcpp/include'    -fvisibility=hidden -fpic  -g -O2 -ffile-prefix-map=/build/r-base-rgGXCp/r-base-4.5.0=. -fstack-protector-strong -Wformat -Werror=format-security -Wdate-time -D_FORTIFY_SOURCE=2   -c resize.cpp -o resize.o
g++ -std=gnu++17 -I"/usr/share/R/include" -DNDEBUG -I/usr/include/x86_64-linux-gnu/ImageMagick-6 -I/usr/include/ImageMagick-6 -fopenmp -DMAGICKCORE_HDRI_ENABLE=0 -DMAGICKCORE_QUANTUM_DEPTH=16  -I'/usr/local/lib/R/site-library/Rcpp/include'    -fvisibility=hidden -fpic  -g -O2 -ffile-prefix-map=/build/r-base-rgGXCp/r-base-4.5.0=. -fstack-protector-strong -Wformat -Werror=format-security -Wdate-time -D_FORTIFY_SOURCE=2   -c segment.cpp -o segment.o
g++ -std=gnu++17 -I"/usr/share/R/include" -DNDEBUG -I/usr/include/x86_64-linux-gnu/ImageMagick-6 -I/usr/include/ImageMagick-6 -fopenmp -DMAGICKCORE_HDRI_ENABLE=0 -DMAGICKCORE_QUANTUM_DEPTH=16  -I'/usr/local/lib/R/site-library/Rcpp/include'    -fvisibility=hidden -fpic  -g -O2 -ffile-prefix-map=/build/r-base-rgGXCp/r-base-4.5.0=. -fstack-protector-strong -Wformat -Werror=format-security -Wdate-time -D_FORTIFY_SOURCE=2   -c transformations.cpp -o transformations.o
g++ -std=gnu++17 -shared -L/usr/lib/R/lib -Wl,-Bsymbolic-functions -flto=auto -ffat-lto-objects -flto=auto -Wl,-z,relro -o magick.so RcppExports.o animation.o attributes.o base.o color.o composite.o config.o convolve.o device.o edges.o edit.o fonts.o options.o properties.o resize.o segment.o transformations.o -lMagick++-6.Q16 -lMagickWand-6.Q16 -lMagickCore-6.Q16 -L/usr/lib/R/lib -lR
installing to /usr/local/lib/R/site-library/00LOCK-magick/00new/magick/libs
** R
** inst
** byte-compile and prepare package for lazy loading
** help
*** installing help indices
** building package indices
** installing vignettes
** testing if installed package can be loaded from temporary location
** checking absolute paths in shared objects and dynamic libraries
** testing if installed package can be loaded from final location
** testing if installed package keeps a record of temporary installation path
* creating tarball
packaged installation of ‘magick’ as ‘magick_2.8.6_R_x86_64-pc-linux-gnu.tar.gz’
* DONE (magick)
* installing *source* package ‘org.Hs.eg.db’ ...
** this is package ‘org.Hs.eg.db’ version ‘3.21.0’
** using staged installation
** R
** inst
** byte-compile and prepare package for lazy loading
** help
*** installing help indices
** building package indices
** testing if installed package can be loaded from temporary location
** testing if installed package can be loaded from final location
** testing if installed package keeps a record of temporary installation path
* creating tarball
packaged installation of ‘org.Hs.eg.db’ as ‘org.Hs.eg.db_3.21.0_R_x86_64-pc-linux-gnu.tar.gz’
* DONE (org.Hs.eg.db)
* installing *source* package ‘org.Mm.eg.db’ ...
** this is package ‘org.Mm.eg.db’ version ‘3.21.0’
** using staged installation
** R
** inst
** byte-compile and prepare package for lazy loading
** help
*** installing help indices
** building package indices
** testing if installed package can be loaded from temporary location
** testing if installed package can be loaded from final location
** testing if installed package keeps a record of temporary installation path
* creating tarball
packaged installation of ‘org.Mm.eg.db’ as ‘org.Mm.eg.db_3.21.0_R_x86_64-pc-linux-gnu.tar.gz’
* DONE (org.Mm.eg.db)
* installing *source* package ‘org.At.tair.db’ ...
** this is package ‘org.At.tair.db’ version ‘3.21.0’
** using staged installation
** R
** inst
** byte-compile and prepare package for lazy loading
** help
*** installing help indices
** building package indices
** testing if installed package can be loaded from temporary location
** testing if installed package can be loaded from final location
** testing if installed package keeps a record of temporary installation path
* creating tarball
packaged installation of ‘org.At.tair.db’ as ‘org.At.tair.db_3.21.0_R_x86_64-pc-linux-gnu.tar.gz’
* DONE (org.At.tair.db)
* installing *source* package ‘org.Dr.eg.db’ ...
** this is package ‘org.Dr.eg.db’ version ‘3.21.0’
** using staged installation
** R
** inst
** byte-compile and prepare package for lazy loading
** help
*** installing help indices
** building package indices
** testing if installed package can be loaded from temporary location
** testing if installed package can be loaded from final location
** testing if installed package keeps a record of temporary installation path
* creating tarball
packaged installation of ‘org.Dr.eg.db’ as ‘org.Dr.eg.db_3.21.0_R_x86_64-pc-linux-gnu.tar.gz’
* DONE (org.Dr.eg.db)
* installing *source* package ‘org.Dm.eg.db’ ...
** this is package ‘org.Dm.eg.db’ version ‘3.21.0’
** using staged installation
** R
** inst
** byte-compile and prepare package for lazy loading
** help
*** installing help indices
** building package indices
** testing if installed package can be loaded from temporary location
** testing if installed package can be loaded from final location
** testing if installed package keeps a record of temporary installation path
* creating tarball
packaged installation of ‘org.Dm.eg.db’ as ‘org.Dm.eg.db_3.21.0_R_x86_64-pc-linux-gnu.tar.gz’
* DONE (org.Dm.eg.db)
* installing *source* package ‘pROC’ ...
** this is package ‘pROC’ version ‘1.18.5’
** package ‘pROC’ successfully unpacked and MD5 sums checked
** using staged installation
** libs
using C++ compiler: ‘g++ (Ubuntu 11.4.0-1ubuntu1~22.04) 11.4.0’
g++ -std=gnu++17 -I"/usr/share/R/include" -DNDEBUG  -I'/usr/local/lib/R/site-library/Rcpp/include'     -fpic  -g -O2 -ffile-prefix-map=/build/r-base-rgGXCp/r-base-4.5.0=. -fstack-protector-strong -Wformat -Werror=format-security -Wdate-time -D_FORTIFY_SOURCE=2   -c RcppExports.cpp -o RcppExports.o
g++ -std=gnu++17 -I"/usr/share/R/include" -DNDEBUG  -I'/usr/local/lib/R/site-library/Rcpp/include'     -fpic  -g -O2 -ffile-prefix-map=/build/r-base-rgGXCp/r-base-4.5.0=. -fstack-protector-strong -Wformat -Werror=format-security -Wdate-time -D_FORTIFY_SOURCE=2   -c RcppVersion.cpp -o RcppVersion.o
g++ -std=gnu++17 -I"/usr/share/R/include" -DNDEBUG  -I'/usr/local/lib/R/site-library/Rcpp/include'     -fpic  -g -O2 -ffile-prefix-map=/build/r-base-rgGXCp/r-base-4.5.0=. -fstack-protector-strong -Wformat -Werror=format-security -Wdate-time -D_FORTIFY_SOURCE=2   -c delong.cpp -o delong.o
g++ -std=gnu++17 -I"/usr/share/R/include" -DNDEBUG  -I'/usr/local/lib/R/site-library/Rcpp/include'     -fpic  -g -O2 -ffile-prefix-map=/build/r-base-rgGXCp/r-base-4.5.0=. -fstack-protector-strong -Wformat -Werror=format-security -Wdate-time -D_FORTIFY_SOURCE=2   -c perfsAll.cpp -o perfsAll.o
g++ -std=gnu++17 -shared -L/usr/lib/R/lib -Wl,-Bsymbolic-functions -flto=auto -ffat-lto-objects -flto=auto -Wl,-z,relro -o pROC.so RcppExports.o RcppVersion.o delong.o perfsAll.o -L/usr/lib/R/lib -lR
installing to /usr/local/lib/R/site-library/00LOCK-pROC/00new/pROC/libs
** R
** data
*** moving datasets to lazyload DB
** inst
** byte-compile and prepare package for lazy loading
** help
*** installing help indices
** building package indices
** testing if installed package can be loaded from temporary location
** checking absolute paths in shared objects and dynamic libraries
** testing if installed package can be loaded from final location
** testing if installed package keeps a record of temporary installation path
* creating tarball
packaged installation of ‘pROC’ as ‘pROC_1.18.5_R_x86_64-pc-linux-gnu.tar.gz’
* DONE (pROC)
* installing *source* package ‘rols’ ...
** this is package ‘rols’ version ‘3.4.0’
** using staged installation
** R
** inst
** byte-compile and prepare package for lazy loading
Creating a generic function for ‘lapply’ from package ‘base’ in package ‘rols’
** help
*** installing help indices
** building package indices
** installing vignettes
** testing if installed package can be loaded from temporary location
** testing if installed package can be loaded from final location
** testing if installed package keeps a record of temporary installation path
* creating tarball
packaged installation of ‘rols’ as ‘rols_3.4.0_R_x86_64-pc-linux-gnu.tar.gz’
* DONE (rols)
* installing *source* package ‘RUnit’ ...
** this is package ‘RUnit’ version ‘0.4.33’
** package ‘RUnit’ successfully unpacked and MD5 sums checked
** using staged installation
** R
** inst
** byte-compile and prepare package for lazy loading
** help
*** installing help indices
** building package indices
** installing vignettes
** testing if installed package can be loaded from temporary location
** testing if installed package can be loaded from final location
** testing if installed package keeps a record of temporary installation path
* creating tarball
packaged installation of ‘RUnit’ as ‘RUnit_0.4.33_R_x86_64-pc-linux-gnu.tar.gz’
* DONE (RUnit)
* installing *source* package ‘shinyWidgets’ ...
** this is package ‘shinyWidgets’ version ‘0.9.0’
** package ‘shinyWidgets’ successfully unpacked and MD5 sums checked
** using staged installation
** R
** data
*** moving datasets to lazyload DB
** inst
** byte-compile and prepare package for lazy loading
** help
*** installing help indices
*** copying figures
** building package indices
** testing if installed package can be loaded from temporary location
** testing if installed package can be loaded from final location
** testing if installed package keeps a record of temporary installation path
* creating tarball
packaged installation of ‘shinyWidgets’ as ‘shinyWidgets_0.9.0_R_x86_64-pc-linux-gnu.tar.gz’
* DONE (shinyWidgets)
* installing *source* package ‘shinyjs’ ...
** this is package ‘shinyjs’ version ‘2.1.0’
** package ‘shinyjs’ successfully unpacked and MD5 sums checked
** using staged installation
** R
** inst
** byte-compile and prepare package for lazy loading
** help
*** installing help indices
** building package indices
** installing vignettes
** testing if installed package can be loaded from temporary location
** testing if installed package can be loaded from final location
** testing if installed package keeps a record of temporary installation path
* creating tarball
packaged installation of ‘shinyjs’ as ‘shinyjs_2.1.0_R_x86_64-pc-linux-gnu.tar.gz’
* DONE (shinyjs)
* installing *source* package ‘shinyBS’ ...
** this is package ‘shinyBS’ version ‘0.61.1’
** package ‘shinyBS’ successfully unpacked and MD5 sums checked
** using staged installation
** R
** inst
** byte-compile and prepare package for lazy loading
** help
*** installing help indices
** building package indices
** testing if installed package can be loaded from temporary location
** testing if installed package can be loaded from final location
** testing if installed package keeps a record of temporary installation path
* creating tarball
packaged installation of ‘shinyBS’ as ‘shinyBS_0.61.1_R_x86_64-pc-linux-gnu.tar.gz’
* DONE (shinyBS)
* installing *source* package ‘sparkline’ ...
** this is package ‘sparkline’ version ‘2.0’
** package ‘sparkline’ successfully unpacked and MD5 sums checked
** using staged installation
** R
** inst
** byte-compile and prepare package for lazy loading
** help
*** installing help indices
** building package indices
** installing vignettes
** testing if installed package can be loaded from temporary location
** testing if installed package can be loaded from final location
** testing if installed package keeps a record of temporary installation path
* creating tarball
packaged installation of ‘sparkline’ as ‘sparkline_2.0_R_x86_64-pc-linux-gnu.tar.gz’
* DONE (sparkline)
* installing *source* package ‘spsUtil’ ...
** this is package ‘spsUtil’ version ‘0.2.2’
** package ‘spsUtil’ successfully unpacked and MD5 sums checked
** using staged installation
** R
** byte-compile and prepare package for lazy loading
** help
*** installing help indices
** building package indices
** testing if installed package can be loaded from temporary location
** testing if installed package can be loaded from final location
** testing if installed package keeps a record of temporary installation path
* creating tarball
packaged installation of ‘spsUtil’ as ‘spsUtil_0.2.2_R_x86_64-pc-linux-gnu.tar.gz’
* DONE (spsUtil)
* installing *source* package ‘UpSetR’ ...
** this is package ‘UpSetR’ version ‘1.4.0’
** package ‘UpSetR’ successfully unpacked and MD5 sums checked
** using staged installation
** R
** inst
** byte-compile and prepare package for lazy loading
** help
*** installing help indices
** building package indices
** installing vignettes
** testing if installed package can be loaded from temporary location
** testing if installed package can be loaded from final location
** testing if installed package keeps a record of temporary installation path
* creating tarball
packaged installation of ‘UpSetR’ as ‘UpSetR_1.4.0_R_x86_64-pc-linux-gnu.tar.gz’
* DONE (UpSetR)
* installing *source* package ‘visNetwork’ ...
** this is package ‘visNetwork’ version ‘2.1.2’
** package ‘visNetwork’ successfully unpacked and MD5 sums checked
** using staged installation
** R
** inst
** byte-compile and prepare package for lazy loading
** help
*** installing help indices
** building package indices
** installing vignettes
** testing if installed package can be loaded from temporary location
** testing if installed package can be loaded from final location
** testing if installed package keeps a record of temporary installation path
* creating tarball
packaged installation of ‘visNetwork’ as ‘visNetwork_2.1.2_R_x86_64-pc-linux-gnu.tar.gz’
* DONE (visNetwork)
* installing *source* package ‘R.oo’ ...
** this is package ‘R.oo’ version ‘1.27.1’
** package ‘R.oo’ successfully unpacked and MD5 sums checked
** using staged installation
** R
** inst
** byte-compile and prepare package for lazy loading
Warning in setGenericS3.default(name, export = exportGeneric, envir = envir,  :
  Renamed the preexisting function getClasses to getClasses.default, which was defined in environment R.oo.
** help
*** installing help indices
** building package indices
** testing if installed package can be loaded from temporary location
** testing if installed package can be loaded from final location
** testing if installed package keeps a record of temporary installation path
* creating tarball
packaged installation of ‘R.oo’ as ‘R.oo_1.27.1_R_x86_64-pc-linux-gnu.tar.gz’
* DONE (R.oo)
* installing *source* package ‘markdown’ ...
** this is package ‘markdown’ version ‘2.0’
** package ‘markdown’ successfully unpacked and MD5 sums checked
** using staged installation
** R
** inst
** byte-compile and prepare package for lazy loading
** help
*** installing help indices
** building package indices
** testing if installed package can be loaded from temporary location
** testing if installed package can be loaded from final location
** testing if installed package keeps a record of temporary installation path
* creating tarball
packaged installation of ‘markdown’ as ‘markdown_2.0_R_x86_64-pc-linux-gnu.tar.gz’
* DONE (markdown)
* installing *source* package ‘htmlTable’ ...
** this is package ‘htmlTable’ version ‘2.4.3’
** package ‘htmlTable’ successfully unpacked and MD5 sums checked
** using staged installation
** R
** data
** inst
** byte-compile and prepare package for lazy loading
** help
*** installing help indices
** building package indices
** installing vignettes
** testing if installed package can be loaded from temporary location
** testing if installed package can be loaded from final location
** testing if installed package keeps a record of temporary installation path
* creating tarball
packaged installation of ‘htmlTable’ as ‘htmlTable_2.4.3_R_x86_64-pc-linux-gnu.tar.gz’
* DONE (htmlTable)
* installing *source* package ‘svglite’ ...
** this is package ‘svglite’ version ‘2.2.0’
** package ‘svglite’ successfully unpacked and MD5 sums checked
** using staged installation
** libs
using C++ compiler: ‘g++ (Ubuntu 11.4.0-1ubuntu1~22.04) 11.4.0’
g++ -std=gnu++17 -I"/usr/share/R/include" -DNDEBUG  -I'/usr/local/lib/R/site-library/cpp11/include' -I'/usr/local/lib/R/site-library/systemfonts/include' -I'/usr/local/lib/R/site-library/textshaping/include'     -fpic  -g -O2 -ffile-prefix-map=/build/r-base-rgGXCp/r-base-4.5.0=. -fstack-protector-strong -Wformat -Werror=format-security -Wdate-time -D_FORTIFY_SOURCE=2   -c SvgStream.cpp -o SvgStream.o
g++ -std=gnu++17 -I"/usr/share/R/include" -DNDEBUG  -I'/usr/local/lib/R/site-library/cpp11/include' -I'/usr/local/lib/R/site-library/systemfonts/include' -I'/usr/local/lib/R/site-library/textshaping/include'     -fpic  -g -O2 -ffile-prefix-map=/build/r-base-rgGXCp/r-base-4.5.0=. -fstack-protector-strong -Wformat -Werror=format-security -Wdate-time -D_FORTIFY_SOURCE=2   -c cpp11.cpp -o cpp11.o
g++ -std=gnu++17 -I"/usr/share/R/include" -DNDEBUG  -I'/usr/local/lib/R/site-library/cpp11/include' -I'/usr/local/lib/R/site-library/systemfonts/include' -I'/usr/local/lib/R/site-library/textshaping/include'     -fpic  -g -O2 -ffile-prefix-map=/build/r-base-rgGXCp/r-base-4.5.0=. -fstack-protector-strong -Wformat -Werror=format-security -Wdate-time -D_FORTIFY_SOURCE=2   -c devSVG.cpp -o devSVG.o
g++ -std=gnu++17 -shared -L/usr/lib/R/lib -Wl,-Bsymbolic-functions -flto=auto -ffat-lto-objects -flto=auto -Wl,-z,relro -o svglite.so SvgStream.o cpp11.o devSVG.o -lpng -lz -L/usr/lib/R/lib -lR
installing to /usr/local/lib/R/site-library/00LOCK-svglite/00new/svglite/libs
** R
** inst
** byte-compile and prepare package for lazy loading
** help
*** installing help indices
*** copying figures
** building package indices
** installing vignettes
** testing if installed package can be loaded from temporary location
** checking absolute paths in shared objects and dynamic libraries
** testing if installed package can be loaded from final location
** testing if installed package keeps a record of temporary installation path
* creating tarball
packaged installation of ‘svglite’ as ‘svglite_2.2.0_R_x86_64-pc-linux-gnu.tar.gz’
* DONE (svglite)
* installing *source* package ‘ggbeeswarm’ ...
** this is package ‘ggbeeswarm’ version ‘0.7.2’
** package ‘ggbeeswarm’ successfully unpacked and MD5 sums checked
** using staged installation
** R
** inst
** byte-compile and prepare package for lazy loading
** help
*** installing help indices
*** copying figures
** building package indices
** installing vignettes
** testing if installed package can be loaded from temporary location
** testing if installed package can be loaded from final location
** testing if installed package keeps a record of temporary installation path
* creating tarball
packaged installation of ‘ggbeeswarm’ as ‘ggbeeswarm_0.7.2_R_x86_64-pc-linux-gnu.tar.gz’
* DONE (ggbeeswarm)
* installing *source* package ‘foreach’ ...
** this is package ‘foreach’ version ‘1.5.2’
** package ‘foreach’ successfully unpacked and MD5 sums checked
** using staged installation
** R
** demo
** inst
** byte-compile and prepare package for lazy loading
** help
*** installing help indices
** building package indices
** installing vignettes
** testing if installed package can be loaded from temporary location
** testing if installed package can be loaded from final location
** testing if installed package keeps a record of temporary installation path
* creating tarball
packaged installation of ‘foreach’ as ‘foreach_1.5.2_R_x86_64-pc-linux-gnu.tar.gz’
* DONE (foreach)
* installing *source* package ‘xlsxjars’ ...
** this is package ‘xlsxjars’ version ‘0.6.1’
** package ‘xlsxjars’ successfully unpacked and MD5 sums checked
** using staged installation
** R
** inst
** byte-compile and prepare package for lazy loading
** help
*** installing help indices
** building package indices
** testing if installed package can be loaded from temporary location
** testing if installed package can be loaded from final location
** testing if installed package keeps a record of temporary installation path
* creating tarball
packaged installation of ‘xlsxjars’ as ‘xlsxjars_0.6.1_R_x86_64-pc-linux-gnu.tar.gz’
* DONE (xlsxjars)
* installing *source* package ‘genefilter’ ...
** this is package ‘genefilter’ version ‘1.90.0’
** using staged installation
** libs
using C compiler: ‘gcc (Ubuntu 11.4.0-1ubuntu1~22.04) 11.4.0’
using Fortran compiler: ‘GNU Fortran (Ubuntu 11.4.0-1ubuntu1~22.04) 11.4.0’
using C++ compiler: ‘g++ (Ubuntu 11.4.0-1ubuntu1~22.04) 11.4.0’
g++ -std=gnu++17 -I"/usr/share/R/include" -DNDEBUG       -fpic  -g -O2 -ffile-prefix-map=/build/r-base-rgGXCp/r-base-4.5.0=. -fstack-protector-strong -Wformat -Werror=format-security -Wdate-time -D_FORTIFY_SOURCE=2   -c half_range_mode.cpp -o half_range_mode.o
half_range_mode.cpp: In function ‘double half_range_mode(double*, double*, double, int)’:
half_range_mode.cpp:100:60: warning: format ‘%i’ expects argument of type ‘int’, but argument 5 has type ‘std::vector<int>::size_type’ {aka ‘long unsigned int’} [-Wformat=]
  100 |     if (diag) Rprintf( "N = %i, N'' = %i, w = %.4f, |J| = %i\n", N, N_double_prime, w, J.size() );
      |                                                           ~^                           ~~~~~~~~
      |                                                            |                                 |
      |                                                            int                               std::vector<int>::size_type {aka long unsigned int}
      |                                                           %li
gcc -I"/usr/share/R/include" -DNDEBUG       -fpic  -g -O2 -ffile-prefix-map=/build/r-base-rgGXCp/r-base-4.5.0=. -fstack-protector-strong -Wformat -Werror=format-security -Wdate-time -D_FORTIFY_SOURCE=2  -c init.c -o init.o
gcc -I"/usr/share/R/include" -DNDEBUG       -fpic  -g -O2 -ffile-prefix-map=/build/r-base-rgGXCp/r-base-4.5.0=. -fstack-protector-strong -Wformat -Werror=format-security -Wdate-time -D_FORTIFY_SOURCE=2  -c nd.c -o nd.o
gcc -I"/usr/share/R/include" -DNDEBUG       -fpic  -g -O2 -ffile-prefix-map=/build/r-base-rgGXCp/r-base-4.5.0=. -fstack-protector-strong -Wformat -Werror=format-security -Wdate-time -D_FORTIFY_SOURCE=2  -c pAUC.c -o pAUC.o
gcc -I"/usr/share/R/include" -DNDEBUG       -fpic  -g -O2 -ffile-prefix-map=/build/r-base-rgGXCp/r-base-4.5.0=. -fstack-protector-strong -Wformat -Werror=format-security -Wdate-time -D_FORTIFY_SOURCE=2  -c rowPAUCs.c -o rowPAUCs.o
gcc -I"/usr/share/R/include" -DNDEBUG       -fpic  -g -O2 -ffile-prefix-map=/build/r-base-rgGXCp/r-base-4.5.0=. -fstack-protector-strong -Wformat -Werror=format-security -Wdate-time -D_FORTIFY_SOURCE=2  -c rowttests.c -o rowttests.o
gfortran  -fpic  -g -O2 -ffile-prefix-map=/build/r-base-rgGXCp/r-base-4.5.0=. -fstack-protector-strong  -c ttest.f -o ttest.o
g++ -std=gnu++17 -shared -L/usr/lib/R/lib -Wl,-Bsymbolic-functions -flto=auto -ffat-lto-objects -flto=auto -Wl,-z,relro -o genefilter.so half_range_mode.o init.o nd.o pAUC.o rowPAUCs.o rowttests.o ttest.o -lgfortran -lm -lquadmath -L/usr/lib/R/lib -lR
installing to /usr/local/lib/R/site-library/00LOCK-genefilter/00new/genefilter/libs
** R
** data
*** moving datasets to lazyload DB
** inst
** byte-compile and prepare package for lazy loading
** help
*** installing help indices
** building package indices
** installing vignettes
** testing if installed package can be loaded from temporary location
** checking absolute paths in shared objects and dynamic libraries
** testing if installed package can be loaded from final location
** testing if installed package keeps a record of temporary installation path
* creating tarball
packaged installation of ‘genefilter’ as ‘genefilter_1.90.0_R_x86_64-pc-linux-gnu.tar.gz’
* DONE (genefilter)
* installing *source* package ‘ggplotify’ ...
** this is package ‘ggplotify’ version ‘0.1.2’
** package ‘ggplotify’ successfully unpacked and MD5 sums checked
** using staged installation
** R
** inst
** byte-compile and prepare package for lazy loading
** help
*** installing help indices
** building package indices
** installing vignettes
** testing if installed package can be loaded from temporary location
** testing if installed package can be loaded from final location
** testing if installed package keeps a record of temporary installation path
* creating tarball
packaged installation of ‘ggplotify’ as ‘ggplotify_0.1.2_R_x86_64-pc-linux-gnu.tar.gz’
* DONE (ggplotify)
* installing *source* package ‘spsComps’ ...
** this is package ‘spsComps’ version ‘0.3.3.0’
** package ‘spsComps’ successfully unpacked and MD5 sums checked
** using staged installation
** R
** inst
** byte-compile and prepare package for lazy loading
** help
*** installing help indices
** building package indices
** testing if installed package can be loaded from temporary location
** testing if installed package can be loaded from final location
** testing if installed package keeps a record of temporary installation path
* creating tarball
packaged installation of ‘spsComps’ as ‘spsComps_0.3.3.0_R_x86_64-pc-linux-gnu.tar.gz’
* DONE (spsComps)
* installing *source* package ‘BiocStyle’ ...
** this is package ‘BiocStyle’ version ‘2.36.0’
** using staged installation
** R
** inst
** byte-compile and prepare package for lazy loading
** help
*** installing help indices
** building package indices
** installing vignettes
** testing if installed package can be loaded from temporary location
** testing if installed package can be loaded from final location
** testing if installed package keeps a record of temporary installation path
* creating tarball
packaged installation of ‘BiocStyle’ as ‘BiocStyle_2.36.0_R_x86_64-pc-linux-gnu.tar.gz’
* DONE (BiocStyle)
* installing *source* package ‘dendextend’ ...
** this is package ‘dendextend’ version ‘1.19.0’
** package ‘dendextend’ successfully unpacked and MD5 sums checked
** using staged installation
** R
** data
*** moving datasets to lazyload DB
** demo
** inst
** byte-compile and prepare package for lazy loading
** help
*** installing help indices
** building package indices
** installing vignettes
** testing if installed package can be loaded from temporary location
** testing if installed package can be loaded from final location
** testing if installed package keeps a record of temporary installation path
* creating tarball
packaged installation of ‘dendextend’ as ‘dendextend_1.19.0_R_x86_64-pc-linux-gnu.tar.gz’
* DONE (dendextend)
* installing *source* package ‘R.utils’ ...
** this is package ‘R.utils’ version ‘2.13.0’
** package ‘R.utils’ successfully unpacked and MD5 sums checked
** using staged installation
** R
** inst
** byte-compile and prepare package for lazy loading
Warning in setGenericS3.default(name, export = exportGeneric, envir = envir,  :
  Renamed the preexisting function warnings to warnings.default, which was defined in environment R.utils.
Warning in setGenericS3.default("use") :
  Renamed the preexisting function use to use.default, which was defined in environment R.utils.
Warning in setMethodS3.default("use", "default", function(pkg = "R.utils",  :
  Method already existed and was overwritten: use.default
** help
*** installing help indices
** building package indices
** testing if installed package can be loaded from temporary location
** testing if installed package can be loaded from final location
** testing if installed package keeps a record of temporary installation path
* creating tarball
packaged installation of ‘R.utils’ as ‘R.utils_2.13.0_R_x86_64-pc-linux-gnu.tar.gz’
* DONE (R.utils)
* installing *source* package ‘ggrastr’ ...
** this is package ‘ggrastr’ version ‘1.0.2’
** package ‘ggrastr’ successfully unpacked and MD5 sums checked
** using staged installation
** R
** inst
** byte-compile and prepare package for lazy loading
** help
*** installing help indices
** building package indices
** installing vignettes
** testing if installed package can be loaded from temporary location
** testing if installed package can be loaded from final location
** testing if installed package keeps a record of temporary installation path
* creating tarball
packaged installation of ‘ggrastr’ as ‘ggrastr_1.0.2_R_x86_64-pc-linux-gnu.tar.gz’
* DONE (ggrastr)
* installing *source* package ‘learnr’ ...
** this is package ‘learnr’ version ‘0.11.5’
** package ‘learnr’ successfully unpacked and MD5 sums checked
** using staged installation
** R
** inst
** byte-compile and prepare package for lazy loading
** help
*** installing help indices
*** copying figures
** building package indices
** installing vignettes
** testing if installed package can be loaded from temporary location
** testing if installed package can be loaded from final location
** testing if installed package keeps a record of temporary installation path
* creating tarball
packaged installation of ‘learnr’ as ‘learnr_0.11.5_R_x86_64-pc-linux-gnu.tar.gz’
* DONE (learnr)
* installing *source* package ‘Hmisc’ ...
** this is package ‘Hmisc’ version ‘5.2-3’
** package ‘Hmisc’ successfully unpacked and MD5 sums checked
** using staged installation
** libs
using C compiler: ‘gcc (Ubuntu 11.4.0-1ubuntu1~22.04) 11.4.0’
using Fortran compiler: ‘GNU Fortran (Ubuntu 11.4.0-1ubuntu1~22.04) 11.4.0’
gcc -I"/usr/share/R/include" -DNDEBUG       -fpic  -g -O2 -ffile-prefix-map=/build/r-base-rgGXCp/r-base-4.5.0=. -fstack-protector-strong -Wformat -Werror=format-security -Wdate-time -D_FORTIFY_SOURCE=2  -c Hmisc.c -o Hmisc.o
gfortran  -fpic  -g -O2 -ffile-prefix-map=/build/r-base-rgGXCp/r-base-4.5.0=. -fstack-protector-strong  -c  cidxcn.f90 -o cidxcn.o
gfortran  -fpic  -g -O2 -ffile-prefix-map=/build/r-base-rgGXCp/r-base-4.5.0=. -fstack-protector-strong  -c  cidxcp.f90 -o cidxcp.o
gfortran  -fpic  -g -O2 -ffile-prefix-map=/build/r-base-rgGXCp/r-base-4.5.0=. -fstack-protector-strong  -c  cutgn.f90 -o cutgn.o
gfortran  -fpic  -g -O2 -ffile-prefix-map=/build/r-base-rgGXCp/r-base-4.5.0=. -fstack-protector-strong  -c  hlqest.f90 -o hlqest.o
gfortran  -fpic  -g -O2 -ffile-prefix-map=/build/r-base-rgGXCp/r-base-4.5.0=. -fstack-protector-strong  -c  hoeffd.f90 -o hoeffd.o
gcc -I"/usr/share/R/include" -DNDEBUG       -fpic  -g -O2 -ffile-prefix-map=/build/r-base-rgGXCp/r-base-4.5.0=. -fstack-protector-strong -Wformat -Werror=format-security -Wdate-time -D_FORTIFY_SOURCE=2  -c init.c -o init.o
gfortran  -fpic  -g -O2 -ffile-prefix-map=/build/r-base-rgGXCp/r-base-4.5.0=. -fstack-protector-strong  -c  jacklins.f90 -o jacklins.o
gfortran  -fpic  -g -O2 -ffile-prefix-map=/build/r-base-rgGXCp/r-base-4.5.0=. -fstack-protector-strong  -c largrec.f -o largrec.o
gcc -I"/usr/share/R/include" -DNDEBUG       -fpic  -g -O2 -ffile-prefix-map=/build/r-base-rgGXCp/r-base-4.5.0=. -fstack-protector-strong -Wformat -Werror=format-security -Wdate-time -D_FORTIFY_SOURCE=2  -c mChoice.c -o mChoice.o
gfortran  -fpic  -g -O2 -ffile-prefix-map=/build/r-base-rgGXCp/r-base-4.5.0=. -fstack-protector-strong  -c  maxempr.f90 -o maxempr.o
gcc -I"/usr/share/R/include" -DNDEBUG       -fpic  -g -O2 -ffile-prefix-map=/build/r-base-rgGXCp/r-base-4.5.0=. -fstack-protector-strong -Wformat -Werror=format-security -Wdate-time -D_FORTIFY_SOURCE=2  -c nstr.c -o nstr.o
gcc -I"/usr/share/R/include" -DNDEBUG       -fpic  -g -O2 -ffile-prefix-map=/build/r-base-rgGXCp/r-base-4.5.0=. -fstack-protector-strong -Wformat -Werror=format-security -Wdate-time -D_FORTIFY_SOURCE=2  -c ranksort.c -o ranksort.o
gfortran  -fpic  -g -O2 -ffile-prefix-map=/build/r-base-rgGXCp/r-base-4.5.0=. -fstack-protector-strong  -c  rcorr.f90 -o rcorr.o
gcc -I"/usr/share/R/include" -DNDEBUG       -fpic  -g -O2 -ffile-prefix-map=/build/r-base-rgGXCp/r-base-4.5.0=. -fstack-protector-strong -Wformat -Werror=format-security -Wdate-time -D_FORTIFY_SOURCE=2  -c string_box.c -o string_box.o
gfortran  -fpic  -g -O2 -ffile-prefix-map=/build/r-base-rgGXCp/r-base-4.5.0=. -fstack-protector-strong  -c  wclosest.f90 -o wclosest.o
gcc -shared -L/usr/lib/R/lib -Wl,-Bsymbolic-functions -flto=auto -ffat-lto-objects -flto=auto -Wl,-z,relro -o Hmisc.so Hmisc.o cidxcn.o cidxcp.o cutgn.o hlqest.o hoeffd.o init.o jacklins.o largrec.o mChoice.o maxempr.o nstr.o ranksort.o rcorr.o string_box.o wclosest.o -lgfortran -lm -lquadmath -L/usr/lib/R/lib -lR
installing to /usr/local/lib/R/site-library/00LOCK-Hmisc/00new/Hmisc/libs
** R
** inst
** byte-compile and prepare package for lazy loading
** help
*** installing help indices
** building package indices
** testing if installed package can be loaded from temporary location
** checking absolute paths in shared objects and dynamic libraries
** testing if installed package can be loaded from final location
** testing if installed package keeps a record of temporary installation path
* creating tarball
packaged installation of ‘Hmisc’ as ‘Hmisc_5.2-3_R_x86_64-pc-linux-gnu.tar.gz’
* DONE (Hmisc)
* installing *source* package ‘doParallel’ ...
** this is package ‘doParallel’ version ‘1.0.17’
** package ‘doParallel’ successfully unpacked and MD5 sums checked
** using staged installation
** R
** demo
** inst
** byte-compile and prepare package for lazy loading
** help
*** installing help indices
** building package indices
** installing vignettes
** testing if installed package can be loaded from temporary location
** testing if installed package can be loaded from final location
** testing if installed package keeps a record of temporary installation path
* creating tarball
packaged installation of ‘doParallel’ as ‘doParallel_1.0.17_R_x86_64-pc-linux-gnu.tar.gz’
* DONE (doParallel)
* installing *source* package ‘kableExtra’ ...
** this is package ‘kableExtra’ version ‘1.4.0’
** package ‘kableExtra’ successfully unpacked and MD5 sums checked
** using staged installation
** R
** inst
** byte-compile and prepare package for lazy loading
Warning: program compiled against libxml 213 using older 209
** help
*** installing help indices
** building package indices
** installing vignettes
** testing if installed package can be loaded from temporary location
Warning: program compiled against libxml 213 using older 209
** testing if installed package can be loaded from final location
Warning: program compiled against libxml 213 using older 209
** testing if installed package keeps a record of temporary installation path
* creating tarball
packaged installation of ‘kableExtra’ as ‘kableExtra_1.4.0_R_x86_64-pc-linux-gnu.tar.gz’
* DONE (kableExtra)
* installing *source* package ‘ExpressionAtlas’ ...
** this is package ‘ExpressionAtlas’ version ‘2.0.0’
** using staged installation
** R
** data
** inst
** byte-compile and prepare package for lazy loading
Warning: program compiled against libxml 213 using older 209
** help
*** installing help indices
** building package indices
** installing vignettes
** testing if installed package can be loaded from temporary location
Warning: program compiled against libxml 213 using older 209
** testing if installed package can be loaded from final location
Warning: program compiled against libxml 213 using older 209
** testing if installed package keeps a record of temporary installation path
* creating tarball
packaged installation of ‘ExpressionAtlas’ as ‘ExpressionAtlas_2.0.0_R_x86_64-pc-linux-gnu.tar.gz’
* DONE (ExpressionAtlas)
* installing *source* package ‘xlsx’ ...
** this is package ‘xlsx’ version ‘0.6.5’
** package ‘xlsx’ successfully unpacked and MD5 sums checked
** using staged installation
** R
** inst
** byte-compile and prepare package for lazy loading
** help
*** installing help indices
** building package indices
** installing vignettes
** testing if installed package can be loaded from temporary location
** testing if installed package can be loaded from final location
** testing if installed package keeps a record of temporary installation path
* creating tarball
packaged installation of ‘xlsx’ as ‘xlsx_0.6.5_R_x86_64-pc-linux-gnu.tar.gz’
* DONE (xlsx)
* installing *source* package ‘spatialHeatmap’ ...
** this is package ‘spatialHeatmap’ version ‘2.14.0’
** using staged installation
** R
** data
** inst
** byte-compile and prepare package for lazy loading
Warning: program compiled against libxml 213 using older 209
Creating a new generic function for ‘svg’ in package ‘spatialHeatmap’
Creating a new generic function for ‘match’ in package ‘spatialHeatmap’
** help
*** installing help indices
** building package indices
** installing vignettes
** testing if installed package can be loaded from temporary location
Warning: program compiled against libxml 213 using older 209
** testing if installed package can be loaded from final location
Warning: program compiled against libxml 213 using older 209
** testing if installed package keeps a record of temporary installation path
* creating tarball
packaged installation of ‘spatialHeatmap’ as ‘spatialHeatmap_2.14.0_R_x86_64-pc-linux-gnu.tar.gz’
* DONE (spatialHeatmap)
* installing *source* package ‘GEOquery’ ...
** this is package ‘GEOquery’ version ‘2.76.0’
** using staged installation
** R
** inst
** byte-compile and prepare package for lazy loading
Warning: program compiled against libxml 213 using older 209
** help
*** installing help indices
** building package indices
** installing vignettes
** testing if installed package can be loaded from temporary location
Warning: program compiled against libxml 213 using older 209
** testing if installed package can be loaded from final location
Warning: program compiled against libxml 213 using older 209
** testing if installed package keeps a record of temporary installation path
* creating tarball
packaged installation of ‘GEOquery’ as ‘GEOquery_2.76.0_R_x86_64-pc-linux-gnu.tar.gz’
* DONE (GEOquery)
* installing *source* package ‘scater’ ...
** this is package ‘scater’ version ‘1.36.0’
** using staged installation
** R
** inst
** byte-compile and prepare package for lazy loading
** help
*** installing help indices
** building package indices
** installing vignettes
** testing if installed package can be loaded from temporary location
** testing if installed package can be loaded from final location
** testing if installed package keeps a record of temporary installation path
* creating tarball
packaged installation of ‘scater’ as ‘scater_1.36.0_R_x86_64-pc-linux-gnu.tar.gz’
* DONE (scater)
* installing *source* package ‘sortable’ ...
** this is package ‘sortable’ version ‘0.5.0’
** package ‘sortable’ successfully unpacked and MD5 sums checked
** using staged installation
** R
** inst
** byte-compile and prepare package for lazy loading
** help
*** installing help indices
*** copying figures
** building package indices
** installing vignettes
** testing if installed package can be loaded from temporary location
** testing if installed package can be loaded from final location
** testing if installed package keeps a record of temporary installation path
* creating tarball
packaged installation of ‘sortable’ as ‘sortable_0.5.0_R_x86_64-pc-linux-gnu.tar.gz’
* DONE (sortable)
* installing *source* package ‘WGCNA’ ...
** this is package ‘WGCNA’ version ‘1.73’
** package ‘WGCNA’ successfully unpacked and MD5 sums checked
** using staged installation
** libs
using C compiler: ‘gcc (Ubuntu 11.4.0-1ubuntu1~22.04) 11.4.0’
using C++ compiler: ‘g++ (Ubuntu 11.4.0-1ubuntu1~22.04) 11.4.0’
gcc -I"/usr/share/R/include" -DNDEBUG -DWITH_THREADS -I'/usr/local/lib/R/site-library/Rcpp/include'     -fpic  -g -O2 -ffile-prefix-map=/build/r-base-rgGXCp/r-base-4.5.0=. -fstack-protector-strong -Wformat -Werror=format-security -Wdate-time -D_FORTIFY_SOURCE=2  -c corFunctions-utils.c -o corFunctions-utils.o
gcc -I"/usr/share/R/include" -DNDEBUG -DWITH_THREADS -I'/usr/local/lib/R/site-library/Rcpp/include'     -fpic  -g -O2 -ffile-prefix-map=/build/r-base-rgGXCp/r-base-4.5.0=. -fstack-protector-strong -Wformat -Werror=format-security -Wdate-time -D_FORTIFY_SOURCE=2  -c corFunctions.c -o corFunctions.o
gcc -I"/usr/share/R/include" -DNDEBUG -DWITH_THREADS -I'/usr/local/lib/R/site-library/Rcpp/include'     -fpic  -g -O2 -ffile-prefix-map=/build/r-base-rgGXCp/r-base-4.5.0=. -fstack-protector-strong -Wformat -Werror=format-security -Wdate-time -D_FORTIFY_SOURCE=2  -c myMatrixMultiplication.c -o myMatrixMultiplication.o
gcc -I"/usr/share/R/include" -DNDEBUG -DWITH_THREADS -I'/usr/local/lib/R/site-library/Rcpp/include'     -fpic  -g -O2 -ffile-prefix-map=/build/r-base-rgGXCp/r-base-4.5.0=. -fstack-protector-strong -Wformat -Werror=format-security -Wdate-time -D_FORTIFY_SOURCE=2  -c networkFunctions.c -o networkFunctions.o
g++ -std=gnu++17 -I"/usr/share/R/include" -DNDEBUG -DWITH_THREADS -I'/usr/local/lib/R/site-library/Rcpp/include'     -fpic  -g -O2 -ffile-prefix-map=/build/r-base-rgGXCp/r-base-4.5.0=. -fstack-protector-strong -Wformat -Werror=format-security -Wdate-time -D_FORTIFY_SOURCE=2   -c parallelQuantile.cc -o parallelQuantile.o
gcc -I"/usr/share/R/include" -DNDEBUG -DWITH_THREADS -I'/usr/local/lib/R/site-library/Rcpp/include'     -fpic  -g -O2 -ffile-prefix-map=/build/r-base-rgGXCp/r-base-4.5.0=. -fstack-protector-strong -Wformat -Werror=format-security -Wdate-time -D_FORTIFY_SOURCE=2  -c pivot.c -o pivot.o
g++ -std=gnu++17 -shared -L/usr/lib/R/lib -Wl,-Bsymbolic-functions -flto=auto -ffat-lto-objects -flto=auto -Wl,-z,relro -o WGCNA.so corFunctions-utils.o corFunctions.o myMatrixMultiplication.o networkFunctions.o parallelQuantile.o pivot.o -lpthread -L/usr/lib/R/lib -lR
installing to /usr/local/lib/R/site-library/00LOCK-WGCNA/00new/WGCNA/libs
** R
** data
** inst
** byte-compile and prepare package for lazy loading
** help
*** installing help indices
** building package indices
** testing if installed package can be loaded from temporary location
** checking absolute paths in shared objects and dynamic libraries
** testing if installed package can be loaded from final location
** testing if installed package keeps a record of temporary installation path
* creating tarball
packaged installation of ‘WGCNA’ as ‘WGCNA_1.73_R_x86_64-pc-linux-gnu.tar.gz’
* DONE (WGCNA)

The downloaded source packages are in
	‘/tmp/RtmpDnax3N/downloaded_packages’
Old packages: 'cli', 'DelayedArray', 'diffobj', 'edgeR', 'globals',
  'parallelly', 'pkgdown', 'RcppArmadillo', 'RSQLite', 'scales', 'sctransform',
  'Seurat', 'SeuratObject', 'SingleCellExperiment', 'spatstat.univar',
  'SummarizedExperiment', 'textshaping', 'utf8'
Warning message:
In install.packages(...) :
  installation of package ‘av’ had non-zero exit status

real	22m25.521s
user	21m18.377s
sys	6m4.305s
