+ Rscript -e 'Sys.setenv(BIOCONDUCTOR_USE_CONTAINER_REPOSITORY=FALSE);
  p <- .libPaths();
  p <- c('\'''\'', '\'''\'', p);
  .libPaths(p);
  if(BiocManager::install('\''PLSDAbatch'\'', INSTALL_opts = '\''--build'\'', update = TRUE, quiet = FALSE, dependencies=TRUE, force = TRUE, keep_outputs = TRUE) %in% rownames(installed.packages())) q(status = 0) else q(status = 1)'
'getOption("repos")' replaces Bioconductor standard repositories, see
'help("repositories", package = "BiocManager")' for details.
Replacement repositories:
    CRAN: https://cloud.r-project.org
Bioconductor version 3.21 (BiocManager 1.30.25), R 4.5.0 (2025-04-11)
Installing package(s) 'PLSDAbatch'
also installing the dependencies ‘Deriv’, ‘microbenchmark’, ‘doBy’, ‘SparseM’, ‘MatrixModels’, ‘carData’, ‘Formula’, ‘pbkrtest’, ‘quantreg’, ‘pracma’, ‘corrplot’, ‘car’, ‘minqa’, ‘nloptr’, ‘reformulas’, ‘tidytree’, ‘yulab.utils’, ‘ellipse’, ‘corpcor’, ‘rARPACK’, ‘gsignal’, ‘rgl’, ‘rbibutils’, ‘ggsci’, ‘ggsignif’, ‘polynom’, ‘rstatix’, ‘lme4’, ‘numDeriv’, ‘bayestestR’, ‘insight’, ‘datawizard’, ‘permute’, ‘bookdown’, ‘ape’, ‘treeio’, ‘dlstats’, ‘rvcheck’, ‘mixOmics’, ‘Rdpack’, ‘ggpubr’, ‘lmerTest’, ‘performance’, ‘pheatmap’, ‘vegan’, ‘BiocStyle’, ‘TreeSummarizedExperiment’, ‘badger’

trying URL 'https://cloud.r-project.org/src/contrib/Deriv_4.1.6.tar.gz'
trying URL 'https://cloud.r-project.org/src/contrib/microbenchmark_1.5.0.tar.gz'
trying URL 'https://cloud.r-project.org/src/contrib/doBy_4.6.27.tar.gz'
trying URL 'https://cloud.r-project.org/src/contrib/SparseM_1.84-2.tar.gz'
trying URL 'https://cloud.r-project.org/src/contrib/MatrixModels_0.5-4.tar.gz'
trying URL 'https://cloud.r-project.org/src/contrib/carData_3.0-5.tar.gz'
trying URL 'https://cloud.r-project.org/src/contrib/Formula_1.2-5.tar.gz'
trying URL 'https://cloud.r-project.org/src/contrib/pbkrtest_0.5.4.tar.gz'
trying URL 'https://cloud.r-project.org/src/contrib/quantreg_6.1.tar.gz'
trying URL 'https://cloud.r-project.org/src/contrib/pracma_2.4.4.tar.gz'
trying URL 'https://cloud.r-project.org/src/contrib/corrplot_0.95.tar.gz'
trying URL 'https://cloud.r-project.org/src/contrib/car_3.1-3.tar.gz'
trying URL 'https://cloud.r-project.org/src/contrib/minqa_1.2.8.tar.gz'
trying URL 'https://cloud.r-project.org/src/contrib/nloptr_2.2.1.tar.gz'
trying URL 'https://cloud.r-project.org/src/contrib/reformulas_0.4.1.tar.gz'
trying URL 'https://cloud.r-project.org/src/contrib/tidytree_0.4.6.tar.gz'
trying URL 'https://cloud.r-project.org/src/contrib/yulab.utils_0.2.0.tar.gz'
trying URL 'https://cloud.r-project.org/src/contrib/ellipse_0.5.0.tar.gz'
trying URL 'https://cloud.r-project.org/src/contrib/corpcor_1.6.10.tar.gz'
trying URL 'https://cloud.r-project.org/src/contrib/rARPACK_0.11-0.tar.gz'
trying URL 'https://cloud.r-project.org/src/contrib/gsignal_0.3-7.tar.gz'
trying URL 'https://cloud.r-project.org/src/contrib/rgl_1.3.18.tar.gz'
trying URL 'https://cloud.r-project.org/src/contrib/rbibutils_2.3.tar.gz'
trying URL 'https://cloud.r-project.org/src/contrib/ggsci_3.2.0.tar.gz'
trying URL 'https://cloud.r-project.org/src/contrib/ggsignif_0.6.4.tar.gz'
trying URL 'https://cloud.r-project.org/src/contrib/polynom_1.4-1.tar.gz'
trying URL 'https://cloud.r-project.org/src/contrib/rstatix_0.7.2.tar.gz'
trying URL 'https://cloud.r-project.org/src/contrib/lme4_1.1-37.tar.gz'
trying URL 'https://cloud.r-project.org/src/contrib/numDeriv_2016.8-1.1.tar.gz'
trying URL 'https://cloud.r-project.org/src/contrib/bayestestR_0.15.3.tar.gz'
trying URL 'https://cloud.r-project.org/src/contrib/insight_1.2.0.tar.gz'
trying URL 'https://cloud.r-project.org/src/contrib/datawizard_1.1.0.tar.gz'
trying URL 'https://cloud.r-project.org/src/contrib/permute_0.9-7.tar.gz'
trying URL 'https://cloud.r-project.org/src/contrib/bookdown_0.43.tar.gz'
trying URL 'https://cloud.r-project.org/src/contrib/ape_5.8-1.tar.gz'
trying URL 'https://bioconductor.org/packages/3.21/bioc/src/contrib/treeio_1.32.0.tar.gz'
trying URL 'https://cloud.r-project.org/src/contrib/dlstats_0.1.7.tar.gz'
trying URL 'https://cloud.r-project.org/src/contrib/rvcheck_0.2.1.tar.gz'
trying URL 'https://bioconductor.org/packages/3.21/bioc/src/contrib/mixOmics_6.32.0.tar.gz'
trying URL 'https://cloud.r-project.org/src/contrib/Rdpack_2.6.4.tar.gz'
trying URL 'https://cloud.r-project.org/src/contrib/ggpubr_0.6.0.tar.gz'
trying URL 'https://cloud.r-project.org/src/contrib/lmerTest_3.1-3.tar.gz'
trying URL 'https://cloud.r-project.org/src/contrib/performance_0.13.0.tar.gz'
trying URL 'https://cloud.r-project.org/src/contrib/pheatmap_1.0.12.tar.gz'
trying URL 'https://cloud.r-project.org/src/contrib/vegan_2.6-10.tar.gz'
trying URL 'https://bioconductor.org/packages/3.21/bioc/src/contrib/BiocStyle_2.36.0.tar.gz'
trying URL 'https://bioconductor.org/packages/3.21/bioc/src/contrib/TreeSummarizedExperiment_2.16.1.tar.gz'
trying URL 'https://cloud.r-project.org/src/contrib/badger_0.2.4.tar.gz'
trying URL 'https://bioconductor.org/packages/3.21/bioc/src/contrib/PLSDAbatch_1.4.0.tar.gz'
* installing *source* package ‘Deriv’ ...
** this is package ‘Deriv’ version ‘4.1.6’
** package ‘Deriv’ successfully unpacked and MD5 sums checked
** using staged installation
** R
** inst
** byte-compile and prepare package for lazy loading
** help
*** installing help indices
** building package indices
** testing if installed package can be loaded from temporary location
** testing if installed package can be loaded from final location
** testing if installed package keeps a record of temporary installation path
* creating tarball
packaged installation of ‘Deriv’ as ‘Deriv_4.1.6_R_x86_64-pc-linux-gnu.tar.gz’
* DONE (Deriv)
* installing *source* package ‘microbenchmark’ ...
** this is package ‘microbenchmark’ version ‘1.5.0’
** package ‘microbenchmark’ successfully unpacked and MD5 sums checked
** using staged installation
checking for gcc... gcc
checking whether the C compiler works... yes
checking for C compiler default output file name... a.out
checking for suffix of executables... 
checking whether we are cross compiling... no
checking for suffix of object files... o
checking whether the compiler supports GNU C... yes
checking whether gcc accepts -g... yes
checking for gcc option to enable C11 features... none needed
checking for stdio.h... yes
checking for stdlib.h... yes
checking for string.h... yes
checking for inttypes.h... yes
checking for stdint.h... yes
checking for strings.h... yes
checking for sys/stat.h... yes
checking for sys/types.h... yes
checking for unistd.h... yes
checking for stdint.h... (cached) yes
checking for stdlib.h... (cached) yes
checking for sys/time.h... yes
checking for uint64_t... yes
checking for error_at_line... yes
checking for mach_absolute_time... no
checking for library containing clock_gettime... none required
checking for best clockid_t to use with clock_gettime... CLOCK_MONOTONIC_RAW
configure: creating ./config.status
config.status: creating src/Makevars
config.status: creating src/config.h
** libs
using C compiler: ‘gcc (Ubuntu 11.4.0-1ubuntu1~22.04) 11.4.0’
gcc -I"/usr/share/R/include" -DNDEBUG -D_POSIX_C_SOURCE=200112L -DHAVE_CONFIG_H      -fpic  -g -O2 -ffile-prefix-map=/build/r-base-rgGXCp/r-base-4.5.0=. -fstack-protector-strong -Wformat -Werror=format-security -Wdate-time -D_FORTIFY_SOURCE=2  -c do_nothing.c -o do_nothing.o
gcc -I"/usr/share/R/include" -DNDEBUG -D_POSIX_C_SOURCE=200112L -DHAVE_CONFIG_H      -fpic  -g -O2 -ffile-prefix-map=/build/r-base-rgGXCp/r-base-4.5.0=. -fstack-protector-strong -Wformat -Werror=format-security -Wdate-time -D_FORTIFY_SOURCE=2  -c init.c -o init.o
gcc -I"/usr/share/R/include" -DNDEBUG -D_POSIX_C_SOURCE=200112L -DHAVE_CONFIG_H      -fpic  -g -O2 -ffile-prefix-map=/build/r-base-rgGXCp/r-base-4.5.0=. -fstack-protector-strong -Wformat -Werror=format-security -Wdate-time -D_FORTIFY_SOURCE=2  -c nanotimer.c -o nanotimer.o
gcc -shared -L/usr/lib/R/lib -Wl,-Bsymbolic-functions -flto=auto -ffat-lto-objects -flto=auto -Wl,-z,relro -o microbenchmark.so do_nothing.o init.o nanotimer.o -L/usr/lib/R/lib -lR
installing to /usr/local/lib/R/site-library/00LOCK-microbenchmark/00new/microbenchmark/libs
** R
** inst
** byte-compile and prepare package for lazy loading
** help
*** installing help indices
** building package indices
** testing if installed package can be loaded from temporary location
** checking absolute paths in shared objects and dynamic libraries
** testing if installed package can be loaded from final location
** testing if installed package keeps a record of temporary installation path
* creating tarball
packaged installation of ‘microbenchmark’ as ‘microbenchmark_1.5.0_R_x86_64-pc-linux-gnu.tar.gz’
* DONE (microbenchmark)
* installing *source* package ‘SparseM’ ...
** this is package ‘SparseM’ version ‘1.84-2’
** package ‘SparseM’ successfully unpacked and MD5 sums checked
** using staged installation
** libs
using C compiler: ‘gcc (Ubuntu 11.4.0-1ubuntu1~22.04) 11.4.0’
using Fortran compiler: ‘GNU Fortran (Ubuntu 11.4.0-1ubuntu1~22.04) 11.4.0’
gfortran  -fpic  -g -O2 -ffile-prefix-map=/build/r-base-rgGXCp/r-base-4.5.0=. -fstack-protector-strong  -c bckslv.f -o bckslv.o
gfortran  -fpic  -g -O2 -ffile-prefix-map=/build/r-base-rgGXCp/r-base-4.5.0=. -fstack-protector-strong  -c chol.f -o chol.o
gfortran  -fpic  -g -O2 -ffile-prefix-map=/build/r-base-rgGXCp/r-base-4.5.0=. -fstack-protector-strong  -c chol2csr.f -o chol2csr.o
gfortran  -fpic  -g -O2 -ffile-prefix-map=/build/r-base-rgGXCp/r-base-4.5.0=. -fstack-protector-strong  -c cholesky.f -o cholesky.o
gfortran  -fpic  -g -O2 -ffile-prefix-map=/build/r-base-rgGXCp/r-base-4.5.0=. -fstack-protector-strong  -c csr.f -o csr.o
gfortran  -fpic  -g -O2 -ffile-prefix-map=/build/r-base-rgGXCp/r-base-4.5.0=. -fstack-protector-strong  -c extract.f -o extract.o
gcc -I"/usr/share/R/include" -DNDEBUG       -fpic  -g -O2 -ffile-prefix-map=/build/r-base-rgGXCp/r-base-4.5.0=. -fstack-protector-strong -Wformat -Werror=format-security -Wdate-time -D_FORTIFY_SOURCE=2  -c init.c -o init.o
gfortran  -fpic  -g -O2 -ffile-prefix-map=/build/r-base-rgGXCp/r-base-4.5.0=. -fstack-protector-strong  -c sparskit.f -o sparskit.o
gfortran  -fpic  -g -O2 -ffile-prefix-map=/build/r-base-rgGXCp/r-base-4.5.0=. -fstack-protector-strong  -c subscr.f -o subscr.o
gcc -shared -L/usr/lib/R/lib -Wl,-Bsymbolic-functions -flto=auto -ffat-lto-objects -flto=auto -Wl,-z,relro -o SparseM.so bckslv.o chol.o chol2csr.o cholesky.o csr.o extract.o init.o sparskit.o subscr.o -lgfortran -lm -lquadmath -L/usr/lib/R/lib -lR
installing to /usr/local/lib/R/site-library/00LOCK-SparseM/00new/SparseM/libs
** R
** data
** demo
** inst
** byte-compile and prepare package for lazy loading
Creating a generic function for ‘diag’ from package ‘base’ in package ‘SparseM’
Creating a generic function for ‘diag<-’ from package ‘base’ in package ‘SparseM’
Creating a generic function for ‘norm’ from package ‘base’ in package ‘SparseM’
Creating a generic function for ‘backsolve’ from package ‘base’ in package ‘SparseM’
Creating a generic function for ‘forwardsolve’ from package ‘base’ in package ‘SparseM’
Creating a generic function for ‘model.response’ from package ‘stats’ in package ‘SparseM’
** help
*** installing help indices
** building package indices
** installing vignettes
** testing if installed package can be loaded from temporary location
** checking absolute paths in shared objects and dynamic libraries
** testing if installed package can be loaded from final location
** testing if installed package keeps a record of temporary installation path
* creating tarball
packaged installation of ‘SparseM’ as ‘SparseM_1.84-2_R_x86_64-pc-linux-gnu.tar.gz’
* DONE (SparseM)
* installing *source* package ‘MatrixModels’ ...
** this is package ‘MatrixModels’ version ‘0.5-4’
** package ‘MatrixModels’ successfully unpacked and MD5 sums checked
** using staged installation
** R
** byte-compile and prepare package for lazy loading
** help
*** installing help indices
** building package indices
** testing if installed package can be loaded from temporary location
** testing if installed package can be loaded from final location
** testing if installed package keeps a record of temporary installation path
* creating tarball
packaged installation of ‘MatrixModels’ as ‘MatrixModels_0.5-4_R_x86_64-pc-linux-gnu.tar.gz’
* DONE (MatrixModels)
* installing *source* package ‘carData’ ...
** this is package ‘carData’ version ‘3.0-5’
** package ‘carData’ successfully unpacked and MD5 sums checked
** using staged installation
** data
*** moving datasets to lazyload DB
** help
*** installing help indices
** building package indices
** testing if installed package can be loaded from temporary location
** testing if installed package can be loaded from final location
** testing if installed package keeps a record of temporary installation path
* creating tarball
packaged installation of ‘carData’ as ‘carData_3.0-5_R_x86_64-pc-linux-gnu.tar.gz’
* DONE (carData)
* installing *source* package ‘Formula’ ...
** this is package ‘Formula’ version ‘1.2-5’
** package ‘Formula’ successfully unpacked and MD5 sums checked
** using staged installation
** R
** inst
** byte-compile and prepare package for lazy loading
** help
*** installing help indices
** building package indices
** installing vignettes
** testing if installed package can be loaded from temporary location
** testing if installed package can be loaded from final location
** testing if installed package keeps a record of temporary installation path
* creating tarball
packaged installation of ‘Formula’ as ‘Formula_1.2-5_R_x86_64-pc-linux-gnu.tar.gz’
* DONE (Formula)
* installing *source* package ‘pracma’ ...
** this is package ‘pracma’ version ‘2.4.4’
** package ‘pracma’ successfully unpacked and MD5 sums checked
** using staged installation
** R
** data
*** moving datasets to lazyload DB
** demo
** byte-compile and prepare package for lazy loading
** help
*** installing help indices
** building package indices
** testing if installed package can be loaded from temporary location
** testing if installed package can be loaded from final location
** testing if installed package keeps a record of temporary installation path
* creating tarball
packaged installation of ‘pracma’ as ‘pracma_2.4.4_R_x86_64-pc-linux-gnu.tar.gz’
* DONE (pracma)
* installing *source* package ‘corrplot’ ...
** this is package ‘corrplot’ version ‘0.95’
** package ‘corrplot’ successfully unpacked and MD5 sums checked
** using staged installation
** R
** inst
** byte-compile and prepare package for lazy loading
** help
*** installing help indices
** building package indices
** installing vignettes
** testing if installed package can be loaded from temporary location
** testing if installed package can be loaded from final location
** testing if installed package keeps a record of temporary installation path
* creating tarball
packaged installation of ‘corrplot’ as ‘corrplot_0.95_R_x86_64-pc-linux-gnu.tar.gz’
* DONE (corrplot)
* installing *source* package ‘minqa’ ...
** this is package ‘minqa’ version ‘1.2.8’
** package ‘minqa’ successfully unpacked and MD5 sums checked
** using staged installation
** libs
using Fortran compiler: ‘GNU Fortran (Ubuntu 11.4.0-1ubuntu1~22.04) 11.4.0’
using C++ compiler: ‘g++ (Ubuntu 11.4.0-1ubuntu1~22.04) 11.4.0’
gfortran  -fpic  -g -O2 -ffile-prefix-map=/build/r-base-rgGXCp/r-base-4.5.0=. -fstack-protector-strong  -c altmov.f -o altmov.o
gfortran  -fpic  -g -O2 -ffile-prefix-map=/build/r-base-rgGXCp/r-base-4.5.0=. -fstack-protector-strong  -c bigden.f -o bigden.o
gfortran  -fpic  -g -O2 -ffile-prefix-map=/build/r-base-rgGXCp/r-base-4.5.0=. -fstack-protector-strong  -c biglag.f -o biglag.o
gfortran  -fpic  -g -O2 -ffile-prefix-map=/build/r-base-rgGXCp/r-base-4.5.0=. -fstack-protector-strong  -c bobyqa.f -o bobyqa.o
gfortran  -fpic  -g -O2 -ffile-prefix-map=/build/r-base-rgGXCp/r-base-4.5.0=. -fstack-protector-strong  -c bobyqb.f -o bobyqb.o
gfortran  -fpic  -g -O2 -ffile-prefix-map=/build/r-base-rgGXCp/r-base-4.5.0=. -fstack-protector-strong  -c lagmax.f -o lagmax.o
g++ -std=gnu++17 -I"/usr/share/R/include" -DNDEBUG  -I'/usr/local/lib/R/site-library/Rcpp/include'     -fpic  -g -O2 -ffile-prefix-map=/build/r-base-rgGXCp/r-base-4.5.0=. -fstack-protector-strong -Wformat -Werror=format-security -Wdate-time -D_FORTIFY_SOURCE=2   -c minqa.cpp -o minqa.o
gfortran  -fpic  -g -O2 -ffile-prefix-map=/build/r-base-rgGXCp/r-base-4.5.0=. -fstack-protector-strong  -c newuoa.f -o newuoa.o
gfortran  -fpic  -g -O2 -ffile-prefix-map=/build/r-base-rgGXCp/r-base-4.5.0=. -fstack-protector-strong  -c newuob.f -o newuob.o
gfortran  -fpic  -g -O2 -ffile-prefix-map=/build/r-base-rgGXCp/r-base-4.5.0=. -fstack-protector-strong  -c prelim.f -o prelim.o
gfortran  -fpic  -g -O2 -ffile-prefix-map=/build/r-base-rgGXCp/r-base-4.5.0=. -fstack-protector-strong  -c rescue.f -o rescue.o
gfortran  -fpic  -g -O2 -ffile-prefix-map=/build/r-base-rgGXCp/r-base-4.5.0=. -fstack-protector-strong  -c trsapp.f -o trsapp.o
gfortran  -fpic  -g -O2 -ffile-prefix-map=/build/r-base-rgGXCp/r-base-4.5.0=. -fstack-protector-strong  -c trsbox.f -o trsbox.o
gfortran  -fpic  -g -O2 -ffile-prefix-map=/build/r-base-rgGXCp/r-base-4.5.0=. -fstack-protector-strong  -c trstep.f -o trstep.o
gfortran  -fpic  -g -O2 -ffile-prefix-map=/build/r-base-rgGXCp/r-base-4.5.0=. -fstack-protector-strong  -c uobyqa.f -o uobyqa.o
gfortran  -fpic  -g -O2 -ffile-prefix-map=/build/r-base-rgGXCp/r-base-4.5.0=. -fstack-protector-strong  -c uobyqb.f -o uobyqb.o
gfortran  -fpic  -g -O2 -ffile-prefix-map=/build/r-base-rgGXCp/r-base-4.5.0=. -fstack-protector-strong  -c update.f -o update.o
gfortran  -fpic  -g -O2 -ffile-prefix-map=/build/r-base-rgGXCp/r-base-4.5.0=. -fstack-protector-strong  -c updatebobyqa.f -o updatebobyqa.o
g++ -std=gnu++17 -shared -L/usr/lib/R/lib -Wl,-Bsymbolic-functions -flto=auto -ffat-lto-objects -flto=auto -Wl,-z,relro -o minqa.so altmov.o bigden.o biglag.o bobyqa.o bobyqb.o lagmax.o minqa.o newuoa.o newuob.o prelim.o rescue.o trsapp.o trsbox.o trstep.o uobyqa.o uobyqb.o update.o updatebobyqa.o -lgfortran -lm -lquadmath -L/usr/lib/R/lib -lR
installing to /usr/local/lib/R/site-library/00LOCK-minqa/00new/minqa/libs
** R
** byte-compile and prepare package for lazy loading
** help
*** installing help indices
** building package indices
** testing if installed package can be loaded from temporary location
** checking absolute paths in shared objects and dynamic libraries
** testing if installed package can be loaded from final location
** testing if installed package keeps a record of temporary installation path
* creating tarball
packaged installation of ‘minqa’ as ‘minqa_1.2.8_R_x86_64-pc-linux-gnu.tar.gz’
* DONE (minqa)
* installing *source* package ‘nloptr’ ...
** this is package ‘nloptr’ version ‘2.2.1’
** package ‘nloptr’ successfully unpacked and MD5 sums checked
** using staged installation
checking whether the C++ compiler works... yes
checking for C++ compiler default output file name... a.out
checking for suffix of executables... 
checking whether we are cross compiling... no
checking for suffix of object files... o
checking whether the compiler supports GNU C++... yes
checking whether g++ -std=gnu++17 accepts -g... yes
checking for g++ -std=gnu++17 option to enable C++11 features... none needed
checking how to run the C++ preprocessor... g++ -std=gnu++17 -E
checking whether the compiler supports GNU C++... (cached) yes
checking whether g++ -std=gnu++17 accepts -g... (cached) yes
checking for g++ -std=gnu++17 option to enable C++11 features... (cached) none needed
checking for pkg-config... /usr/bin/pkg-config
checking if pkg-config knows NLopt... no
checking for cmake... /usr/bin/cmake
using cmake via /usr/bin/cmake
using NLopt via local cmake build on x86_64
set CC=gcc
set CFLAGS= -fpic -g -O2 -ffile-prefix-map=/build/r-base-rgGXCp/r-base-4.5.0=. -fstack-protector-strong -Wformat -Werror=format-security -Wdate-time -D_FORTIFY_SOURCE=2
set CXX=g++
set CXXFLAGS=-std=gnu++11 -fpic -g -O2 -ffile-prefix-map=/build/r-base-rgGXCp/r-base-4.5.0=. -fstack-protector-strong -Wformat -Werror=format-security -Wdate-time -D_FORTIFY_SOURCE=2
set LDFLAGS=-Wl,-Bsymbolic-functions -flto=auto -ffat-lto-objects -flto=auto -Wl,-z,relro
-- The C compiler identification is GNU 11.4.0
-- The CXX compiler identification is GNU 11.4.0
-- Detecting C compiler ABI info
-- Detecting C compiler ABI info - done
-- Check for working C compiler: /usr/bin/gcc - skipped
-- Detecting C compile features
-- Detecting C compile features - done
-- Detecting CXX compiler ABI info
-- Detecting CXX compiler ABI info - done
-- Check for working CXX compiler: /usr/bin/g++ - skipped
-- Detecting CXX compile features
-- Detecting CXX compile features - done
-- NLopt version 2.10.0
-- Looking for getopt.h
-- Looking for getopt.h - found
-- Looking for unistd.h
-- Looking for unistd.h - found
-- Looking for stdint.h
-- Looking for stdint.h - found
-- Looking for time.h
-- Looking for time.h - found
-- Looking for sys/time.h
-- Looking for sys/time.h - found
-- Looking for getpid
-- Looking for getpid - found
-- Looking for syscall
-- Looking for syscall - found
-- Looking for isinf
-- Looking for isinf - found
-- Looking for isnan
-- Looking for isnan - found
-- Looking for gettimeofday
-- Looking for gettimeofday - found
-- Looking for qsort_r
-- Looking for qsort_r - found
-- Looking for time
-- Looking for time - found
-- Looking for copysign
-- Looking for copysign - found
-- Looking for getopt
-- Looking for getopt - found
-- Looking for sys/types.h
-- Looking for sys/types.h - found
-- Looking for stddef.h
-- Looking for stddef.h - found
-- Check size of uint32_t
-- Check size of uint32_t - done
-- Check size of unsigned int
-- Check size of unsigned int - done
-- Check size of unsigned long
-- Check size of unsigned long - done
-- Looking for sqrt in m
-- Looking for sqrt in m - found
-- Looking for fpclassify
-- Looking for fpclassify - TRUE
-- Performing Test HAVE_THREAD_LOCAL_STORAGE
-- Performing Test HAVE_THREAD_LOCAL_STORAGE - Success
-- Performing Test HAVE_THREAD_LOCAL_STORAGE
-- Performing Test HAVE_THREAD_LOCAL_STORAGE - Failed
-- Looking for __cplusplus
-- Looking for __cplusplus - found
-- Found JNI: /usr/lib/jvm/default-java/lib/libjawt.so  
-- Found Java: /usr/bin/java (found suitable version "11.0.26", minimum required is "1.5") 
-- Configuring done
-- Generating done
-- Build files have been written to: /tmp/RtmpycWLV3/R.INSTALL6ed1c939d4f/nloptr/src/nlopt-build
[  2%] Generating nlopt.hpp
[  2%] Built target generate-cpp
[  4%] Building C object CMakeFiles/nlopt.dir/src/algs/direct/DIRect.c.o
[  6%] Building C object CMakeFiles/nlopt.dir/src/algs/direct/direct_wrap.c.o
[  8%] Building C object CMakeFiles/nlopt.dir/src/algs/direct/DIRserial.c.o
[ 10%] Building C object CMakeFiles/nlopt.dir/src/algs/direct/DIRsubrout.c.o
[ 12%] Building C object CMakeFiles/nlopt.dir/src/algs/cdirect/cdirect.c.o
[ 14%] Building C object CMakeFiles/nlopt.dir/src/algs/cdirect/hybrid.c.o
[ 16%] Building C object CMakeFiles/nlopt.dir/src/algs/praxis/praxis.c.o
[ 18%] Building C object CMakeFiles/nlopt.dir/src/algs/crs/crs.c.o
[ 20%] Building C object CMakeFiles/nlopt.dir/src/algs/mlsl/mlsl.c.o
[ 22%] Building C object CMakeFiles/nlopt.dir/src/algs/mma/mma.c.o
[ 24%] Building C object CMakeFiles/nlopt.dir/src/algs/mma/ccsa_quadratic.c.o
[ 26%] Building C object CMakeFiles/nlopt.dir/src/algs/cobyla/cobyla.c.o
[ 28%] Building C object CMakeFiles/nlopt.dir/src/algs/newuoa/newuoa.c.o
[ 30%] Building C object CMakeFiles/nlopt.dir/src/algs/neldermead/nldrmd.c.o
[ 32%] Building C object CMakeFiles/nlopt.dir/src/algs/neldermead/sbplx.c.o
[ 34%] Building C object CMakeFiles/nlopt.dir/src/algs/auglag/auglag.c.o
[ 36%] Building C object CMakeFiles/nlopt.dir/src/algs/bobyqa/bobyqa.c.o
[ 38%] Building C object CMakeFiles/nlopt.dir/src/algs/isres/isres.c.o
[ 40%] Building C object CMakeFiles/nlopt.dir/src/algs/slsqp/slsqp.c.o
[ 42%] Building C object CMakeFiles/nlopt.dir/src/algs/esch/esch.c.o
[ 44%] Building C object CMakeFiles/nlopt.dir/src/api/general.c.o
[ 46%] Building C object CMakeFiles/nlopt.dir/src/api/options.c.o
[ 48%] Building C object CMakeFiles/nlopt.dir/src/api/optimize.c.o
[ 51%] Building C object CMakeFiles/nlopt.dir/src/api/deprecated.c.o
[ 53%] Building C object CMakeFiles/nlopt.dir/src/api/f77api.c.o
[ 55%] Building C object CMakeFiles/nlopt.dir/src/util/mt19937ar.c.o
[ 57%] Building C object CMakeFiles/nlopt.dir/src/util/sobolseq.c.o
[ 59%] Building C object CMakeFiles/nlopt.dir/src/util/timer.c.o
[ 61%] Building C object CMakeFiles/nlopt.dir/src/util/stop.c.o
[ 63%] Building C object CMakeFiles/nlopt.dir/src/util/redblack.c.o
[ 65%] Building C object CMakeFiles/nlopt.dir/src/util/qsort_r.c.o
[ 67%] Building C object CMakeFiles/nlopt.dir/src/util/rescale.c.o
[ 69%] Building C object CMakeFiles/nlopt.dir/src/algs/luksan/plis.c.o
[ 71%] Building C object CMakeFiles/nlopt.dir/src/algs/luksan/plip.c.o
[ 73%] Building C object CMakeFiles/nlopt.dir/src/algs/luksan/pnet.c.o
[ 75%] Building C object CMakeFiles/nlopt.dir/src/algs/luksan/mssubs.c.o
[ 77%] Building C object CMakeFiles/nlopt.dir/src/algs/luksan/pssubs.c.o
[ 79%] Building CXX object CMakeFiles/nlopt.dir/src/algs/stogo/global.cc.o
[ 81%] Building CXX object CMakeFiles/nlopt.dir/src/algs/stogo/linalg.cc.o
[ 83%] Building CXX object CMakeFiles/nlopt.dir/src/algs/stogo/local.cc.o
[ 85%] Building CXX object CMakeFiles/nlopt.dir/src/algs/stogo/stogo.cc.o
[ 87%] Building CXX object CMakeFiles/nlopt.dir/src/algs/stogo/tools.cc.o
[ 89%] Building CXX object CMakeFiles/nlopt.dir/src/algs/ags/evolvent.cc.o
[ 91%] Building CXX object CMakeFiles/nlopt.dir/src/algs/ags/solver.cc.o
[ 93%] Building CXX object CMakeFiles/nlopt.dir/src/algs/ags/local_optimizer.cc.o
[ 95%] Building CXX object CMakeFiles/nlopt.dir/src/algs/ags/ags.cc.o
[ 97%] Linking CXX static library libnlopt.a
[100%] Built target nlopt
[  2%] Built target generate-cpp
Consolidate compiler generated dependencies of target nlopt
[100%] Built target nlopt
Install the project...
-- Install configuration: "Release"
-- Installing: /tmp/RtmpycWLV3/R.INSTALL6ed1c939d4f/nloptr/src/nlopt/lib/pkgconfig/nlopt.pc
-- Installing: /tmp/RtmpycWLV3/R.INSTALL6ed1c939d4f/nloptr/src/nlopt/include/nlopt.h
-- Installing: /tmp/RtmpycWLV3/R.INSTALL6ed1c939d4f/nloptr/src/nlopt/include/nlopt.hpp
-- Installing: /tmp/RtmpycWLV3/R.INSTALL6ed1c939d4f/nloptr/src/nlopt/lib/libnlopt.a
-- Installing: /tmp/RtmpycWLV3/R.INSTALL6ed1c939d4f/nloptr/src/nlopt/share/man/man3/nlopt.3
-- Installing: /tmp/RtmpycWLV3/R.INSTALL6ed1c939d4f/nloptr/src/nlopt/share/man/man3/nlopt_minimize.3
-- Installing: /tmp/RtmpycWLV3/R.INSTALL6ed1c939d4f/nloptr/src/nlopt/share/man/man3/nlopt_minimize_constrained.3
-- Installing: /tmp/RtmpycWLV3/R.INSTALL6ed1c939d4f/nloptr/src/nlopt/lib/cmake/nlopt/NLoptLibraryDepends.cmake
-- Installing: /tmp/RtmpycWLV3/R.INSTALL6ed1c939d4f/nloptr/src/nlopt/lib/cmake/nlopt/NLoptLibraryDepends-release.cmake
-- Installing: /tmp/RtmpycWLV3/R.INSTALL6ed1c939d4f/nloptr/src/nlopt/lib/cmake/nlopt/NLoptConfig.cmake
-- Installing: /tmp/RtmpycWLV3/R.INSTALL6ed1c939d4f/nloptr/src/nlopt/lib/cmake/nlopt/NLoptConfigVersion.cmake
Moving nlopt/lib to nlopt/lib
mv: cannot move 'nlopt/lib' to a subdirectory of itself, 'nlopt/lib/lib'
Copying headers found in src/nlopt/include into inst/include
configure: creating ./config.status
config.status: creating src/Makevars
** libs
using C compiler: ‘gcc (Ubuntu 11.4.0-1ubuntu1~22.04) 11.4.0’
using C++ compiler: ‘g++ (Ubuntu 11.4.0-1ubuntu1~22.04) 11.4.0’
g++ -std=gnu++17 -I"/usr/share/R/include" -DNDEBUG -Inlopt/include      -fpic  -g -O2 -ffile-prefix-map=/build/r-base-rgGXCp/r-base-4.5.0=. -fstack-protector-strong -Wformat -Werror=format-security -Wdate-time -D_FORTIFY_SOURCE=2   -c dummy.cpp -o dummy.o
gcc -I"/usr/share/R/include" -DNDEBUG -Inlopt/include      -fpic  -g -O2 -ffile-prefix-map=/build/r-base-rgGXCp/r-base-4.5.0=. -fstack-protector-strong -Wformat -Werror=format-security -Wdate-time -D_FORTIFY_SOURCE=2  -c init_nloptr.c -o init_nloptr.o
gcc -I"/usr/share/R/include" -DNDEBUG -Inlopt/include      -fpic  -g -O2 -ffile-prefix-map=/build/r-base-rgGXCp/r-base-4.5.0=. -fstack-protector-strong -Wformat -Werror=format-security -Wdate-time -D_FORTIFY_SOURCE=2  -c nloptr.c -o nloptr.o
g++ -std=gnu++17 -shared -L/usr/lib/R/lib -Wl,-Bsymbolic-functions -flto=auto -ffat-lto-objects -flto=auto -Wl,-z,relro -o nloptr.so dummy.o init_nloptr.o nloptr.o -llapack -lblas -lgfortran -lm -lquadmath nlopt/lib/libnlopt.a -L/usr/lib/R/lib -lR
installing to /usr/local/lib/R/site-library/00LOCK-nloptr/00new/nloptr/libs
** R
** inst
** byte-compile and prepare package for lazy loading
** help
*** installing help indices
*** copying figures
** building package indices
** installing vignettes
** testing if installed package can be loaded from temporary location
** checking absolute paths in shared objects and dynamic libraries
** testing if installed package can be loaded from final location
** testing if installed package keeps a record of temporary installation path
* creating tarball
packaged installation of ‘nloptr’ as ‘nloptr_2.2.1_R_x86_64-pc-linux-gnu.tar.gz’
* DONE (nloptr)
* installing *source* package ‘yulab.utils’ ...
** this is package ‘yulab.utils’ version ‘0.2.0’
** package ‘yulab.utils’ successfully unpacked and MD5 sums checked
** using staged installation
** R
** inst
** byte-compile and prepare package for lazy loading
** help
*** installing help indices
** building package indices
** testing if installed package can be loaded from temporary location
** testing if installed package can be loaded from final location
** testing if installed package keeps a record of temporary installation path
* creating tarball
packaged installation of ‘yulab.utils’ as ‘yulab.utils_0.2.0_R_x86_64-pc-linux-gnu.tar.gz’
* DONE (yulab.utils)
* installing *source* package ‘ellipse’ ...
** this is package ‘ellipse’ version ‘0.5.0’
** package ‘ellipse’ successfully unpacked and MD5 sums checked
** using staged installation
** R
** byte-compile and prepare package for lazy loading
** help
*** installing help indices
*** copying figures
** building package indices
** testing if installed package can be loaded from temporary location
** testing if installed package can be loaded from final location
** testing if installed package keeps a record of temporary installation path
* creating tarball
packaged installation of ‘ellipse’ as ‘ellipse_0.5.0_R_x86_64-pc-linux-gnu.tar.gz’
* DONE (ellipse)
* installing *source* package ‘corpcor’ ...
** this is package ‘corpcor’ version ‘1.6.10’
** package ‘corpcor’ successfully unpacked and MD5 sums checked
** using staged installation
** R
** byte-compile and prepare package for lazy loading
** help
*** installing help indices
** building package indices
** testing if installed package can be loaded from temporary location
** testing if installed package can be loaded from final location
** testing if installed package keeps a record of temporary installation path
* creating tarball
packaged installation of ‘corpcor’ as ‘corpcor_1.6.10_R_x86_64-pc-linux-gnu.tar.gz’
* DONE (corpcor)
* installing *source* package ‘rARPACK’ ...
** this is package ‘rARPACK’ version ‘0.11-0’
** package ‘rARPACK’ successfully unpacked and MD5 sums checked
** using staged installation
** R
** inst
** byte-compile and prepare package for lazy loading
** help
*** installing help indices
** building package indices
** testing if installed package can be loaded from temporary location
** testing if installed package can be loaded from final location
** testing if installed package keeps a record of temporary installation path
* creating tarball
packaged installation of ‘rARPACK’ as ‘rARPACK_0.11-0_R_x86_64-pc-linux-gnu.tar.gz’
* DONE (rARPACK)
* installing *source* package ‘rgl’ ...
** this is package ‘rgl’ version ‘1.3.18’
** package ‘rgl’ successfully unpacked and MD5 sums checked
** using staged installation
checking for gcc... gcc
checking whether the C compiler works... yes
checking for C compiler default output file name... a.out
checking for suffix of executables... 
checking whether we are cross compiling... no
checking for suffix of object files... o
checking whether the compiler supports GNU C... yes
checking whether gcc accepts -g... yes
checking for gcc option to enable C11 features... none needed
checking how to run the C preprocessor... gcc -E
checking for gcc... (cached) gcc
checking whether the compiler supports GNU C... (cached) yes
checking whether gcc accepts -g... (cached) yes
checking for gcc option to enable C11 features... (cached) none needed
checking for libpng-config... yes
configure: using libpng-config
configure: using libpng dynamic linkage
checking for X... libraries , headers 
checking for XAllocClassHint... yes
checking for GL/gl.h... yes
checking for GL/glu.h... yes
checking for glEnd in -lGL... yes
checking for glEnd... yes
checking for gluErrorString in -lGLU... yes
checking for gluErrorString... yes
checking for pkg-config... yes
configure: using Freetype and FTGL
configure: creating ./config.status
config.status: creating R/noOpenGL.R
config.status: creating src/useNULL/Makevars
config.status: creating src/Makevars
** libs
using C compiler: ‘gcc (Ubuntu 11.4.0-1ubuntu1~22.04) 11.4.0’
using C++ compiler: ‘g++ (Ubuntu 11.4.0-1ubuntu1~22.04) 11.4.0’
g++ -std=gnu++17 -I"/usr/share/R/include" -DNDEBUG -DHAVE_PNG_H -I/usr/include/libpng16 -DHAVE_FREETYPE -Iext/ftgl -I/usr/include/freetype2 -I/usr/include/libpng16  -DR_NO_REMAP -Iext -Iext/glad/include -Iext/earcut      -fpic  -g -O2 -ffile-prefix-map=/build/r-base-rgGXCp/r-base-4.5.0=. -fstack-protector-strong -Wformat -Werror=format-security -Wdate-time -D_FORTIFY_SOURCE=2   -c ABCLineSet.cpp -o ABCLineSet.o
g++ -std=gnu++17 -I"/usr/share/R/include" -DNDEBUG -DHAVE_PNG_H -I/usr/include/libpng16 -DHAVE_FREETYPE -Iext/ftgl -I/usr/include/freetype2 -I/usr/include/libpng16  -DR_NO_REMAP -Iext -Iext/glad/include -Iext/earcut      -fpic  -g -O2 -ffile-prefix-map=/build/r-base-rgGXCp/r-base-4.5.0=. -fstack-protector-strong -Wformat -Werror=format-security -Wdate-time -D_FORTIFY_SOURCE=2   -c BBoxDeco.cpp -o BBoxDeco.o
g++ -std=gnu++17 -I"/usr/share/R/include" -DNDEBUG -DHAVE_PNG_H -I/usr/include/libpng16 -DHAVE_FREETYPE -Iext/ftgl -I/usr/include/freetype2 -I/usr/include/libpng16  -DR_NO_REMAP -Iext -Iext/glad/include -Iext/earcut      -fpic  -g -O2 -ffile-prefix-map=/build/r-base-rgGXCp/r-base-4.5.0=. -fstack-protector-strong -Wformat -Werror=format-security -Wdate-time -D_FORTIFY_SOURCE=2   -c Background.cpp -o Background.o
g++ -std=gnu++17 -I"/usr/share/R/include" -DNDEBUG -DHAVE_PNG_H -I/usr/include/libpng16 -DHAVE_FREETYPE -Iext/ftgl -I/usr/include/freetype2 -I/usr/include/libpng16  -DR_NO_REMAP -Iext -Iext/glad/include -Iext/earcut      -fpic  -g -O2 -ffile-prefix-map=/build/r-base-rgGXCp/r-base-4.5.0=. -fstack-protector-strong -Wformat -Werror=format-security -Wdate-time -D_FORTIFY_SOURCE=2   -c ClipPlane.cpp -o ClipPlane.o
g++ -std=gnu++17 -I"/usr/share/R/include" -DNDEBUG -DHAVE_PNG_H -I/usr/include/libpng16 -DHAVE_FREETYPE -Iext/ftgl -I/usr/include/freetype2 -I/usr/include/libpng16  -DR_NO_REMAP -Iext -Iext/glad/include -Iext/earcut      -fpic  -g -O2 -ffile-prefix-map=/build/r-base-rgGXCp/r-base-4.5.0=. -fstack-protector-strong -Wformat -Werror=format-security -Wdate-time -D_FORTIFY_SOURCE=2   -c Color.cpp -o Color.o
g++ -std=gnu++17 -I"/usr/share/R/include" -DNDEBUG -DHAVE_PNG_H -I/usr/include/libpng16 -DHAVE_FREETYPE -Iext/ftgl -I/usr/include/freetype2 -I/usr/include/libpng16  -DR_NO_REMAP -Iext -Iext/glad/include -Iext/earcut      -fpic  -g -O2 -ffile-prefix-map=/build/r-base-rgGXCp/r-base-4.5.0=. -fstack-protector-strong -Wformat -Werror=format-security -Wdate-time -D_FORTIFY_SOURCE=2   -c Disposable.cpp -o Disposable.o
g++ -std=gnu++17 -I"/usr/share/R/include" -DNDEBUG -DHAVE_PNG_H -I/usr/include/libpng16 -DHAVE_FREETYPE -Iext/ftgl -I/usr/include/freetype2 -I/usr/include/libpng16  -DR_NO_REMAP -Iext -Iext/glad/include -Iext/earcut      -fpic  -g -O2 -ffile-prefix-map=/build/r-base-rgGXCp/r-base-4.5.0=. -fstack-protector-strong -Wformat -Werror=format-security -Wdate-time -D_FORTIFY_SOURCE=2   -c Light.cpp -o Light.o
g++ -std=gnu++17 -I"/usr/share/R/include" -DNDEBUG -DHAVE_PNG_H -I/usr/include/libpng16 -DHAVE_FREETYPE -Iext/ftgl -I/usr/include/freetype2 -I/usr/include/libpng16  -DR_NO_REMAP -Iext -Iext/glad/include -Iext/earcut      -fpic  -g -O2 -ffile-prefix-map=/build/r-base-rgGXCp/r-base-4.5.0=. -fstack-protector-strong -Wformat -Werror=format-security -Wdate-time -D_FORTIFY_SOURCE=2   -c LineSet.cpp -o LineSet.o
g++ -std=gnu++17 -I"/usr/share/R/include" -DNDEBUG -DHAVE_PNG_H -I/usr/include/libpng16 -DHAVE_FREETYPE -Iext/ftgl -I/usr/include/freetype2 -I/usr/include/libpng16  -DR_NO_REMAP -Iext -Iext/glad/include -Iext/earcut      -fpic  -g -O2 -ffile-prefix-map=/build/r-base-rgGXCp/r-base-4.5.0=. -fstack-protector-strong -Wformat -Werror=format-security -Wdate-time -D_FORTIFY_SOURCE=2   -c LineStripSet.cpp -o LineStripSet.o
g++ -std=gnu++17 -I"/usr/share/R/include" -DNDEBUG -DHAVE_PNG_H -I/usr/include/libpng16 -DHAVE_FREETYPE -Iext/ftgl -I/usr/include/freetype2 -I/usr/include/libpng16  -DR_NO_REMAP -Iext -Iext/glad/include -Iext/earcut      -fpic  -g -O2 -ffile-prefix-map=/build/r-base-rgGXCp/r-base-4.5.0=. -fstack-protector-strong -Wformat -Werror=format-security -Wdate-time -D_FORTIFY_SOURCE=2   -c Material.cpp -o Material.o
g++ -std=gnu++17 -I"/usr/share/R/include" -DNDEBUG -DHAVE_PNG_H -I/usr/include/libpng16 -DHAVE_FREETYPE -Iext/ftgl -I/usr/include/freetype2 -I/usr/include/libpng16  -DR_NO_REMAP -Iext -Iext/glad/include -Iext/earcut      -fpic  -g -O2 -ffile-prefix-map=/build/r-base-rgGXCp/r-base-4.5.0=. -fstack-protector-strong -Wformat -Werror=format-security -Wdate-time -D_FORTIFY_SOURCE=2   -c NULLgui.cpp -o NULLgui.o
g++ -std=gnu++17 -I"/usr/share/R/include" -DNDEBUG -DHAVE_PNG_H -I/usr/include/libpng16 -DHAVE_FREETYPE -Iext/ftgl -I/usr/include/freetype2 -I/usr/include/libpng16  -DR_NO_REMAP -Iext -Iext/glad/include -Iext/earcut      -fpic  -g -O2 -ffile-prefix-map=/build/r-base-rgGXCp/r-base-4.5.0=. -fstack-protector-strong -Wformat -Werror=format-security -Wdate-time -D_FORTIFY_SOURCE=2   -c PlaneSet.cpp -o PlaneSet.o
g++ -std=gnu++17 -I"/usr/share/R/include" -DNDEBUG -DHAVE_PNG_H -I/usr/include/libpng16 -DHAVE_FREETYPE -Iext/ftgl -I/usr/include/freetype2 -I/usr/include/libpng16  -DR_NO_REMAP -Iext -Iext/glad/include -Iext/earcut      -fpic  -g -O2 -ffile-prefix-map=/build/r-base-rgGXCp/r-base-4.5.0=. -fstack-protector-strong -Wformat -Werror=format-security -Wdate-time -D_FORTIFY_SOURCE=2   -c PointSet.cpp -o PointSet.o
g++ -std=gnu++17 -I"/usr/share/R/include" -DNDEBUG -DHAVE_PNG_H -I/usr/include/libpng16 -DHAVE_FREETYPE -Iext/ftgl -I/usr/include/freetype2 -I/usr/include/libpng16  -DR_NO_REMAP -Iext -Iext/glad/include -Iext/earcut      -fpic  -g -O2 -ffile-prefix-map=/build/r-base-rgGXCp/r-base-4.5.0=. -fstack-protector-strong -Wformat -Werror=format-security -Wdate-time -D_FORTIFY_SOURCE=2   -c PrimitiveSet.cpp -o PrimitiveSet.o
g++ -std=gnu++17 -I"/usr/share/R/include" -DNDEBUG -DHAVE_PNG_H -I/usr/include/libpng16 -DHAVE_FREETYPE -Iext/ftgl -I/usr/include/freetype2 -I/usr/include/libpng16  -DR_NO_REMAP -Iext -Iext/glad/include -Iext/earcut      -fpic  -g -O2 -ffile-prefix-map=/build/r-base-rgGXCp/r-base-4.5.0=. -fstack-protector-strong -Wformat -Werror=format-security -Wdate-time -D_FORTIFY_SOURCE=2   -c R.cpp -o R.o
g++ -std=gnu++17 -I"/usr/share/R/include" -DNDEBUG -DHAVE_PNG_H -I/usr/include/libpng16 -DHAVE_FREETYPE -Iext/ftgl -I/usr/include/freetype2 -I/usr/include/libpng16  -DR_NO_REMAP -Iext -Iext/glad/include -Iext/earcut      -fpic  -g -O2 -ffile-prefix-map=/build/r-base-rgGXCp/r-base-4.5.0=. -fstack-protector-strong -Wformat -Werror=format-security -Wdate-time -D_FORTIFY_SOURCE=2   -c RenderContext.cpp -o RenderContext.o
g++ -std=gnu++17 -I"/usr/share/R/include" -DNDEBUG -DHAVE_PNG_H -I/usr/include/libpng16 -DHAVE_FREETYPE -Iext/ftgl -I/usr/include/freetype2 -I/usr/include/libpng16  -DR_NO_REMAP -Iext -Iext/glad/include -Iext/earcut      -fpic  -g -O2 -ffile-prefix-map=/build/r-base-rgGXCp/r-base-4.5.0=. -fstack-protector-strong -Wformat -Werror=format-security -Wdate-time -D_FORTIFY_SOURCE=2   -c Shape.cpp -o Shape.o
g++ -std=gnu++17 -I"/usr/share/R/include" -DNDEBUG -DHAVE_PNG_H -I/usr/include/libpng16 -DHAVE_FREETYPE -Iext/ftgl -I/usr/include/freetype2 -I/usr/include/libpng16  -DR_NO_REMAP -Iext -Iext/glad/include -Iext/earcut      -fpic  -g -O2 -ffile-prefix-map=/build/r-base-rgGXCp/r-base-4.5.0=. -fstack-protector-strong -Wformat -Werror=format-security -Wdate-time -D_FORTIFY_SOURCE=2   -c SphereMesh.cpp -o SphereMesh.o
g++ -std=gnu++17 -I"/usr/share/R/include" -DNDEBUG -DHAVE_PNG_H -I/usr/include/libpng16 -DHAVE_FREETYPE -Iext/ftgl -I/usr/include/freetype2 -I/usr/include/libpng16  -DR_NO_REMAP -Iext -Iext/glad/include -Iext/earcut      -fpic  -g -O2 -ffile-prefix-map=/build/r-base-rgGXCp/r-base-4.5.0=. -fstack-protector-strong -Wformat -Werror=format-security -Wdate-time -D_FORTIFY_SOURCE=2   -c SphereSet.cpp -o SphereSet.o
g++ -std=gnu++17 -I"/usr/share/R/include" -DNDEBUG -DHAVE_PNG_H -I/usr/include/libpng16 -DHAVE_FREETYPE -Iext/ftgl -I/usr/include/freetype2 -I/usr/include/libpng16  -DR_NO_REMAP -Iext -Iext/glad/include -Iext/earcut      -fpic  -g -O2 -ffile-prefix-map=/build/r-base-rgGXCp/r-base-4.5.0=. -fstack-protector-strong -Wformat -Werror=format-security -Wdate-time -D_FORTIFY_SOURCE=2   -c SpriteSet.cpp -o SpriteSet.o
g++ -std=gnu++17 -I"/usr/share/R/include" -DNDEBUG -DHAVE_PNG_H -I/usr/include/libpng16 -DHAVE_FREETYPE -Iext/ftgl -I/usr/include/freetype2 -I/usr/include/libpng16  -DR_NO_REMAP -Iext -Iext/glad/include -Iext/earcut      -fpic  -g -O2 -ffile-prefix-map=/build/r-base-rgGXCp/r-base-4.5.0=. -fstack-protector-strong -Wformat -Werror=format-security -Wdate-time -D_FORTIFY_SOURCE=2   -c Surface.cpp -o Surface.o
g++ -std=gnu++17 -I"/usr/share/R/include" -DNDEBUG -DHAVE_PNG_H -I/usr/include/libpng16 -DHAVE_FREETYPE -Iext/ftgl -I/usr/include/freetype2 -I/usr/include/libpng16  -DR_NO_REMAP -Iext -Iext/glad/include -Iext/earcut      -fpic  -g -O2 -ffile-prefix-map=/build/r-base-rgGXCp/r-base-4.5.0=. -fstack-protector-strong -Wformat -Werror=format-security -Wdate-time -D_FORTIFY_SOURCE=2   -c TextSet.cpp -o TextSet.o
g++ -std=gnu++17 -I"/usr/share/R/include" -DNDEBUG -DHAVE_PNG_H -I/usr/include/libpng16 -DHAVE_FREETYPE -Iext/ftgl -I/usr/include/freetype2 -I/usr/include/libpng16  -DR_NO_REMAP -Iext -Iext/glad/include -Iext/earcut      -fpic  -g -O2 -ffile-prefix-map=/build/r-base-rgGXCp/r-base-4.5.0=. -fstack-protector-strong -Wformat -Werror=format-security -Wdate-time -D_FORTIFY_SOURCE=2   -c Texture.cpp -o Texture.o
g++ -std=gnu++17 -I"/usr/share/R/include" -DNDEBUG -DHAVE_PNG_H -I/usr/include/libpng16 -DHAVE_FREETYPE -Iext/ftgl -I/usr/include/freetype2 -I/usr/include/libpng16  -DR_NO_REMAP -Iext -Iext/glad/include -Iext/earcut      -fpic  -g -O2 -ffile-prefix-map=/build/r-base-rgGXCp/r-base-4.5.0=. -fstack-protector-strong -Wformat -Werror=format-security -Wdate-time -D_FORTIFY_SOURCE=2   -c Viewpoint.cpp -o Viewpoint.o
g++ -std=gnu++17 -I"/usr/share/R/include" -DNDEBUG -DHAVE_PNG_H -I/usr/include/libpng16 -DHAVE_FREETYPE -Iext/ftgl -I/usr/include/freetype2 -I/usr/include/libpng16  -DR_NO_REMAP -Iext -Iext/glad/include -Iext/earcut      -fpic  -g -O2 -ffile-prefix-map=/build/r-base-rgGXCp/r-base-4.5.0=. -fstack-protector-strong -Wformat -Werror=format-security -Wdate-time -D_FORTIFY_SOURCE=2   -c api.cpp -o api.o
g++ -std=gnu++17 -I"/usr/share/R/include" -DNDEBUG -DHAVE_PNG_H -I/usr/include/libpng16 -DHAVE_FREETYPE -Iext/ftgl -I/usr/include/freetype2 -I/usr/include/libpng16  -DR_NO_REMAP -Iext -Iext/glad/include -Iext/earcut      -fpic  -g -O2 -ffile-prefix-map=/build/r-base-rgGXCp/r-base-4.5.0=. -fstack-protector-strong -Wformat -Werror=format-security -Wdate-time -D_FORTIFY_SOURCE=2   -c assert.cpp -o assert.o
g++ -std=gnu++17 -I"/usr/share/R/include" -DNDEBUG -DHAVE_PNG_H -I/usr/include/libpng16 -DHAVE_FREETYPE -Iext/ftgl -I/usr/include/freetype2 -I/usr/include/libpng16  -DR_NO_REMAP -Iext -Iext/glad/include -Iext/earcut      -fpic  -g -O2 -ffile-prefix-map=/build/r-base-rgGXCp/r-base-4.5.0=. -fstack-protector-strong -Wformat -Werror=format-security -Wdate-time -D_FORTIFY_SOURCE=2   -c callbacks.cpp -o callbacks.o
g++ -std=gnu++17 -I"/usr/share/R/include" -DNDEBUG -DHAVE_PNG_H -I/usr/include/libpng16 -DHAVE_FREETYPE -Iext/ftgl -I/usr/include/freetype2 -I/usr/include/libpng16  -DR_NO_REMAP -Iext -Iext/glad/include -Iext/earcut      -fpic  -g -O2 -ffile-prefix-map=/build/r-base-rgGXCp/r-base-4.5.0=. -fstack-protector-strong -Wformat -Werror=format-security -Wdate-time -D_FORTIFY_SOURCE=2   -c device.cpp -o device.o
g++ -std=gnu++17 -I"/usr/share/R/include" -DNDEBUG -DHAVE_PNG_H -I/usr/include/libpng16 -DHAVE_FREETYPE -Iext/ftgl -I/usr/include/freetype2 -I/usr/include/libpng16  -DR_NO_REMAP -Iext -Iext/glad/include -Iext/earcut      -fpic  -g -O2 -ffile-prefix-map=/build/r-base-rgGXCp/r-base-4.5.0=. -fstack-protector-strong -Wformat -Werror=format-security -Wdate-time -D_FORTIFY_SOURCE=2   -c devicemanager.cpp -o devicemanager.o
g++ -std=gnu++17 -I"/usr/share/R/include" -DNDEBUG -DHAVE_PNG_H -I/usr/include/libpng16 -DHAVE_FREETYPE -Iext/ftgl -I/usr/include/freetype2 -I/usr/include/libpng16  -DR_NO_REMAP -Iext -Iext/glad/include -Iext/earcut      -fpic  -g -O2 -ffile-prefix-map=/build/r-base-rgGXCp/r-base-4.5.0=. -fstack-protector-strong -Wformat -Werror=format-security -Wdate-time -D_FORTIFY_SOURCE=2   -c earcut.cpp -o earcut.o
g++ -std=gnu++17 -I"/usr/share/R/include" -DNDEBUG -DHAVE_PNG_H -I/usr/include/libpng16 -DHAVE_FREETYPE -Iext/ftgl -I/usr/include/freetype2 -I/usr/include/libpng16  -DR_NO_REMAP -Iext -Iext/glad/include -Iext/earcut      -fpic  -g -O2 -ffile-prefix-map=/build/r-base-rgGXCp/r-base-4.5.0=. -fstack-protector-strong -Wformat -Werror=format-security -Wdate-time -D_FORTIFY_SOURCE=2   -c fps.cpp -o fps.o
g++ -std=gnu++17 -I"/usr/share/R/include" -DNDEBUG -DHAVE_PNG_H -I/usr/include/libpng16 -DHAVE_FREETYPE -Iext/ftgl -I/usr/include/freetype2 -I/usr/include/libpng16  -DR_NO_REMAP -Iext -Iext/glad/include -Iext/earcut      -fpic  -g -O2 -ffile-prefix-map=/build/r-base-rgGXCp/r-base-4.5.0=. -fstack-protector-strong -Wformat -Werror=format-security -Wdate-time -D_FORTIFY_SOURCE=2   -c ftgl.cpp -o ftgl.o
g++ -std=gnu++17 -I"/usr/share/R/include" -DNDEBUG -DHAVE_PNG_H -I/usr/include/libpng16 -DHAVE_FREETYPE -Iext/ftgl -I/usr/include/freetype2 -I/usr/include/libpng16  -DR_NO_REMAP -Iext -Iext/glad/include -Iext/earcut      -fpic  -g -O2 -ffile-prefix-map=/build/r-base-rgGXCp/r-base-4.5.0=. -fstack-protector-strong -Wformat -Werror=format-security -Wdate-time -D_FORTIFY_SOURCE=2   -c geom.cpp -o geom.o
gcc -I"/usr/share/R/include" -DNDEBUG -DHAVE_PNG_H -I/usr/include/libpng16 -DHAVE_FREETYPE -Iext/ftgl -I/usr/include/freetype2 -I/usr/include/libpng16  -DR_NO_REMAP -Iext -Iext/glad/include -Iext/earcut     -fvisibility=hidden -fpic  -g -O2 -ffile-prefix-map=/build/r-base-rgGXCp/r-base-4.5.0=. -fstack-protector-strong -Wformat -Werror=format-security -Wdate-time -D_FORTIFY_SOURCE=2  -c gl.c -o gl.o
gcc -I"/usr/share/R/include" -DNDEBUG -DHAVE_PNG_H -I/usr/include/libpng16 -DHAVE_FREETYPE -Iext/ftgl -I/usr/include/freetype2 -I/usr/include/libpng16  -DR_NO_REMAP -Iext -Iext/glad/include -Iext/earcut     -fvisibility=hidden -fpic  -g -O2 -ffile-prefix-map=/build/r-base-rgGXCp/r-base-4.5.0=. -fstack-protector-strong -Wformat -Werror=format-security -Wdate-time -D_FORTIFY_SOURCE=2  -c gl2ps.c -o gl2ps.o
g++ -std=gnu++17 -I"/usr/share/R/include" -DNDEBUG -DHAVE_PNG_H -I/usr/include/libpng16 -DHAVE_FREETYPE -Iext/ftgl -I/usr/include/freetype2 -I/usr/include/libpng16  -DR_NO_REMAP -Iext -Iext/glad/include -Iext/earcut      -fpic  -g -O2 -ffile-prefix-map=/build/r-base-rgGXCp/r-base-4.5.0=. -fstack-protector-strong -Wformat -Werror=format-security -Wdate-time -D_FORTIFY_SOURCE=2   -c glErrors.cpp -o glErrors.o
g++ -std=gnu++17 -I"/usr/share/R/include" -DNDEBUG -DHAVE_PNG_H -I/usr/include/libpng16 -DHAVE_FREETYPE -Iext/ftgl -I/usr/include/freetype2 -I/usr/include/libpng16  -DR_NO_REMAP -Iext -Iext/glad/include -Iext/earcut      -fpic  -g -O2 -ffile-prefix-map=/build/r-base-rgGXCp/r-base-4.5.0=. -fstack-protector-strong -Wformat -Werror=format-security -Wdate-time -D_FORTIFY_SOURCE=2   -c glgui.cpp -o glgui.o
g++ -std=gnu++17 -I"/usr/share/R/include" -DNDEBUG -DHAVE_PNG_H -I/usr/include/libpng16 -DHAVE_FREETYPE -Iext/ftgl -I/usr/include/freetype2 -I/usr/include/libpng16  -DR_NO_REMAP -Iext -Iext/glad/include -Iext/earcut      -fpic  -g -O2 -ffile-prefix-map=/build/r-base-rgGXCp/r-base-4.5.0=. -fstack-protector-strong -Wformat -Werror=format-security -Wdate-time -D_FORTIFY_SOURCE=2   -c gui.cpp -o gui.o
g++ -std=gnu++17 -I"/usr/share/R/include" -DNDEBUG -DHAVE_PNG_H -I/usr/include/libpng16 -DHAVE_FREETYPE -Iext/ftgl -I/usr/include/freetype2 -I/usr/include/libpng16  -DR_NO_REMAP -Iext -Iext/glad/include -Iext/earcut      -fpic  -g -O2 -ffile-prefix-map=/build/r-base-rgGXCp/r-base-4.5.0=. -fstack-protector-strong -Wformat -Werror=format-security -Wdate-time -D_FORTIFY_SOURCE=2   -c init.cpp -o init.o
g++ -std=gnu++17 -I"/usr/share/R/include" -DNDEBUG -DHAVE_PNG_H -I/usr/include/libpng16 -DHAVE_FREETYPE -Iext/ftgl -I/usr/include/freetype2 -I/usr/include/libpng16  -DR_NO_REMAP -Iext -Iext/glad/include -Iext/earcut      -fpic  -g -O2 -ffile-prefix-map=/build/r-base-rgGXCp/r-base-4.5.0=. -fstack-protector-strong -Wformat -Werror=format-security -Wdate-time -D_FORTIFY_SOURCE=2   -c par3d.cpp -o par3d.o
g++ -std=gnu++17 -I"/usr/share/R/include" -DNDEBUG -DHAVE_PNG_H -I/usr/include/libpng16 -DHAVE_FREETYPE -Iext/ftgl -I/usr/include/freetype2 -I/usr/include/libpng16  -DR_NO_REMAP -Iext -Iext/glad/include -Iext/earcut      -fpic  -g -O2 -ffile-prefix-map=/build/r-base-rgGXCp/r-base-4.5.0=. -fstack-protector-strong -Wformat -Werror=format-security -Wdate-time -D_FORTIFY_SOURCE=2   -c pixmap.cpp -o pixmap.o
g++ -std=gnu++17 -I"/usr/share/R/include" -DNDEBUG -DHAVE_PNG_H -I/usr/include/libpng16 -DHAVE_FREETYPE -Iext/ftgl -I/usr/include/freetype2 -I/usr/include/libpng16  -DR_NO_REMAP -Iext -Iext/glad/include -Iext/earcut      -fpic  -g -O2 -ffile-prefix-map=/build/r-base-rgGXCp/r-base-4.5.0=. -fstack-protector-strong -Wformat -Werror=format-security -Wdate-time -D_FORTIFY_SOURCE=2   -c platform.cpp -o platform.o
gcc -I"/usr/share/R/include" -DNDEBUG -DHAVE_PNG_H -I/usr/include/libpng16 -DHAVE_FREETYPE -Iext/ftgl -I/usr/include/freetype2 -I/usr/include/libpng16  -DR_NO_REMAP -Iext -Iext/glad/include -Iext/earcut     -fvisibility=hidden -fpic  -g -O2 -ffile-prefix-map=/build/r-base-rgGXCp/r-base-4.5.0=. -fstack-protector-strong -Wformat -Werror=format-security -Wdate-time -D_FORTIFY_SOURCE=2  -c pretty.c -o pretty.o
g++ -std=gnu++17 -I"/usr/share/R/include" -DNDEBUG -DHAVE_PNG_H -I/usr/include/libpng16 -DHAVE_FREETYPE -Iext/ftgl -I/usr/include/freetype2 -I/usr/include/libpng16  -DR_NO_REMAP -Iext -Iext/glad/include -Iext/earcut      -fpic  -g -O2 -ffile-prefix-map=/build/r-base-rgGXCp/r-base-4.5.0=. -fstack-protector-strong -Wformat -Werror=format-security -Wdate-time -D_FORTIFY_SOURCE=2   -c render.cpp -o render.o
g++ -std=gnu++17 -I"/usr/share/R/include" -DNDEBUG -DHAVE_PNG_H -I/usr/include/libpng16 -DHAVE_FREETYPE -Iext/ftgl -I/usr/include/freetype2 -I/usr/include/libpng16  -DR_NO_REMAP -Iext -Iext/glad/include -Iext/earcut      -fpic  -g -O2 -ffile-prefix-map=/build/r-base-rgGXCp/r-base-4.5.0=. -fstack-protector-strong -Wformat -Werror=format-security -Wdate-time -D_FORTIFY_SOURCE=2   -c rglmath.cpp -o rglmath.o
g++ -std=gnu++17 -I"/usr/share/R/include" -DNDEBUG -DHAVE_PNG_H -I/usr/include/libpng16 -DHAVE_FREETYPE -Iext/ftgl -I/usr/include/freetype2 -I/usr/include/libpng16  -DR_NO_REMAP -Iext -Iext/glad/include -Iext/earcut      -fpic  -g -O2 -ffile-prefix-map=/build/r-base-rgGXCp/r-base-4.5.0=. -fstack-protector-strong -Wformat -Werror=format-security -Wdate-time -D_FORTIFY_SOURCE=2   -c rglview.cpp -o rglview.o
g++ -std=gnu++17 -I"/usr/share/R/include" -DNDEBUG -DHAVE_PNG_H -I/usr/include/libpng16 -DHAVE_FREETYPE -Iext/ftgl -I/usr/include/freetype2 -I/usr/include/libpng16  -DR_NO_REMAP -Iext -Iext/glad/include -Iext/earcut      -fpic  -g -O2 -ffile-prefix-map=/build/r-base-rgGXCp/r-base-4.5.0=. -fstack-protector-strong -Wformat -Werror=format-security -Wdate-time -D_FORTIFY_SOURCE=2   -c scene.cpp -o scene.o
g++ -std=gnu++17 -I"/usr/share/R/include" -DNDEBUG -DHAVE_PNG_H -I/usr/include/libpng16 -DHAVE_FREETYPE -Iext/ftgl -I/usr/include/freetype2 -I/usr/include/libpng16  -DR_NO_REMAP -Iext -Iext/glad/include -Iext/earcut      -fpic  -g -O2 -ffile-prefix-map=/build/r-base-rgGXCp/r-base-4.5.0=. -fstack-protector-strong -Wformat -Werror=format-security -Wdate-time -D_FORTIFY_SOURCE=2   -c select.cpp -o select.o
g++ -std=gnu++17 -I"/usr/share/R/include" -DNDEBUG -DHAVE_PNG_H -I/usr/include/libpng16 -DHAVE_FREETYPE -Iext/ftgl -I/usr/include/freetype2 -I/usr/include/libpng16  -DR_NO_REMAP -Iext -Iext/glad/include -Iext/earcut      -fpic  -g -O2 -ffile-prefix-map=/build/r-base-rgGXCp/r-base-4.5.0=. -fstack-protector-strong -Wformat -Werror=format-security -Wdate-time -D_FORTIFY_SOURCE=2   -c subscene.cpp -o subscene.o
g++ -std=gnu++17 -I"/usr/share/R/include" -DNDEBUG -DHAVE_PNG_H -I/usr/include/libpng16 -DHAVE_FREETYPE -Iext/ftgl -I/usr/include/freetype2 -I/usr/include/libpng16  -DR_NO_REMAP -Iext -Iext/glad/include -Iext/earcut      -fpic  -g -O2 -ffile-prefix-map=/build/r-base-rgGXCp/r-base-4.5.0=. -fstack-protector-strong -Wformat -Werror=format-security -Wdate-time -D_FORTIFY_SOURCE=2   -c win32gui.cpp -o win32gui.o
g++ -std=gnu++17 -I"/usr/share/R/include" -DNDEBUG -DHAVE_PNG_H -I/usr/include/libpng16 -DHAVE_FREETYPE -Iext/ftgl -I/usr/include/freetype2 -I/usr/include/libpng16  -DR_NO_REMAP -Iext -Iext/glad/include -Iext/earcut      -fpic  -g -O2 -ffile-prefix-map=/build/r-base-rgGXCp/r-base-4.5.0=. -fstack-protector-strong -Wformat -Werror=format-security -Wdate-time -D_FORTIFY_SOURCE=2   -c win32lib.cpp -o win32lib.o
g++ -std=gnu++17 -I"/usr/share/R/include" -DNDEBUG -DHAVE_PNG_H -I/usr/include/libpng16 -DHAVE_FREETYPE -Iext/ftgl -I/usr/include/freetype2 -I/usr/include/libpng16  -DR_NO_REMAP -Iext -Iext/glad/include -Iext/earcut      -fpic  -g -O2 -ffile-prefix-map=/build/r-base-rgGXCp/r-base-4.5.0=. -fstack-protector-strong -Wformat -Werror=format-security -Wdate-time -D_FORTIFY_SOURCE=2   -c x11gui.cpp -o x11gui.o
g++ -std=gnu++17 -I"/usr/share/R/include" -DNDEBUG -DHAVE_PNG_H -I/usr/include/libpng16 -DHAVE_FREETYPE -Iext/ftgl -I/usr/include/freetype2 -I/usr/include/libpng16  -DR_NO_REMAP -Iext -Iext/glad/include -Iext/earcut      -fpic  -g -O2 -ffile-prefix-map=/build/r-base-rgGXCp/r-base-4.5.0=. -fstack-protector-strong -Wformat -Werror=format-security -Wdate-time -D_FORTIFY_SOURCE=2   -c x11lib.cpp -o x11lib.o
g++ -std=gnu++17 -shared -L/usr/lib/R/lib -Wl,-Bsymbolic-functions -flto=auto -ffat-lto-objects -flto=auto -Wl,-z,relro -o rgl.so ABCLineSet.o BBoxDeco.o Background.o ClipPlane.o Color.o Disposable.o Light.o LineSet.o LineStripSet.o Material.o NULLgui.o PlaneSet.o PointSet.o PrimitiveSet.o R.o RenderContext.o Shape.o SphereMesh.o SphereSet.o SpriteSet.o Surface.o TextSet.o Texture.o Viewpoint.o api.o assert.o callbacks.o device.o devicemanager.o earcut.o fps.o ftgl.o geom.o gl.o gl2ps.o glErrors.o glgui.o gui.o init.o par3d.o pixmap.o platform.o pretty.o render.o rglmath.o rglview.o scene.o select.o subscene.o win32gui.o win32lib.o x11gui.o x11lib.o -lGLU -lGL -lpng16 -lX11 -lfreetype -lz -lpng16 -lm -lm -lz -lbrotlidec -lbrotlicommon -L/usr/lib/R/lib -lR
cp -Rp OpenGL useNULL && \
mkdir -p useNULL/ext && \
cp -Rp ext/earcut useNULL/ext/earcut && \
cp -p *.c *.h *.cpp useNULL/ && \
cd useNULL && \
/usr/lib/R/bin/R CMD SHLIB -o useNULL.so *.cpp *.c && \
cd .. && \
mkdir -p ../inst/useNULL && \
mv useNULL/useNULL.so ../inst/useNULL/rgl.so && \
rm useNULL/*.cpp useNULL/*.c useNULL/*.h useNULL/OpenGL/*
using C compiler: ‘gcc (Ubuntu 11.4.0-1ubuntu1~22.04) 11.4.0’
using C++ compiler: ‘g++ (Ubuntu 11.4.0-1ubuntu1~22.04) 11.4.0’
make[1]: Entering directory '/tmp/Rtmp3M1E2J/R.INSTALLf594c14d8e/rgl/src/useNULL'
g++ -std=gnu++17 -I"/usr/share/R/include" -DNDEBUG -DHAVE_PNG_H -I/usr/include/libpng16 -DRGL_NO_OPENGL -DR_NO_REMAP -Iext/earcut      -fpic  -g -O2 -ffile-prefix-map=/build/r-base-rgGXCp/r-base-4.5.0=. -fstack-protector-strong -Wformat -Werror=format-security -Wdate-time -D_FORTIFY_SOURCE=2   -c ABCLineSet.cpp -o ABCLineSet.o
g++ -std=gnu++17 -I"/usr/share/R/include" -DNDEBUG -DHAVE_PNG_H -I/usr/include/libpng16 -DRGL_NO_OPENGL -DR_NO_REMAP -Iext/earcut      -fpic  -g -O2 -ffile-prefix-map=/build/r-base-rgGXCp/r-base-4.5.0=. -fstack-protector-strong -Wformat -Werror=format-security -Wdate-time -D_FORTIFY_SOURCE=2   -c api.cpp -o api.o
g++ -std=gnu++17 -I"/usr/share/R/include" -DNDEBUG -DHAVE_PNG_H -I/usr/include/libpng16 -DRGL_NO_OPENGL -DR_NO_REMAP -Iext/earcut      -fpic  -g -O2 -ffile-prefix-map=/build/r-base-rgGXCp/r-base-4.5.0=. -fstack-protector-strong -Wformat -Werror=format-security -Wdate-time -D_FORTIFY_SOURCE=2   -c assert.cpp -o assert.o
g++ -std=gnu++17 -I"/usr/share/R/include" -DNDEBUG -DHAVE_PNG_H -I/usr/include/libpng16 -DRGL_NO_OPENGL -DR_NO_REMAP -Iext/earcut      -fpic  -g -O2 -ffile-prefix-map=/build/r-base-rgGXCp/r-base-4.5.0=. -fstack-protector-strong -Wformat -Werror=format-security -Wdate-time -D_FORTIFY_SOURCE=2   -c Background.cpp -o Background.o
g++ -std=gnu++17 -I"/usr/share/R/include" -DNDEBUG -DHAVE_PNG_H -I/usr/include/libpng16 -DRGL_NO_OPENGL -DR_NO_REMAP -Iext/earcut      -fpic  -g -O2 -ffile-prefix-map=/build/r-base-rgGXCp/r-base-4.5.0=. -fstack-protector-strong -Wformat -Werror=format-security -Wdate-time -D_FORTIFY_SOURCE=2   -c BBoxDeco.cpp -o BBoxDeco.o
g++ -std=gnu++17 -I"/usr/share/R/include" -DNDEBUG -DHAVE_PNG_H -I/usr/include/libpng16 -DRGL_NO_OPENGL -DR_NO_REMAP -Iext/earcut      -fpic  -g -O2 -ffile-prefix-map=/build/r-base-rgGXCp/r-base-4.5.0=. -fstack-protector-strong -Wformat -Werror=format-security -Wdate-time -D_FORTIFY_SOURCE=2   -c callbacks.cpp -o callbacks.o
g++ -std=gnu++17 -I"/usr/share/R/include" -DNDEBUG -DHAVE_PNG_H -I/usr/include/libpng16 -DRGL_NO_OPENGL -DR_NO_REMAP -Iext/earcut      -fpic  -g -O2 -ffile-prefix-map=/build/r-base-rgGXCp/r-base-4.5.0=. -fstack-protector-strong -Wformat -Werror=format-security -Wdate-time -D_FORTIFY_SOURCE=2   -c ClipPlane.cpp -o ClipPlane.o
g++ -std=gnu++17 -I"/usr/share/R/include" -DNDEBUG -DHAVE_PNG_H -I/usr/include/libpng16 -DRGL_NO_OPENGL -DR_NO_REMAP -Iext/earcut      -fpic  -g -O2 -ffile-prefix-map=/build/r-base-rgGXCp/r-base-4.5.0=. -fstack-protector-strong -Wformat -Werror=format-security -Wdate-time -D_FORTIFY_SOURCE=2   -c Color.cpp -o Color.o
g++ -std=gnu++17 -I"/usr/share/R/include" -DNDEBUG -DHAVE_PNG_H -I/usr/include/libpng16 -DRGL_NO_OPENGL -DR_NO_REMAP -Iext/earcut      -fpic  -g -O2 -ffile-prefix-map=/build/r-base-rgGXCp/r-base-4.5.0=. -fstack-protector-strong -Wformat -Werror=format-security -Wdate-time -D_FORTIFY_SOURCE=2   -c device.cpp -o device.o
g++ -std=gnu++17 -I"/usr/share/R/include" -DNDEBUG -DHAVE_PNG_H -I/usr/include/libpng16 -DRGL_NO_OPENGL -DR_NO_REMAP -Iext/earcut      -fpic  -g -O2 -ffile-prefix-map=/build/r-base-rgGXCp/r-base-4.5.0=. -fstack-protector-strong -Wformat -Werror=format-security -Wdate-time -D_FORTIFY_SOURCE=2   -c devicemanager.cpp -o devicemanager.o
g++ -std=gnu++17 -I"/usr/share/R/include" -DNDEBUG -DHAVE_PNG_H -I/usr/include/libpng16 -DRGL_NO_OPENGL -DR_NO_REMAP -Iext/earcut      -fpic  -g -O2 -ffile-prefix-map=/build/r-base-rgGXCp/r-base-4.5.0=. -fstack-protector-strong -Wformat -Werror=format-security -Wdate-time -D_FORTIFY_SOURCE=2   -c Disposable.cpp -o Disposable.o
g++ -std=gnu++17 -I"/usr/share/R/include" -DNDEBUG -DHAVE_PNG_H -I/usr/include/libpng16 -DRGL_NO_OPENGL -DR_NO_REMAP -Iext/earcut      -fpic  -g -O2 -ffile-prefix-map=/build/r-base-rgGXCp/r-base-4.5.0=. -fstack-protector-strong -Wformat -Werror=format-security -Wdate-time -D_FORTIFY_SOURCE=2   -c earcut.cpp -o earcut.o
g++ -std=gnu++17 -I"/usr/share/R/include" -DNDEBUG -DHAVE_PNG_H -I/usr/include/libpng16 -DRGL_NO_OPENGL -DR_NO_REMAP -Iext/earcut      -fpic  -g -O2 -ffile-prefix-map=/build/r-base-rgGXCp/r-base-4.5.0=. -fstack-protector-strong -Wformat -Werror=format-security -Wdate-time -D_FORTIFY_SOURCE=2   -c fps.cpp -o fps.o
g++ -std=gnu++17 -I"/usr/share/R/include" -DNDEBUG -DHAVE_PNG_H -I/usr/include/libpng16 -DRGL_NO_OPENGL -DR_NO_REMAP -Iext/earcut      -fpic  -g -O2 -ffile-prefix-map=/build/r-base-rgGXCp/r-base-4.5.0=. -fstack-protector-strong -Wformat -Werror=format-security -Wdate-time -D_FORTIFY_SOURCE=2   -c ftgl.cpp -o ftgl.o
g++ -std=gnu++17 -I"/usr/share/R/include" -DNDEBUG -DHAVE_PNG_H -I/usr/include/libpng16 -DRGL_NO_OPENGL -DR_NO_REMAP -Iext/earcut      -fpic  -g -O2 -ffile-prefix-map=/build/r-base-rgGXCp/r-base-4.5.0=. -fstack-protector-strong -Wformat -Werror=format-security -Wdate-time -D_FORTIFY_SOURCE=2   -c geom.cpp -o geom.o
g++ -std=gnu++17 -I"/usr/share/R/include" -DNDEBUG -DHAVE_PNG_H -I/usr/include/libpng16 -DRGL_NO_OPENGL -DR_NO_REMAP -Iext/earcut      -fpic  -g -O2 -ffile-prefix-map=/build/r-base-rgGXCp/r-base-4.5.0=. -fstack-protector-strong -Wformat -Werror=format-security -Wdate-time -D_FORTIFY_SOURCE=2   -c glErrors.cpp -o glErrors.o
g++ -std=gnu++17 -I"/usr/share/R/include" -DNDEBUG -DHAVE_PNG_H -I/usr/include/libpng16 -DRGL_NO_OPENGL -DR_NO_REMAP -Iext/earcut      -fpic  -g -O2 -ffile-prefix-map=/build/r-base-rgGXCp/r-base-4.5.0=. -fstack-protector-strong -Wformat -Werror=format-security -Wdate-time -D_FORTIFY_SOURCE=2   -c glgui.cpp -o glgui.o
g++ -std=gnu++17 -I"/usr/share/R/include" -DNDEBUG -DHAVE_PNG_H -I/usr/include/libpng16 -DRGL_NO_OPENGL -DR_NO_REMAP -Iext/earcut      -fpic  -g -O2 -ffile-prefix-map=/build/r-base-rgGXCp/r-base-4.5.0=. -fstack-protector-strong -Wformat -Werror=format-security -Wdate-time -D_FORTIFY_SOURCE=2   -c gui.cpp -o gui.o
g++ -std=gnu++17 -I"/usr/share/R/include" -DNDEBUG -DHAVE_PNG_H -I/usr/include/libpng16 -DRGL_NO_OPENGL -DR_NO_REMAP -Iext/earcut      -fpic  -g -O2 -ffile-prefix-map=/build/r-base-rgGXCp/r-base-4.5.0=. -fstack-protector-strong -Wformat -Werror=format-security -Wdate-time -D_FORTIFY_SOURCE=2   -c init.cpp -o init.o
g++ -std=gnu++17 -I"/usr/share/R/include" -DNDEBUG -DHAVE_PNG_H -I/usr/include/libpng16 -DRGL_NO_OPENGL -DR_NO_REMAP -Iext/earcut      -fpic  -g -O2 -ffile-prefix-map=/build/r-base-rgGXCp/r-base-4.5.0=. -fstack-protector-strong -Wformat -Werror=format-security -Wdate-time -D_FORTIFY_SOURCE=2   -c Light.cpp -o Light.o
g++ -std=gnu++17 -I"/usr/share/R/include" -DNDEBUG -DHAVE_PNG_H -I/usr/include/libpng16 -DRGL_NO_OPENGL -DR_NO_REMAP -Iext/earcut      -fpic  -g -O2 -ffile-prefix-map=/build/r-base-rgGXCp/r-base-4.5.0=. -fstack-protector-strong -Wformat -Werror=format-security -Wdate-time -D_FORTIFY_SOURCE=2   -c LineSet.cpp -o LineSet.o
g++ -std=gnu++17 -I"/usr/share/R/include" -DNDEBUG -DHAVE_PNG_H -I/usr/include/libpng16 -DRGL_NO_OPENGL -DR_NO_REMAP -Iext/earcut      -fpic  -g -O2 -ffile-prefix-map=/build/r-base-rgGXCp/r-base-4.5.0=. -fstack-protector-strong -Wformat -Werror=format-security -Wdate-time -D_FORTIFY_SOURCE=2   -c LineStripSet.cpp -o LineStripSet.o
g++ -std=gnu++17 -I"/usr/share/R/include" -DNDEBUG -DHAVE_PNG_H -I/usr/include/libpng16 -DRGL_NO_OPENGL -DR_NO_REMAP -Iext/earcut      -fpic  -g -O2 -ffile-prefix-map=/build/r-base-rgGXCp/r-base-4.5.0=. -fstack-protector-strong -Wformat -Werror=format-security -Wdate-time -D_FORTIFY_SOURCE=2   -c Material.cpp -o Material.o
g++ -std=gnu++17 -I"/usr/share/R/include" -DNDEBUG -DHAVE_PNG_H -I/usr/include/libpng16 -DRGL_NO_OPENGL -DR_NO_REMAP -Iext/earcut      -fpic  -g -O2 -ffile-prefix-map=/build/r-base-rgGXCp/r-base-4.5.0=. -fstack-protector-strong -Wformat -Werror=format-security -Wdate-time -D_FORTIFY_SOURCE=2   -c NULLgui.cpp -o NULLgui.o
g++ -std=gnu++17 -I"/usr/share/R/include" -DNDEBUG -DHAVE_PNG_H -I/usr/include/libpng16 -DRGL_NO_OPENGL -DR_NO_REMAP -Iext/earcut      -fpic  -g -O2 -ffile-prefix-map=/build/r-base-rgGXCp/r-base-4.5.0=. -fstack-protector-strong -Wformat -Werror=format-security -Wdate-time -D_FORTIFY_SOURCE=2   -c par3d.cpp -o par3d.o
g++ -std=gnu++17 -I"/usr/share/R/include" -DNDEBUG -DHAVE_PNG_H -I/usr/include/libpng16 -DRGL_NO_OPENGL -DR_NO_REMAP -Iext/earcut      -fpic  -g -O2 -ffile-prefix-map=/build/r-base-rgGXCp/r-base-4.5.0=. -fstack-protector-strong -Wformat -Werror=format-security -Wdate-time -D_FORTIFY_SOURCE=2   -c pixmap.cpp -o pixmap.o
g++ -std=gnu++17 -I"/usr/share/R/include" -DNDEBUG -DHAVE_PNG_H -I/usr/include/libpng16 -DRGL_NO_OPENGL -DR_NO_REMAP -Iext/earcut      -fpic  -g -O2 -ffile-prefix-map=/build/r-base-rgGXCp/r-base-4.5.0=. -fstack-protector-strong -Wformat -Werror=format-security -Wdate-time -D_FORTIFY_SOURCE=2   -c PlaneSet.cpp -o PlaneSet.o
g++ -std=gnu++17 -I"/usr/share/R/include" -DNDEBUG -DHAVE_PNG_H -I/usr/include/libpng16 -DRGL_NO_OPENGL -DR_NO_REMAP -Iext/earcut      -fpic  -g -O2 -ffile-prefix-map=/build/r-base-rgGXCp/r-base-4.5.0=. -fstack-protector-strong -Wformat -Werror=format-security -Wdate-time -D_FORTIFY_SOURCE=2   -c platform.cpp -o platform.o
g++ -std=gnu++17 -I"/usr/share/R/include" -DNDEBUG -DHAVE_PNG_H -I/usr/include/libpng16 -DRGL_NO_OPENGL -DR_NO_REMAP -Iext/earcut      -fpic  -g -O2 -ffile-prefix-map=/build/r-base-rgGXCp/r-base-4.5.0=. -fstack-protector-strong -Wformat -Werror=format-security -Wdate-time -D_FORTIFY_SOURCE=2   -c PointSet.cpp -o PointSet.o
g++ -std=gnu++17 -I"/usr/share/R/include" -DNDEBUG -DHAVE_PNG_H -I/usr/include/libpng16 -DRGL_NO_OPENGL -DR_NO_REMAP -Iext/earcut      -fpic  -g -O2 -ffile-prefix-map=/build/r-base-rgGXCp/r-base-4.5.0=. -fstack-protector-strong -Wformat -Werror=format-security -Wdate-time -D_FORTIFY_SOURCE=2   -c PrimitiveSet.cpp -o PrimitiveSet.o
g++ -std=gnu++17 -I"/usr/share/R/include" -DNDEBUG -DHAVE_PNG_H -I/usr/include/libpng16 -DRGL_NO_OPENGL -DR_NO_REMAP -Iext/earcut      -fpic  -g -O2 -ffile-prefix-map=/build/r-base-rgGXCp/r-base-4.5.0=. -fstack-protector-strong -Wformat -Werror=format-security -Wdate-time -D_FORTIFY_SOURCE=2   -c R.cpp -o R.o
g++ -std=gnu++17 -I"/usr/share/R/include" -DNDEBUG -DHAVE_PNG_H -I/usr/include/libpng16 -DRGL_NO_OPENGL -DR_NO_REMAP -Iext/earcut      -fpic  -g -O2 -ffile-prefix-map=/build/r-base-rgGXCp/r-base-4.5.0=. -fstack-protector-strong -Wformat -Werror=format-security -Wdate-time -D_FORTIFY_SOURCE=2   -c RenderContext.cpp -o RenderContext.o
g++ -std=gnu++17 -I"/usr/share/R/include" -DNDEBUG -DHAVE_PNG_H -I/usr/include/libpng16 -DRGL_NO_OPENGL -DR_NO_REMAP -Iext/earcut      -fpic  -g -O2 -ffile-prefix-map=/build/r-base-rgGXCp/r-base-4.5.0=. -fstack-protector-strong -Wformat -Werror=format-security -Wdate-time -D_FORTIFY_SOURCE=2   -c render.cpp -o render.o
g++ -std=gnu++17 -I"/usr/share/R/include" -DNDEBUG -DHAVE_PNG_H -I/usr/include/libpng16 -DRGL_NO_OPENGL -DR_NO_REMAP -Iext/earcut      -fpic  -g -O2 -ffile-prefix-map=/build/r-base-rgGXCp/r-base-4.5.0=. -fstack-protector-strong -Wformat -Werror=format-security -Wdate-time -D_FORTIFY_SOURCE=2   -c rglmath.cpp -o rglmath.o
g++ -std=gnu++17 -I"/usr/share/R/include" -DNDEBUG -DHAVE_PNG_H -I/usr/include/libpng16 -DRGL_NO_OPENGL -DR_NO_REMAP -Iext/earcut      -fpic  -g -O2 -ffile-prefix-map=/build/r-base-rgGXCp/r-base-4.5.0=. -fstack-protector-strong -Wformat -Werror=format-security -Wdate-time -D_FORTIFY_SOURCE=2   -c rglview.cpp -o rglview.o
g++ -std=gnu++17 -I"/usr/share/R/include" -DNDEBUG -DHAVE_PNG_H -I/usr/include/libpng16 -DRGL_NO_OPENGL -DR_NO_REMAP -Iext/earcut      -fpic  -g -O2 -ffile-prefix-map=/build/r-base-rgGXCp/r-base-4.5.0=. -fstack-protector-strong -Wformat -Werror=format-security -Wdate-time -D_FORTIFY_SOURCE=2   -c scene.cpp -o scene.o
g++ -std=gnu++17 -I"/usr/share/R/include" -DNDEBUG -DHAVE_PNG_H -I/usr/include/libpng16 -DRGL_NO_OPENGL -DR_NO_REMAP -Iext/earcut      -fpic  -g -O2 -ffile-prefix-map=/build/r-base-rgGXCp/r-base-4.5.0=. -fstack-protector-strong -Wformat -Werror=format-security -Wdate-time -D_FORTIFY_SOURCE=2   -c select.cpp -o select.o
g++ -std=gnu++17 -I"/usr/share/R/include" -DNDEBUG -DHAVE_PNG_H -I/usr/include/libpng16 -DRGL_NO_OPENGL -DR_NO_REMAP -Iext/earcut      -fpic  -g -O2 -ffile-prefix-map=/build/r-base-rgGXCp/r-base-4.5.0=. -fstack-protector-strong -Wformat -Werror=format-security -Wdate-time -D_FORTIFY_SOURCE=2   -c Shape.cpp -o Shape.o
g++ -std=gnu++17 -I"/usr/share/R/include" -DNDEBUG -DHAVE_PNG_H -I/usr/include/libpng16 -DRGL_NO_OPENGL -DR_NO_REMAP -Iext/earcut      -fpic  -g -O2 -ffile-prefix-map=/build/r-base-rgGXCp/r-base-4.5.0=. -fstack-protector-strong -Wformat -Werror=format-security -Wdate-time -D_FORTIFY_SOURCE=2   -c SphereMesh.cpp -o SphereMesh.o
g++ -std=gnu++17 -I"/usr/share/R/include" -DNDEBUG -DHAVE_PNG_H -I/usr/include/libpng16 -DRGL_NO_OPENGL -DR_NO_REMAP -Iext/earcut      -fpic  -g -O2 -ffile-prefix-map=/build/r-base-rgGXCp/r-base-4.5.0=. -fstack-protector-strong -Wformat -Werror=format-security -Wdate-time -D_FORTIFY_SOURCE=2   -c SphereSet.cpp -o SphereSet.o
g++ -std=gnu++17 -I"/usr/share/R/include" -DNDEBUG -DHAVE_PNG_H -I/usr/include/libpng16 -DRGL_NO_OPENGL -DR_NO_REMAP -Iext/earcut      -fpic  -g -O2 -ffile-prefix-map=/build/r-base-rgGXCp/r-base-4.5.0=. -fstack-protector-strong -Wformat -Werror=format-security -Wdate-time -D_FORTIFY_SOURCE=2   -c SpriteSet.cpp -o SpriteSet.o
g++ -std=gnu++17 -I"/usr/share/R/include" -DNDEBUG -DHAVE_PNG_H -I/usr/include/libpng16 -DRGL_NO_OPENGL -DR_NO_REMAP -Iext/earcut      -fpic  -g -O2 -ffile-prefix-map=/build/r-base-rgGXCp/r-base-4.5.0=. -fstack-protector-strong -Wformat -Werror=format-security -Wdate-time -D_FORTIFY_SOURCE=2   -c subscene.cpp -o subscene.o
g++ -std=gnu++17 -I"/usr/share/R/include" -DNDEBUG -DHAVE_PNG_H -I/usr/include/libpng16 -DRGL_NO_OPENGL -DR_NO_REMAP -Iext/earcut      -fpic  -g -O2 -ffile-prefix-map=/build/r-base-rgGXCp/r-base-4.5.0=. -fstack-protector-strong -Wformat -Werror=format-security -Wdate-time -D_FORTIFY_SOURCE=2   -c Surface.cpp -o Surface.o
g++ -std=gnu++17 -I"/usr/share/R/include" -DNDEBUG -DHAVE_PNG_H -I/usr/include/libpng16 -DRGL_NO_OPENGL -DR_NO_REMAP -Iext/earcut      -fpic  -g -O2 -ffile-prefix-map=/build/r-base-rgGXCp/r-base-4.5.0=. -fstack-protector-strong -Wformat -Werror=format-security -Wdate-time -D_FORTIFY_SOURCE=2   -c TextSet.cpp -o TextSet.o
g++ -std=gnu++17 -I"/usr/share/R/include" -DNDEBUG -DHAVE_PNG_H -I/usr/include/libpng16 -DRGL_NO_OPENGL -DR_NO_REMAP -Iext/earcut      -fpic  -g -O2 -ffile-prefix-map=/build/r-base-rgGXCp/r-base-4.5.0=. -fstack-protector-strong -Wformat -Werror=format-security -Wdate-time -D_FORTIFY_SOURCE=2   -c Texture.cpp -o Texture.o
g++ -std=gnu++17 -I"/usr/share/R/include" -DNDEBUG -DHAVE_PNG_H -I/usr/include/libpng16 -DRGL_NO_OPENGL -DR_NO_REMAP -Iext/earcut      -fpic  -g -O2 -ffile-prefix-map=/build/r-base-rgGXCp/r-base-4.5.0=. -fstack-protector-strong -Wformat -Werror=format-security -Wdate-time -D_FORTIFY_SOURCE=2   -c Viewpoint.cpp -o Viewpoint.o
g++ -std=gnu++17 -I"/usr/share/R/include" -DNDEBUG -DHAVE_PNG_H -I/usr/include/libpng16 -DRGL_NO_OPENGL -DR_NO_REMAP -Iext/earcut      -fpic  -g -O2 -ffile-prefix-map=/build/r-base-rgGXCp/r-base-4.5.0=. -fstack-protector-strong -Wformat -Werror=format-security -Wdate-time -D_FORTIFY_SOURCE=2   -c win32gui.cpp -o win32gui.o
g++ -std=gnu++17 -I"/usr/share/R/include" -DNDEBUG -DHAVE_PNG_H -I/usr/include/libpng16 -DRGL_NO_OPENGL -DR_NO_REMAP -Iext/earcut      -fpic  -g -O2 -ffile-prefix-map=/build/r-base-rgGXCp/r-base-4.5.0=. -fstack-protector-strong -Wformat -Werror=format-security -Wdate-time -D_FORTIFY_SOURCE=2   -c win32lib.cpp -o win32lib.o
g++ -std=gnu++17 -I"/usr/share/R/include" -DNDEBUG -DHAVE_PNG_H -I/usr/include/libpng16 -DRGL_NO_OPENGL -DR_NO_REMAP -Iext/earcut      -fpic  -g -O2 -ffile-prefix-map=/build/r-base-rgGXCp/r-base-4.5.0=. -fstack-protector-strong -Wformat -Werror=format-security -Wdate-time -D_FORTIFY_SOURCE=2   -c x11gui.cpp -o x11gui.o
g++ -std=gnu++17 -I"/usr/share/R/include" -DNDEBUG -DHAVE_PNG_H -I/usr/include/libpng16 -DRGL_NO_OPENGL -DR_NO_REMAP -Iext/earcut      -fpic  -g -O2 -ffile-prefix-map=/build/r-base-rgGXCp/r-base-4.5.0=. -fstack-protector-strong -Wformat -Werror=format-security -Wdate-time -D_FORTIFY_SOURCE=2   -c x11lib.cpp -o x11lib.o
gcc -I"/usr/share/R/include" -DNDEBUG -DHAVE_PNG_H -I/usr/include/libpng16 -DRGL_NO_OPENGL -DR_NO_REMAP -Iext/earcut     -fvisibility=hidden -fpic  -g -O2 -ffile-prefix-map=/build/r-base-rgGXCp/r-base-4.5.0=. -fstack-protector-strong -Wformat -Werror=format-security -Wdate-time -D_FORTIFY_SOURCE=2  -c gl2ps.c -o gl2ps.o
gcc -I"/usr/share/R/include" -DNDEBUG -DHAVE_PNG_H -I/usr/include/libpng16 -DRGL_NO_OPENGL -DR_NO_REMAP -Iext/earcut     -fvisibility=hidden -fpic  -g -O2 -ffile-prefix-map=/build/r-base-rgGXCp/r-base-4.5.0=. -fstack-protector-strong -Wformat -Werror=format-security -Wdate-time -D_FORTIFY_SOURCE=2  -c gl.c -o gl.o
gcc -I"/usr/share/R/include" -DNDEBUG -DHAVE_PNG_H -I/usr/include/libpng16 -DRGL_NO_OPENGL -DR_NO_REMAP -Iext/earcut     -fvisibility=hidden -fpic  -g -O2 -ffile-prefix-map=/build/r-base-rgGXCp/r-base-4.5.0=. -fstack-protector-strong -Wformat -Werror=format-security -Wdate-time -D_FORTIFY_SOURCE=2  -c pretty.c -o pretty.o
g++ -std=gnu++17 -shared -L/usr/lib/R/lib -Wl,-Bsymbolic-functions -flto=auto -ffat-lto-objects -flto=auto -Wl,-z,relro -o useNULL.so ABCLineSet.o api.o assert.o Background.o BBoxDeco.o callbacks.o ClipPlane.o Color.o device.o devicemanager.o Disposable.o earcut.o fps.o ftgl.o geom.o glErrors.o glgui.o gui.o init.o Light.o LineSet.o LineStripSet.o Material.o NULLgui.o par3d.o pixmap.o PlaneSet.o platform.o PointSet.o PrimitiveSet.o R.o RenderContext.o render.o rglmath.o rglview.o scene.o select.o Shape.o SphereMesh.o SphereSet.o SpriteSet.o subscene.o Surface.o TextSet.o Texture.o Viewpoint.o win32gui.o win32lib.o x11gui.o x11lib.o gl2ps.o gl.o pretty.o -lpng16 -L/usr/lib/R/lib -lR
make[1]: Leaving directory '/tmp/Rtmp3M1E2J/R.INSTALLf594c14d8e/rgl/src/useNULL'
installing to /usr/local/lib/R/site-library/00LOCK-rgl/00new/rgl/libs
** R
** demo
** inst
** byte-compile and prepare package for lazy loading
** help
*** installing help indices
*** copying figures
** building package indices
** installing vignettes
** testing if installed package can be loaded from temporary location
Warning: 'rgl.init' failed, will use the null device.
See '?rgl.useNULL' for ways to avoid this warning.
** checking absolute paths in shared objects and dynamic libraries
** testing if installed package can be loaded from final location
Warning: 'rgl.init' failed, will use the null device.
See '?rgl.useNULL' for ways to avoid this warning.
** testing if installed package keeps a record of temporary installation path
* creating tarball
packaged installation of ‘rgl’ as ‘rgl_1.3.18_R_x86_64-pc-linux-gnu.tar.gz’
* DONE (rgl)
* installing *source* package ‘rbibutils’ ...
** this is package ‘rbibutils’ version ‘2.3’
** package ‘rbibutils’ successfully unpacked and MD5 sums checked
** using staged installation
** libs
using C compiler: ‘gcc (Ubuntu 11.4.0-1ubuntu1~22.04) 11.4.0’
gcc -I"/usr/share/R/include" -DNDEBUG       -fpic  -g -O2 -ffile-prefix-map=/build/r-base-rgGXCp/r-base-4.5.0=. -fstack-protector-strong -Wformat -Werror=format-security -Wdate-time -D_FORTIFY_SOURCE=2  -c adsout.c -o adsout.o
gcc -I"/usr/share/R/include" -DNDEBUG       -fpic  -g -O2 -ffile-prefix-map=/build/r-base-rgGXCp/r-base-4.5.0=. -fstack-protector-strong -Wformat -Werror=format-security -Wdate-time -D_FORTIFY_SOURCE=2  -c any2xml.c -o any2xml.o
gcc -I"/usr/share/R/include" -DNDEBUG       -fpic  -g -O2 -ffile-prefix-map=/build/r-base-rgGXCp/r-base-4.5.0=. -fstack-protector-strong -Wformat -Werror=format-security -Wdate-time -D_FORTIFY_SOURCE=2  -c args.c -o args.o
gcc -I"/usr/share/R/include" -DNDEBUG       -fpic  -g -O2 -ffile-prefix-map=/build/r-base-rgGXCp/r-base-4.5.0=. -fstack-protector-strong -Wformat -Werror=format-security -Wdate-time -D_FORTIFY_SOURCE=2  -c bib2be.c -o bib2be.o
gcc -I"/usr/share/R/include" -DNDEBUG       -fpic  -g -O2 -ffile-prefix-map=/build/r-base-rgGXCp/r-base-4.5.0=. -fstack-protector-strong -Wformat -Werror=format-security -Wdate-time -D_FORTIFY_SOURCE=2  -c bibcore.c -o bibcore.o
gcc -I"/usr/share/R/include" -DNDEBUG       -fpic  -g -O2 -ffile-prefix-map=/build/r-base-rgGXCp/r-base-4.5.0=. -fstack-protector-strong -Wformat -Werror=format-security -Wdate-time -D_FORTIFY_SOURCE=2  -c bibentrydirectout.c -o bibentrydirectout.o
gcc -I"/usr/share/R/include" -DNDEBUG       -fpic  -g -O2 -ffile-prefix-map=/build/r-base-rgGXCp/r-base-4.5.0=. -fstack-protector-strong -Wformat -Werror=format-security -Wdate-time -D_FORTIFY_SOURCE=2  -c bibentryout.c -o bibentryout.o
gcc -I"/usr/share/R/include" -DNDEBUG       -fpic  -g -O2 -ffile-prefix-map=/build/r-base-rgGXCp/r-base-4.5.0=. -fstack-protector-strong -Wformat -Werror=format-security -Wdate-time -D_FORTIFY_SOURCE=2  -c bibl.c -o bibl.o
gcc -I"/usr/share/R/include" -DNDEBUG       -fpic  -g -O2 -ffile-prefix-map=/build/r-base-rgGXCp/r-base-4.5.0=. -fstack-protector-strong -Wformat -Werror=format-security -Wdate-time -D_FORTIFY_SOURCE=2  -c biblatexin.c -o biblatexin.o
gcc -I"/usr/share/R/include" -DNDEBUG       -fpic  -g -O2 -ffile-prefix-map=/build/r-base-rgGXCp/r-base-4.5.0=. -fstack-protector-strong -Wformat -Werror=format-security -Wdate-time -D_FORTIFY_SOURCE=2  -c biblatexout.c -o biblatexout.o
gcc -I"/usr/share/R/include" -DNDEBUG       -fpic  -g -O2 -ffile-prefix-map=/build/r-base-rgGXCp/r-base-4.5.0=. -fstack-protector-strong -Wformat -Werror=format-security -Wdate-time -D_FORTIFY_SOURCE=2  -c bibprog.c -o bibprog.o
gcc -I"/usr/share/R/include" -DNDEBUG       -fpic  -g -O2 -ffile-prefix-map=/build/r-base-rgGXCp/r-base-4.5.0=. -fstack-protector-strong -Wformat -Werror=format-security -Wdate-time -D_FORTIFY_SOURCE=2  -c bibtexdirectin.c -o bibtexdirectin.o
gcc -I"/usr/share/R/include" -DNDEBUG       -fpic  -g -O2 -ffile-prefix-map=/build/r-base-rgGXCp/r-base-4.5.0=. -fstack-protector-strong -Wformat -Werror=format-security -Wdate-time -D_FORTIFY_SOURCE=2  -c bibtexin.c -o bibtexin.o
gcc -I"/usr/share/R/include" -DNDEBUG       -fpic  -g -O2 -ffile-prefix-map=/build/r-base-rgGXCp/r-base-4.5.0=. -fstack-protector-strong -Wformat -Werror=format-security -Wdate-time -D_FORTIFY_SOURCE=2  -c bibtexout.c -o bibtexout.o
gcc -I"/usr/share/R/include" -DNDEBUG       -fpic  -g -O2 -ffile-prefix-map=/build/r-base-rgGXCp/r-base-4.5.0=. -fstack-protector-strong -Wformat -Werror=format-security -Wdate-time -D_FORTIFY_SOURCE=2  -c bibtextypes.c -o bibtextypes.o
gcc -I"/usr/share/R/include" -DNDEBUG       -fpic  -g -O2 -ffile-prefix-map=/build/r-base-rgGXCp/r-base-4.5.0=. -fstack-protector-strong -Wformat -Werror=format-security -Wdate-time -D_FORTIFY_SOURCE=2  -c bibutils.c -o bibutils.o
gcc -I"/usr/share/R/include" -DNDEBUG       -fpic  -g -O2 -ffile-prefix-map=/build/r-base-rgGXCp/r-base-4.5.0=. -fstack-protector-strong -Wformat -Werror=format-security -Wdate-time -D_FORTIFY_SOURCE=2  -c bltypes.c -o bltypes.o
gcc -I"/usr/share/R/include" -DNDEBUG       -fpic  -g -O2 -ffile-prefix-map=/build/r-base-rgGXCp/r-base-4.5.0=. -fstack-protector-strong -Wformat -Werror=format-security -Wdate-time -D_FORTIFY_SOURCE=2  -c bu_auth.c -o bu_auth.o
gcc -I"/usr/share/R/include" -DNDEBUG       -fpic  -g -O2 -ffile-prefix-map=/build/r-base-rgGXCp/r-base-4.5.0=. -fstack-protector-strong -Wformat -Werror=format-security -Wdate-time -D_FORTIFY_SOURCE=2  -c charsets.c -o charsets.o
gcc -I"/usr/share/R/include" -DNDEBUG       -fpic  -g -O2 -ffile-prefix-map=/build/r-base-rgGXCp/r-base-4.5.0=. -fstack-protector-strong -Wformat -Werror=format-security -Wdate-time -D_FORTIFY_SOURCE=2  -c common_be_bed.c -o common_be_bed.o
gcc -I"/usr/share/R/include" -DNDEBUG       -fpic  -g -O2 -ffile-prefix-map=/build/r-base-rgGXCp/r-base-4.5.0=. -fstack-protector-strong -Wformat -Werror=format-security -Wdate-time -D_FORTIFY_SOURCE=2  -c common_bt_blt_btd_out.c -o common_bt_blt_btd_out.o
gcc -I"/usr/share/R/include" -DNDEBUG       -fpic  -g -O2 -ffile-prefix-map=/build/r-base-rgGXCp/r-base-4.5.0=. -fstack-protector-strong -Wformat -Werror=format-security -Wdate-time -D_FORTIFY_SOURCE=2  -c common_bt_btd.c -o common_bt_btd.o
gcc -I"/usr/share/R/include" -DNDEBUG       -fpic  -g -O2 -ffile-prefix-map=/build/r-base-rgGXCp/r-base-4.5.0=. -fstack-protector-strong -Wformat -Werror=format-security -Wdate-time -D_FORTIFY_SOURCE=2  -c common_bt_btd_blt.c -o common_bt_btd_blt.o
gcc -I"/usr/share/R/include" -DNDEBUG       -fpic  -g -O2 -ffile-prefix-map=/build/r-base-rgGXCp/r-base-4.5.0=. -fstack-protector-strong -Wformat -Werror=format-security -Wdate-time -D_FORTIFY_SOURCE=2  -c common_bt_btd_out.c -o common_bt_btd_out.o
gcc -I"/usr/share/R/include" -DNDEBUG       -fpic  -g -O2 -ffile-prefix-map=/build/r-base-rgGXCp/r-base-4.5.0=. -fstack-protector-strong -Wformat -Werror=format-security -Wdate-time -D_FORTIFY_SOURCE=2  -c copacin.c -o copacin.o
gcc -I"/usr/share/R/include" -DNDEBUG       -fpic  -g -O2 -ffile-prefix-map=/build/r-base-rgGXCp/r-base-4.5.0=. -fstack-protector-strong -Wformat -Werror=format-security -Wdate-time -D_FORTIFY_SOURCE=2  -c copactypes.c -o copactypes.o
gcc -I"/usr/share/R/include" -DNDEBUG       -fpic  -g -O2 -ffile-prefix-map=/build/r-base-rgGXCp/r-base-4.5.0=. -fstack-protector-strong -Wformat -Werror=format-security -Wdate-time -D_FORTIFY_SOURCE=2  -c ebiin.c -o ebiin.o
gcc -I"/usr/share/R/include" -DNDEBUG       -fpic  -g -O2 -ffile-prefix-map=/build/r-base-rgGXCp/r-base-4.5.0=. -fstack-protector-strong -Wformat -Werror=format-security -Wdate-time -D_FORTIFY_SOURCE=2  -c endin.c -o endin.o
gcc -I"/usr/share/R/include" -DNDEBUG       -fpic  -g -O2 -ffile-prefix-map=/build/r-base-rgGXCp/r-base-4.5.0=. -fstack-protector-strong -Wformat -Werror=format-security -Wdate-time -D_FORTIFY_SOURCE=2  -c endout.c -o endout.o
gcc -I"/usr/share/R/include" -DNDEBUG       -fpic  -g -O2 -ffile-prefix-map=/build/r-base-rgGXCp/r-base-4.5.0=. -fstack-protector-strong -Wformat -Werror=format-security -Wdate-time -D_FORTIFY_SOURCE=2  -c endtypes.c -o endtypes.o
gcc -I"/usr/share/R/include" -DNDEBUG       -fpic  -g -O2 -ffile-prefix-map=/build/r-base-rgGXCp/r-base-4.5.0=. -fstack-protector-strong -Wformat -Werror=format-security -Wdate-time -D_FORTIFY_SOURCE=2  -c endxmlin.c -o endxmlin.o
gcc -I"/usr/share/R/include" -DNDEBUG       -fpic  -g -O2 -ffile-prefix-map=/build/r-base-rgGXCp/r-base-4.5.0=. -fstack-protector-strong -Wformat -Werror=format-security -Wdate-time -D_FORTIFY_SOURCE=2  -c entities.c -o entities.o
gcc -I"/usr/share/R/include" -DNDEBUG       -fpic  -g -O2 -ffile-prefix-map=/build/r-base-rgGXCp/r-base-4.5.0=. -fstack-protector-strong -Wformat -Werror=format-security -Wdate-time -D_FORTIFY_SOURCE=2  -c fields.c -o fields.o
gcc -I"/usr/share/R/include" -DNDEBUG       -fpic  -g -O2 -ffile-prefix-map=/build/r-base-rgGXCp/r-base-4.5.0=. -fstack-protector-strong -Wformat -Werror=format-security -Wdate-time -D_FORTIFY_SOURCE=2  -c gb18030.c -o gb18030.o
gcc -I"/usr/share/R/include" -DNDEBUG       -fpic  -g -O2 -ffile-prefix-map=/build/r-base-rgGXCp/r-base-4.5.0=. -fstack-protector-strong -Wformat -Werror=format-security -Wdate-time -D_FORTIFY_SOURCE=2  -c generic.c -o generic.o
gcc -I"/usr/share/R/include" -DNDEBUG       -fpic  -g -O2 -ffile-prefix-map=/build/r-base-rgGXCp/r-base-4.5.0=. -fstack-protector-strong -Wformat -Werror=format-security -Wdate-time -D_FORTIFY_SOURCE=2  -c init.c -o init.o
gcc -I"/usr/share/R/include" -DNDEBUG       -fpic  -g -O2 -ffile-prefix-map=/build/r-base-rgGXCp/r-base-4.5.0=. -fstack-protector-strong -Wformat -Werror=format-security -Wdate-time -D_FORTIFY_SOURCE=2  -c intlist.c -o intlist.o
gcc -I"/usr/share/R/include" -DNDEBUG       -fpic  -g -O2 -ffile-prefix-map=/build/r-base-rgGXCp/r-base-4.5.0=. -fstack-protector-strong -Wformat -Werror=format-security -Wdate-time -D_FORTIFY_SOURCE=2  -c is_ws.c -o is_ws.o
gcc -I"/usr/share/R/include" -DNDEBUG       -fpic  -g -O2 -ffile-prefix-map=/build/r-base-rgGXCp/r-base-4.5.0=. -fstack-protector-strong -Wformat -Werror=format-security -Wdate-time -D_FORTIFY_SOURCE=2  -c isiin.c -o isiin.o
gcc -I"/usr/share/R/include" -DNDEBUG       -fpic  -g -O2 -ffile-prefix-map=/build/r-base-rgGXCp/r-base-4.5.0=. -fstack-protector-strong -Wformat -Werror=format-security -Wdate-time -D_FORTIFY_SOURCE=2  -c isiout.c -o isiout.o
gcc -I"/usr/share/R/include" -DNDEBUG       -fpic  -g -O2 -ffile-prefix-map=/build/r-base-rgGXCp/r-base-4.5.0=. -fstack-protector-strong -Wformat -Werror=format-security -Wdate-time -D_FORTIFY_SOURCE=2  -c isitypes.c -o isitypes.o
gcc -I"/usr/share/R/include" -DNDEBUG       -fpic  -g -O2 -ffile-prefix-map=/build/r-base-rgGXCp/r-base-4.5.0=. -fstack-protector-strong -Wformat -Werror=format-security -Wdate-time -D_FORTIFY_SOURCE=2  -c iso639_1.c -o iso639_1.o
gcc -I"/usr/share/R/include" -DNDEBUG       -fpic  -g -O2 -ffile-prefix-map=/build/r-base-rgGXCp/r-base-4.5.0=. -fstack-protector-strong -Wformat -Werror=format-security -Wdate-time -D_FORTIFY_SOURCE=2  -c iso639_2.c -o iso639_2.o
gcc -I"/usr/share/R/include" -DNDEBUG       -fpic  -g -O2 -ffile-prefix-map=/build/r-base-rgGXCp/r-base-4.5.0=. -fstack-protector-strong -Wformat -Werror=format-security -Wdate-time -D_FORTIFY_SOURCE=2  -c iso639_3.c -o iso639_3.o
gcc -I"/usr/share/R/include" -DNDEBUG       -fpic  -g -O2 -ffile-prefix-map=/build/r-base-rgGXCp/r-base-4.5.0=. -fstack-protector-strong -Wformat -Werror=format-security -Wdate-time -D_FORTIFY_SOURCE=2  -c latex.c -o latex.o
gcc -I"/usr/share/R/include" -DNDEBUG       -fpic  -g -O2 -ffile-prefix-map=/build/r-base-rgGXCp/r-base-4.5.0=. -fstack-protector-strong -Wformat -Werror=format-security -Wdate-time -D_FORTIFY_SOURCE=2  -c latex_parse.c -o latex_parse.o
gcc -I"/usr/share/R/include" -DNDEBUG       -fpic  -g -O2 -ffile-prefix-map=/build/r-base-rgGXCp/r-base-4.5.0=. -fstack-protector-strong -Wformat -Werror=format-security -Wdate-time -D_FORTIFY_SOURCE=2  -c marc_auth.c -o marc_auth.o
gcc -I"/usr/share/R/include" -DNDEBUG       -fpic  -g -O2 -ffile-prefix-map=/build/r-base-rgGXCp/r-base-4.5.0=. -fstack-protector-strong -Wformat -Werror=format-security -Wdate-time -D_FORTIFY_SOURCE=2  -c medin.c -o medin.o
gcc -I"/usr/share/R/include" -DNDEBUG       -fpic  -g -O2 -ffile-prefix-map=/build/r-base-rgGXCp/r-base-4.5.0=. -fstack-protector-strong -Wformat -Werror=format-security -Wdate-time -D_FORTIFY_SOURCE=2  -c modsin.c -o modsin.o
gcc -I"/usr/share/R/include" -DNDEBUG       -fpic  -g -O2 -ffile-prefix-map=/build/r-base-rgGXCp/r-base-4.5.0=. -fstack-protector-strong -Wformat -Werror=format-security -Wdate-time -D_FORTIFY_SOURCE=2  -c modsout.c -o modsout.o
gcc -I"/usr/share/R/include" -DNDEBUG       -fpic  -g -O2 -ffile-prefix-map=/build/r-base-rgGXCp/r-base-4.5.0=. -fstack-protector-strong -Wformat -Werror=format-security -Wdate-time -D_FORTIFY_SOURCE=2  -c modstypes.c -o modstypes.o
gcc -I"/usr/share/R/include" -DNDEBUG       -fpic  -g -O2 -ffile-prefix-map=/build/r-base-rgGXCp/r-base-4.5.0=. -fstack-protector-strong -Wformat -Werror=format-security -Wdate-time -D_FORTIFY_SOURCE=2  -c name.c -o name.o
gcc -I"/usr/share/R/include" -DNDEBUG       -fpic  -g -O2 -ffile-prefix-map=/build/r-base-rgGXCp/r-base-4.5.0=. -fstack-protector-strong -Wformat -Werror=format-security -Wdate-time -D_FORTIFY_SOURCE=2  -c nbibin.c -o nbibin.o
gcc -I"/usr/share/R/include" -DNDEBUG       -fpic  -g -O2 -ffile-prefix-map=/build/r-base-rgGXCp/r-base-4.5.0=. -fstack-protector-strong -Wformat -Werror=format-security -Wdate-time -D_FORTIFY_SOURCE=2  -c nbibout.c -o nbibout.o
gcc -I"/usr/share/R/include" -DNDEBUG       -fpic  -g -O2 -ffile-prefix-map=/build/r-base-rgGXCp/r-base-4.5.0=. -fstack-protector-strong -Wformat -Werror=format-security -Wdate-time -D_FORTIFY_SOURCE=2  -c nbibtypes.c -o nbibtypes.o
gcc -I"/usr/share/R/include" -DNDEBUG       -fpic  -g -O2 -ffile-prefix-map=/build/r-base-rgGXCp/r-base-4.5.0=. -fstack-protector-strong -Wformat -Werror=format-security -Wdate-time -D_FORTIFY_SOURCE=2  -c notes.c -o notes.o
gcc -I"/usr/share/R/include" -DNDEBUG       -fpic  -g -O2 -ffile-prefix-map=/build/r-base-rgGXCp/r-base-4.5.0=. -fstack-protector-strong -Wformat -Werror=format-security -Wdate-time -D_FORTIFY_SOURCE=2  -c pages.c -o pages.o
gcc -I"/usr/share/R/include" -DNDEBUG       -fpic  -g -O2 -ffile-prefix-map=/build/r-base-rgGXCp/r-base-4.5.0=. -fstack-protector-strong -Wformat -Werror=format-security -Wdate-time -D_FORTIFY_SOURCE=2  -c reftypes.c -o reftypes.o
gcc -I"/usr/share/R/include" -DNDEBUG       -fpic  -g -O2 -ffile-prefix-map=/build/r-base-rgGXCp/r-base-4.5.0=. -fstack-protector-strong -Wformat -Werror=format-security -Wdate-time -D_FORTIFY_SOURCE=2  -c risin.c -o risin.o
gcc -I"/usr/share/R/include" -DNDEBUG       -fpic  -g -O2 -ffile-prefix-map=/build/r-base-rgGXCp/r-base-4.5.0=. -fstack-protector-strong -Wformat -Werror=format-security -Wdate-time -D_FORTIFY_SOURCE=2  -c risout.c -o risout.o
gcc -I"/usr/share/R/include" -DNDEBUG       -fpic  -g -O2 -ffile-prefix-map=/build/r-base-rgGXCp/r-base-4.5.0=. -fstack-protector-strong -Wformat -Werror=format-security -Wdate-time -D_FORTIFY_SOURCE=2  -c ristypes.c -o ristypes.o
gcc -I"/usr/share/R/include" -DNDEBUG       -fpic  -g -O2 -ffile-prefix-map=/build/r-base-rgGXCp/r-base-4.5.0=. -fstack-protector-strong -Wformat -Werror=format-security -Wdate-time -D_FORTIFY_SOURCE=2  -c serialno.c -o serialno.o
gcc -I"/usr/share/R/include" -DNDEBUG       -fpic  -g -O2 -ffile-prefix-map=/build/r-base-rgGXCp/r-base-4.5.0=. -fstack-protector-strong -Wformat -Werror=format-security -Wdate-time -D_FORTIFY_SOURCE=2  -c slist.c -o slist.o
gcc -I"/usr/share/R/include" -DNDEBUG       -fpic  -g -O2 -ffile-prefix-map=/build/r-base-rgGXCp/r-base-4.5.0=. -fstack-protector-strong -Wformat -Werror=format-security -Wdate-time -D_FORTIFY_SOURCE=2  -c str.c -o str.o
gcc -I"/usr/share/R/include" -DNDEBUG       -fpic  -g -O2 -ffile-prefix-map=/build/r-base-rgGXCp/r-base-4.5.0=. -fstack-protector-strong -Wformat -Werror=format-security -Wdate-time -D_FORTIFY_SOURCE=2  -c str_conv.c -o str_conv.o
gcc -I"/usr/share/R/include" -DNDEBUG       -fpic  -g -O2 -ffile-prefix-map=/build/r-base-rgGXCp/r-base-4.5.0=. -fstack-protector-strong -Wformat -Werror=format-security -Wdate-time -D_FORTIFY_SOURCE=2  -c strsearch.c -o strsearch.o
gcc -I"/usr/share/R/include" -DNDEBUG       -fpic  -g -O2 -ffile-prefix-map=/build/r-base-rgGXCp/r-base-4.5.0=. -fstack-protector-strong -Wformat -Werror=format-security -Wdate-time -D_FORTIFY_SOURCE=2  -c title.c -o title.o
gcc -I"/usr/share/R/include" -DNDEBUG       -fpic  -g -O2 -ffile-prefix-map=/build/r-base-rgGXCp/r-base-4.5.0=. -fstack-protector-strong -Wformat -Werror=format-security -Wdate-time -D_FORTIFY_SOURCE=2  -c tomods.c -o tomods.o
gcc -I"/usr/share/R/include" -DNDEBUG       -fpic  -g -O2 -ffile-prefix-map=/build/r-base-rgGXCp/r-base-4.5.0=. -fstack-protector-strong -Wformat -Werror=format-security -Wdate-time -D_FORTIFY_SOURCE=2  -c type.c -o type.o
gcc -I"/usr/share/R/include" -DNDEBUG       -fpic  -g -O2 -ffile-prefix-map=/build/r-base-rgGXCp/r-base-4.5.0=. -fstack-protector-strong -Wformat -Werror=format-security -Wdate-time -D_FORTIFY_SOURCE=2  -c unicode.c -o unicode.o
gcc -I"/usr/share/R/include" -DNDEBUG       -fpic  -g -O2 -ffile-prefix-map=/build/r-base-rgGXCp/r-base-4.5.0=. -fstack-protector-strong -Wformat -Werror=format-security -Wdate-time -D_FORTIFY_SOURCE=2  -c url.c -o url.o
gcc -I"/usr/share/R/include" -DNDEBUG       -fpic  -g -O2 -ffile-prefix-map=/build/r-base-rgGXCp/r-base-4.5.0=. -fstack-protector-strong -Wformat -Werror=format-security -Wdate-time -D_FORTIFY_SOURCE=2  -c utf8.c -o utf8.o
gcc -I"/usr/share/R/include" -DNDEBUG       -fpic  -g -O2 -ffile-prefix-map=/build/r-base-rgGXCp/r-base-4.5.0=. -fstack-protector-strong -Wformat -Werror=format-security -Wdate-time -D_FORTIFY_SOURCE=2  -c vplist.c -o vplist.o
gcc -I"/usr/share/R/include" -DNDEBUG       -fpic  -g -O2 -ffile-prefix-map=/build/r-base-rgGXCp/r-base-4.5.0=. -fstack-protector-strong -Wformat -Werror=format-security -Wdate-time -D_FORTIFY_SOURCE=2  -c wordin.c -o wordin.o
gcc -I"/usr/share/R/include" -DNDEBUG       -fpic  -g -O2 -ffile-prefix-map=/build/r-base-rgGXCp/r-base-4.5.0=. -fstack-protector-strong -Wformat -Werror=format-security -Wdate-time -D_FORTIFY_SOURCE=2  -c wordout.c -o wordout.o
gcc -I"/usr/share/R/include" -DNDEBUG       -fpic  -g -O2 -ffile-prefix-map=/build/r-base-rgGXCp/r-base-4.5.0=. -fstack-protector-strong -Wformat -Werror=format-security -Wdate-time -D_FORTIFY_SOURCE=2  -c xml.c -o xml.o
gcc -I"/usr/share/R/include" -DNDEBUG       -fpic  -g -O2 -ffile-prefix-map=/build/r-base-rgGXCp/r-base-4.5.0=. -fstack-protector-strong -Wformat -Werror=format-security -Wdate-time -D_FORTIFY_SOURCE=2  -c xml2any.c -o xml2any.o
gcc -I"/usr/share/R/include" -DNDEBUG       -fpic  -g -O2 -ffile-prefix-map=/build/r-base-rgGXCp/r-base-4.5.0=. -fstack-protector-strong -Wformat -Werror=format-security -Wdate-time -D_FORTIFY_SOURCE=2  -c xml_encoding.c -o xml_encoding.o
gcc -shared -L/usr/lib/R/lib -Wl,-Bsymbolic-functions -flto=auto -ffat-lto-objects -flto=auto -Wl,-z,relro -o rbibutils.so adsout.o any2xml.o args.o bib2be.o bibcore.o bibentrydirectout.o bibentryout.o bibl.o biblatexin.o biblatexout.o bibprog.o bibtexdirectin.o bibtexin.o bibtexout.o bibtextypes.o bibutils.o bltypes.o bu_auth.o charsets.o common_be_bed.o common_bt_blt_btd_out.o common_bt_btd.o common_bt_btd_blt.o common_bt_btd_out.o copacin.o copactypes.o ebiin.o endin.o endout.o endtypes.o endxmlin.o entities.o fields.o gb18030.o generic.o init.o intlist.o is_ws.o isiin.o isiout.o isitypes.o iso639_1.o iso639_2.o iso639_3.o latex.o latex_parse.o marc_auth.o medin.o modsin.o modsout.o modstypes.o name.o nbibin.o nbibout.o nbibtypes.o notes.o pages.o reftypes.o risin.o risout.o ristypes.o serialno.o slist.o str.o str_conv.o strsearch.o title.o tomods.o type.o unicode.o url.o utf8.o vplist.o wordin.o wordout.o xml.o xml2any.o xml_encoding.o -L/usr/lib/R/lib -lR
installing to /usr/local/lib/R/site-library/00LOCK-rbibutils/00new/rbibutils/libs
** R
** inst
** byte-compile and prepare package for lazy loading
** help
*** installing help indices
** building package indices
** installing vignettes
** testing if installed package can be loaded from temporary location
** checking absolute paths in shared objects and dynamic libraries
** testing if installed package can be loaded from final location
** testing if installed package keeps a record of temporary installation path
* creating tarball
packaged installation of ‘rbibutils’ as ‘rbibutils_2.3_R_x86_64-pc-linux-gnu.tar.gz’
* DONE (rbibutils)
* installing *source* package ‘ggsci’ ...
** this is package ‘ggsci’ version ‘3.2.0’
** package ‘ggsci’ successfully unpacked and MD5 sums checked
** using staged installation
** R
** inst
** byte-compile and prepare package for lazy loading
** help
*** installing help indices
*** copying figures
** building package indices
** installing vignettes
** testing if installed package can be loaded from temporary location
** testing if installed package can be loaded from final location
** testing if installed package keeps a record of temporary installation path
* creating tarball
packaged installation of ‘ggsci’ as ‘ggsci_3.2.0_R_x86_64-pc-linux-gnu.tar.gz’
* DONE (ggsci)
* installing *source* package ‘ggsignif’ ...
** this is package ‘ggsignif’ version ‘0.6.4’
** package ‘ggsignif’ successfully unpacked and MD5 sums checked
** using staged installation
** R
** inst
** byte-compile and prepare package for lazy loading
** help
*** installing help indices
*** copying figures
** building package indices
** installing vignettes
** testing if installed package can be loaded from temporary location
** testing if installed package can be loaded from final location
** testing if installed package keeps a record of temporary installation path
* creating tarball
packaged installation of ‘ggsignif’ as ‘ggsignif_0.6.4_R_x86_64-pc-linux-gnu.tar.gz’
* DONE (ggsignif)
* installing *source* package ‘polynom’ ...
** this is package ‘polynom’ version ‘1.4-1’
** package ‘polynom’ successfully unpacked and MD5 sums checked
** using staged installation
** R
** inst
** byte-compile and prepare package for lazy loading
** help
*** installing help indices
** building package indices
** installing vignettes
** testing if installed package can be loaded from temporary location
** testing if installed package can be loaded from final location
** testing if installed package keeps a record of temporary installation path
* creating tarball
packaged installation of ‘polynom’ as ‘polynom_1.4-1_R_x86_64-pc-linux-gnu.tar.gz’
* DONE (polynom)
* installing *source* package ‘numDeriv’ ...
** this is package ‘numDeriv’ version ‘2016.8-1.1’
** package ‘numDeriv’ successfully unpacked and MD5 sums checked
** using staged installation
** R
** inst
** byte-compile and prepare package for lazy loading
** help
*** installing help indices
** building package indices
** installing vignettes
** testing if installed package can be loaded from temporary location
** testing if installed package can be loaded from final location
** testing if installed package keeps a record of temporary installation path
* creating tarball
packaged installation of ‘numDeriv’ as ‘numDeriv_2016.8-1.1_R_x86_64-pc-linux-gnu.tar.gz’
* DONE (numDeriv)
* installing *source* package ‘insight’ ...
** this is package ‘insight’ version ‘1.2.0’
** package ‘insight’ successfully unpacked and MD5 sums checked
** using staged installation
** R
** data
** inst
** byte-compile and prepare package for lazy loading
** help
*** installing help indices
*** copying figures
** building package indices
** installing vignettes
** testing if installed package can be loaded from temporary location
** testing if installed package can be loaded from final location
** testing if installed package keeps a record of temporary installation path
* creating tarball
packaged installation of ‘insight’ as ‘insight_1.2.0_R_x86_64-pc-linux-gnu.tar.gz’
* DONE (insight)
* installing *source* package ‘permute’ ...
** this is package ‘permute’ version ‘0.9-7’
** package ‘permute’ successfully unpacked and MD5 sums checked
** using staged installation
** R
** data
** inst
** byte-compile and prepare package for lazy loading
** help
*** installing help indices
** building package indices
** installing vignettes
** testing if installed package can be loaded from temporary location
** testing if installed package can be loaded from final location
** testing if installed package keeps a record of temporary installation path
* creating tarball
packaged installation of ‘permute’ as ‘permute_0.9-7_R_x86_64-pc-linux-gnu.tar.gz’
* DONE (permute)
* installing *source* package ‘bookdown’ ...
** this is package ‘bookdown’ version ‘0.43’
** package ‘bookdown’ successfully unpacked and MD5 sums checked
** using staged installation
** R
** inst
** byte-compile and prepare package for lazy loading
** help
*** installing help indices
*** copying figures
** building package indices
** installing vignettes
** testing if installed package can be loaded from temporary location
** testing if installed package can be loaded from final location
** testing if installed package keeps a record of temporary installation path
* creating tarball
packaged installation of ‘bookdown’ as ‘bookdown_0.43_R_x86_64-pc-linux-gnu.tar.gz’
* DONE (bookdown)
* installing *source* package ‘ape’ ...
** this is package ‘ape’ version ‘5.8-1’
** package ‘ape’ successfully unpacked and MD5 sums checked
** using staged installation
** libs
using C compiler: ‘gcc (Ubuntu 11.4.0-1ubuntu1~22.04) 11.4.0’
using C++ compiler: ‘g++ (Ubuntu 11.4.0-1ubuntu1~22.04) 11.4.0’
gcc -I"/usr/share/R/include" -DNDEBUG  -I'/usr/local/lib/R/site-library/Rcpp/include'     -fpic  -g -O2 -ffile-prefix-map=/build/r-base-rgGXCp/r-base-4.5.0=. -fstack-protector-strong -Wformat -Werror=format-security -Wdate-time -D_FORTIFY_SOURCE=2  -c BIONJ.c -o BIONJ.o
gcc -I"/usr/share/R/include" -DNDEBUG  -I'/usr/local/lib/R/site-library/Rcpp/include'     -fpic  -g -O2 -ffile-prefix-map=/build/r-base-rgGXCp/r-base-4.5.0=. -fstack-protector-strong -Wformat -Werror=format-security -Wdate-time -D_FORTIFY_SOURCE=2  -c NNI.c -o NNI.o
g++ -std=gnu++17 -I"/usr/share/R/include" -DNDEBUG  -I'/usr/local/lib/R/site-library/Rcpp/include'     -fpic  -g -O2 -ffile-prefix-map=/build/r-base-rgGXCp/r-base-4.5.0=. -fstack-protector-strong -Wformat -Werror=format-security -Wdate-time -D_FORTIFY_SOURCE=2   -c RcppExports.cpp -o RcppExports.o
gcc -I"/usr/share/R/include" -DNDEBUG  -I'/usr/local/lib/R/site-library/Rcpp/include'     -fpic  -g -O2 -ffile-prefix-map=/build/r-base-rgGXCp/r-base-4.5.0=. -fstack-protector-strong -Wformat -Werror=format-security -Wdate-time -D_FORTIFY_SOURCE=2  -c SPR.c -o SPR.o
gcc -I"/usr/share/R/include" -DNDEBUG  -I'/usr/local/lib/R/site-library/Rcpp/include'     -fpic  -g -O2 -ffile-prefix-map=/build/r-base-rgGXCp/r-base-4.5.0=. -fstack-protector-strong -Wformat -Werror=format-security -Wdate-time -D_FORTIFY_SOURCE=2  -c additive.c -o additive.o
gcc -I"/usr/share/R/include" -DNDEBUG  -I'/usr/local/lib/R/site-library/Rcpp/include'     -fpic  -g -O2 -ffile-prefix-map=/build/r-base-rgGXCp/r-base-4.5.0=. -fstack-protector-strong -Wformat -Werror=format-security -Wdate-time -D_FORTIFY_SOURCE=2  -c ape.c -o ape.o
gcc -I"/usr/share/R/include" -DNDEBUG  -I'/usr/local/lib/R/site-library/Rcpp/include'     -fpic  -g -O2 -ffile-prefix-map=/build/r-base-rgGXCp/r-base-4.5.0=. -fstack-protector-strong -Wformat -Werror=format-security -Wdate-time -D_FORTIFY_SOURCE=2  -c bNNI.c -o bNNI.o
gcc -I"/usr/share/R/include" -DNDEBUG  -I'/usr/local/lib/R/site-library/Rcpp/include'     -fpic  -g -O2 -ffile-prefix-map=/build/r-base-rgGXCp/r-base-4.5.0=. -fstack-protector-strong -Wformat -Werror=format-security -Wdate-time -D_FORTIFY_SOURCE=2  -c bionjs.c -o bionjs.o
gcc -I"/usr/share/R/include" -DNDEBUG  -I'/usr/local/lib/R/site-library/Rcpp/include'     -fpic  -g -O2 -ffile-prefix-map=/build/r-base-rgGXCp/r-base-4.5.0=. -fstack-protector-strong -Wformat -Werror=format-security -Wdate-time -D_FORTIFY_SOURCE=2  -c bipartition.c -o bipartition.o
gcc -I"/usr/share/R/include" -DNDEBUG  -I'/usr/local/lib/R/site-library/Rcpp/include'     -fpic  -g -O2 -ffile-prefix-map=/build/r-base-rgGXCp/r-base-4.5.0=. -fstack-protector-strong -Wformat -Werror=format-security -Wdate-time -D_FORTIFY_SOURCE=2  -c bitsplits.c -o bitsplits.o
gcc -I"/usr/share/R/include" -DNDEBUG  -I'/usr/local/lib/R/site-library/Rcpp/include'     -fpic  -g -O2 -ffile-prefix-map=/build/r-base-rgGXCp/r-base-4.5.0=. -fstack-protector-strong -Wformat -Werror=format-security -Wdate-time -D_FORTIFY_SOURCE=2  -c delta_plot.c -o delta_plot.o
gcc -I"/usr/share/R/include" -DNDEBUG  -I'/usr/local/lib/R/site-library/Rcpp/include'     -fpic  -g -O2 -ffile-prefix-map=/build/r-base-rgGXCp/r-base-4.5.0=. -fstack-protector-strong -Wformat -Werror=format-security -Wdate-time -D_FORTIFY_SOURCE=2  -c dist_dna.c -o dist_dna.o
gcc -I"/usr/share/R/include" -DNDEBUG  -I'/usr/local/lib/R/site-library/Rcpp/include'     -fpic  -g -O2 -ffile-prefix-map=/build/r-base-rgGXCp/r-base-4.5.0=. -fstack-protector-strong -Wformat -Werror=format-security -Wdate-time -D_FORTIFY_SOURCE=2  -c dist_nodes.c -o dist_nodes.o
gcc -I"/usr/share/R/include" -DNDEBUG  -I'/usr/local/lib/R/site-library/Rcpp/include'     -fpic  -g -O2 -ffile-prefix-map=/build/r-base-rgGXCp/r-base-4.5.0=. -fstack-protector-strong -Wformat -Werror=format-security -Wdate-time -D_FORTIFY_SOURCE=2  -c ewLasso.c -o ewLasso.o
gcc -I"/usr/share/R/include" -DNDEBUG  -I'/usr/local/lib/R/site-library/Rcpp/include'     -fpic  -g -O2 -ffile-prefix-map=/build/r-base-rgGXCp/r-base-4.5.0=. -fstack-protector-strong -Wformat -Werror=format-security -Wdate-time -D_FORTIFY_SOURCE=2  -c heap.c -o heap.o
gcc -I"/usr/share/R/include" -DNDEBUG  -I'/usr/local/lib/R/site-library/Rcpp/include'     -fpic  -g -O2 -ffile-prefix-map=/build/r-base-rgGXCp/r-base-4.5.0=. -fstack-protector-strong -Wformat -Werror=format-security -Wdate-time -D_FORTIFY_SOURCE=2  -c mat_expo.c -o mat_expo.o
gcc -I"/usr/share/R/include" -DNDEBUG  -I'/usr/local/lib/R/site-library/Rcpp/include'     -fpic  -g -O2 -ffile-prefix-map=/build/r-base-rgGXCp/r-base-4.5.0=. -fstack-protector-strong -Wformat -Werror=format-security -Wdate-time -D_FORTIFY_SOURCE=2  -c me.c -o me.o
gcc -I"/usr/share/R/include" -DNDEBUG  -I'/usr/local/lib/R/site-library/Rcpp/include'     -fpic  -g -O2 -ffile-prefix-map=/build/r-base-rgGXCp/r-base-4.5.0=. -fstack-protector-strong -Wformat -Werror=format-security -Wdate-time -D_FORTIFY_SOURCE=2  -c me_balanced.c -o me_balanced.o
gcc -I"/usr/share/R/include" -DNDEBUG  -I'/usr/local/lib/R/site-library/Rcpp/include'     -fpic  -g -O2 -ffile-prefix-map=/build/r-base-rgGXCp/r-base-4.5.0=. -fstack-protector-strong -Wformat -Werror=format-security -Wdate-time -D_FORTIFY_SOURCE=2  -c me_ols.c -o me_ols.o
gcc -I"/usr/share/R/include" -DNDEBUG  -I'/usr/local/lib/R/site-library/Rcpp/include'     -fpic  -g -O2 -ffile-prefix-map=/build/r-base-rgGXCp/r-base-4.5.0=. -fstack-protector-strong -Wformat -Werror=format-security -Wdate-time -D_FORTIFY_SOURCE=2  -c mvr.c -o mvr.o
gcc -I"/usr/share/R/include" -DNDEBUG  -I'/usr/local/lib/R/site-library/Rcpp/include'     -fpic  -g -O2 -ffile-prefix-map=/build/r-base-rgGXCp/r-base-4.5.0=. -fstack-protector-strong -Wformat -Werror=format-security -Wdate-time -D_FORTIFY_SOURCE=2  -c mvrs.c -o mvrs.o
gcc -I"/usr/share/R/include" -DNDEBUG  -I'/usr/local/lib/R/site-library/Rcpp/include'     -fpic  -g -O2 -ffile-prefix-map=/build/r-base-rgGXCp/r-base-4.5.0=. -fstack-protector-strong -Wformat -Werror=format-security -Wdate-time -D_FORTIFY_SOURCE=2  -c nj.c -o nj.o
gcc -I"/usr/share/R/include" -DNDEBUG  -I'/usr/local/lib/R/site-library/Rcpp/include'     -fpic  -g -O2 -ffile-prefix-map=/build/r-base-rgGXCp/r-base-4.5.0=. -fstack-protector-strong -Wformat -Werror=format-security -Wdate-time -D_FORTIFY_SOURCE=2  -c njs.c -o njs.o
gcc -I"/usr/share/R/include" -DNDEBUG  -I'/usr/local/lib/R/site-library/Rcpp/include'     -fpic  -g -O2 -ffile-prefix-map=/build/r-base-rgGXCp/r-base-4.5.0=. -fstack-protector-strong -Wformat -Werror=format-security -Wdate-time -D_FORTIFY_SOURCE=2  -c pic.c -o pic.o
gcc -I"/usr/share/R/include" -DNDEBUG  -I'/usr/local/lib/R/site-library/Rcpp/include'     -fpic  -g -O2 -ffile-prefix-map=/build/r-base-rgGXCp/r-base-4.5.0=. -fstack-protector-strong -Wformat -Werror=format-security -Wdate-time -D_FORTIFY_SOURCE=2  -c plot_phylo.c -o plot_phylo.o
g++ -std=gnu++17 -I"/usr/share/R/include" -DNDEBUG  -I'/usr/local/lib/R/site-library/Rcpp/include'     -fpic  -g -O2 -ffile-prefix-map=/build/r-base-rgGXCp/r-base-4.5.0=. -fstack-protector-strong -Wformat -Werror=format-security -Wdate-time -D_FORTIFY_SOURCE=2   -c prop_part.cpp -o prop_part.o
gcc -I"/usr/share/R/include" -DNDEBUG  -I'/usr/local/lib/R/site-library/Rcpp/include'     -fpic  -g -O2 -ffile-prefix-map=/build/r-base-rgGXCp/r-base-4.5.0=. -fstack-protector-strong -Wformat -Werror=format-security -Wdate-time -D_FORTIFY_SOURCE=2  -c rTrait.c -o rTrait.o
gcc -I"/usr/share/R/include" -DNDEBUG  -I'/usr/local/lib/R/site-library/Rcpp/include'     -fpic  -g -O2 -ffile-prefix-map=/build/r-base-rgGXCp/r-base-4.5.0=. -fstack-protector-strong -Wformat -Werror=format-security -Wdate-time -D_FORTIFY_SOURCE=2  -c read_dna.c -o read_dna.o
g++ -std=gnu++17 -I"/usr/share/R/include" -DNDEBUG  -I'/usr/local/lib/R/site-library/Rcpp/include'     -fpic  -g -O2 -ffile-prefix-map=/build/r-base-rgGXCp/r-base-4.5.0=. -fstack-protector-strong -Wformat -Werror=format-security -Wdate-time -D_FORTIFY_SOURCE=2   -c reorder_Rcpp.cpp -o reorder_Rcpp.o
gcc -I"/usr/share/R/include" -DNDEBUG  -I'/usr/local/lib/R/site-library/Rcpp/include'     -fpic  -g -O2 -ffile-prefix-map=/build/r-base-rgGXCp/r-base-4.5.0=. -fstack-protector-strong -Wformat -Werror=format-security -Wdate-time -D_FORTIFY_SOURCE=2  -c reorder_phylo.c -o reorder_phylo.o
gcc -I"/usr/share/R/include" -DNDEBUG  -I'/usr/local/lib/R/site-library/Rcpp/include'     -fpic  -g -O2 -ffile-prefix-map=/build/r-base-rgGXCp/r-base-4.5.0=. -fstack-protector-strong -Wformat -Werror=format-security -Wdate-time -D_FORTIFY_SOURCE=2  -c treePop.c -o treePop.o
gcc -I"/usr/share/R/include" -DNDEBUG  -I'/usr/local/lib/R/site-library/Rcpp/include'     -fpic  -g -O2 -ffile-prefix-map=/build/r-base-rgGXCp/r-base-4.5.0=. -fstack-protector-strong -Wformat -Werror=format-security -Wdate-time -D_FORTIFY_SOURCE=2  -c tree_build.c -o tree_build.o
gcc -I"/usr/share/R/include" -DNDEBUG  -I'/usr/local/lib/R/site-library/Rcpp/include'     -fpic  -g -O2 -ffile-prefix-map=/build/r-base-rgGXCp/r-base-4.5.0=. -fstack-protector-strong -Wformat -Werror=format-security -Wdate-time -D_FORTIFY_SOURCE=2  -c tree_phylo.c -o tree_phylo.o
gcc -I"/usr/share/R/include" -DNDEBUG  -I'/usr/local/lib/R/site-library/Rcpp/include'     -fpic  -g -O2 -ffile-prefix-map=/build/r-base-rgGXCp/r-base-4.5.0=. -fstack-protector-strong -Wformat -Werror=format-security -Wdate-time -D_FORTIFY_SOURCE=2  -c triangMtd.c -o triangMtd.o
gcc -I"/usr/share/R/include" -DNDEBUG  -I'/usr/local/lib/R/site-library/Rcpp/include'     -fpic  -g -O2 -ffile-prefix-map=/build/r-base-rgGXCp/r-base-4.5.0=. -fstack-protector-strong -Wformat -Werror=format-security -Wdate-time -D_FORTIFY_SOURCE=2  -c triangMtds.c -o triangMtds.o
gcc -I"/usr/share/R/include" -DNDEBUG  -I'/usr/local/lib/R/site-library/Rcpp/include'     -fpic  -g -O2 -ffile-prefix-map=/build/r-base-rgGXCp/r-base-4.5.0=. -fstack-protector-strong -Wformat -Werror=format-security -Wdate-time -D_FORTIFY_SOURCE=2  -c ultrametric.c -o ultrametric.o
g++ -std=gnu++17 -shared -L/usr/lib/R/lib -Wl,-Bsymbolic-functions -flto=auto -ffat-lto-objects -flto=auto -Wl,-z,relro -o ape.so BIONJ.o NNI.o RcppExports.o SPR.o additive.o ape.o bNNI.o bionjs.o bipartition.o bitsplits.o delta_plot.o dist_dna.o dist_nodes.o ewLasso.o heap.o mat_expo.o me.o me_balanced.o me_ols.o mvr.o mvrs.o nj.o njs.o pic.o plot_phylo.o prop_part.o rTrait.o read_dna.o reorder_Rcpp.o reorder_phylo.o treePop.o tree_build.o tree_phylo.o triangMtd.o triangMtds.o ultrametric.o -llapack -lblas -lgfortran -lm -lquadmath -L/usr/lib/R/lib -lR
installing to /usr/local/lib/R/site-library/00LOCK-ape/00new/ape/libs
** R
** data
** inst
** byte-compile and prepare package for lazy loading
** help
*** installing help indices
** building package indices
** installing vignettes
** testing if installed package can be loaded from temporary location
** checking absolute paths in shared objects and dynamic libraries
** testing if installed package can be loaded from final location
** testing if installed package keeps a record of temporary installation path
* creating tarball
packaged installation of ‘ape’ as ‘ape_5.8-1_R_x86_64-pc-linux-gnu.tar.gz’
* DONE (ape)
* installing *source* package ‘dlstats’ ...
** this is package ‘dlstats’ version ‘0.1.7’
** package ‘dlstats’ successfully unpacked and MD5 sums checked
** using staged installation
** R
** inst
** byte-compile and prepare package for lazy loading
** help
*** installing help indices
** building package indices
** installing vignettes
** testing if installed package can be loaded from temporary location
** testing if installed package can be loaded from final location
** testing if installed package keeps a record of temporary installation path
* creating tarball
packaged installation of ‘dlstats’ as ‘dlstats_0.1.7_R_x86_64-pc-linux-gnu.tar.gz’
* DONE (dlstats)
* installing *source* package ‘pheatmap’ ...
** this is package ‘pheatmap’ version ‘1.0.12’
** package ‘pheatmap’ successfully unpacked and MD5 sums checked
** using staged installation
** R
** byte-compile and prepare package for lazy loading
** help
*** installing help indices
** building package indices
** testing if installed package can be loaded from temporary location
** testing if installed package can be loaded from final location
** testing if installed package keeps a record of temporary installation path
* creating tarball
packaged installation of ‘pheatmap’ as ‘pheatmap_1.0.12_R_x86_64-pc-linux-gnu.tar.gz’
* DONE (pheatmap)
* installing *source* package ‘doBy’ ...
** this is package ‘doBy’ version ‘4.6.27’
** package ‘doBy’ successfully unpacked and MD5 sums checked
** using staged installation
** R
** data
*** moving datasets to lazyload DB
** inst
** byte-compile and prepare package for lazy loading
Note: ... may be used in an incorrect context 
Note: ... may be used in an incorrect context 
** help
*** installing help indices
** building package indices
** installing vignettes
** testing if installed package can be loaded from temporary location
** testing if installed package can be loaded from final location
** testing if installed package keeps a record of temporary installation path
* creating tarball
packaged installation of ‘doBy’ as ‘doBy_4.6.27_R_x86_64-pc-linux-gnu.tar.gz’
* DONE (doBy)
* installing *source* package ‘quantreg’ ...
** this is package ‘quantreg’ version ‘6.1’
** package ‘quantreg’ successfully unpacked and MD5 sums checked
** using staged installation
** libs
using C compiler: ‘gcc (Ubuntu 11.4.0-1ubuntu1~22.04) 11.4.0’
using Fortran compiler: ‘GNU Fortran (Ubuntu 11.4.0-1ubuntu1~22.04) 11.4.0’
gfortran  -fpic  -g -O2 -ffile-prefix-map=/build/r-base-rgGXCp/r-base-4.5.0=. -fstack-protector-strong  -c akj.f -o akj.o
gfortran  -fpic  -g -O2 -ffile-prefix-map=/build/r-base-rgGXCp/r-base-4.5.0=. -fstack-protector-strong  -c boot.f -o boot.o
gfortran  -fpic  -g -O2 -ffile-prefix-map=/build/r-base-rgGXCp/r-base-4.5.0=. -fstack-protector-strong  -c bound.f -o bound.o
gfortran  -fpic  -g -O2 -ffile-prefix-map=/build/r-base-rgGXCp/r-base-4.5.0=. -fstack-protector-strong  -c boundc.f -o boundc.o
gfortran  -fpic  -g -O2 -ffile-prefix-map=/build/r-base-rgGXCp/r-base-4.5.0=. -fstack-protector-strong  -c brute.f -o brute.o
gfortran  -fpic  -g -O2 -ffile-prefix-map=/build/r-base-rgGXCp/r-base-4.5.0=. -fstack-protector-strong  -c chlfct.f -o chlfct.o
gfortran  -fpic  -g -O2 -ffile-prefix-map=/build/r-base-rgGXCp/r-base-4.5.0=. -fstack-protector-strong  -c cholesky.f -o cholesky.o
gfortran  -fpic  -g -O2 -ffile-prefix-map=/build/r-base-rgGXCp/r-base-4.5.0=. -fstack-protector-strong  -c combos.f -o combos.o
gfortran  -fpic  -g -O2 -ffile-prefix-map=/build/r-base-rgGXCp/r-base-4.5.0=. -fstack-protector-strong  -c crqf.f -o crqf.o
gfortran  -fpic  -g -O2 -ffile-prefix-map=/build/r-base-rgGXCp/r-base-4.5.0=. -fstack-protector-strong  -c crqfnb.f -o crqfnb.o
gfortran  -fpic  -g -O2 -ffile-prefix-map=/build/r-base-rgGXCp/r-base-4.5.0=. -fstack-protector-strong  -c dsel05.f -o dsel05.o
gfortran  -fpic  -g -O2 -ffile-prefix-map=/build/r-base-rgGXCp/r-base-4.5.0=. -fstack-protector-strong  -c extract.f -o extract.o
gcc -I"/usr/share/R/include" -DNDEBUG       -fpic  -g -O2 -ffile-prefix-map=/build/r-base-rgGXCp/r-base-4.5.0=. -fstack-protector-strong -Wformat -Werror=format-security -Wdate-time -D_FORTIFY_SOURCE=2  -c frand.c -o frand.o
gfortran  -fpic  -g -O2 -ffile-prefix-map=/build/r-base-rgGXCp/r-base-4.5.0=. -fstack-protector-strong  -c grexp.f -o grexp.o
gfortran  -fpic  -g -O2 -ffile-prefix-map=/build/r-base-rgGXCp/r-base-4.5.0=. -fstack-protector-strong  -c idmin.f -o idmin.o
gfortran  -fpic  -g -O2 -ffile-prefix-map=/build/r-base-rgGXCp/r-base-4.5.0=. -fstack-protector-strong  -c iswap.f -o iswap.o
gfortran  -fpic  -g -O2 -ffile-prefix-map=/build/r-base-rgGXCp/r-base-4.5.0=. -fstack-protector-strong  -c kuantile.f -o kuantile.o
gfortran  -fpic  -g -O2 -ffile-prefix-map=/build/r-base-rgGXCp/r-base-4.5.0=. -fstack-protector-strong  -c kuantiles.f -o kuantiles.o
gfortran  -fpic  -g -O2 -ffile-prefix-map=/build/r-base-rgGXCp/r-base-4.5.0=. -fstack-protector-strong  -c linpack.f -o linpack.o
gcc -I"/usr/share/R/include" -DNDEBUG       -fpic  -g -O2 -ffile-prefix-map=/build/r-base-rgGXCp/r-base-4.5.0=. -fstack-protector-strong -Wformat -Werror=format-security -Wdate-time -D_FORTIFY_SOURCE=2  -c mcmb.c -o mcmb.o
gfortran  -fpic  -g -O2 -ffile-prefix-map=/build/r-base-rgGXCp/r-base-4.5.0=. -fstack-protector-strong  -c penalty.f -o penalty.o
gfortran  -fpic  -g -O2 -ffile-prefix-map=/build/r-base-rgGXCp/r-base-4.5.0=. -fstack-protector-strong  -c pfnb.f -o pfnb.o
gfortran  -fpic  -g -O2 -ffile-prefix-map=/build/r-base-rgGXCp/r-base-4.5.0=. -fstack-protector-strong  -c powell.f -o powell.o
gfortran  -fpic  -g -O2 -ffile-prefix-map=/build/r-base-rgGXCp/r-base-4.5.0=. -fstack-protector-strong  -c profnb.f -o profnb.o
gfortran  -fpic  -g -O2 -ffile-prefix-map=/build/r-base-rgGXCp/r-base-4.5.0=. -fstack-protector-strong  -c pwxy.f -o pwxy.o
gfortran  -fpic  -g -O2 -ffile-prefix-map=/build/r-base-rgGXCp/r-base-4.5.0=. -fstack-protector-strong  -c qfnb.f -o qfnb.o
gfortran  -fpic  -g -O2 -ffile-prefix-map=/build/r-base-rgGXCp/r-base-4.5.0=. -fstack-protector-strong  -c qselect.f -o qselect.o
gcc -I"/usr/share/R/include" -DNDEBUG       -fpic  -g -O2 -ffile-prefix-map=/build/r-base-rgGXCp/r-base-4.5.0=. -fstack-protector-strong -Wformat -Werror=format-security -Wdate-time -D_FORTIFY_SOURCE=2  -c quantreg_init.c -o quantreg_init.o
gfortran  -fpic  -g -O2 -ffile-prefix-map=/build/r-base-rgGXCp/r-base-4.5.0=. -fstack-protector-strong  -c rls.f -o rls.o
gfortran  -fpic  -g -O2 -ffile-prefix-map=/build/r-base-rgGXCp/r-base-4.5.0=. -fstack-protector-strong  -c rq0.f -o rq0.o
gfortran  -fpic  -g -O2 -ffile-prefix-map=/build/r-base-rgGXCp/r-base-4.5.0=. -fstack-protector-strong  -c rq1.f -o rq1.o
gfortran  -fpic  -g -O2 -ffile-prefix-map=/build/r-base-rgGXCp/r-base-4.5.0=. -fstack-protector-strong  -c rqbr.f -o rqbr.o
gfortran  -fpic  -g -O2 -ffile-prefix-map=/build/r-base-rgGXCp/r-base-4.5.0=. -fstack-protector-strong  -c rqfn.f -o rqfn.o
gfortran  -fpic  -g -O2 -ffile-prefix-map=/build/r-base-rgGXCp/r-base-4.5.0=. -fstack-protector-strong  -c rqfnb.f -o rqfnb.o
gfortran  -fpic  -g -O2 -ffile-prefix-map=/build/r-base-rgGXCp/r-base-4.5.0=. -fstack-protector-strong  -c rqfnc.f -o rqfnc.o
gfortran  -fpic  -g -O2 -ffile-prefix-map=/build/r-base-rgGXCp/r-base-4.5.0=. -fstack-protector-strong  -c rqs.f -o rqs.o
gfortran  -fpic  -g -O2 -ffile-prefix-map=/build/r-base-rgGXCp/r-base-4.5.0=. -fstack-protector-strong  -c sakj.f -o sakj.o
gfortran  -fpic  -g -O2 -ffile-prefix-map=/build/r-base-rgGXCp/r-base-4.5.0=. -fstack-protector-strong  -c sparskit2.f -o sparskit2.o
gfortran  -fpic  -g -O2 -ffile-prefix-map=/build/r-base-rgGXCp/r-base-4.5.0=. -fstack-protector-strong  -c srqfn.f -o srqfn.o
gfortran  -fpic  -g -O2 -ffile-prefix-map=/build/r-base-rgGXCp/r-base-4.5.0=. -fstack-protector-strong  -c srqfnc.f -o srqfnc.o
gfortran  -fpic  -g -O2 -ffile-prefix-map=/build/r-base-rgGXCp/r-base-4.5.0=. -fstack-protector-strong  -c srtpai.f -o srtpai.o
gcc -shared -L/usr/lib/R/lib -Wl,-Bsymbolic-functions -flto=auto -ffat-lto-objects -flto=auto -Wl,-z,relro -o quantreg.so akj.o boot.o bound.o boundc.o brute.o chlfct.o cholesky.o combos.o crqf.o crqfnb.o dsel05.o extract.o frand.o grexp.o idmin.o iswap.o kuantile.o kuantiles.o linpack.o mcmb.o penalty.o pfnb.o powell.o profnb.o pwxy.o qfnb.o qselect.o quantreg_init.o rls.o rq0.o rq1.o rqbr.o rqfn.o rqfnb.o rqfnc.o rqs.o sakj.o sparskit2.o srqfn.o srqfnc.o srtpai.o -llapack -lblas -lgfortran -lm -lquadmath -lgfortran -lm -lquadmath -L/usr/lib/R/lib -lR
installing to /usr/local/lib/R/site-library/00LOCK-quantreg/00new/quantreg/libs
** R
** data
** demo
** inst
** byte-compile and prepare package for lazy loading
** help
*** installing help indices
** building package indices
** installing vignettes
** testing if installed package can be loaded from temporary location
** checking absolute paths in shared objects and dynamic libraries
** testing if installed package can be loaded from final location
** testing if installed package keeps a record of temporary installation path
* creating tarball
packaged installation of ‘quantreg’ as ‘quantreg_6.1_R_x86_64-pc-linux-gnu.tar.gz’
* DONE (quantreg)
* installing *source* package ‘tidytree’ ...
** this is package ‘tidytree’ version ‘0.4.6’
** package ‘tidytree’ successfully unpacked and MD5 sums checked
** using staged installation
** R
** inst
** byte-compile and prepare package for lazy loading
** help
*** installing help indices
** building package indices
** installing vignettes
** testing if installed package can be loaded from temporary location
** testing if installed package can be loaded from final location
** testing if installed package keeps a record of temporary installation path
* creating tarball
packaged installation of ‘tidytree’ as ‘tidytree_0.4.6_R_x86_64-pc-linux-gnu.tar.gz’
* DONE (tidytree)
* installing *source* package ‘gsignal’ ...
** this is package ‘gsignal’ version ‘0.3-7’
** package ‘gsignal’ successfully unpacked and MD5 sums checked
** using staged installation
** libs
using C++ compiler: ‘g++ (Ubuntu 11.4.0-1ubuntu1~22.04) 11.4.0’
g++ -std=gnu++17 -I"/usr/share/R/include" -DNDEBUG  -I'/usr/local/lib/R/site-library/Rcpp/include'     -fpic  -g -O2 -ffile-prefix-map=/build/r-base-rgGXCp/r-base-4.5.0=. -fstack-protector-strong -Wformat -Werror=format-security -Wdate-time -D_FORTIFY_SOURCE=2   -c RcppExports.cpp -o RcppExports.o
g++ -std=gnu++17 -I"/usr/share/R/include" -DNDEBUG  -I'/usr/local/lib/R/site-library/Rcpp/include'     -fpic  -g -O2 -ffile-prefix-map=/build/r-base-rgGXCp/r-base-4.5.0=. -fstack-protector-strong -Wformat -Werror=format-security -Wdate-time -D_FORTIFY_SOURCE=2   -c conv2d.cpp -o conv2d.o
g++ -std=gnu++17 -I"/usr/share/R/include" -DNDEBUG  -I'/usr/local/lib/R/site-library/Rcpp/include'     -fpic  -g -O2 -ffile-prefix-map=/build/r-base-rgGXCp/r-base-4.5.0=. -fstack-protector-strong -Wformat -Werror=format-security -Wdate-time -D_FORTIFY_SOURCE=2   -c filter.cpp -o filter.o
g++ -std=gnu++17 -I"/usr/share/R/include" -DNDEBUG  -I'/usr/local/lib/R/site-library/Rcpp/include'     -fpic  -g -O2 -ffile-prefix-map=/build/r-base-rgGXCp/r-base-4.5.0=. -fstack-protector-strong -Wformat -Werror=format-security -Wdate-time -D_FORTIFY_SOURCE=2   -c fwht.cpp -o fwht.o
g++ -std=gnu++17 -I"/usr/share/R/include" -DNDEBUG  -I'/usr/local/lib/R/site-library/Rcpp/include'     -fpic  -g -O2 -ffile-prefix-map=/build/r-base-rgGXCp/r-base-4.5.0=. -fstack-protector-strong -Wformat -Werror=format-security -Wdate-time -D_FORTIFY_SOURCE=2   -c remez.cpp -o remez.o
g++ -std=gnu++17 -I"/usr/share/R/include" -DNDEBUG  -I'/usr/local/lib/R/site-library/Rcpp/include'     -fpic  -g -O2 -ffile-prefix-map=/build/r-base-rgGXCp/r-base-4.5.0=. -fstack-protector-strong -Wformat -Werror=format-security -Wdate-time -D_FORTIFY_SOURCE=2   -c sosfilt.cpp -o sosfilt.o
g++ -std=gnu++17 -I"/usr/share/R/include" -DNDEBUG  -I'/usr/local/lib/R/site-library/Rcpp/include'     -fpic  -g -O2 -ffile-prefix-map=/build/r-base-rgGXCp/r-base-4.5.0=. -fstack-protector-strong -Wformat -Werror=format-security -Wdate-time -D_FORTIFY_SOURCE=2   -c upfirdn.cpp -o upfirdn.o
g++ -std=gnu++17 -shared -L/usr/lib/R/lib -Wl,-Bsymbolic-functions -flto=auto -ffat-lto-objects -flto=auto -Wl,-z,relro -o gsignal.so RcppExports.o conv2d.o filter.o fwht.o remez.o sosfilt.o upfirdn.o -L/usr/lib/R/lib -lR
installing to /usr/local/lib/R/site-library/00LOCK-gsignal/00new/gsignal/libs
** R
** data
*** moving datasets to lazyload DB
** inst
** byte-compile and prepare package for lazy loading
** help
*** installing help indices
*** copying figures
** building package indices
** installing vignettes
** testing if installed package can be loaded from temporary location
** checking absolute paths in shared objects and dynamic libraries
** testing if installed package can be loaded from final location
** testing if installed package keeps a record of temporary installation path
* creating tarball
packaged installation of ‘gsignal’ as ‘gsignal_0.3-7_R_x86_64-pc-linux-gnu.tar.gz’
* DONE (gsignal)
* installing *source* package ‘datawizard’ ...
** this is package ‘datawizard’ version ‘1.1.0’
** package ‘datawizard’ successfully unpacked and MD5 sums checked
** using staged installation
** R
** data
** inst
** byte-compile and prepare package for lazy loading
** help
*** installing help indices
*** copying figures
** building package indices
** installing vignettes
** testing if installed package can be loaded from temporary location
** testing if installed package can be loaded from final location
** testing if installed package keeps a record of temporary installation path
* creating tarball
packaged installation of ‘datawizard’ as ‘datawizard_1.1.0_R_x86_64-pc-linux-gnu.tar.gz’
* DONE (datawizard)
* installing *source* package ‘rvcheck’ ...
** this is package ‘rvcheck’ version ‘0.2.1’
** package ‘rvcheck’ successfully unpacked and MD5 sums checked
** using staged installation
** R
** byte-compile and prepare package for lazy loading
** help
*** installing help indices
** building package indices
** testing if installed package can be loaded from temporary location
** testing if installed package can be loaded from final location
** testing if installed package keeps a record of temporary installation path
* creating tarball
packaged installation of ‘rvcheck’ as ‘rvcheck_0.2.1_R_x86_64-pc-linux-gnu.tar.gz’
* DONE (rvcheck)
* installing *source* package ‘Rdpack’ ...
** this is package ‘Rdpack’ version ‘2.6.4’
** package ‘Rdpack’ successfully unpacked and MD5 sums checked
** using staged installation
** R
** inst
** byte-compile and prepare package for lazy loading
** help
*** installing help indices
** building package indices
** installing vignettes
** testing if installed package can be loaded from temporary location
** testing if installed package can be loaded from final location
** testing if installed package keeps a record of temporary installation path
* creating tarball
packaged installation of ‘Rdpack’ as ‘Rdpack_2.6.4_R_x86_64-pc-linux-gnu.tar.gz’
* DONE (Rdpack)
* installing *source* package ‘vegan’ ...
** this is package ‘vegan’ version ‘2.6-10’
** package ‘vegan’ successfully unpacked and MD5 sums checked
** using staged installation
** libs
using C compiler: ‘gcc (Ubuntu 11.4.0-1ubuntu1~22.04) 11.4.0’
using Fortran compiler: ‘GNU Fortran (Ubuntu 11.4.0-1ubuntu1~22.04) 11.4.0’
gcc -I"/usr/share/R/include" -DNDEBUG       -fpic  -g -O2 -ffile-prefix-map=/build/r-base-rgGXCp/r-base-4.5.0=. -fstack-protector-strong -Wformat -Werror=format-security -Wdate-time -D_FORTIFY_SOURCE=2  -c data2hill.c -o data2hill.o
gfortran  -fpic  -g -O2 -ffile-prefix-map=/build/r-base-rgGXCp/r-base-4.5.0=. -fstack-protector-strong  -c decorana.f -o decorana.o
gcc -I"/usr/share/R/include" -DNDEBUG       -fpic  -g -O2 -ffile-prefix-map=/build/r-base-rgGXCp/r-base-4.5.0=. -fstack-protector-strong -Wformat -Werror=format-security -Wdate-time -D_FORTIFY_SOURCE=2  -c getF.c -o getF.o
gcc -I"/usr/share/R/include" -DNDEBUG       -fpic  -g -O2 -ffile-prefix-map=/build/r-base-rgGXCp/r-base-4.5.0=. -fstack-protector-strong -Wformat -Werror=format-security -Wdate-time -D_FORTIFY_SOURCE=2  -c goffactor.c -o goffactor.o
gcc -I"/usr/share/R/include" -DNDEBUG       -fpic  -g -O2 -ffile-prefix-map=/build/r-base-rgGXCp/r-base-4.5.0=. -fstack-protector-strong -Wformat -Werror=format-security -Wdate-time -D_FORTIFY_SOURCE=2  -c init.c -o init.o
gfortran  -fpic  -g -O2 -ffile-prefix-map=/build/r-base-rgGXCp/r-base-4.5.0=. -fstack-protector-strong  -c monoMDS.f -o monoMDS.o
gcc -I"/usr/share/R/include" -DNDEBUG       -fpic  -g -O2 -ffile-prefix-map=/build/r-base-rgGXCp/r-base-4.5.0=. -fstack-protector-strong -Wformat -Werror=format-security -Wdate-time -D_FORTIFY_SOURCE=2  -c nestedness.c -o nestedness.o
gfortran  -fpic  -g -O2 -ffile-prefix-map=/build/r-base-rgGXCp/r-base-4.5.0=. -fstack-protector-strong  -c ordering.f -o ordering.o
gcc -I"/usr/share/R/include" -DNDEBUG       -fpic  -g -O2 -ffile-prefix-map=/build/r-base-rgGXCp/r-base-4.5.0=. -fstack-protector-strong -Wformat -Werror=format-security -Wdate-time -D_FORTIFY_SOURCE=2  -c pnpoly.c -o pnpoly.o
gcc -I"/usr/share/R/include" -DNDEBUG       -fpic  -g -O2 -ffile-prefix-map=/build/r-base-rgGXCp/r-base-4.5.0=. -fstack-protector-strong -Wformat -Werror=format-security -Wdate-time -D_FORTIFY_SOURCE=2  -c stepacross.c -o stepacross.o
gcc -I"/usr/share/R/include" -DNDEBUG       -fpic  -g -O2 -ffile-prefix-map=/build/r-base-rgGXCp/r-base-4.5.0=. -fstack-protector-strong -Wformat -Werror=format-security -Wdate-time -D_FORTIFY_SOURCE=2  -c vegdist.c -o vegdist.o
gcc -shared -L/usr/lib/R/lib -Wl,-Bsymbolic-functions -flto=auto -ffat-lto-objects -flto=auto -Wl,-z,relro -o vegan.so data2hill.o decorana.o getF.o goffactor.o init.o monoMDS.o nestedness.o ordering.o pnpoly.o stepacross.o vegdist.o -llapack -lblas -lgfortran -lm -lquadmath -lgfortran -lm -lquadmath -L/usr/lib/R/lib -lR
installing to /usr/local/lib/R/site-library/00LOCK-vegan/00new/vegan/libs
** R
** data
** inst
** byte-compile and prepare package for lazy loading
** help
*** installing help indices
** building package indices
** installing vignettes
** testing if installed package can be loaded from temporary location
** checking absolute paths in shared objects and dynamic libraries
** testing if installed package can be loaded from final location
** testing if installed package keeps a record of temporary installation path
* creating tarball
packaged installation of ‘vegan’ as ‘vegan_2.6-10_R_x86_64-pc-linux-gnu.tar.gz’
* DONE (vegan)
* installing *source* package ‘BiocStyle’ ...
** this is package ‘BiocStyle’ version ‘2.36.0’
** using staged installation
** R
** inst
** byte-compile and prepare package for lazy loading
** help
*** installing help indices
** building package indices
** installing vignettes
** testing if installed package can be loaded from temporary location
** testing if installed package can be loaded from final location
** testing if installed package keeps a record of temporary installation path
* creating tarball
packaged installation of ‘BiocStyle’ as ‘BiocStyle_2.36.0_R_x86_64-pc-linux-gnu.tar.gz’
* DONE (BiocStyle)
* installing *source* package ‘reformulas’ ...
** this is package ‘reformulas’ version ‘0.4.1’
** package ‘reformulas’ successfully unpacked and MD5 sums checked
** using staged installation
** R
** inst
** byte-compile and prepare package for lazy loading
** help
*** installing help indices
** building package indices
** testing if installed package can be loaded from temporary location
** testing if installed package can be loaded from final location
** testing if installed package keeps a record of temporary installation path
* creating tarball
packaged installation of ‘reformulas’ as ‘reformulas_0.4.1_R_x86_64-pc-linux-gnu.tar.gz’
* DONE (reformulas)
* installing *source* package ‘bayestestR’ ...
** this is package ‘bayestestR’ version ‘0.15.3’
** package ‘bayestestR’ successfully unpacked and MD5 sums checked
** using staged installation
** R
** data
** inst
** byte-compile and prepare package for lazy loading
** help
*** installing help indices
*** copying figures
** building package indices
** installing vignettes
** testing if installed package can be loaded from temporary location
** testing if installed package can be loaded from final location
** testing if installed package keeps a record of temporary installation path
* creating tarball
packaged installation of ‘bayestestR’ as ‘bayestestR_0.15.3_R_x86_64-pc-linux-gnu.tar.gz’
* DONE (bayestestR)
* installing *source* package ‘treeio’ ...
** this is package ‘treeio’ version ‘1.32.0’
** using staged installation
** R
** inst
** byte-compile and prepare package for lazy loading
** help
*** installing help indices
*** copying figures
** building package indices
** installing vignettes
** testing if installed package can be loaded from temporary location
** testing if installed package can be loaded from final location
** testing if installed package keeps a record of temporary installation path
* creating tarball
packaged installation of ‘treeio’ as ‘treeio_1.32.0_R_x86_64-pc-linux-gnu.tar.gz’
* DONE (treeio)
* installing *source* package ‘mixOmics’ ...
** this is package ‘mixOmics’ version ‘6.32.0’
** using staged installation
** R
** data
** inst
** byte-compile and prepare package for lazy loading
** help
*** installing help indices
** building package indices
** installing vignettes
** testing if installed package can be loaded from temporary location
** testing if installed package can be loaded from final location
** testing if installed package keeps a record of temporary installation path
* creating tarball
packaged installation of ‘mixOmics’ as ‘mixOmics_6.32.0_R_x86_64-pc-linux-gnu.tar.gz’
* DONE (mixOmics)
* installing *source* package ‘badger’ ...
** this is package ‘badger’ version ‘0.2.4’
** package ‘badger’ successfully unpacked and MD5 sums checked
** using staged installation
** R
** byte-compile and prepare package for lazy loading
** help
*** installing help indices
** building package indices
** testing if installed package can be loaded from temporary location
** testing if installed package can be loaded from final location
** testing if installed package keeps a record of temporary installation path
* creating tarball
packaged installation of ‘badger’ as ‘badger_0.2.4_R_x86_64-pc-linux-gnu.tar.gz’
* DONE (badger)
* installing *source* package ‘lme4’ ...
** this is package ‘lme4’ version ‘1.1-37’
** package ‘lme4’ successfully unpacked and MD5 sums checked
** using staged installation
** libs
using C++ compiler: ‘g++ (Ubuntu 11.4.0-1ubuntu1~22.04) 11.4.0’
g++ -std=gnu++17 -I"/usr/share/R/include" -DNDEBUG  -I'/usr/local/lib/R/site-library/Rcpp/include' -I'/usr/local/lib/R/site-library/RcppEigen/include' -I'/usr/local/lib/R/site-library/Matrix/include'    -DNDEBUG -DEIGEN_DONT_VECTORIZE -fpic  -g -O2 -ffile-prefix-map=/build/r-base-rgGXCp/r-base-4.5.0=. -fstack-protector-strong -Wformat -Werror=format-security -Wdate-time -D_FORTIFY_SOURCE=2   -c external.cpp -o external.o
g++ -std=gnu++17 -I"/usr/share/R/include" -DNDEBUG  -I'/usr/local/lib/R/site-library/Rcpp/include' -I'/usr/local/lib/R/site-library/RcppEigen/include' -I'/usr/local/lib/R/site-library/Matrix/include'    -DNDEBUG -DEIGEN_DONT_VECTORIZE -fpic  -g -O2 -ffile-prefix-map=/build/r-base-rgGXCp/r-base-4.5.0=. -fstack-protector-strong -Wformat -Werror=format-security -Wdate-time -D_FORTIFY_SOURCE=2   -c glmFamily.cpp -o glmFamily.o
g++ -std=gnu++17 -I"/usr/share/R/include" -DNDEBUG  -I'/usr/local/lib/R/site-library/Rcpp/include' -I'/usr/local/lib/R/site-library/RcppEigen/include' -I'/usr/local/lib/R/site-library/Matrix/include'    -DNDEBUG -DEIGEN_DONT_VECTORIZE -fpic  -g -O2 -ffile-prefix-map=/build/r-base-rgGXCp/r-base-4.5.0=. -fstack-protector-strong -Wformat -Werror=format-security -Wdate-time -D_FORTIFY_SOURCE=2   -c optimizer.cpp -o optimizer.o
g++ -std=gnu++17 -I"/usr/share/R/include" -DNDEBUG  -I'/usr/local/lib/R/site-library/Rcpp/include' -I'/usr/local/lib/R/site-library/RcppEigen/include' -I'/usr/local/lib/R/site-library/Matrix/include'    -DNDEBUG -DEIGEN_DONT_VECTORIZE -fpic  -g -O2 -ffile-prefix-map=/build/r-base-rgGXCp/r-base-4.5.0=. -fstack-protector-strong -Wformat -Werror=format-security -Wdate-time -D_FORTIFY_SOURCE=2   -c predModule.cpp -o predModule.o
g++ -std=gnu++17 -I"/usr/share/R/include" -DNDEBUG  -I'/usr/local/lib/R/site-library/Rcpp/include' -I'/usr/local/lib/R/site-library/RcppEigen/include' -I'/usr/local/lib/R/site-library/Matrix/include'    -DNDEBUG -DEIGEN_DONT_VECTORIZE -fpic  -g -O2 -ffile-prefix-map=/build/r-base-rgGXCp/r-base-4.5.0=. -fstack-protector-strong -Wformat -Werror=format-security -Wdate-time -D_FORTIFY_SOURCE=2   -c respModule.cpp -o respModule.o
g++ -std=gnu++17 -shared -L/usr/lib/R/lib -Wl,-Bsymbolic-functions -flto=auto -ffat-lto-objects -flto=auto -Wl,-z,relro -o lme4.so external.o glmFamily.o optimizer.o predModule.o respModule.o -L/usr/lib/R/lib -lR
installing to /usr/local/lib/R/site-library/00LOCK-lme4/00new/lme4/libs
** R
** data
*** moving datasets to lazyload DB
** inst
** byte-compile and prepare package for lazy loading
** help
*** installing help indices
** building package indices
** installing vignettes
** testing if installed package can be loaded from temporary location
** checking absolute paths in shared objects and dynamic libraries
** testing if installed package can be loaded from final location
** testing if installed package keeps a record of temporary installation path
* creating tarball
packaged installation of ‘lme4’ as ‘lme4_1.1-37_R_x86_64-pc-linux-gnu.tar.gz’
* DONE (lme4)
* installing *source* package ‘performance’ ...
** this is package ‘performance’ version ‘0.13.0’
** package ‘performance’ successfully unpacked and MD5 sums checked
** using staged installation
** R
** inst
** byte-compile and prepare package for lazy loading
** help
*** installing help indices
*** copying figures
** building package indices
** testing if installed package can be loaded from temporary location
** testing if installed package can be loaded from final location
** testing if installed package keeps a record of temporary installation path
* creating tarball
packaged installation of ‘performance’ as ‘performance_0.13.0_R_x86_64-pc-linux-gnu.tar.gz’
* DONE (performance)
* installing *source* package ‘TreeSummarizedExperiment’ ...
** this is package ‘TreeSummarizedExperiment’ version ‘2.16.1’
** using staged installation
** R
** data
*** moving datasets to lazyload DB
** inst
** byte-compile and prepare package for lazy loading
** help
*** installing help indices
** building package indices
** installing vignettes
** testing if installed package can be loaded from temporary location
** testing if installed package can be loaded from final location
** testing if installed package keeps a record of temporary installation path
* creating tarball
packaged installation of ‘TreeSummarizedExperiment’ as ‘TreeSummarizedExperiment_2.16.1_R_x86_64-pc-linux-gnu.tar.gz’
* DONE (TreeSummarizedExperiment)
* installing *source* package ‘pbkrtest’ ...
** this is package ‘pbkrtest’ version ‘0.5.4’
** package ‘pbkrtest’ successfully unpacked and MD5 sums checked
** using staged installation
** R
** data
*** moving datasets to lazyload DB
** inst
** byte-compile and prepare package for lazy loading
** help
*** installing help indices
** building package indices
** installing vignettes
** testing if installed package can be loaded from temporary location
** testing if installed package can be loaded from final location
** testing if installed package keeps a record of temporary installation path
* creating tarball
packaged installation of ‘pbkrtest’ as ‘pbkrtest_0.5.4_R_x86_64-pc-linux-gnu.tar.gz’
* DONE (pbkrtest)
* installing *source* package ‘lmerTest’ ...
** this is package ‘lmerTest’ version ‘3.1-3’
** package ‘lmerTest’ successfully unpacked and MD5 sums checked
** using staged installation
** R
** data
*** moving datasets to lazyload DB
** inst
** byte-compile and prepare package for lazy loading
** help
*** installing help indices
** building package indices
** testing if installed package can be loaded from temporary location
** testing if installed package can be loaded from final location
** testing if installed package keeps a record of temporary installation path
* creating tarball
packaged installation of ‘lmerTest’ as ‘lmerTest_3.1-3_R_x86_64-pc-linux-gnu.tar.gz’
* DONE (lmerTest)
* installing *source* package ‘car’ ...
** this is package ‘car’ version ‘3.1-3’
** package ‘car’ successfully unpacked and MD5 sums checked
** using staged installation
** R
** inst
** byte-compile and prepare package for lazy loading
** help
*** installing help indices
** building package indices
** installing vignettes
** testing if installed package can be loaded from temporary location
** testing if installed package can be loaded from final location
** testing if installed package keeps a record of temporary installation path
* creating tarball
packaged installation of ‘car’ as ‘car_3.1-3_R_x86_64-pc-linux-gnu.tar.gz’
* DONE (car)
* installing *source* package ‘rstatix’ ...
** this is package ‘rstatix’ version ‘0.7.2’
** package ‘rstatix’ successfully unpacked and MD5 sums checked
** using staged installation
** R
** inst
** byte-compile and prepare package for lazy loading
** help
*** installing help indices
** building package indices
** testing if installed package can be loaded from temporary location
** testing if installed package can be loaded from final location
** testing if installed package keeps a record of temporary installation path
* creating tarball
packaged installation of ‘rstatix’ as ‘rstatix_0.7.2_R_x86_64-pc-linux-gnu.tar.gz’
* DONE (rstatix)
* installing *source* package ‘ggpubr’ ...
** this is package ‘ggpubr’ version ‘0.6.0’
** package ‘ggpubr’ successfully unpacked and MD5 sums checked
** using staged installation
** R
** data
*** moving datasets to lazyload DB
** inst
** byte-compile and prepare package for lazy loading
** help
*** installing help indices
** building package indices
** testing if installed package can be loaded from temporary location
** testing if installed package can be loaded from final location
** testing if installed package keeps a record of temporary installation path
* creating tarball
packaged installation of ‘ggpubr’ as ‘ggpubr_0.6.0_R_x86_64-pc-linux-gnu.tar.gz’
* DONE (ggpubr)
* installing *source* package ‘PLSDAbatch’ ...
** this is package ‘PLSDAbatch’ version ‘1.4.0’
** using staged installation
Warning in person1(given = given[[i]], family = family[[i]], middle = middle[[i]],  :
  It is recommended to use ‘given’ instead of ‘middle’.
** R
** data
** inst
** byte-compile and prepare package for lazy loading
** help
*** installing help indices
** building package indices
** installing vignettes
** testing if installed package can be loaded from temporary location
** testing if installed package can be loaded from final location
** testing if installed package keeps a record of temporary installation path
* creating tarball
packaged installation of ‘PLSDAbatch’ as ‘PLSDAbatch_1.4.0_R_x86_64-pc-linux-gnu.tar.gz’
* DONE (PLSDAbatch)

The downloaded source packages are in
	‘/tmp/RtmpOazzCQ/downloaded_packages’
Old packages: 'cli', 'data.table', 'DelayedArray', 'DESeq2', 'diffobj',
  'edgeR', 'future', 'generics', 'globals', 'parallelly', 'pkgdown',
  'RcppArmadillo', 'RSQLite', 'scales', 'sctransform', 'Seurat',
  'SeuratObject', 'SingleCellExperiment', 'spatstat.univar', 'spatstat.utils',
  'SummarizedExperiment', 'systemfonts', 'textshaping', 'utf8', 'zip'

real	9m48.603s
user	8m38.700s
sys	2m41.133s
