+ Rscript -e 'Sys.setenv(BIOCONDUCTOR_USE_CONTAINER_REPOSITORY=FALSE);
  p <- .libPaths();
  p <- c('\'''\'', '\'''\'', p);
  .libPaths(p);
  if(BiocManager::install('\''syntenet'\'', INSTALL_opts = '\''--build'\'', update = TRUE, quiet = FALSE, dependencies=TRUE, force = TRUE, keep_outputs = TRUE) %in% rownames(installed.packages())) q(status = 0) else q(status = 1)'
'getOption("repos")' replaces Bioconductor standard repositories, see
'help("repositories", package = "BiocManager")' for details.
Replacement repositories:
    CRAN: https://cloud.r-project.org
Bioconductor version 3.21 (BiocManager 1.30.25), R Under development (unstable)
  (2025-03-08 r87910)
Installing package(s) 'syntenet'
also installing the dependencies ‘matrixStats’, ‘abind’, ‘SparseArray’, ‘formatR’, ‘MatrixGenerics’, ‘Biobase’, ‘S4Arrays’, ‘DelayedArray’, ‘coda’, ‘gridGraphics’, ‘lambda.r’, ‘futile.options’, ‘generics’, ‘UCSC.utils’, ‘GenomeInfoDbData’, ‘bitops’, ‘Rhtslib’, ‘SummarizedExperiment’, ‘RCurl’, ‘rjson’, ‘farver’, ‘labeling’, ‘viridisLite’, ‘statnet.common’, ‘ggplotify’, ‘patchwork’, ‘tidyselect’, ‘lazyeval’, ‘futile.logger’, ‘snow’, ‘BH’, ‘BiocGenerics’, ‘S4Vectors’, ‘IRanges’, ‘GenomeInfoDb’, ‘XVector’, ‘XML’, ‘httr’, ‘Rsamtools’, ‘GenomicAlignments’, ‘BiocIO’, ‘restfulr’, ‘scales’, ‘gtable’, ‘isoband’, ‘ggrepel’, ‘network’, ‘sna’, ‘bookdown’, ‘ape’, ‘aplot’, ‘dplyr’, ‘ggfun’, ‘yulab.utils’, ‘tidyr’, ‘tidytree’, ‘treeio’, ‘Rtsne’, ‘rex’, ‘data.tree’, ‘BiocParallel’, ‘GenomicRanges’, ‘Biostrings’, ‘rtracklayer’, ‘igraph’, ‘RColorBrewer’, ‘pheatmap’, ‘ggplot2’, ‘ggnetwork’, ‘intergraph’, ‘BiocStyle’, ‘ggtree’, ‘labdsv’, ‘covr’, ‘networkD3’

trying URL 'https://cloud.r-project.org/src/contrib/matrixStats_1.5.0.tar.gz'
trying URL 'https://cloud.r-project.org/src/contrib/abind_1.4-8.tar.gz'
trying URL 'https://bioconductor.org/packages/3.21/bioc/src/contrib/SparseArray_1.8.0.tar.gz'
trying URL 'https://cloud.r-project.org/src/contrib/formatR_1.14.tar.gz'
trying URL 'https://bioconductor.org/packages/3.21/bioc/src/contrib/MatrixGenerics_1.20.0.tar.gz'
trying URL 'https://bioconductor.org/packages/3.21/bioc/src/contrib/Biobase_2.68.0.tar.gz'
trying URL 'https://bioconductor.org/packages/3.21/bioc/src/contrib/S4Arrays_1.8.0.tar.gz'
trying URL 'https://bioconductor.org/packages/3.21/bioc/src/contrib/DelayedArray_0.34.1.tar.gz'
trying URL 'https://cloud.r-project.org/src/contrib/coda_0.19-4.1.tar.gz'
trying URL 'https://cloud.r-project.org/src/contrib/gridGraphics_0.5-1.tar.gz'
trying URL 'https://cloud.r-project.org/src/contrib/lambda.r_1.2.4.tar.gz'
trying URL 'https://cloud.r-project.org/src/contrib/futile.options_1.0.1.tar.gz'
trying URL 'https://cloud.r-project.org/src/contrib/generics_0.1.3.tar.gz'
trying URL 'https://bioconductor.org/packages/3.21/bioc/src/contrib/UCSC.utils_1.4.0.tar.gz'
trying URL 'https://bioconductor.org/packages/3.21/data/annotation/src/contrib/GenomeInfoDbData_1.2.14.tar.gz'
trying URL 'https://cloud.r-project.org/src/contrib/bitops_1.0-9.tar.gz'
trying URL 'https://bioconductor.org/packages/3.21/bioc/src/contrib/Rhtslib_3.4.0.tar.gz'
trying URL 'https://bioconductor.org/packages/3.21/bioc/src/contrib/SummarizedExperiment_1.38.0.tar.gz'
trying URL 'https://cloud.r-project.org/src/contrib/RCurl_1.98-1.17.tar.gz'
trying URL 'https://cloud.r-project.org/src/contrib/rjson_0.2.23.tar.gz'
trying URL 'https://cloud.r-project.org/src/contrib/farver_2.1.2.tar.gz'
trying URL 'https://cloud.r-project.org/src/contrib/labeling_0.4.3.tar.gz'
trying URL 'https://cloud.r-project.org/src/contrib/viridisLite_0.4.2.tar.gz'
trying URL 'https://cloud.r-project.org/src/contrib/statnet.common_4.11.0.tar.gz'
trying URL 'https://cloud.r-project.org/src/contrib/ggplotify_0.1.2.tar.gz'
trying URL 'https://cloud.r-project.org/src/contrib/patchwork_1.3.0.tar.gz'
trying URL 'https://cloud.r-project.org/src/contrib/tidyselect_1.2.1.tar.gz'
trying URL 'https://cloud.r-project.org/src/contrib/lazyeval_0.2.2.tar.gz'
trying URL 'https://cloud.r-project.org/src/contrib/futile.logger_1.4.3.tar.gz'
trying URL 'https://cloud.r-project.org/src/contrib/snow_0.4-4.tar.gz'
trying URL 'https://cloud.r-project.org/src/contrib/BH_1.87.0-1.tar.gz'
trying URL 'https://bioconductor.org/packages/3.21/bioc/src/contrib/BiocGenerics_0.54.0.tar.gz'
trying URL 'https://bioconductor.org/packages/3.21/bioc/src/contrib/S4Vectors_0.46.0.tar.gz'
trying URL 'https://bioconductor.org/packages/3.21/bioc/src/contrib/IRanges_2.42.0.tar.gz'
trying URL 'https://bioconductor.org/packages/3.21/bioc/src/contrib/GenomeInfoDb_1.44.0.tar.gz'
trying URL 'https://bioconductor.org/packages/3.21/bioc/src/contrib/XVector_0.48.0.tar.gz'
trying URL 'https://cloud.r-project.org/src/contrib/XML_3.99-0.18.tar.gz'
trying URL 'https://cloud.r-project.org/src/contrib/httr_1.4.7.tar.gz'
trying URL 'https://bioconductor.org/packages/3.21/bioc/src/contrib/Rsamtools_2.24.0.tar.gz'
trying URL 'https://bioconductor.org/packages/3.21/bioc/src/contrib/GenomicAlignments_1.44.0.tar.gz'
trying URL 'https://bioconductor.org/packages/3.21/bioc/src/contrib/BiocIO_1.18.0.tar.gz'
trying URL 'https://cloud.r-project.org/src/contrib/restfulr_0.0.15.tar.gz'
trying URL 'https://cloud.r-project.org/src/contrib/scales_1.4.0.tar.gz'
trying URL 'https://cloud.r-project.org/src/contrib/gtable_0.3.6.tar.gz'
trying URL 'https://cloud.r-project.org/src/contrib/isoband_0.2.7.tar.gz'
trying URL 'https://cloud.r-project.org/src/contrib/ggrepel_0.9.6.tar.gz'
trying URL 'https://cloud.r-project.org/src/contrib/network_1.19.0.tar.gz'
trying URL 'https://cloud.r-project.org/src/contrib/sna_2.8.tar.gz'
trying URL 'https://cloud.r-project.org/src/contrib/bookdown_0.43.tar.gz'
trying URL 'https://cloud.r-project.org/src/contrib/ape_5.8-1.tar.gz'
trying URL 'https://cloud.r-project.org/src/contrib/aplot_0.2.5.tar.gz'
trying URL 'https://cloud.r-project.org/src/contrib/dplyr_1.1.4.tar.gz'
trying URL 'https://cloud.r-project.org/src/contrib/ggfun_0.1.8.tar.gz'
trying URL 'https://cloud.r-project.org/src/contrib/yulab.utils_0.2.0.tar.gz'
trying URL 'https://cloud.r-project.org/src/contrib/tidyr_1.3.1.tar.gz'
trying URL 'https://cloud.r-project.org/src/contrib/tidytree_0.4.6.tar.gz'
trying URL 'https://bioconductor.org/packages/3.21/bioc/src/contrib/treeio_1.32.0.tar.gz'
trying URL 'https://cloud.r-project.org/src/contrib/Rtsne_0.17.tar.gz'
trying URL 'https://cloud.r-project.org/src/contrib/rex_1.2.1.tar.gz'
trying URL 'https://cloud.r-project.org/src/contrib/data.tree_1.1.0.tar.gz'
trying URL 'https://bioconductor.org/packages/3.21/bioc/src/contrib/BiocParallel_1.42.0.tar.gz'
trying URL 'https://bioconductor.org/packages/3.21/bioc/src/contrib/GenomicRanges_1.60.0.tar.gz'
trying URL 'https://bioconductor.org/packages/3.21/bioc/src/contrib/Biostrings_2.76.0.tar.gz'
trying URL 'https://bioconductor.org/packages/3.21/bioc/src/contrib/rtracklayer_1.68.0.tar.gz'
trying URL 'https://cloud.r-project.org/src/contrib/igraph_2.1.4.tar.gz'
trying URL 'https://cloud.r-project.org/src/contrib/RColorBrewer_1.1-3.tar.gz'
trying URL 'https://cloud.r-project.org/src/contrib/pheatmap_1.0.12.tar.gz'
trying URL 'https://cloud.r-project.org/src/contrib/ggplot2_3.5.2.tar.gz'
trying URL 'https://cloud.r-project.org/src/contrib/ggnetwork_0.5.13.tar.gz'
trying URL 'https://cloud.r-project.org/src/contrib/intergraph_2.0-4.tar.gz'
trying URL 'https://bioconductor.org/packages/3.21/bioc/src/contrib/BiocStyle_2.36.0.tar.gz'
trying URL 'https://bioconductor.org/packages/3.21/bioc/src/contrib/ggtree_3.16.0.tar.gz'
trying URL 'https://cloud.r-project.org/src/contrib/labdsv_2.1-0.tar.gz'
trying URL 'https://cloud.r-project.org/src/contrib/covr_3.6.4.tar.gz'
trying URL 'https://cloud.r-project.org/src/contrib/networkD3_0.4.1.tar.gz'
trying URL 'https://bioconductor.org/packages/3.21/bioc/src/contrib/syntenet_1.10.0.tar.gz'
* installing *source* package ‘matrixStats’ ...
** this is package ‘matrixStats’ version ‘1.5.0’
** package ‘matrixStats’ successfully unpacked and MD5 sums checked
** using staged installation
** libs
using C compiler: ‘gcc (Ubuntu 13.3.0-6ubuntu2~24.04) 13.3.0’
gcc -std=gnu2x -I"/usr/local/lib/R/include" -DNDEBUG   -I/usr/local/include    -fpic  -g -O2 -fstack-protector-strong -Wformat -Werror=format-security -Wdate-time -D_FORTIFY_SOURCE=2 -g  -c 000.init.c -o 000.init.o
gcc -std=gnu2x -I"/usr/local/lib/R/include" -DNDEBUG   -I/usr/local/include    -fpic  -g -O2 -fstack-protector-strong -Wformat -Werror=format-security -Wdate-time -D_FORTIFY_SOURCE=2 -g  -c allocMatrix2.c -o allocMatrix2.o
gcc -std=gnu2x -I"/usr/local/lib/R/include" -DNDEBUG   -I/usr/local/include    -fpic  -g -O2 -fstack-protector-strong -Wformat -Werror=format-security -Wdate-time -D_FORTIFY_SOURCE=2 -g  -c anyMissing.c -o anyMissing.o
gcc -std=gnu2x -I"/usr/local/lib/R/include" -DNDEBUG   -I/usr/local/include    -fpic  -g -O2 -fstack-protector-strong -Wformat -Werror=format-security -Wdate-time -D_FORTIFY_SOURCE=2 -g  -c binCounts.c -o binCounts.o
gcc -std=gnu2x -I"/usr/local/lib/R/include" -DNDEBUG   -I/usr/local/include    -fpic  -g -O2 -fstack-protector-strong -Wformat -Werror=format-security -Wdate-time -D_FORTIFY_SOURCE=2 -g  -c binMeans.c -o binMeans.o
gcc -std=gnu2x -I"/usr/local/lib/R/include" -DNDEBUG   -I/usr/local/include    -fpic  -g -O2 -fstack-protector-strong -Wformat -Werror=format-security -Wdate-time -D_FORTIFY_SOURCE=2 -g  -c colCounts.c -o colCounts.o
gcc -std=gnu2x -I"/usr/local/lib/R/include" -DNDEBUG   -I/usr/local/include    -fpic  -g -O2 -fstack-protector-strong -Wformat -Werror=format-security -Wdate-time -D_FORTIFY_SOURCE=2 -g  -c colOrderStats.c -o colOrderStats.o
gcc -std=gnu2x -I"/usr/local/lib/R/include" -DNDEBUG   -I/usr/local/include    -fpic  -g -O2 -fstack-protector-strong -Wformat -Werror=format-security -Wdate-time -D_FORTIFY_SOURCE=2 -g  -c colRanges.c -o colRanges.o
gcc -std=gnu2x -I"/usr/local/lib/R/include" -DNDEBUG   -I/usr/local/include    -fpic  -g -O2 -fstack-protector-strong -Wformat -Werror=format-security -Wdate-time -D_FORTIFY_SOURCE=2 -g  -c diff2.c -o diff2.o
gcc -std=gnu2x -I"/usr/local/lib/R/include" -DNDEBUG   -I/usr/local/include    -fpic  -g -O2 -fstack-protector-strong -Wformat -Werror=format-security -Wdate-time -D_FORTIFY_SOURCE=2 -g  -c indexByRow.c -o indexByRow.o
gcc -std=gnu2x -I"/usr/local/lib/R/include" -DNDEBUG   -I/usr/local/include    -fpic  -g -O2 -fstack-protector-strong -Wformat -Werror=format-security -Wdate-time -D_FORTIFY_SOURCE=2 -g  -c logSumExp.c -o logSumExp.o
gcc -std=gnu2x -I"/usr/local/lib/R/include" -DNDEBUG   -I/usr/local/include    -fpic  -g -O2 -fstack-protector-strong -Wformat -Werror=format-security -Wdate-time -D_FORTIFY_SOURCE=2 -g  -c mean2.c -o mean2.o
gcc -std=gnu2x -I"/usr/local/lib/R/include" -DNDEBUG   -I/usr/local/include    -fpic  -g -O2 -fstack-protector-strong -Wformat -Werror=format-security -Wdate-time -D_FORTIFY_SOURCE=2 -g  -c naming.c -o naming.o
gcc -std=gnu2x -I"/usr/local/lib/R/include" -DNDEBUG   -I/usr/local/include    -fpic  -g -O2 -fstack-protector-strong -Wformat -Werror=format-security -Wdate-time -D_FORTIFY_SOURCE=2 -g  -c productExpSumLog.c -o productExpSumLog.o
gcc -std=gnu2x -I"/usr/local/lib/R/include" -DNDEBUG   -I/usr/local/include    -fpic  -g -O2 -fstack-protector-strong -Wformat -Werror=format-security -Wdate-time -D_FORTIFY_SOURCE=2 -g  -c psortKM.c -o psortKM.o
gcc -std=gnu2x -I"/usr/local/lib/R/include" -DNDEBUG   -I/usr/local/include    -fpic  -g -O2 -fstack-protector-strong -Wformat -Werror=format-security -Wdate-time -D_FORTIFY_SOURCE=2 -g  -c rowCounts.c -o rowCounts.o
gcc -std=gnu2x -I"/usr/local/lib/R/include" -DNDEBUG   -I/usr/local/include    -fpic  -g -O2 -fstack-protector-strong -Wformat -Werror=format-security -Wdate-time -D_FORTIFY_SOURCE=2 -g  -c rowCummaxs.c -o rowCummaxs.o
gcc -std=gnu2x -I"/usr/local/lib/R/include" -DNDEBUG   -I/usr/local/include    -fpic  -g -O2 -fstack-protector-strong -Wformat -Werror=format-security -Wdate-time -D_FORTIFY_SOURCE=2 -g  -c rowCummins.c -o rowCummins.o
gcc -std=gnu2x -I"/usr/local/lib/R/include" -DNDEBUG   -I/usr/local/include    -fpic  -g -O2 -fstack-protector-strong -Wformat -Werror=format-security -Wdate-time -D_FORTIFY_SOURCE=2 -g  -c rowCumprods.c -o rowCumprods.o
gcc -std=gnu2x -I"/usr/local/lib/R/include" -DNDEBUG   -I/usr/local/include    -fpic  -g -O2 -fstack-protector-strong -Wformat -Werror=format-security -Wdate-time -D_FORTIFY_SOURCE=2 -g  -c rowCumsums.c -o rowCumsums.o
gcc -std=gnu2x -I"/usr/local/lib/R/include" -DNDEBUG   -I/usr/local/include    -fpic  -g -O2 -fstack-protector-strong -Wformat -Werror=format-security -Wdate-time -D_FORTIFY_SOURCE=2 -g  -c rowDiffs.c -o rowDiffs.o
gcc -std=gnu2x -I"/usr/local/lib/R/include" -DNDEBUG   -I/usr/local/include    -fpic  -g -O2 -fstack-protector-strong -Wformat -Werror=format-security -Wdate-time -D_FORTIFY_SOURCE=2 -g  -c rowLogSumExp.c -o rowLogSumExp.o
gcc -std=gnu2x -I"/usr/local/lib/R/include" -DNDEBUG   -I/usr/local/include    -fpic  -g -O2 -fstack-protector-strong -Wformat -Werror=format-security -Wdate-time -D_FORTIFY_SOURCE=2 -g  -c rowMads.c -o rowMads.o
gcc -std=gnu2x -I"/usr/local/lib/R/include" -DNDEBUG   -I/usr/local/include    -fpic  -g -O2 -fstack-protector-strong -Wformat -Werror=format-security -Wdate-time -D_FORTIFY_SOURCE=2 -g  -c rowMeans2.c -o rowMeans2.o
gcc -std=gnu2x -I"/usr/local/lib/R/include" -DNDEBUG   -I/usr/local/include    -fpic  -g -O2 -fstack-protector-strong -Wformat -Werror=format-security -Wdate-time -D_FORTIFY_SOURCE=2 -g  -c rowMedians.c -o rowMedians.o
gcc -std=gnu2x -I"/usr/local/lib/R/include" -DNDEBUG   -I/usr/local/include    -fpic  -g -O2 -fstack-protector-strong -Wformat -Werror=format-security -Wdate-time -D_FORTIFY_SOURCE=2 -g  -c rowOrderStats.c -o rowOrderStats.o
gcc -std=gnu2x -I"/usr/local/lib/R/include" -DNDEBUG   -I/usr/local/include    -fpic  -g -O2 -fstack-protector-strong -Wformat -Werror=format-security -Wdate-time -D_FORTIFY_SOURCE=2 -g  -c rowRanges.c -o rowRanges.o
gcc -std=gnu2x -I"/usr/local/lib/R/include" -DNDEBUG   -I/usr/local/include    -fpic  -g -O2 -fstack-protector-strong -Wformat -Werror=format-security -Wdate-time -D_FORTIFY_SOURCE=2 -g  -c rowRanksWithTies.c -o rowRanksWithTies.o
gcc -std=gnu2x -I"/usr/local/lib/R/include" -DNDEBUG   -I/usr/local/include    -fpic  -g -O2 -fstack-protector-strong -Wformat -Werror=format-security -Wdate-time -D_FORTIFY_SOURCE=2 -g  -c rowSums2.c -o rowSums2.o
gcc -std=gnu2x -I"/usr/local/lib/R/include" -DNDEBUG   -I/usr/local/include    -fpic  -g -O2 -fstack-protector-strong -Wformat -Werror=format-security -Wdate-time -D_FORTIFY_SOURCE=2 -g  -c rowVars.c -o rowVars.o
gcc -std=gnu2x -I"/usr/local/lib/R/include" -DNDEBUG   -I/usr/local/include    -fpic  -g -O2 -fstack-protector-strong -Wformat -Werror=format-security -Wdate-time -D_FORTIFY_SOURCE=2 -g  -c signTabulate.c -o signTabulate.o
gcc -std=gnu2x -I"/usr/local/lib/R/include" -DNDEBUG   -I/usr/local/include    -fpic  -g -O2 -fstack-protector-strong -Wformat -Werror=format-security -Wdate-time -D_FORTIFY_SOURCE=2 -g  -c sum2.c -o sum2.o
gcc -std=gnu2x -I"/usr/local/lib/R/include" -DNDEBUG   -I/usr/local/include    -fpic  -g -O2 -fstack-protector-strong -Wformat -Werror=format-security -Wdate-time -D_FORTIFY_SOURCE=2 -g  -c validateIndices.c -o validateIndices.o
gcc -std=gnu2x -I"/usr/local/lib/R/include" -DNDEBUG   -I/usr/local/include    -fpic  -g -O2 -fstack-protector-strong -Wformat -Werror=format-security -Wdate-time -D_FORTIFY_SOURCE=2 -g  -c weightedMean.c -o weightedMean.o
gcc -std=gnu2x -I"/usr/local/lib/R/include" -DNDEBUG   -I/usr/local/include    -fpic  -g -O2 -fstack-protector-strong -Wformat -Werror=format-security -Wdate-time -D_FORTIFY_SOURCE=2 -g  -c weightedMedian.c -o weightedMedian.o
gcc -std=gnu2x -I"/usr/local/lib/R/include" -DNDEBUG   -I/usr/local/include    -fpic  -g -O2 -fstack-protector-strong -Wformat -Werror=format-security -Wdate-time -D_FORTIFY_SOURCE=2 -g  -c x_OP_y.c -o x_OP_y.o
gcc -std=gnu2x -shared -L/usr/local/lib/R/lib -L/usr/local/lib -o matrixStats.so 000.init.o allocMatrix2.o anyMissing.o binCounts.o binMeans.o colCounts.o colOrderStats.o colRanges.o diff2.o indexByRow.o logSumExp.o mean2.o naming.o productExpSumLog.o psortKM.o rowCounts.o rowCummaxs.o rowCummins.o rowCumprods.o rowCumsums.o rowDiffs.o rowLogSumExp.o rowMads.o rowMeans2.o rowMedians.o rowOrderStats.o rowRanges.o rowRanksWithTies.o rowSums2.o rowVars.o signTabulate.o sum2.o validateIndices.o weightedMean.o weightedMedian.o x_OP_y.o -L/usr/local/lib/R/lib -lR
installing to /usr/local/lib/R/site-library/00LOCK-matrixStats/00new/matrixStats/libs
** R
** inst
** byte-compile and prepare package for lazy loading
** help
*** installing help indices
** building package indices
** installing vignettes
** testing if installed package can be loaded from temporary location
** checking absolute paths in shared objects and dynamic libraries
** testing if installed package can be loaded from final location
** testing if installed package keeps a record of temporary installation path
* creating tarball
packaged installation of ‘matrixStats’ as ‘matrixStats_1.5.0_R_x86_64-pc-linux-gnu.tar.gz’
* DONE (matrixStats)
* installing *source* package ‘abind’ ...
** this is package ‘abind’ version ‘1.4-8’
** package ‘abind’ successfully unpacked and MD5 sums checked
** using staged installation
** R
** byte-compile and prepare package for lazy loading
** help
*** installing help indices
** building package indices
** testing if installed package can be loaded from temporary location
** testing if installed package can be loaded from final location
** testing if installed package keeps a record of temporary installation path
* creating tarball
packaged installation of ‘abind’ as ‘abind_1.4-8_R_x86_64-pc-linux-gnu.tar.gz’
* DONE (abind)
* installing *source* package ‘formatR’ ...
** this is package ‘formatR’ version ‘1.14’
** package ‘formatR’ successfully unpacked and MD5 sums checked
** using staged installation
** R
** inst
** byte-compile and prepare package for lazy loading
** help
*** installing help indices
** building package indices
** installing vignettes
** testing if installed package can be loaded from temporary location
** testing if installed package can be loaded from final location
** testing if installed package keeps a record of temporary installation path
* creating tarball
packaged installation of ‘formatR’ as ‘formatR_1.14_R_x86_64-pc-linux-gnu.tar.gz’
* DONE (formatR)
* installing *source* package ‘coda’ ...
** this is package ‘coda’ version ‘0.19-4.1’
** package ‘coda’ successfully unpacked and MD5 sums checked
** using staged installation
** R
** data
** inst
** byte-compile and prepare package for lazy loading
** help
*** installing help indices
** building package indices
** testing if installed package can be loaded from temporary location
** testing if installed package can be loaded from final location
** testing if installed package keeps a record of temporary installation path
* creating tarball
packaged installation of ‘coda’ as ‘coda_0.19-4.1_R_x86_64-pc-linux-gnu.tar.gz’
* DONE (coda)
* installing *source* package ‘gridGraphics’ ...
** this is package ‘gridGraphics’ version ‘0.5-1’
** package ‘gridGraphics’ successfully unpacked and MD5 sums checked
** using staged installation
** R
** inst
** byte-compile and prepare package for lazy loading
** help
*** installing help indices
** building package indices
** testing if installed package can be loaded from temporary location
** testing if installed package can be loaded from final location
** testing if installed package keeps a record of temporary installation path
* creating tarball
packaged installation of ‘gridGraphics’ as ‘gridGraphics_0.5-1_R_x86_64-pc-linux-gnu.tar.gz’
* DONE (gridGraphics)
* installing *source* package ‘futile.options’ ...
** this is package ‘futile.options’ version ‘1.0.1’
** package ‘futile.options’ successfully unpacked and MD5 sums checked
** using staged installation
** R
** byte-compile and prepare package for lazy loading
** help
*** installing help indices
** building package indices
** testing if installed package can be loaded from temporary location
** testing if installed package can be loaded from final location
** testing if installed package keeps a record of temporary installation path
* creating tarball
packaged installation of ‘futile.options’ as ‘futile.options_1.0.1_R_x86_64-pc-linux-gnu.tar.gz’
* DONE (futile.options)
* installing *source* package ‘generics’ ...
** this is package ‘generics’ version ‘0.1.3’
** package ‘generics’ successfully unpacked and MD5 sums checked
** using staged installation
** R
** byte-compile and prepare package for lazy loading
** help
*** installing help indices
** building package indices
** testing if installed package can be loaded from temporary location
** testing if installed package can be loaded from final location
** testing if installed package keeps a record of temporary installation path
* creating tarball
packaged installation of ‘generics’ as ‘generics_0.1.3_R_x86_64-pc-linux-gnu.tar.gz’
* DONE (generics)
* installing *source* package ‘GenomeInfoDbData’ ...
** this is package ‘GenomeInfoDbData’ version ‘1.2.14’
** using staged installation
** data
** inst
** help
*** installing help indices
** building package indices
** testing if installed package can be loaded from temporary location
** testing if installed package can be loaded from final location
** testing if installed package keeps a record of temporary installation path
* creating tarball
packaged installation of ‘GenomeInfoDbData’ as ‘GenomeInfoDbData_1.2.14_R_x86_64-pc-linux-gnu.tar.gz’
* DONE (GenomeInfoDbData)
* installing *source* package ‘bitops’ ...
** this is package ‘bitops’ version ‘1.0-9’
** package ‘bitops’ successfully unpacked and MD5 sums checked
** using staged installation
** libs
using C compiler: ‘gcc (Ubuntu 13.3.0-6ubuntu2~24.04) 13.3.0’
gcc -std=gnu2x -I"/usr/local/lib/R/include" -DNDEBUG   -I/usr/local/include    -fpic  -g -O2 -fstack-protector-strong -Wformat -Werror=format-security -Wdate-time -D_FORTIFY_SOURCE=2 -g  -c bit-ops.c -o bit-ops.o
gcc -std=gnu2x -I"/usr/local/lib/R/include" -DNDEBUG   -I/usr/local/include    -fpic  -g -O2 -fstack-protector-strong -Wformat -Werror=format-security -Wdate-time -D_FORTIFY_SOURCE=2 -g  -c cksum.c -o cksum.o
gcc -std=gnu2x -I"/usr/local/lib/R/include" -DNDEBUG   -I/usr/local/include    -fpic  -g -O2 -fstack-protector-strong -Wformat -Werror=format-security -Wdate-time -D_FORTIFY_SOURCE=2 -g  -c init.c -o init.o
gcc -std=gnu2x -shared -L/usr/local/lib/R/lib -L/usr/local/lib -o bitops.so bit-ops.o cksum.o init.o -L/usr/local/lib/R/lib -lR
installing to /usr/local/lib/R/site-library/00LOCK-bitops/00new/bitops/libs
** R
** byte-compile and prepare package for lazy loading
** help
*** installing help indices
** building package indices
** testing if installed package can be loaded from temporary location
** checking absolute paths in shared objects and dynamic libraries
** testing if installed package can be loaded from final location
** testing if installed package keeps a record of temporary installation path
* creating tarball
packaged installation of ‘bitops’ as ‘bitops_1.0-9_R_x86_64-pc-linux-gnu.tar.gz’
* DONE (bitops)
* installing *source* package ‘Rhtslib’ ...
** this is package ‘Rhtslib’ version ‘3.4.0’
** using non-staged installation via StagedInstall field
** libs
using C compiler: ‘gcc (Ubuntu 13.3.0-6ubuntu2~24.04) 13.3.0’
cd "htslib-1.18" && make -f "Makefile.Rhtslib"
make[1]: Entering directory '/tmp/RtmpkFd5sf/R.INSTALL2d061308e29/Rhtslib/src/htslib-1.18'
gcc -std=gnu2x -g -O2 -fstack-protector-strong -Wformat -Werror=format-security -Wdate-time -D_FORTIFY_SOURCE=2 -g -fpic -fvisibility=hidden  -I. -I/usr/local/include -D_FILE_OFFSET_BITS=64 -c -o kfunc.o kfunc.c
gcc -std=gnu2x -g -O2 -fstack-protector-strong -Wformat -Werror=format-security -Wdate-time -D_FORTIFY_SOURCE=2 -g -fpic -fvisibility=hidden  -I. -I/usr/local/include -D_FILE_OFFSET_BITS=64 -c -o kstring.o kstring.c
gcc -std=gnu2x -g -O2 -fstack-protector-strong -Wformat -Werror=format-security -Wdate-time -D_FORTIFY_SOURCE=2 -g -fpic -fvisibility=hidden  -I. -I/usr/local/include -D_FILE_OFFSET_BITS=64 -c -o bcf_sr_sort.o bcf_sr_sort.c
gcc -std=gnu2x -g -O2 -fstack-protector-strong -Wformat -Werror=format-security -Wdate-time -D_FORTIFY_SOURCE=2 -g -fpic -fvisibility=hidden  -I. -I/usr/local/include -D_FILE_OFFSET_BITS=64 -c -o bgzf.o bgzf.c
gcc -std=gnu2x -g -O2 -fstack-protector-strong -Wformat -Werror=format-security -Wdate-time -D_FORTIFY_SOURCE=2 -g -fpic -fvisibility=hidden  -I. -I/usr/local/include -D_FILE_OFFSET_BITS=64 -c -o errmod.o errmod.c
gcc -std=gnu2x -g -O2 -fstack-protector-strong -Wformat -Werror=format-security -Wdate-time -D_FORTIFY_SOURCE=2 -g -fpic -fvisibility=hidden  -I. -I/usr/local/include -D_FILE_OFFSET_BITS=64 -c -o faidx.o faidx.c
gcc -std=gnu2x -g -O2 -fstack-protector-strong -Wformat -Werror=format-security -Wdate-time -D_FORTIFY_SOURCE=2 -g -fpic -fvisibility=hidden  -I. -I/usr/local/include -D_FILE_OFFSET_BITS=64 -c -o header.o header.c
gcc -std=gnu2x -g -O2 -fstack-protector-strong -Wformat -Werror=format-security -Wdate-time -D_FORTIFY_SOURCE=2 -g -fpic -fvisibility=hidden  -I. -I/usr/local/include -D_FILE_OFFSET_BITS=64 -c -o hfile.o hfile.c
echo '#define HTS_VERSION_TEXT "1.18"' > version.h
printf '#define HTS_CC "%s"\n#define HTS_CPPFLAGS "%s"\n#define HTS_CFLAGS "%s"\n#define HTS_LDFLAGS "%s"\n#define HTS_LIBS "%s"\n' \
'gcc -std=gnu2x' \
'-I/usr/local/include -D_FILE_OFFSET_BITS=64' \
'-g -O2 -fstack-protector-strong -Wformat -Werror=format-security -Wdate-time -D_FORTIFY_SOURCE=2 -g -fpic -fvisibility=hidden' \
'-L/usr/local/lib -fvisibility=hidden' \
'-lz -lm -lbz2 -llzma -lcurl' > config_vars.h
gcc -std=gnu2x -g -O2 -fstack-protector-strong -Wformat -Werror=format-security -Wdate-time -D_FORTIFY_SOURCE=2 -g -fpic -fvisibility=hidden  -I. -I/usr/local/include -D_FILE_OFFSET_BITS=64 -c -o hts.o hts.c
gcc -std=gnu2x -g -O2 -fstack-protector-strong -Wformat -Werror=format-security -Wdate-time -D_FORTIFY_SOURCE=2 -g -fpic -fvisibility=hidden  -I. -I/usr/local/include -D_FILE_OFFSET_BITS=64 -c -o hts_expr.o hts_expr.c
gcc -std=gnu2x -g -O2 -fstack-protector-strong -Wformat -Werror=format-security -Wdate-time -D_FORTIFY_SOURCE=2 -g -fpic -fvisibility=hidden  -I. -I/usr/local/include -D_FILE_OFFSET_BITS=64 -c -o hts_os.o hts_os.c
gcc -std=gnu2x -g -O2 -fstack-protector-strong -Wformat -Werror=format-security -Wdate-time -D_FORTIFY_SOURCE=2 -g -fpic -fvisibility=hidden  -I. -I/usr/local/include -D_FILE_OFFSET_BITS=64 -c -o md5.o md5.c
gcc -std=gnu2x -g -O2 -fstack-protector-strong -Wformat -Werror=format-security -Wdate-time -D_FORTIFY_SOURCE=2 -g -fpic -fvisibility=hidden  -I. -I/usr/local/include -D_FILE_OFFSET_BITS=64 -c -o multipart.o multipart.c
gcc -std=gnu2x -g -O2 -fstack-protector-strong -Wformat -Werror=format-security -Wdate-time -D_FORTIFY_SOURCE=2 -g -fpic -fvisibility=hidden  -I. -I/usr/local/include -D_FILE_OFFSET_BITS=64 -c -o probaln.o probaln.c
gcc -std=gnu2x -g -O2 -fstack-protector-strong -Wformat -Werror=format-security -Wdate-time -D_FORTIFY_SOURCE=2 -g -fpic -fvisibility=hidden  -I. -I/usr/local/include -D_FILE_OFFSET_BITS=64 -c -o realn.o realn.c
gcc -std=gnu2x -g -O2 -fstack-protector-strong -Wformat -Werror=format-security -Wdate-time -D_FORTIFY_SOURCE=2 -g -fpic -fvisibility=hidden  -I. -I/usr/local/include -D_FILE_OFFSET_BITS=64 -c -o regidx.o regidx.c
gcc -std=gnu2x -g -O2 -fstack-protector-strong -Wformat -Werror=format-security -Wdate-time -D_FORTIFY_SOURCE=2 -g -fpic -fvisibility=hidden  -I. -I/usr/local/include -D_FILE_OFFSET_BITS=64 -c -o region.o region.c
gcc -std=gnu2x -g -O2 -fstack-protector-strong -Wformat -Werror=format-security -Wdate-time -D_FORTIFY_SOURCE=2 -g -fpic -fvisibility=hidden  -I. -I/usr/local/include -D_FILE_OFFSET_BITS=64 -c -o sam.o sam.c
gcc -std=gnu2x -g -O2 -fstack-protector-strong -Wformat -Werror=format-security -Wdate-time -D_FORTIFY_SOURCE=2 -g -fpic -fvisibility=hidden  -I. -I/usr/local/include -D_FILE_OFFSET_BITS=64 -c -o sam_mods.o sam_mods.c
gcc -std=gnu2x -g -O2 -fstack-protector-strong -Wformat -Werror=format-security -Wdate-time -D_FORTIFY_SOURCE=2 -g -fpic -fvisibility=hidden  -I. -I/usr/local/include -D_FILE_OFFSET_BITS=64 -c -o synced_bcf_reader.o synced_bcf_reader.c
gcc -std=gnu2x -g -O2 -fstack-protector-strong -Wformat -Werror=format-security -Wdate-time -D_FORTIFY_SOURCE=2 -g -fpic -fvisibility=hidden  -I. -I/usr/local/include -D_FILE_OFFSET_BITS=64 -c -o vcf_sweep.o vcf_sweep.c
gcc -std=gnu2x -g -O2 -fstack-protector-strong -Wformat -Werror=format-security -Wdate-time -D_FORTIFY_SOURCE=2 -g -fpic -fvisibility=hidden  -I. -I/usr/local/include -D_FILE_OFFSET_BITS=64 -c -o tbx.o tbx.c
gcc -std=gnu2x -g -O2 -fstack-protector-strong -Wformat -Werror=format-security -Wdate-time -D_FORTIFY_SOURCE=2 -g -fpic -fvisibility=hidden  -I. -I/usr/local/include -D_FILE_OFFSET_BITS=64 -c -o textutils.o textutils.c
gcc -std=gnu2x -g -O2 -fstack-protector-strong -Wformat -Werror=format-security -Wdate-time -D_FORTIFY_SOURCE=2 -g -fpic -fvisibility=hidden  -I. -I/usr/local/include -D_FILE_OFFSET_BITS=64 -c -o thread_pool.o thread_pool.c
gcc -std=gnu2x -g -O2 -fstack-protector-strong -Wformat -Werror=format-security -Wdate-time -D_FORTIFY_SOURCE=2 -g -fpic -fvisibility=hidden  -I. -I/usr/local/include -D_FILE_OFFSET_BITS=64 -c -o vcf.o vcf.c
gcc -std=gnu2x -g -O2 -fstack-protector-strong -Wformat -Werror=format-security -Wdate-time -D_FORTIFY_SOURCE=2 -g -fpic -fvisibility=hidden  -I. -I/usr/local/include -D_FILE_OFFSET_BITS=64 -c -o vcfutils.o vcfutils.c
gcc -std=gnu2x -g -O2 -fstack-protector-strong -Wformat -Werror=format-security -Wdate-time -D_FORTIFY_SOURCE=2 -g -fpic -fvisibility=hidden  -I. -I/usr/local/include -D_FILE_OFFSET_BITS=64 -c -o cram/cram_codecs.o cram/cram_codecs.c
gcc -std=gnu2x -g -O2 -fstack-protector-strong -Wformat -Werror=format-security -Wdate-time -D_FORTIFY_SOURCE=2 -g -fpic -fvisibility=hidden  -I. -I/usr/local/include -D_FILE_OFFSET_BITS=64 -c -o cram/cram_decode.o cram/cram_decode.c
gcc -std=gnu2x -g -O2 -fstack-protector-strong -Wformat -Werror=format-security -Wdate-time -D_FORTIFY_SOURCE=2 -g -fpic -fvisibility=hidden  -I. -I/usr/local/include -D_FILE_OFFSET_BITS=64 -c -o cram/cram_encode.o cram/cram_encode.c
gcc -std=gnu2x -g -O2 -fstack-protector-strong -Wformat -Werror=format-security -Wdate-time -D_FORTIFY_SOURCE=2 -g -fpic -fvisibility=hidden  -I. -I/usr/local/include -D_FILE_OFFSET_BITS=64 -c -o cram/cram_external.o cram/cram_external.c
gcc -std=gnu2x -g -O2 -fstack-protector-strong -Wformat -Werror=format-security -Wdate-time -D_FORTIFY_SOURCE=2 -g -fpic -fvisibility=hidden  -I. -I/usr/local/include -D_FILE_OFFSET_BITS=64 -c -o cram/cram_index.o cram/cram_index.c
gcc -std=gnu2x -g -O2 -fstack-protector-strong -Wformat -Werror=format-security -Wdate-time -D_FORTIFY_SOURCE=2 -g -fpic -fvisibility=hidden  -I. -I/usr/local/include -D_FILE_OFFSET_BITS=64 -c -o cram/cram_io.o cram/cram_io.c
gcc -std=gnu2x -g -O2 -fstack-protector-strong -Wformat -Werror=format-security -Wdate-time -D_FORTIFY_SOURCE=2 -g -fpic -fvisibility=hidden  -I. -I/usr/local/include -D_FILE_OFFSET_BITS=64 -c -o cram/cram_stats.o cram/cram_stats.c
gcc -std=gnu2x -g -O2 -fstack-protector-strong -Wformat -Werror=format-security -Wdate-time -D_FORTIFY_SOURCE=2 -g -fpic -fvisibility=hidden  -I. -I/usr/local/include -D_FILE_OFFSET_BITS=64 -c -o cram/mFILE.o cram/mFILE.c
gcc -std=gnu2x -g -O2 -fstack-protector-strong -Wformat -Werror=format-security -Wdate-time -D_FORTIFY_SOURCE=2 -g -fpic -fvisibility=hidden  -I. -I/usr/local/include -D_FILE_OFFSET_BITS=64 -c -o cram/open_trace_file.o cram/open_trace_file.c
gcc -std=gnu2x -g -O2 -fstack-protector-strong -Wformat -Werror=format-security -Wdate-time -D_FORTIFY_SOURCE=2 -g -fpic -fvisibility=hidden  -I. -I/usr/local/include -D_FILE_OFFSET_BITS=64 -c -o cram/pooled_alloc.o cram/pooled_alloc.c
gcc -std=gnu2x -g -O2 -fstack-protector-strong -Wformat -Werror=format-security -Wdate-time -D_FORTIFY_SOURCE=2 -g -fpic -fvisibility=hidden  -I. -I/usr/local/include -D_FILE_OFFSET_BITS=64 -c -o cram/string_alloc.o cram/string_alloc.c
gcc -std=gnu2x -g -O2 -fstack-protector-strong -Wformat -Werror=format-security -Wdate-time -D_FORTIFY_SOURCE=2 -g -fpic -fvisibility=hidden  -I. -I/usr/local/include -D_FILE_OFFSET_BITS=64 -c -o htscodecs/htscodecs/arith_dynamic.o htscodecs/htscodecs/arith_dynamic.c
gcc -std=gnu2x -g -O2 -fstack-protector-strong -Wformat -Werror=format-security -Wdate-time -D_FORTIFY_SOURCE=2 -g -fpic -fvisibility=hidden  -I. -I/usr/local/include -D_FILE_OFFSET_BITS=64 -c -o htscodecs/htscodecs/fqzcomp_qual.o htscodecs/htscodecs/fqzcomp_qual.c
gcc -std=gnu2x -g -O2 -fstack-protector-strong -Wformat -Werror=format-security -Wdate-time -D_FORTIFY_SOURCE=2 -g -fpic -fvisibility=hidden  -I. -I/usr/local/include -D_FILE_OFFSET_BITS=64 -c -o htscodecs/htscodecs/htscodecs.o htscodecs/htscodecs/htscodecs.c
gcc -std=gnu2x -g -O2 -fstack-protector-strong -Wformat -Werror=format-security -Wdate-time -D_FORTIFY_SOURCE=2 -g -fpic -fvisibility=hidden  -I. -I/usr/local/include -D_FILE_OFFSET_BITS=64 -c -o htscodecs/htscodecs/pack.o htscodecs/htscodecs/pack.c
gcc -std=gnu2x -g -O2 -fstack-protector-strong -Wformat -Werror=format-security -Wdate-time -D_FORTIFY_SOURCE=2 -g -fpic -fvisibility=hidden  -I. -I/usr/local/include -D_FILE_OFFSET_BITS=64 -c -o htscodecs/htscodecs/rANS_static4x16pr.o htscodecs/htscodecs/rANS_static4x16pr.c
gcc -std=gnu2x -g -O2 -fstack-protector-strong -Wformat -Werror=format-security -Wdate-time -D_FORTIFY_SOURCE=2 -g -fpic -fvisibility=hidden  -I. -I/usr/local/include -D_FILE_OFFSET_BITS=64 -c -o htscodecs/htscodecs/rANS_static32x16pr_avx2.o htscodecs/htscodecs/rANS_static32x16pr_avx2.c
gcc -std=gnu2x -g -O2 -fstack-protector-strong -Wformat -Werror=format-security -Wdate-time -D_FORTIFY_SOURCE=2 -g -fpic -fvisibility=hidden  -I. -I/usr/local/include -D_FILE_OFFSET_BITS=64 -c -o htscodecs/htscodecs/rANS_static32x16pr_avx512.o htscodecs/htscodecs/rANS_static32x16pr_avx512.c
gcc -std=gnu2x -g -O2 -fstack-protector-strong -Wformat -Werror=format-security -Wdate-time -D_FORTIFY_SOURCE=2 -g -fpic -fvisibility=hidden  -I. -I/usr/local/include -D_FILE_OFFSET_BITS=64 -c -o htscodecs/htscodecs/rANS_static32x16pr_sse4.o htscodecs/htscodecs/rANS_static32x16pr_sse4.c
gcc -std=gnu2x -g -O2 -fstack-protector-strong -Wformat -Werror=format-security -Wdate-time -D_FORTIFY_SOURCE=2 -g -fpic -fvisibility=hidden  -I. -I/usr/local/include -D_FILE_OFFSET_BITS=64 -c -o htscodecs/htscodecs/rANS_static32x16pr_neon.o htscodecs/htscodecs/rANS_static32x16pr_neon.c
gcc -std=gnu2x -g -O2 -fstack-protector-strong -Wformat -Werror=format-security -Wdate-time -D_FORTIFY_SOURCE=2 -g -fpic -fvisibility=hidden  -I. -I/usr/local/include -D_FILE_OFFSET_BITS=64 -c -o htscodecs/htscodecs/rANS_static32x16pr.o htscodecs/htscodecs/rANS_static32x16pr.c
gcc -std=gnu2x -g -O2 -fstack-protector-strong -Wformat -Werror=format-security -Wdate-time -D_FORTIFY_SOURCE=2 -g -fpic -fvisibility=hidden  -I. -I/usr/local/include -D_FILE_OFFSET_BITS=64 -c -o htscodecs/htscodecs/rANS_static.o htscodecs/htscodecs/rANS_static.c
gcc -std=gnu2x -g -O2 -fstack-protector-strong -Wformat -Werror=format-security -Wdate-time -D_FORTIFY_SOURCE=2 -g -fpic -fvisibility=hidden  -I. -I/usr/local/include -D_FILE_OFFSET_BITS=64 -c -o htscodecs/htscodecs/rle.o htscodecs/htscodecs/rle.c
gcc -std=gnu2x -g -O2 -fstack-protector-strong -Wformat -Werror=format-security -Wdate-time -D_FORTIFY_SOURCE=2 -g -fpic -fvisibility=hidden  -I. -I/usr/local/include -D_FILE_OFFSET_BITS=64 -c -o htscodecs/htscodecs/tokenise_name3.o htscodecs/htscodecs/tokenise_name3.c
gcc -std=gnu2x -g -O2 -fstack-protector-strong -Wformat -Werror=format-security -Wdate-time -D_FORTIFY_SOURCE=2 -g -fpic -fvisibility=hidden  -I. -I/usr/local/include -D_FILE_OFFSET_BITS=64 -c -o htscodecs/htscodecs/utils.o htscodecs/htscodecs/utils.c
gcc -std=gnu2x -g -O2 -fstack-protector-strong -Wformat -Werror=format-security -Wdate-time -D_FORTIFY_SOURCE=2 -g -fpic -fvisibility=hidden  -I. -I/usr/local/include -D_FILE_OFFSET_BITS=64 -c -o hfile_libcurl.o hfile_libcurl.c
ar -rc libhts.a kfunc.o kstring.o bcf_sr_sort.o bgzf.o errmod.o faidx.o header.o hfile.o hts.o hts_expr.o hts_os.o md5.o multipart.o probaln.o realn.o regidx.o region.o sam.o sam_mods.o synced_bcf_reader.o vcf_sweep.o tbx.o textutils.o thread_pool.o vcf.o vcfutils.o cram/cram_codecs.o cram/cram_decode.o cram/cram_encode.o cram/cram_external.o cram/cram_index.o cram/cram_io.o cram/cram_stats.o cram/mFILE.o cram/open_trace_file.o cram/pooled_alloc.o cram/string_alloc.o htscodecs/htscodecs/arith_dynamic.o htscodecs/htscodecs/fqzcomp_qual.o htscodecs/htscodecs/htscodecs.o htscodecs/htscodecs/pack.o htscodecs/htscodecs/rANS_static4x16pr.o htscodecs/htscodecs/rANS_static32x16pr_avx2.o htscodecs/htscodecs/rANS_static32x16pr_avx512.o htscodecs/htscodecs/rANS_static32x16pr_sse4.o htscodecs/htscodecs/rANS_static32x16pr_neon.o htscodecs/htscodecs/rANS_static32x16pr.o htscodecs/htscodecs/rANS_static.o htscodecs/htscodecs/rle.o htscodecs/htscodecs/tokenise_name3.o htscodecs/htscodecs/utils.o hfile_libcurl.o
ranlib libhts.a
gcc -std=gnu2x -g -O2 -fstack-protector-strong -Wformat -Werror=format-security -Wdate-time -D_FORTIFY_SOURCE=2 -g -fpic -fvisibility=hidden  -I. -I/usr/local/include -D_FILE_OFFSET_BITS=64  -c -o kfunc.pico kfunc.c
gcc -std=gnu2x -g -O2 -fstack-protector-strong -Wformat -Werror=format-security -Wdate-time -D_FORTIFY_SOURCE=2 -g -fpic -fvisibility=hidden  -I. -I/usr/local/include -D_FILE_OFFSET_BITS=64  -c -o kstring.pico kstring.c
gcc -std=gnu2x -g -O2 -fstack-protector-strong -Wformat -Werror=format-security -Wdate-time -D_FORTIFY_SOURCE=2 -g -fpic -fvisibility=hidden  -I. -I/usr/local/include -D_FILE_OFFSET_BITS=64  -c -o bcf_sr_sort.pico bcf_sr_sort.c
gcc -std=gnu2x -g -O2 -fstack-protector-strong -Wformat -Werror=format-security -Wdate-time -D_FORTIFY_SOURCE=2 -g -fpic -fvisibility=hidden  -I. -I/usr/local/include -D_FILE_OFFSET_BITS=64  -c -o bgzf.pico bgzf.c
gcc -std=gnu2x -g -O2 -fstack-protector-strong -Wformat -Werror=format-security -Wdate-time -D_FORTIFY_SOURCE=2 -g -fpic -fvisibility=hidden  -I. -I/usr/local/include -D_FILE_OFFSET_BITS=64  -c -o errmod.pico errmod.c
gcc -std=gnu2x -g -O2 -fstack-protector-strong -Wformat -Werror=format-security -Wdate-time -D_FORTIFY_SOURCE=2 -g -fpic -fvisibility=hidden  -I. -I/usr/local/include -D_FILE_OFFSET_BITS=64  -c -o faidx.pico faidx.c
gcc -std=gnu2x -g -O2 -fstack-protector-strong -Wformat -Werror=format-security -Wdate-time -D_FORTIFY_SOURCE=2 -g -fpic -fvisibility=hidden  -I. -I/usr/local/include -D_FILE_OFFSET_BITS=64  -c -o header.pico header.c
gcc -std=gnu2x -g -O2 -fstack-protector-strong -Wformat -Werror=format-security -Wdate-time -D_FORTIFY_SOURCE=2 -g -fpic -fvisibility=hidden  -I. -I/usr/local/include -D_FILE_OFFSET_BITS=64  -c -o hfile.pico hfile.c
gcc -std=gnu2x -g -O2 -fstack-protector-strong -Wformat -Werror=format-security -Wdate-time -D_FORTIFY_SOURCE=2 -g -fpic -fvisibility=hidden  -I. -I/usr/local/include -D_FILE_OFFSET_BITS=64  -c -o hts.pico hts.c
gcc -std=gnu2x -g -O2 -fstack-protector-strong -Wformat -Werror=format-security -Wdate-time -D_FORTIFY_SOURCE=2 -g -fpic -fvisibility=hidden  -I. -I/usr/local/include -D_FILE_OFFSET_BITS=64  -c -o hts_expr.pico hts_expr.c
gcc -std=gnu2x -g -O2 -fstack-protector-strong -Wformat -Werror=format-security -Wdate-time -D_FORTIFY_SOURCE=2 -g -fpic -fvisibility=hidden  -I. -I/usr/local/include -D_FILE_OFFSET_BITS=64  -c -o hts_os.pico hts_os.c
gcc -std=gnu2x -g -O2 -fstack-protector-strong -Wformat -Werror=format-security -Wdate-time -D_FORTIFY_SOURCE=2 -g -fpic -fvisibility=hidden  -I. -I/usr/local/include -D_FILE_OFFSET_BITS=64  -c -o md5.pico md5.c
gcc -std=gnu2x -g -O2 -fstack-protector-strong -Wformat -Werror=format-security -Wdate-time -D_FORTIFY_SOURCE=2 -g -fpic -fvisibility=hidden  -I. -I/usr/local/include -D_FILE_OFFSET_BITS=64  -c -o multipart.pico multipart.c
gcc -std=gnu2x -g -O2 -fstack-protector-strong -Wformat -Werror=format-security -Wdate-time -D_FORTIFY_SOURCE=2 -g -fpic -fvisibility=hidden  -I. -I/usr/local/include -D_FILE_OFFSET_BITS=64  -c -o probaln.pico probaln.c
gcc -std=gnu2x -g -O2 -fstack-protector-strong -Wformat -Werror=format-security -Wdate-time -D_FORTIFY_SOURCE=2 -g -fpic -fvisibility=hidden  -I. -I/usr/local/include -D_FILE_OFFSET_BITS=64  -c -o realn.pico realn.c
gcc -std=gnu2x -g -O2 -fstack-protector-strong -Wformat -Werror=format-security -Wdate-time -D_FORTIFY_SOURCE=2 -g -fpic -fvisibility=hidden  -I. -I/usr/local/include -D_FILE_OFFSET_BITS=64  -c -o regidx.pico regidx.c
gcc -std=gnu2x -g -O2 -fstack-protector-strong -Wformat -Werror=format-security -Wdate-time -D_FORTIFY_SOURCE=2 -g -fpic -fvisibility=hidden  -I. -I/usr/local/include -D_FILE_OFFSET_BITS=64  -c -o region.pico region.c
gcc -std=gnu2x -g -O2 -fstack-protector-strong -Wformat -Werror=format-security -Wdate-time -D_FORTIFY_SOURCE=2 -g -fpic -fvisibility=hidden  -I. -I/usr/local/include -D_FILE_OFFSET_BITS=64  -c -o sam.pico sam.c
gcc -std=gnu2x -g -O2 -fstack-protector-strong -Wformat -Werror=format-security -Wdate-time -D_FORTIFY_SOURCE=2 -g -fpic -fvisibility=hidden  -I. -I/usr/local/include -D_FILE_OFFSET_BITS=64  -c -o sam_mods.pico sam_mods.c
gcc -std=gnu2x -g -O2 -fstack-protector-strong -Wformat -Werror=format-security -Wdate-time -D_FORTIFY_SOURCE=2 -g -fpic -fvisibility=hidden  -I. -I/usr/local/include -D_FILE_OFFSET_BITS=64  -c -o synced_bcf_reader.pico synced_bcf_reader.c
gcc -std=gnu2x -g -O2 -fstack-protector-strong -Wformat -Werror=format-security -Wdate-time -D_FORTIFY_SOURCE=2 -g -fpic -fvisibility=hidden  -I. -I/usr/local/include -D_FILE_OFFSET_BITS=64  -c -o vcf_sweep.pico vcf_sweep.c
gcc -std=gnu2x -g -O2 -fstack-protector-strong -Wformat -Werror=format-security -Wdate-time -D_FORTIFY_SOURCE=2 -g -fpic -fvisibility=hidden  -I. -I/usr/local/include -D_FILE_OFFSET_BITS=64  -c -o tbx.pico tbx.c
gcc -std=gnu2x -g -O2 -fstack-protector-strong -Wformat -Werror=format-security -Wdate-time -D_FORTIFY_SOURCE=2 -g -fpic -fvisibility=hidden  -I. -I/usr/local/include -D_FILE_OFFSET_BITS=64  -c -o textutils.pico textutils.c
gcc -std=gnu2x -g -O2 -fstack-protector-strong -Wformat -Werror=format-security -Wdate-time -D_FORTIFY_SOURCE=2 -g -fpic -fvisibility=hidden  -I. -I/usr/local/include -D_FILE_OFFSET_BITS=64  -c -o thread_pool.pico thread_pool.c
gcc -std=gnu2x -g -O2 -fstack-protector-strong -Wformat -Werror=format-security -Wdate-time -D_FORTIFY_SOURCE=2 -g -fpic -fvisibility=hidden  -I. -I/usr/local/include -D_FILE_OFFSET_BITS=64  -c -o vcf.pico vcf.c
gcc -std=gnu2x -g -O2 -fstack-protector-strong -Wformat -Werror=format-security -Wdate-time -D_FORTIFY_SOURCE=2 -g -fpic -fvisibility=hidden  -I. -I/usr/local/include -D_FILE_OFFSET_BITS=64  -c -o vcfutils.pico vcfutils.c
gcc -std=gnu2x -g -O2 -fstack-protector-strong -Wformat -Werror=format-security -Wdate-time -D_FORTIFY_SOURCE=2 -g -fpic -fvisibility=hidden  -I. -I/usr/local/include -D_FILE_OFFSET_BITS=64  -c -o cram/cram_codecs.pico cram/cram_codecs.c
gcc -std=gnu2x -g -O2 -fstack-protector-strong -Wformat -Werror=format-security -Wdate-time -D_FORTIFY_SOURCE=2 -g -fpic -fvisibility=hidden  -I. -I/usr/local/include -D_FILE_OFFSET_BITS=64  -c -o cram/cram_decode.pico cram/cram_decode.c
gcc -std=gnu2x -g -O2 -fstack-protector-strong -Wformat -Werror=format-security -Wdate-time -D_FORTIFY_SOURCE=2 -g -fpic -fvisibility=hidden  -I. -I/usr/local/include -D_FILE_OFFSET_BITS=64  -c -o cram/cram_encode.pico cram/cram_encode.c
gcc -std=gnu2x -g -O2 -fstack-protector-strong -Wformat -Werror=format-security -Wdate-time -D_FORTIFY_SOURCE=2 -g -fpic -fvisibility=hidden  -I. -I/usr/local/include -D_FILE_OFFSET_BITS=64  -c -o cram/cram_external.pico cram/cram_external.c
gcc -std=gnu2x -g -O2 -fstack-protector-strong -Wformat -Werror=format-security -Wdate-time -D_FORTIFY_SOURCE=2 -g -fpic -fvisibility=hidden  -I. -I/usr/local/include -D_FILE_OFFSET_BITS=64  -c -o cram/cram_index.pico cram/cram_index.c
gcc -std=gnu2x -g -O2 -fstack-protector-strong -Wformat -Werror=format-security -Wdate-time -D_FORTIFY_SOURCE=2 -g -fpic -fvisibility=hidden  -I. -I/usr/local/include -D_FILE_OFFSET_BITS=64  -c -o cram/cram_io.pico cram/cram_io.c
gcc -std=gnu2x -g -O2 -fstack-protector-strong -Wformat -Werror=format-security -Wdate-time -D_FORTIFY_SOURCE=2 -g -fpic -fvisibility=hidden  -I. -I/usr/local/include -D_FILE_OFFSET_BITS=64  -c -o cram/cram_stats.pico cram/cram_stats.c
gcc -std=gnu2x -g -O2 -fstack-protector-strong -Wformat -Werror=format-security -Wdate-time -D_FORTIFY_SOURCE=2 -g -fpic -fvisibility=hidden  -I. -I/usr/local/include -D_FILE_OFFSET_BITS=64  -c -o cram/mFILE.pico cram/mFILE.c
gcc -std=gnu2x -g -O2 -fstack-protector-strong -Wformat -Werror=format-security -Wdate-time -D_FORTIFY_SOURCE=2 -g -fpic -fvisibility=hidden  -I. -I/usr/local/include -D_FILE_OFFSET_BITS=64  -c -o cram/open_trace_file.pico cram/open_trace_file.c
gcc -std=gnu2x -g -O2 -fstack-protector-strong -Wformat -Werror=format-security -Wdate-time -D_FORTIFY_SOURCE=2 -g -fpic -fvisibility=hidden  -I. -I/usr/local/include -D_FILE_OFFSET_BITS=64  -c -o cram/pooled_alloc.pico cram/pooled_alloc.c
gcc -std=gnu2x -g -O2 -fstack-protector-strong -Wformat -Werror=format-security -Wdate-time -D_FORTIFY_SOURCE=2 -g -fpic -fvisibility=hidden  -I. -I/usr/local/include -D_FILE_OFFSET_BITS=64  -c -o cram/string_alloc.pico cram/string_alloc.c
gcc -std=gnu2x -g -O2 -fstack-protector-strong -Wformat -Werror=format-security -Wdate-time -D_FORTIFY_SOURCE=2 -g -fpic -fvisibility=hidden  -I. -I/usr/local/include -D_FILE_OFFSET_BITS=64  -c -o htscodecs/htscodecs/arith_dynamic.pico htscodecs/htscodecs/arith_dynamic.c
gcc -std=gnu2x -g -O2 -fstack-protector-strong -Wformat -Werror=format-security -Wdate-time -D_FORTIFY_SOURCE=2 -g -fpic -fvisibility=hidden  -I. -I/usr/local/include -D_FILE_OFFSET_BITS=64  -c -o htscodecs/htscodecs/fqzcomp_qual.pico htscodecs/htscodecs/fqzcomp_qual.c
gcc -std=gnu2x -g -O2 -fstack-protector-strong -Wformat -Werror=format-security -Wdate-time -D_FORTIFY_SOURCE=2 -g -fpic -fvisibility=hidden  -I. -I/usr/local/include -D_FILE_OFFSET_BITS=64  -c -o htscodecs/htscodecs/htscodecs.pico htscodecs/htscodecs/htscodecs.c
gcc -std=gnu2x -g -O2 -fstack-protector-strong -Wformat -Werror=format-security -Wdate-time -D_FORTIFY_SOURCE=2 -g -fpic -fvisibility=hidden  -I. -I/usr/local/include -D_FILE_OFFSET_BITS=64  -c -o htscodecs/htscodecs/pack.pico htscodecs/htscodecs/pack.c
gcc -std=gnu2x -g -O2 -fstack-protector-strong -Wformat -Werror=format-security -Wdate-time -D_FORTIFY_SOURCE=2 -g -fpic -fvisibility=hidden  -I. -I/usr/local/include -D_FILE_OFFSET_BITS=64  -c -o htscodecs/htscodecs/rANS_static4x16pr.pico htscodecs/htscodecs/rANS_static4x16pr.c
gcc -std=gnu2x -g -O2 -fstack-protector-strong -Wformat -Werror=format-security -Wdate-time -D_FORTIFY_SOURCE=2 -g -fpic -fvisibility=hidden  -I. -I/usr/local/include -D_FILE_OFFSET_BITS=64  -c -o htscodecs/htscodecs/rANS_static32x16pr_avx2.pico htscodecs/htscodecs/rANS_static32x16pr_avx2.c
gcc -std=gnu2x -g -O2 -fstack-protector-strong -Wformat -Werror=format-security -Wdate-time -D_FORTIFY_SOURCE=2 -g -fpic -fvisibility=hidden  -I. -I/usr/local/include -D_FILE_OFFSET_BITS=64  -c -o htscodecs/htscodecs/rANS_static32x16pr_avx512.pico htscodecs/htscodecs/rANS_static32x16pr_avx512.c
gcc -std=gnu2x -g -O2 -fstack-protector-strong -Wformat -Werror=format-security -Wdate-time -D_FORTIFY_SOURCE=2 -g -fpic -fvisibility=hidden  -I. -I/usr/local/include -D_FILE_OFFSET_BITS=64  -c -o htscodecs/htscodecs/rANS_static32x16pr_sse4.pico htscodecs/htscodecs/rANS_static32x16pr_sse4.c
gcc -std=gnu2x -g -O2 -fstack-protector-strong -Wformat -Werror=format-security -Wdate-time -D_FORTIFY_SOURCE=2 -g -fpic -fvisibility=hidden  -I. -I/usr/local/include -D_FILE_OFFSET_BITS=64  -c -o htscodecs/htscodecs/rANS_static32x16pr_neon.pico htscodecs/htscodecs/rANS_static32x16pr_neon.c
gcc -std=gnu2x -g -O2 -fstack-protector-strong -Wformat -Werror=format-security -Wdate-time -D_FORTIFY_SOURCE=2 -g -fpic -fvisibility=hidden  -I. -I/usr/local/include -D_FILE_OFFSET_BITS=64  -c -o htscodecs/htscodecs/rANS_static32x16pr.pico htscodecs/htscodecs/rANS_static32x16pr.c
gcc -std=gnu2x -g -O2 -fstack-protector-strong -Wformat -Werror=format-security -Wdate-time -D_FORTIFY_SOURCE=2 -g -fpic -fvisibility=hidden  -I. -I/usr/local/include -D_FILE_OFFSET_BITS=64  -c -o htscodecs/htscodecs/rANS_static.pico htscodecs/htscodecs/rANS_static.c
gcc -std=gnu2x -g -O2 -fstack-protector-strong -Wformat -Werror=format-security -Wdate-time -D_FORTIFY_SOURCE=2 -g -fpic -fvisibility=hidden  -I. -I/usr/local/include -D_FILE_OFFSET_BITS=64  -c -o htscodecs/htscodecs/rle.pico htscodecs/htscodecs/rle.c
gcc -std=gnu2x -g -O2 -fstack-protector-strong -Wformat -Werror=format-security -Wdate-time -D_FORTIFY_SOURCE=2 -g -fpic -fvisibility=hidden  -I. -I/usr/local/include -D_FILE_OFFSET_BITS=64  -c -o htscodecs/htscodecs/tokenise_name3.pico htscodecs/htscodecs/tokenise_name3.c
gcc -std=gnu2x -g -O2 -fstack-protector-strong -Wformat -Werror=format-security -Wdate-time -D_FORTIFY_SOURCE=2 -g -fpic -fvisibility=hidden  -I. -I/usr/local/include -D_FILE_OFFSET_BITS=64  -c -o htscodecs/htscodecs/utils.pico htscodecs/htscodecs/utils.c
gcc -std=gnu2x -g -O2 -fstack-protector-strong -Wformat -Werror=format-security -Wdate-time -D_FORTIFY_SOURCE=2 -g -fpic -fvisibility=hidden  -I. -I/usr/local/include -D_FILE_OFFSET_BITS=64  -c -o hfile_libcurl.pico hfile_libcurl.c
gcc -std=gnu2x -shared -Wl,-soname,libhts.so.3 -Wl,-version-script,htslib.map -L/usr/local/lib -fvisibility=hidden -o libhts.so kfunc.pico kstring.pico bcf_sr_sort.pico bgzf.pico errmod.pico faidx.pico header.pico hfile.pico hts.pico hts_expr.pico hts_os.pico md5.pico multipart.pico probaln.pico realn.pico regidx.pico region.pico sam.pico sam_mods.pico synced_bcf_reader.pico vcf_sweep.pico tbx.pico textutils.pico thread_pool.pico vcf.pico vcfutils.pico cram/cram_codecs.pico cram/cram_decode.pico cram/cram_encode.pico cram/cram_external.pico cram/cram_index.pico cram/cram_io.pico cram/cram_stats.pico cram/mFILE.pico cram/open_trace_file.pico cram/pooled_alloc.pico cram/string_alloc.pico htscodecs/htscodecs/arith_dynamic.pico htscodecs/htscodecs/fqzcomp_qual.pico htscodecs/htscodecs/htscodecs.pico htscodecs/htscodecs/pack.pico htscodecs/htscodecs/rANS_static4x16pr.pico htscodecs/htscodecs/rANS_static32x16pr_avx2.pico htscodecs/htscodecs/rANS_static32x16pr_avx512.pico htscodecs/htscodecs/rANS_static32x16pr_sse4.pico htscodecs/htscodecs/rANS_static32x16pr_neon.pico htscodecs/htscodecs/rANS_static32x16pr.pico htscodecs/htscodecs/rANS_static.pico htscodecs/htscodecs/rle.pico htscodecs/htscodecs/tokenise_name3.pico htscodecs/htscodecs/utils.pico hfile_libcurl.pico -lz -lm -lbz2 -llzma -lcurl -lpthread
ln -sf libhts.so libhts.so.3
make[1]: Leaving directory '/tmp/RtmpkFd5sf/R.INSTALL2d061308e29/Rhtslib/src/htslib-1.18'
mkdir -p "/usr/local/lib/R/site-library/Rhtslib/include/htslib"
cd "htslib-1.18/htslib" && cp * "/usr/local/lib/R/site-library/Rhtslib/include/htslib"
gcc -std=gnu2x -I"/usr/local/lib/R/include" -DNDEBUG -D_FILE_OFFSET_BITS=64 -I"/usr/local/lib/R/site-library/Rhtslib/include"  -I/usr/local/include    -fpic  -g -O2 -fstack-protector-strong -Wformat -Werror=format-security -Wdate-time -D_FORTIFY_SOURCE=2 -g  -c R_init_Rhtslib.c -o R_init_Rhtslib.o
mkdir -p "/usr/local/lib/R/site-library/Rhtslib/usrlib"
cd "htslib-1.18" && cp libhts.so libhts.a "/usr/local/lib/R/site-library/Rhtslib/usrlib"
cd "/usr/local/lib/R/site-library/Rhtslib/usrlib" && ln -s libhts.so libhts.so.2
gcc -std=gnu2x -shared -L/usr/local/lib/R/lib -L/usr/local/lib -o Rhtslib.so R_init_Rhtslib.o /usr/local/lib/R/site-library/Rhtslib/usrlib/libhts.a -lcurl -lbz2 -llzma -lz -L/usr/local/lib/R/lib -lR
mkdir -p "/usr/local/lib/R/site-library/Rhtslib/testdata/tabix"
cd "htslib-1.18/test" && (cp *.sam *.bam *.vcf *.bcf *.cram *.fa *.fa.fai *.gff *.bed "/usr/local/lib/R/site-library/Rhtslib/testdata" 2>/dev/null || true) && cd tabix && (cp *.sam *.bam *.vcf *.bcf *.cram *.fa *.fa.fai *.gff *.bed "/usr/local/lib/R/site-library/Rhtslib/testdata/tabix" 2>/dev/null || true)
installing to /usr/local/lib/R/site-library/Rhtslib/libs
** R
** inst
** byte-compile and prepare package for lazy loading
** help
*** installing help indices
** building package indices
** installing vignettes
** testing if installed package can be loaded
* creating tarball
packaged installation of ‘Rhtslib’ as ‘Rhtslib_3.4.0_R_x86_64-pc-linux-gnu.tar.gz’
* DONE (Rhtslib)
* installing *source* package ‘rjson’ ...
** this is package ‘rjson’ version ‘0.2.23’
** package ‘rjson’ successfully unpacked and MD5 sums checked
** using staged installation
** libs
using C compiler: ‘gcc (Ubuntu 13.3.0-6ubuntu2~24.04) 13.3.0’
using C++ compiler: ‘g++ (Ubuntu 13.3.0-6ubuntu2~24.04) 13.3.0’
g++ -std=gnu++17 -I"/usr/local/lib/R/include" -DNDEBUG   -I/usr/local/include    -fpic  -g -O2 -fstack-protector-strong -Wformat -Werror=format-security -Wdate-time -D_FORTIFY_SOURCE=2 -g   -c dump.cpp -o dump.o
gcc -std=gnu2x -I"/usr/local/lib/R/include" -DNDEBUG   -I/usr/local/include    -fpic  -g -O2 -fstack-protector-strong -Wformat -Werror=format-security -Wdate-time -D_FORTIFY_SOURCE=2 -g  -c parser.c -o parser.o
gcc -std=gnu2x -I"/usr/local/lib/R/include" -DNDEBUG   -I/usr/local/include    -fpic  -g -O2 -fstack-protector-strong -Wformat -Werror=format-security -Wdate-time -D_FORTIFY_SOURCE=2 -g  -c register.c -o register.o
g++ -std=gnu++17 -shared -L/usr/local/lib/R/lib -L/usr/local/lib -o rjson.so dump.o parser.o register.o -L/usr/local/lib/R/lib -lR
installing to /usr/local/lib/R/site-library/00LOCK-rjson/00new/rjson/libs
** R
** inst
** byte-compile and prepare package for lazy loading
** help
*** installing help indices
** building package indices
** installing vignettes
** testing if installed package can be loaded from temporary location
** checking absolute paths in shared objects and dynamic libraries
** testing if installed package can be loaded from final location
** testing if installed package keeps a record of temporary installation path
* creating tarball
packaged installation of ‘rjson’ as ‘rjson_0.2.23_R_x86_64-pc-linux-gnu.tar.gz’
* DONE (rjson)
* installing *source* package ‘farver’ ...
** this is package ‘farver’ version ‘2.1.2’
** package ‘farver’ successfully unpacked and MD5 sums checked
** using staged installation
** libs
using C++ compiler: ‘g++ (Ubuntu 13.3.0-6ubuntu2~24.04) 13.3.0’
g++ -std=gnu++17 -I"/usr/local/lib/R/include" -DNDEBUG   -I/usr/local/include    -fpic  -g -O2 -fstack-protector-strong -Wformat -Werror=format-security -Wdate-time -D_FORTIFY_SOURCE=2 -g   -c ColorSpace.cpp -o ColorSpace.o
g++ -std=gnu++17 -I"/usr/local/lib/R/include" -DNDEBUG   -I/usr/local/include    -fpic  -g -O2 -fstack-protector-strong -Wformat -Werror=format-security -Wdate-time -D_FORTIFY_SOURCE=2 -g   -c Comparison.cpp -o Comparison.o
g++ -std=gnu++17 -I"/usr/local/lib/R/include" -DNDEBUG   -I/usr/local/include    -fpic  -g -O2 -fstack-protector-strong -Wformat -Werror=format-security -Wdate-time -D_FORTIFY_SOURCE=2 -g   -c Conversion.cpp -o Conversion.o
g++ -std=gnu++17 -I"/usr/local/lib/R/include" -DNDEBUG   -I/usr/local/include    -fpic  -g -O2 -fstack-protector-strong -Wformat -Werror=format-security -Wdate-time -D_FORTIFY_SOURCE=2 -g   -c encode.cpp -o encode.o
g++ -std=gnu++17 -I"/usr/local/lib/R/include" -DNDEBUG   -I/usr/local/include    -fpic  -g -O2 -fstack-protector-strong -Wformat -Werror=format-security -Wdate-time -D_FORTIFY_SOURCE=2 -g   -c farver.cpp -o farver.o
g++ -std=gnu++17 -I"/usr/local/lib/R/include" -DNDEBUG   -I/usr/local/include    -fpic  -g -O2 -fstack-protector-strong -Wformat -Werror=format-security -Wdate-time -D_FORTIFY_SOURCE=2 -g   -c init.cpp -o init.o
g++ -std=gnu++17 -shared -L/usr/local/lib/R/lib -L/usr/local/lib -o farver.so ColorSpace.o Comparison.o Conversion.o encode.o farver.o init.o -L/usr/local/lib/R/lib -lR
installing to /usr/local/lib/R/site-library/00LOCK-farver/00new/farver/libs
** R
** byte-compile and prepare package for lazy loading
** help
*** installing help indices
*** copying figures
** building package indices
** testing if installed package can be loaded from temporary location
** checking absolute paths in shared objects and dynamic libraries
** testing if installed package can be loaded from final location
** testing if installed package keeps a record of temporary installation path
* creating tarball
packaged installation of ‘farver’ as ‘farver_2.1.2_R_x86_64-pc-linux-gnu.tar.gz’
* DONE (farver)
* installing *source* package ‘labeling’ ...
** this is package ‘labeling’ version ‘0.4.3’
** package ‘labeling’ successfully unpacked and MD5 sums checked
** using staged installation
** R
** byte-compile and prepare package for lazy loading
** help
*** installing help indices
** building package indices
** testing if installed package can be loaded from temporary location
** testing if installed package can be loaded from final location
** testing if installed package keeps a record of temporary installation path
* creating tarball
packaged installation of ‘labeling’ as ‘labeling_0.4.3_R_x86_64-pc-linux-gnu.tar.gz’
* DONE (labeling)
* installing *source* package ‘viridisLite’ ...
** this is package ‘viridisLite’ version ‘0.4.2’
** package ‘viridisLite’ successfully unpacked and MD5 sums checked
** using staged installation
** R
** inst
** byte-compile and prepare package for lazy loading
** help
*** installing help indices
*** copying figures
** building package indices
** testing if installed package can be loaded from temporary location
** testing if installed package can be loaded from final location
** testing if installed package keeps a record of temporary installation path
* creating tarball
packaged installation of ‘viridisLite’ as ‘viridisLite_0.4.2_R_x86_64-pc-linux-gnu.tar.gz’
* DONE (viridisLite)
* installing *source* package ‘tidyselect’ ...
** this is package ‘tidyselect’ version ‘1.2.1’
** package ‘tidyselect’ successfully unpacked and MD5 sums checked
** using staged installation
** R
** inst
** byte-compile and prepare package for lazy loading
** help
*** installing help indices
** building package indices
** installing vignettes
** testing if installed package can be loaded from temporary location
** testing if installed package can be loaded from final location
** testing if installed package keeps a record of temporary installation path
* creating tarball
packaged installation of ‘tidyselect’ as ‘tidyselect_1.2.1_R_x86_64-pc-linux-gnu.tar.gz’
* DONE (tidyselect)
* installing *source* package ‘lazyeval’ ...
** this is package ‘lazyeval’ version ‘0.2.2’
** package ‘lazyeval’ successfully unpacked and MD5 sums checked
** using staged installation
** libs
using C compiler: ‘gcc (Ubuntu 13.3.0-6ubuntu2~24.04) 13.3.0’
gcc -std=gnu2x -I"/usr/local/lib/R/include" -DNDEBUG   -I/usr/local/include    -fpic  -g -O2 -fstack-protector-strong -Wformat -Werror=format-security -Wdate-time -D_FORTIFY_SOURCE=2 -g  -c expr.c -o expr.o
gcc -std=gnu2x -I"/usr/local/lib/R/include" -DNDEBUG   -I/usr/local/include    -fpic  -g -O2 -fstack-protector-strong -Wformat -Werror=format-security -Wdate-time -D_FORTIFY_SOURCE=2 -g  -c init.c -o init.o
gcc -std=gnu2x -I"/usr/local/lib/R/include" -DNDEBUG   -I/usr/local/include    -fpic  -g -O2 -fstack-protector-strong -Wformat -Werror=format-security -Wdate-time -D_FORTIFY_SOURCE=2 -g  -c interp.c -o interp.o
gcc -std=gnu2x -I"/usr/local/lib/R/include" -DNDEBUG   -I/usr/local/include    -fpic  -g -O2 -fstack-protector-strong -Wformat -Werror=format-security -Wdate-time -D_FORTIFY_SOURCE=2 -g  -c lazy.c -o lazy.o
gcc -std=gnu2x -I"/usr/local/lib/R/include" -DNDEBUG   -I/usr/local/include    -fpic  -g -O2 -fstack-protector-strong -Wformat -Werror=format-security -Wdate-time -D_FORTIFY_SOURCE=2 -g  -c name.c -o name.o
gcc -std=gnu2x -I"/usr/local/lib/R/include" -DNDEBUG   -I/usr/local/include    -fpic  -g -O2 -fstack-protector-strong -Wformat -Werror=format-security -Wdate-time -D_FORTIFY_SOURCE=2 -g  -c utils.c -o utils.o
gcc -std=gnu2x -shared -L/usr/local/lib/R/lib -L/usr/local/lib -o lazyeval.so expr.o init.o interp.o lazy.o name.o utils.o -L/usr/local/lib/R/lib -lR
installing to /usr/local/lib/R/site-library/00LOCK-lazyeval/00new/lazyeval/libs
** R
** inst
** byte-compile and prepare package for lazy loading
** help
*** installing help indices
** building package indices
** installing vignettes
** testing if installed package can be loaded from temporary location
** checking absolute paths in shared objects and dynamic libraries
** testing if installed package can be loaded from final location
** testing if installed package keeps a record of temporary installation path
* creating tarball
packaged installation of ‘lazyeval’ as ‘lazyeval_0.2.2_R_x86_64-pc-linux-gnu.tar.gz’
* DONE (lazyeval)
* installing *source* package ‘snow’ ...
** this is package ‘snow’ version ‘0.4-4’
** package ‘snow’ successfully unpacked and MD5 sums checked
** using staged installation
** R
** inst
** byte-compile and prepare package for lazy loading
** help
*** installing help indices
** building package indices
** testing if installed package can be loaded from temporary location
** testing if installed package can be loaded from final location
** testing if installed package keeps a record of temporary installation path
* creating tarball
packaged installation of ‘snow’ as ‘snow_0.4-4_R_x86_64-pc-linux-gnu.tar.gz’
* DONE (snow)
* installing *source* package ‘BH’ ...
** this is package ‘BH’ version ‘1.87.0-1’
** package ‘BH’ successfully unpacked and MD5 sums checked
** using staged installation
** inst
** help
*** installing help indices
** building package indices
** testing if installed package can be loaded from temporary location
** testing if installed package can be loaded from final location
** testing if installed package keeps a record of temporary installation path
* creating tarball
packaged installation of ‘BH’ as ‘BH_1.87.0-1_R_x86_64-pc-linux-gnu.tar.gz’
* DONE (BH)
* installing *source* package ‘XML’ ...
** this is package ‘XML’ version ‘3.99-0.18’
** package ‘XML’ successfully unpacked and MD5 sums checked
** using staged installation
checking for gcc... gcc -std=gnu2x
checking whether the C compiler works... yes
checking for C compiler default output file name... a.out
checking for suffix of executables... 
checking whether we are cross compiling... no
checking for suffix of object files... o
checking whether the compiler supports GNU C... yes
checking whether gcc -std=gnu2x accepts -g... yes
checking for gcc -std=gnu2x option to enable C11 features... none needed
checking how to run the C preprocessor... gcc -std=gnu2x -E
checking for sed... /usr/bin/sed
checking for pkg-config... /usr/bin/pkg-config
checking for xml2-config... /usr/bin/xml2-config
USE_XML2 = yes
SED_EXTENDED_ARG: -E
Minor 9, Patch 14 for 2.9.14
Located parser file -I/usr/include/libxml2/parser.h
Checking for 1.8:  -I/usr/include/libxml2
Using libxml2.*
checking for gzopen in -lz... yes
checking for xmlParseFile in -lxml2... yes
checking for xmlHashSize in -lxml2... yes
Using built-in xmlHashSize
Checking DTD parsing (presence of externalSubset)...
checking for xmlHashSize in -lxml2... (cached) yes
Found xmlHashSize
checking for xmlOutputBufferCreateBuffer in -lxml2... yes
have xmlOutputBufferCreateBuffer()
checking for xmlDocDumpFormatMemoryEnc in -lxml2... yes
checking for libxml/xmlversion.h... yes
Expat:  FALSE
Checking for return type of xmlHashScan element routine.
No return value for xmlHashScan
xmlNs has a context field
Checking for cetype_t enumeration
Using recent version of R with cetype_t enumeration type for encoding
checking for xmlsec1-config... no
nodegc default 
xml-debug default 
Version has XML_WITH_ZLIB
Version has xmlHasFeature()

****************************************
Configuration information:

Libxml settings

libxml include directory: -I/usr/include/libxml2
libxml library directory: -lxml2 -lz  -lxml2
libxml 2:                 -DLIBXML2=1

Compilation flags:         -DLIBXML -I/usr/include/libxml2 -DUSE_EXTERNAL_SUBSET=1 -DROOT_HAS_DTD_NODE=1 -DDUMP_WITH_ENCODING=1 -DUSE_XML_VERSION_H=1 -DXML_ELEMENT_ETYPE=1 -DXML_ATTRIBUTE_ATYPE=1 -DNO_XML_HASH_SCANNER_RETURN=1 -DLIBXML_NAMESPACE_HAS_CONTEXT=1 -DHAVE_R_CETYPE_T=1 -DHAVE_XML_WITH_ZLIB=1 -DHAVE_XML_HAS_FEATURE=1 -DUSE_R=1 -D_R_=1  -DHAVE_VALIDITY=1 -DXML_REF_COUNT_NODES=1 
Link flags:               -lxml2 -lz  -lxml2

****************************************
configure: creating ./config.status
config.status: creating src/Makevars
config.status: creating R/supports.R
config.status: creating inst/scripts/RSXML.csh
config.status: creating inst/scripts/RSXML.bsh
** libs
using C compiler: ‘gcc (Ubuntu 13.3.0-6ubuntu2~24.04) 13.3.0’
gcc -std=gnu2x -I"/usr/local/lib/R/include" -DNDEBUG -DLIBXML -I/usr/include/libxml2 -DUSE_EXTERNAL_SUBSET=1 -DROOT_HAS_DTD_NODE=1 -DDUMP_WITH_ENCODING=1 -DUSE_XML_VERSION_H=1 -DXML_ELEMENT_ETYPE=1 -DXML_ATTRIBUTE_ATYPE=1 -DNO_XML_HASH_SCANNER_RETURN=1 -DLIBXML_NAMESPACE_HAS_CONTEXT=1 -DHAVE_R_CETYPE_T=1 -DHAVE_XML_WITH_ZLIB=1 -DHAVE_XML_HAS_FEATURE=1 -DUSE_R=1 -D_R_=1  -DHAVE_VALIDITY=1 -DXML_REF_COUNT_NODES=1  -I. -DLIBXML2=1  -I/usr/local/include    -fpic  -g -O2 -fstack-protector-strong -Wformat -Werror=format-security -Wdate-time -D_FORTIFY_SOURCE=2 -g  -c DocParse.c -o DocParse.o
gcc -std=gnu2x -I"/usr/local/lib/R/include" -DNDEBUG -DLIBXML -I/usr/include/libxml2 -DUSE_EXTERNAL_SUBSET=1 -DROOT_HAS_DTD_NODE=1 -DDUMP_WITH_ENCODING=1 -DUSE_XML_VERSION_H=1 -DXML_ELEMENT_ETYPE=1 -DXML_ATTRIBUTE_ATYPE=1 -DNO_XML_HASH_SCANNER_RETURN=1 -DLIBXML_NAMESPACE_HAS_CONTEXT=1 -DHAVE_R_CETYPE_T=1 -DHAVE_XML_WITH_ZLIB=1 -DHAVE_XML_HAS_FEATURE=1 -DUSE_R=1 -D_R_=1  -DHAVE_VALIDITY=1 -DXML_REF_COUNT_NODES=1  -I. -DLIBXML2=1  -I/usr/local/include    -fpic  -g -O2 -fstack-protector-strong -Wformat -Werror=format-security -Wdate-time -D_FORTIFY_SOURCE=2 -g  -c EventParse.c -o EventParse.o
gcc -std=gnu2x -I"/usr/local/lib/R/include" -DNDEBUG -DLIBXML -I/usr/include/libxml2 -DUSE_EXTERNAL_SUBSET=1 -DROOT_HAS_DTD_NODE=1 -DDUMP_WITH_ENCODING=1 -DUSE_XML_VERSION_H=1 -DXML_ELEMENT_ETYPE=1 -DXML_ATTRIBUTE_ATYPE=1 -DNO_XML_HASH_SCANNER_RETURN=1 -DLIBXML_NAMESPACE_HAS_CONTEXT=1 -DHAVE_R_CETYPE_T=1 -DHAVE_XML_WITH_ZLIB=1 -DHAVE_XML_HAS_FEATURE=1 -DUSE_R=1 -D_R_=1  -DHAVE_VALIDITY=1 -DXML_REF_COUNT_NODES=1  -I. -DLIBXML2=1  -I/usr/local/include    -fpic  -g -O2 -fstack-protector-strong -Wformat -Werror=format-security -Wdate-time -D_FORTIFY_SOURCE=2 -g  -c ExpatParse.c -o ExpatParse.o
gcc -std=gnu2x -I"/usr/local/lib/R/include" -DNDEBUG -DLIBXML -I/usr/include/libxml2 -DUSE_EXTERNAL_SUBSET=1 -DROOT_HAS_DTD_NODE=1 -DDUMP_WITH_ENCODING=1 -DUSE_XML_VERSION_H=1 -DXML_ELEMENT_ETYPE=1 -DXML_ATTRIBUTE_ATYPE=1 -DNO_XML_HASH_SCANNER_RETURN=1 -DLIBXML_NAMESPACE_HAS_CONTEXT=1 -DHAVE_R_CETYPE_T=1 -DHAVE_XML_WITH_ZLIB=1 -DHAVE_XML_HAS_FEATURE=1 -DUSE_R=1 -D_R_=1  -DHAVE_VALIDITY=1 -DXML_REF_COUNT_NODES=1  -I. -DLIBXML2=1  -I/usr/local/include    -fpic  -g -O2 -fstack-protector-strong -Wformat -Werror=format-security -Wdate-time -D_FORTIFY_SOURCE=2 -g  -c HTMLParse.c -o HTMLParse.o
gcc -std=gnu2x -I"/usr/local/lib/R/include" -DNDEBUG -DLIBXML -I/usr/include/libxml2 -DUSE_EXTERNAL_SUBSET=1 -DROOT_HAS_DTD_NODE=1 -DDUMP_WITH_ENCODING=1 -DUSE_XML_VERSION_H=1 -DXML_ELEMENT_ETYPE=1 -DXML_ATTRIBUTE_ATYPE=1 -DNO_XML_HASH_SCANNER_RETURN=1 -DLIBXML_NAMESPACE_HAS_CONTEXT=1 -DHAVE_R_CETYPE_T=1 -DHAVE_XML_WITH_ZLIB=1 -DHAVE_XML_HAS_FEATURE=1 -DUSE_R=1 -D_R_=1  -DHAVE_VALIDITY=1 -DXML_REF_COUNT_NODES=1  -I. -DLIBXML2=1  -I/usr/local/include    -fpic  -g -O2 -fstack-protector-strong -Wformat -Werror=format-security -Wdate-time -D_FORTIFY_SOURCE=2 -g  -c NodeGC.c -o NodeGC.o
gcc -std=gnu2x -I"/usr/local/lib/R/include" -DNDEBUG -DLIBXML -I/usr/include/libxml2 -DUSE_EXTERNAL_SUBSET=1 -DROOT_HAS_DTD_NODE=1 -DDUMP_WITH_ENCODING=1 -DUSE_XML_VERSION_H=1 -DXML_ELEMENT_ETYPE=1 -DXML_ATTRIBUTE_ATYPE=1 -DNO_XML_HASH_SCANNER_RETURN=1 -DLIBXML_NAMESPACE_HAS_CONTEXT=1 -DHAVE_R_CETYPE_T=1 -DHAVE_XML_WITH_ZLIB=1 -DHAVE_XML_HAS_FEATURE=1 -DUSE_R=1 -D_R_=1  -DHAVE_VALIDITY=1 -DXML_REF_COUNT_NODES=1  -I. -DLIBXML2=1  -I/usr/local/include    -fpic  -g -O2 -fstack-protector-strong -Wformat -Werror=format-security -Wdate-time -D_FORTIFY_SOURCE=2 -g  -c RSDTD.c -o RSDTD.o
gcc -std=gnu2x -I"/usr/local/lib/R/include" -DNDEBUG -DLIBXML -I/usr/include/libxml2 -DUSE_EXTERNAL_SUBSET=1 -DROOT_HAS_DTD_NODE=1 -DDUMP_WITH_ENCODING=1 -DUSE_XML_VERSION_H=1 -DXML_ELEMENT_ETYPE=1 -DXML_ATTRIBUTE_ATYPE=1 -DNO_XML_HASH_SCANNER_RETURN=1 -DLIBXML_NAMESPACE_HAS_CONTEXT=1 -DHAVE_R_CETYPE_T=1 -DHAVE_XML_WITH_ZLIB=1 -DHAVE_XML_HAS_FEATURE=1 -DUSE_R=1 -D_R_=1  -DHAVE_VALIDITY=1 -DXML_REF_COUNT_NODES=1  -I. -DLIBXML2=1  -I/usr/local/include    -fpic  -g -O2 -fstack-protector-strong -Wformat -Werror=format-security -Wdate-time -D_FORTIFY_SOURCE=2 -g  -c RUtils.c -o RUtils.o
gcc -std=gnu2x -I"/usr/local/lib/R/include" -DNDEBUG -DLIBXML -I/usr/include/libxml2 -DUSE_EXTERNAL_SUBSET=1 -DROOT_HAS_DTD_NODE=1 -DDUMP_WITH_ENCODING=1 -DUSE_XML_VERSION_H=1 -DXML_ELEMENT_ETYPE=1 -DXML_ATTRIBUTE_ATYPE=1 -DNO_XML_HASH_SCANNER_RETURN=1 -DLIBXML_NAMESPACE_HAS_CONTEXT=1 -DHAVE_R_CETYPE_T=1 -DHAVE_XML_WITH_ZLIB=1 -DHAVE_XML_HAS_FEATURE=1 -DUSE_R=1 -D_R_=1  -DHAVE_VALIDITY=1 -DXML_REF_COUNT_NODES=1  -I. -DLIBXML2=1  -I/usr/local/include    -fpic  -g -O2 -fstack-protector-strong -Wformat -Werror=format-security -Wdate-time -D_FORTIFY_SOURCE=2 -g  -c Rcatalog.c -o Rcatalog.o
gcc -std=gnu2x -I"/usr/local/lib/R/include" -DNDEBUG -DLIBXML -I/usr/include/libxml2 -DUSE_EXTERNAL_SUBSET=1 -DROOT_HAS_DTD_NODE=1 -DDUMP_WITH_ENCODING=1 -DUSE_XML_VERSION_H=1 -DXML_ELEMENT_ETYPE=1 -DXML_ATTRIBUTE_ATYPE=1 -DNO_XML_HASH_SCANNER_RETURN=1 -DLIBXML_NAMESPACE_HAS_CONTEXT=1 -DHAVE_R_CETYPE_T=1 -DHAVE_XML_WITH_ZLIB=1 -DHAVE_XML_HAS_FEATURE=1 -DUSE_R=1 -D_R_=1  -DHAVE_VALIDITY=1 -DXML_REF_COUNT_NODES=1  -I. -DLIBXML2=1  -I/usr/local/include    -fpic  -g -O2 -fstack-protector-strong -Wformat -Werror=format-security -Wdate-time -D_FORTIFY_SOURCE=2 -g  -c Utils.c -o Utils.o
gcc -std=gnu2x -I"/usr/local/lib/R/include" -DNDEBUG -DLIBXML -I/usr/include/libxml2 -DUSE_EXTERNAL_SUBSET=1 -DROOT_HAS_DTD_NODE=1 -DDUMP_WITH_ENCODING=1 -DUSE_XML_VERSION_H=1 -DXML_ELEMENT_ETYPE=1 -DXML_ATTRIBUTE_ATYPE=1 -DNO_XML_HASH_SCANNER_RETURN=1 -DLIBXML_NAMESPACE_HAS_CONTEXT=1 -DHAVE_R_CETYPE_T=1 -DHAVE_XML_WITH_ZLIB=1 -DHAVE_XML_HAS_FEATURE=1 -DUSE_R=1 -D_R_=1  -DHAVE_VALIDITY=1 -DXML_REF_COUNT_NODES=1  -I. -DLIBXML2=1  -I/usr/local/include    -fpic  -g -O2 -fstack-protector-strong -Wformat -Werror=format-security -Wdate-time -D_FORTIFY_SOURCE=2 -g  -c XMLEventParse.c -o XMLEventParse.o
gcc -std=gnu2x -I"/usr/local/lib/R/include" -DNDEBUG -DLIBXML -I/usr/include/libxml2 -DUSE_EXTERNAL_SUBSET=1 -DROOT_HAS_DTD_NODE=1 -DDUMP_WITH_ENCODING=1 -DUSE_XML_VERSION_H=1 -DXML_ELEMENT_ETYPE=1 -DXML_ATTRIBUTE_ATYPE=1 -DNO_XML_HASH_SCANNER_RETURN=1 -DLIBXML_NAMESPACE_HAS_CONTEXT=1 -DHAVE_R_CETYPE_T=1 -DHAVE_XML_WITH_ZLIB=1 -DHAVE_XML_HAS_FEATURE=1 -DUSE_R=1 -D_R_=1  -DHAVE_VALIDITY=1 -DXML_REF_COUNT_NODES=1  -I. -DLIBXML2=1  -I/usr/local/include    -fpic  -g -O2 -fstack-protector-strong -Wformat -Werror=format-security -Wdate-time -D_FORTIFY_SOURCE=2 -g  -c XMLHashTree.c -o XMLHashTree.o
gcc -std=gnu2x -I"/usr/local/lib/R/include" -DNDEBUG -DLIBXML -I/usr/include/libxml2 -DUSE_EXTERNAL_SUBSET=1 -DROOT_HAS_DTD_NODE=1 -DDUMP_WITH_ENCODING=1 -DUSE_XML_VERSION_H=1 -DXML_ELEMENT_ETYPE=1 -DXML_ATTRIBUTE_ATYPE=1 -DNO_XML_HASH_SCANNER_RETURN=1 -DLIBXML_NAMESPACE_HAS_CONTEXT=1 -DHAVE_R_CETYPE_T=1 -DHAVE_XML_WITH_ZLIB=1 -DHAVE_XML_HAS_FEATURE=1 -DUSE_R=1 -D_R_=1  -DHAVE_VALIDITY=1 -DXML_REF_COUNT_NODES=1  -I. -DLIBXML2=1  -I/usr/local/include    -fpic  -g -O2 -fstack-protector-strong -Wformat -Werror=format-security -Wdate-time -D_FORTIFY_SOURCE=2 -g  -c XMLTree.c -o XMLTree.o
gcc -std=gnu2x -I"/usr/local/lib/R/include" -DNDEBUG -DLIBXML -I/usr/include/libxml2 -DUSE_EXTERNAL_SUBSET=1 -DROOT_HAS_DTD_NODE=1 -DDUMP_WITH_ENCODING=1 -DUSE_XML_VERSION_H=1 -DXML_ELEMENT_ETYPE=1 -DXML_ATTRIBUTE_ATYPE=1 -DNO_XML_HASH_SCANNER_RETURN=1 -DLIBXML_NAMESPACE_HAS_CONTEXT=1 -DHAVE_R_CETYPE_T=1 -DHAVE_XML_WITH_ZLIB=1 -DHAVE_XML_HAS_FEATURE=1 -DUSE_R=1 -D_R_=1  -DHAVE_VALIDITY=1 -DXML_REF_COUNT_NODES=1  -I. -DLIBXML2=1  -I/usr/local/include    -fpic  -g -O2 -fstack-protector-strong -Wformat -Werror=format-security -Wdate-time -D_FORTIFY_SOURCE=2 -g  -c fixNS.c -o fixNS.o
gcc -std=gnu2x -I"/usr/local/lib/R/include" -DNDEBUG -DLIBXML -I/usr/include/libxml2 -DUSE_EXTERNAL_SUBSET=1 -DROOT_HAS_DTD_NODE=1 -DDUMP_WITH_ENCODING=1 -DUSE_XML_VERSION_H=1 -DXML_ELEMENT_ETYPE=1 -DXML_ATTRIBUTE_ATYPE=1 -DNO_XML_HASH_SCANNER_RETURN=1 -DLIBXML_NAMESPACE_HAS_CONTEXT=1 -DHAVE_R_CETYPE_T=1 -DHAVE_XML_WITH_ZLIB=1 -DHAVE_XML_HAS_FEATURE=1 -DUSE_R=1 -D_R_=1  -DHAVE_VALIDITY=1 -DXML_REF_COUNT_NODES=1  -I. -DLIBXML2=1  -I/usr/local/include    -fpic  -g -O2 -fstack-protector-strong -Wformat -Werror=format-security -Wdate-time -D_FORTIFY_SOURCE=2 -g  -c libxmlFeatures.c -o libxmlFeatures.o
gcc -std=gnu2x -I"/usr/local/lib/R/include" -DNDEBUG -DLIBXML -I/usr/include/libxml2 -DUSE_EXTERNAL_SUBSET=1 -DROOT_HAS_DTD_NODE=1 -DDUMP_WITH_ENCODING=1 -DUSE_XML_VERSION_H=1 -DXML_ELEMENT_ETYPE=1 -DXML_ATTRIBUTE_ATYPE=1 -DNO_XML_HASH_SCANNER_RETURN=1 -DLIBXML_NAMESPACE_HAS_CONTEXT=1 -DHAVE_R_CETYPE_T=1 -DHAVE_XML_WITH_ZLIB=1 -DHAVE_XML_HAS_FEATURE=1 -DUSE_R=1 -D_R_=1  -DHAVE_VALIDITY=1 -DXML_REF_COUNT_NODES=1  -I. -DLIBXML2=1  -I/usr/local/include    -fpic  -g -O2 -fstack-protector-strong -Wformat -Werror=format-security -Wdate-time -D_FORTIFY_SOURCE=2 -g  -c schema.c -o schema.o
gcc -std=gnu2x -I"/usr/local/lib/R/include" -DNDEBUG -DLIBXML -I/usr/include/libxml2 -DUSE_EXTERNAL_SUBSET=1 -DROOT_HAS_DTD_NODE=1 -DDUMP_WITH_ENCODING=1 -DUSE_XML_VERSION_H=1 -DXML_ELEMENT_ETYPE=1 -DXML_ATTRIBUTE_ATYPE=1 -DNO_XML_HASH_SCANNER_RETURN=1 -DLIBXML_NAMESPACE_HAS_CONTEXT=1 -DHAVE_R_CETYPE_T=1 -DHAVE_XML_WITH_ZLIB=1 -DHAVE_XML_HAS_FEATURE=1 -DUSE_R=1 -D_R_=1  -DHAVE_VALIDITY=1 -DXML_REF_COUNT_NODES=1  -I. -DLIBXML2=1  -I/usr/local/include    -fpic  -g -O2 -fstack-protector-strong -Wformat -Werror=format-security -Wdate-time -D_FORTIFY_SOURCE=2 -g  -c xmlsecurity.c -o xmlsecurity.o
gcc -std=gnu2x -I"/usr/local/lib/R/include" -DNDEBUG -DLIBXML -I/usr/include/libxml2 -DUSE_EXTERNAL_SUBSET=1 -DROOT_HAS_DTD_NODE=1 -DDUMP_WITH_ENCODING=1 -DUSE_XML_VERSION_H=1 -DXML_ELEMENT_ETYPE=1 -DXML_ATTRIBUTE_ATYPE=1 -DNO_XML_HASH_SCANNER_RETURN=1 -DLIBXML_NAMESPACE_HAS_CONTEXT=1 -DHAVE_R_CETYPE_T=1 -DHAVE_XML_WITH_ZLIB=1 -DHAVE_XML_HAS_FEATURE=1 -DUSE_R=1 -D_R_=1  -DHAVE_VALIDITY=1 -DXML_REF_COUNT_NODES=1  -I. -DLIBXML2=1  -I/usr/local/include    -fpic  -g -O2 -fstack-protector-strong -Wformat -Werror=format-security -Wdate-time -D_FORTIFY_SOURCE=2 -g  -c xpath.c -o xpath.o
gcc -std=gnu2x -shared -L/usr/local/lib/R/lib -L/usr/local/lib -o XML.so DocParse.o EventParse.o ExpatParse.o HTMLParse.o NodeGC.o RSDTD.o RUtils.o Rcatalog.o Utils.o XMLEventParse.o XMLHashTree.o XMLTree.o fixNS.o libxmlFeatures.o schema.o xmlsecurity.o xpath.o -lxml2 -lz -lxml2 -L/usr/local/lib/R/lib -lR
installing to /usr/local/lib/R/site-library/00LOCK-XML/00new/XML/libs
** R
** inst
** byte-compile and prepare package for lazy loading
Creating a generic function for ‘source’ from package ‘base’ in package ‘XML’
in method for ‘xmlAttrsToDataFrame’ with signature ‘"AsIs"’: no definition for class “AsIs”
in method for ‘readKeyValueDB’ with signature ‘"AsIs"’: no definition for class “AsIs”
in method for ‘readSolrDoc’ with signature ‘"AsIs"’: no definition for class “AsIs”
** help
*** installing help indices
** building package indices
** testing if installed package can be loaded from temporary location
** checking absolute paths in shared objects and dynamic libraries
** testing if installed package can be loaded from final location
** testing if installed package keeps a record of temporary installation path
* creating tarball
packaged installation of ‘XML’ as ‘XML_3.99-0.18_R_x86_64-pc-linux-gnu.tar.gz’
* DONE (XML)
* installing *source* package ‘httr’ ...
** this is package ‘httr’ version ‘1.4.7’
** package ‘httr’ successfully unpacked and MD5 sums checked
** using staged installation
** R
** demo
** inst
** byte-compile and prepare package for lazy loading
** help
*** installing help indices
** building package indices
** installing vignettes
** testing if installed package can be loaded from temporary location
** testing if installed package can be loaded from final location
** testing if installed package keeps a record of temporary installation path
* creating tarball
packaged installation of ‘httr’ as ‘httr_1.4.7_R_x86_64-pc-linux-gnu.tar.gz’
* DONE (httr)
* installing *source* package ‘gtable’ ...
** this is package ‘gtable’ version ‘0.3.6’
** package ‘gtable’ successfully unpacked and MD5 sums checked
** using staged installation
** R
** inst
** byte-compile and prepare package for lazy loading
** help
*** installing help indices
*** copying figures
** building package indices
** installing vignettes
** testing if installed package can be loaded from temporary location
** testing if installed package can be loaded from final location
** testing if installed package keeps a record of temporary installation path
* creating tarball
packaged installation of ‘gtable’ as ‘gtable_0.3.6_R_x86_64-pc-linux-gnu.tar.gz’
* DONE (gtable)
* installing *source* package ‘isoband’ ...
** this is package ‘isoband’ version ‘0.2.7’
** package ‘isoband’ successfully unpacked and MD5 sums checked
** using staged installation
** libs
using C++ compiler: ‘g++ (Ubuntu 13.3.0-6ubuntu2~24.04) 13.3.0’
using C++11
g++ -std=gnu++11 -I"/usr/local/lib/R/include" -DNDEBUG   -I/usr/local/include    -fpic  -g -O2 -fstack-protector-strong -Wformat -Werror=format-security -Wdate-time -D_FORTIFY_SOURCE=2 -g   -c clip-lines.cpp -o clip-lines.o
g++ -std=gnu++11 -I"/usr/local/lib/R/include" -DNDEBUG   -I/usr/local/include    -fpic  -g -O2 -fstack-protector-strong -Wformat -Werror=format-security -Wdate-time -D_FORTIFY_SOURCE=2 -g   -c init.cpp -o init.o
g++ -std=gnu++11 -I"/usr/local/lib/R/include" -DNDEBUG   -I/usr/local/include    -fpic  -g -O2 -fstack-protector-strong -Wformat -Werror=format-security -Wdate-time -D_FORTIFY_SOURCE=2 -g   -c isoband.cpp -o isoband.o
g++ -std=gnu++11 -I"/usr/local/lib/R/include" -DNDEBUG   -I/usr/local/include    -fpic  -g -O2 -fstack-protector-strong -Wformat -Werror=format-security -Wdate-time -D_FORTIFY_SOURCE=2 -g   -c polygon.cpp -o polygon.o
g++ -std=gnu++11 -I"/usr/local/lib/R/include" -DNDEBUG   -I/usr/local/include    -fpic  -g -O2 -fstack-protector-strong -Wformat -Werror=format-security -Wdate-time -D_FORTIFY_SOURCE=2 -g   -c separate-polygons.cpp -o separate-polygons.o
g++ -std=gnu++11 -I"/usr/local/lib/R/include" -DNDEBUG   -I/usr/local/include    -fpic  -g -O2 -fstack-protector-strong -Wformat -Werror=format-security -Wdate-time -D_FORTIFY_SOURCE=2 -g   -c test-clip-lines.cpp -o test-clip-lines.o
g++ -std=gnu++11 -I"/usr/local/lib/R/include" -DNDEBUG   -I/usr/local/include    -fpic  -g -O2 -fstack-protector-strong -Wformat -Werror=format-security -Wdate-time -D_FORTIFY_SOURCE=2 -g   -c test-runner.cpp -o test-runner.o
g++ -std=gnu++11 -I"/usr/local/lib/R/include" -DNDEBUG   -I/usr/local/include    -fpic  -g -O2 -fstack-protector-strong -Wformat -Werror=format-security -Wdate-time -D_FORTIFY_SOURCE=2 -g   -c test-separate-polygons.cpp -o test-separate-polygons.o
g++ -std=gnu++11 -shared -L/usr/local/lib/R/lib -L/usr/local/lib -o isoband.so clip-lines.o init.o isoband.o polygon.o separate-polygons.o test-clip-lines.o test-runner.o test-separate-polygons.o -L/usr/local/lib/R/lib -lR
installing to /usr/local/lib/R/site-library/00LOCK-isoband/00new/isoband/libs
** R
** inst
** byte-compile and prepare package for lazy loading
** help
*** installing help indices
*** copying figures
** building package indices
** installing vignettes
** testing if installed package can be loaded from temporary location
** checking absolute paths in shared objects and dynamic libraries
** testing if installed package can be loaded from final location
** testing if installed package keeps a record of temporary installation path
* creating tarball
packaged installation of ‘isoband’ as ‘isoband_0.2.7_R_x86_64-pc-linux-gnu.tar.gz’
* DONE (isoband)
* installing *source* package ‘bookdown’ ...
** this is package ‘bookdown’ version ‘0.43’
** package ‘bookdown’ successfully unpacked and MD5 sums checked
** using staged installation
** R
** inst
** byte-compile and prepare package for lazy loading
** help
*** installing help indices
*** copying figures
** building package indices
** installing vignettes
** testing if installed package can be loaded from temporary location
** testing if installed package can be loaded from final location
** testing if installed package keeps a record of temporary installation path
* creating tarball
packaged installation of ‘bookdown’ as ‘bookdown_0.43_R_x86_64-pc-linux-gnu.tar.gz’
* DONE (bookdown)
* installing *source* package ‘ape’ ...
** this is package ‘ape’ version ‘5.8-1’
** package ‘ape’ successfully unpacked and MD5 sums checked
** using staged installation
** libs
using C compiler: ‘gcc (Ubuntu 13.3.0-6ubuntu2~24.04) 13.3.0’
using C++ compiler: ‘g++ (Ubuntu 13.3.0-6ubuntu2~24.04) 13.3.0’
gcc -std=gnu2x -I"/usr/local/lib/R/include" -DNDEBUG  -I'/usr/local/lib/R/site-library/Rcpp/include' -I/usr/local/include    -fpic  -g -O2 -fstack-protector-strong -Wformat -Werror=format-security -Wdate-time -D_FORTIFY_SOURCE=2 -g  -c BIONJ.c -o BIONJ.o
gcc -std=gnu2x -I"/usr/local/lib/R/include" -DNDEBUG  -I'/usr/local/lib/R/site-library/Rcpp/include' -I/usr/local/include    -fpic  -g -O2 -fstack-protector-strong -Wformat -Werror=format-security -Wdate-time -D_FORTIFY_SOURCE=2 -g  -c NNI.c -o NNI.o
g++ -std=gnu++17 -I"/usr/local/lib/R/include" -DNDEBUG  -I'/usr/local/lib/R/site-library/Rcpp/include' -I/usr/local/include    -fpic  -g -O2 -fstack-protector-strong -Wformat -Werror=format-security -Wdate-time -D_FORTIFY_SOURCE=2 -g   -c RcppExports.cpp -o RcppExports.o
gcc -std=gnu2x -I"/usr/local/lib/R/include" -DNDEBUG  -I'/usr/local/lib/R/site-library/Rcpp/include' -I/usr/local/include    -fpic  -g -O2 -fstack-protector-strong -Wformat -Werror=format-security -Wdate-time -D_FORTIFY_SOURCE=2 -g  -c SPR.c -o SPR.o
gcc -std=gnu2x -I"/usr/local/lib/R/include" -DNDEBUG  -I'/usr/local/lib/R/site-library/Rcpp/include' -I/usr/local/include    -fpic  -g -O2 -fstack-protector-strong -Wformat -Werror=format-security -Wdate-time -D_FORTIFY_SOURCE=2 -g  -c additive.c -o additive.o
gcc -std=gnu2x -I"/usr/local/lib/R/include" -DNDEBUG  -I'/usr/local/lib/R/site-library/Rcpp/include' -I/usr/local/include    -fpic  -g -O2 -fstack-protector-strong -Wformat -Werror=format-security -Wdate-time -D_FORTIFY_SOURCE=2 -g  -c ape.c -o ape.o
gcc -std=gnu2x -I"/usr/local/lib/R/include" -DNDEBUG  -I'/usr/local/lib/R/site-library/Rcpp/include' -I/usr/local/include    -fpic  -g -O2 -fstack-protector-strong -Wformat -Werror=format-security -Wdate-time -D_FORTIFY_SOURCE=2 -g  -c bNNI.c -o bNNI.o
gcc -std=gnu2x -I"/usr/local/lib/R/include" -DNDEBUG  -I'/usr/local/lib/R/site-library/Rcpp/include' -I/usr/local/include    -fpic  -g -O2 -fstack-protector-strong -Wformat -Werror=format-security -Wdate-time -D_FORTIFY_SOURCE=2 -g  -c bionjs.c -o bionjs.o
gcc -std=gnu2x -I"/usr/local/lib/R/include" -DNDEBUG  -I'/usr/local/lib/R/site-library/Rcpp/include' -I/usr/local/include    -fpic  -g -O2 -fstack-protector-strong -Wformat -Werror=format-security -Wdate-time -D_FORTIFY_SOURCE=2 -g  -c bipartition.c -o bipartition.o
gcc -std=gnu2x -I"/usr/local/lib/R/include" -DNDEBUG  -I'/usr/local/lib/R/site-library/Rcpp/include' -I/usr/local/include    -fpic  -g -O2 -fstack-protector-strong -Wformat -Werror=format-security -Wdate-time -D_FORTIFY_SOURCE=2 -g  -c bitsplits.c -o bitsplits.o
gcc -std=gnu2x -I"/usr/local/lib/R/include" -DNDEBUG  -I'/usr/local/lib/R/site-library/Rcpp/include' -I/usr/local/include    -fpic  -g -O2 -fstack-protector-strong -Wformat -Werror=format-security -Wdate-time -D_FORTIFY_SOURCE=2 -g  -c delta_plot.c -o delta_plot.o
gcc -std=gnu2x -I"/usr/local/lib/R/include" -DNDEBUG  -I'/usr/local/lib/R/site-library/Rcpp/include' -I/usr/local/include    -fpic  -g -O2 -fstack-protector-strong -Wformat -Werror=format-security -Wdate-time -D_FORTIFY_SOURCE=2 -g  -c dist_dna.c -o dist_dna.o
gcc -std=gnu2x -I"/usr/local/lib/R/include" -DNDEBUG  -I'/usr/local/lib/R/site-library/Rcpp/include' -I/usr/local/include    -fpic  -g -O2 -fstack-protector-strong -Wformat -Werror=format-security -Wdate-time -D_FORTIFY_SOURCE=2 -g  -c dist_nodes.c -o dist_nodes.o
gcc -std=gnu2x -I"/usr/local/lib/R/include" -DNDEBUG  -I'/usr/local/lib/R/site-library/Rcpp/include' -I/usr/local/include    -fpic  -g -O2 -fstack-protector-strong -Wformat -Werror=format-security -Wdate-time -D_FORTIFY_SOURCE=2 -g  -c ewLasso.c -o ewLasso.o
gcc -std=gnu2x -I"/usr/local/lib/R/include" -DNDEBUG  -I'/usr/local/lib/R/site-library/Rcpp/include' -I/usr/local/include    -fpic  -g -O2 -fstack-protector-strong -Wformat -Werror=format-security -Wdate-time -D_FORTIFY_SOURCE=2 -g  -c heap.c -o heap.o
gcc -std=gnu2x -I"/usr/local/lib/R/include" -DNDEBUG  -I'/usr/local/lib/R/site-library/Rcpp/include' -I/usr/local/include    -fpic  -g -O2 -fstack-protector-strong -Wformat -Werror=format-security -Wdate-time -D_FORTIFY_SOURCE=2 -g  -c mat_expo.c -o mat_expo.o
gcc -std=gnu2x -I"/usr/local/lib/R/include" -DNDEBUG  -I'/usr/local/lib/R/site-library/Rcpp/include' -I/usr/local/include    -fpic  -g -O2 -fstack-protector-strong -Wformat -Werror=format-security -Wdate-time -D_FORTIFY_SOURCE=2 -g  -c me.c -o me.o
gcc -std=gnu2x -I"/usr/local/lib/R/include" -DNDEBUG  -I'/usr/local/lib/R/site-library/Rcpp/include' -I/usr/local/include    -fpic  -g -O2 -fstack-protector-strong -Wformat -Werror=format-security -Wdate-time -D_FORTIFY_SOURCE=2 -g  -c me_balanced.c -o me_balanced.o
gcc -std=gnu2x -I"/usr/local/lib/R/include" -DNDEBUG  -I'/usr/local/lib/R/site-library/Rcpp/include' -I/usr/local/include    -fpic  -g -O2 -fstack-protector-strong -Wformat -Werror=format-security -Wdate-time -D_FORTIFY_SOURCE=2 -g  -c me_ols.c -o me_ols.o
gcc -std=gnu2x -I"/usr/local/lib/R/include" -DNDEBUG  -I'/usr/local/lib/R/site-library/Rcpp/include' -I/usr/local/include    -fpic  -g -O2 -fstack-protector-strong -Wformat -Werror=format-security -Wdate-time -D_FORTIFY_SOURCE=2 -g  -c mvr.c -o mvr.o
gcc -std=gnu2x -I"/usr/local/lib/R/include" -DNDEBUG  -I'/usr/local/lib/R/site-library/Rcpp/include' -I/usr/local/include    -fpic  -g -O2 -fstack-protector-strong -Wformat -Werror=format-security -Wdate-time -D_FORTIFY_SOURCE=2 -g  -c mvrs.c -o mvrs.o
gcc -std=gnu2x -I"/usr/local/lib/R/include" -DNDEBUG  -I'/usr/local/lib/R/site-library/Rcpp/include' -I/usr/local/include    -fpic  -g -O2 -fstack-protector-strong -Wformat -Werror=format-security -Wdate-time -D_FORTIFY_SOURCE=2 -g  -c nj.c -o nj.o
gcc -std=gnu2x -I"/usr/local/lib/R/include" -DNDEBUG  -I'/usr/local/lib/R/site-library/Rcpp/include' -I/usr/local/include    -fpic  -g -O2 -fstack-protector-strong -Wformat -Werror=format-security -Wdate-time -D_FORTIFY_SOURCE=2 -g  -c njs.c -o njs.o
gcc -std=gnu2x -I"/usr/local/lib/R/include" -DNDEBUG  -I'/usr/local/lib/R/site-library/Rcpp/include' -I/usr/local/include    -fpic  -g -O2 -fstack-protector-strong -Wformat -Werror=format-security -Wdate-time -D_FORTIFY_SOURCE=2 -g  -c pic.c -o pic.o
gcc -std=gnu2x -I"/usr/local/lib/R/include" -DNDEBUG  -I'/usr/local/lib/R/site-library/Rcpp/include' -I/usr/local/include    -fpic  -g -O2 -fstack-protector-strong -Wformat -Werror=format-security -Wdate-time -D_FORTIFY_SOURCE=2 -g  -c plot_phylo.c -o plot_phylo.o
g++ -std=gnu++17 -I"/usr/local/lib/R/include" -DNDEBUG  -I'/usr/local/lib/R/site-library/Rcpp/include' -I/usr/local/include    -fpic  -g -O2 -fstack-protector-strong -Wformat -Werror=format-security -Wdate-time -D_FORTIFY_SOURCE=2 -g   -c prop_part.cpp -o prop_part.o
gcc -std=gnu2x -I"/usr/local/lib/R/include" -DNDEBUG  -I'/usr/local/lib/R/site-library/Rcpp/include' -I/usr/local/include    -fpic  -g -O2 -fstack-protector-strong -Wformat -Werror=format-security -Wdate-time -D_FORTIFY_SOURCE=2 -g  -c rTrait.c -o rTrait.o
gcc -std=gnu2x -I"/usr/local/lib/R/include" -DNDEBUG  -I'/usr/local/lib/R/site-library/Rcpp/include' -I/usr/local/include    -fpic  -g -O2 -fstack-protector-strong -Wformat -Werror=format-security -Wdate-time -D_FORTIFY_SOURCE=2 -g  -c read_dna.c -o read_dna.o
g++ -std=gnu++17 -I"/usr/local/lib/R/include" -DNDEBUG  -I'/usr/local/lib/R/site-library/Rcpp/include' -I/usr/local/include    -fpic  -g -O2 -fstack-protector-strong -Wformat -Werror=format-security -Wdate-time -D_FORTIFY_SOURCE=2 -g   -c reorder_Rcpp.cpp -o reorder_Rcpp.o
gcc -std=gnu2x -I"/usr/local/lib/R/include" -DNDEBUG  -I'/usr/local/lib/R/site-library/Rcpp/include' -I/usr/local/include    -fpic  -g -O2 -fstack-protector-strong -Wformat -Werror=format-security -Wdate-time -D_FORTIFY_SOURCE=2 -g  -c reorder_phylo.c -o reorder_phylo.o
gcc -std=gnu2x -I"/usr/local/lib/R/include" -DNDEBUG  -I'/usr/local/lib/R/site-library/Rcpp/include' -I/usr/local/include    -fpic  -g -O2 -fstack-protector-strong -Wformat -Werror=format-security -Wdate-time -D_FORTIFY_SOURCE=2 -g  -c treePop.c -o treePop.o
gcc -std=gnu2x -I"/usr/local/lib/R/include" -DNDEBUG  -I'/usr/local/lib/R/site-library/Rcpp/include' -I/usr/local/include    -fpic  -g -O2 -fstack-protector-strong -Wformat -Werror=format-security -Wdate-time -D_FORTIFY_SOURCE=2 -g  -c tree_build.c -o tree_build.o
gcc -std=gnu2x -I"/usr/local/lib/R/include" -DNDEBUG  -I'/usr/local/lib/R/site-library/Rcpp/include' -I/usr/local/include    -fpic  -g -O2 -fstack-protector-strong -Wformat -Werror=format-security -Wdate-time -D_FORTIFY_SOURCE=2 -g  -c tree_phylo.c -o tree_phylo.o
gcc -std=gnu2x -I"/usr/local/lib/R/include" -DNDEBUG  -I'/usr/local/lib/R/site-library/Rcpp/include' -I/usr/local/include    -fpic  -g -O2 -fstack-protector-strong -Wformat -Werror=format-security -Wdate-time -D_FORTIFY_SOURCE=2 -g  -c triangMtd.c -o triangMtd.o
gcc -std=gnu2x -I"/usr/local/lib/R/include" -DNDEBUG  -I'/usr/local/lib/R/site-library/Rcpp/include' -I/usr/local/include    -fpic  -g -O2 -fstack-protector-strong -Wformat -Werror=format-security -Wdate-time -D_FORTIFY_SOURCE=2 -g  -c triangMtds.c -o triangMtds.o
gcc -std=gnu2x -I"/usr/local/lib/R/include" -DNDEBUG  -I'/usr/local/lib/R/site-library/Rcpp/include' -I/usr/local/include    -fpic  -g -O2 -fstack-protector-strong -Wformat -Werror=format-security -Wdate-time -D_FORTIFY_SOURCE=2 -g  -c ultrametric.c -o ultrametric.o
g++ -std=gnu++17 -shared -L/usr/local/lib/R/lib -L/usr/local/lib -o ape.so BIONJ.o NNI.o RcppExports.o SPR.o additive.o ape.o bNNI.o bionjs.o bipartition.o bitsplits.o delta_plot.o dist_dna.o dist_nodes.o ewLasso.o heap.o mat_expo.o me.o me_balanced.o me_ols.o mvr.o mvrs.o nj.o njs.o pic.o plot_phylo.o prop_part.o rTrait.o read_dna.o reorder_Rcpp.o reorder_phylo.o treePop.o tree_build.o tree_phylo.o triangMtd.o triangMtds.o ultrametric.o -llapack -lblas -lgfortran -lm -lquadmath -L/usr/local/lib/R/lib -lR
installing to /usr/local/lib/R/site-library/00LOCK-ape/00new/ape/libs
** R
** data
** inst
** byte-compile and prepare package for lazy loading
** help
*** installing help indices
** building package indices
** installing vignettes
** testing if installed package can be loaded from temporary location
** checking absolute paths in shared objects and dynamic libraries
** testing if installed package can be loaded from final location
** testing if installed package keeps a record of temporary installation path
* creating tarball
packaged installation of ‘ape’ as ‘ape_5.8-1_R_x86_64-pc-linux-gnu.tar.gz’
* DONE (ape)
* installing *source* package ‘yulab.utils’ ...
** this is package ‘yulab.utils’ version ‘0.2.0’
** package ‘yulab.utils’ successfully unpacked and MD5 sums checked
** using staged installation
** R
** inst
** byte-compile and prepare package for lazy loading
** help
*** installing help indices
** building package indices
** testing if installed package can be loaded from temporary location
** testing if installed package can be loaded from final location
** testing if installed package keeps a record of temporary installation path
* creating tarball
packaged installation of ‘yulab.utils’ as ‘yulab.utils_0.2.0_R_x86_64-pc-linux-gnu.tar.gz’
* DONE (yulab.utils)
* installing *source* package ‘Rtsne’ ...
** this is package ‘Rtsne’ version ‘0.17’
** package ‘Rtsne’ successfully unpacked and MD5 sums checked
** using staged installation
** libs
using C++ compiler: ‘g++ (Ubuntu 13.3.0-6ubuntu2~24.04) 13.3.0’
g++ -std=gnu++17 -I"/usr/local/lib/R/include" -DNDEBUG  -I'/usr/local/lib/R/site-library/Rcpp/include' -I/usr/local/include   -fopenmp -fpic  -g -O2 -fstack-protector-strong -Wformat -Werror=format-security -Wdate-time -D_FORTIFY_SOURCE=2 -g   -c RcppExports.cpp -o RcppExports.o
g++ -std=gnu++17 -I"/usr/local/lib/R/include" -DNDEBUG  -I'/usr/local/lib/R/site-library/Rcpp/include' -I/usr/local/include   -fopenmp -fpic  -g -O2 -fstack-protector-strong -Wformat -Werror=format-security -Wdate-time -D_FORTIFY_SOURCE=2 -g   -c Rtsne.cpp -o Rtsne.o
g++ -std=gnu++17 -I"/usr/local/lib/R/include" -DNDEBUG  -I'/usr/local/lib/R/site-library/Rcpp/include' -I/usr/local/include   -fopenmp -fpic  -g -O2 -fstack-protector-strong -Wformat -Werror=format-security -Wdate-time -D_FORTIFY_SOURCE=2 -g   -c normalize_input.cpp -o normalize_input.o
g++ -std=gnu++17 -I"/usr/local/lib/R/include" -DNDEBUG  -I'/usr/local/lib/R/site-library/Rcpp/include' -I/usr/local/include   -fopenmp -fpic  -g -O2 -fstack-protector-strong -Wformat -Werror=format-security -Wdate-time -D_FORTIFY_SOURCE=2 -g   -c sptree.cpp -o sptree.o
g++ -std=gnu++17 -I"/usr/local/lib/R/include" -DNDEBUG  -I'/usr/local/lib/R/site-library/Rcpp/include' -I/usr/local/include   -fopenmp -fpic  -g -O2 -fstack-protector-strong -Wformat -Werror=format-security -Wdate-time -D_FORTIFY_SOURCE=2 -g   -c tsne.cpp -o tsne.o
g++ -std=gnu++17 -shared -L/usr/local/lib/R/lib -L/usr/local/lib -o Rtsne.so RcppExports.o Rtsne.o normalize_input.o sptree.o tsne.o -llapack -lblas -lgfortran -lm -lquadmath -fopenmp -L/usr/local/lib/R/lib -lR
installing to /usr/local/lib/R/site-library/00LOCK-Rtsne/00new/Rtsne/libs
** R
** inst
** byte-compile and prepare package for lazy loading
** help
*** installing help indices
** building package indices
** testing if installed package can be loaded from temporary location
** checking absolute paths in shared objects and dynamic libraries
** testing if installed package can be loaded from final location
** testing if installed package keeps a record of temporary installation path
* creating tarball
packaged installation of ‘Rtsne’ as ‘Rtsne_0.17_R_x86_64-pc-linux-gnu.tar.gz’
* DONE (Rtsne)
* installing *source* package ‘data.tree’ ...
** this is package ‘data.tree’ version ‘1.1.0’
** package ‘data.tree’ successfully unpacked and MD5 sums checked
** using staged installation
** R
** data
** inst
** byte-compile and prepare package for lazy loading
** help
*** installing help indices
** building package indices
** installing vignettes
** testing if installed package can be loaded from temporary location
** testing if installed package can be loaded from final location
** testing if installed package keeps a record of temporary installation path
* creating tarball
packaged installation of ‘data.tree’ as ‘data.tree_1.1.0_R_x86_64-pc-linux-gnu.tar.gz’
* DONE (data.tree)
* installing *source* package ‘igraph’ ...
** this is package ‘igraph’ version ‘2.1.4’
** package ‘igraph’ successfully unpacked and MD5 sums checked
** using staged installation
libxml2 include directories: -I/usr/include/libxml2
libxml2 library link flags: -lxml2
Using installed GLPK
** libs
using C compiler: ‘gcc (Ubuntu 13.3.0-6ubuntu2~24.04) 13.3.0’
using C++ compiler: ‘g++ (Ubuntu 13.3.0-6ubuntu2~24.04) 13.3.0’
g++ -std=gnu++17 -I"/usr/local/lib/R/include" -DNDEBUG -DUSING_R -I. -Ivendor -Ivendor/cigraph/src -Ivendor/cigraph/include -Ivendor/cigraph/vendor -Ivendor/io/parsers  -I/usr/include/libxml2 -DHAVE_LIBXML -DNDEBUG -DNTIMER -DNPRINT -DIGRAPH_THREAD_LOCAL= -DPRPACK_IGRAPH_SUPPORT -DHAVE_GFORTRAN=1 -D_GNU_SOURCE=1 -I'/usr/local/lib/R/site-library/cpp11/include' -I/usr/local/include   -fvisibility=hidden -fpic  -g -O2 -fstack-protector-strong -Wformat -Werror=format-security -Wdate-time -D_FORTIFY_SOURCE=2 -g   -c cpp11.cpp -o cpp11.o
g++ -std=gnu++17 -I"/usr/local/lib/R/include" -DNDEBUG -DUSING_R -I. -Ivendor -Ivendor/cigraph/src -Ivendor/cigraph/include -Ivendor/cigraph/vendor -Ivendor/io/parsers  -I/usr/include/libxml2 -DHAVE_LIBXML -DNDEBUG -DNTIMER -DNPRINT -DIGRAPH_THREAD_LOCAL= -DPRPACK_IGRAPH_SUPPORT -DHAVE_GFORTRAN=1 -D_GNU_SOURCE=1 -I'/usr/local/lib/R/site-library/cpp11/include' -I/usr/local/include   -fvisibility=hidden -fpic  -g -O2 -fstack-protector-strong -Wformat -Werror=format-security -Wdate-time -D_FORTIFY_SOURCE=2 -g   -c cpprinterface.cpp -o cpprinterface.o
g++ -std=gnu++17 -I"/usr/local/lib/R/include" -DNDEBUG -DUSING_R -I. -Ivendor -Ivendor/cigraph/src -Ivendor/cigraph/include -Ivendor/cigraph/vendor -Ivendor/io/parsers  -I/usr/include/libxml2 -DHAVE_LIBXML -DNDEBUG -DNTIMER -DNPRINT -DIGRAPH_THREAD_LOCAL= -DPRPACK_IGRAPH_SUPPORT -DHAVE_GFORTRAN=1 -D_GNU_SOURCE=1 -I'/usr/local/lib/R/site-library/cpp11/include' -I/usr/local/include   -fvisibility=hidden -fpic  -g -O2 -fstack-protector-strong -Wformat -Werror=format-security -Wdate-time -D_FORTIFY_SOURCE=2 -g   -c init.cpp -o init.o
gcc -std=gnu2x -I"/usr/local/lib/R/include" -DNDEBUG -DUSING_R -I. -Ivendor -Ivendor/cigraph/src -Ivendor/cigraph/include -Ivendor/cigraph/vendor -Ivendor/io/parsers  -I/usr/include/libxml2 -DHAVE_LIBXML -DNDEBUG -DNTIMER -DNPRINT -DIGRAPH_THREAD_LOCAL= -DPRPACK_IGRAPH_SUPPORT -DHAVE_GFORTRAN=1 -D_GNU_SOURCE=1 -I'/usr/local/lib/R/site-library/cpp11/include' -I/usr/local/include   -fvisibility=hidden -fpic  -g -O2 -fstack-protector-strong -Wformat -Werror=format-security -Wdate-time -D_FORTIFY_SOURCE=2 -g  -c rinterface.c -o rinterface.o
gcc -std=gnu2x -I"/usr/local/lib/R/include" -DNDEBUG -DUSING_R -I. -Ivendor -Ivendor/cigraph/src -Ivendor/cigraph/include -Ivendor/cigraph/vendor -Ivendor/io/parsers  -I/usr/include/libxml2 -DHAVE_LIBXML -DNDEBUG -DNTIMER -DNPRINT -DIGRAPH_THREAD_LOCAL= -DPRPACK_IGRAPH_SUPPORT -DHAVE_GFORTRAN=1 -D_GNU_SOURCE=1 -I'/usr/local/lib/R/site-library/cpp11/include' -I/usr/local/include   -fvisibility=hidden -fpic  -g -O2 -fstack-protector-strong -Wformat -Werror=format-security -Wdate-time -D_FORTIFY_SOURCE=2 -g  -c rinterface_extra.c -o rinterface_extra.o
gcc -std=gnu2x -I"/usr/local/lib/R/include" -DNDEBUG -DUSING_R -I. -Ivendor -Ivendor/cigraph/src -Ivendor/cigraph/include -Ivendor/cigraph/vendor -Ivendor/io/parsers  -I/usr/include/libxml2 -DHAVE_LIBXML -DNDEBUG -DNTIMER -DNPRINT -DIGRAPH_THREAD_LOCAL= -DPRPACK_IGRAPH_SUPPORT -DHAVE_GFORTRAN=1 -D_GNU_SOURCE=1 -I'/usr/local/lib/R/site-library/cpp11/include' -I/usr/local/include   -fvisibility=hidden -fpic  -g -O2 -fstack-protector-strong -Wformat -Werror=format-security -Wdate-time -D_FORTIFY_SOURCE=2 -g  -c rrandom.c -o rrandom.o
g++ -std=gnu++17 -I"/usr/local/lib/R/include" -DNDEBUG -DUSING_R -I. -Ivendor -Ivendor/cigraph/src -Ivendor/cigraph/include -Ivendor/cigraph/vendor -Ivendor/io/parsers  -I/usr/include/libxml2 -DHAVE_LIBXML -DNDEBUG -DNTIMER -DNPRINT -DIGRAPH_THREAD_LOCAL= -DPRPACK_IGRAPH_SUPPORT -DHAVE_GFORTRAN=1 -D_GNU_SOURCE=1 -I'/usr/local/lib/R/site-library/cpp11/include' -I/usr/local/include   -fvisibility=hidden -fpic  -g -O2 -fstack-protector-strong -Wformat -Werror=format-security -Wdate-time -D_FORTIFY_SOURCE=2 -g   -c simpleraytracer.cpp -o simpleraytracer.o
gfortran -fvisibility=hidden -fpic  -g -O2  -c vendor/arpack/dgetv0.f -o vendor/arpack/dgetv0.o
gfortran -fvisibility=hidden -fpic  -g -O2  -c vendor/arpack/dlaqrb.f -o vendor/arpack/dlaqrb.o
gfortran -fvisibility=hidden -fpic  -g -O2  -c vendor/arpack/dmout.f -o vendor/arpack/dmout.o
gfortran -fvisibility=hidden -fpic  -g -O2  -c vendor/arpack/dnaitr.f -o vendor/arpack/dnaitr.o
gfortran -fvisibility=hidden -fpic  -g -O2  -c vendor/arpack/dnapps.f -o vendor/arpack/dnapps.o
gfortran -fvisibility=hidden -fpic  -g -O2  -c vendor/arpack/dnaup2.f -o vendor/arpack/dnaup2.o
gfortran -fvisibility=hidden -fpic  -g -O2  -c vendor/arpack/dnaupd.f -o vendor/arpack/dnaupd.o
gfortran -fvisibility=hidden -fpic  -g -O2  -c vendor/arpack/dnconv.f -o vendor/arpack/dnconv.o
gfortran -fvisibility=hidden -fpic  -g -O2  -c vendor/arpack/dneigh.f -o vendor/arpack/dneigh.o
gfortran -fvisibility=hidden -fpic  -g -O2  -c vendor/arpack/dneupd.f -o vendor/arpack/dneupd.o
gfortran -fvisibility=hidden -fpic  -g -O2  -c vendor/arpack/dngets.f -o vendor/arpack/dngets.o
gfortran -fvisibility=hidden -fpic  -g -O2  -c vendor/arpack/dsaitr.f -o vendor/arpack/dsaitr.o
gfortran -fvisibility=hidden -fpic  -g -O2  -c vendor/arpack/dsapps.f -o vendor/arpack/dsapps.o
gfortran -fvisibility=hidden -fpic  -g -O2  -c vendor/arpack/dsaup2.f -o vendor/arpack/dsaup2.o
gfortran -fvisibility=hidden -fpic  -g -O2  -c vendor/arpack/dsaupd.f -o vendor/arpack/dsaupd.o
gfortran -fvisibility=hidden -fpic  -g -O2  -c vendor/arpack/dsconv.f -o vendor/arpack/dsconv.o
gfortran -fvisibility=hidden -fpic  -g -O2  -c vendor/arpack/dseigt.f -o vendor/arpack/dseigt.o
gfortran -fvisibility=hidden -fpic  -g -O2  -c vendor/arpack/dsesrt.f -o vendor/arpack/dsesrt.o
gfortran -fvisibility=hidden -fpic  -g -O2  -c vendor/arpack/dseupd.f -o vendor/arpack/dseupd.o
gfortran -fvisibility=hidden -fpic  -g -O2  -c vendor/arpack/dsgets.f -o vendor/arpack/dsgets.o
gfortran -fvisibility=hidden -fpic  -g -O2  -c vendor/arpack/dsortc.f -o vendor/arpack/dsortc.o
gfortran -fvisibility=hidden -fpic  -g -O2  -c vendor/arpack/dsortr.f -o vendor/arpack/dsortr.o
gfortran -fvisibility=hidden -fpic  -g -O2  -c vendor/arpack/dstatn.f -o vendor/arpack/dstatn.o
gfortran -fvisibility=hidden -fpic  -g -O2  -c vendor/arpack/dstats.f -o vendor/arpack/dstats.o
gfortran -fvisibility=hidden -fpic  -g -O2  -c vendor/arpack/dstqrb.f -o vendor/arpack/dstqrb.o
gfortran -fvisibility=hidden -fpic  -g -O2  -c vendor/arpack/dvout.f -o vendor/arpack/dvout.o
gfortran -fvisibility=hidden -fpic  -g -O2  -c vendor/arpack/ivout.f -o vendor/arpack/ivout.o
gfortran -fvisibility=hidden -fpic  -g -O2  -c vendor/arpack/second.f -o vendor/arpack/second.o
gfortran -fvisibility=hidden -fpic  -g -O2  -c vendor/arpack/wrap.f -o vendor/arpack/wrap.o
gcc -std=gnu2x -I"/usr/local/lib/R/include" -DNDEBUG -DUSING_R -I. -Ivendor -Ivendor/cigraph/src -Ivendor/cigraph/include -Ivendor/cigraph/vendor -Ivendor/io/parsers  -I/usr/include/libxml2 -DHAVE_LIBXML -DNDEBUG -DNTIMER -DNPRINT -DIGRAPH_THREAD_LOCAL= -DPRPACK_IGRAPH_SUPPORT -DHAVE_GFORTRAN=1 -D_GNU_SOURCE=1 -I'/usr/local/lib/R/site-library/cpp11/include' -I/usr/local/include   -fvisibility=hidden -fpic  -g -O2 -fstack-protector-strong -Wformat -Werror=format-security -Wdate-time -D_FORTIFY_SOURCE=2 -g  -c vendor/cigraph/src/centrality/betweenness.c -o vendor/cigraph/src/centrality/betweenness.o
gcc -std=gnu2x -I"/usr/local/lib/R/include" -DNDEBUG -DUSING_R -I. -Ivendor -Ivendor/cigraph/src -Ivendor/cigraph/include -Ivendor/cigraph/vendor -Ivendor/io/parsers  -I/usr/include/libxml2 -DHAVE_LIBXML -DNDEBUG -DNTIMER -DNPRINT -DIGRAPH_THREAD_LOCAL= -DPRPACK_IGRAPH_SUPPORT -DHAVE_GFORTRAN=1 -D_GNU_SOURCE=1 -I'/usr/local/lib/R/site-library/cpp11/include' -I/usr/local/include   -fvisibility=hidden -fpic  -g -O2 -fstack-protector-strong -Wformat -Werror=format-security -Wdate-time -D_FORTIFY_SOURCE=2 -g  -c vendor/cigraph/src/centrality/centrality_other.c -o vendor/cigraph/src/centrality/centrality_other.o
gcc -std=gnu2x -I"/usr/local/lib/R/include" -DNDEBUG -DUSING_R -I. -Ivendor -Ivendor/cigraph/src -Ivendor/cigraph/include -Ivendor/cigraph/vendor -Ivendor/io/parsers  -I/usr/include/libxml2 -DHAVE_LIBXML -DNDEBUG -DNTIMER -DNPRINT -DIGRAPH_THREAD_LOCAL= -DPRPACK_IGRAPH_SUPPORT -DHAVE_GFORTRAN=1 -D_GNU_SOURCE=1 -I'/usr/local/lib/R/site-library/cpp11/include' -I/usr/local/include   -fvisibility=hidden -fpic  -g -O2 -fstack-protector-strong -Wformat -Werror=format-security -Wdate-time -D_FORTIFY_SOURCE=2 -g  -c vendor/cigraph/src/centrality/centralization.c -o vendor/cigraph/src/centrality/centralization.o
gcc -std=gnu2x -I"/usr/local/lib/R/include" -DNDEBUG -DUSING_R -I. -Ivendor -Ivendor/cigraph/src -Ivendor/cigraph/include -Ivendor/cigraph/vendor -Ivendor/io/parsers  -I/usr/include/libxml2 -DHAVE_LIBXML -DNDEBUG -DNTIMER -DNPRINT -DIGRAPH_THREAD_LOCAL= -DPRPACK_IGRAPH_SUPPORT -DHAVE_GFORTRAN=1 -D_GNU_SOURCE=1 -I'/usr/local/lib/R/site-library/cpp11/include' -I/usr/local/include   -fvisibility=hidden -fpic  -g -O2 -fstack-protector-strong -Wformat -Werror=format-security -Wdate-time -D_FORTIFY_SOURCE=2 -g  -c vendor/cigraph/src/centrality/closeness.c -o vendor/cigraph/src/centrality/closeness.o
gcc -std=gnu2x -I"/usr/local/lib/R/include" -DNDEBUG -DUSING_R -I. -Ivendor -Ivendor/cigraph/src -Ivendor/cigraph/include -Ivendor/cigraph/vendor -Ivendor/io/parsers  -I/usr/include/libxml2 -DHAVE_LIBXML -DNDEBUG -DNTIMER -DNPRINT -DIGRAPH_THREAD_LOCAL= -DPRPACK_IGRAPH_SUPPORT -DHAVE_GFORTRAN=1 -D_GNU_SOURCE=1 -I'/usr/local/lib/R/site-library/cpp11/include' -I/usr/local/include   -fvisibility=hidden -fpic  -g -O2 -fstack-protector-strong -Wformat -Werror=format-security -Wdate-time -D_FORTIFY_SOURCE=2 -g  -c vendor/cigraph/src/centrality/coreness.c -o vendor/cigraph/src/centrality/coreness.o
gcc -std=gnu2x -I"/usr/local/lib/R/include" -DNDEBUG -DUSING_R -I. -Ivendor -Ivendor/cigraph/src -Ivendor/cigraph/include -Ivendor/cigraph/vendor -Ivendor/io/parsers  -I/usr/include/libxml2 -DHAVE_LIBXML -DNDEBUG -DNTIMER -DNPRINT -DIGRAPH_THREAD_LOCAL= -DPRPACK_IGRAPH_SUPPORT -DHAVE_GFORTRAN=1 -D_GNU_SOURCE=1 -I'/usr/local/lib/R/site-library/cpp11/include' -I/usr/local/include   -fvisibility=hidden -fpic  -g -O2 -fstack-protector-strong -Wformat -Werror=format-security -Wdate-time -D_FORTIFY_SOURCE=2 -g  -c vendor/cigraph/src/centrality/eigenvector.c -o vendor/cigraph/src/centrality/eigenvector.o
gcc -std=gnu2x -I"/usr/local/lib/R/include" -DNDEBUG -DUSING_R -I. -Ivendor -Ivendor/cigraph/src -Ivendor/cigraph/include -Ivendor/cigraph/vendor -Ivendor/io/parsers  -I/usr/include/libxml2 -DHAVE_LIBXML -DNDEBUG -DNTIMER -DNPRINT -DIGRAPH_THREAD_LOCAL= -DPRPACK_IGRAPH_SUPPORT -DHAVE_GFORTRAN=1 -D_GNU_SOURCE=1 -I'/usr/local/lib/R/site-library/cpp11/include' -I/usr/local/include   -fvisibility=hidden -fpic  -g -O2 -fstack-protector-strong -Wformat -Werror=format-security -Wdate-time -D_FORTIFY_SOURCE=2 -g  -c vendor/cigraph/src/centrality/hub_authority.c -o vendor/cigraph/src/centrality/hub_authority.o
gcc -std=gnu2x -I"/usr/local/lib/R/include" -DNDEBUG -DUSING_R -I. -Ivendor -Ivendor/cigraph/src -Ivendor/cigraph/include -Ivendor/cigraph/vendor -Ivendor/io/parsers  -I/usr/include/libxml2 -DHAVE_LIBXML -DNDEBUG -DNTIMER -DNPRINT -DIGRAPH_THREAD_LOCAL= -DPRPACK_IGRAPH_SUPPORT -DHAVE_GFORTRAN=1 -D_GNU_SOURCE=1 -I'/usr/local/lib/R/site-library/cpp11/include' -I/usr/local/include   -fvisibility=hidden -fpic  -g -O2 -fstack-protector-strong -Wformat -Werror=format-security -Wdate-time -D_FORTIFY_SOURCE=2 -g  -c vendor/cigraph/src/centrality/pagerank.c -o vendor/cigraph/src/centrality/pagerank.o
g++ -std=gnu++17 -I"/usr/local/lib/R/include" -DNDEBUG -DUSING_R -I. -Ivendor -Ivendor/cigraph/src -Ivendor/cigraph/include -Ivendor/cigraph/vendor -Ivendor/io/parsers  -I/usr/include/libxml2 -DHAVE_LIBXML -DNDEBUG -DNTIMER -DNPRINT -DIGRAPH_THREAD_LOCAL= -DPRPACK_IGRAPH_SUPPORT -DHAVE_GFORTRAN=1 -D_GNU_SOURCE=1 -I'/usr/local/lib/R/site-library/cpp11/include' -I/usr/local/include   -fvisibility=hidden -fpic  -g -O2 -fstack-protector-strong -Wformat -Werror=format-security -Wdate-time -D_FORTIFY_SOURCE=2 -g   -c vendor/cigraph/src/centrality/prpack.cpp -o vendor/cigraph/src/centrality/prpack.o
g++ -std=gnu++17 -I"/usr/local/lib/R/include" -DNDEBUG -DUSING_R -I. -Ivendor -Ivendor/cigraph/src -Ivendor/cigraph/include -Ivendor/cigraph/vendor -Ivendor/io/parsers  -I/usr/include/libxml2 -DHAVE_LIBXML -DNDEBUG -DNTIMER -DNPRINT -DIGRAPH_THREAD_LOCAL= -DPRPACK_IGRAPH_SUPPORT -DHAVE_GFORTRAN=1 -D_GNU_SOURCE=1 -I'/usr/local/lib/R/site-library/cpp11/include' -I/usr/local/include   -fvisibility=hidden -fpic  -g -O2 -fstack-protector-strong -Wformat -Werror=format-security -Wdate-time -D_FORTIFY_SOURCE=2 -g   -c vendor/cigraph/src/centrality/prpack/prpack_base_graph.cpp -o vendor/cigraph/src/centrality/prpack/prpack_base_graph.o
g++ -std=gnu++17 -I"/usr/local/lib/R/include" -DNDEBUG -DUSING_R -I. -Ivendor -Ivendor/cigraph/src -Ivendor/cigraph/include -Ivendor/cigraph/vendor -Ivendor/io/parsers  -I/usr/include/libxml2 -DHAVE_LIBXML -DNDEBUG -DNTIMER -DNPRINT -DIGRAPH_THREAD_LOCAL= -DPRPACK_IGRAPH_SUPPORT -DHAVE_GFORTRAN=1 -D_GNU_SOURCE=1 -I'/usr/local/lib/R/site-library/cpp11/include' -I/usr/local/include   -fvisibility=hidden -fpic  -g -O2 -fstack-protector-strong -Wformat -Werror=format-security -Wdate-time -D_FORTIFY_SOURCE=2 -g   -c vendor/cigraph/src/centrality/prpack/prpack_igraph_graph.cpp -o vendor/cigraph/src/centrality/prpack/prpack_igraph_graph.o
g++ -std=gnu++17 -I"/usr/local/lib/R/include" -DNDEBUG -DUSING_R -I. -Ivendor -Ivendor/cigraph/src -Ivendor/cigraph/include -Ivendor/cigraph/vendor -Ivendor/io/parsers  -I/usr/include/libxml2 -DHAVE_LIBXML -DNDEBUG -DNTIMER -DNPRINT -DIGRAPH_THREAD_LOCAL= -DPRPACK_IGRAPH_SUPPORT -DHAVE_GFORTRAN=1 -D_GNU_SOURCE=1 -I'/usr/local/lib/R/site-library/cpp11/include' -I/usr/local/include   -fvisibility=hidden -fpic  -g -O2 -fstack-protector-strong -Wformat -Werror=format-security -Wdate-time -D_FORTIFY_SOURCE=2 -g   -c vendor/cigraph/src/centrality/prpack/prpack_preprocessed_ge_graph.cpp -o vendor/cigraph/src/centrality/prpack/prpack_preprocessed_ge_graph.o
g++ -std=gnu++17 -I"/usr/local/lib/R/include" -DNDEBUG -DUSING_R -I. -Ivendor -Ivendor/cigraph/src -Ivendor/cigraph/include -Ivendor/cigraph/vendor -Ivendor/io/parsers  -I/usr/include/libxml2 -DHAVE_LIBXML -DNDEBUG -DNTIMER -DNPRINT -DIGRAPH_THREAD_LOCAL= -DPRPACK_IGRAPH_SUPPORT -DHAVE_GFORTRAN=1 -D_GNU_SOURCE=1 -I'/usr/local/lib/R/site-library/cpp11/include' -I/usr/local/include   -fvisibility=hidden -fpic  -g -O2 -fstack-protector-strong -Wformat -Werror=format-security -Wdate-time -D_FORTIFY_SOURCE=2 -g   -c vendor/cigraph/src/centrality/prpack/prpack_preprocessed_gs_graph.cpp -o vendor/cigraph/src/centrality/prpack/prpack_preprocessed_gs_graph.o
g++ -std=gnu++17 -I"/usr/local/lib/R/include" -DNDEBUG -DUSING_R -I. -Ivendor -Ivendor/cigraph/src -Ivendor/cigraph/include -Ivendor/cigraph/vendor -Ivendor/io/parsers  -I/usr/include/libxml2 -DHAVE_LIBXML -DNDEBUG -DNTIMER -DNPRINT -DIGRAPH_THREAD_LOCAL= -DPRPACK_IGRAPH_SUPPORT -DHAVE_GFORTRAN=1 -D_GNU_SOURCE=1 -I'/usr/local/lib/R/site-library/cpp11/include' -I/usr/local/include   -fvisibility=hidden -fpic  -g -O2 -fstack-protector-strong -Wformat -Werror=format-security -Wdate-time -D_FORTIFY_SOURCE=2 -g   -c vendor/cigraph/src/centrality/prpack/prpack_preprocessed_scc_graph.cpp -o vendor/cigraph/src/centrality/prpack/prpack_preprocessed_scc_graph.o
g++ -std=gnu++17 -I"/usr/local/lib/R/include" -DNDEBUG -DUSING_R -I. -Ivendor -Ivendor/cigraph/src -Ivendor/cigraph/include -Ivendor/cigraph/vendor -Ivendor/io/parsers  -I/usr/include/libxml2 -DHAVE_LIBXML -DNDEBUG -DNTIMER -DNPRINT -DIGRAPH_THREAD_LOCAL= -DPRPACK_IGRAPH_SUPPORT -DHAVE_GFORTRAN=1 -D_GNU_SOURCE=1 -I'/usr/local/lib/R/site-library/cpp11/include' -I/usr/local/include   -fvisibility=hidden -fpic  -g -O2 -fstack-protector-strong -Wformat -Werror=format-security -Wdate-time -D_FORTIFY_SOURCE=2 -g   -c vendor/cigraph/src/centrality/prpack/prpack_preprocessed_schur_graph.cpp -o vendor/cigraph/src/centrality/prpack/prpack_preprocessed_schur_graph.o
g++ -std=gnu++17 -I"/usr/local/lib/R/include" -DNDEBUG -DUSING_R -I. -Ivendor -Ivendor/cigraph/src -Ivendor/cigraph/include -Ivendor/cigraph/vendor -Ivendor/io/parsers  -I/usr/include/libxml2 -DHAVE_LIBXML -DNDEBUG -DNTIMER -DNPRINT -DIGRAPH_THREAD_LOCAL= -DPRPACK_IGRAPH_SUPPORT -DHAVE_GFORTRAN=1 -D_GNU_SOURCE=1 -I'/usr/local/lib/R/site-library/cpp11/include' -I/usr/local/include   -fvisibility=hidden -fpic  -g -O2 -fstack-protector-strong -Wformat -Werror=format-security -Wdate-time -D_FORTIFY_SOURCE=2 -g   -c vendor/cigraph/src/centrality/prpack/prpack_result.cpp -o vendor/cigraph/src/centrality/prpack/prpack_result.o
g++ -std=gnu++17 -I"/usr/local/lib/R/include" -DNDEBUG -DUSING_R -I. -Ivendor -Ivendor/cigraph/src -Ivendor/cigraph/include -Ivendor/cigraph/vendor -Ivendor/io/parsers  -I/usr/include/libxml2 -DHAVE_LIBXML -DNDEBUG -DNTIMER -DNPRINT -DIGRAPH_THREAD_LOCAL= -DPRPACK_IGRAPH_SUPPORT -DHAVE_GFORTRAN=1 -D_GNU_SOURCE=1 -I'/usr/local/lib/R/site-library/cpp11/include' -I/usr/local/include   -fvisibility=hidden -fpic  -g -O2 -fstack-protector-strong -Wformat -Werror=format-security -Wdate-time -D_FORTIFY_SOURCE=2 -g   -c vendor/cigraph/src/centrality/prpack/prpack_solver.cpp -o vendor/cigraph/src/centrality/prpack/prpack_solver.o
g++ -std=gnu++17 -I"/usr/local/lib/R/include" -DNDEBUG -DUSING_R -I. -Ivendor -Ivendor/cigraph/src -Ivendor/cigraph/include -Ivendor/cigraph/vendor -Ivendor/io/parsers  -I/usr/include/libxml2 -DHAVE_LIBXML -DNDEBUG -DNTIMER -DNPRINT -DIGRAPH_THREAD_LOCAL= -DPRPACK_IGRAPH_SUPPORT -DHAVE_GFORTRAN=1 -D_GNU_SOURCE=1 -I'/usr/local/lib/R/site-library/cpp11/include' -I/usr/local/include   -fvisibility=hidden -fpic  -g -O2 -fstack-protector-strong -Wformat -Werror=format-security -Wdate-time -D_FORTIFY_SOURCE=2 -g   -c vendor/cigraph/src/centrality/prpack/prpack_utils.cpp -o vendor/cigraph/src/centrality/prpack/prpack_utils.o
g++ -std=gnu++17 -I"/usr/local/lib/R/include" -DNDEBUG -DUSING_R -I. -Ivendor -Ivendor/cigraph/src -Ivendor/cigraph/include -Ivendor/cigraph/vendor -Ivendor/io/parsers  -I/usr/include/libxml2 -DHAVE_LIBXML -DNDEBUG -DNTIMER -DNPRINT -DIGRAPH_THREAD_LOCAL= -DPRPACK_IGRAPH_SUPPORT -DHAVE_GFORTRAN=1 -D_GNU_SOURCE=1 -I'/usr/local/lib/R/site-library/cpp11/include' -I/usr/local/include   -fvisibility=hidden -fpic  -g -O2 -fstack-protector-strong -Wformat -Werror=format-security -Wdate-time -D_FORTIFY_SOURCE=2 -g   -c vendor/cigraph/src/centrality/truss.cpp -o vendor/cigraph/src/centrality/truss.o
gcc -std=gnu2x -I"/usr/local/lib/R/include" -DNDEBUG -DUSING_R -I. -Ivendor -Ivendor/cigraph/src -Ivendor/cigraph/include -Ivendor/cigraph/vendor -Ivendor/io/parsers  -I/usr/include/libxml2 -DHAVE_LIBXML -DNDEBUG -DNTIMER -DNPRINT -DIGRAPH_THREAD_LOCAL= -DPRPACK_IGRAPH_SUPPORT -DHAVE_GFORTRAN=1 -D_GNU_SOURCE=1 -I'/usr/local/lib/R/site-library/cpp11/include' -I/usr/local/include   -fvisibility=hidden -fpic  -g -O2 -fstack-protector-strong -Wformat -Werror=format-security -Wdate-time -D_FORTIFY_SOURCE=2 -g  -c vendor/cigraph/src/cliques/cliquer/cliquer.c -o vendor/cigraph/src/cliques/cliquer/cliquer.o
gcc -std=gnu2x -I"/usr/local/lib/R/include" -DNDEBUG -DUSING_R -I. -Ivendor -Ivendor/cigraph/src -Ivendor/cigraph/include -Ivendor/cigraph/vendor -Ivendor/io/parsers  -I/usr/include/libxml2 -DHAVE_LIBXML -DNDEBUG -DNTIMER -DNPRINT -DIGRAPH_THREAD_LOCAL= -DPRPACK_IGRAPH_SUPPORT -DHAVE_GFORTRAN=1 -D_GNU_SOURCE=1 -I'/usr/local/lib/R/site-library/cpp11/include' -I/usr/local/include   -fvisibility=hidden -fpic  -g -O2 -fstack-protector-strong -Wformat -Werror=format-security -Wdate-time -D_FORTIFY_SOURCE=2 -g  -c vendor/cigraph/src/cliques/cliquer/cliquer_graph.c -o vendor/cigraph/src/cliques/cliquer/cliquer_graph.o
gcc -std=gnu2x -I"/usr/local/lib/R/include" -DNDEBUG -DUSING_R -I. -Ivendor -Ivendor/cigraph/src -Ivendor/cigraph/include -Ivendor/cigraph/vendor -Ivendor/io/parsers  -I/usr/include/libxml2 -DHAVE_LIBXML -DNDEBUG -DNTIMER -DNPRINT -DIGRAPH_THREAD_LOCAL= -DPRPACK_IGRAPH_SUPPORT -DHAVE_GFORTRAN=1 -D_GNU_SOURCE=1 -I'/usr/local/lib/R/site-library/cpp11/include' -I/usr/local/include   -fvisibility=hidden -fpic  -g -O2 -fstack-protector-strong -Wformat -Werror=format-security -Wdate-time -D_FORTIFY_SOURCE=2 -g  -c vendor/cigraph/src/cliques/cliquer/reorder.c -o vendor/cigraph/src/cliques/cliquer/reorder.o
gcc -std=gnu2x -I"/usr/local/lib/R/include" -DNDEBUG -DUSING_R -I. -Ivendor -Ivendor/cigraph/src -Ivendor/cigraph/include -Ivendor/cigraph/vendor -Ivendor/io/parsers  -I/usr/include/libxml2 -DHAVE_LIBXML -DNDEBUG -DNTIMER -DNPRINT -DIGRAPH_THREAD_LOCAL= -DPRPACK_IGRAPH_SUPPORT -DHAVE_GFORTRAN=1 -D_GNU_SOURCE=1 -I'/usr/local/lib/R/site-library/cpp11/include' -I/usr/local/include   -fvisibility=hidden -fpic  -g -O2 -fstack-protector-strong -Wformat -Werror=format-security -Wdate-time -D_FORTIFY_SOURCE=2 -g  -c vendor/cigraph/src/cliques/cliquer_wrapper.c -o vendor/cigraph/src/cliques/cliquer_wrapper.o
gcc -std=gnu2x -I"/usr/local/lib/R/include" -DNDEBUG -DUSING_R -I. -Ivendor -Ivendor/cigraph/src -Ivendor/cigraph/include -Ivendor/cigraph/vendor -Ivendor/io/parsers  -I/usr/include/libxml2 -DHAVE_LIBXML -DNDEBUG -DNTIMER -DNPRINT -DIGRAPH_THREAD_LOCAL= -DPRPACK_IGRAPH_SUPPORT -DHAVE_GFORTRAN=1 -D_GNU_SOURCE=1 -I'/usr/local/lib/R/site-library/cpp11/include' -I/usr/local/include   -fvisibility=hidden -fpic  -g -O2 -fstack-protector-strong -Wformat -Werror=format-security -Wdate-time -D_FORTIFY_SOURCE=2 -g  -c vendor/cigraph/src/cliques/cliques.c -o vendor/cigraph/src/cliques/cliques.o
gcc -std=gnu2x -I"/usr/local/lib/R/include" -DNDEBUG -DUSING_R -I. -Ivendor -Ivendor/cigraph/src -Ivendor/cigraph/include -Ivendor/cigraph/vendor -Ivendor/io/parsers  -I/usr/include/libxml2 -DHAVE_LIBXML -DNDEBUG -DNTIMER -DNPRINT -DIGRAPH_THREAD_LOCAL= -DPRPACK_IGRAPH_SUPPORT -DHAVE_GFORTRAN=1 -D_GNU_SOURCE=1 -I'/usr/local/lib/R/site-library/cpp11/include' -I/usr/local/include   -fvisibility=hidden -fpic  -g -O2 -fstack-protector-strong -Wformat -Werror=format-security -Wdate-time -D_FORTIFY_SOURCE=2 -g  -c vendor/cigraph/src/cliques/glet.c -o vendor/cigraph/src/cliques/glet.o
gcc -std=gnu2x -I"/usr/local/lib/R/include" -DNDEBUG -DUSING_R -I. -Ivendor -Ivendor/cigraph/src -Ivendor/cigraph/include -Ivendor/cigraph/vendor -Ivendor/io/parsers  -I/usr/include/libxml2 -DHAVE_LIBXML -DNDEBUG -DNTIMER -DNPRINT -DIGRAPH_THREAD_LOCAL= -DPRPACK_IGRAPH_SUPPORT -DHAVE_GFORTRAN=1 -D_GNU_SOURCE=1 -I'/usr/local/lib/R/site-library/cpp11/include' -I/usr/local/include   -fvisibility=hidden -fpic  -g -O2 -fstack-protector-strong -Wformat -Werror=format-security -Wdate-time -D_FORTIFY_SOURCE=2 -g  -c vendor/cigraph/src/cliques/maximal_cliques.c -o vendor/cigraph/src/cliques/maximal_cliques.o
gcc -std=gnu2x -I"/usr/local/lib/R/include" -DNDEBUG -DUSING_R -I. -Ivendor -Ivendor/cigraph/src -Ivendor/cigraph/include -Ivendor/cigraph/vendor -Ivendor/io/parsers  -I/usr/include/libxml2 -DHAVE_LIBXML -DNDEBUG -DNTIMER -DNPRINT -DIGRAPH_THREAD_LOCAL= -DPRPACK_IGRAPH_SUPPORT -DHAVE_GFORTRAN=1 -D_GNU_SOURCE=1 -I'/usr/local/lib/R/site-library/cpp11/include' -I/usr/local/include   -fvisibility=hidden -fpic  -g -O2 -fstack-protector-strong -Wformat -Werror=format-security -Wdate-time -D_FORTIFY_SOURCE=2 -g  -c vendor/cigraph/src/community/community_misc.c -o vendor/cigraph/src/community/community_misc.o
gcc -std=gnu2x -I"/usr/local/lib/R/include" -DNDEBUG -DUSING_R -I. -Ivendor -Ivendor/cigraph/src -Ivendor/cigraph/include -Ivendor/cigraph/vendor -Ivendor/io/parsers  -I/usr/include/libxml2 -DHAVE_LIBXML -DNDEBUG -DNTIMER -DNPRINT -DIGRAPH_THREAD_LOCAL= -DPRPACK_IGRAPH_SUPPORT -DHAVE_GFORTRAN=1 -D_GNU_SOURCE=1 -I'/usr/local/lib/R/site-library/cpp11/include' -I/usr/local/include   -fvisibility=hidden -fpic  -g -O2 -fstack-protector-strong -Wformat -Werror=format-security -Wdate-time -D_FORTIFY_SOURCE=2 -g  -c vendor/cigraph/src/community/edge_betweenness.c -o vendor/cigraph/src/community/edge_betweenness.o
gcc -std=gnu2x -I"/usr/local/lib/R/include" -DNDEBUG -DUSING_R -I. -Ivendor -Ivendor/cigraph/src -Ivendor/cigraph/include -Ivendor/cigraph/vendor -Ivendor/io/parsers  -I/usr/include/libxml2 -DHAVE_LIBXML -DNDEBUG -DNTIMER -DNPRINT -DIGRAPH_THREAD_LOCAL= -DPRPACK_IGRAPH_SUPPORT -DHAVE_GFORTRAN=1 -D_GNU_SOURCE=1 -I'/usr/local/lib/R/site-library/cpp11/include' -I/usr/local/include   -fvisibility=hidden -fpic  -g -O2 -fstack-protector-strong -Wformat -Werror=format-security -Wdate-time -D_FORTIFY_SOURCE=2 -g  -c vendor/cigraph/src/community/fast_modularity.c -o vendor/cigraph/src/community/fast_modularity.o
gcc -std=gnu2x -I"/usr/local/lib/R/include" -DNDEBUG -DUSING_R -I. -Ivendor -Ivendor/cigraph/src -Ivendor/cigraph/include -Ivendor/cigraph/vendor -Ivendor/io/parsers  -I/usr/include/libxml2 -DHAVE_LIBXML -DNDEBUG -DNTIMER -DNPRINT -DIGRAPH_THREAD_LOCAL= -DPRPACK_IGRAPH_SUPPORT -DHAVE_GFORTRAN=1 -D_GNU_SOURCE=1 -I'/usr/local/lib/R/site-library/cpp11/include' -I/usr/local/include   -fvisibility=hidden -fpic  -g -O2 -fstack-protector-strong -Wformat -Werror=format-security -Wdate-time -D_FORTIFY_SOURCE=2 -g  -c vendor/cigraph/src/community/fluid.c -o vendor/cigraph/src/community/fluid.o
g++ -std=gnu++17 -I"/usr/local/lib/R/include" -DNDEBUG -DUSING_R -I. -Ivendor -Ivendor/cigraph/src -Ivendor/cigraph/include -Ivendor/cigraph/vendor -Ivendor/io/parsers  -I/usr/include/libxml2 -DHAVE_LIBXML -DNDEBUG -DNTIMER -DNPRINT -DIGRAPH_THREAD_LOCAL= -DPRPACK_IGRAPH_SUPPORT -DHAVE_GFORTRAN=1 -D_GNU_SOURCE=1 -I'/usr/local/lib/R/site-library/cpp11/include' -I/usr/local/include   -fvisibility=hidden -fpic  -g -O2 -fstack-protector-strong -Wformat -Werror=format-security -Wdate-time -D_FORTIFY_SOURCE=2 -g   -c vendor/cigraph/src/community/infomap/infomap.cc -o vendor/cigraph/src/community/infomap/infomap.o
g++ -std=gnu++17 -I"/usr/local/lib/R/include" -DNDEBUG -DUSING_R -I. -Ivendor -Ivendor/cigraph/src -Ivendor/cigraph/include -Ivendor/cigraph/vendor -Ivendor/io/parsers  -I/usr/include/libxml2 -DHAVE_LIBXML -DNDEBUG -DNTIMER -DNPRINT -DIGRAPH_THREAD_LOCAL= -DPRPACK_IGRAPH_SUPPORT -DHAVE_GFORTRAN=1 -D_GNU_SOURCE=1 -I'/usr/local/lib/R/site-library/cpp11/include' -I/usr/local/include   -fvisibility=hidden -fpic  -g -O2 -fstack-protector-strong -Wformat -Werror=format-security -Wdate-time -D_FORTIFY_SOURCE=2 -g   -c vendor/cigraph/src/community/infomap/infomap_FlowGraph.cc -o vendor/cigraph/src/community/infomap/infomap_FlowGraph.o
g++ -std=gnu++17 -I"/usr/local/lib/R/include" -DNDEBUG -DUSING_R -I. -Ivendor -Ivendor/cigraph/src -Ivendor/cigraph/include -Ivendor/cigraph/vendor -Ivendor/io/parsers  -I/usr/include/libxml2 -DHAVE_LIBXML -DNDEBUG -DNTIMER -DNPRINT -DIGRAPH_THREAD_LOCAL= -DPRPACK_IGRAPH_SUPPORT -DHAVE_GFORTRAN=1 -D_GNU_SOURCE=1 -I'/usr/local/lib/R/site-library/cpp11/include' -I/usr/local/include   -fvisibility=hidden -fpic  -g -O2 -fstack-protector-strong -Wformat -Werror=format-security -Wdate-time -D_FORTIFY_SOURCE=2 -g   -c vendor/cigraph/src/community/infomap/infomap_Greedy.cc -o vendor/cigraph/src/community/infomap/infomap_Greedy.o
gcc -std=gnu2x -I"/usr/local/lib/R/include" -DNDEBUG -DUSING_R -I. -Ivendor -Ivendor/cigraph/src -Ivendor/cigraph/include -Ivendor/cigraph/vendor -Ivendor/io/parsers  -I/usr/include/libxml2 -DHAVE_LIBXML -DNDEBUG -DNTIMER -DNPRINT -DIGRAPH_THREAD_LOCAL= -DPRPACK_IGRAPH_SUPPORT -DHAVE_GFORTRAN=1 -D_GNU_SOURCE=1 -I'/usr/local/lib/R/site-library/cpp11/include' -I/usr/local/include   -fvisibility=hidden -fpic  -g -O2 -fstack-protector-strong -Wformat -Werror=format-security -Wdate-time -D_FORTIFY_SOURCE=2 -g  -c vendor/cigraph/src/community/label_propagation.c -o vendor/cigraph/src/community/label_propagation.o
gcc -std=gnu2x -I"/usr/local/lib/R/include" -DNDEBUG -DUSING_R -I. -Ivendor -Ivendor/cigraph/src -Ivendor/cigraph/include -Ivendor/cigraph/vendor -Ivendor/io/parsers  -I/usr/include/libxml2 -DHAVE_LIBXML -DNDEBUG -DNTIMER -DNPRINT -DIGRAPH_THREAD_LOCAL= -DPRPACK_IGRAPH_SUPPORT -DHAVE_GFORTRAN=1 -D_GNU_SOURCE=1 -I'/usr/local/lib/R/site-library/cpp11/include' -I/usr/local/include   -fvisibility=hidden -fpic  -g -O2 -fstack-protector-strong -Wformat -Werror=format-security -Wdate-time -D_FORTIFY_SOURCE=2 -g  -c vendor/cigraph/src/community/leading_eigenvector.c -o vendor/cigraph/src/community/leading_eigenvector.o
gcc -std=gnu2x -I"/usr/local/lib/R/include" -DNDEBUG -DUSING_R -I. -Ivendor -Ivendor/cigraph/src -Ivendor/cigraph/include -Ivendor/cigraph/vendor -Ivendor/io/parsers  -I/usr/include/libxml2 -DHAVE_LIBXML -DNDEBUG -DNTIMER -DNPRINT -DIGRAPH_THREAD_LOCAL= -DPRPACK_IGRAPH_SUPPORT -DHAVE_GFORTRAN=1 -D_GNU_SOURCE=1 -I'/usr/local/lib/R/site-library/cpp11/include' -I/usr/local/include   -fvisibility=hidden -fpic  -g -O2 -fstack-protector-strong -Wformat -Werror=format-security -Wdate-time -D_FORTIFY_SOURCE=2 -g  -c vendor/cigraph/src/community/leiden.c -o vendor/cigraph/src/community/leiden.o
gcc -std=gnu2x -I"/usr/local/lib/R/include" -DNDEBUG -DUSING_R -I. -Ivendor -Ivendor/cigraph/src -Ivendor/cigraph/include -Ivendor/cigraph/vendor -Ivendor/io/parsers  -I/usr/include/libxml2 -DHAVE_LIBXML -DNDEBUG -DNTIMER -DNPRINT -DIGRAPH_THREAD_LOCAL= -DPRPACK_IGRAPH_SUPPORT -DHAVE_GFORTRAN=1 -D_GNU_SOURCE=1 -I'/usr/local/lib/R/site-library/cpp11/include' -I/usr/local/include   -fvisibility=hidden -fpic  -g -O2 -fstack-protector-strong -Wformat -Werror=format-security -Wdate-time -D_FORTIFY_SOURCE=2 -g  -c vendor/cigraph/src/community/louvain.c -o vendor/cigraph/src/community/louvain.o
gcc -std=gnu2x -I"/usr/local/lib/R/include" -DNDEBUG -DUSING_R -I. -Ivendor -Ivendor/cigraph/src -Ivendor/cigraph/include -Ivendor/cigraph/vendor -Ivendor/io/parsers  -I/usr/include/libxml2 -DHAVE_LIBXML -DNDEBUG -DNTIMER -DNPRINT -DIGRAPH_THREAD_LOCAL= -DPRPACK_IGRAPH_SUPPORT -DHAVE_GFORTRAN=1 -D_GNU_SOURCE=1 -I'/usr/local/lib/R/site-library/cpp11/include' -I/usr/local/include   -fvisibility=hidden -fpic  -g -O2 -fstack-protector-strong -Wformat -Werror=format-security -Wdate-time -D_FORTIFY_SOURCE=2 -g  -c vendor/cigraph/src/community/modularity.c -o vendor/cigraph/src/community/modularity.o
gcc -std=gnu2x -I"/usr/local/lib/R/include" -DNDEBUG -DUSING_R -I. -Ivendor -Ivendor/cigraph/src -Ivendor/cigraph/include -Ivendor/cigraph/vendor -Ivendor/io/parsers  -I/usr/include/libxml2 -DHAVE_LIBXML -DNDEBUG -DNTIMER -DNPRINT -DIGRAPH_THREAD_LOCAL= -DPRPACK_IGRAPH_SUPPORT -DHAVE_GFORTRAN=1 -D_GNU_SOURCE=1 -I'/usr/local/lib/R/site-library/cpp11/include' -I/usr/local/include   -fvisibility=hidden -fpic  -g -O2 -fstack-protector-strong -Wformat -Werror=format-security -Wdate-time -D_FORTIFY_SOURCE=2 -g  -c vendor/cigraph/src/community/optimal_modularity.c -o vendor/cigraph/src/community/optimal_modularity.o
g++ -std=gnu++17 -I"/usr/local/lib/R/include" -DNDEBUG -DUSING_R -I. -Ivendor -Ivendor/cigraph/src -Ivendor/cigraph/include -Ivendor/cigraph/vendor -Ivendor/io/parsers  -I/usr/include/libxml2 -DHAVE_LIBXML -DNDEBUG -DNTIMER -DNPRINT -DIGRAPH_THREAD_LOCAL= -DPRPACK_IGRAPH_SUPPORT -DHAVE_GFORTRAN=1 -D_GNU_SOURCE=1 -I'/usr/local/lib/R/site-library/cpp11/include' -I/usr/local/include   -fvisibility=hidden -fpic  -g -O2 -fstack-protector-strong -Wformat -Werror=format-security -Wdate-time -D_FORTIFY_SOURCE=2 -g   -c vendor/cigraph/src/community/spinglass/NetDataTypes.cpp -o vendor/cigraph/src/community/spinglass/NetDataTypes.o
g++ -std=gnu++17 -I"/usr/local/lib/R/include" -DNDEBUG -DUSING_R -I. -Ivendor -Ivendor/cigraph/src -Ivendor/cigraph/include -Ivendor/cigraph/vendor -Ivendor/io/parsers  -I/usr/include/libxml2 -DHAVE_LIBXML -DNDEBUG -DNTIMER -DNPRINT -DIGRAPH_THREAD_LOCAL= -DPRPACK_IGRAPH_SUPPORT -DHAVE_GFORTRAN=1 -D_GNU_SOURCE=1 -I'/usr/local/lib/R/site-library/cpp11/include' -I/usr/local/include   -fvisibility=hidden -fpic  -g -O2 -fstack-protector-strong -Wformat -Werror=format-security -Wdate-time -D_FORTIFY_SOURCE=2 -g   -c vendor/cigraph/src/community/spinglass/NetRoutines.cpp -o vendor/cigraph/src/community/spinglass/NetRoutines.o
g++ -std=gnu++17 -I"/usr/local/lib/R/include" -DNDEBUG -DUSING_R -I. -Ivendor -Ivendor/cigraph/src -Ivendor/cigraph/include -Ivendor/cigraph/vendor -Ivendor/io/parsers  -I/usr/include/libxml2 -DHAVE_LIBXML -DNDEBUG -DNTIMER -DNPRINT -DIGRAPH_THREAD_LOCAL= -DPRPACK_IGRAPH_SUPPORT -DHAVE_GFORTRAN=1 -D_GNU_SOURCE=1 -I'/usr/local/lib/R/site-library/cpp11/include' -I/usr/local/include   -fvisibility=hidden -fpic  -g -O2 -fstack-protector-strong -Wformat -Werror=format-security -Wdate-time -D_FORTIFY_SOURCE=2 -g   -c vendor/cigraph/src/community/spinglass/clustertool.cpp -o vendor/cigraph/src/community/spinglass/clustertool.o
g++ -std=gnu++17 -I"/usr/local/lib/R/include" -DNDEBUG -DUSING_R -I. -Ivendor -Ivendor/cigraph/src -Ivendor/cigraph/include -Ivendor/cigraph/vendor -Ivendor/io/parsers  -I/usr/include/libxml2 -DHAVE_LIBXML -DNDEBUG -DNTIMER -DNPRINT -DIGRAPH_THREAD_LOCAL= -DPRPACK_IGRAPH_SUPPORT -DHAVE_GFORTRAN=1 -D_GNU_SOURCE=1 -I'/usr/local/lib/R/site-library/cpp11/include' -I/usr/local/include   -fvisibility=hidden -fpic  -g -O2 -fstack-protector-strong -Wformat -Werror=format-security -Wdate-time -D_FORTIFY_SOURCE=2 -g   -c vendor/cigraph/src/community/spinglass/pottsmodel_2.cpp -o vendor/cigraph/src/community/spinglass/pottsmodel_2.o
gcc -std=gnu2x -I"/usr/local/lib/R/include" -DNDEBUG -DUSING_R -I. -Ivendor -Ivendor/cigraph/src -Ivendor/cigraph/include -Ivendor/cigraph/vendor -Ivendor/io/parsers  -I/usr/include/libxml2 -DHAVE_LIBXML -DNDEBUG -DNTIMER -DNPRINT -DIGRAPH_THREAD_LOCAL= -DPRPACK_IGRAPH_SUPPORT -DHAVE_GFORTRAN=1 -D_GNU_SOURCE=1 -I'/usr/local/lib/R/site-library/cpp11/include' -I/usr/local/include   -fvisibility=hidden -fpic  -g -O2 -fstack-protector-strong -Wformat -Werror=format-security -Wdate-time -D_FORTIFY_SOURCE=2 -g  -c vendor/cigraph/src/community/voronoi.c -o vendor/cigraph/src/community/voronoi.o
g++ -std=gnu++17 -I"/usr/local/lib/R/include" -DNDEBUG -DUSING_R -I. -Ivendor -Ivendor/cigraph/src -Ivendor/cigraph/include -Ivendor/cigraph/vendor -Ivendor/io/parsers  -I/usr/include/libxml2 -DHAVE_LIBXML -DNDEBUG -DNTIMER -DNPRINT -DIGRAPH_THREAD_LOCAL= -DPRPACK_IGRAPH_SUPPORT -DHAVE_GFORTRAN=1 -D_GNU_SOURCE=1 -I'/usr/local/lib/R/site-library/cpp11/include' -I/usr/local/include   -fvisibility=hidden -fpic  -g -O2 -fstack-protector-strong -Wformat -Werror=format-security -Wdate-time -D_FORTIFY_SOURCE=2 -g   -c vendor/cigraph/src/community/walktrap/walktrap.cpp -o vendor/cigraph/src/community/walktrap/walktrap.o
g++ -std=gnu++17 -I"/usr/local/lib/R/include" -DNDEBUG -DUSING_R -I. -Ivendor -Ivendor/cigraph/src -Ivendor/cigraph/include -Ivendor/cigraph/vendor -Ivendor/io/parsers  -I/usr/include/libxml2 -DHAVE_LIBXML -DNDEBUG -DNTIMER -DNPRINT -DIGRAPH_THREAD_LOCAL= -DPRPACK_IGRAPH_SUPPORT -DHAVE_GFORTRAN=1 -D_GNU_SOURCE=1 -I'/usr/local/lib/R/site-library/cpp11/include' -I/usr/local/include   -fvisibility=hidden -fpic  -g -O2 -fstack-protector-strong -Wformat -Werror=format-security -Wdate-time -D_FORTIFY_SOURCE=2 -g   -c vendor/cigraph/src/community/walktrap/walktrap_communities.cpp -o vendor/cigraph/src/community/walktrap/walktrap_communities.o
g++ -std=gnu++17 -I"/usr/local/lib/R/include" -DNDEBUG -DUSING_R -I. -Ivendor -Ivendor/cigraph/src -Ivendor/cigraph/include -Ivendor/cigraph/vendor -Ivendor/io/parsers  -I/usr/include/libxml2 -DHAVE_LIBXML -DNDEBUG -DNTIMER -DNPRINT -DIGRAPH_THREAD_LOCAL= -DPRPACK_IGRAPH_SUPPORT -DHAVE_GFORTRAN=1 -D_GNU_SOURCE=1 -I'/usr/local/lib/R/site-library/cpp11/include' -I/usr/local/include   -fvisibility=hidden -fpic  -g -O2 -fstack-protector-strong -Wformat -Werror=format-security -Wdate-time -D_FORTIFY_SOURCE=2 -g   -c vendor/cigraph/src/community/walktrap/walktrap_graph.cpp -o vendor/cigraph/src/community/walktrap/walktrap_graph.o
g++ -std=gnu++17 -I"/usr/local/lib/R/include" -DNDEBUG -DUSING_R -I. -Ivendor -Ivendor/cigraph/src -Ivendor/cigraph/include -Ivendor/cigraph/vendor -Ivendor/io/parsers  -I/usr/include/libxml2 -DHAVE_LIBXML -DNDEBUG -DNTIMER -DNPRINT -DIGRAPH_THREAD_LOCAL= -DPRPACK_IGRAPH_SUPPORT -DHAVE_GFORTRAN=1 -D_GNU_SOURCE=1 -I'/usr/local/lib/R/site-library/cpp11/include' -I/usr/local/include   -fvisibility=hidden -fpic  -g -O2 -fstack-protector-strong -Wformat -Werror=format-security -Wdate-time -D_FORTIFY_SOURCE=2 -g   -c vendor/cigraph/src/community/walktrap/walktrap_heap.cpp -o vendor/cigraph/src/community/walktrap/walktrap_heap.o
gcc -std=gnu2x -I"/usr/local/lib/R/include" -DNDEBUG -DUSING_R -I. -Ivendor -Ivendor/cigraph/src -Ivendor/cigraph/include -Ivendor/cigraph/vendor -Ivendor/io/parsers  -I/usr/include/libxml2 -DHAVE_LIBXML -DNDEBUG -DNTIMER -DNPRINT -DIGRAPH_THREAD_LOCAL= -DPRPACK_IGRAPH_SUPPORT -DHAVE_GFORTRAN=1 -D_GNU_SOURCE=1 -I'/usr/local/lib/R/site-library/cpp11/include' -I/usr/local/include   -fvisibility=hidden -fpic  -g -O2 -fstack-protector-strong -Wformat -Werror=format-security -Wdate-time -D_FORTIFY_SOURCE=2 -g  -c vendor/cigraph/src/connectivity/cohesive_blocks.c -o vendor/cigraph/src/connectivity/cohesive_blocks.o
gcc -std=gnu2x -I"/usr/local/lib/R/include" -DNDEBUG -DUSING_R -I. -Ivendor -Ivendor/cigraph/src -Ivendor/cigraph/include -Ivendor/cigraph/vendor -Ivendor/io/parsers  -I/usr/include/libxml2 -DHAVE_LIBXML -DNDEBUG -DNTIMER -DNPRINT -DIGRAPH_THREAD_LOCAL= -DPRPACK_IGRAPH_SUPPORT -DHAVE_GFORTRAN=1 -D_GNU_SOURCE=1 -I'/usr/local/lib/R/site-library/cpp11/include' -I/usr/local/include   -fvisibility=hidden -fpic  -g -O2 -fstack-protector-strong -Wformat -Werror=format-security -Wdate-time -D_FORTIFY_SOURCE=2 -g  -c vendor/cigraph/src/connectivity/components.c -o vendor/cigraph/src/connectivity/components.o
gcc -std=gnu2x -I"/usr/local/lib/R/include" -DNDEBUG -DUSING_R -I. -Ivendor -Ivendor/cigraph/src -Ivendor/cigraph/include -Ivendor/cigraph/vendor -Ivendor/io/parsers  -I/usr/include/libxml2 -DHAVE_LIBXML -DNDEBUG -DNTIMER -DNPRINT -DIGRAPH_THREAD_LOCAL= -DPRPACK_IGRAPH_SUPPORT -DHAVE_GFORTRAN=1 -D_GNU_SOURCE=1 -I'/usr/local/lib/R/site-library/cpp11/include' -I/usr/local/include   -fvisibility=hidden -fpic  -g -O2 -fstack-protector-strong -Wformat -Werror=format-security -Wdate-time -D_FORTIFY_SOURCE=2 -g  -c vendor/cigraph/src/connectivity/reachability.c -o vendor/cigraph/src/connectivity/reachability.o
gcc -std=gnu2x -I"/usr/local/lib/R/include" -DNDEBUG -DUSING_R -I. -Ivendor -Ivendor/cigraph/src -Ivendor/cigraph/include -Ivendor/cigraph/vendor -Ivendor/io/parsers  -I/usr/include/libxml2 -DHAVE_LIBXML -DNDEBUG -DNTIMER -DNPRINT -DIGRAPH_THREAD_LOCAL= -DPRPACK_IGRAPH_SUPPORT -DHAVE_GFORTRAN=1 -D_GNU_SOURCE=1 -I'/usr/local/lib/R/site-library/cpp11/include' -I/usr/local/include   -fvisibility=hidden -fpic  -g -O2 -fstack-protector-strong -Wformat -Werror=format-security -Wdate-time -D_FORTIFY_SOURCE=2 -g  -c vendor/cigraph/src/connectivity/separators.c -o vendor/cigraph/src/connectivity/separators.o
gcc -std=gnu2x -I"/usr/local/lib/R/include" -DNDEBUG -DUSING_R -I. -Ivendor -Ivendor/cigraph/src -Ivendor/cigraph/include -Ivendor/cigraph/vendor -Ivendor/io/parsers  -I/usr/include/libxml2 -DHAVE_LIBXML -DNDEBUG -DNTIMER -DNPRINT -DIGRAPH_THREAD_LOCAL= -DPRPACK_IGRAPH_SUPPORT -DHAVE_GFORTRAN=1 -D_GNU_SOURCE=1 -I'/usr/local/lib/R/site-library/cpp11/include' -I/usr/local/include   -fvisibility=hidden -fpic  -g -O2 -fstack-protector-strong -Wformat -Werror=format-security -Wdate-time -D_FORTIFY_SOURCE=2 -g  -c vendor/cigraph/src/constructors/adjacency.c -o vendor/cigraph/src/constructors/adjacency.o
gcc -std=gnu2x -I"/usr/local/lib/R/include" -DNDEBUG -DUSING_R -I. -Ivendor -Ivendor/cigraph/src -Ivendor/cigraph/include -Ivendor/cigraph/vendor -Ivendor/io/parsers  -I/usr/include/libxml2 -DHAVE_LIBXML -DNDEBUG -DNTIMER -DNPRINT -DIGRAPH_THREAD_LOCAL= -DPRPACK_IGRAPH_SUPPORT -DHAVE_GFORTRAN=1 -D_GNU_SOURCE=1 -I'/usr/local/lib/R/site-library/cpp11/include' -I/usr/local/include   -fvisibility=hidden -fpic  -g -O2 -fstack-protector-strong -Wformat -Werror=format-security -Wdate-time -D_FORTIFY_SOURCE=2 -g  -c vendor/cigraph/src/constructors/atlas.c -o vendor/cigraph/src/constructors/atlas.o
gcc -std=gnu2x -I"/usr/local/lib/R/include" -DNDEBUG -DUSING_R -I. -Ivendor -Ivendor/cigraph/src -Ivendor/cigraph/include -Ivendor/cigraph/vendor -Ivendor/io/parsers  -I/usr/include/libxml2 -DHAVE_LIBXML -DNDEBUG -DNTIMER -DNPRINT -DIGRAPH_THREAD_LOCAL= -DPRPACK_IGRAPH_SUPPORT -DHAVE_GFORTRAN=1 -D_GNU_SOURCE=1 -I'/usr/local/lib/R/site-library/cpp11/include' -I/usr/local/include   -fvisibility=hidden -fpic  -g -O2 -fstack-protector-strong -Wformat -Werror=format-security -Wdate-time -D_FORTIFY_SOURCE=2 -g  -c vendor/cigraph/src/constructors/basic_constructors.c -o vendor/cigraph/src/constructors/basic_constructors.o
gcc -std=gnu2x -I"/usr/local/lib/R/include" -DNDEBUG -DUSING_R -I. -Ivendor -Ivendor/cigraph/src -Ivendor/cigraph/include -Ivendor/cigraph/vendor -Ivendor/io/parsers  -I/usr/include/libxml2 -DHAVE_LIBXML -DNDEBUG -DNTIMER -DNPRINT -DIGRAPH_THREAD_LOCAL= -DPRPACK_IGRAPH_SUPPORT -DHAVE_GFORTRAN=1 -D_GNU_SOURCE=1 -I'/usr/local/lib/R/site-library/cpp11/include' -I/usr/local/include   -fvisibility=hidden -fpic  -g -O2 -fstack-protector-strong -Wformat -Werror=format-security -Wdate-time -D_FORTIFY_SOURCE=2 -g  -c vendor/cigraph/src/constructors/circulant.c -o vendor/cigraph/src/constructors/circulant.o
gcc -std=gnu2x -I"/usr/local/lib/R/include" -DNDEBUG -DUSING_R -I. -Ivendor -Ivendor/cigraph/src -Ivendor/cigraph/include -Ivendor/cigraph/vendor -Ivendor/io/parsers  -I/usr/include/libxml2 -DHAVE_LIBXML -DNDEBUG -DNTIMER -DNPRINT -DIGRAPH_THREAD_LOCAL= -DPRPACK_IGRAPH_SUPPORT -DHAVE_GFORTRAN=1 -D_GNU_SOURCE=1 -I'/usr/local/lib/R/site-library/cpp11/include' -I/usr/local/include   -fvisibility=hidden -fpic  -g -O2 -fstack-protector-strong -Wformat -Werror=format-security -Wdate-time -D_FORTIFY_SOURCE=2 -g  -c vendor/cigraph/src/constructors/de_bruijn.c -o vendor/cigraph/src/constructors/de_bruijn.o
gcc -std=gnu2x -I"/usr/local/lib/R/include" -DNDEBUG -DUSING_R -I. -Ivendor -Ivendor/cigraph/src -Ivendor/cigraph/include -Ivendor/cigraph/vendor -Ivendor/io/parsers  -I/usr/include/libxml2 -DHAVE_LIBXML -DNDEBUG -DNTIMER -DNPRINT -DIGRAPH_THREAD_LOCAL= -DPRPACK_IGRAPH_SUPPORT -DHAVE_GFORTRAN=1 -D_GNU_SOURCE=1 -I'/usr/local/lib/R/site-library/cpp11/include' -I/usr/local/include   -fvisibility=hidden -fpic  -g -O2 -fstack-protector-strong -Wformat -Werror=format-security -Wdate-time -D_FORTIFY_SOURCE=2 -g  -c vendor/cigraph/src/constructors/famous.c -o vendor/cigraph/src/constructors/famous.o
gcc -std=gnu2x -I"/usr/local/lib/R/include" -DNDEBUG -DUSING_R -I. -Ivendor -Ivendor/cigraph/src -Ivendor/cigraph/include -Ivendor/cigraph/vendor -Ivendor/io/parsers  -I/usr/include/libxml2 -DHAVE_LIBXML -DNDEBUG -DNTIMER -DNPRINT -DIGRAPH_THREAD_LOCAL= -DPRPACK_IGRAPH_SUPPORT -DHAVE_GFORTRAN=1 -D_GNU_SOURCE=1 -I'/usr/local/lib/R/site-library/cpp11/include' -I/usr/local/include   -fvisibility=hidden -fpic  -g -O2 -fstack-protector-strong -Wformat -Werror=format-security -Wdate-time -D_FORTIFY_SOURCE=2 -g  -c vendor/cigraph/src/constructors/full.c -o vendor/cigraph/src/constructors/full.o
gcc -std=gnu2x -I"/usr/local/lib/R/include" -DNDEBUG -DUSING_R -I. -Ivendor -Ivendor/cigraph/src -Ivendor/cigraph/include -Ivendor/cigraph/vendor -Ivendor/io/parsers  -I/usr/include/libxml2 -DHAVE_LIBXML -DNDEBUG -DNTIMER -DNPRINT -DIGRAPH_THREAD_LOCAL= -DPRPACK_IGRAPH_SUPPORT -DHAVE_GFORTRAN=1 -D_GNU_SOURCE=1 -I'/usr/local/lib/R/site-library/cpp11/include' -I/usr/local/include   -fvisibility=hidden -fpic  -g -O2 -fstack-protector-strong -Wformat -Werror=format-security -Wdate-time -D_FORTIFY_SOURCE=2 -g  -c vendor/cigraph/src/constructors/generalized_petersen.c -o vendor/cigraph/src/constructors/generalized_petersen.o
gcc -std=gnu2x -I"/usr/local/lib/R/include" -DNDEBUG -DUSING_R -I. -Ivendor -Ivendor/cigraph/src -Ivendor/cigraph/include -Ivendor/cigraph/vendor -Ivendor/io/parsers  -I/usr/include/libxml2 -DHAVE_LIBXML -DNDEBUG -DNTIMER -DNPRINT -DIGRAPH_THREAD_LOCAL= -DPRPACK_IGRAPH_SUPPORT -DHAVE_GFORTRAN=1 -D_GNU_SOURCE=1 -I'/usr/local/lib/R/site-library/cpp11/include' -I/usr/local/include   -fvisibility=hidden -fpic  -g -O2 -fstack-protector-strong -Wformat -Werror=format-security -Wdate-time -D_FORTIFY_SOURCE=2 -g  -c vendor/cigraph/src/constructors/kautz.c -o vendor/cigraph/src/constructors/kautz.o
gcc -std=gnu2x -I"/usr/local/lib/R/include" -DNDEBUG -DUSING_R -I. -Ivendor -Ivendor/cigraph/src -Ivendor/cigraph/include -Ivendor/cigraph/vendor -Ivendor/io/parsers  -I/usr/include/libxml2 -DHAVE_LIBXML -DNDEBUG -DNTIMER -DNPRINT -DIGRAPH_THREAD_LOCAL= -DPRPACK_IGRAPH_SUPPORT -DHAVE_GFORTRAN=1 -D_GNU_SOURCE=1 -I'/usr/local/lib/R/site-library/cpp11/include' -I/usr/local/include   -fvisibility=hidden -fpic  -g -O2 -fstack-protector-strong -Wformat -Werror=format-security -Wdate-time -D_FORTIFY_SOURCE=2 -g  -c vendor/cigraph/src/constructors/lattices.c -o vendor/cigraph/src/constructors/lattices.o
gcc -std=gnu2x -I"/usr/local/lib/R/include" -DNDEBUG -DUSING_R -I. -Ivendor -Ivendor/cigraph/src -Ivendor/cigraph/include -Ivendor/cigraph/vendor -Ivendor/io/parsers  -I/usr/include/libxml2 -DHAVE_LIBXML -DNDEBUG -DNTIMER -DNPRINT -DIGRAPH_THREAD_LOCAL= -DPRPACK_IGRAPH_SUPPORT -DHAVE_GFORTRAN=1 -D_GNU_SOURCE=1 -I'/usr/local/lib/R/site-library/cpp11/include' -I/usr/local/include   -fvisibility=hidden -fpic  -g -O2 -fstack-protector-strong -Wformat -Werror=format-security -Wdate-time -D_FORTIFY_SOURCE=2 -g  -c vendor/cigraph/src/constructors/lcf.c -o vendor/cigraph/src/constructors/lcf.o
gcc -std=gnu2x -I"/usr/local/lib/R/include" -DNDEBUG -DUSING_R -I. -Ivendor -Ivendor/cigraph/src -Ivendor/cigraph/include -Ivendor/cigraph/vendor -Ivendor/io/parsers  -I/usr/include/libxml2 -DHAVE_LIBXML -DNDEBUG -DNTIMER -DNPRINT -DIGRAPH_THREAD_LOCAL= -DPRPACK_IGRAPH_SUPPORT -DHAVE_GFORTRAN=1 -D_GNU_SOURCE=1 -I'/usr/local/lib/R/site-library/cpp11/include' -I/usr/local/include   -fvisibility=hidden -fpic  -g -O2 -fstack-protector-strong -Wformat -Werror=format-security -Wdate-time -D_FORTIFY_SOURCE=2 -g  -c vendor/cigraph/src/constructors/linegraph.c -o vendor/cigraph/src/constructors/linegraph.o
gcc -std=gnu2x -I"/usr/local/lib/R/include" -DNDEBUG -DUSING_R -I. -Ivendor -Ivendor/cigraph/src -Ivendor/cigraph/include -Ivendor/cigraph/vendor -Ivendor/io/parsers  -I/usr/include/libxml2 -DHAVE_LIBXML -DNDEBUG -DNTIMER -DNPRINT -DIGRAPH_THREAD_LOCAL= -DPRPACK_IGRAPH_SUPPORT -DHAVE_GFORTRAN=1 -D_GNU_SOURCE=1 -I'/usr/local/lib/R/site-library/cpp11/include' -I/usr/local/include   -fvisibility=hidden -fpic  -g -O2 -fstack-protector-strong -Wformat -Werror=format-security -Wdate-time -D_FORTIFY_SOURCE=2 -g  -c vendor/cigraph/src/constructors/prufer.c -o vendor/cigraph/src/constructors/prufer.o
gcc -std=gnu2x -I"/usr/local/lib/R/include" -DNDEBUG -DUSING_R -I. -Ivendor -Ivendor/cigraph/src -Ivendor/cigraph/include -Ivendor/cigraph/vendor -Ivendor/io/parsers  -I/usr/include/libxml2 -DHAVE_LIBXML -DNDEBUG -DNTIMER -DNPRINT -DIGRAPH_THREAD_LOCAL= -DPRPACK_IGRAPH_SUPPORT -DHAVE_GFORTRAN=1 -D_GNU_SOURCE=1 -I'/usr/local/lib/R/site-library/cpp11/include' -I/usr/local/include   -fvisibility=hidden -fpic  -g -O2 -fstack-protector-strong -Wformat -Werror=format-security -Wdate-time -D_FORTIFY_SOURCE=2 -g  -c vendor/cigraph/src/constructors/regular.c -o vendor/cigraph/src/constructors/regular.o
gcc -std=gnu2x -I"/usr/local/lib/R/include" -DNDEBUG -DUSING_R -I. -Ivendor -Ivendor/cigraph/src -Ivendor/cigraph/include -Ivendor/cigraph/vendor -Ivendor/io/parsers  -I/usr/include/libxml2 -DHAVE_LIBXML -DNDEBUG -DNTIMER -DNPRINT -DIGRAPH_THREAD_LOCAL= -DPRPACK_IGRAPH_SUPPORT -DHAVE_GFORTRAN=1 -D_GNU_SOURCE=1 -I'/usr/local/lib/R/site-library/cpp11/include' -I/usr/local/include   -fvisibility=hidden -fpic  -g -O2 -fstack-protector-strong -Wformat -Werror=format-security -Wdate-time -D_FORTIFY_SOURCE=2 -g  -c vendor/cigraph/src/constructors/trees.c -o vendor/cigraph/src/constructors/trees.o
gcc -std=gnu2x -I"/usr/local/lib/R/include" -DNDEBUG -DUSING_R -I. -Ivendor -Ivendor/cigraph/src -Ivendor/cigraph/include -Ivendor/cigraph/vendor -Ivendor/io/parsers  -I/usr/include/libxml2 -DHAVE_LIBXML -DNDEBUG -DNTIMER -DNPRINT -DIGRAPH_THREAD_LOCAL= -DPRPACK_IGRAPH_SUPPORT -DHAVE_GFORTRAN=1 -D_GNU_SOURCE=1 -I'/usr/local/lib/R/site-library/cpp11/include' -I/usr/local/include   -fvisibility=hidden -fpic  -g -O2 -fstack-protector-strong -Wformat -Werror=format-security -Wdate-time -D_FORTIFY_SOURCE=2 -g  -c vendor/cigraph/src/core/array.c -o vendor/cigraph/src/core/array.o
gcc -std=gnu2x -I"/usr/local/lib/R/include" -DNDEBUG -DUSING_R -I. -Ivendor -Ivendor/cigraph/src -Ivendor/cigraph/include -Ivendor/cigraph/vendor -Ivendor/io/parsers  -I/usr/include/libxml2 -DHAVE_LIBXML -DNDEBUG -DNTIMER -DNPRINT -DIGRAPH_THREAD_LOCAL= -DPRPACK_IGRAPH_SUPPORT -DHAVE_GFORTRAN=1 -D_GNU_SOURCE=1 -I'/usr/local/lib/R/site-library/cpp11/include' -I/usr/local/include   -fvisibility=hidden -fpic  -g -O2 -fstack-protector-strong -Wformat -Werror=format-security -Wdate-time -D_FORTIFY_SOURCE=2 -g  -c vendor/cigraph/src/core/bitset.c -o vendor/cigraph/src/core/bitset.o
gcc -std=gnu2x -I"/usr/local/lib/R/include" -DNDEBUG -DUSING_R -I. -Ivendor -Ivendor/cigraph/src -Ivendor/cigraph/include -Ivendor/cigraph/vendor -Ivendor/io/parsers  -I/usr/include/libxml2 -DHAVE_LIBXML -DNDEBUG -DNTIMER -DNPRINT -DIGRAPH_THREAD_LOCAL= -DPRPACK_IGRAPH_SUPPORT -DHAVE_GFORTRAN=1 -D_GNU_SOURCE=1 -I'/usr/local/lib/R/site-library/cpp11/include' -I/usr/local/include   -fvisibility=hidden -fpic  -g -O2 -fstack-protector-strong -Wformat -Werror=format-security -Wdate-time -D_FORTIFY_SOURCE=2 -g  -c vendor/cigraph/src/core/bitset_list.c -o vendor/cigraph/src/core/bitset_list.o
gcc -std=gnu2x -I"/usr/local/lib/R/include" -DNDEBUG -DUSING_R -I. -Ivendor -Ivendor/cigraph/src -Ivendor/cigraph/include -Ivendor/cigraph/vendor -Ivendor/io/parsers  -I/usr/include/libxml2 -DHAVE_LIBXML -DNDEBUG -DNTIMER -DNPRINT -DIGRAPH_THREAD_LOCAL= -DPRPACK_IGRAPH_SUPPORT -DHAVE_GFORTRAN=1 -D_GNU_SOURCE=1 -I'/usr/local/lib/R/site-library/cpp11/include' -I/usr/local/include   -fvisibility=hidden -fpic  -g -O2 -fstack-protector-strong -Wformat -Werror=format-security -Wdate-time -D_FORTIFY_SOURCE=2 -g  -c vendor/cigraph/src/core/buckets.c -o vendor/cigraph/src/core/buckets.o
gcc -std=gnu2x -I"/usr/local/lib/R/include" -DNDEBUG -DUSING_R -I. -Ivendor -Ivendor/cigraph/src -Ivendor/cigraph/include -Ivendor/cigraph/vendor -Ivendor/io/parsers  -I/usr/include/libxml2 -DHAVE_LIBXML -DNDEBUG -DNTIMER -DNPRINT -DIGRAPH_THREAD_LOCAL= -DPRPACK_IGRAPH_SUPPORT -DHAVE_GFORTRAN=1 -D_GNU_SOURCE=1 -I'/usr/local/lib/R/site-library/cpp11/include' -I/usr/local/include   -fvisibility=hidden -fpic  -g -O2 -fstack-protector-strong -Wformat -Werror=format-security -Wdate-time -D_FORTIFY_SOURCE=2 -g  -c vendor/cigraph/src/core/cutheap.c -o vendor/cigraph/src/core/cutheap.o
gcc -std=gnu2x -I"/usr/local/lib/R/include" -DNDEBUG -DUSING_R -I. -Ivendor -Ivendor/cigraph/src -Ivendor/cigraph/include -Ivendor/cigraph/vendor -Ivendor/io/parsers  -I/usr/include/libxml2 -DHAVE_LIBXML -DNDEBUG -DNTIMER -DNPRINT -DIGRAPH_THREAD_LOCAL= -DPRPACK_IGRAPH_SUPPORT -DHAVE_GFORTRAN=1 -D_GNU_SOURCE=1 -I'/usr/local/lib/R/site-library/cpp11/include' -I/usr/local/include   -fvisibility=hidden -fpic  -g -O2 -fstack-protector-strong -Wformat -Werror=format-security -Wdate-time -D_FORTIFY_SOURCE=2 -g  -c vendor/cigraph/src/core/dqueue.c -o vendor/cigraph/src/core/dqueue.o
gcc -std=gnu2x -I"/usr/local/lib/R/include" -DNDEBUG -DUSING_R -I. -Ivendor -Ivendor/cigraph/src -Ivendor/cigraph/include -Ivendor/cigraph/vendor -Ivendor/io/parsers  -I/usr/include/libxml2 -DHAVE_LIBXML -DNDEBUG -DNTIMER -DNPRINT -DIGRAPH_THREAD_LOCAL= -DPRPACK_IGRAPH_SUPPORT -DHAVE_GFORTRAN=1 -D_GNU_SOURCE=1 -I'/usr/local/lib/R/site-library/cpp11/include' -I/usr/local/include   -fvisibility=hidden -fpic  -g -O2 -fstack-protector-strong -Wformat -Werror=format-security -Wdate-time -D_FORTIFY_SOURCE=2 -g  -c vendor/cigraph/src/core/error.c -o vendor/cigraph/src/core/error.o
gcc -std=gnu2x -I"/usr/local/lib/R/include" -DNDEBUG -DUSING_R -I. -Ivendor -Ivendor/cigraph/src -Ivendor/cigraph/include -Ivendor/cigraph/vendor -Ivendor/io/parsers  -I/usr/include/libxml2 -DHAVE_LIBXML -DNDEBUG -DNTIMER -DNPRINT -DIGRAPH_THREAD_LOCAL= -DPRPACK_IGRAPH_SUPPORT -DHAVE_GFORTRAN=1 -D_GNU_SOURCE=1 -I'/usr/local/lib/R/site-library/cpp11/include' -I/usr/local/include   -fvisibility=hidden -fpic  -g -O2 -fstack-protector-strong -Wformat -Werror=format-security -Wdate-time -D_FORTIFY_SOURCE=2 -g  -c vendor/cigraph/src/core/estack.c -o vendor/cigraph/src/core/estack.o
gcc -std=gnu2x -I"/usr/local/lib/R/include" -DNDEBUG -DUSING_R -I. -Ivendor -Ivendor/cigraph/src -Ivendor/cigraph/include -Ivendor/cigraph/vendor -Ivendor/io/parsers  -I/usr/include/libxml2 -DHAVE_LIBXML -DNDEBUG -DNTIMER -DNPRINT -DIGRAPH_THREAD_LOCAL= -DPRPACK_IGRAPH_SUPPORT -DHAVE_GFORTRAN=1 -D_GNU_SOURCE=1 -I'/usr/local/lib/R/site-library/cpp11/include' -I/usr/local/include   -fvisibility=hidden -fpic  -g -O2 -fstack-protector-strong -Wformat -Werror=format-security -Wdate-time -D_FORTIFY_SOURCE=2 -g  -c vendor/cigraph/src/core/fixed_vectorlist.c -o vendor/cigraph/src/core/fixed_vectorlist.o
gcc -std=gnu2x -I"/usr/local/lib/R/include" -DNDEBUG -DUSING_R -I. -Ivendor -Ivendor/cigraph/src -Ivendor/cigraph/include -Ivendor/cigraph/vendor -Ivendor/io/parsers  -I/usr/include/libxml2 -DHAVE_LIBXML -DNDEBUG -DNTIMER -DNPRINT -DIGRAPH_THREAD_LOCAL= -DPRPACK_IGRAPH_SUPPORT -DHAVE_GFORTRAN=1 -D_GNU_SOURCE=1 -I'/usr/local/lib/R/site-library/cpp11/include' -I/usr/local/include   -fvisibility=hidden -fpic  -g -O2 -fstack-protector-strong -Wformat -Werror=format-security -Wdate-time -D_FORTIFY_SOURCE=2 -g  -c vendor/cigraph/src/core/genheap.c -o vendor/cigraph/src/core/genheap.o
gcc -std=gnu2x -I"/usr/local/lib/R/include" -DNDEBUG -DUSING_R -I. -Ivendor -Ivendor/cigraph/src -Ivendor/cigraph/include -Ivendor/cigraph/vendor -Ivendor/io/parsers  -I/usr/include/libxml2 -DHAVE_LIBXML -DNDEBUG -DNTIMER -DNPRINT -DIGRAPH_THREAD_LOCAL= -DPRPACK_IGRAPH_SUPPORT -DHAVE_GFORTRAN=1 -D_GNU_SOURCE=1 -I'/usr/local/lib/R/site-library/cpp11/include' -I/usr/local/include   -fvisibility=hidden -fpic  -g -O2 -fstack-protector-strong -Wformat -Werror=format-security -Wdate-time -D_FORTIFY_SOURCE=2 -g  -c vendor/cigraph/src/core/grid.c -o vendor/cigraph/src/core/grid.o
gcc -std=gnu2x -I"/usr/local/lib/R/include" -DNDEBUG -DUSING_R -I. -Ivendor -Ivendor/cigraph/src -Ivendor/cigraph/include -Ivendor/cigraph/vendor -Ivendor/io/parsers  -I/usr/include/libxml2 -DHAVE_LIBXML -DNDEBUG -DNTIMER -DNPRINT -DIGRAPH_THREAD_LOCAL= -DPRPACK_IGRAPH_SUPPORT -DHAVE_GFORTRAN=1 -D_GNU_SOURCE=1 -I'/usr/local/lib/R/site-library/cpp11/include' -I/usr/local/include   -fvisibility=hidden -fpic  -g -O2 -fstack-protector-strong -Wformat -Werror=format-security -Wdate-time -D_FORTIFY_SOURCE=2 -g  -c vendor/cigraph/src/core/heap.c -o vendor/cigraph/src/core/heap.o
gcc -std=gnu2x -I"/usr/local/lib/R/include" -DNDEBUG -DUSING_R -I. -Ivendor -Ivendor/cigraph/src -Ivendor/cigraph/include -Ivendor/cigraph/vendor -Ivendor/io/parsers  -I/usr/include/libxml2 -DHAVE_LIBXML -DNDEBUG -DNTIMER -DNPRINT -DIGRAPH_THREAD_LOCAL= -DPRPACK_IGRAPH_SUPPORT -DHAVE_GFORTRAN=1 -D_GNU_SOURCE=1 -I'/usr/local/lib/R/site-library/cpp11/include' -I/usr/local/include   -fvisibility=hidden -fpic  -g -O2 -fstack-protector-strong -Wformat -Werror=format-security -Wdate-time -D_FORTIFY_SOURCE=2 -g  -c vendor/cigraph/src/core/indheap.c -o vendor/cigraph/src/core/indheap.o
gcc -std=gnu2x -I"/usr/local/lib/R/include" -DNDEBUG -DUSING_R -I. -Ivendor -Ivendor/cigraph/src -Ivendor/cigraph/include -Ivendor/cigraph/vendor -Ivendor/io/parsers  -I/usr/include/libxml2 -DHAVE_LIBXML -DNDEBUG -DNTIMER -DNPRINT -DIGRAPH_THREAD_LOCAL= -DPRPACK_IGRAPH_SUPPORT -DHAVE_GFORTRAN=1 -D_GNU_SOURCE=1 -I'/usr/local/lib/R/site-library/cpp11/include' -I/usr/local/include   -fvisibility=hidden -fpic  -g -O2 -fstack-protector-strong -Wformat -Werror=format-security -Wdate-time -D_FORTIFY_SOURCE=2 -g  -c vendor/cigraph/src/core/interruption.c -o vendor/cigraph/src/core/interruption.o
gcc -std=gnu2x -I"/usr/local/lib/R/include" -DNDEBUG -DUSING_R -I. -Ivendor -Ivendor/cigraph/src -Ivendor/cigraph/include -Ivendor/cigraph/vendor -Ivendor/io/parsers  -I/usr/include/libxml2 -DHAVE_LIBXML -DNDEBUG -DNTIMER -DNPRINT -DIGRAPH_THREAD_LOCAL= -DPRPACK_IGRAPH_SUPPORT -DHAVE_GFORTRAN=1 -D_GNU_SOURCE=1 -I'/usr/local/lib/R/site-library/cpp11/include' -I/usr/local/include   -fvisibility=hidden -fpic  -g -O2 -fstack-protector-strong -Wformat -Werror=format-security -Wdate-time -D_FORTIFY_SOURCE=2 -g  -c vendor/cigraph/src/core/marked_queue.c -o vendor/cigraph/src/core/marked_queue.o
gcc -std=gnu2x -I"/usr/local/lib/R/include" -DNDEBUG -DUSING_R -I. -Ivendor -Ivendor/cigraph/src -Ivendor/cigraph/include -Ivendor/cigraph/vendor -Ivendor/io/parsers  -I/usr/include/libxml2 -DHAVE_LIBXML -DNDEBUG -DNTIMER -DNPRINT -DIGRAPH_THREAD_LOCAL= -DPRPACK_IGRAPH_SUPPORT -DHAVE_GFORTRAN=1 -D_GNU_SOURCE=1 -I'/usr/local/lib/R/site-library/cpp11/include' -I/usr/local/include   -fvisibility=hidden -fpic  -g -O2 -fstack-protector-strong -Wformat -Werror=format-security -Wdate-time -D_FORTIFY_SOURCE=2 -g  -c vendor/cigraph/src/core/matrix.c -o vendor/cigraph/src/core/matrix.o
gcc -std=gnu2x -I"/usr/local/lib/R/include" -DNDEBUG -DUSING_R -I. -Ivendor -Ivendor/cigraph/src -Ivendor/cigraph/include -Ivendor/cigraph/vendor -Ivendor/io/parsers  -I/usr/include/libxml2 -DHAVE_LIBXML -DNDEBUG -DNTIMER -DNPRINT -DIGRAPH_THREAD_LOCAL= -DPRPACK_IGRAPH_SUPPORT -DHAVE_GFORTRAN=1 -D_GNU_SOURCE=1 -I'/usr/local/lib/R/site-library/cpp11/include' -I/usr/local/include   -fvisibility=hidden -fpic  -g -O2 -fstack-protector-strong -Wformat -Werror=format-security -Wdate-time -D_FORTIFY_SOURCE=2 -g  -c vendor/cigraph/src/core/matrix_list.c -o vendor/cigraph/src/core/matrix_list.o
gcc -std=gnu2x -I"/usr/local/lib/R/include" -DNDEBUG -DUSING_R -I. -Ivendor -Ivendor/cigraph/src -Ivendor/cigraph/include -Ivendor/cigraph/vendor -Ivendor/io/parsers  -I/usr/include/libxml2 -DHAVE_LIBXML -DNDEBUG -DNTIMER -DNPRINT -DIGRAPH_THREAD_LOCAL= -DPRPACK_IGRAPH_SUPPORT -DHAVE_GFORTRAN=1 -D_GNU_SOURCE=1 -I'/usr/local/lib/R/site-library/cpp11/include' -I/usr/local/include   -fvisibility=hidden -fpic  -g -O2 -fstack-protector-strong -Wformat -Werror=format-security -Wdate-time -D_FORTIFY_SOURCE=2 -g  -c vendor/cigraph/src/core/memory.c -o vendor/cigraph/src/core/memory.o
gcc -std=gnu2x -I"/usr/local/lib/R/include" -DNDEBUG -DUSING_R -I. -Ivendor -Ivendor/cigraph/src -Ivendor/cigraph/include -Ivendor/cigraph/vendor -Ivendor/io/parsers  -I/usr/include/libxml2 -DHAVE_LIBXML -DNDEBUG -DNTIMER -DNPRINT -DIGRAPH_THREAD_LOCAL= -DPRPACK_IGRAPH_SUPPORT -DHAVE_GFORTRAN=1 -D_GNU_SOURCE=1 -I'/usr/local/lib/R/site-library/cpp11/include' -I/usr/local/include   -fvisibility=hidden -fpic  -g -O2 -fstack-protector-strong -Wformat -Werror=format-security -Wdate-time -D_FORTIFY_SOURCE=2 -g  -c vendor/cigraph/src/core/printing.c -o vendor/cigraph/src/core/printing.o
gcc -std=gnu2x -I"/usr/local/lib/R/include" -DNDEBUG -DUSING_R -I. -Ivendor -Ivendor/cigraph/src -Ivendor/cigraph/include -Ivendor/cigraph/vendor -Ivendor/io/parsers  -I/usr/include/libxml2 -DHAVE_LIBXML -DNDEBUG -DNTIMER -DNPRINT -DIGRAPH_THREAD_LOCAL= -DPRPACK_IGRAPH_SUPPORT -DHAVE_GFORTRAN=1 -D_GNU_SOURCE=1 -I'/usr/local/lib/R/site-library/cpp11/include' -I/usr/local/include   -fvisibility=hidden -fpic  -g -O2 -fstack-protector-strong -Wformat -Werror=format-security -Wdate-time -D_FORTIFY_SOURCE=2 -g  -c vendor/cigraph/src/core/progress.c -o vendor/cigraph/src/core/progress.o
gcc -std=gnu2x -I"/usr/local/lib/R/include" -DNDEBUG -DUSING_R -I. -Ivendor -Ivendor/cigraph/src -Ivendor/cigraph/include -Ivendor/cigraph/vendor -Ivendor/io/parsers  -I/usr/include/libxml2 -DHAVE_LIBXML -DNDEBUG -DNTIMER -DNPRINT -DIGRAPH_THREAD_LOCAL= -DPRPACK_IGRAPH_SUPPORT -DHAVE_GFORTRAN=1 -D_GNU_SOURCE=1 -I'/usr/local/lib/R/site-library/cpp11/include' -I/usr/local/include   -fvisibility=hidden -fpic  -g -O2 -fstack-protector-strong -Wformat -Werror=format-security -Wdate-time -D_FORTIFY_SOURCE=2 -g  -c vendor/cigraph/src/core/psumtree.c -o vendor/cigraph/src/core/psumtree.o
gcc -std=gnu2x -I"/usr/local/lib/R/include" -DNDEBUG -DUSING_R -I. -Ivendor -Ivendor/cigraph/src -Ivendor/cigraph/include -Ivendor/cigraph/vendor -Ivendor/io/parsers  -I/usr/include/libxml2 -DHAVE_LIBXML -DNDEBUG -DNTIMER -DNPRINT -DIGRAPH_THREAD_LOCAL= -DPRPACK_IGRAPH_SUPPORT -DHAVE_GFORTRAN=1 -D_GNU_SOURCE=1 -I'/usr/local/lib/R/site-library/cpp11/include' -I/usr/local/include   -fvisibility=hidden -fpic  -g -O2 -fstack-protector-strong -Wformat -Werror=format-security -Wdate-time -D_FORTIFY_SOURCE=2 -g  -c vendor/cigraph/src/core/set.c -o vendor/cigraph/src/core/set.o
gcc -std=gnu2x -I"/usr/local/lib/R/include" -DNDEBUG -DUSING_R -I. -Ivendor -Ivendor/cigraph/src -Ivendor/cigraph/include -Ivendor/cigraph/vendor -Ivendor/io/parsers  -I/usr/include/libxml2 -DHAVE_LIBXML -DNDEBUG -DNTIMER -DNPRINT -DIGRAPH_THREAD_LOCAL= -DPRPACK_IGRAPH_SUPPORT -DHAVE_GFORTRAN=1 -D_GNU_SOURCE=1 -I'/usr/local/lib/R/site-library/cpp11/include' -I/usr/local/include   -fvisibility=hidden -fpic  -g -O2 -fstack-protector-strong -Wformat -Werror=format-security -Wdate-time -D_FORTIFY_SOURCE=2 -g  -c vendor/cigraph/src/core/sparsemat.c -o vendor/cigraph/src/core/sparsemat.o
gcc -std=gnu2x -I"/usr/local/lib/R/include" -DNDEBUG -DUSING_R -I. -Ivendor -Ivendor/cigraph/src -Ivendor/cigraph/include -Ivendor/cigraph/vendor -Ivendor/io/parsers  -I/usr/include/libxml2 -DHAVE_LIBXML -DNDEBUG -DNTIMER -DNPRINT -DIGRAPH_THREAD_LOCAL= -DPRPACK_IGRAPH_SUPPORT -DHAVE_GFORTRAN=1 -D_GNU_SOURCE=1 -I'/usr/local/lib/R/site-library/cpp11/include' -I/usr/local/include   -fvisibility=hidden -fpic  -g -O2 -fstack-protector-strong -Wformat -Werror=format-security -Wdate-time -D_FORTIFY_SOURCE=2 -g  -c vendor/cigraph/src/core/stack.c -o vendor/cigraph/src/core/stack.o
gcc -std=gnu2x -I"/usr/local/lib/R/include" -DNDEBUG -DUSING_R -I. -Ivendor -Ivendor/cigraph/src -Ivendor/cigraph/include -Ivendor/cigraph/vendor -Ivendor/io/parsers  -I/usr/include/libxml2 -DHAVE_LIBXML -DNDEBUG -DNTIMER -DNPRINT -DIGRAPH_THREAD_LOCAL= -DPRPACK_IGRAPH_SUPPORT -DHAVE_GFORTRAN=1 -D_GNU_SOURCE=1 -I'/usr/local/lib/R/site-library/cpp11/include' -I/usr/local/include   -fvisibility=hidden -fpic  -g -O2 -fstack-protector-strong -Wformat -Werror=format-security -Wdate-time -D_FORTIFY_SOURCE=2 -g  -c vendor/cigraph/src/core/statusbar.c -o vendor/cigraph/src/core/statusbar.o
gcc -std=gnu2x -I"/usr/local/lib/R/include" -DNDEBUG -DUSING_R -I. -Ivendor -Ivendor/cigraph/src -Ivendor/cigraph/include -Ivendor/cigraph/vendor -Ivendor/io/parsers  -I/usr/include/libxml2 -DHAVE_LIBXML -DNDEBUG -DNTIMER -DNPRINT -DIGRAPH_THREAD_LOCAL= -DPRPACK_IGRAPH_SUPPORT -DHAVE_GFORTRAN=1 -D_GNU_SOURCE=1 -I'/usr/local/lib/R/site-library/cpp11/include' -I/usr/local/include   -fvisibility=hidden -fpic  -g -O2 -fstack-protector-strong -Wformat -Werror=format-security -Wdate-time -D_FORTIFY_SOURCE=2 -g  -c vendor/cigraph/src/core/strvector.c -o vendor/cigraph/src/core/strvector.o
gcc -std=gnu2x -I"/usr/local/lib/R/include" -DNDEBUG -DUSING_R -I. -Ivendor -Ivendor/cigraph/src -Ivendor/cigraph/include -Ivendor/cigraph/vendor -Ivendor/io/parsers  -I/usr/include/libxml2 -DHAVE_LIBXML -DNDEBUG -DNTIMER -DNPRINT -DIGRAPH_THREAD_LOCAL= -DPRPACK_IGRAPH_SUPPORT -DHAVE_GFORTRAN=1 -D_GNU_SOURCE=1 -I'/usr/local/lib/R/site-library/cpp11/include' -I/usr/local/include   -fvisibility=hidden -fpic  -g -O2 -fstack-protector-strong -Wformat -Werror=format-security -Wdate-time -D_FORTIFY_SOURCE=2 -g  -c vendor/cigraph/src/core/trie.c -o vendor/cigraph/src/core/trie.o
gcc -std=gnu2x -I"/usr/local/lib/R/include" -DNDEBUG -DUSING_R -I. -Ivendor -Ivendor/cigraph/src -Ivendor/cigraph/include -Ivendor/cigraph/vendor -Ivendor/io/parsers  -I/usr/include/libxml2 -DHAVE_LIBXML -DNDEBUG -DNTIMER -DNPRINT -DIGRAPH_THREAD_LOCAL= -DPRPACK_IGRAPH_SUPPORT -DHAVE_GFORTRAN=1 -D_GNU_SOURCE=1 -I'/usr/local/lib/R/site-library/cpp11/include' -I/usr/local/include   -fvisibility=hidden -fpic  -g -O2 -fstack-protector-strong -Wformat -Werror=format-security -Wdate-time -D_FORTIFY_SOURCE=2 -g  -c vendor/cigraph/src/core/vector.c -o vendor/cigraph/src/core/vector.o
gcc -std=gnu2x -I"/usr/local/lib/R/include" -DNDEBUG -DUSING_R -I. -Ivendor -Ivendor/cigraph/src -Ivendor/cigraph/include -Ivendor/cigraph/vendor -Ivendor/io/parsers  -I/usr/include/libxml2 -DHAVE_LIBXML -DNDEBUG -DNTIMER -DNPRINT -DIGRAPH_THREAD_LOCAL= -DPRPACK_IGRAPH_SUPPORT -DHAVE_GFORTRAN=1 -D_GNU_SOURCE=1 -I'/usr/local/lib/R/site-library/cpp11/include' -I/usr/local/include   -fvisibility=hidden -fpic  -g -O2 -fstack-protector-strong -Wformat -Werror=format-security -Wdate-time -D_FORTIFY_SOURCE=2 -g  -c vendor/cigraph/src/core/vector_list.c -o vendor/cigraph/src/core/vector_list.o
gcc -std=gnu2x -I"/usr/local/lib/R/include" -DNDEBUG -DUSING_R -I. -Ivendor -Ivendor/cigraph/src -Ivendor/cigraph/include -Ivendor/cigraph/vendor -Ivendor/io/parsers  -I/usr/include/libxml2 -DHAVE_LIBXML -DNDEBUG -DNTIMER -DNPRINT -DIGRAPH_THREAD_LOCAL= -DPRPACK_IGRAPH_SUPPORT -DHAVE_GFORTRAN=1 -D_GNU_SOURCE=1 -I'/usr/local/lib/R/site-library/cpp11/include' -I/usr/local/include   -fvisibility=hidden -fpic  -g -O2 -fstack-protector-strong -Wformat -Werror=format-security -Wdate-time -D_FORTIFY_SOURCE=2 -g  -c vendor/cigraph/src/core/vector_ptr.c -o vendor/cigraph/src/core/vector_ptr.o
gcc -std=gnu2x -I"/usr/local/lib/R/include" -DNDEBUG -DUSING_R -I. -Ivendor -Ivendor/cigraph/src -Ivendor/cigraph/include -Ivendor/cigraph/vendor -Ivendor/io/parsers  -I/usr/include/libxml2 -DHAVE_LIBXML -DNDEBUG -DNTIMER -DNPRINT -DIGRAPH_THREAD_LOCAL= -DPRPACK_IGRAPH_SUPPORT -DHAVE_GFORTRAN=1 -D_GNU_SOURCE=1 -I'/usr/local/lib/R/site-library/cpp11/include' -I/usr/local/include   -fvisibility=hidden -fpic  -g -O2 -fstack-protector-strong -Wformat -Werror=format-security -Wdate-time -D_FORTIFY_SOURCE=2 -g  -c vendor/cigraph/src/flow/flow.c -o vendor/cigraph/src/flow/flow.o
gcc -std=gnu2x -I"/usr/local/lib/R/include" -DNDEBUG -DUSING_R -I. -Ivendor -Ivendor/cigraph/src -Ivendor/cigraph/include -Ivendor/cigraph/vendor -Ivendor/io/parsers  -I/usr/include/libxml2 -DHAVE_LIBXML -DNDEBUG -DNTIMER -DNPRINT -DIGRAPH_THREAD_LOCAL= -DPRPACK_IGRAPH_SUPPORT -DHAVE_GFORTRAN=1 -D_GNU_SOURCE=1 -I'/usr/local/lib/R/site-library/cpp11/include' -I/usr/local/include   -fvisibility=hidden -fpic  -g -O2 -fstack-protector-strong -Wformat -Werror=format-security -Wdate-time -D_FORTIFY_SOURCE=2 -g  -c vendor/cigraph/src/flow/flow_conversion.c -o vendor/cigraph/src/flow/flow_conversion.o
gcc -std=gnu2x -I"/usr/local/lib/R/include" -DNDEBUG -DUSING_R -I. -Ivendor -Ivendor/cigraph/src -Ivendor/cigraph/include -Ivendor/cigraph/vendor -Ivendor/io/parsers  -I/usr/include/libxml2 -DHAVE_LIBXML -DNDEBUG -DNTIMER -DNPRINT -DIGRAPH_THREAD_LOCAL= -DPRPACK_IGRAPH_SUPPORT -DHAVE_GFORTRAN=1 -D_GNU_SOURCE=1 -I'/usr/local/lib/R/site-library/cpp11/include' -I/usr/local/include   -fvisibility=hidden -fpic  -g -O2 -fstack-protector-strong -Wformat -Werror=format-security -Wdate-time -D_FORTIFY_SOURCE=2 -g  -c vendor/cigraph/src/flow/st-cuts.c -o vendor/cigraph/src/flow/st-cuts.o
gcc -std=gnu2x -I"/usr/local/lib/R/include" -DNDEBUG -DUSING_R -I. -Ivendor -Ivendor/cigraph/src -Ivendor/cigraph/include -Ivendor/cigraph/vendor -Ivendor/io/parsers  -I/usr/include/libxml2 -DHAVE_LIBXML -DNDEBUG -DNTIMER -DNPRINT -DIGRAPH_THREAD_LOCAL= -DPRPACK_IGRAPH_SUPPORT -DHAVE_GFORTRAN=1 -D_GNU_SOURCE=1 -I'/usr/local/lib/R/site-library/cpp11/include' -I/usr/local/include   -fvisibility=hidden -fpic  -g -O2 -fstack-protector-strong -Wformat -Werror=format-security -Wdate-time -D_FORTIFY_SOURCE=2 -g  -c vendor/cigraph/src/games/barabasi.c -o vendor/cigraph/src/games/barabasi.o
gcc -std=gnu2x -I"/usr/local/lib/R/include" -DNDEBUG -DUSING_R -I. -Ivendor -Ivendor/cigraph/src -Ivendor/cigraph/include -Ivendor/cigraph/vendor -Ivendor/io/parsers  -I/usr/include/libxml2 -DHAVE_LIBXML -DNDEBUG -DNTIMER -DNPRINT -DIGRAPH_THREAD_LOCAL= -DPRPACK_IGRAPH_SUPPORT -DHAVE_GFORTRAN=1 -D_GNU_SOURCE=1 -I'/usr/local/lib/R/site-library/cpp11/include' -I/usr/local/include   -fvisibility=hidden -fpic  -g -O2 -fstack-protector-strong -Wformat -Werror=format-security -Wdate-time -D_FORTIFY_SOURCE=2 -g  -c vendor/cigraph/src/games/callaway_traits.c -o vendor/cigraph/src/games/callaway_traits.o
gcc -std=gnu2x -I"/usr/local/lib/R/include" -DNDEBUG -DUSING_R -I. -Ivendor -Ivendor/cigraph/src -Ivendor/cigraph/include -Ivendor/cigraph/vendor -Ivendor/io/parsers  -I/usr/include/libxml2 -DHAVE_LIBXML -DNDEBUG -DNTIMER -DNPRINT -DIGRAPH_THREAD_LOCAL= -DPRPACK_IGRAPH_SUPPORT -DHAVE_GFORTRAN=1 -D_GNU_SOURCE=1 -I'/usr/local/lib/R/site-library/cpp11/include' -I/usr/local/include   -fvisibility=hidden -fpic  -g -O2 -fstack-protector-strong -Wformat -Werror=format-security -Wdate-time -D_FORTIFY_SOURCE=2 -g  -c vendor/cigraph/src/games/chung_lu.c -o vendor/cigraph/src/games/chung_lu.o
gcc -std=gnu2x -I"/usr/local/lib/R/include" -DNDEBUG -DUSING_R -I. -Ivendor -Ivendor/cigraph/src -Ivendor/cigraph/include -Ivendor/cigraph/vendor -Ivendor/io/parsers  -I/usr/include/libxml2 -DHAVE_LIBXML -DNDEBUG -DNTIMER -DNPRINT -DIGRAPH_THREAD_LOCAL= -DPRPACK_IGRAPH_SUPPORT -DHAVE_GFORTRAN=1 -D_GNU_SOURCE=1 -I'/usr/local/lib/R/site-library/cpp11/include' -I/usr/local/include   -fvisibility=hidden -fpic  -g -O2 -fstack-protector-strong -Wformat -Werror=format-security -Wdate-time -D_FORTIFY_SOURCE=2 -g  -c vendor/cigraph/src/games/citations.c -o vendor/cigraph/src/games/citations.o
gcc -std=gnu2x -I"/usr/local/lib/R/include" -DNDEBUG -DUSING_R -I. -Ivendor -Ivendor/cigraph/src -Ivendor/cigraph/include -Ivendor/cigraph/vendor -Ivendor/io/parsers  -I/usr/include/libxml2 -DHAVE_LIBXML -DNDEBUG -DNTIMER -DNPRINT -DIGRAPH_THREAD_LOCAL= -DPRPACK_IGRAPH_SUPPORT -DHAVE_GFORTRAN=1 -D_GNU_SOURCE=1 -I'/usr/local/lib/R/site-library/cpp11/include' -I/usr/local/include   -fvisibility=hidden -fpic  -g -O2 -fstack-protector-strong -Wformat -Werror=format-security -Wdate-time -D_FORTIFY_SOURCE=2 -g  -c vendor/cigraph/src/games/correlated.c -o vendor/cigraph/src/games/correlated.o
gcc -std=gnu2x -I"/usr/local/lib/R/include" -DNDEBUG -DUSING_R -I. -Ivendor -Ivendor/cigraph/src -Ivendor/cigraph/include -Ivendor/cigraph/vendor -Ivendor/io/parsers  -I/usr/include/libxml2 -DHAVE_LIBXML -DNDEBUG -DNTIMER -DNPRINT -DIGRAPH_THREAD_LOCAL= -DPRPACK_IGRAPH_SUPPORT -DHAVE_GFORTRAN=1 -D_GNU_SOURCE=1 -I'/usr/local/lib/R/site-library/cpp11/include' -I/usr/local/include   -fvisibility=hidden -fpic  -g -O2 -fstack-protector-strong -Wformat -Werror=format-security -Wdate-time -D_FORTIFY_SOURCE=2 -g  -c vendor/cigraph/src/games/degree_sequence.c -o vendor/cigraph/src/games/degree_sequence.o
g++ -std=gnu++17 -I"/usr/local/lib/R/include" -DNDEBUG -DUSING_R -I. -Ivendor -Ivendor/cigraph/src -Ivendor/cigraph/include -Ivendor/cigraph/vendor -Ivendor/io/parsers  -I/usr/include/libxml2 -DHAVE_LIBXML -DNDEBUG -DNTIMER -DNPRINT -DIGRAPH_THREAD_LOCAL= -DPRPACK_IGRAPH_SUPPORT -DHAVE_GFORTRAN=1 -D_GNU_SOURCE=1 -I'/usr/local/lib/R/site-library/cpp11/include' -I/usr/local/include   -fvisibility=hidden -fpic  -g -O2 -fstack-protector-strong -Wformat -Werror=format-security -Wdate-time -D_FORTIFY_SOURCE=2 -g   -c vendor/cigraph/src/games/degree_sequence_vl/gengraph_degree_sequence.cpp -o vendor/cigraph/src/games/degree_sequence_vl/gengraph_degree_sequence.o
g++ -std=gnu++17 -I"/usr/local/lib/R/include" -DNDEBUG -DUSING_R -I. -Ivendor -Ivendor/cigraph/src -Ivendor/cigraph/include -Ivendor/cigraph/vendor -Ivendor/io/parsers  -I/usr/include/libxml2 -DHAVE_LIBXML -DNDEBUG -DNTIMER -DNPRINT -DIGRAPH_THREAD_LOCAL= -DPRPACK_IGRAPH_SUPPORT -DHAVE_GFORTRAN=1 -D_GNU_SOURCE=1 -I'/usr/local/lib/R/site-library/cpp11/include' -I/usr/local/include   -fvisibility=hidden -fpic  -g -O2 -fstack-protector-strong -Wformat -Werror=format-security -Wdate-time -D_FORTIFY_SOURCE=2 -g   -c vendor/cigraph/src/games/degree_sequence_vl/gengraph_graph_molloy_hash.cpp -o vendor/cigraph/src/games/degree_sequence_vl/gengraph_graph_molloy_hash.o
g++ -std=gnu++17 -I"/usr/local/lib/R/include" -DNDEBUG -DUSING_R -I. -Ivendor -Ivendor/cigraph/src -Ivendor/cigraph/include -Ivendor/cigraph/vendor -Ivendor/io/parsers  -I/usr/include/libxml2 -DHAVE_LIBXML -DNDEBUG -DNTIMER -DNPRINT -DIGRAPH_THREAD_LOCAL= -DPRPACK_IGRAPH_SUPPORT -DHAVE_GFORTRAN=1 -D_GNU_SOURCE=1 -I'/usr/local/lib/R/site-library/cpp11/include' -I/usr/local/include   -fvisibility=hidden -fpic  -g -O2 -fstack-protector-strong -Wformat -Werror=format-security -Wdate-time -D_FORTIFY_SOURCE=2 -g   -c vendor/cigraph/src/games/degree_sequence_vl/gengraph_graph_molloy_optimized.cpp -o vendor/cigraph/src/games/degree_sequence_vl/gengraph_graph_molloy_optimized.o
g++ -std=gnu++17 -I"/usr/local/lib/R/include" -DNDEBUG -DUSING_R -I. -Ivendor -Ivendor/cigraph/src -Ivendor/cigraph/include -Ivendor/cigraph/vendor -Ivendor/io/parsers  -I/usr/include/libxml2 -DHAVE_LIBXML -DNDEBUG -DNTIMER -DNPRINT -DIGRAPH_THREAD_LOCAL= -DPRPACK_IGRAPH_SUPPORT -DHAVE_GFORTRAN=1 -D_GNU_SOURCE=1 -I'/usr/local/lib/R/site-library/cpp11/include' -I/usr/local/include   -fvisibility=hidden -fpic  -g -O2 -fstack-protector-strong -Wformat -Werror=format-security -Wdate-time -D_FORTIFY_SOURCE=2 -g   -c vendor/cigraph/src/games/degree_sequence_vl/gengraph_mr-connected.cpp -o vendor/cigraph/src/games/degree_sequence_vl/gengraph_mr-connected.o
g++ -std=gnu++17 -I"/usr/local/lib/R/include" -DNDEBUG -DUSING_R -I. -Ivendor -Ivendor/cigraph/src -Ivendor/cigraph/include -Ivendor/cigraph/vendor -Ivendor/io/parsers  -I/usr/include/libxml2 -DHAVE_LIBXML -DNDEBUG -DNTIMER -DNPRINT -DIGRAPH_THREAD_LOCAL= -DPRPACK_IGRAPH_SUPPORT -DHAVE_GFORTRAN=1 -D_GNU_SOURCE=1 -I'/usr/local/lib/R/site-library/cpp11/include' -I/usr/local/include   -fvisibility=hidden -fpic  -g -O2 -fstack-protector-strong -Wformat -Werror=format-security -Wdate-time -D_FORTIFY_SOURCE=2 -g   -c vendor/cigraph/src/games/degree_sequence_vl/gengraph_random.cpp -o vendor/cigraph/src/games/degree_sequence_vl/gengraph_random.o
gcc -std=gnu2x -I"/usr/local/lib/R/include" -DNDEBUG -DUSING_R -I. -Ivendor -Ivendor/cigraph/src -Ivendor/cigraph/include -Ivendor/cigraph/vendor -Ivendor/io/parsers  -I/usr/include/libxml2 -DHAVE_LIBXML -DNDEBUG -DNTIMER -DNPRINT -DIGRAPH_THREAD_LOCAL= -DPRPACK_IGRAPH_SUPPORT -DHAVE_GFORTRAN=1 -D_GNU_SOURCE=1 -I'/usr/local/lib/R/site-library/cpp11/include' -I/usr/local/include   -fvisibility=hidden -fpic  -g -O2 -fstack-protector-strong -Wformat -Werror=format-security -Wdate-time -D_FORTIFY_SOURCE=2 -g  -c vendor/cigraph/src/games/dotproduct.c -o vendor/cigraph/src/games/dotproduct.o
gcc -std=gnu2x -I"/usr/local/lib/R/include" -DNDEBUG -DUSING_R -I. -Ivendor -Ivendor/cigraph/src -Ivendor/cigraph/include -Ivendor/cigraph/vendor -Ivendor/io/parsers  -I/usr/include/libxml2 -DHAVE_LIBXML -DNDEBUG -DNTIMER -DNPRINT -DIGRAPH_THREAD_LOCAL= -DPRPACK_IGRAPH_SUPPORT -DHAVE_GFORTRAN=1 -D_GNU_SOURCE=1 -I'/usr/local/lib/R/site-library/cpp11/include' -I/usr/local/include   -fvisibility=hidden -fpic  -g -O2 -fstack-protector-strong -Wformat -Werror=format-security -Wdate-time -D_FORTIFY_SOURCE=2 -g  -c vendor/cigraph/src/games/erdos_renyi.c -o vendor/cigraph/src/games/erdos_renyi.o
gcc -std=gnu2x -I"/usr/local/lib/R/include" -DNDEBUG -DUSING_R -I. -Ivendor -Ivendor/cigraph/src -Ivendor/cigraph/include -Ivendor/cigraph/vendor -Ivendor/io/parsers  -I/usr/include/libxml2 -DHAVE_LIBXML -DNDEBUG -DNTIMER -DNPRINT -DIGRAPH_THREAD_LOCAL= -DPRPACK_IGRAPH_SUPPORT -DHAVE_GFORTRAN=1 -D_GNU_SOURCE=1 -I'/usr/local/lib/R/site-library/cpp11/include' -I/usr/local/include   -fvisibility=hidden -fpic  -g -O2 -fstack-protector-strong -Wformat -Werror=format-security -Wdate-time -D_FORTIFY_SOURCE=2 -g  -c vendor/cigraph/src/games/establishment.c -o vendor/cigraph/src/games/establishment.o
gcc -std=gnu2x -I"/usr/local/lib/R/include" -DNDEBUG -DUSING_R -I. -Ivendor -Ivendor/cigraph/src -Ivendor/cigraph/include -Ivendor/cigraph/vendor -Ivendor/io/parsers  -I/usr/include/libxml2 -DHAVE_LIBXML -DNDEBUG -DNTIMER -DNPRINT -DIGRAPH_THREAD_LOCAL= -DPRPACK_IGRAPH_SUPPORT -DHAVE_GFORTRAN=1 -D_GNU_SOURCE=1 -I'/usr/local/lib/R/site-library/cpp11/include' -I/usr/local/include   -fvisibility=hidden -fpic  -g -O2 -fstack-protector-strong -Wformat -Werror=format-security -Wdate-time -D_FORTIFY_SOURCE=2 -g  -c vendor/cigraph/src/games/forestfire.c -o vendor/cigraph/src/games/forestfire.o
gcc -std=gnu2x -I"/usr/local/lib/R/include" -DNDEBUG -DUSING_R -I. -Ivendor -Ivendor/cigraph/src -Ivendor/cigraph/include -Ivendor/cigraph/vendor -Ivendor/io/parsers  -I/usr/include/libxml2 -DHAVE_LIBXML -DNDEBUG -DNTIMER -DNPRINT -DIGRAPH_THREAD_LOCAL= -DPRPACK_IGRAPH_SUPPORT -DHAVE_GFORTRAN=1 -D_GNU_SOURCE=1 -I'/usr/local/lib/R/site-library/cpp11/include' -I/usr/local/include   -fvisibility=hidden -fpic  -g -O2 -fstack-protector-strong -Wformat -Werror=format-security -Wdate-time -D_FORTIFY_SOURCE=2 -g  -c vendor/cigraph/src/games/grg.c -o vendor/cigraph/src/games/grg.o
gcc -std=gnu2x -I"/usr/local/lib/R/include" -DNDEBUG -DUSING_R -I. -Ivendor -Ivendor/cigraph/src -Ivendor/cigraph/include -Ivendor/cigraph/vendor -Ivendor/io/parsers  -I/usr/include/libxml2 -DHAVE_LIBXML -DNDEBUG -DNTIMER -DNPRINT -DIGRAPH_THREAD_LOCAL= -DPRPACK_IGRAPH_SUPPORT -DHAVE_GFORTRAN=1 -D_GNU_SOURCE=1 -I'/usr/local/lib/R/site-library/cpp11/include' -I/usr/local/include   -fvisibility=hidden -fpic  -g -O2 -fstack-protector-strong -Wformat -Werror=format-security -Wdate-time -D_FORTIFY_SOURCE=2 -g  -c vendor/cigraph/src/games/growing_random.c -o vendor/cigraph/src/games/growing_random.o
gcc -std=gnu2x -I"/usr/local/lib/R/include" -DNDEBUG -DUSING_R -I. -Ivendor -Ivendor/cigraph/src -Ivendor/cigraph/include -Ivendor/cigraph/vendor -Ivendor/io/parsers  -I/usr/include/libxml2 -DHAVE_LIBXML -DNDEBUG -DNTIMER -DNPRINT -DIGRAPH_THREAD_LOCAL= -DPRPACK_IGRAPH_SUPPORT -DHAVE_GFORTRAN=1 -D_GNU_SOURCE=1 -I'/usr/local/lib/R/site-library/cpp11/include' -I/usr/local/include   -fvisibility=hidden -fpic  -g -O2 -fstack-protector-strong -Wformat -Werror=format-security -Wdate-time -D_FORTIFY_SOURCE=2 -g  -c vendor/cigraph/src/games/islands.c -o vendor/cigraph/src/games/islands.o
gcc -std=gnu2x -I"/usr/local/lib/R/include" -DNDEBUG -DUSING_R -I. -Ivendor -Ivendor/cigraph/src -Ivendor/cigraph/include -Ivendor/cigraph/vendor -Ivendor/io/parsers  -I/usr/include/libxml2 -DHAVE_LIBXML -DNDEBUG -DNTIMER -DNPRINT -DIGRAPH_THREAD_LOCAL= -DPRPACK_IGRAPH_SUPPORT -DHAVE_GFORTRAN=1 -D_GNU_SOURCE=1 -I'/usr/local/lib/R/site-library/cpp11/include' -I/usr/local/include   -fvisibility=hidden -fpic  -g -O2 -fstack-protector-strong -Wformat -Werror=format-security -Wdate-time -D_FORTIFY_SOURCE=2 -g  -c vendor/cigraph/src/games/k_regular.c -o vendor/cigraph/src/games/k_regular.o
gcc -std=gnu2x -I"/usr/local/lib/R/include" -DNDEBUG -DUSING_R -I. -Ivendor -Ivendor/cigraph/src -Ivendor/cigraph/include -Ivendor/cigraph/vendor -Ivendor/io/parsers  -I/usr/include/libxml2 -DHAVE_LIBXML -DNDEBUG -DNTIMER -DNPRINT -DIGRAPH_THREAD_LOCAL= -DPRPACK_IGRAPH_SUPPORT -DHAVE_GFORTRAN=1 -D_GNU_SOURCE=1 -I'/usr/local/lib/R/site-library/cpp11/include' -I/usr/local/include   -fvisibility=hidden -fpic  -g -O2 -fstack-protector-strong -Wformat -Werror=format-security -Wdate-time -D_FORTIFY_SOURCE=2 -g  -c vendor/cigraph/src/games/preference.c -o vendor/cigraph/src/games/preference.o
gcc -std=gnu2x -I"/usr/local/lib/R/include" -DNDEBUG -DUSING_R -I. -Ivendor -Ivendor/cigraph/src -Ivendor/cigraph/include -Ivendor/cigraph/vendor -Ivendor/io/parsers  -I/usr/include/libxml2 -DHAVE_LIBXML -DNDEBUG -DNTIMER -DNPRINT -DIGRAPH_THREAD_LOCAL= -DPRPACK_IGRAPH_SUPPORT -DHAVE_GFORTRAN=1 -D_GNU_SOURCE=1 -I'/usr/local/lib/R/site-library/cpp11/include' -I/usr/local/include   -fvisibility=hidden -fpic  -g -O2 -fstack-protector-strong -Wformat -Werror=format-security -Wdate-time -D_FORTIFY_SOURCE=2 -g  -c vendor/cigraph/src/games/recent_degree.c -o vendor/cigraph/src/games/recent_degree.o
gcc -std=gnu2x -I"/usr/local/lib/R/include" -DNDEBUG -DUSING_R -I. -Ivendor -Ivendor/cigraph/src -Ivendor/cigraph/include -Ivendor/cigraph/vendor -Ivendor/io/parsers  -I/usr/include/libxml2 -DHAVE_LIBXML -DNDEBUG -DNTIMER -DNPRINT -DIGRAPH_THREAD_LOCAL= -DPRPACK_IGRAPH_SUPPORT -DHAVE_GFORTRAN=1 -D_GNU_SOURCE=1 -I'/usr/local/lib/R/site-library/cpp11/include' -I/usr/local/include   -fvisibility=hidden -fpic  -g -O2 -fstack-protector-strong -Wformat -Werror=format-security -Wdate-time -D_FORTIFY_SOURCE=2 -g  -c vendor/cigraph/src/games/sbm.c -o vendor/cigraph/src/games/sbm.o
gcc -std=gnu2x -I"/usr/local/lib/R/include" -DNDEBUG -DUSING_R -I. -Ivendor -Ivendor/cigraph/src -Ivendor/cigraph/include -Ivendor/cigraph/vendor -Ivendor/io/parsers  -I/usr/include/libxml2 -DHAVE_LIBXML -DNDEBUG -DNTIMER -DNPRINT -DIGRAPH_THREAD_LOCAL= -DPRPACK_IGRAPH_SUPPORT -DHAVE_GFORTRAN=1 -D_GNU_SOURCE=1 -I'/usr/local/lib/R/site-library/cpp11/include' -I/usr/local/include   -fvisibility=hidden -fpic  -g -O2 -fstack-protector-strong -Wformat -Werror=format-security -Wdate-time -D_FORTIFY_SOURCE=2 -g  -c vendor/cigraph/src/games/static_fitness.c -o vendor/cigraph/src/games/static_fitness.o
gcc -std=gnu2x -I"/usr/local/lib/R/include" -DNDEBUG -DUSING_R -I. -Ivendor -Ivendor/cigraph/src -Ivendor/cigraph/include -Ivendor/cigraph/vendor -Ivendor/io/parsers  -I/usr/include/libxml2 -DHAVE_LIBXML -DNDEBUG -DNTIMER -DNPRINT -DIGRAPH_THREAD_LOCAL= -DPRPACK_IGRAPH_SUPPORT -DHAVE_GFORTRAN=1 -D_GNU_SOURCE=1 -I'/usr/local/lib/R/site-library/cpp11/include' -I/usr/local/include   -fvisibility=hidden -fpic  -g -O2 -fstack-protector-strong -Wformat -Werror=format-security -Wdate-time -D_FORTIFY_SOURCE=2 -g  -c vendor/cigraph/src/games/tree.c -o vendor/cigraph/src/games/tree.o
gcc -std=gnu2x -I"/usr/local/lib/R/include" -DNDEBUG -DUSING_R -I. -Ivendor -Ivendor/cigraph/src -Ivendor/cigraph/include -Ivendor/cigraph/vendor -Ivendor/io/parsers  -I/usr/include/libxml2 -DHAVE_LIBXML -DNDEBUG -DNTIMER -DNPRINT -DIGRAPH_THREAD_LOCAL= -DPRPACK_IGRAPH_SUPPORT -DHAVE_GFORTRAN=1 -D_GNU_SOURCE=1 -I'/usr/local/lib/R/site-library/cpp11/include' -I/usr/local/include   -fvisibility=hidden -fpic  -g -O2 -fstack-protector-strong -Wformat -Werror=format-security -Wdate-time -D_FORTIFY_SOURCE=2 -g  -c vendor/cigraph/src/games/watts_strogatz.c -o vendor/cigraph/src/games/watts_strogatz.o
gcc -std=gnu2x -I"/usr/local/lib/R/include" -DNDEBUG -DUSING_R -I. -Ivendor -Ivendor/cigraph/src -Ivendor/cigraph/include -Ivendor/cigraph/vendor -Ivendor/io/parsers  -I/usr/include/libxml2 -DHAVE_LIBXML -DNDEBUG -DNTIMER -DNPRINT -DIGRAPH_THREAD_LOCAL= -DPRPACK_IGRAPH_SUPPORT -DHAVE_GFORTRAN=1 -D_GNU_SOURCE=1 -I'/usr/local/lib/R/site-library/cpp11/include' -I/usr/local/include   -fvisibility=hidden -fpic  -g -O2 -fstack-protector-strong -Wformat -Werror=format-security -Wdate-time -D_FORTIFY_SOURCE=2 -g  -c vendor/cigraph/src/graph/adjlist.c -o vendor/cigraph/src/graph/adjlist.o
gcc -std=gnu2x -I"/usr/local/lib/R/include" -DNDEBUG -DUSING_R -I. -Ivendor -Ivendor/cigraph/src -Ivendor/cigraph/include -Ivendor/cigraph/vendor -Ivendor/io/parsers  -I/usr/include/libxml2 -DHAVE_LIBXML -DNDEBUG -DNTIMER -DNPRINT -DIGRAPH_THREAD_LOCAL= -DPRPACK_IGRAPH_SUPPORT -DHAVE_GFORTRAN=1 -D_GNU_SOURCE=1 -I'/usr/local/lib/R/site-library/cpp11/include' -I/usr/local/include   -fvisibility=hidden -fpic  -g -O2 -fstack-protector-strong -Wformat -Werror=format-security -Wdate-time -D_FORTIFY_SOURCE=2 -g  -c vendor/cigraph/src/graph/attributes.c -o vendor/cigraph/src/graph/attributes.o
gcc -std=gnu2x -I"/usr/local/lib/R/include" -DNDEBUG -DUSING_R -I. -Ivendor -Ivendor/cigraph/src -Ivendor/cigraph/include -Ivendor/cigraph/vendor -Ivendor/io/parsers  -I/usr/include/libxml2 -DHAVE_LIBXML -DNDEBUG -DNTIMER -DNPRINT -DIGRAPH_THREAD_LOCAL= -DPRPACK_IGRAPH_SUPPORT -DHAVE_GFORTRAN=1 -D_GNU_SOURCE=1 -I'/usr/local/lib/R/site-library/cpp11/include' -I/usr/local/include   -fvisibility=hidden -fpic  -g -O2 -fstack-protector-strong -Wformat -Werror=format-security -Wdate-time -D_FORTIFY_SOURCE=2 -g  -c vendor/cigraph/src/graph/basic_query.c -o vendor/cigraph/src/graph/basic_query.o
gcc -std=gnu2x -I"/usr/local/lib/R/include" -DNDEBUG -DUSING_R -I. -Ivendor -Ivendor/cigraph/src -Ivendor/cigraph/include -Ivendor/cigraph/vendor -Ivendor/io/parsers  -I/usr/include/libxml2 -DHAVE_LIBXML -DNDEBUG -DNTIMER -DNPRINT -DIGRAPH_THREAD_LOCAL= -DPRPACK_IGRAPH_SUPPORT -DHAVE_GFORTRAN=1 -D_GNU_SOURCE=1 -I'/usr/local/lib/R/site-library/cpp11/include' -I/usr/local/include   -fvisibility=hidden -fpic  -g -O2 -fstack-protector-strong -Wformat -Werror=format-security -Wdate-time -D_FORTIFY_SOURCE=2 -g  -c vendor/cigraph/src/graph/caching.c -o vendor/cigraph/src/graph/caching.o
gcc -std=gnu2x -I"/usr/local/lib/R/include" -DNDEBUG -DUSING_R -I. -Ivendor -Ivendor/cigraph/src -Ivendor/cigraph/include -Ivendor/cigraph/vendor -Ivendor/io/parsers  -I/usr/include/libxml2 -DHAVE_LIBXML -DNDEBUG -DNTIMER -DNPRINT -DIGRAPH_THREAD_LOCAL= -DPRPACK_IGRAPH_SUPPORT -DHAVE_GFORTRAN=1 -D_GNU_SOURCE=1 -I'/usr/local/lib/R/site-library/cpp11/include' -I/usr/local/include   -fvisibility=hidden -fpic  -g -O2 -fstack-protector-strong -Wformat -Werror=format-security -Wdate-time -D_FORTIFY_SOURCE=2 -g  -c vendor/cigraph/src/graph/cattributes.c -o vendor/cigraph/src/graph/cattributes.o
gcc -std=gnu2x -I"/usr/local/lib/R/include" -DNDEBUG -DUSING_R -I. -Ivendor -Ivendor/cigraph/src -Ivendor/cigraph/include -Ivendor/cigraph/vendor -Ivendor/io/parsers  -I/usr/include/libxml2 -DHAVE_LIBXML -DNDEBUG -DNTIMER -DNPRINT -DIGRAPH_THREAD_LOCAL= -DPRPACK_IGRAPH_SUPPORT -DHAVE_GFORTRAN=1 -D_GNU_SOURCE=1 -I'/usr/local/lib/R/site-library/cpp11/include' -I/usr/local/include   -fvisibility=hidden -fpic  -g -O2 -fstack-protector-strong -Wformat -Werror=format-security -Wdate-time -D_FORTIFY_SOURCE=2 -g  -c vendor/cigraph/src/graph/graph_list.c -o vendor/cigraph/src/graph/graph_list.o
gcc -std=gnu2x -I"/usr/local/lib/R/include" -DNDEBUG -DUSING_R -I. -Ivendor -Ivendor/cigraph/src -Ivendor/cigraph/include -Ivendor/cigraph/vendor -Ivendor/io/parsers  -I/usr/include/libxml2 -DHAVE_LIBXML -DNDEBUG -DNTIMER -DNPRINT -DIGRAPH_THREAD_LOCAL= -DPRPACK_IGRAPH_SUPPORT -DHAVE_GFORTRAN=1 -D_GNU_SOURCE=1 -I'/usr/local/lib/R/site-library/cpp11/include' -I/usr/local/include   -fvisibility=hidden -fpic  -g -O2 -fstack-protector-strong -Wformat -Werror=format-security -Wdate-time -D_FORTIFY_SOURCE=2 -g  -c vendor/cigraph/src/graph/iterators.c -o vendor/cigraph/src/graph/iterators.o
gcc -std=gnu2x -I"/usr/local/lib/R/include" -DNDEBUG -DUSING_R -I. -Ivendor -Ivendor/cigraph/src -Ivendor/cigraph/include -Ivendor/cigraph/vendor -Ivendor/io/parsers  -I/usr/include/libxml2 -DHAVE_LIBXML -DNDEBUG -DNTIMER -DNPRINT -DIGRAPH_THREAD_LOCAL= -DPRPACK_IGRAPH_SUPPORT -DHAVE_GFORTRAN=1 -D_GNU_SOURCE=1 -I'/usr/local/lib/R/site-library/cpp11/include' -I/usr/local/include   -fvisibility=hidden -fpic  -g -O2 -fstack-protector-strong -Wformat -Werror=format-security -Wdate-time -D_FORTIFY_SOURCE=2 -g  -c vendor/cigraph/src/graph/type_common.c -o vendor/cigraph/src/graph/type_common.o
gcc -std=gnu2x -I"/usr/local/lib/R/include" -DNDEBUG -DUSING_R -I. -Ivendor -Ivendor/cigraph/src -Ivendor/cigraph/include -Ivendor/cigraph/vendor -Ivendor/io/parsers  -I/usr/include/libxml2 -DHAVE_LIBXML -DNDEBUG -DNTIMER -DNPRINT -DIGRAPH_THREAD_LOCAL= -DPRPACK_IGRAPH_SUPPORT -DHAVE_GFORTRAN=1 -D_GNU_SOURCE=1 -I'/usr/local/lib/R/site-library/cpp11/include' -I/usr/local/include   -fvisibility=hidden -fpic  -g -O2 -fstack-protector-strong -Wformat -Werror=format-security -Wdate-time -D_FORTIFY_SOURCE=2 -g  -c vendor/cigraph/src/graph/type_indexededgelist.c -o vendor/cigraph/src/graph/type_indexededgelist.o
gcc -std=gnu2x -I"/usr/local/lib/R/include" -DNDEBUG -DUSING_R -I. -Ivendor -Ivendor/cigraph/src -Ivendor/cigraph/include -Ivendor/cigraph/vendor -Ivendor/io/parsers  -I/usr/include/libxml2 -DHAVE_LIBXML -DNDEBUG -DNTIMER -DNPRINT -DIGRAPH_THREAD_LOCAL= -DPRPACK_IGRAPH_SUPPORT -DHAVE_GFORTRAN=1 -D_GNU_SOURCE=1 -I'/usr/local/lib/R/site-library/cpp11/include' -I/usr/local/include   -fvisibility=hidden -fpic  -g -O2 -fstack-protector-strong -Wformat -Werror=format-security -Wdate-time -D_FORTIFY_SOURCE=2 -g  -c vendor/cigraph/src/graph/visitors.c -o vendor/cigraph/src/graph/visitors.o
g++ -std=gnu++17 -I"/usr/local/lib/R/include" -DNDEBUG -DUSING_R -I. -Ivendor -Ivendor/cigraph/src -Ivendor/cigraph/include -Ivendor/cigraph/vendor -Ivendor/io/parsers  -I/usr/include/libxml2 -DHAVE_LIBXML -DNDEBUG -DNTIMER -DNPRINT -DIGRAPH_THREAD_LOCAL= -DPRPACK_IGRAPH_SUPPORT -DHAVE_GFORTRAN=1 -D_GNU_SOURCE=1 -I'/usr/local/lib/R/site-library/cpp11/include' -I/usr/local/include   -fvisibility=hidden -fpic  -g -O2 -fstack-protector-strong -Wformat -Werror=format-security -Wdate-time -D_FORTIFY_SOURCE=2 -g   -c vendor/cigraph/src/hrg/hrg.cc -o vendor/cigraph/src/hrg/hrg.o
g++ -std=gnu++17 -I"/usr/local/lib/R/include" -DNDEBUG -DUSING_R -I. -Ivendor -Ivendor/cigraph/src -Ivendor/cigraph/include -Ivendor/cigraph/vendor -Ivendor/io/parsers  -I/usr/include/libxml2 -DHAVE_LIBXML -DNDEBUG -DNTIMER -DNPRINT -DIGRAPH_THREAD_LOCAL= -DPRPACK_IGRAPH_SUPPORT -DHAVE_GFORTRAN=1 -D_GNU_SOURCE=1 -I'/usr/local/lib/R/site-library/cpp11/include' -I/usr/local/include   -fvisibility=hidden -fpic  -g -O2 -fstack-protector-strong -Wformat -Werror=format-security -Wdate-time -D_FORTIFY_SOURCE=2 -g   -c vendor/cigraph/src/hrg/hrg_types.cc -o vendor/cigraph/src/hrg/hrg_types.o
gcc -std=gnu2x -I"/usr/local/lib/R/include" -DNDEBUG -DUSING_R -I. -Ivendor -Ivendor/cigraph/src -Ivendor/cigraph/include -Ivendor/cigraph/vendor -Ivendor/io/parsers  -I/usr/include/libxml2 -DHAVE_LIBXML -DNDEBUG -DNTIMER -DNPRINT -DIGRAPH_THREAD_LOCAL= -DPRPACK_IGRAPH_SUPPORT -DHAVE_GFORTRAN=1 -D_GNU_SOURCE=1 -I'/usr/local/lib/R/site-library/cpp11/include' -I/usr/local/include   -fvisibility=hidden -fpic  -g -O2 -fstack-protector-strong -Wformat -Werror=format-security -Wdate-time -D_FORTIFY_SOURCE=2 -g  -c vendor/cigraph/src/internal/glpk_support.c -o vendor/cigraph/src/internal/glpk_support.o
gcc -std=gnu2x -I"/usr/local/lib/R/include" -DNDEBUG -DUSING_R -I. -Ivendor -Ivendor/cigraph/src -Ivendor/cigraph/include -Ivendor/cigraph/vendor -Ivendor/io/parsers  -I/usr/include/libxml2 -DHAVE_LIBXML -DNDEBUG -DNTIMER -DNPRINT -DIGRAPH_THREAD_LOCAL= -DPRPACK_IGRAPH_SUPPORT -DHAVE_GFORTRAN=1 -D_GNU_SOURCE=1 -I'/usr/local/lib/R/site-library/cpp11/include' -I/usr/local/include   -fvisibility=hidden -fpic  -g -O2 -fstack-protector-strong -Wformat -Werror=format-security -Wdate-time -D_FORTIFY_SOURCE=2 -g  -c vendor/cigraph/src/internal/hacks.c -o vendor/cigraph/src/internal/hacks.o
gcc -std=gnu2x -I"/usr/local/lib/R/include" -DNDEBUG -DUSING_R -I. -Ivendor -Ivendor/cigraph/src -Ivendor/cigraph/include -Ivendor/cigraph/vendor -Ivendor/io/parsers  -I/usr/include/libxml2 -DHAVE_LIBXML -DNDEBUG -DNTIMER -DNPRINT -DIGRAPH_THREAD_LOCAL= -DPRPACK_IGRAPH_SUPPORT -DHAVE_GFORTRAN=1 -D_GNU_SOURCE=1 -I'/usr/local/lib/R/site-library/cpp11/include' -I/usr/local/include   -fvisibility=hidden -fpic  -g -O2 -fstack-protector-strong -Wformat -Werror=format-security -Wdate-time -D_FORTIFY_SOURCE=2 -g  -c vendor/cigraph/src/internal/lsap.c -o vendor/cigraph/src/internal/lsap.o
gcc -std=gnu2x -I"/usr/local/lib/R/include" -DNDEBUG -DUSING_R -I. -Ivendor -Ivendor/cigraph/src -Ivendor/cigraph/include -Ivendor/cigraph/vendor -Ivendor/io/parsers  -I/usr/include/libxml2 -DHAVE_LIBXML -DNDEBUG -DNTIMER -DNPRINT -DIGRAPH_THREAD_LOCAL= -DPRPACK_IGRAPH_SUPPORT -DHAVE_GFORTRAN=1 -D_GNU_SOURCE=1 -I'/usr/local/lib/R/site-library/cpp11/include' -I/usr/local/include   -fvisibility=hidden -fpic  -g -O2 -fstack-protector-strong -Wformat -Werror=format-security -Wdate-time -D_FORTIFY_SOURCE=2 -g  -c vendor/cigraph/src/internal/qsort.c -o vendor/cigraph/src/internal/qsort.o
gcc -std=gnu2x -I"/usr/local/lib/R/include" -DNDEBUG -DUSING_R -I. -Ivendor -Ivendor/cigraph/src -Ivendor/cigraph/include -Ivendor/cigraph/vendor -Ivendor/io/parsers  -I/usr/include/libxml2 -DHAVE_LIBXML -DNDEBUG -DNTIMER -DNPRINT -DIGRAPH_THREAD_LOCAL= -DPRPACK_IGRAPH_SUPPORT -DHAVE_GFORTRAN=1 -D_GNU_SOURCE=1 -I'/usr/local/lib/R/site-library/cpp11/include' -I/usr/local/include   -fvisibility=hidden -fpic  -g -O2 -fstack-protector-strong -Wformat -Werror=format-security -Wdate-time -D_FORTIFY_SOURCE=2 -g  -c vendor/cigraph/src/internal/qsort_r.c -o vendor/cigraph/src/internal/qsort_r.o
gcc -std=gnu2x -I"/usr/local/lib/R/include" -DNDEBUG -DUSING_R -I. -Ivendor -Ivendor/cigraph/src -Ivendor/cigraph/include -Ivendor/cigraph/vendor -Ivendor/io/parsers  -I/usr/include/libxml2 -DHAVE_LIBXML -DNDEBUG -DNTIMER -DNPRINT -DIGRAPH_THREAD_LOCAL= -DPRPACK_IGRAPH_SUPPORT -DHAVE_GFORTRAN=1 -D_GNU_SOURCE=1 -I'/usr/local/lib/R/site-library/cpp11/include' -I/usr/local/include   -fvisibility=hidden -fpic  -g -O2 -fstack-protector-strong -Wformat -Werror=format-security -Wdate-time -D_FORTIFY_SOURCE=2 -g  -c vendor/cigraph/src/internal/utils.c -o vendor/cigraph/src/internal/utils.o
gcc -std=gnu2x -I"/usr/local/lib/R/include" -DNDEBUG -DUSING_R -I. -Ivendor -Ivendor/cigraph/src -Ivendor/cigraph/include -Ivendor/cigraph/vendor -Ivendor/io/parsers  -I/usr/include/libxml2 -DHAVE_LIBXML -DNDEBUG -DNTIMER -DNPRINT -DIGRAPH_THREAD_LOCAL= -DPRPACK_IGRAPH_SUPPORT -DHAVE_GFORTRAN=1 -D_GNU_SOURCE=1 -I'/usr/local/lib/R/site-library/cpp11/include' -I/usr/local/include   -fvisibility=hidden -fpic  -g -O2 -fstack-protector-strong -Wformat -Werror=format-security -Wdate-time -D_FORTIFY_SOURCE=2 -g  -c vendor/cigraph/src/internal/zeroin.c -o vendor/cigraph/src/internal/zeroin.o
gcc -std=gnu2x -I"/usr/local/lib/R/include" -DNDEBUG -DUSING_R -I. -Ivendor -Ivendor/cigraph/src -Ivendor/cigraph/include -Ivendor/cigraph/vendor -Ivendor/io/parsers  -I/usr/include/libxml2 -DHAVE_LIBXML -DNDEBUG -DNTIMER -DNPRINT -DIGRAPH_THREAD_LOCAL= -DPRPACK_IGRAPH_SUPPORT -DHAVE_GFORTRAN=1 -D_GNU_SOURCE=1 -I'/usr/local/lib/R/site-library/cpp11/include' -I/usr/local/include   -fvisibility=hidden -fpic  -g -O2 -fstack-protector-strong -Wformat -Werror=format-security -Wdate-time -D_FORTIFY_SOURCE=2 -g  -c vendor/cigraph/src/io/dimacs.c -o vendor/cigraph/src/io/dimacs.o
gcc -std=gnu2x -I"/usr/local/lib/R/include" -DNDEBUG -DUSING_R -I. -Ivendor -Ivendor/cigraph/src -Ivendor/cigraph/include -Ivendor/cigraph/vendor -Ivendor/io/parsers  -I/usr/include/libxml2 -DHAVE_LIBXML -DNDEBUG -DNTIMER -DNPRINT -DIGRAPH_THREAD_LOCAL= -DPRPACK_IGRAPH_SUPPORT -DHAVE_GFORTRAN=1 -D_GNU_SOURCE=1 -I'/usr/local/lib/R/site-library/cpp11/include' -I/usr/local/include   -fvisibility=hidden -fpic  -g -O2 -fstack-protector-strong -Wformat -Werror=format-security -Wdate-time -D_FORTIFY_SOURCE=2 -g  -c vendor/cigraph/src/io/dl.c -o vendor/cigraph/src/io/dl.o
gcc -std=gnu2x -I"/usr/local/lib/R/include" -DNDEBUG -DUSING_R -I. -Ivendor -Ivendor/cigraph/src -Ivendor/cigraph/include -Ivendor/cigraph/vendor -Ivendor/io/parsers  -I/usr/include/libxml2 -DHAVE_LIBXML -DNDEBUG -DNTIMER -DNPRINT -DIGRAPH_THREAD_LOCAL= -DPRPACK_IGRAPH_SUPPORT -DHAVE_GFORTRAN=1 -D_GNU_SOURCE=1 -I'/usr/local/lib/R/site-library/cpp11/include' -I/usr/local/include   -fvisibility=hidden -fpic  -g -O2 -fstack-protector-strong -Wformat -Werror=format-security -Wdate-time -D_FORTIFY_SOURCE=2 -g  -c vendor/cigraph/src/io/dot.c -o vendor/cigraph/src/io/dot.o
gcc -std=gnu2x -I"/usr/local/lib/R/include" -DNDEBUG -DUSING_R -I. -Ivendor -Ivendor/cigraph/src -Ivendor/cigraph/include -Ivendor/cigraph/vendor -Ivendor/io/parsers  -I/usr/include/libxml2 -DHAVE_LIBXML -DNDEBUG -DNTIMER -DNPRINT -DIGRAPH_THREAD_LOCAL= -DPRPACK_IGRAPH_SUPPORT -DHAVE_GFORTRAN=1 -D_GNU_SOURCE=1 -I'/usr/local/lib/R/site-library/cpp11/include' -I/usr/local/include   -fvisibility=hidden -fpic  -g -O2 -fstack-protector-strong -Wformat -Werror=format-security -Wdate-time -D_FORTIFY_SOURCE=2 -g  -c vendor/cigraph/src/io/edgelist.c -o vendor/cigraph/src/io/edgelist.o
gcc -std=gnu2x -I"/usr/local/lib/R/include" -DNDEBUG -DUSING_R -I. -Ivendor -Ivendor/cigraph/src -Ivendor/cigraph/include -Ivendor/cigraph/vendor -Ivendor/io/parsers  -I/usr/include/libxml2 -DHAVE_LIBXML -DNDEBUG -DNTIMER -DNPRINT -DIGRAPH_THREAD_LOCAL= -DPRPACK_IGRAPH_SUPPORT -DHAVE_GFORTRAN=1 -D_GNU_SOURCE=1 -I'/usr/local/lib/R/site-library/cpp11/include' -I/usr/local/include   -fvisibility=hidden -fpic  -g -O2 -fstack-protector-strong -Wformat -Werror=format-security -Wdate-time -D_FORTIFY_SOURCE=2 -g  -c vendor/cigraph/src/io/gml-tree.c -o vendor/cigraph/src/io/gml-tree.o
gcc -std=gnu2x -I"/usr/local/lib/R/include" -DNDEBUG -DUSING_R -I. -Ivendor -Ivendor/cigraph/src -Ivendor/cigraph/include -Ivendor/cigraph/vendor -Ivendor/io/parsers  -I/usr/include/libxml2 -DHAVE_LIBXML -DNDEBUG -DNTIMER -DNPRINT -DIGRAPH_THREAD_LOCAL= -DPRPACK_IGRAPH_SUPPORT -DHAVE_GFORTRAN=1 -D_GNU_SOURCE=1 -I'/usr/local/lib/R/site-library/cpp11/include' -I/usr/local/include   -fvisibility=hidden -fpic  -g -O2 -fstack-protector-strong -Wformat -Werror=format-security -Wdate-time -D_FORTIFY_SOURCE=2 -g  -c vendor/cigraph/src/io/gml.c -o vendor/cigraph/src/io/gml.o
gcc -std=gnu2x -I"/usr/local/lib/R/include" -DNDEBUG -DUSING_R -I. -Ivendor -Ivendor/cigraph/src -Ivendor/cigraph/include -Ivendor/cigraph/vendor -Ivendor/io/parsers  -I/usr/include/libxml2 -DHAVE_LIBXML -DNDEBUG -DNTIMER -DNPRINT -DIGRAPH_THREAD_LOCAL= -DPRPACK_IGRAPH_SUPPORT -DHAVE_GFORTRAN=1 -D_GNU_SOURCE=1 -I'/usr/local/lib/R/site-library/cpp11/include' -I/usr/local/include   -fvisibility=hidden -fpic  -g -O2 -fstack-protector-strong -Wformat -Werror=format-security -Wdate-time -D_FORTIFY_SOURCE=2 -g  -c vendor/cigraph/src/io/graphdb.c -o vendor/cigraph/src/io/graphdb.o
gcc -std=gnu2x -I"/usr/local/lib/R/include" -DNDEBUG -DUSING_R -I. -Ivendor -Ivendor/cigraph/src -Ivendor/cigraph/include -Ivendor/cigraph/vendor -Ivendor/io/parsers  -I/usr/include/libxml2 -DHAVE_LIBXML -DNDEBUG -DNTIMER -DNPRINT -DIGRAPH_THREAD_LOCAL= -DPRPACK_IGRAPH_SUPPORT -DHAVE_GFORTRAN=1 -D_GNU_SOURCE=1 -I'/usr/local/lib/R/site-library/cpp11/include' -I/usr/local/include   -fvisibility=hidden -fpic  -g -O2 -fstack-protector-strong -Wformat -Werror=format-security -Wdate-time -D_FORTIFY_SOURCE=2 -g  -c vendor/cigraph/src/io/graphml.c -o vendor/cigraph/src/io/graphml.o
gcc -std=gnu2x -I"/usr/local/lib/R/include" -DNDEBUG -DUSING_R -I. -Ivendor -Ivendor/cigraph/src -Ivendor/cigraph/include -Ivendor/cigraph/vendor -Ivendor/io/parsers  -I/usr/include/libxml2 -DHAVE_LIBXML -DNDEBUG -DNTIMER -DNPRINT -DIGRAPH_THREAD_LOCAL= -DPRPACK_IGRAPH_SUPPORT -DHAVE_GFORTRAN=1 -D_GNU_SOURCE=1 -I'/usr/local/lib/R/site-library/cpp11/include' -I/usr/local/include   -fvisibility=hidden -fpic  -g -O2 -fstack-protector-strong -Wformat -Werror=format-security -Wdate-time -D_FORTIFY_SOURCE=2 -g  -c vendor/cigraph/src/io/leda.c -o vendor/cigraph/src/io/leda.o
gcc -std=gnu2x -I"/usr/local/lib/R/include" -DNDEBUG -DUSING_R -I. -Ivendor -Ivendor/cigraph/src -Ivendor/cigraph/include -Ivendor/cigraph/vendor -Ivendor/io/parsers  -I/usr/include/libxml2 -DHAVE_LIBXML -DNDEBUG -DNTIMER -DNPRINT -DIGRAPH_THREAD_LOCAL= -DPRPACK_IGRAPH_SUPPORT -DHAVE_GFORTRAN=1 -D_GNU_SOURCE=1 -I'/usr/local/lib/R/site-library/cpp11/include' -I/usr/local/include   -fvisibility=hidden -fpic  -g -O2 -fstack-protector-strong -Wformat -Werror=format-security -Wdate-time -D_FORTIFY_SOURCE=2 -g  -c vendor/cigraph/src/io/lgl.c -o vendor/cigraph/src/io/lgl.o
gcc -std=gnu2x -I"/usr/local/lib/R/include" -DNDEBUG -DUSING_R -I. -Ivendor -Ivendor/cigraph/src -Ivendor/cigraph/include -Ivendor/cigraph/vendor -Ivendor/io/parsers  -I/usr/include/libxml2 -DHAVE_LIBXML -DNDEBUG -DNTIMER -DNPRINT -DIGRAPH_THREAD_LOCAL= -DPRPACK_IGRAPH_SUPPORT -DHAVE_GFORTRAN=1 -D_GNU_SOURCE=1 -I'/usr/local/lib/R/site-library/cpp11/include' -I/usr/local/include   -fvisibility=hidden -fpic  -g -O2 -fstack-protector-strong -Wformat -Werror=format-security -Wdate-time -D_FORTIFY_SOURCE=2 -g  -c vendor/cigraph/src/io/ncol.c -o vendor/cigraph/src/io/ncol.o
gcc -std=gnu2x -I"/usr/local/lib/R/include" -DNDEBUG -DUSING_R -I. -Ivendor -Ivendor/cigraph/src -Ivendor/cigraph/include -Ivendor/cigraph/vendor -Ivendor/io/parsers  -I/usr/include/libxml2 -DHAVE_LIBXML -DNDEBUG -DNTIMER -DNPRINT -DIGRAPH_THREAD_LOCAL= -DPRPACK_IGRAPH_SUPPORT -DHAVE_GFORTRAN=1 -D_GNU_SOURCE=1 -I'/usr/local/lib/R/site-library/cpp11/include' -I/usr/local/include   -fvisibility=hidden -fpic  -g -O2 -fstack-protector-strong -Wformat -Werror=format-security -Wdate-time -D_FORTIFY_SOURCE=2 -g  -c vendor/cigraph/src/io/pajek.c -o vendor/cigraph/src/io/pajek.o
gcc -std=gnu2x -I"/usr/local/lib/R/include" -DNDEBUG -DUSING_R -I. -Ivendor -Ivendor/cigraph/src -Ivendor/cigraph/include -Ivendor/cigraph/vendor -Ivendor/io/parsers  -I/usr/include/libxml2 -DHAVE_LIBXML -DNDEBUG -DNTIMER -DNPRINT -DIGRAPH_THREAD_LOCAL= -DPRPACK_IGRAPH_SUPPORT -DHAVE_GFORTRAN=1 -D_GNU_SOURCE=1 -I'/usr/local/lib/R/site-library/cpp11/include' -I/usr/local/include   -fvisibility=hidden -fpic  -g -O2 -fstack-protector-strong -Wformat -Werror=format-security -Wdate-time -D_FORTIFY_SOURCE=2 -g  -c vendor/cigraph/src/io/parse_utils.c -o vendor/cigraph/src/io/parse_utils.o
g++ -std=gnu++17 -I"/usr/local/lib/R/include" -DNDEBUG -DUSING_R -I. -Ivendor -Ivendor/cigraph/src -Ivendor/cigraph/include -Ivendor/cigraph/vendor -Ivendor/io/parsers  -I/usr/include/libxml2 -DHAVE_LIBXML -DNDEBUG -DNTIMER -DNPRINT -DIGRAPH_THREAD_LOCAL= -DPRPACK_IGRAPH_SUPPORT -DHAVE_GFORTRAN=1 -D_GNU_SOURCE=1 -I'/usr/local/lib/R/site-library/cpp11/include' -I/usr/local/include   -fvisibility=hidden -fpic  -g -O2 -fstack-protector-strong -Wformat -Werror=format-security -Wdate-time -D_FORTIFY_SOURCE=2 -g   -c vendor/cigraph/src/isomorphism/bliss.cc -o vendor/cigraph/src/isomorphism/bliss.o
g++ -std=gnu++17 -I"/usr/local/lib/R/include" -DNDEBUG -DUSING_R -I. -Ivendor -Ivendor/cigraph/src -Ivendor/cigraph/include -Ivendor/cigraph/vendor -Ivendor/io/parsers  -I/usr/include/libxml2 -DHAVE_LIBXML -DNDEBUG -DNTIMER -DNPRINT -DIGRAPH_THREAD_LOCAL= -DPRPACK_IGRAPH_SUPPORT -DHAVE_GFORTRAN=1 -D_GNU_SOURCE=1 -I'/usr/local/lib/R/site-library/cpp11/include' -I/usr/local/include   -fvisibility=hidden -fpic  -g -O2 -fstack-protector-strong -Wformat -Werror=format-security -Wdate-time -D_FORTIFY_SOURCE=2 -g   -c vendor/cigraph/src/isomorphism/bliss/defs.cc -o vendor/cigraph/src/isomorphism/bliss/defs.o
g++ -std=gnu++17 -I"/usr/local/lib/R/include" -DNDEBUG -DUSING_R -I. -Ivendor -Ivendor/cigraph/src -Ivendor/cigraph/include -Ivendor/cigraph/vendor -Ivendor/io/parsers  -I/usr/include/libxml2 -DHAVE_LIBXML -DNDEBUG -DNTIMER -DNPRINT -DIGRAPH_THREAD_LOCAL= -DPRPACK_IGRAPH_SUPPORT -DHAVE_GFORTRAN=1 -D_GNU_SOURCE=1 -I'/usr/local/lib/R/site-library/cpp11/include' -I/usr/local/include   -fvisibility=hidden -fpic  -g -O2 -fstack-protector-strong -Wformat -Werror=format-security -Wdate-time -D_FORTIFY_SOURCE=2 -g   -c vendor/cigraph/src/isomorphism/bliss/graph.cc -o vendor/cigraph/src/isomorphism/bliss/graph.o
g++ -std=gnu++17 -I"/usr/local/lib/R/include" -DNDEBUG -DUSING_R -I. -Ivendor -Ivendor/cigraph/src -Ivendor/cigraph/include -Ivendor/cigraph/vendor -Ivendor/io/parsers  -I/usr/include/libxml2 -DHAVE_LIBXML -DNDEBUG -DNTIMER -DNPRINT -DIGRAPH_THREAD_LOCAL= -DPRPACK_IGRAPH_SUPPORT -DHAVE_GFORTRAN=1 -D_GNU_SOURCE=1 -I'/usr/local/lib/R/site-library/cpp11/include' -I/usr/local/include   -fvisibility=hidden -fpic  -g -O2 -fstack-protector-strong -Wformat -Werror=format-security -Wdate-time -D_FORTIFY_SOURCE=2 -g   -c vendor/cigraph/src/isomorphism/bliss/heap.cc -o vendor/cigraph/src/isomorphism/bliss/heap.o
g++ -std=gnu++17 -I"/usr/local/lib/R/include" -DNDEBUG -DUSING_R -I. -Ivendor -Ivendor/cigraph/src -Ivendor/cigraph/include -Ivendor/cigraph/vendor -Ivendor/io/parsers  -I/usr/include/libxml2 -DHAVE_LIBXML -DNDEBUG -DNTIMER -DNPRINT -DIGRAPH_THREAD_LOCAL= -DPRPACK_IGRAPH_SUPPORT -DHAVE_GFORTRAN=1 -D_GNU_SOURCE=1 -I'/usr/local/lib/R/site-library/cpp11/include' -I/usr/local/include   -fvisibility=hidden -fpic  -g -O2 -fstack-protector-strong -Wformat -Werror=format-security -Wdate-time -D_FORTIFY_SOURCE=2 -g   -c vendor/cigraph/src/isomorphism/bliss/orbit.cc -o vendor/cigraph/src/isomorphism/bliss/orbit.o
g++ -std=gnu++17 -I"/usr/local/lib/R/include" -DNDEBUG -DUSING_R -I. -Ivendor -Ivendor/cigraph/src -Ivendor/cigraph/include -Ivendor/cigraph/vendor -Ivendor/io/parsers  -I/usr/include/libxml2 -DHAVE_LIBXML -DNDEBUG -DNTIMER -DNPRINT -DIGRAPH_THREAD_LOCAL= -DPRPACK_IGRAPH_SUPPORT -DHAVE_GFORTRAN=1 -D_GNU_SOURCE=1 -I'/usr/local/lib/R/site-library/cpp11/include' -I/usr/local/include   -fvisibility=hidden -fpic  -g -O2 -fstack-protector-strong -Wformat -Werror=format-security -Wdate-time -D_FORTIFY_SOURCE=2 -g   -c vendor/cigraph/src/isomorphism/bliss/partition.cc -o vendor/cigraph/src/isomorphism/bliss/partition.o
g++ -std=gnu++17 -I"/usr/local/lib/R/include" -DNDEBUG -DUSING_R -I. -Ivendor -Ivendor/cigraph/src -Ivendor/cigraph/include -Ivendor/cigraph/vendor -Ivendor/io/parsers  -I/usr/include/libxml2 -DHAVE_LIBXML -DNDEBUG -DNTIMER -DNPRINT -DIGRAPH_THREAD_LOCAL= -DPRPACK_IGRAPH_SUPPORT -DHAVE_GFORTRAN=1 -D_GNU_SOURCE=1 -I'/usr/local/lib/R/site-library/cpp11/include' -I/usr/local/include   -fvisibility=hidden -fpic  -g -O2 -fstack-protector-strong -Wformat -Werror=format-security -Wdate-time -D_FORTIFY_SOURCE=2 -g   -c vendor/cigraph/src/isomorphism/bliss/uintseqhash.cc -o vendor/cigraph/src/isomorphism/bliss/uintseqhash.o
g++ -std=gnu++17 -I"/usr/local/lib/R/include" -DNDEBUG -DUSING_R -I. -Ivendor -Ivendor/cigraph/src -Ivendor/cigraph/include -Ivendor/cigraph/vendor -Ivendor/io/parsers  -I/usr/include/libxml2 -DHAVE_LIBXML -DNDEBUG -DNTIMER -DNPRINT -DIGRAPH_THREAD_LOCAL= -DPRPACK_IGRAPH_SUPPORT -DHAVE_GFORTRAN=1 -D_GNU_SOURCE=1 -I'/usr/local/lib/R/site-library/cpp11/include' -I/usr/local/include   -fvisibility=hidden -fpic  -g -O2 -fstack-protector-strong -Wformat -Werror=format-security -Wdate-time -D_FORTIFY_SOURCE=2 -g   -c vendor/cigraph/src/isomorphism/bliss/utils.cc -o vendor/cigraph/src/isomorphism/bliss/utils.o
gcc -std=gnu2x -I"/usr/local/lib/R/include" -DNDEBUG -DUSING_R -I. -Ivendor -Ivendor/cigraph/src -Ivendor/cigraph/include -Ivendor/cigraph/vendor -Ivendor/io/parsers  -I/usr/include/libxml2 -DHAVE_LIBXML -DNDEBUG -DNTIMER -DNPRINT -DIGRAPH_THREAD_LOCAL= -DPRPACK_IGRAPH_SUPPORT -DHAVE_GFORTRAN=1 -D_GNU_SOURCE=1 -I'/usr/local/lib/R/site-library/cpp11/include' -I/usr/local/include   -fvisibility=hidden -fpic  -g -O2 -fstack-protector-strong -Wformat -Werror=format-security -Wdate-time -D_FORTIFY_SOURCE=2 -g  -c vendor/cigraph/src/isomorphism/isoclasses.c -o vendor/cigraph/src/isomorphism/isoclasses.o
gcc -std=gnu2x -I"/usr/local/lib/R/include" -DNDEBUG -DUSING_R -I. -Ivendor -Ivendor/cigraph/src -Ivendor/cigraph/include -Ivendor/cigraph/vendor -Ivendor/io/parsers  -I/usr/include/libxml2 -DHAVE_LIBXML -DNDEBUG -DNTIMER -DNPRINT -DIGRAPH_THREAD_LOCAL= -DPRPACK_IGRAPH_SUPPORT -DHAVE_GFORTRAN=1 -D_GNU_SOURCE=1 -I'/usr/local/lib/R/site-library/cpp11/include' -I/usr/local/include   -fvisibility=hidden -fpic  -g -O2 -fstack-protector-strong -Wformat -Werror=format-security -Wdate-time -D_FORTIFY_SOURCE=2 -g  -c vendor/cigraph/src/isomorphism/isomorphism_misc.c -o vendor/cigraph/src/isomorphism/isomorphism_misc.o
gcc -std=gnu2x -I"/usr/local/lib/R/include" -DNDEBUG -DUSING_R -I. -Ivendor -Ivendor/cigraph/src -Ivendor/cigraph/include -Ivendor/cigraph/vendor -Ivendor/io/parsers  -I/usr/include/libxml2 -DHAVE_LIBXML -DNDEBUG -DNTIMER -DNPRINT -DIGRAPH_THREAD_LOCAL= -DPRPACK_IGRAPH_SUPPORT -DHAVE_GFORTRAN=1 -D_GNU_SOURCE=1 -I'/usr/local/lib/R/site-library/cpp11/include' -I/usr/local/include   -fvisibility=hidden -fpic  -g -O2 -fstack-protector-strong -Wformat -Werror=format-security -Wdate-time -D_FORTIFY_SOURCE=2 -g  -c vendor/cigraph/src/isomorphism/lad.c -o vendor/cigraph/src/isomorphism/lad.o
gcc -std=gnu2x -I"/usr/local/lib/R/include" -DNDEBUG -DUSING_R -I. -Ivendor -Ivendor/cigraph/src -Ivendor/cigraph/include -Ivendor/cigraph/vendor -Ivendor/io/parsers  -I/usr/include/libxml2 -DHAVE_LIBXML -DNDEBUG -DNTIMER -DNPRINT -DIGRAPH_THREAD_LOCAL= -DPRPACK_IGRAPH_SUPPORT -DHAVE_GFORTRAN=1 -D_GNU_SOURCE=1 -I'/usr/local/lib/R/site-library/cpp11/include' -I/usr/local/include   -fvisibility=hidden -fpic  -g -O2 -fstack-protector-strong -Wformat -Werror=format-security -Wdate-time -D_FORTIFY_SOURCE=2 -g  -c vendor/cigraph/src/isomorphism/queries.c -o vendor/cigraph/src/isomorphism/queries.o
gcc -std=gnu2x -I"/usr/local/lib/R/include" -DNDEBUG -DUSING_R -I. -Ivendor -Ivendor/cigraph/src -Ivendor/cigraph/include -Ivendor/cigraph/vendor -Ivendor/io/parsers  -I/usr/include/libxml2 -DHAVE_LIBXML -DNDEBUG -DNTIMER -DNPRINT -DIGRAPH_THREAD_LOCAL= -DPRPACK_IGRAPH_SUPPORT -DHAVE_GFORTRAN=1 -D_GNU_SOURCE=1 -I'/usr/local/lib/R/site-library/cpp11/include' -I/usr/local/include   -fvisibility=hidden -fpic  -g -O2 -fstack-protector-strong -Wformat -Werror=format-security -Wdate-time -D_FORTIFY_SOURCE=2 -g  -c vendor/cigraph/src/isomorphism/vf2.c -o vendor/cigraph/src/isomorphism/vf2.o
gcc -std=gnu2x -I"/usr/local/lib/R/include" -DNDEBUG -DUSING_R -I. -Ivendor -Ivendor/cigraph/src -Ivendor/cigraph/include -Ivendor/cigraph/vendor -Ivendor/io/parsers  -I/usr/include/libxml2 -DHAVE_LIBXML -DNDEBUG -DNTIMER -DNPRINT -DIGRAPH_THREAD_LOCAL= -DPRPACK_IGRAPH_SUPPORT -DHAVE_GFORTRAN=1 -D_GNU_SOURCE=1 -I'/usr/local/lib/R/site-library/cpp11/include' -I/usr/local/include   -fvisibility=hidden -fpic  -g -O2 -fstack-protector-strong -Wformat -Werror=format-security -Wdate-time -D_FORTIFY_SOURCE=2 -g  -c vendor/cigraph/src/layout/circular.c -o vendor/cigraph/src/layout/circular.o
gcc -std=gnu2x -I"/usr/local/lib/R/include" -DNDEBUG -DUSING_R -I. -Ivendor -Ivendor/cigraph/src -Ivendor/cigraph/include -Ivendor/cigraph/vendor -Ivendor/io/parsers  -I/usr/include/libxml2 -DHAVE_LIBXML -DNDEBUG -DNTIMER -DNPRINT -DIGRAPH_THREAD_LOCAL= -DPRPACK_IGRAPH_SUPPORT -DHAVE_GFORTRAN=1 -D_GNU_SOURCE=1 -I'/usr/local/lib/R/site-library/cpp11/include' -I/usr/local/include   -fvisibility=hidden -fpic  -g -O2 -fstack-protector-strong -Wformat -Werror=format-security -Wdate-time -D_FORTIFY_SOURCE=2 -g  -c vendor/cigraph/src/layout/davidson_harel.c -o vendor/cigraph/src/layout/davidson_harel.o
g++ -std=gnu++17 -I"/usr/local/lib/R/include" -DNDEBUG -DUSING_R -I. -Ivendor -Ivendor/cigraph/src -Ivendor/cigraph/include -Ivendor/cigraph/vendor -Ivendor/io/parsers  -I/usr/include/libxml2 -DHAVE_LIBXML -DNDEBUG -DNTIMER -DNPRINT -DIGRAPH_THREAD_LOCAL= -DPRPACK_IGRAPH_SUPPORT -DHAVE_GFORTRAN=1 -D_GNU_SOURCE=1 -I'/usr/local/lib/R/site-library/cpp11/include' -I/usr/local/include   -fvisibility=hidden -fpic  -g -O2 -fstack-protector-strong -Wformat -Werror=format-security -Wdate-time -D_FORTIFY_SOURCE=2 -g   -c vendor/cigraph/src/layout/drl/DensityGrid.cpp -o vendor/cigraph/src/layout/drl/DensityGrid.o
g++ -std=gnu++17 -I"/usr/local/lib/R/include" -DNDEBUG -DUSING_R -I. -Ivendor -Ivendor/cigraph/src -Ivendor/cigraph/include -Ivendor/cigraph/vendor -Ivendor/io/parsers  -I/usr/include/libxml2 -DHAVE_LIBXML -DNDEBUG -DNTIMER -DNPRINT -DIGRAPH_THREAD_LOCAL= -DPRPACK_IGRAPH_SUPPORT -DHAVE_GFORTRAN=1 -D_GNU_SOURCE=1 -I'/usr/local/lib/R/site-library/cpp11/include' -I/usr/local/include   -fvisibility=hidden -fpic  -g -O2 -fstack-protector-strong -Wformat -Werror=format-security -Wdate-time -D_FORTIFY_SOURCE=2 -g   -c vendor/cigraph/src/layout/drl/DensityGrid_3d.cpp -o vendor/cigraph/src/layout/drl/DensityGrid_3d.o
g++ -std=gnu++17 -I"/usr/local/lib/R/include" -DNDEBUG -DUSING_R -I. -Ivendor -Ivendor/cigraph/src -Ivendor/cigraph/include -Ivendor/cigraph/vendor -Ivendor/io/parsers  -I/usr/include/libxml2 -DHAVE_LIBXML -DNDEBUG -DNTIMER -DNPRINT -DIGRAPH_THREAD_LOCAL= -DPRPACK_IGRAPH_SUPPORT -DHAVE_GFORTRAN=1 -D_GNU_SOURCE=1 -I'/usr/local/lib/R/site-library/cpp11/include' -I/usr/local/include   -fvisibility=hidden -fpic  -g -O2 -fstack-protector-strong -Wformat -Werror=format-security -Wdate-time -D_FORTIFY_SOURCE=2 -g   -c vendor/cigraph/src/layout/drl/drl_graph.cpp -o vendor/cigraph/src/layout/drl/drl_graph.o
g++ -std=gnu++17 -I"/usr/local/lib/R/include" -DNDEBUG -DUSING_R -I. -Ivendor -Ivendor/cigraph/src -Ivendor/cigraph/include -Ivendor/cigraph/vendor -Ivendor/io/parsers  -I/usr/include/libxml2 -DHAVE_LIBXML -DNDEBUG -DNTIMER -DNPRINT -DIGRAPH_THREAD_LOCAL= -DPRPACK_IGRAPH_SUPPORT -DHAVE_GFORTRAN=1 -D_GNU_SOURCE=1 -I'/usr/local/lib/R/site-library/cpp11/include' -I/usr/local/include   -fvisibility=hidden -fpic  -g -O2 -fstack-protector-strong -Wformat -Werror=format-security -Wdate-time -D_FORTIFY_SOURCE=2 -g   -c vendor/cigraph/src/layout/drl/drl_graph_3d.cpp -o vendor/cigraph/src/layout/drl/drl_graph_3d.o
g++ -std=gnu++17 -I"/usr/local/lib/R/include" -DNDEBUG -DUSING_R -I. -Ivendor -Ivendor/cigraph/src -Ivendor/cigraph/include -Ivendor/cigraph/vendor -Ivendor/io/parsers  -I/usr/include/libxml2 -DHAVE_LIBXML -DNDEBUG -DNTIMER -DNPRINT -DIGRAPH_THREAD_LOCAL= -DPRPACK_IGRAPH_SUPPORT -DHAVE_GFORTRAN=1 -D_GNU_SOURCE=1 -I'/usr/local/lib/R/site-library/cpp11/include' -I/usr/local/include   -fvisibility=hidden -fpic  -g -O2 -fstack-protector-strong -Wformat -Werror=format-security -Wdate-time -D_FORTIFY_SOURCE=2 -g   -c vendor/cigraph/src/layout/drl/drl_layout.cpp -o vendor/cigraph/src/layout/drl/drl_layout.o
g++ -std=gnu++17 -I"/usr/local/lib/R/include" -DNDEBUG -DUSING_R -I. -Ivendor -Ivendor/cigraph/src -Ivendor/cigraph/include -Ivendor/cigraph/vendor -Ivendor/io/parsers  -I/usr/include/libxml2 -DHAVE_LIBXML -DNDEBUG -DNTIMER -DNPRINT -DIGRAPH_THREAD_LOCAL= -DPRPACK_IGRAPH_SUPPORT -DHAVE_GFORTRAN=1 -D_GNU_SOURCE=1 -I'/usr/local/lib/R/site-library/cpp11/include' -I/usr/local/include   -fvisibility=hidden -fpic  -g -O2 -fstack-protector-strong -Wformat -Werror=format-security -Wdate-time -D_FORTIFY_SOURCE=2 -g   -c vendor/cigraph/src/layout/drl/drl_layout_3d.cpp -o vendor/cigraph/src/layout/drl/drl_layout_3d.o
g++ -std=gnu++17 -I"/usr/local/lib/R/include" -DNDEBUG -DUSING_R -I. -Ivendor -Ivendor/cigraph/src -Ivendor/cigraph/include -Ivendor/cigraph/vendor -Ivendor/io/parsers  -I/usr/include/libxml2 -DHAVE_LIBXML -DNDEBUG -DNTIMER -DNPRINT -DIGRAPH_THREAD_LOCAL= -DPRPACK_IGRAPH_SUPPORT -DHAVE_GFORTRAN=1 -D_GNU_SOURCE=1 -I'/usr/local/lib/R/site-library/cpp11/include' -I/usr/local/include   -fvisibility=hidden -fpic  -g -O2 -fstack-protector-strong -Wformat -Werror=format-security -Wdate-time -D_FORTIFY_SOURCE=2 -g   -c vendor/cigraph/src/layout/drl/drl_parse.cpp -o vendor/cigraph/src/layout/drl/drl_parse.o
gcc -std=gnu2x -I"/usr/local/lib/R/include" -DNDEBUG -DUSING_R -I. -Ivendor -Ivendor/cigraph/src -Ivendor/cigraph/include -Ivendor/cigraph/vendor -Ivendor/io/parsers  -I/usr/include/libxml2 -DHAVE_LIBXML -DNDEBUG -DNTIMER -DNPRINT -DIGRAPH_THREAD_LOCAL= -DPRPACK_IGRAPH_SUPPORT -DHAVE_GFORTRAN=1 -D_GNU_SOURCE=1 -I'/usr/local/lib/R/site-library/cpp11/include' -I/usr/local/include   -fvisibility=hidden -fpic  -g -O2 -fstack-protector-strong -Wformat -Werror=format-security -Wdate-time -D_FORTIFY_SOURCE=2 -g  -c vendor/cigraph/src/layout/fruchterman_reingold.c -o vendor/cigraph/src/layout/fruchterman_reingold.o
gcc -std=gnu2x -I"/usr/local/lib/R/include" -DNDEBUG -DUSING_R -I. -Ivendor -Ivendor/cigraph/src -Ivendor/cigraph/include -Ivendor/cigraph/vendor -Ivendor/io/parsers  -I/usr/include/libxml2 -DHAVE_LIBXML -DNDEBUG -DNTIMER -DNPRINT -DIGRAPH_THREAD_LOCAL= -DPRPACK_IGRAPH_SUPPORT -DHAVE_GFORTRAN=1 -D_GNU_SOURCE=1 -I'/usr/local/lib/R/site-library/cpp11/include' -I/usr/local/include   -fvisibility=hidden -fpic  -g -O2 -fstack-protector-strong -Wformat -Werror=format-security -Wdate-time -D_FORTIFY_SOURCE=2 -g  -c vendor/cigraph/src/layout/gem.c -o vendor/cigraph/src/layout/gem.o
gcc -std=gnu2x -I"/usr/local/lib/R/include" -DNDEBUG -DUSING_R -I. -Ivendor -Ivendor/cigraph/src -Ivendor/cigraph/include -Ivendor/cigraph/vendor -Ivendor/io/parsers  -I/usr/include/libxml2 -DHAVE_LIBXML -DNDEBUG -DNTIMER -DNPRINT -DIGRAPH_THREAD_LOCAL= -DPRPACK_IGRAPH_SUPPORT -DHAVE_GFORTRAN=1 -D_GNU_SOURCE=1 -I'/usr/local/lib/R/site-library/cpp11/include' -I/usr/local/include   -fvisibility=hidden -fpic  -g -O2 -fstack-protector-strong -Wformat -Werror=format-security -Wdate-time -D_FORTIFY_SOURCE=2 -g  -c vendor/cigraph/src/layout/graphopt.c -o vendor/cigraph/src/layout/graphopt.o
gcc -std=gnu2x -I"/usr/local/lib/R/include" -DNDEBUG -DUSING_R -I. -Ivendor -Ivendor/cigraph/src -Ivendor/cigraph/include -Ivendor/cigraph/vendor -Ivendor/io/parsers  -I/usr/include/libxml2 -DHAVE_LIBXML -DNDEBUG -DNTIMER -DNPRINT -DIGRAPH_THREAD_LOCAL= -DPRPACK_IGRAPH_SUPPORT -DHAVE_GFORTRAN=1 -D_GNU_SOURCE=1 -I'/usr/local/lib/R/site-library/cpp11/include' -I/usr/local/include   -fvisibility=hidden -fpic  -g -O2 -fstack-protector-strong -Wformat -Werror=format-security -Wdate-time -D_FORTIFY_SOURCE=2 -g  -c vendor/cigraph/src/layout/kamada_kawai.c -o vendor/cigraph/src/layout/kamada_kawai.o
gcc -std=gnu2x -I"/usr/local/lib/R/include" -DNDEBUG -DUSING_R -I. -Ivendor -Ivendor/cigraph/src -Ivendor/cigraph/include -Ivendor/cigraph/vendor -Ivendor/io/parsers  -I/usr/include/libxml2 -DHAVE_LIBXML -DNDEBUG -DNTIMER -DNPRINT -DIGRAPH_THREAD_LOCAL= -DPRPACK_IGRAPH_SUPPORT -DHAVE_GFORTRAN=1 -D_GNU_SOURCE=1 -I'/usr/local/lib/R/site-library/cpp11/include' -I/usr/local/include   -fvisibility=hidden -fpic  -g -O2 -fstack-protector-strong -Wformat -Werror=format-security -Wdate-time -D_FORTIFY_SOURCE=2 -g  -c vendor/cigraph/src/layout/large_graph.c -o vendor/cigraph/src/layout/large_graph.o
gcc -std=gnu2x -I"/usr/local/lib/R/include" -DNDEBUG -DUSING_R -I. -Ivendor -Ivendor/cigraph/src -Ivendor/cigraph/include -Ivendor/cigraph/vendor -Ivendor/io/parsers  -I/usr/include/libxml2 -DHAVE_LIBXML -DNDEBUG -DNTIMER -DNPRINT -DIGRAPH_THREAD_LOCAL= -DPRPACK_IGRAPH_SUPPORT -DHAVE_GFORTRAN=1 -D_GNU_SOURCE=1 -I'/usr/local/lib/R/site-library/cpp11/include' -I/usr/local/include   -fvisibility=hidden -fpic  -g -O2 -fstack-protector-strong -Wformat -Werror=format-security -Wdate-time -D_FORTIFY_SOURCE=2 -g  -c vendor/cigraph/src/layout/layout_bipartite.c -o vendor/cigraph/src/layout/layout_bipartite.o
gcc -std=gnu2x -I"/usr/local/lib/R/include" -DNDEBUG -DUSING_R -I. -Ivendor -Ivendor/cigraph/src -Ivendor/cigraph/include -Ivendor/cigraph/vendor -Ivendor/io/parsers  -I/usr/include/libxml2 -DHAVE_LIBXML -DNDEBUG -DNTIMER -DNPRINT -DIGRAPH_THREAD_LOCAL= -DPRPACK_IGRAPH_SUPPORT -DHAVE_GFORTRAN=1 -D_GNU_SOURCE=1 -I'/usr/local/lib/R/site-library/cpp11/include' -I/usr/local/include   -fvisibility=hidden -fpic  -g -O2 -fstack-protector-strong -Wformat -Werror=format-security -Wdate-time -D_FORTIFY_SOURCE=2 -g  -c vendor/cigraph/src/layout/layout_grid.c -o vendor/cigraph/src/layout/layout_grid.o
gcc -std=gnu2x -I"/usr/local/lib/R/include" -DNDEBUG -DUSING_R -I. -Ivendor -Ivendor/cigraph/src -Ivendor/cigraph/include -Ivendor/cigraph/vendor -Ivendor/io/parsers  -I/usr/include/libxml2 -DHAVE_LIBXML -DNDEBUG -DNTIMER -DNPRINT -DIGRAPH_THREAD_LOCAL= -DPRPACK_IGRAPH_SUPPORT -DHAVE_GFORTRAN=1 -D_GNU_SOURCE=1 -I'/usr/local/lib/R/site-library/cpp11/include' -I/usr/local/include   -fvisibility=hidden -fpic  -g -O2 -fstack-protector-strong -Wformat -Werror=format-security -Wdate-time -D_FORTIFY_SOURCE=2 -g  -c vendor/cigraph/src/layout/layout_random.c -o vendor/cigraph/src/layout/layout_random.o
gcc -std=gnu2x -I"/usr/local/lib/R/include" -DNDEBUG -DUSING_R -I. -Ivendor -Ivendor/cigraph/src -Ivendor/cigraph/include -Ivendor/cigraph/vendor -Ivendor/io/parsers  -I/usr/include/libxml2 -DHAVE_LIBXML -DNDEBUG -DNTIMER -DNPRINT -DIGRAPH_THREAD_LOCAL= -DPRPACK_IGRAPH_SUPPORT -DHAVE_GFORTRAN=1 -D_GNU_SOURCE=1 -I'/usr/local/lib/R/site-library/cpp11/include' -I/usr/local/include   -fvisibility=hidden -fpic  -g -O2 -fstack-protector-strong -Wformat -Werror=format-security -Wdate-time -D_FORTIFY_SOURCE=2 -g  -c vendor/cigraph/src/layout/mds.c -o vendor/cigraph/src/layout/mds.o
gcc -std=gnu2x -I"/usr/local/lib/R/include" -DNDEBUG -DUSING_R -I. -Ivendor -Ivendor/cigraph/src -Ivendor/cigraph/include -Ivendor/cigraph/vendor -Ivendor/io/parsers  -I/usr/include/libxml2 -DHAVE_LIBXML -DNDEBUG -DNTIMER -DNPRINT -DIGRAPH_THREAD_LOCAL= -DPRPACK_IGRAPH_SUPPORT -DHAVE_GFORTRAN=1 -D_GNU_SOURCE=1 -I'/usr/local/lib/R/site-library/cpp11/include' -I/usr/local/include   -fvisibility=hidden -fpic  -g -O2 -fstack-protector-strong -Wformat -Werror=format-security -Wdate-time -D_FORTIFY_SOURCE=2 -g  -c vendor/cigraph/src/layout/merge_dla.c -o vendor/cigraph/src/layout/merge_dla.o
gcc -std=gnu2x -I"/usr/local/lib/R/include" -DNDEBUG -DUSING_R -I. -Ivendor -Ivendor/cigraph/src -Ivendor/cigraph/include -Ivendor/cigraph/vendor -Ivendor/io/parsers  -I/usr/include/libxml2 -DHAVE_LIBXML -DNDEBUG -DNTIMER -DNPRINT -DIGRAPH_THREAD_LOCAL= -DPRPACK_IGRAPH_SUPPORT -DHAVE_GFORTRAN=1 -D_GNU_SOURCE=1 -I'/usr/local/lib/R/site-library/cpp11/include' -I/usr/local/include   -fvisibility=hidden -fpic  -g -O2 -fstack-protector-strong -Wformat -Werror=format-security -Wdate-time -D_FORTIFY_SOURCE=2 -g  -c vendor/cigraph/src/layout/merge_grid.c -o vendor/cigraph/src/layout/merge_grid.o
gcc -std=gnu2x -I"/usr/local/lib/R/include" -DNDEBUG -DUSING_R -I. -Ivendor -Ivendor/cigraph/src -Ivendor/cigraph/include -Ivendor/cigraph/vendor -Ivendor/io/parsers  -I/usr/include/libxml2 -DHAVE_LIBXML -DNDEBUG -DNTIMER -DNPRINT -DIGRAPH_THREAD_LOCAL= -DPRPACK_IGRAPH_SUPPORT -DHAVE_GFORTRAN=1 -D_GNU_SOURCE=1 -I'/usr/local/lib/R/site-library/cpp11/include' -I/usr/local/include   -fvisibility=hidden -fpic  -g -O2 -fstack-protector-strong -Wformat -Werror=format-security -Wdate-time -D_FORTIFY_SOURCE=2 -g  -c vendor/cigraph/src/layout/reingold_tilford.c -o vendor/cigraph/src/layout/reingold_tilford.o
gcc -std=gnu2x -I"/usr/local/lib/R/include" -DNDEBUG -DUSING_R -I. -Ivendor -Ivendor/cigraph/src -Ivendor/cigraph/include -Ivendor/cigraph/vendor -Ivendor/io/parsers  -I/usr/include/libxml2 -DHAVE_LIBXML -DNDEBUG -DNTIMER -DNPRINT -DIGRAPH_THREAD_LOCAL= -DPRPACK_IGRAPH_SUPPORT -DHAVE_GFORTRAN=1 -D_GNU_SOURCE=1 -I'/usr/local/lib/R/site-library/cpp11/include' -I/usr/local/include   -fvisibility=hidden -fpic  -g -O2 -fstack-protector-strong -Wformat -Werror=format-security -Wdate-time -D_FORTIFY_SOURCE=2 -g  -c vendor/cigraph/src/layout/sugiyama.c -o vendor/cigraph/src/layout/sugiyama.o
gcc -std=gnu2x -I"/usr/local/lib/R/include" -DNDEBUG -DUSING_R -I. -Ivendor -Ivendor/cigraph/src -Ivendor/cigraph/include -Ivendor/cigraph/vendor -Ivendor/io/parsers  -I/usr/include/libxml2 -DHAVE_LIBXML -DNDEBUG -DNTIMER -DNPRINT -DIGRAPH_THREAD_LOCAL= -DPRPACK_IGRAPH_SUPPORT -DHAVE_GFORTRAN=1 -D_GNU_SOURCE=1 -I'/usr/local/lib/R/site-library/cpp11/include' -I/usr/local/include   -fvisibility=hidden -fpic  -g -O2 -fstack-protector-strong -Wformat -Werror=format-security -Wdate-time -D_FORTIFY_SOURCE=2 -g  -c vendor/cigraph/src/layout/umap.c -o vendor/cigraph/src/layout/umap.o
gcc -std=gnu2x -I"/usr/local/lib/R/include" -DNDEBUG -DUSING_R -I. -Ivendor -Ivendor/cigraph/src -Ivendor/cigraph/include -Ivendor/cigraph/vendor -Ivendor/io/parsers  -I/usr/include/libxml2 -DHAVE_LIBXML -DNDEBUG -DNTIMER -DNPRINT -DIGRAPH_THREAD_LOCAL= -DPRPACK_IGRAPH_SUPPORT -DHAVE_GFORTRAN=1 -D_GNU_SOURCE=1 -I'/usr/local/lib/R/site-library/cpp11/include' -I/usr/local/include   -fvisibility=hidden -fpic  -g -O2 -fstack-protector-strong -Wformat -Werror=format-security -Wdate-time -D_FORTIFY_SOURCE=2 -g  -c vendor/cigraph/src/linalg/arpack.c -o vendor/cigraph/src/linalg/arpack.o
gcc -std=gnu2x -I"/usr/local/lib/R/include" -DNDEBUG -DUSING_R -I. -Ivendor -Ivendor/cigraph/src -Ivendor/cigraph/include -Ivendor/cigraph/vendor -Ivendor/io/parsers  -I/usr/include/libxml2 -DHAVE_LIBXML -DNDEBUG -DNTIMER -DNPRINT -DIGRAPH_THREAD_LOCAL= -DPRPACK_IGRAPH_SUPPORT -DHAVE_GFORTRAN=1 -D_GNU_SOURCE=1 -I'/usr/local/lib/R/site-library/cpp11/include' -I/usr/local/include   -fvisibility=hidden -fpic  -g -O2 -fstack-protector-strong -Wformat -Werror=format-security -Wdate-time -D_FORTIFY_SOURCE=2 -g  -c vendor/cigraph/src/linalg/blas.c -o vendor/cigraph/src/linalg/blas.o
gcc -std=gnu2x -I"/usr/local/lib/R/include" -DNDEBUG -DUSING_R -I. -Ivendor -Ivendor/cigraph/src -Ivendor/cigraph/include -Ivendor/cigraph/vendor -Ivendor/io/parsers  -I/usr/include/libxml2 -DHAVE_LIBXML -DNDEBUG -DNTIMER -DNPRINT -DIGRAPH_THREAD_LOCAL= -DPRPACK_IGRAPH_SUPPORT -DHAVE_GFORTRAN=1 -D_GNU_SOURCE=1 -I'/usr/local/lib/R/site-library/cpp11/include' -I/usr/local/include   -fvisibility=hidden -fpic  -g -O2 -fstack-protector-strong -Wformat -Werror=format-security -Wdate-time -D_FORTIFY_SOURCE=2 -g  -c vendor/cigraph/src/linalg/eigen.c -o vendor/cigraph/src/linalg/eigen.o
gcc -std=gnu2x -I"/usr/local/lib/R/include" -DNDEBUG -DUSING_R -I. -Ivendor -Ivendor/cigraph/src -Ivendor/cigraph/include -Ivendor/cigraph/vendor -Ivendor/io/parsers  -I/usr/include/libxml2 -DHAVE_LIBXML -DNDEBUG -DNTIMER -DNPRINT -DIGRAPH_THREAD_LOCAL= -DPRPACK_IGRAPH_SUPPORT -DHAVE_GFORTRAN=1 -D_GNU_SOURCE=1 -I'/usr/local/lib/R/site-library/cpp11/include' -I/usr/local/include   -fvisibility=hidden -fpic  -g -O2 -fstack-protector-strong -Wformat -Werror=format-security -Wdate-time -D_FORTIFY_SOURCE=2 -g  -c vendor/cigraph/src/linalg/lapack.c -o vendor/cigraph/src/linalg/lapack.o
gcc -std=gnu2x -I"/usr/local/lib/R/include" -DNDEBUG -DUSING_R -I. -Ivendor -Ivendor/cigraph/src -Ivendor/cigraph/include -Ivendor/cigraph/vendor -Ivendor/io/parsers  -I/usr/include/libxml2 -DHAVE_LIBXML -DNDEBUG -DNTIMER -DNPRINT -DIGRAPH_THREAD_LOCAL= -DPRPACK_IGRAPH_SUPPORT -DHAVE_GFORTRAN=1 -D_GNU_SOURCE=1 -I'/usr/local/lib/R/site-library/cpp11/include' -I/usr/local/include   -fvisibility=hidden -fpic  -g -O2 -fstack-protector-strong -Wformat -Werror=format-security -Wdate-time -D_FORTIFY_SOURCE=2 -g  -c vendor/cigraph/src/math/complex.c -o vendor/cigraph/src/math/complex.o
gcc -std=gnu2x -I"/usr/local/lib/R/include" -DNDEBUG -DUSING_R -I. -Ivendor -Ivendor/cigraph/src -Ivendor/cigraph/include -Ivendor/cigraph/vendor -Ivendor/io/parsers  -I/usr/include/libxml2 -DHAVE_LIBXML -DNDEBUG -DNTIMER -DNPRINT -DIGRAPH_THREAD_LOCAL= -DPRPACK_IGRAPH_SUPPORT -DHAVE_GFORTRAN=1 -D_GNU_SOURCE=1 -I'/usr/local/lib/R/site-library/cpp11/include' -I/usr/local/include   -fvisibility=hidden -fpic  -g -O2 -fstack-protector-strong -Wformat -Werror=format-security -Wdate-time -D_FORTIFY_SOURCE=2 -g  -c vendor/cigraph/src/math/safe_intop.c -o vendor/cigraph/src/math/safe_intop.o
gcc -std=gnu2x -I"/usr/local/lib/R/include" -DNDEBUG -DUSING_R -I. -Ivendor -Ivendor/cigraph/src -Ivendor/cigraph/include -Ivendor/cigraph/vendor -Ivendor/io/parsers  -I/usr/include/libxml2 -DHAVE_LIBXML -DNDEBUG -DNTIMER -DNPRINT -DIGRAPH_THREAD_LOCAL= -DPRPACK_IGRAPH_SUPPORT -DHAVE_GFORTRAN=1 -D_GNU_SOURCE=1 -I'/usr/local/lib/R/site-library/cpp11/include' -I/usr/local/include   -fvisibility=hidden -fpic  -g -O2 -fstack-protector-strong -Wformat -Werror=format-security -Wdate-time -D_FORTIFY_SOURCE=2 -g  -c vendor/cigraph/src/math/utils.c -o vendor/cigraph/src/math/utils.o
gcc -std=gnu2x -I"/usr/local/lib/R/include" -DNDEBUG -DUSING_R -I. -Ivendor -Ivendor/cigraph/src -Ivendor/cigraph/include -Ivendor/cigraph/vendor -Ivendor/io/parsers  -I/usr/include/libxml2 -DHAVE_LIBXML -DNDEBUG -DNTIMER -DNPRINT -DIGRAPH_THREAD_LOCAL= -DPRPACK_IGRAPH_SUPPORT -DHAVE_GFORTRAN=1 -D_GNU_SOURCE=1 -I'/usr/local/lib/R/site-library/cpp11/include' -I/usr/local/include   -fvisibility=hidden -fpic  -g -O2 -fstack-protector-strong -Wformat -Werror=format-security -Wdate-time -D_FORTIFY_SOURCE=2 -g  -c vendor/cigraph/src/misc/bipartite.c -o vendor/cigraph/src/misc/bipartite.o
gcc -std=gnu2x -I"/usr/local/lib/R/include" -DNDEBUG -DUSING_R -I. -Ivendor -Ivendor/cigraph/src -Ivendor/cigraph/include -Ivendor/cigraph/vendor -Ivendor/io/parsers  -I/usr/include/libxml2 -DHAVE_LIBXML -DNDEBUG -DNTIMER -DNPRINT -DIGRAPH_THREAD_LOCAL= -DPRPACK_IGRAPH_SUPPORT -DHAVE_GFORTRAN=1 -D_GNU_SOURCE=1 -I'/usr/local/lib/R/site-library/cpp11/include' -I/usr/local/include   -fvisibility=hidden -fpic  -g -O2 -fstack-protector-strong -Wformat -Werror=format-security -Wdate-time -D_FORTIFY_SOURCE=2 -g  -c vendor/cigraph/src/misc/chordality.c -o vendor/cigraph/src/misc/chordality.o
gcc -std=gnu2x -I"/usr/local/lib/R/include" -DNDEBUG -DUSING_R -I. -Ivendor -Ivendor/cigraph/src -Ivendor/cigraph/include -Ivendor/cigraph/vendor -Ivendor/io/parsers  -I/usr/include/libxml2 -DHAVE_LIBXML -DNDEBUG -DNTIMER -DNPRINT -DIGRAPH_THREAD_LOCAL= -DPRPACK_IGRAPH_SUPPORT -DHAVE_GFORTRAN=1 -D_GNU_SOURCE=1 -I'/usr/local/lib/R/site-library/cpp11/include' -I/usr/local/include   -fvisibility=hidden -fpic  -g -O2 -fstack-protector-strong -Wformat -Werror=format-security -Wdate-time -D_FORTIFY_SOURCE=2 -g  -c vendor/cigraph/src/misc/cocitation.c -o vendor/cigraph/src/misc/cocitation.o
gcc -std=gnu2x -I"/usr/local/lib/R/include" -DNDEBUG -DUSING_R -I. -Ivendor -Ivendor/cigraph/src -Ivendor/cigraph/include -Ivendor/cigraph/vendor -Ivendor/io/parsers  -I/usr/include/libxml2 -DHAVE_LIBXML -DNDEBUG -DNTIMER -DNPRINT -DIGRAPH_THREAD_LOCAL= -DPRPACK_IGRAPH_SUPPORT -DHAVE_GFORTRAN=1 -D_GNU_SOURCE=1 -I'/usr/local/lib/R/site-library/cpp11/include' -I/usr/local/include   -fvisibility=hidden -fpic  -g -O2 -fstack-protector-strong -Wformat -Werror=format-security -Wdate-time -D_FORTIFY_SOURCE=2 -g  -c vendor/cigraph/src/misc/coloring.c -o vendor/cigraph/src/misc/coloring.o
gcc -std=gnu2x -I"/usr/local/lib/R/include" -DNDEBUG -DUSING_R -I. -Ivendor -Ivendor/cigraph/src -Ivendor/cigraph/include -Ivendor/cigraph/vendor -Ivendor/io/parsers  -I/usr/include/libxml2 -DHAVE_LIBXML -DNDEBUG -DNTIMER -DNPRINT -DIGRAPH_THREAD_LOCAL= -DPRPACK_IGRAPH_SUPPORT -DHAVE_GFORTRAN=1 -D_GNU_SOURCE=1 -I'/usr/local/lib/R/site-library/cpp11/include' -I/usr/local/include   -fvisibility=hidden -fpic  -g -O2 -fstack-protector-strong -Wformat -Werror=format-security -Wdate-time -D_FORTIFY_SOURCE=2 -g  -c vendor/cigraph/src/misc/conversion.c -o vendor/cigraph/src/misc/conversion.o
gcc -std=gnu2x -I"/usr/local/lib/R/include" -DNDEBUG -DUSING_R -I. -Ivendor -Ivendor/cigraph/src -Ivendor/cigraph/include -Ivendor/cigraph/vendor -Ivendor/io/parsers  -I/usr/include/libxml2 -DHAVE_LIBXML -DNDEBUG -DNTIMER -DNPRINT -DIGRAPH_THREAD_LOCAL= -DPRPACK_IGRAPH_SUPPORT -DHAVE_GFORTRAN=1 -D_GNU_SOURCE=1 -I'/usr/local/lib/R/site-library/cpp11/include' -I/usr/local/include   -fvisibility=hidden -fpic  -g -O2 -fstack-protector-strong -Wformat -Werror=format-security -Wdate-time -D_FORTIFY_SOURCE=2 -g  -c vendor/cigraph/src/misc/cycle_bases.c -o vendor/cigraph/src/misc/cycle_bases.o
g++ -std=gnu++17 -I"/usr/local/lib/R/include" -DNDEBUG -DUSING_R -I. -Ivendor -Ivendor/cigraph/src -Ivendor/cigraph/include -Ivendor/cigraph/vendor -Ivendor/io/parsers  -I/usr/include/libxml2 -DHAVE_LIBXML -DNDEBUG -DNTIMER -DNPRINT -DIGRAPH_THREAD_LOCAL= -DPRPACK_IGRAPH_SUPPORT -DHAVE_GFORTRAN=1 -D_GNU_SOURCE=1 -I'/usr/local/lib/R/site-library/cpp11/include' -I/usr/local/include   -fvisibility=hidden -fpic  -g -O2 -fstack-protector-strong -Wformat -Werror=format-security -Wdate-time -D_FORTIFY_SOURCE=2 -g   -c vendor/cigraph/src/misc/degree_sequence.cpp -o vendor/cigraph/src/misc/degree_sequence.o
gcc -std=gnu2x -I"/usr/local/lib/R/include" -DNDEBUG -DUSING_R -I. -Ivendor -Ivendor/cigraph/src -Ivendor/cigraph/include -Ivendor/cigraph/vendor -Ivendor/io/parsers  -I/usr/include/libxml2 -DHAVE_LIBXML -DNDEBUG -DNTIMER -DNPRINT -DIGRAPH_THREAD_LOCAL= -DPRPACK_IGRAPH_SUPPORT -DHAVE_GFORTRAN=1 -D_GNU_SOURCE=1 -I'/usr/local/lib/R/site-library/cpp11/include' -I/usr/local/include   -fvisibility=hidden -fpic  -g -O2 -fstack-protector-strong -Wformat -Werror=format-security -Wdate-time -D_FORTIFY_SOURCE=2 -g  -c vendor/cigraph/src/misc/embedding.c -o vendor/cigraph/src/misc/embedding.o
gcc -std=gnu2x -I"/usr/local/lib/R/include" -DNDEBUG -DUSING_R -I. -Ivendor -Ivendor/cigraph/src -Ivendor/cigraph/include -Ivendor/cigraph/vendor -Ivendor/io/parsers  -I/usr/include/libxml2 -DHAVE_LIBXML -DNDEBUG -DNTIMER -DNPRINT -DIGRAPH_THREAD_LOCAL= -DPRPACK_IGRAPH_SUPPORT -DHAVE_GFORTRAN=1 -D_GNU_SOURCE=1 -I'/usr/local/lib/R/site-library/cpp11/include' -I/usr/local/include   -fvisibility=hidden -fpic  -g -O2 -fstack-protector-strong -Wformat -Werror=format-security -Wdate-time -D_FORTIFY_SOURCE=2 -g  -c vendor/cigraph/src/misc/feedback_arc_set.c -o vendor/cigraph/src/misc/feedback_arc_set.o
gcc -std=gnu2x -I"/usr/local/lib/R/include" -DNDEBUG -DUSING_R -I. -Ivendor -Ivendor/cigraph/src -Ivendor/cigraph/include -Ivendor/cigraph/vendor -Ivendor/io/parsers  -I/usr/include/libxml2 -DHAVE_LIBXML -DNDEBUG -DNTIMER -DNPRINT -DIGRAPH_THREAD_LOCAL= -DPRPACK_IGRAPH_SUPPORT -DHAVE_GFORTRAN=1 -D_GNU_SOURCE=1 -I'/usr/local/lib/R/site-library/cpp11/include' -I/usr/local/include   -fvisibility=hidden -fpic  -g -O2 -fstack-protector-strong -Wformat -Werror=format-security -Wdate-time -D_FORTIFY_SOURCE=2 -g  -c vendor/cigraph/src/misc/graphicality.c -o vendor/cigraph/src/misc/graphicality.o
gcc -std=gnu2x -I"/usr/local/lib/R/include" -DNDEBUG -DUSING_R -I. -Ivendor -Ivendor/cigraph/src -Ivendor/cigraph/include -Ivendor/cigraph/vendor -Ivendor/io/parsers  -I/usr/include/libxml2 -DHAVE_LIBXML -DNDEBUG -DNTIMER -DNPRINT -DIGRAPH_THREAD_LOCAL= -DPRPACK_IGRAPH_SUPPORT -DHAVE_GFORTRAN=1 -D_GNU_SOURCE=1 -I'/usr/local/lib/R/site-library/cpp11/include' -I/usr/local/include   -fvisibility=hidden -fpic  -g -O2 -fstack-protector-strong -Wformat -Werror=format-security -Wdate-time -D_FORTIFY_SOURCE=2 -g  -c vendor/cigraph/src/misc/matching.c -o vendor/cigraph/src/misc/matching.o
gcc -std=gnu2x -I"/usr/local/lib/R/include" -DNDEBUG -DUSING_R -I. -Ivendor -Ivendor/cigraph/src -Ivendor/cigraph/include -Ivendor/cigraph/vendor -Ivendor/io/parsers  -I/usr/include/libxml2 -DHAVE_LIBXML -DNDEBUG -DNTIMER -DNPRINT -DIGRAPH_THREAD_LOCAL= -DPRPACK_IGRAPH_SUPPORT -DHAVE_GFORTRAN=1 -D_GNU_SOURCE=1 -I'/usr/local/lib/R/site-library/cpp11/include' -I/usr/local/include   -fvisibility=hidden -fpic  -g -O2 -fstack-protector-strong -Wformat -Werror=format-security -Wdate-time -D_FORTIFY_SOURCE=2 -g  -c vendor/cigraph/src/misc/microscopic_update.c -o vendor/cigraph/src/misc/microscopic_update.o
gcc -std=gnu2x -I"/usr/local/lib/R/include" -DNDEBUG -DUSING_R -I. -Ivendor -Ivendor/cigraph/src -Ivendor/cigraph/include -Ivendor/cigraph/vendor -Ivendor/io/parsers  -I/usr/include/libxml2 -DHAVE_LIBXML -DNDEBUG -DNTIMER -DNPRINT -DIGRAPH_THREAD_LOCAL= -DPRPACK_IGRAPH_SUPPORT -DHAVE_GFORTRAN=1 -D_GNU_SOURCE=1 -I'/usr/local/lib/R/site-library/cpp11/include' -I/usr/local/include   -fvisibility=hidden -fpic  -g -O2 -fstack-protector-strong -Wformat -Werror=format-security -Wdate-time -D_FORTIFY_SOURCE=2 -g  -c vendor/cigraph/src/misc/mixing.c -o vendor/cigraph/src/misc/mixing.o
gcc -std=gnu2x -I"/usr/local/lib/R/include" -DNDEBUG -DUSING_R -I. -Ivendor -Ivendor/cigraph/src -Ivendor/cigraph/include -Ivendor/cigraph/vendor -Ivendor/io/parsers  -I/usr/include/libxml2 -DHAVE_LIBXML -DNDEBUG -DNTIMER -DNPRINT -DIGRAPH_THREAD_LOCAL= -DPRPACK_IGRAPH_SUPPORT -DHAVE_GFORTRAN=1 -D_GNU_SOURCE=1 -I'/usr/local/lib/R/site-library/cpp11/include' -I/usr/local/include   -fvisibility=hidden -fpic  -g -O2 -fstack-protector-strong -Wformat -Werror=format-security -Wdate-time -D_FORTIFY_SOURCE=2 -g  -c vendor/cigraph/src/misc/motifs.c -o vendor/cigraph/src/misc/motifs.o
g++ -std=gnu++17 -I"/usr/local/lib/R/include" -DNDEBUG -DUSING_R -I. -Ivendor -Ivendor/cigraph/src -Ivendor/cigraph/include -Ivendor/cigraph/vendor -Ivendor/io/parsers  -I/usr/include/libxml2 -DHAVE_LIBXML -DNDEBUG -DNTIMER -DNPRINT -DIGRAPH_THREAD_LOCAL= -DPRPACK_IGRAPH_SUPPORT -DHAVE_GFORTRAN=1 -D_GNU_SOURCE=1 -I'/usr/local/lib/R/site-library/cpp11/include' -I/usr/local/include   -fvisibility=hidden -fpic  -g -O2 -fstack-protector-strong -Wformat -Werror=format-security -Wdate-time -D_FORTIFY_SOURCE=2 -g   -c vendor/cigraph/src/misc/order_cycle.cpp -o vendor/cigraph/src/misc/order_cycle.o
gcc -std=gnu2x -I"/usr/local/lib/R/include" -DNDEBUG -DUSING_R -I. -Ivendor -Ivendor/cigraph/src -Ivendor/cigraph/include -Ivendor/cigraph/vendor -Ivendor/io/parsers  -I/usr/include/libxml2 -DHAVE_LIBXML -DNDEBUG -DNTIMER -DNPRINT -DIGRAPH_THREAD_LOCAL= -DPRPACK_IGRAPH_SUPPORT -DHAVE_GFORTRAN=1 -D_GNU_SOURCE=1 -I'/usr/local/lib/R/site-library/cpp11/include' -I/usr/local/include   -fvisibility=hidden -fpic  -g -O2 -fstack-protector-strong -Wformat -Werror=format-security -Wdate-time -D_FORTIFY_SOURCE=2 -g  -c vendor/cigraph/src/misc/other.c -o vendor/cigraph/src/misc/other.o
gcc -std=gnu2x -I"/usr/local/lib/R/include" -DNDEBUG -DUSING_R -I. -Ivendor -Ivendor/cigraph/src -Ivendor/cigraph/include -Ivendor/cigraph/vendor -Ivendor/io/parsers  -I/usr/include/libxml2 -DHAVE_LIBXML -DNDEBUG -DNTIMER -DNPRINT -DIGRAPH_THREAD_LOCAL= -DPRPACK_IGRAPH_SUPPORT -DHAVE_GFORTRAN=1 -D_GNU_SOURCE=1 -I'/usr/local/lib/R/site-library/cpp11/include' -I/usr/local/include   -fvisibility=hidden -fpic  -g -O2 -fstack-protector-strong -Wformat -Werror=format-security -Wdate-time -D_FORTIFY_SOURCE=2 -g  -c vendor/cigraph/src/misc/power_law_fit.c -o vendor/cigraph/src/misc/power_law_fit.o
gcc -std=gnu2x -I"/usr/local/lib/R/include" -DNDEBUG -DUSING_R -I. -Ivendor -Ivendor/cigraph/src -Ivendor/cigraph/include -Ivendor/cigraph/vendor -Ivendor/io/parsers  -I/usr/include/libxml2 -DHAVE_LIBXML -DNDEBUG -DNTIMER -DNPRINT -DIGRAPH_THREAD_LOCAL= -DPRPACK_IGRAPH_SUPPORT -DHAVE_GFORTRAN=1 -D_GNU_SOURCE=1 -I'/usr/local/lib/R/site-library/cpp11/include' -I/usr/local/include   -fvisibility=hidden -fpic  -g -O2 -fstack-protector-strong -Wformat -Werror=format-security -Wdate-time -D_FORTIFY_SOURCE=2 -g  -c vendor/cigraph/src/misc/scan.c -o vendor/cigraph/src/misc/scan.o
gcc -std=gnu2x -I"/usr/local/lib/R/include" -DNDEBUG -DUSING_R -I. -Ivendor -Ivendor/cigraph/src -Ivendor/cigraph/include -Ivendor/cigraph/vendor -Ivendor/io/parsers  -I/usr/include/libxml2 -DHAVE_LIBXML -DNDEBUG -DNTIMER -DNPRINT -DIGRAPH_THREAD_LOCAL= -DPRPACK_IGRAPH_SUPPORT -DHAVE_GFORTRAN=1 -D_GNU_SOURCE=1 -I'/usr/local/lib/R/site-library/cpp11/include' -I/usr/local/include   -fvisibility=hidden -fpic  -g -O2 -fstack-protector-strong -Wformat -Werror=format-security -Wdate-time -D_FORTIFY_SOURCE=2 -g  -c vendor/cigraph/src/misc/sir.c -o vendor/cigraph/src/misc/sir.o
gcc -std=gnu2x -I"/usr/local/lib/R/include" -DNDEBUG -DUSING_R -I. -Ivendor -Ivendor/cigraph/src -Ivendor/cigraph/include -Ivendor/cigraph/vendor -Ivendor/io/parsers  -I/usr/include/libxml2 -DHAVE_LIBXML -DNDEBUG -DNTIMER -DNPRINT -DIGRAPH_THREAD_LOCAL= -DPRPACK_IGRAPH_SUPPORT -DHAVE_GFORTRAN=1 -D_GNU_SOURCE=1 -I'/usr/local/lib/R/site-library/cpp11/include' -I/usr/local/include   -fvisibility=hidden -fpic  -g -O2 -fstack-protector-strong -Wformat -Werror=format-security -Wdate-time -D_FORTIFY_SOURCE=2 -g  -c vendor/cigraph/src/misc/spanning_trees.c -o vendor/cigraph/src/misc/spanning_trees.o
gcc -std=gnu2x -I"/usr/local/lib/R/include" -DNDEBUG -DUSING_R -I. -Ivendor -Ivendor/cigraph/src -Ivendor/cigraph/include -Ivendor/cigraph/vendor -Ivendor/io/parsers  -I/usr/include/libxml2 -DHAVE_LIBXML -DNDEBUG -DNTIMER -DNPRINT -DIGRAPH_THREAD_LOCAL= -DPRPACK_IGRAPH_SUPPORT -DHAVE_GFORTRAN=1 -D_GNU_SOURCE=1 -I'/usr/local/lib/R/site-library/cpp11/include' -I/usr/local/include   -fvisibility=hidden -fpic  -g -O2 -fstack-protector-strong -Wformat -Werror=format-security -Wdate-time -D_FORTIFY_SOURCE=2 -g  -c vendor/cigraph/src/operators/add_edge.c -o vendor/cigraph/src/operators/add_edge.o
gcc -std=gnu2x -I"/usr/local/lib/R/include" -DNDEBUG -DUSING_R -I. -Ivendor -Ivendor/cigraph/src -Ivendor/cigraph/include -Ivendor/cigraph/vendor -Ivendor/io/parsers  -I/usr/include/libxml2 -DHAVE_LIBXML -DNDEBUG -DNTIMER -DNPRINT -DIGRAPH_THREAD_LOCAL= -DPRPACK_IGRAPH_SUPPORT -DHAVE_GFORTRAN=1 -D_GNU_SOURCE=1 -I'/usr/local/lib/R/site-library/cpp11/include' -I/usr/local/include   -fvisibility=hidden -fpic  -g -O2 -fstack-protector-strong -Wformat -Werror=format-security -Wdate-time -D_FORTIFY_SOURCE=2 -g  -c vendor/cigraph/src/operators/complementer.c -o vendor/cigraph/src/operators/complementer.o
gcc -std=gnu2x -I"/usr/local/lib/R/include" -DNDEBUG -DUSING_R -I. -Ivendor -Ivendor/cigraph/src -Ivendor/cigraph/include -Ivendor/cigraph/vendor -Ivendor/io/parsers  -I/usr/include/libxml2 -DHAVE_LIBXML -DNDEBUG -DNTIMER -DNPRINT -DIGRAPH_THREAD_LOCAL= -DPRPACK_IGRAPH_SUPPORT -DHAVE_GFORTRAN=1 -D_GNU_SOURCE=1 -I'/usr/local/lib/R/site-library/cpp11/include' -I/usr/local/include   -fvisibility=hidden -fpic  -g -O2 -fstack-protector-strong -Wformat -Werror=format-security -Wdate-time -D_FORTIFY_SOURCE=2 -g  -c vendor/cigraph/src/operators/compose.c -o vendor/cigraph/src/operators/compose.o
gcc -std=gnu2x -I"/usr/local/lib/R/include" -DNDEBUG -DUSING_R -I. -Ivendor -Ivendor/cigraph/src -Ivendor/cigraph/include -Ivendor/cigraph/vendor -Ivendor/io/parsers  -I/usr/include/libxml2 -DHAVE_LIBXML -DNDEBUG -DNTIMER -DNPRINT -DIGRAPH_THREAD_LOCAL= -DPRPACK_IGRAPH_SUPPORT -DHAVE_GFORTRAN=1 -D_GNU_SOURCE=1 -I'/usr/local/lib/R/site-library/cpp11/include' -I/usr/local/include   -fvisibility=hidden -fpic  -g -O2 -fstack-protector-strong -Wformat -Werror=format-security -Wdate-time -D_FORTIFY_SOURCE=2 -g  -c vendor/cigraph/src/operators/connect_neighborhood.c -o vendor/cigraph/src/operators/connect_neighborhood.o
gcc -std=gnu2x -I"/usr/local/lib/R/include" -DNDEBUG -DUSING_R -I. -Ivendor -Ivendor/cigraph/src -Ivendor/cigraph/include -Ivendor/cigraph/vendor -Ivendor/io/parsers  -I/usr/include/libxml2 -DHAVE_LIBXML -DNDEBUG -DNTIMER -DNPRINT -DIGRAPH_THREAD_LOCAL= -DPRPACK_IGRAPH_SUPPORT -DHAVE_GFORTRAN=1 -D_GNU_SOURCE=1 -I'/usr/local/lib/R/site-library/cpp11/include' -I/usr/local/include   -fvisibility=hidden -fpic  -g -O2 -fstack-protector-strong -Wformat -Werror=format-security -Wdate-time -D_FORTIFY_SOURCE=2 -g  -c vendor/cigraph/src/operators/contract.c -o vendor/cigraph/src/operators/contract.o
gcc -std=gnu2x -I"/usr/local/lib/R/include" -DNDEBUG -DUSING_R -I. -Ivendor -Ivendor/cigraph/src -Ivendor/cigraph/include -Ivendor/cigraph/vendor -Ivendor/io/parsers  -I/usr/include/libxml2 -DHAVE_LIBXML -DNDEBUG -DNTIMER -DNPRINT -DIGRAPH_THREAD_LOCAL= -DPRPACK_IGRAPH_SUPPORT -DHAVE_GFORTRAN=1 -D_GNU_SOURCE=1 -I'/usr/local/lib/R/site-library/cpp11/include' -I/usr/local/include   -fvisibility=hidden -fpic  -g -O2 -fstack-protector-strong -Wformat -Werror=format-security -Wdate-time -D_FORTIFY_SOURCE=2 -g  -c vendor/cigraph/src/operators/difference.c -o vendor/cigraph/src/operators/difference.o
gcc -std=gnu2x -I"/usr/local/lib/R/include" -DNDEBUG -DUSING_R -I. -Ivendor -Ivendor/cigraph/src -Ivendor/cigraph/include -Ivendor/cigraph/vendor -Ivendor/io/parsers  -I/usr/include/libxml2 -DHAVE_LIBXML -DNDEBUG -DNTIMER -DNPRINT -DIGRAPH_THREAD_LOCAL= -DPRPACK_IGRAPH_SUPPORT -DHAVE_GFORTRAN=1 -D_GNU_SOURCE=1 -I'/usr/local/lib/R/site-library/cpp11/include' -I/usr/local/include   -fvisibility=hidden -fpic  -g -O2 -fstack-protector-strong -Wformat -Werror=format-security -Wdate-time -D_FORTIFY_SOURCE=2 -g  -c vendor/cigraph/src/operators/disjoint_union.c -o vendor/cigraph/src/operators/disjoint_union.o
gcc -std=gnu2x -I"/usr/local/lib/R/include" -DNDEBUG -DUSING_R -I. -Ivendor -Ivendor/cigraph/src -Ivendor/cigraph/include -Ivendor/cigraph/vendor -Ivendor/io/parsers  -I/usr/include/libxml2 -DHAVE_LIBXML -DNDEBUG -DNTIMER -DNPRINT -DIGRAPH_THREAD_LOCAL= -DPRPACK_IGRAPH_SUPPORT -DHAVE_GFORTRAN=1 -D_GNU_SOURCE=1 -I'/usr/local/lib/R/site-library/cpp11/include' -I/usr/local/include   -fvisibility=hidden -fpic  -g -O2 -fstack-protector-strong -Wformat -Werror=format-security -Wdate-time -D_FORTIFY_SOURCE=2 -g  -c vendor/cigraph/src/operators/intersection.c -o vendor/cigraph/src/operators/intersection.o
gcc -std=gnu2x -I"/usr/local/lib/R/include" -DNDEBUG -DUSING_R -I. -Ivendor -Ivendor/cigraph/src -Ivendor/cigraph/include -Ivendor/cigraph/vendor -Ivendor/io/parsers  -I/usr/include/libxml2 -DHAVE_LIBXML -DNDEBUG -DNTIMER -DNPRINT -DIGRAPH_THREAD_LOCAL= -DPRPACK_IGRAPH_SUPPORT -DHAVE_GFORTRAN=1 -D_GNU_SOURCE=1 -I'/usr/local/lib/R/site-library/cpp11/include' -I/usr/local/include   -fvisibility=hidden -fpic  -g -O2 -fstack-protector-strong -Wformat -Werror=format-security -Wdate-time -D_FORTIFY_SOURCE=2 -g  -c vendor/cigraph/src/operators/join.c -o vendor/cigraph/src/operators/join.o
gcc -std=gnu2x -I"/usr/local/lib/R/include" -DNDEBUG -DUSING_R -I. -Ivendor -Ivendor/cigraph/src -Ivendor/cigraph/include -Ivendor/cigraph/vendor -Ivendor/io/parsers  -I/usr/include/libxml2 -DHAVE_LIBXML -DNDEBUG -DNTIMER -DNPRINT -DIGRAPH_THREAD_LOCAL= -DPRPACK_IGRAPH_SUPPORT -DHAVE_GFORTRAN=1 -D_GNU_SOURCE=1 -I'/usr/local/lib/R/site-library/cpp11/include' -I/usr/local/include   -fvisibility=hidden -fpic  -g -O2 -fstack-protector-strong -Wformat -Werror=format-security -Wdate-time -D_FORTIFY_SOURCE=2 -g  -c vendor/cigraph/src/operators/misc_internal.c -o vendor/cigraph/src/operators/misc_internal.o
gcc -std=gnu2x -I"/usr/local/lib/R/include" -DNDEBUG -DUSING_R -I. -Ivendor -Ivendor/cigraph/src -Ivendor/cigraph/include -Ivendor/cigraph/vendor -Ivendor/io/parsers  -I/usr/include/libxml2 -DHAVE_LIBXML -DNDEBUG -DNTIMER -DNPRINT -DIGRAPH_THREAD_LOCAL= -DPRPACK_IGRAPH_SUPPORT -DHAVE_GFORTRAN=1 -D_GNU_SOURCE=1 -I'/usr/local/lib/R/site-library/cpp11/include' -I/usr/local/include   -fvisibility=hidden -fpic  -g -O2 -fstack-protector-strong -Wformat -Werror=format-security -Wdate-time -D_FORTIFY_SOURCE=2 -g  -c vendor/cigraph/src/operators/permute.c -o vendor/cigraph/src/operators/permute.o
gcc -std=gnu2x -I"/usr/local/lib/R/include" -DNDEBUG -DUSING_R -I. -Ivendor -Ivendor/cigraph/src -Ivendor/cigraph/include -Ivendor/cigraph/vendor -Ivendor/io/parsers  -I/usr/include/libxml2 -DHAVE_LIBXML -DNDEBUG -DNTIMER -DNPRINT -DIGRAPH_THREAD_LOCAL= -DPRPACK_IGRAPH_SUPPORT -DHAVE_GFORTRAN=1 -D_GNU_SOURCE=1 -I'/usr/local/lib/R/site-library/cpp11/include' -I/usr/local/include   -fvisibility=hidden -fpic  -g -O2 -fstack-protector-strong -Wformat -Werror=format-security -Wdate-time -D_FORTIFY_SOURCE=2 -g  -c vendor/cigraph/src/operators/reverse.c -o vendor/cigraph/src/operators/reverse.o
gcc -std=gnu2x -I"/usr/local/lib/R/include" -DNDEBUG -DUSING_R -I. -Ivendor -Ivendor/cigraph/src -Ivendor/cigraph/include -Ivendor/cigraph/vendor -Ivendor/io/parsers  -I/usr/include/libxml2 -DHAVE_LIBXML -DNDEBUG -DNTIMER -DNPRINT -DIGRAPH_THREAD_LOCAL= -DPRPACK_IGRAPH_SUPPORT -DHAVE_GFORTRAN=1 -D_GNU_SOURCE=1 -I'/usr/local/lib/R/site-library/cpp11/include' -I/usr/local/include   -fvisibility=hidden -fpic  -g -O2 -fstack-protector-strong -Wformat -Werror=format-security -Wdate-time -D_FORTIFY_SOURCE=2 -g  -c vendor/cigraph/src/operators/rewire.c -o vendor/cigraph/src/operators/rewire.o
gcc -std=gnu2x -I"/usr/local/lib/R/include" -DNDEBUG -DUSING_R -I. -Ivendor -Ivendor/cigraph/src -Ivendor/cigraph/include -Ivendor/cigraph/vendor -Ivendor/io/parsers  -I/usr/include/libxml2 -DHAVE_LIBXML -DNDEBUG -DNTIMER -DNPRINT -DIGRAPH_THREAD_LOCAL= -DPRPACK_IGRAPH_SUPPORT -DHAVE_GFORTRAN=1 -D_GNU_SOURCE=1 -I'/usr/local/lib/R/site-library/cpp11/include' -I/usr/local/include   -fvisibility=hidden -fpic  -g -O2 -fstack-protector-strong -Wformat -Werror=format-security -Wdate-time -D_FORTIFY_SOURCE=2 -g  -c vendor/cigraph/src/operators/rewire_edges.c -o vendor/cigraph/src/operators/rewire_edges.o
gcc -std=gnu2x -I"/usr/local/lib/R/include" -DNDEBUG -DUSING_R -I. -Ivendor -Ivendor/cigraph/src -Ivendor/cigraph/include -Ivendor/cigraph/vendor -Ivendor/io/parsers  -I/usr/include/libxml2 -DHAVE_LIBXML -DNDEBUG -DNTIMER -DNPRINT -DIGRAPH_THREAD_LOCAL= -DPRPACK_IGRAPH_SUPPORT -DHAVE_GFORTRAN=1 -D_GNU_SOURCE=1 -I'/usr/local/lib/R/site-library/cpp11/include' -I/usr/local/include   -fvisibility=hidden -fpic  -g -O2 -fstack-protector-strong -Wformat -Werror=format-security -Wdate-time -D_FORTIFY_SOURCE=2 -g  -c vendor/cigraph/src/operators/simplify.c -o vendor/cigraph/src/operators/simplify.o
gcc -std=gnu2x -I"/usr/local/lib/R/include" -DNDEBUG -DUSING_R -I. -Ivendor -Ivendor/cigraph/src -Ivendor/cigraph/include -Ivendor/cigraph/vendor -Ivendor/io/parsers  -I/usr/include/libxml2 -DHAVE_LIBXML -DNDEBUG -DNTIMER -DNPRINT -DIGRAPH_THREAD_LOCAL= -DPRPACK_IGRAPH_SUPPORT -DHAVE_GFORTRAN=1 -D_GNU_SOURCE=1 -I'/usr/local/lib/R/site-library/cpp11/include' -I/usr/local/include   -fvisibility=hidden -fpic  -g -O2 -fstack-protector-strong -Wformat -Werror=format-security -Wdate-time -D_FORTIFY_SOURCE=2 -g  -c vendor/cigraph/src/operators/subgraph.c -o vendor/cigraph/src/operators/subgraph.o
gcc -std=gnu2x -I"/usr/local/lib/R/include" -DNDEBUG -DUSING_R -I. -Ivendor -Ivendor/cigraph/src -Ivendor/cigraph/include -Ivendor/cigraph/vendor -Ivendor/io/parsers  -I/usr/include/libxml2 -DHAVE_LIBXML -DNDEBUG -DNTIMER -DNPRINT -DIGRAPH_THREAD_LOCAL= -DPRPACK_IGRAPH_SUPPORT -DHAVE_GFORTRAN=1 -D_GNU_SOURCE=1 -I'/usr/local/lib/R/site-library/cpp11/include' -I/usr/local/include   -fvisibility=hidden -fpic  -g -O2 -fstack-protector-strong -Wformat -Werror=format-security -Wdate-time -D_FORTIFY_SOURCE=2 -g  -c vendor/cigraph/src/operators/union.c -o vendor/cigraph/src/operators/union.o
gcc -std=gnu2x -I"/usr/local/lib/R/include" -DNDEBUG -DUSING_R -I. -Ivendor -Ivendor/cigraph/src -Ivendor/cigraph/include -Ivendor/cigraph/vendor -Ivendor/io/parsers  -I/usr/include/libxml2 -DHAVE_LIBXML -DNDEBUG -DNTIMER -DNPRINT -DIGRAPH_THREAD_LOCAL= -DPRPACK_IGRAPH_SUPPORT -DHAVE_GFORTRAN=1 -D_GNU_SOURCE=1 -I'/usr/local/lib/R/site-library/cpp11/include' -I/usr/local/include   -fvisibility=hidden -fpic  -g -O2 -fstack-protector-strong -Wformat -Werror=format-security -Wdate-time -D_FORTIFY_SOURCE=2 -g  -c vendor/cigraph/src/paths/all_shortest_paths.c -o vendor/cigraph/src/paths/all_shortest_paths.o
gcc -std=gnu2x -I"/usr/local/lib/R/include" -DNDEBUG -DUSING_R -I. -Ivendor -Ivendor/cigraph/src -Ivendor/cigraph/include -Ivendor/cigraph/vendor -Ivendor/io/parsers  -I/usr/include/libxml2 -DHAVE_LIBXML -DNDEBUG -DNTIMER -DNPRINT -DIGRAPH_THREAD_LOCAL= -DPRPACK_IGRAPH_SUPPORT -DHAVE_GFORTRAN=1 -D_GNU_SOURCE=1 -I'/usr/local/lib/R/site-library/cpp11/include' -I/usr/local/include   -fvisibility=hidden -fpic  -g -O2 -fstack-protector-strong -Wformat -Werror=format-security -Wdate-time -D_FORTIFY_SOURCE=2 -g  -c vendor/cigraph/src/paths/astar.c -o vendor/cigraph/src/paths/astar.o
gcc -std=gnu2x -I"/usr/local/lib/R/include" -DNDEBUG -DUSING_R -I. -Ivendor -Ivendor/cigraph/src -Ivendor/cigraph/include -Ivendor/cigraph/vendor -Ivendor/io/parsers  -I/usr/include/libxml2 -DHAVE_LIBXML -DNDEBUG -DNTIMER -DNPRINT -DIGRAPH_THREAD_LOCAL= -DPRPACK_IGRAPH_SUPPORT -DHAVE_GFORTRAN=1 -D_GNU_SOURCE=1 -I'/usr/local/lib/R/site-library/cpp11/include' -I/usr/local/include   -fvisibility=hidden -fpic  -g -O2 -fstack-protector-strong -Wformat -Werror=format-security -Wdate-time -D_FORTIFY_SOURCE=2 -g  -c vendor/cigraph/src/paths/bellman_ford.c -o vendor/cigraph/src/paths/bellman_ford.o
gcc -std=gnu2x -I"/usr/local/lib/R/include" -DNDEBUG -DUSING_R -I. -Ivendor -Ivendor/cigraph/src -Ivendor/cigraph/include -Ivendor/cigraph/vendor -Ivendor/io/parsers  -I/usr/include/libxml2 -DHAVE_LIBXML -DNDEBUG -DNTIMER -DNPRINT -DIGRAPH_THREAD_LOCAL= -DPRPACK_IGRAPH_SUPPORT -DHAVE_GFORTRAN=1 -D_GNU_SOURCE=1 -I'/usr/local/lib/R/site-library/cpp11/include' -I/usr/local/include   -fvisibility=hidden -fpic  -g -O2 -fstack-protector-strong -Wformat -Werror=format-security -Wdate-time -D_FORTIFY_SOURCE=2 -g  -c vendor/cigraph/src/paths/dijkstra.c -o vendor/cigraph/src/paths/dijkstra.o
gcc -std=gnu2x -I"/usr/local/lib/R/include" -DNDEBUG -DUSING_R -I. -Ivendor -Ivendor/cigraph/src -Ivendor/cigraph/include -Ivendor/cigraph/vendor -Ivendor/io/parsers  -I/usr/include/libxml2 -DHAVE_LIBXML -DNDEBUG -DNTIMER -DNPRINT -DIGRAPH_THREAD_LOCAL= -DPRPACK_IGRAPH_SUPPORT -DHAVE_GFORTRAN=1 -D_GNU_SOURCE=1 -I'/usr/local/lib/R/site-library/cpp11/include' -I/usr/local/include   -fvisibility=hidden -fpic  -g -O2 -fstack-protector-strong -Wformat -Werror=format-security -Wdate-time -D_FORTIFY_SOURCE=2 -g  -c vendor/cigraph/src/paths/distances.c -o vendor/cigraph/src/paths/distances.o
gcc -std=gnu2x -I"/usr/local/lib/R/include" -DNDEBUG -DUSING_R -I. -Ivendor -Ivendor/cigraph/src -Ivendor/cigraph/include -Ivendor/cigraph/vendor -Ivendor/io/parsers  -I/usr/include/libxml2 -DHAVE_LIBXML -DNDEBUG -DNTIMER -DNPRINT -DIGRAPH_THREAD_LOCAL= -DPRPACK_IGRAPH_SUPPORT -DHAVE_GFORTRAN=1 -D_GNU_SOURCE=1 -I'/usr/local/lib/R/site-library/cpp11/include' -I/usr/local/include   -fvisibility=hidden -fpic  -g -O2 -fstack-protector-strong -Wformat -Werror=format-security -Wdate-time -D_FORTIFY_SOURCE=2 -g  -c vendor/cigraph/src/paths/eulerian.c -o vendor/cigraph/src/paths/eulerian.o
gcc -std=gnu2x -I"/usr/local/lib/R/include" -DNDEBUG -DUSING_R -I. -Ivendor -Ivendor/cigraph/src -Ivendor/cigraph/include -Ivendor/cigraph/vendor -Ivendor/io/parsers  -I/usr/include/libxml2 -DHAVE_LIBXML -DNDEBUG -DNTIMER -DNPRINT -DIGRAPH_THREAD_LOCAL= -DPRPACK_IGRAPH_SUPPORT -DHAVE_GFORTRAN=1 -D_GNU_SOURCE=1 -I'/usr/local/lib/R/site-library/cpp11/include' -I/usr/local/include   -fvisibility=hidden -fpic  -g -O2 -fstack-protector-strong -Wformat -Werror=format-security -Wdate-time -D_FORTIFY_SOURCE=2 -g  -c vendor/cigraph/src/paths/floyd_warshall.c -o vendor/cigraph/src/paths/floyd_warshall.o
gcc -std=gnu2x -I"/usr/local/lib/R/include" -DNDEBUG -DUSING_R -I. -Ivendor -Ivendor/cigraph/src -Ivendor/cigraph/include -Ivendor/cigraph/vendor -Ivendor/io/parsers  -I/usr/include/libxml2 -DHAVE_LIBXML -DNDEBUG -DNTIMER -DNPRINT -DIGRAPH_THREAD_LOCAL= -DPRPACK_IGRAPH_SUPPORT -DHAVE_GFORTRAN=1 -D_GNU_SOURCE=1 -I'/usr/local/lib/R/site-library/cpp11/include' -I/usr/local/include   -fvisibility=hidden -fpic  -g -O2 -fstack-protector-strong -Wformat -Werror=format-security -Wdate-time -D_FORTIFY_SOURCE=2 -g  -c vendor/cigraph/src/paths/histogram.c -o vendor/cigraph/src/paths/histogram.o
gcc -std=gnu2x -I"/usr/local/lib/R/include" -DNDEBUG -DUSING_R -I. -Ivendor -Ivendor/cigraph/src -Ivendor/cigraph/include -Ivendor/cigraph/vendor -Ivendor/io/parsers  -I/usr/include/libxml2 -DHAVE_LIBXML -DNDEBUG -DNTIMER -DNPRINT -DIGRAPH_THREAD_LOCAL= -DPRPACK_IGRAPH_SUPPORT -DHAVE_GFORTRAN=1 -D_GNU_SOURCE=1 -I'/usr/local/lib/R/site-library/cpp11/include' -I/usr/local/include   -fvisibility=hidden -fpic  -g -O2 -fstack-protector-strong -Wformat -Werror=format-security -Wdate-time -D_FORTIFY_SOURCE=2 -g  -c vendor/cigraph/src/paths/johnson.c -o vendor/cigraph/src/paths/johnson.o
gcc -std=gnu2x -I"/usr/local/lib/R/include" -DNDEBUG -DUSING_R -I. -Ivendor -Ivendor/cigraph/src -Ivendor/cigraph/include -Ivendor/cigraph/vendor -Ivendor/io/parsers  -I/usr/include/libxml2 -DHAVE_LIBXML -DNDEBUG -DNTIMER -DNPRINT -DIGRAPH_THREAD_LOCAL= -DPRPACK_IGRAPH_SUPPORT -DHAVE_GFORTRAN=1 -D_GNU_SOURCE=1 -I'/usr/local/lib/R/site-library/cpp11/include' -I/usr/local/include   -fvisibility=hidden -fpic  -g -O2 -fstack-protector-strong -Wformat -Werror=format-security -Wdate-time -D_FORTIFY_SOURCE=2 -g  -c vendor/cigraph/src/paths/random_walk.c -o vendor/cigraph/src/paths/random_walk.o
gcc -std=gnu2x -I"/usr/local/lib/R/include" -DNDEBUG -DUSING_R -I. -Ivendor -Ivendor/cigraph/src -Ivendor/cigraph/include -Ivendor/cigraph/vendor -Ivendor/io/parsers  -I/usr/include/libxml2 -DHAVE_LIBXML -DNDEBUG -DNTIMER -DNPRINT -DIGRAPH_THREAD_LOCAL= -DPRPACK_IGRAPH_SUPPORT -DHAVE_GFORTRAN=1 -D_GNU_SOURCE=1 -I'/usr/local/lib/R/site-library/cpp11/include' -I/usr/local/include   -fvisibility=hidden -fpic  -g -O2 -fstack-protector-strong -Wformat -Werror=format-security -Wdate-time -D_FORTIFY_SOURCE=2 -g  -c vendor/cigraph/src/paths/shortest_paths.c -o vendor/cigraph/src/paths/shortest_paths.o
gcc -std=gnu2x -I"/usr/local/lib/R/include" -DNDEBUG -DUSING_R -I. -Ivendor -Ivendor/cigraph/src -Ivendor/cigraph/include -Ivendor/cigraph/vendor -Ivendor/io/parsers  -I/usr/include/libxml2 -DHAVE_LIBXML -DNDEBUG -DNTIMER -DNPRINT -DIGRAPH_THREAD_LOCAL= -DPRPACK_IGRAPH_SUPPORT -DHAVE_GFORTRAN=1 -D_GNU_SOURCE=1 -I'/usr/local/lib/R/site-library/cpp11/include' -I/usr/local/include   -fvisibility=hidden -fpic  -g -O2 -fstack-protector-strong -Wformat -Werror=format-security -Wdate-time -D_FORTIFY_SOURCE=2 -g  -c vendor/cigraph/src/paths/simple_paths.c -o vendor/cigraph/src/paths/simple_paths.o
gcc -std=gnu2x -I"/usr/local/lib/R/include" -DNDEBUG -DUSING_R -I. -Ivendor -Ivendor/cigraph/src -Ivendor/cigraph/include -Ivendor/cigraph/vendor -Ivendor/io/parsers  -I/usr/include/libxml2 -DHAVE_LIBXML -DNDEBUG -DNTIMER -DNPRINT -DIGRAPH_THREAD_LOCAL= -DPRPACK_IGRAPH_SUPPORT -DHAVE_GFORTRAN=1 -D_GNU_SOURCE=1 -I'/usr/local/lib/R/site-library/cpp11/include' -I/usr/local/include   -fvisibility=hidden -fpic  -g -O2 -fstack-protector-strong -Wformat -Werror=format-security -Wdate-time -D_FORTIFY_SOURCE=2 -g  -c vendor/cigraph/src/paths/sparsifier.c -o vendor/cigraph/src/paths/sparsifier.o
gcc -std=gnu2x -I"/usr/local/lib/R/include" -DNDEBUG -DUSING_R -I. -Ivendor -Ivendor/cigraph/src -Ivendor/cigraph/include -Ivendor/cigraph/vendor -Ivendor/io/parsers  -I/usr/include/libxml2 -DHAVE_LIBXML -DNDEBUG -DNTIMER -DNPRINT -DIGRAPH_THREAD_LOCAL= -DPRPACK_IGRAPH_SUPPORT -DHAVE_GFORTRAN=1 -D_GNU_SOURCE=1 -I'/usr/local/lib/R/site-library/cpp11/include' -I/usr/local/include   -fvisibility=hidden -fpic  -g -O2 -fstack-protector-strong -Wformat -Werror=format-security -Wdate-time -D_FORTIFY_SOURCE=2 -g  -c vendor/cigraph/src/paths/unweighted.c -o vendor/cigraph/src/paths/unweighted.o
gcc -std=gnu2x -I"/usr/local/lib/R/include" -DNDEBUG -DUSING_R -I. -Ivendor -Ivendor/cigraph/src -Ivendor/cigraph/include -Ivendor/cigraph/vendor -Ivendor/io/parsers  -I/usr/include/libxml2 -DHAVE_LIBXML -DNDEBUG -DNTIMER -DNPRINT -DIGRAPH_THREAD_LOCAL= -DPRPACK_IGRAPH_SUPPORT -DHAVE_GFORTRAN=1 -D_GNU_SOURCE=1 -I'/usr/local/lib/R/site-library/cpp11/include' -I/usr/local/include   -fvisibility=hidden -fpic  -g -O2 -fstack-protector-strong -Wformat -Werror=format-security -Wdate-time -D_FORTIFY_SOURCE=2 -g  -c vendor/cigraph/src/paths/voronoi.c -o vendor/cigraph/src/paths/voronoi.o
gcc -std=gnu2x -I"/usr/local/lib/R/include" -DNDEBUG -DUSING_R -I. -Ivendor -Ivendor/cigraph/src -Ivendor/cigraph/include -Ivendor/cigraph/vendor -Ivendor/io/parsers  -I/usr/include/libxml2 -DHAVE_LIBXML -DNDEBUG -DNTIMER -DNPRINT -DIGRAPH_THREAD_LOCAL= -DPRPACK_IGRAPH_SUPPORT -DHAVE_GFORTRAN=1 -D_GNU_SOURCE=1 -I'/usr/local/lib/R/site-library/cpp11/include' -I/usr/local/include   -fvisibility=hidden -fpic  -g -O2 -fstack-protector-strong -Wformat -Werror=format-security -Wdate-time -D_FORTIFY_SOURCE=2 -g  -c vendor/cigraph/src/paths/widest_paths.c -o vendor/cigraph/src/paths/widest_paths.o
gcc -std=gnu2x -I"/usr/local/lib/R/include" -DNDEBUG -DUSING_R -I. -Ivendor -Ivendor/cigraph/src -Ivendor/cigraph/include -Ivendor/cigraph/vendor -Ivendor/io/parsers  -I/usr/include/libxml2 -DHAVE_LIBXML -DNDEBUG -DNTIMER -DNPRINT -DIGRAPH_THREAD_LOCAL= -DPRPACK_IGRAPH_SUPPORT -DHAVE_GFORTRAN=1 -D_GNU_SOURCE=1 -I'/usr/local/lib/R/site-library/cpp11/include' -I/usr/local/include   -fvisibility=hidden -fpic  -g -O2 -fstack-protector-strong -Wformat -Werror=format-security -Wdate-time -D_FORTIFY_SOURCE=2 -g  -c vendor/cigraph/src/properties/basic_properties.c -o vendor/cigraph/src/properties/basic_properties.o
gcc -std=gnu2x -I"/usr/local/lib/R/include" -DNDEBUG -DUSING_R -I. -Ivendor -Ivendor/cigraph/src -Ivendor/cigraph/include -Ivendor/cigraph/vendor -Ivendor/io/parsers  -I/usr/include/libxml2 -DHAVE_LIBXML -DNDEBUG -DNTIMER -DNPRINT -DIGRAPH_THREAD_LOCAL= -DPRPACK_IGRAPH_SUPPORT -DHAVE_GFORTRAN=1 -D_GNU_SOURCE=1 -I'/usr/local/lib/R/site-library/cpp11/include' -I/usr/local/include   -fvisibility=hidden -fpic  -g -O2 -fstack-protector-strong -Wformat -Werror=format-security -Wdate-time -D_FORTIFY_SOURCE=2 -g  -c vendor/cigraph/src/properties/complete.c -o vendor/cigraph/src/properties/complete.o
gcc -std=gnu2x -I"/usr/local/lib/R/include" -DNDEBUG -DUSING_R -I. -Ivendor -Ivendor/cigraph/src -Ivendor/cigraph/include -Ivendor/cigraph/vendor -Ivendor/io/parsers  -I/usr/include/libxml2 -DHAVE_LIBXML -DNDEBUG -DNTIMER -DNPRINT -DIGRAPH_THREAD_LOCAL= -DPRPACK_IGRAPH_SUPPORT -DHAVE_GFORTRAN=1 -D_GNU_SOURCE=1 -I'/usr/local/lib/R/site-library/cpp11/include' -I/usr/local/include   -fvisibility=hidden -fpic  -g -O2 -fstack-protector-strong -Wformat -Werror=format-security -Wdate-time -D_FORTIFY_SOURCE=2 -g  -c vendor/cigraph/src/properties/constraint.c -o vendor/cigraph/src/properties/constraint.o
gcc -std=gnu2x -I"/usr/local/lib/R/include" -DNDEBUG -DUSING_R -I. -Ivendor -Ivendor/cigraph/src -Ivendor/cigraph/include -Ivendor/cigraph/vendor -Ivendor/io/parsers  -I/usr/include/libxml2 -DHAVE_LIBXML -DNDEBUG -DNTIMER -DNPRINT -DIGRAPH_THREAD_LOCAL= -DPRPACK_IGRAPH_SUPPORT -DHAVE_GFORTRAN=1 -D_GNU_SOURCE=1 -I'/usr/local/lib/R/site-library/cpp11/include' -I/usr/local/include   -fvisibility=hidden -fpic  -g -O2 -fstack-protector-strong -Wformat -Werror=format-security -Wdate-time -D_FORTIFY_SOURCE=2 -g  -c vendor/cigraph/src/properties/convergence_degree.c -o vendor/cigraph/src/properties/convergence_degree.o
gcc -std=gnu2x -I"/usr/local/lib/R/include" -DNDEBUG -DUSING_R -I. -Ivendor -Ivendor/cigraph/src -Ivendor/cigraph/include -Ivendor/cigraph/vendor -Ivendor/io/parsers  -I/usr/include/libxml2 -DHAVE_LIBXML -DNDEBUG -DNTIMER -DNPRINT -DIGRAPH_THREAD_LOCAL= -DPRPACK_IGRAPH_SUPPORT -DHAVE_GFORTRAN=1 -D_GNU_SOURCE=1 -I'/usr/local/lib/R/site-library/cpp11/include' -I/usr/local/include   -fvisibility=hidden -fpic  -g -O2 -fstack-protector-strong -Wformat -Werror=format-security -Wdate-time -D_FORTIFY_SOURCE=2 -g  -c vendor/cigraph/src/properties/dag.c -o vendor/cigraph/src/properties/dag.o
gcc -std=gnu2x -I"/usr/local/lib/R/include" -DNDEBUG -DUSING_R -I. -Ivendor -Ivendor/cigraph/src -Ivendor/cigraph/include -Ivendor/cigraph/vendor -Ivendor/io/parsers  -I/usr/include/libxml2 -DHAVE_LIBXML -DNDEBUG -DNTIMER -DNPRINT -DIGRAPH_THREAD_LOCAL= -DPRPACK_IGRAPH_SUPPORT -DHAVE_GFORTRAN=1 -D_GNU_SOURCE=1 -I'/usr/local/lib/R/site-library/cpp11/include' -I/usr/local/include   -fvisibility=hidden -fpic  -g -O2 -fstack-protector-strong -Wformat -Werror=format-security -Wdate-time -D_FORTIFY_SOURCE=2 -g  -c vendor/cigraph/src/properties/degrees.c -o vendor/cigraph/src/properties/degrees.o
gcc -std=gnu2x -I"/usr/local/lib/R/include" -DNDEBUG -DUSING_R -I. -Ivendor -Ivendor/cigraph/src -Ivendor/cigraph/include -Ivendor/cigraph/vendor -Ivendor/io/parsers  -I/usr/include/libxml2 -DHAVE_LIBXML -DNDEBUG -DNTIMER -DNPRINT -DIGRAPH_THREAD_LOCAL= -DPRPACK_IGRAPH_SUPPORT -DHAVE_GFORTRAN=1 -D_GNU_SOURCE=1 -I'/usr/local/lib/R/site-library/cpp11/include' -I/usr/local/include   -fvisibility=hidden -fpic  -g -O2 -fstack-protector-strong -Wformat -Werror=format-security -Wdate-time -D_FORTIFY_SOURCE=2 -g  -c vendor/cigraph/src/properties/ecc.c -o vendor/cigraph/src/properties/ecc.o
gcc -std=gnu2x -I"/usr/local/lib/R/include" -DNDEBUG -DUSING_R -I. -Ivendor -Ivendor/cigraph/src -Ivendor/cigraph/include -Ivendor/cigraph/vendor -Ivendor/io/parsers  -I/usr/include/libxml2 -DHAVE_LIBXML -DNDEBUG -DNTIMER -DNPRINT -DIGRAPH_THREAD_LOCAL= -DPRPACK_IGRAPH_SUPPORT -DHAVE_GFORTRAN=1 -D_GNU_SOURCE=1 -I'/usr/local/lib/R/site-library/cpp11/include' -I/usr/local/include   -fvisibility=hidden -fpic  -g -O2 -fstack-protector-strong -Wformat -Werror=format-security -Wdate-time -D_FORTIFY_SOURCE=2 -g  -c vendor/cigraph/src/properties/girth.c -o vendor/cigraph/src/properties/girth.o
gcc -std=gnu2x -I"/usr/local/lib/R/include" -DNDEBUG -DUSING_R -I. -Ivendor -Ivendor/cigraph/src -Ivendor/cigraph/include -Ivendor/cigraph/vendor -Ivendor/io/parsers  -I/usr/include/libxml2 -DHAVE_LIBXML -DNDEBUG -DNTIMER -DNPRINT -DIGRAPH_THREAD_LOCAL= -DPRPACK_IGRAPH_SUPPORT -DHAVE_GFORTRAN=1 -D_GNU_SOURCE=1 -I'/usr/local/lib/R/site-library/cpp11/include' -I/usr/local/include   -fvisibility=hidden -fpic  -g -O2 -fstack-protector-strong -Wformat -Werror=format-security -Wdate-time -D_FORTIFY_SOURCE=2 -g  -c vendor/cigraph/src/properties/loops.c -o vendor/cigraph/src/properties/loops.o
gcc -std=gnu2x -I"/usr/local/lib/R/include" -DNDEBUG -DUSING_R -I. -Ivendor -Ivendor/cigraph/src -Ivendor/cigraph/include -Ivendor/cigraph/vendor -Ivendor/io/parsers  -I/usr/include/libxml2 -DHAVE_LIBXML -DNDEBUG -DNTIMER -DNPRINT -DIGRAPH_THREAD_LOCAL= -DPRPACK_IGRAPH_SUPPORT -DHAVE_GFORTRAN=1 -D_GNU_SOURCE=1 -I'/usr/local/lib/R/site-library/cpp11/include' -I/usr/local/include   -fvisibility=hidden -fpic  -g -O2 -fstack-protector-strong -Wformat -Werror=format-security -Wdate-time -D_FORTIFY_SOURCE=2 -g  -c vendor/cigraph/src/properties/multiplicity.c -o vendor/cigraph/src/properties/multiplicity.o
gcc -std=gnu2x -I"/usr/local/lib/R/include" -DNDEBUG -DUSING_R -I. -Ivendor -Ivendor/cigraph/src -Ivendor/cigraph/include -Ivendor/cigraph/vendor -Ivendor/io/parsers  -I/usr/include/libxml2 -DHAVE_LIBXML -DNDEBUG -DNTIMER -DNPRINT -DIGRAPH_THREAD_LOCAL= -DPRPACK_IGRAPH_SUPPORT -DHAVE_GFORTRAN=1 -D_GNU_SOURCE=1 -I'/usr/local/lib/R/site-library/cpp11/include' -I/usr/local/include   -fvisibility=hidden -fpic  -g -O2 -fstack-protector-strong -Wformat -Werror=format-security -Wdate-time -D_FORTIFY_SOURCE=2 -g  -c vendor/cigraph/src/properties/neighborhood.c -o vendor/cigraph/src/properties/neighborhood.o
gcc -std=gnu2x -I"/usr/local/lib/R/include" -DNDEBUG -DUSING_R -I. -Ivendor -Ivendor/cigraph/src -Ivendor/cigraph/include -Ivendor/cigraph/vendor -Ivendor/io/parsers  -I/usr/include/libxml2 -DHAVE_LIBXML -DNDEBUG -DNTIMER -DNPRINT -DIGRAPH_THREAD_LOCAL= -DPRPACK_IGRAPH_SUPPORT -DHAVE_GFORTRAN=1 -D_GNU_SOURCE=1 -I'/usr/local/lib/R/site-library/cpp11/include' -I/usr/local/include   -fvisibility=hidden -fpic  -g -O2 -fstack-protector-strong -Wformat -Werror=format-security -Wdate-time -D_FORTIFY_SOURCE=2 -g  -c vendor/cigraph/src/properties/perfect.c -o vendor/cigraph/src/properties/perfect.o
gcc -std=gnu2x -I"/usr/local/lib/R/include" -DNDEBUG -DUSING_R -I. -Ivendor -Ivendor/cigraph/src -Ivendor/cigraph/include -Ivendor/cigraph/vendor -Ivendor/io/parsers  -I/usr/include/libxml2 -DHAVE_LIBXML -DNDEBUG -DNTIMER -DNPRINT -DIGRAPH_THREAD_LOCAL= -DPRPACK_IGRAPH_SUPPORT -DHAVE_GFORTRAN=1 -D_GNU_SOURCE=1 -I'/usr/local/lib/R/site-library/cpp11/include' -I/usr/local/include   -fvisibility=hidden -fpic  -g -O2 -fstack-protector-strong -Wformat -Werror=format-security -Wdate-time -D_FORTIFY_SOURCE=2 -g  -c vendor/cigraph/src/properties/spectral.c -o vendor/cigraph/src/properties/spectral.o
gcc -std=gnu2x -I"/usr/local/lib/R/include" -DNDEBUG -DUSING_R -I. -Ivendor -Ivendor/cigraph/src -Ivendor/cigraph/include -Ivendor/cigraph/vendor -Ivendor/io/parsers  -I/usr/include/libxml2 -DHAVE_LIBXML -DNDEBUG -DNTIMER -DNPRINT -DIGRAPH_THREAD_LOCAL= -DPRPACK_IGRAPH_SUPPORT -DHAVE_GFORTRAN=1 -D_GNU_SOURCE=1 -I'/usr/local/lib/R/site-library/cpp11/include' -I/usr/local/include   -fvisibility=hidden -fpic  -g -O2 -fstack-protector-strong -Wformat -Werror=format-security -Wdate-time -D_FORTIFY_SOURCE=2 -g  -c vendor/cigraph/src/properties/trees.c -o vendor/cigraph/src/properties/trees.o
gcc -std=gnu2x -I"/usr/local/lib/R/include" -DNDEBUG -DUSING_R -I. -Ivendor -Ivendor/cigraph/src -Ivendor/cigraph/include -Ivendor/cigraph/vendor -Ivendor/io/parsers  -I/usr/include/libxml2 -DHAVE_LIBXML -DNDEBUG -DNTIMER -DNPRINT -DIGRAPH_THREAD_LOCAL= -DPRPACK_IGRAPH_SUPPORT -DHAVE_GFORTRAN=1 -D_GNU_SOURCE=1 -I'/usr/local/lib/R/site-library/cpp11/include' -I/usr/local/include   -fvisibility=hidden -fpic  -g -O2 -fstack-protector-strong -Wformat -Werror=format-security -Wdate-time -D_FORTIFY_SOURCE=2 -g  -c vendor/cigraph/src/properties/triangles.c -o vendor/cigraph/src/properties/triangles.o
gcc -std=gnu2x -I"/usr/local/lib/R/include" -DNDEBUG -DUSING_R -I. -Ivendor -Ivendor/cigraph/src -Ivendor/cigraph/include -Ivendor/cigraph/vendor -Ivendor/io/parsers  -I/usr/include/libxml2 -DHAVE_LIBXML -DNDEBUG -DNTIMER -DNPRINT -DIGRAPH_THREAD_LOCAL= -DPRPACK_IGRAPH_SUPPORT -DHAVE_GFORTRAN=1 -D_GNU_SOURCE=1 -I'/usr/local/lib/R/site-library/cpp11/include' -I/usr/local/include   -fvisibility=hidden -fpic  -g -O2 -fstack-protector-strong -Wformat -Werror=format-security -Wdate-time -D_FORTIFY_SOURCE=2 -g  -c vendor/cigraph/src/random/random.c -o vendor/cigraph/src/random/random.o
gcc -std=gnu2x -I"/usr/local/lib/R/include" -DNDEBUG -DUSING_R -I. -Ivendor -Ivendor/cigraph/src -Ivendor/cigraph/include -Ivendor/cigraph/vendor -Ivendor/io/parsers  -I/usr/include/libxml2 -DHAVE_LIBXML -DNDEBUG -DNTIMER -DNPRINT -DIGRAPH_THREAD_LOCAL= -DPRPACK_IGRAPH_SUPPORT -DHAVE_GFORTRAN=1 -D_GNU_SOURCE=1 -I'/usr/local/lib/R/site-library/cpp11/include' -I/usr/local/include   -fvisibility=hidden -fpic  -g -O2 -fstack-protector-strong -Wformat -Werror=format-security -Wdate-time -D_FORTIFY_SOURCE=2 -g  -c vendor/cigraph/src/random/rng_glibc2.c -o vendor/cigraph/src/random/rng_glibc2.o
gcc -std=gnu2x -I"/usr/local/lib/R/include" -DNDEBUG -DUSING_R -I. -Ivendor -Ivendor/cigraph/src -Ivendor/cigraph/include -Ivendor/cigraph/vendor -Ivendor/io/parsers  -I/usr/include/libxml2 -DHAVE_LIBXML -DNDEBUG -DNTIMER -DNPRINT -DIGRAPH_THREAD_LOCAL= -DPRPACK_IGRAPH_SUPPORT -DHAVE_GFORTRAN=1 -D_GNU_SOURCE=1 -I'/usr/local/lib/R/site-library/cpp11/include' -I/usr/local/include   -fvisibility=hidden -fpic  -g -O2 -fstack-protector-strong -Wformat -Werror=format-security -Wdate-time -D_FORTIFY_SOURCE=2 -g  -c vendor/cigraph/src/random/rng_mt19937.c -o vendor/cigraph/src/random/rng_mt19937.o
gcc -std=gnu2x -I"/usr/local/lib/R/include" -DNDEBUG -DUSING_R -I. -Ivendor -Ivendor/cigraph/src -Ivendor/cigraph/include -Ivendor/cigraph/vendor -Ivendor/io/parsers  -I/usr/include/libxml2 -DHAVE_LIBXML -DNDEBUG -DNTIMER -DNPRINT -DIGRAPH_THREAD_LOCAL= -DPRPACK_IGRAPH_SUPPORT -DHAVE_GFORTRAN=1 -D_GNU_SOURCE=1 -I'/usr/local/lib/R/site-library/cpp11/include' -I/usr/local/include   -fvisibility=hidden -fpic  -g -O2 -fstack-protector-strong -Wformat -Werror=format-security -Wdate-time -D_FORTIFY_SOURCE=2 -g  -c vendor/cigraph/src/random/rng_pcg32.c -o vendor/cigraph/src/random/rng_pcg32.o
gcc -std=gnu2x -I"/usr/local/lib/R/include" -DNDEBUG -DUSING_R -I. -Ivendor -Ivendor/cigraph/src -Ivendor/cigraph/include -Ivendor/cigraph/vendor -Ivendor/io/parsers  -I/usr/include/libxml2 -DHAVE_LIBXML -DNDEBUG -DNTIMER -DNPRINT -DIGRAPH_THREAD_LOCAL= -DPRPACK_IGRAPH_SUPPORT -DHAVE_GFORTRAN=1 -D_GNU_SOURCE=1 -I'/usr/local/lib/R/site-library/cpp11/include' -I/usr/local/include   -fvisibility=hidden -fpic  -g -O2 -fstack-protector-strong -Wformat -Werror=format-security -Wdate-time -D_FORTIFY_SOURCE=2 -g  -c vendor/cigraph/src/random/rng_pcg64.c -o vendor/cigraph/src/random/rng_pcg64.o
gcc -std=gnu2x -I"/usr/local/lib/R/include" -DNDEBUG -DUSING_R -I. -Ivendor -Ivendor/cigraph/src -Ivendor/cigraph/include -Ivendor/cigraph/vendor -Ivendor/io/parsers  -I/usr/include/libxml2 -DHAVE_LIBXML -DNDEBUG -DNTIMER -DNPRINT -DIGRAPH_THREAD_LOCAL= -DPRPACK_IGRAPH_SUPPORT -DHAVE_GFORTRAN=1 -D_GNU_SOURCE=1 -I'/usr/local/lib/R/site-library/cpp11/include' -I/usr/local/include   -fvisibility=hidden -fpic  -g -O2 -fstack-protector-strong -Wformat -Werror=format-security -Wdate-time -D_FORTIFY_SOURCE=2 -g  -c vendor/cigraph/src/version.c -o vendor/cigraph/src/version.o
gcc -std=gnu2x -I"/usr/local/lib/R/include" -DNDEBUG -DUSING_R -I. -Ivendor -Ivendor/cigraph/src -Ivendor/cigraph/include -Ivendor/cigraph/vendor -Ivendor/io/parsers  -I/usr/include/libxml2 -DHAVE_LIBXML -DNDEBUG -DNTIMER -DNPRINT -DIGRAPH_THREAD_LOCAL= -DPRPACK_IGRAPH_SUPPORT -DHAVE_GFORTRAN=1 -D_GNU_SOURCE=1 -I'/usr/local/lib/R/site-library/cpp11/include' -I/usr/local/include   -fvisibility=hidden -fpic  -g -O2 -fstack-protector-strong -Wformat -Werror=format-security -Wdate-time -D_FORTIFY_SOURCE=2 -g  -c vendor/cigraph/vendor/cs/cs_add.c -o vendor/cigraph/vendor/cs/cs_add.o
gcc -std=gnu2x -I"/usr/local/lib/R/include" -DNDEBUG -DUSING_R -I. -Ivendor -Ivendor/cigraph/src -Ivendor/cigraph/include -Ivendor/cigraph/vendor -Ivendor/io/parsers  -I/usr/include/libxml2 -DHAVE_LIBXML -DNDEBUG -DNTIMER -DNPRINT -DIGRAPH_THREAD_LOCAL= -DPRPACK_IGRAPH_SUPPORT -DHAVE_GFORTRAN=1 -D_GNU_SOURCE=1 -I'/usr/local/lib/R/site-library/cpp11/include' -I/usr/local/include   -fvisibility=hidden -fpic  -g -O2 -fstack-protector-strong -Wformat -Werror=format-security -Wdate-time -D_FORTIFY_SOURCE=2 -g  -c vendor/cigraph/vendor/cs/cs_amd.c -o vendor/cigraph/vendor/cs/cs_amd.o
gcc -std=gnu2x -I"/usr/local/lib/R/include" -DNDEBUG -DUSING_R -I. -Ivendor -Ivendor/cigraph/src -Ivendor/cigraph/include -Ivendor/cigraph/vendor -Ivendor/io/parsers  -I/usr/include/libxml2 -DHAVE_LIBXML -DNDEBUG -DNTIMER -DNPRINT -DIGRAPH_THREAD_LOCAL= -DPRPACK_IGRAPH_SUPPORT -DHAVE_GFORTRAN=1 -D_GNU_SOURCE=1 -I'/usr/local/lib/R/site-library/cpp11/include' -I/usr/local/include   -fvisibility=hidden -fpic  -g -O2 -fstack-protector-strong -Wformat -Werror=format-security -Wdate-time -D_FORTIFY_SOURCE=2 -g  -c vendor/cigraph/vendor/cs/cs_chol.c -o vendor/cigraph/vendor/cs/cs_chol.o
gcc -std=gnu2x -I"/usr/local/lib/R/include" -DNDEBUG -DUSING_R -I. -Ivendor -Ivendor/cigraph/src -Ivendor/cigraph/include -Ivendor/cigraph/vendor -Ivendor/io/parsers  -I/usr/include/libxml2 -DHAVE_LIBXML -DNDEBUG -DNTIMER -DNPRINT -DIGRAPH_THREAD_LOCAL= -DPRPACK_IGRAPH_SUPPORT -DHAVE_GFORTRAN=1 -D_GNU_SOURCE=1 -I'/usr/local/lib/R/site-library/cpp11/include' -I/usr/local/include   -fvisibility=hidden -fpic  -g -O2 -fstack-protector-strong -Wformat -Werror=format-security -Wdate-time -D_FORTIFY_SOURCE=2 -g  -c vendor/cigraph/vendor/cs/cs_cholsol.c -o vendor/cigraph/vendor/cs/cs_cholsol.o
gcc -std=gnu2x -I"/usr/local/lib/R/include" -DNDEBUG -DUSING_R -I. -Ivendor -Ivendor/cigraph/src -Ivendor/cigraph/include -Ivendor/cigraph/vendor -Ivendor/io/parsers  -I/usr/include/libxml2 -DHAVE_LIBXML -DNDEBUG -DNTIMER -DNPRINT -DIGRAPH_THREAD_LOCAL= -DPRPACK_IGRAPH_SUPPORT -DHAVE_GFORTRAN=1 -D_GNU_SOURCE=1 -I'/usr/local/lib/R/site-library/cpp11/include' -I/usr/local/include   -fvisibility=hidden -fpic  -g -O2 -fstack-protector-strong -Wformat -Werror=format-security -Wdate-time -D_FORTIFY_SOURCE=2 -g  -c vendor/cigraph/vendor/cs/cs_compress.c -o vendor/cigraph/vendor/cs/cs_compress.o
gcc -std=gnu2x -I"/usr/local/lib/R/include" -DNDEBUG -DUSING_R -I. -Ivendor -Ivendor/cigraph/src -Ivendor/cigraph/include -Ivendor/cigraph/vendor -Ivendor/io/parsers  -I/usr/include/libxml2 -DHAVE_LIBXML -DNDEBUG -DNTIMER -DNPRINT -DIGRAPH_THREAD_LOCAL= -DPRPACK_IGRAPH_SUPPORT -DHAVE_GFORTRAN=1 -D_GNU_SOURCE=1 -I'/usr/local/lib/R/site-library/cpp11/include' -I/usr/local/include   -fvisibility=hidden -fpic  -g -O2 -fstack-protector-strong -Wformat -Werror=format-security -Wdate-time -D_FORTIFY_SOURCE=2 -g  -c vendor/cigraph/vendor/cs/cs_counts.c -o vendor/cigraph/vendor/cs/cs_counts.o
gcc -std=gnu2x -I"/usr/local/lib/R/include" -DNDEBUG -DUSING_R -I. -Ivendor -Ivendor/cigraph/src -Ivendor/cigraph/include -Ivendor/cigraph/vendor -Ivendor/io/parsers  -I/usr/include/libxml2 -DHAVE_LIBXML -DNDEBUG -DNTIMER -DNPRINT -DIGRAPH_THREAD_LOCAL= -DPRPACK_IGRAPH_SUPPORT -DHAVE_GFORTRAN=1 -D_GNU_SOURCE=1 -I'/usr/local/lib/R/site-library/cpp11/include' -I/usr/local/include   -fvisibility=hidden -fpic  -g -O2 -fstack-protector-strong -Wformat -Werror=format-security -Wdate-time -D_FORTIFY_SOURCE=2 -g  -c vendor/cigraph/vendor/cs/cs_cumsum.c -o vendor/cigraph/vendor/cs/cs_cumsum.o
gcc -std=gnu2x -I"/usr/local/lib/R/include" -DNDEBUG -DUSING_R -I. -Ivendor -Ivendor/cigraph/src -Ivendor/cigraph/include -Ivendor/cigraph/vendor -Ivendor/io/parsers  -I/usr/include/libxml2 -DHAVE_LIBXML -DNDEBUG -DNTIMER -DNPRINT -DIGRAPH_THREAD_LOCAL= -DPRPACK_IGRAPH_SUPPORT -DHAVE_GFORTRAN=1 -D_GNU_SOURCE=1 -I'/usr/local/lib/R/site-library/cpp11/include' -I/usr/local/include   -fvisibility=hidden -fpic  -g -O2 -fstack-protector-strong -Wformat -Werror=format-security -Wdate-time -D_FORTIFY_SOURCE=2 -g  -c vendor/cigraph/vendor/cs/cs_dfs.c -o vendor/cigraph/vendor/cs/cs_dfs.o
gcc -std=gnu2x -I"/usr/local/lib/R/include" -DNDEBUG -DUSING_R -I. -Ivendor -Ivendor/cigraph/src -Ivendor/cigraph/include -Ivendor/cigraph/vendor -Ivendor/io/parsers  -I/usr/include/libxml2 -DHAVE_LIBXML -DNDEBUG -DNTIMER -DNPRINT -DIGRAPH_THREAD_LOCAL= -DPRPACK_IGRAPH_SUPPORT -DHAVE_GFORTRAN=1 -D_GNU_SOURCE=1 -I'/usr/local/lib/R/site-library/cpp11/include' -I/usr/local/include   -fvisibility=hidden -fpic  -g -O2 -fstack-protector-strong -Wformat -Werror=format-security -Wdate-time -D_FORTIFY_SOURCE=2 -g  -c vendor/cigraph/vendor/cs/cs_dmperm.c -o vendor/cigraph/vendor/cs/cs_dmperm.o
gcc -std=gnu2x -I"/usr/local/lib/R/include" -DNDEBUG -DUSING_R -I. -Ivendor -Ivendor/cigraph/src -Ivendor/cigraph/include -Ivendor/cigraph/vendor -Ivendor/io/parsers  -I/usr/include/libxml2 -DHAVE_LIBXML -DNDEBUG -DNTIMER -DNPRINT -DIGRAPH_THREAD_LOCAL= -DPRPACK_IGRAPH_SUPPORT -DHAVE_GFORTRAN=1 -D_GNU_SOURCE=1 -I'/usr/local/lib/R/site-library/cpp11/include' -I/usr/local/include   -fvisibility=hidden -fpic  -g -O2 -fstack-protector-strong -Wformat -Werror=format-security -Wdate-time -D_FORTIFY_SOURCE=2 -g  -c vendor/cigraph/vendor/cs/cs_droptol.c -o vendor/cigraph/vendor/cs/cs_droptol.o
gcc -std=gnu2x -I"/usr/local/lib/R/include" -DNDEBUG -DUSING_R -I. -Ivendor -Ivendor/cigraph/src -Ivendor/cigraph/include -Ivendor/cigraph/vendor -Ivendor/io/parsers  -I/usr/include/libxml2 -DHAVE_LIBXML -DNDEBUG -DNTIMER -DNPRINT -DIGRAPH_THREAD_LOCAL= -DPRPACK_IGRAPH_SUPPORT -DHAVE_GFORTRAN=1 -D_GNU_SOURCE=1 -I'/usr/local/lib/R/site-library/cpp11/include' -I/usr/local/include   -fvisibility=hidden -fpic  -g -O2 -fstack-protector-strong -Wformat -Werror=format-security -Wdate-time -D_FORTIFY_SOURCE=2 -g  -c vendor/cigraph/vendor/cs/cs_dropzeros.c -o vendor/cigraph/vendor/cs/cs_dropzeros.o
gcc -std=gnu2x -I"/usr/local/lib/R/include" -DNDEBUG -DUSING_R -I. -Ivendor -Ivendor/cigraph/src -Ivendor/cigraph/include -Ivendor/cigraph/vendor -Ivendor/io/parsers  -I/usr/include/libxml2 -DHAVE_LIBXML -DNDEBUG -DNTIMER -DNPRINT -DIGRAPH_THREAD_LOCAL= -DPRPACK_IGRAPH_SUPPORT -DHAVE_GFORTRAN=1 -D_GNU_SOURCE=1 -I'/usr/local/lib/R/site-library/cpp11/include' -I/usr/local/include   -fvisibility=hidden -fpic  -g -O2 -fstack-protector-strong -Wformat -Werror=format-security -Wdate-time -D_FORTIFY_SOURCE=2 -g  -c vendor/cigraph/vendor/cs/cs_dupl.c -o vendor/cigraph/vendor/cs/cs_dupl.o
gcc -std=gnu2x -I"/usr/local/lib/R/include" -DNDEBUG -DUSING_R -I. -Ivendor -Ivendor/cigraph/src -Ivendor/cigraph/include -Ivendor/cigraph/vendor -Ivendor/io/parsers  -I/usr/include/libxml2 -DHAVE_LIBXML -DNDEBUG -DNTIMER -DNPRINT -DIGRAPH_THREAD_LOCAL= -DPRPACK_IGRAPH_SUPPORT -DHAVE_GFORTRAN=1 -D_GNU_SOURCE=1 -I'/usr/local/lib/R/site-library/cpp11/include' -I/usr/local/include   -fvisibility=hidden -fpic  -g -O2 -fstack-protector-strong -Wformat -Werror=format-security -Wdate-time -D_FORTIFY_SOURCE=2 -g  -c vendor/cigraph/vendor/cs/cs_entry.c -o vendor/cigraph/vendor/cs/cs_entry.o
gcc -std=gnu2x -I"/usr/local/lib/R/include" -DNDEBUG -DUSING_R -I. -Ivendor -Ivendor/cigraph/src -Ivendor/cigraph/include -Ivendor/cigraph/vendor -Ivendor/io/parsers  -I/usr/include/libxml2 -DHAVE_LIBXML -DNDEBUG -DNTIMER -DNPRINT -DIGRAPH_THREAD_LOCAL= -DPRPACK_IGRAPH_SUPPORT -DHAVE_GFORTRAN=1 -D_GNU_SOURCE=1 -I'/usr/local/lib/R/site-library/cpp11/include' -I/usr/local/include   -fvisibility=hidden -fpic  -g -O2 -fstack-protector-strong -Wformat -Werror=format-security -Wdate-time -D_FORTIFY_SOURCE=2 -g  -c vendor/cigraph/vendor/cs/cs_ereach.c -o vendor/cigraph/vendor/cs/cs_ereach.o
gcc -std=gnu2x -I"/usr/local/lib/R/include" -DNDEBUG -DUSING_R -I. -Ivendor -Ivendor/cigraph/src -Ivendor/cigraph/include -Ivendor/cigraph/vendor -Ivendor/io/parsers  -I/usr/include/libxml2 -DHAVE_LIBXML -DNDEBUG -DNTIMER -DNPRINT -DIGRAPH_THREAD_LOCAL= -DPRPACK_IGRAPH_SUPPORT -DHAVE_GFORTRAN=1 -D_GNU_SOURCE=1 -I'/usr/local/lib/R/site-library/cpp11/include' -I/usr/local/include   -fvisibility=hidden -fpic  -g -O2 -fstack-protector-strong -Wformat -Werror=format-security -Wdate-time -D_FORTIFY_SOURCE=2 -g  -c vendor/cigraph/vendor/cs/cs_etree.c -o vendor/cigraph/vendor/cs/cs_etree.o
gcc -std=gnu2x -I"/usr/local/lib/R/include" -DNDEBUG -DUSING_R -I. -Ivendor -Ivendor/cigraph/src -Ivendor/cigraph/include -Ivendor/cigraph/vendor -Ivendor/io/parsers  -I/usr/include/libxml2 -DHAVE_LIBXML -DNDEBUG -DNTIMER -DNPRINT -DIGRAPH_THREAD_LOCAL= -DPRPACK_IGRAPH_SUPPORT -DHAVE_GFORTRAN=1 -D_GNU_SOURCE=1 -I'/usr/local/lib/R/site-library/cpp11/include' -I/usr/local/include   -fvisibility=hidden -fpic  -g -O2 -fstack-protector-strong -Wformat -Werror=format-security -Wdate-time -D_FORTIFY_SOURCE=2 -g  -c vendor/cigraph/vendor/cs/cs_fkeep.c -o vendor/cigraph/vendor/cs/cs_fkeep.o
gcc -std=gnu2x -I"/usr/local/lib/R/include" -DNDEBUG -DUSING_R -I. -Ivendor -Ivendor/cigraph/src -Ivendor/cigraph/include -Ivendor/cigraph/vendor -Ivendor/io/parsers  -I/usr/include/libxml2 -DHAVE_LIBXML -DNDEBUG -DNTIMER -DNPRINT -DIGRAPH_THREAD_LOCAL= -DPRPACK_IGRAPH_SUPPORT -DHAVE_GFORTRAN=1 -D_GNU_SOURCE=1 -I'/usr/local/lib/R/site-library/cpp11/include' -I/usr/local/include   -fvisibility=hidden -fpic  -g -O2 -fstack-protector-strong -Wformat -Werror=format-security -Wdate-time -D_FORTIFY_SOURCE=2 -g  -c vendor/cigraph/vendor/cs/cs_gaxpy.c -o vendor/cigraph/vendor/cs/cs_gaxpy.o
gcc -std=gnu2x -I"/usr/local/lib/R/include" -DNDEBUG -DUSING_R -I. -Ivendor -Ivendor/cigraph/src -Ivendor/cigraph/include -Ivendor/cigraph/vendor -Ivendor/io/parsers  -I/usr/include/libxml2 -DHAVE_LIBXML -DNDEBUG -DNTIMER -DNPRINT -DIGRAPH_THREAD_LOCAL= -DPRPACK_IGRAPH_SUPPORT -DHAVE_GFORTRAN=1 -D_GNU_SOURCE=1 -I'/usr/local/lib/R/site-library/cpp11/include' -I/usr/local/include   -fvisibility=hidden -fpic  -g -O2 -fstack-protector-strong -Wformat -Werror=format-security -Wdate-time -D_FORTIFY_SOURCE=2 -g  -c vendor/cigraph/vendor/cs/cs_happly.c -o vendor/cigraph/vendor/cs/cs_happly.o
gcc -std=gnu2x -I"/usr/local/lib/R/include" -DNDEBUG -DUSING_R -I. -Ivendor -Ivendor/cigraph/src -Ivendor/cigraph/include -Ivendor/cigraph/vendor -Ivendor/io/parsers  -I/usr/include/libxml2 -DHAVE_LIBXML -DNDEBUG -DNTIMER -DNPRINT -DIGRAPH_THREAD_LOCAL= -DPRPACK_IGRAPH_SUPPORT -DHAVE_GFORTRAN=1 -D_GNU_SOURCE=1 -I'/usr/local/lib/R/site-library/cpp11/include' -I/usr/local/include   -fvisibility=hidden -fpic  -g -O2 -fstack-protector-strong -Wformat -Werror=format-security -Wdate-time -D_FORTIFY_SOURCE=2 -g  -c vendor/cigraph/vendor/cs/cs_house.c -o vendor/cigraph/vendor/cs/cs_house.o
gcc -std=gnu2x -I"/usr/local/lib/R/include" -DNDEBUG -DUSING_R -I. -Ivendor -Ivendor/cigraph/src -Ivendor/cigraph/include -Ivendor/cigraph/vendor -Ivendor/io/parsers  -I/usr/include/libxml2 -DHAVE_LIBXML -DNDEBUG -DNTIMER -DNPRINT -DIGRAPH_THREAD_LOCAL= -DPRPACK_IGRAPH_SUPPORT -DHAVE_GFORTRAN=1 -D_GNU_SOURCE=1 -I'/usr/local/lib/R/site-library/cpp11/include' -I/usr/local/include   -fvisibility=hidden -fpic  -g -O2 -fstack-protector-strong -Wformat -Werror=format-security -Wdate-time -D_FORTIFY_SOURCE=2 -g  -c vendor/cigraph/vendor/cs/cs_ipvec.c -o vendor/cigraph/vendor/cs/cs_ipvec.o
gcc -std=gnu2x -I"/usr/local/lib/R/include" -DNDEBUG -DUSING_R -I. -Ivendor -Ivendor/cigraph/src -Ivendor/cigraph/include -Ivendor/cigraph/vendor -Ivendor/io/parsers  -I/usr/include/libxml2 -DHAVE_LIBXML -DNDEBUG -DNTIMER -DNPRINT -DIGRAPH_THREAD_LOCAL= -DPRPACK_IGRAPH_SUPPORT -DHAVE_GFORTRAN=1 -D_GNU_SOURCE=1 -I'/usr/local/lib/R/site-library/cpp11/include' -I/usr/local/include   -fvisibility=hidden -fpic  -g -O2 -fstack-protector-strong -Wformat -Werror=format-security -Wdate-time -D_FORTIFY_SOURCE=2 -g  -c vendor/cigraph/vendor/cs/cs_leaf.c -o vendor/cigraph/vendor/cs/cs_leaf.o
gcc -std=gnu2x -I"/usr/local/lib/R/include" -DNDEBUG -DUSING_R -I. -Ivendor -Ivendor/cigraph/src -Ivendor/cigraph/include -Ivendor/cigraph/vendor -Ivendor/io/parsers  -I/usr/include/libxml2 -DHAVE_LIBXML -DNDEBUG -DNTIMER -DNPRINT -DIGRAPH_THREAD_LOCAL= -DPRPACK_IGRAPH_SUPPORT -DHAVE_GFORTRAN=1 -D_GNU_SOURCE=1 -I'/usr/local/lib/R/site-library/cpp11/include' -I/usr/local/include   -fvisibility=hidden -fpic  -g -O2 -fstack-protector-strong -Wformat -Werror=format-security -Wdate-time -D_FORTIFY_SOURCE=2 -g  -c vendor/cigraph/vendor/cs/cs_load.c -o vendor/cigraph/vendor/cs/cs_load.o
gcc -std=gnu2x -I"/usr/local/lib/R/include" -DNDEBUG -DUSING_R -I. -Ivendor -Ivendor/cigraph/src -Ivendor/cigraph/include -Ivendor/cigraph/vendor -Ivendor/io/parsers  -I/usr/include/libxml2 -DHAVE_LIBXML -DNDEBUG -DNTIMER -DNPRINT -DIGRAPH_THREAD_LOCAL= -DPRPACK_IGRAPH_SUPPORT -DHAVE_GFORTRAN=1 -D_GNU_SOURCE=1 -I'/usr/local/lib/R/site-library/cpp11/include' -I/usr/local/include   -fvisibility=hidden -fpic  -g -O2 -fstack-protector-strong -Wformat -Werror=format-security -Wdate-time -D_FORTIFY_SOURCE=2 -g  -c vendor/cigraph/vendor/cs/cs_lsolve.c -o vendor/cigraph/vendor/cs/cs_lsolve.o
gcc -std=gnu2x -I"/usr/local/lib/R/include" -DNDEBUG -DUSING_R -I. -Ivendor -Ivendor/cigraph/src -Ivendor/cigraph/include -Ivendor/cigraph/vendor -Ivendor/io/parsers  -I/usr/include/libxml2 -DHAVE_LIBXML -DNDEBUG -DNTIMER -DNPRINT -DIGRAPH_THREAD_LOCAL= -DPRPACK_IGRAPH_SUPPORT -DHAVE_GFORTRAN=1 -D_GNU_SOURCE=1 -I'/usr/local/lib/R/site-library/cpp11/include' -I/usr/local/include   -fvisibility=hidden -fpic  -g -O2 -fstack-protector-strong -Wformat -Werror=format-security -Wdate-time -D_FORTIFY_SOURCE=2 -g  -c vendor/cigraph/vendor/cs/cs_ltsolve.c -o vendor/cigraph/vendor/cs/cs_ltsolve.o
gcc -std=gnu2x -I"/usr/local/lib/R/include" -DNDEBUG -DUSING_R -I. -Ivendor -Ivendor/cigraph/src -Ivendor/cigraph/include -Ivendor/cigraph/vendor -Ivendor/io/parsers  -I/usr/include/libxml2 -DHAVE_LIBXML -DNDEBUG -DNTIMER -DNPRINT -DIGRAPH_THREAD_LOCAL= -DPRPACK_IGRAPH_SUPPORT -DHAVE_GFORTRAN=1 -D_GNU_SOURCE=1 -I'/usr/local/lib/R/site-library/cpp11/include' -I/usr/local/include   -fvisibility=hidden -fpic  -g -O2 -fstack-protector-strong -Wformat -Werror=format-security -Wdate-time -D_FORTIFY_SOURCE=2 -g  -c vendor/cigraph/vendor/cs/cs_lu.c -o vendor/cigraph/vendor/cs/cs_lu.o
gcc -std=gnu2x -I"/usr/local/lib/R/include" -DNDEBUG -DUSING_R -I. -Ivendor -Ivendor/cigraph/src -Ivendor/cigraph/include -Ivendor/cigraph/vendor -Ivendor/io/parsers  -I/usr/include/libxml2 -DHAVE_LIBXML -DNDEBUG -DNTIMER -DNPRINT -DIGRAPH_THREAD_LOCAL= -DPRPACK_IGRAPH_SUPPORT -DHAVE_GFORTRAN=1 -D_GNU_SOURCE=1 -I'/usr/local/lib/R/site-library/cpp11/include' -I/usr/local/include   -fvisibility=hidden -fpic  -g -O2 -fstack-protector-strong -Wformat -Werror=format-security -Wdate-time -D_FORTIFY_SOURCE=2 -g  -c vendor/cigraph/vendor/cs/cs_lusol.c -o vendor/cigraph/vendor/cs/cs_lusol.o
gcc -std=gnu2x -I"/usr/local/lib/R/include" -DNDEBUG -DUSING_R -I. -Ivendor -Ivendor/cigraph/src -Ivendor/cigraph/include -Ivendor/cigraph/vendor -Ivendor/io/parsers  -I/usr/include/libxml2 -DHAVE_LIBXML -DNDEBUG -DNTIMER -DNPRINT -DIGRAPH_THREAD_LOCAL= -DPRPACK_IGRAPH_SUPPORT -DHAVE_GFORTRAN=1 -D_GNU_SOURCE=1 -I'/usr/local/lib/R/site-library/cpp11/include' -I/usr/local/include   -fvisibility=hidden -fpic  -g -O2 -fstack-protector-strong -Wformat -Werror=format-security -Wdate-time -D_FORTIFY_SOURCE=2 -g  -c vendor/cigraph/vendor/cs/cs_malloc.c -o vendor/cigraph/vendor/cs/cs_malloc.o
gcc -std=gnu2x -I"/usr/local/lib/R/include" -DNDEBUG -DUSING_R -I. -Ivendor -Ivendor/cigraph/src -Ivendor/cigraph/include -Ivendor/cigraph/vendor -Ivendor/io/parsers  -I/usr/include/libxml2 -DHAVE_LIBXML -DNDEBUG -DNTIMER -DNPRINT -DIGRAPH_THREAD_LOCAL= -DPRPACK_IGRAPH_SUPPORT -DHAVE_GFORTRAN=1 -D_GNU_SOURCE=1 -I'/usr/local/lib/R/site-library/cpp11/include' -I/usr/local/include   -fvisibility=hidden -fpic  -g -O2 -fstack-protector-strong -Wformat -Werror=format-security -Wdate-time -D_FORTIFY_SOURCE=2 -g  -c vendor/cigraph/vendor/cs/cs_maxtrans.c -o vendor/cigraph/vendor/cs/cs_maxtrans.o
gcc -std=gnu2x -I"/usr/local/lib/R/include" -DNDEBUG -DUSING_R -I. -Ivendor -Ivendor/cigraph/src -Ivendor/cigraph/include -Ivendor/cigraph/vendor -Ivendor/io/parsers  -I/usr/include/libxml2 -DHAVE_LIBXML -DNDEBUG -DNTIMER -DNPRINT -DIGRAPH_THREAD_LOCAL= -DPRPACK_IGRAPH_SUPPORT -DHAVE_GFORTRAN=1 -D_GNU_SOURCE=1 -I'/usr/local/lib/R/site-library/cpp11/include' -I/usr/local/include   -fvisibility=hidden -fpic  -g -O2 -fstack-protector-strong -Wformat -Werror=format-security -Wdate-time -D_FORTIFY_SOURCE=2 -g  -c vendor/cigraph/vendor/cs/cs_multiply.c -o vendor/cigraph/vendor/cs/cs_multiply.o
gcc -std=gnu2x -I"/usr/local/lib/R/include" -DNDEBUG -DUSING_R -I. -Ivendor -Ivendor/cigraph/src -Ivendor/cigraph/include -Ivendor/cigraph/vendor -Ivendor/io/parsers  -I/usr/include/libxml2 -DHAVE_LIBXML -DNDEBUG -DNTIMER -DNPRINT -DIGRAPH_THREAD_LOCAL= -DPRPACK_IGRAPH_SUPPORT -DHAVE_GFORTRAN=1 -D_GNU_SOURCE=1 -I'/usr/local/lib/R/site-library/cpp11/include' -I/usr/local/include   -fvisibility=hidden -fpic  -g -O2 -fstack-protector-strong -Wformat -Werror=format-security -Wdate-time -D_FORTIFY_SOURCE=2 -g  -c vendor/cigraph/vendor/cs/cs_norm.c -o vendor/cigraph/vendor/cs/cs_norm.o
gcc -std=gnu2x -I"/usr/local/lib/R/include" -DNDEBUG -DUSING_R -I. -Ivendor -Ivendor/cigraph/src -Ivendor/cigraph/include -Ivendor/cigraph/vendor -Ivendor/io/parsers  -I/usr/include/libxml2 -DHAVE_LIBXML -DNDEBUG -DNTIMER -DNPRINT -DIGRAPH_THREAD_LOCAL= -DPRPACK_IGRAPH_SUPPORT -DHAVE_GFORTRAN=1 -D_GNU_SOURCE=1 -I'/usr/local/lib/R/site-library/cpp11/include' -I/usr/local/include   -fvisibility=hidden -fpic  -g -O2 -fstack-protector-strong -Wformat -Werror=format-security -Wdate-time -D_FORTIFY_SOURCE=2 -g  -c vendor/cigraph/vendor/cs/cs_permute.c -o vendor/cigraph/vendor/cs/cs_permute.o
gcc -std=gnu2x -I"/usr/local/lib/R/include" -DNDEBUG -DUSING_R -I. -Ivendor -Ivendor/cigraph/src -Ivendor/cigraph/include -Ivendor/cigraph/vendor -Ivendor/io/parsers  -I/usr/include/libxml2 -DHAVE_LIBXML -DNDEBUG -DNTIMER -DNPRINT -DIGRAPH_THREAD_LOCAL= -DPRPACK_IGRAPH_SUPPORT -DHAVE_GFORTRAN=1 -D_GNU_SOURCE=1 -I'/usr/local/lib/R/site-library/cpp11/include' -I/usr/local/include   -fvisibility=hidden -fpic  -g -O2 -fstack-protector-strong -Wformat -Werror=format-security -Wdate-time -D_FORTIFY_SOURCE=2 -g  -c vendor/cigraph/vendor/cs/cs_pinv.c -o vendor/cigraph/vendor/cs/cs_pinv.o
gcc -std=gnu2x -I"/usr/local/lib/R/include" -DNDEBUG -DUSING_R -I. -Ivendor -Ivendor/cigraph/src -Ivendor/cigraph/include -Ivendor/cigraph/vendor -Ivendor/io/parsers  -I/usr/include/libxml2 -DHAVE_LIBXML -DNDEBUG -DNTIMER -DNPRINT -DIGRAPH_THREAD_LOCAL= -DPRPACK_IGRAPH_SUPPORT -DHAVE_GFORTRAN=1 -D_GNU_SOURCE=1 -I'/usr/local/lib/R/site-library/cpp11/include' -I/usr/local/include   -fvisibility=hidden -fpic  -g -O2 -fstack-protector-strong -Wformat -Werror=format-security -Wdate-time -D_FORTIFY_SOURCE=2 -g  -c vendor/cigraph/vendor/cs/cs_post.c -o vendor/cigraph/vendor/cs/cs_post.o
gcc -std=gnu2x -I"/usr/local/lib/R/include" -DNDEBUG -DUSING_R -I. -Ivendor -Ivendor/cigraph/src -Ivendor/cigraph/include -Ivendor/cigraph/vendor -Ivendor/io/parsers  -I/usr/include/libxml2 -DHAVE_LIBXML -DNDEBUG -DNTIMER -DNPRINT -DIGRAPH_THREAD_LOCAL= -DPRPACK_IGRAPH_SUPPORT -DHAVE_GFORTRAN=1 -D_GNU_SOURCE=1 -I'/usr/local/lib/R/site-library/cpp11/include' -I/usr/local/include   -fvisibility=hidden -fpic  -g -O2 -fstack-protector-strong -Wformat -Werror=format-security -Wdate-time -D_FORTIFY_SOURCE=2 -g  -c vendor/cigraph/vendor/cs/cs_print.c -o vendor/cigraph/vendor/cs/cs_print.o
gcc -std=gnu2x -I"/usr/local/lib/R/include" -DNDEBUG -DUSING_R -I. -Ivendor -Ivendor/cigraph/src -Ivendor/cigraph/include -Ivendor/cigraph/vendor -Ivendor/io/parsers  -I/usr/include/libxml2 -DHAVE_LIBXML -DNDEBUG -DNTIMER -DNPRINT -DIGRAPH_THREAD_LOCAL= -DPRPACK_IGRAPH_SUPPORT -DHAVE_GFORTRAN=1 -D_GNU_SOURCE=1 -I'/usr/local/lib/R/site-library/cpp11/include' -I/usr/local/include   -fvisibility=hidden -fpic  -g -O2 -fstack-protector-strong -Wformat -Werror=format-security -Wdate-time -D_FORTIFY_SOURCE=2 -g  -c vendor/cigraph/vendor/cs/cs_pvec.c -o vendor/cigraph/vendor/cs/cs_pvec.o
gcc -std=gnu2x -I"/usr/local/lib/R/include" -DNDEBUG -DUSING_R -I. -Ivendor -Ivendor/cigraph/src -Ivendor/cigraph/include -Ivendor/cigraph/vendor -Ivendor/io/parsers  -I/usr/include/libxml2 -DHAVE_LIBXML -DNDEBUG -DNTIMER -DNPRINT -DIGRAPH_THREAD_LOCAL= -DPRPACK_IGRAPH_SUPPORT -DHAVE_GFORTRAN=1 -D_GNU_SOURCE=1 -I'/usr/local/lib/R/site-library/cpp11/include' -I/usr/local/include   -fvisibility=hidden -fpic  -g -O2 -fstack-protector-strong -Wformat -Werror=format-security -Wdate-time -D_FORTIFY_SOURCE=2 -g  -c vendor/cigraph/vendor/cs/cs_qr.c -o vendor/cigraph/vendor/cs/cs_qr.o
gcc -std=gnu2x -I"/usr/local/lib/R/include" -DNDEBUG -DUSING_R -I. -Ivendor -Ivendor/cigraph/src -Ivendor/cigraph/include -Ivendor/cigraph/vendor -Ivendor/io/parsers  -I/usr/include/libxml2 -DHAVE_LIBXML -DNDEBUG -DNTIMER -DNPRINT -DIGRAPH_THREAD_LOCAL= -DPRPACK_IGRAPH_SUPPORT -DHAVE_GFORTRAN=1 -D_GNU_SOURCE=1 -I'/usr/local/lib/R/site-library/cpp11/include' -I/usr/local/include   -fvisibility=hidden -fpic  -g -O2 -fstack-protector-strong -Wformat -Werror=format-security -Wdate-time -D_FORTIFY_SOURCE=2 -g  -c vendor/cigraph/vendor/cs/cs_qrsol.c -o vendor/cigraph/vendor/cs/cs_qrsol.o
gcc -std=gnu2x -I"/usr/local/lib/R/include" -DNDEBUG -DUSING_R -I. -Ivendor -Ivendor/cigraph/src -Ivendor/cigraph/include -Ivendor/cigraph/vendor -Ivendor/io/parsers  -I/usr/include/libxml2 -DHAVE_LIBXML -DNDEBUG -DNTIMER -DNPRINT -DIGRAPH_THREAD_LOCAL= -DPRPACK_IGRAPH_SUPPORT -DHAVE_GFORTRAN=1 -D_GNU_SOURCE=1 -I'/usr/local/lib/R/site-library/cpp11/include' -I/usr/local/include   -fvisibility=hidden -fpic  -g -O2 -fstack-protector-strong -Wformat -Werror=format-security -Wdate-time -D_FORTIFY_SOURCE=2 -g  -c vendor/cigraph/vendor/cs/cs_randperm.c -o vendor/cigraph/vendor/cs/cs_randperm.o
gcc -std=gnu2x -I"/usr/local/lib/R/include" -DNDEBUG -DUSING_R -I. -Ivendor -Ivendor/cigraph/src -Ivendor/cigraph/include -Ivendor/cigraph/vendor -Ivendor/io/parsers  -I/usr/include/libxml2 -DHAVE_LIBXML -DNDEBUG -DNTIMER -DNPRINT -DIGRAPH_THREAD_LOCAL= -DPRPACK_IGRAPH_SUPPORT -DHAVE_GFORTRAN=1 -D_GNU_SOURCE=1 -I'/usr/local/lib/R/site-library/cpp11/include' -I/usr/local/include   -fvisibility=hidden -fpic  -g -O2 -fstack-protector-strong -Wformat -Werror=format-security -Wdate-time -D_FORTIFY_SOURCE=2 -g  -c vendor/cigraph/vendor/cs/cs_reach.c -o vendor/cigraph/vendor/cs/cs_reach.o
gcc -std=gnu2x -I"/usr/local/lib/R/include" -DNDEBUG -DUSING_R -I. -Ivendor -Ivendor/cigraph/src -Ivendor/cigraph/include -Ivendor/cigraph/vendor -Ivendor/io/parsers  -I/usr/include/libxml2 -DHAVE_LIBXML -DNDEBUG -DNTIMER -DNPRINT -DIGRAPH_THREAD_LOCAL= -DPRPACK_IGRAPH_SUPPORT -DHAVE_GFORTRAN=1 -D_GNU_SOURCE=1 -I'/usr/local/lib/R/site-library/cpp11/include' -I/usr/local/include   -fvisibility=hidden -fpic  -g -O2 -fstack-protector-strong -Wformat -Werror=format-security -Wdate-time -D_FORTIFY_SOURCE=2 -g  -c vendor/cigraph/vendor/cs/cs_scatter.c -o vendor/cigraph/vendor/cs/cs_scatter.o
gcc -std=gnu2x -I"/usr/local/lib/R/include" -DNDEBUG -DUSING_R -I. -Ivendor -Ivendor/cigraph/src -Ivendor/cigraph/include -Ivendor/cigraph/vendor -Ivendor/io/parsers  -I/usr/include/libxml2 -DHAVE_LIBXML -DNDEBUG -DNTIMER -DNPRINT -DIGRAPH_THREAD_LOCAL= -DPRPACK_IGRAPH_SUPPORT -DHAVE_GFORTRAN=1 -D_GNU_SOURCE=1 -I'/usr/local/lib/R/site-library/cpp11/include' -I/usr/local/include   -fvisibility=hidden -fpic  -g -O2 -fstack-protector-strong -Wformat -Werror=format-security -Wdate-time -D_FORTIFY_SOURCE=2 -g  -c vendor/cigraph/vendor/cs/cs_scc.c -o vendor/cigraph/vendor/cs/cs_scc.o
gcc -std=gnu2x -I"/usr/local/lib/R/include" -DNDEBUG -DUSING_R -I. -Ivendor -Ivendor/cigraph/src -Ivendor/cigraph/include -Ivendor/cigraph/vendor -Ivendor/io/parsers  -I/usr/include/libxml2 -DHAVE_LIBXML -DNDEBUG -DNTIMER -DNPRINT -DIGRAPH_THREAD_LOCAL= -DPRPACK_IGRAPH_SUPPORT -DHAVE_GFORTRAN=1 -D_GNU_SOURCE=1 -I'/usr/local/lib/R/site-library/cpp11/include' -I/usr/local/include   -fvisibility=hidden -fpic  -g -O2 -fstack-protector-strong -Wformat -Werror=format-security -Wdate-time -D_FORTIFY_SOURCE=2 -g  -c vendor/cigraph/vendor/cs/cs_schol.c -o vendor/cigraph/vendor/cs/cs_schol.o
gcc -std=gnu2x -I"/usr/local/lib/R/include" -DNDEBUG -DUSING_R -I. -Ivendor -Ivendor/cigraph/src -Ivendor/cigraph/include -Ivendor/cigraph/vendor -Ivendor/io/parsers  -I/usr/include/libxml2 -DHAVE_LIBXML -DNDEBUG -DNTIMER -DNPRINT -DIGRAPH_THREAD_LOCAL= -DPRPACK_IGRAPH_SUPPORT -DHAVE_GFORTRAN=1 -D_GNU_SOURCE=1 -I'/usr/local/lib/R/site-library/cpp11/include' -I/usr/local/include   -fvisibility=hidden -fpic  -g -O2 -fstack-protector-strong -Wformat -Werror=format-security -Wdate-time -D_FORTIFY_SOURCE=2 -g  -c vendor/cigraph/vendor/cs/cs_spsolve.c -o vendor/cigraph/vendor/cs/cs_spsolve.o
gcc -std=gnu2x -I"/usr/local/lib/R/include" -DNDEBUG -DUSING_R -I. -Ivendor -Ivendor/cigraph/src -Ivendor/cigraph/include -Ivendor/cigraph/vendor -Ivendor/io/parsers  -I/usr/include/libxml2 -DHAVE_LIBXML -DNDEBUG -DNTIMER -DNPRINT -DIGRAPH_THREAD_LOCAL= -DPRPACK_IGRAPH_SUPPORT -DHAVE_GFORTRAN=1 -D_GNU_SOURCE=1 -I'/usr/local/lib/R/site-library/cpp11/include' -I/usr/local/include   -fvisibility=hidden -fpic  -g -O2 -fstack-protector-strong -Wformat -Werror=format-security -Wdate-time -D_FORTIFY_SOURCE=2 -g  -c vendor/cigraph/vendor/cs/cs_sqr.c -o vendor/cigraph/vendor/cs/cs_sqr.o
gcc -std=gnu2x -I"/usr/local/lib/R/include" -DNDEBUG -DUSING_R -I. -Ivendor -Ivendor/cigraph/src -Ivendor/cigraph/include -Ivendor/cigraph/vendor -Ivendor/io/parsers  -I/usr/include/libxml2 -DHAVE_LIBXML -DNDEBUG -DNTIMER -DNPRINT -DIGRAPH_THREAD_LOCAL= -DPRPACK_IGRAPH_SUPPORT -DHAVE_GFORTRAN=1 -D_GNU_SOURCE=1 -I'/usr/local/lib/R/site-library/cpp11/include' -I/usr/local/include   -fvisibility=hidden -fpic  -g -O2 -fstack-protector-strong -Wformat -Werror=format-security -Wdate-time -D_FORTIFY_SOURCE=2 -g  -c vendor/cigraph/vendor/cs/cs_symperm.c -o vendor/cigraph/vendor/cs/cs_symperm.o
gcc -std=gnu2x -I"/usr/local/lib/R/include" -DNDEBUG -DUSING_R -I. -Ivendor -Ivendor/cigraph/src -Ivendor/cigraph/include -Ivendor/cigraph/vendor -Ivendor/io/parsers  -I/usr/include/libxml2 -DHAVE_LIBXML -DNDEBUG -DNTIMER -DNPRINT -DIGRAPH_THREAD_LOCAL= -DPRPACK_IGRAPH_SUPPORT -DHAVE_GFORTRAN=1 -D_GNU_SOURCE=1 -I'/usr/local/lib/R/site-library/cpp11/include' -I/usr/local/include   -fvisibility=hidden -fpic  -g -O2 -fstack-protector-strong -Wformat -Werror=format-security -Wdate-time -D_FORTIFY_SOURCE=2 -g  -c vendor/cigraph/vendor/cs/cs_tdfs.c -o vendor/cigraph/vendor/cs/cs_tdfs.o
gcc -std=gnu2x -I"/usr/local/lib/R/include" -DNDEBUG -DUSING_R -I. -Ivendor -Ivendor/cigraph/src -Ivendor/cigraph/include -Ivendor/cigraph/vendor -Ivendor/io/parsers  -I/usr/include/libxml2 -DHAVE_LIBXML -DNDEBUG -DNTIMER -DNPRINT -DIGRAPH_THREAD_LOCAL= -DPRPACK_IGRAPH_SUPPORT -DHAVE_GFORTRAN=1 -D_GNU_SOURCE=1 -I'/usr/local/lib/R/site-library/cpp11/include' -I/usr/local/include   -fvisibility=hidden -fpic  -g -O2 -fstack-protector-strong -Wformat -Werror=format-security -Wdate-time -D_FORTIFY_SOURCE=2 -g  -c vendor/cigraph/vendor/cs/cs_transpose.c -o vendor/cigraph/vendor/cs/cs_transpose.o
gcc -std=gnu2x -I"/usr/local/lib/R/include" -DNDEBUG -DUSING_R -I. -Ivendor -Ivendor/cigraph/src -Ivendor/cigraph/include -Ivendor/cigraph/vendor -Ivendor/io/parsers  -I/usr/include/libxml2 -DHAVE_LIBXML -DNDEBUG -DNTIMER -DNPRINT -DIGRAPH_THREAD_LOCAL= -DPRPACK_IGRAPH_SUPPORT -DHAVE_GFORTRAN=1 -D_GNU_SOURCE=1 -I'/usr/local/lib/R/site-library/cpp11/include' -I/usr/local/include   -fvisibility=hidden -fpic  -g -O2 -fstack-protector-strong -Wformat -Werror=format-security -Wdate-time -D_FORTIFY_SOURCE=2 -g  -c vendor/cigraph/vendor/cs/cs_updown.c -o vendor/cigraph/vendor/cs/cs_updown.o
gcc -std=gnu2x -I"/usr/local/lib/R/include" -DNDEBUG -DUSING_R -I. -Ivendor -Ivendor/cigraph/src -Ivendor/cigraph/include -Ivendor/cigraph/vendor -Ivendor/io/parsers  -I/usr/include/libxml2 -DHAVE_LIBXML -DNDEBUG -DNTIMER -DNPRINT -DIGRAPH_THREAD_LOCAL= -DPRPACK_IGRAPH_SUPPORT -DHAVE_GFORTRAN=1 -D_GNU_SOURCE=1 -I'/usr/local/lib/R/site-library/cpp11/include' -I/usr/local/include   -fvisibility=hidden -fpic  -g -O2 -fstack-protector-strong -Wformat -Werror=format-security -Wdate-time -D_FORTIFY_SOURCE=2 -g  -c vendor/cigraph/vendor/cs/cs_usolve.c -o vendor/cigraph/vendor/cs/cs_usolve.o
gcc -std=gnu2x -I"/usr/local/lib/R/include" -DNDEBUG -DUSING_R -I. -Ivendor -Ivendor/cigraph/src -Ivendor/cigraph/include -Ivendor/cigraph/vendor -Ivendor/io/parsers  -I/usr/include/libxml2 -DHAVE_LIBXML -DNDEBUG -DNTIMER -DNPRINT -DIGRAPH_THREAD_LOCAL= -DPRPACK_IGRAPH_SUPPORT -DHAVE_GFORTRAN=1 -D_GNU_SOURCE=1 -I'/usr/local/lib/R/site-library/cpp11/include' -I/usr/local/include   -fvisibility=hidden -fpic  -g -O2 -fstack-protector-strong -Wformat -Werror=format-security -Wdate-time -D_FORTIFY_SOURCE=2 -g  -c vendor/cigraph/vendor/cs/cs_util.c -o vendor/cigraph/vendor/cs/cs_util.o
gcc -std=gnu2x -I"/usr/local/lib/R/include" -DNDEBUG -DUSING_R -I. -Ivendor -Ivendor/cigraph/src -Ivendor/cigraph/include -Ivendor/cigraph/vendor -Ivendor/io/parsers  -I/usr/include/libxml2 -DHAVE_LIBXML -DNDEBUG -DNTIMER -DNPRINT -DIGRAPH_THREAD_LOCAL= -DPRPACK_IGRAPH_SUPPORT -DHAVE_GFORTRAN=1 -D_GNU_SOURCE=1 -I'/usr/local/lib/R/site-library/cpp11/include' -I/usr/local/include   -fvisibility=hidden -fpic  -g -O2 -fstack-protector-strong -Wformat -Werror=format-security -Wdate-time -D_FORTIFY_SOURCE=2 -g  -c vendor/cigraph/vendor/cs/cs_utsolve.c -o vendor/cigraph/vendor/cs/cs_utsolve.o
gcc -std=gnu2x -I"/usr/local/lib/R/include" -DNDEBUG -DUSING_R -I. -Ivendor -Ivendor/cigraph/src -Ivendor/cigraph/include -Ivendor/cigraph/vendor -Ivendor/io/parsers  -I/usr/include/libxml2 -DHAVE_LIBXML -DNDEBUG -DNTIMER -DNPRINT -DIGRAPH_THREAD_LOCAL= -DPRPACK_IGRAPH_SUPPORT -DHAVE_GFORTRAN=1 -D_GNU_SOURCE=1 -I'/usr/local/lib/R/site-library/cpp11/include' -I/usr/local/include   -fvisibility=hidden -fpic  -g -O2 -fstack-protector-strong -Wformat -Werror=format-security -Wdate-time -D_FORTIFY_SOURCE=2 -g  -c vendor/cigraph/vendor/pcg/pcg-advance-128.c -o vendor/cigraph/vendor/pcg/pcg-advance-128.o
gcc -std=gnu2x -I"/usr/local/lib/R/include" -DNDEBUG -DUSING_R -I. -Ivendor -Ivendor/cigraph/src -Ivendor/cigraph/include -Ivendor/cigraph/vendor -Ivendor/io/parsers  -I/usr/include/libxml2 -DHAVE_LIBXML -DNDEBUG -DNTIMER -DNPRINT -DIGRAPH_THREAD_LOCAL= -DPRPACK_IGRAPH_SUPPORT -DHAVE_GFORTRAN=1 -D_GNU_SOURCE=1 -I'/usr/local/lib/R/site-library/cpp11/include' -I/usr/local/include   -fvisibility=hidden -fpic  -g -O2 -fstack-protector-strong -Wformat -Werror=format-security -Wdate-time -D_FORTIFY_SOURCE=2 -g  -c vendor/cigraph/vendor/pcg/pcg-advance-64.c -o vendor/cigraph/vendor/pcg/pcg-advance-64.o
gcc -std=gnu2x -I"/usr/local/lib/R/include" -DNDEBUG -DUSING_R -I. -Ivendor -Ivendor/cigraph/src -Ivendor/cigraph/include -Ivendor/cigraph/vendor -Ivendor/io/parsers  -I/usr/include/libxml2 -DHAVE_LIBXML -DNDEBUG -DNTIMER -DNPRINT -DIGRAPH_THREAD_LOCAL= -DPRPACK_IGRAPH_SUPPORT -DHAVE_GFORTRAN=1 -D_GNU_SOURCE=1 -I'/usr/local/lib/R/site-library/cpp11/include' -I/usr/local/include   -fvisibility=hidden -fpic  -g -O2 -fstack-protector-strong -Wformat -Werror=format-security -Wdate-time -D_FORTIFY_SOURCE=2 -g  -c vendor/cigraph/vendor/pcg/pcg-output-128.c -o vendor/cigraph/vendor/pcg/pcg-output-128.o
gcc -std=gnu2x -I"/usr/local/lib/R/include" -DNDEBUG -DUSING_R -I. -Ivendor -Ivendor/cigraph/src -Ivendor/cigraph/include -Ivendor/cigraph/vendor -Ivendor/io/parsers  -I/usr/include/libxml2 -DHAVE_LIBXML -DNDEBUG -DNTIMER -DNPRINT -DIGRAPH_THREAD_LOCAL= -DPRPACK_IGRAPH_SUPPORT -DHAVE_GFORTRAN=1 -D_GNU_SOURCE=1 -I'/usr/local/lib/R/site-library/cpp11/include' -I/usr/local/include   -fvisibility=hidden -fpic  -g -O2 -fstack-protector-strong -Wformat -Werror=format-security -Wdate-time -D_FORTIFY_SOURCE=2 -g  -c vendor/cigraph/vendor/pcg/pcg-output-32.c -o vendor/cigraph/vendor/pcg/pcg-output-32.o
gcc -std=gnu2x -I"/usr/local/lib/R/include" -DNDEBUG -DUSING_R -I. -Ivendor -Ivendor/cigraph/src -Ivendor/cigraph/include -Ivendor/cigraph/vendor -Ivendor/io/parsers  -I/usr/include/libxml2 -DHAVE_LIBXML -DNDEBUG -DNTIMER -DNPRINT -DIGRAPH_THREAD_LOCAL= -DPRPACK_IGRAPH_SUPPORT -DHAVE_GFORTRAN=1 -D_GNU_SOURCE=1 -I'/usr/local/lib/R/site-library/cpp11/include' -I/usr/local/include   -fvisibility=hidden -fpic  -g -O2 -fstack-protector-strong -Wformat -Werror=format-security -Wdate-time -D_FORTIFY_SOURCE=2 -g  -c vendor/cigraph/vendor/pcg/pcg-output-64.c -o vendor/cigraph/vendor/pcg/pcg-output-64.o
gcc -std=gnu2x -I"/usr/local/lib/R/include" -DNDEBUG -DUSING_R -I. -Ivendor -Ivendor/cigraph/src -Ivendor/cigraph/include -Ivendor/cigraph/vendor -Ivendor/io/parsers  -I/usr/include/libxml2 -DHAVE_LIBXML -DNDEBUG -DNTIMER -DNPRINT -DIGRAPH_THREAD_LOCAL= -DPRPACK_IGRAPH_SUPPORT -DHAVE_GFORTRAN=1 -D_GNU_SOURCE=1 -I'/usr/local/lib/R/site-library/cpp11/include' -I/usr/local/include   -fvisibility=hidden -fpic  -g -O2 -fstack-protector-strong -Wformat -Werror=format-security -Wdate-time -D_FORTIFY_SOURCE=2 -g  -c vendor/cigraph/vendor/pcg/pcg-rngs-128.c -o vendor/cigraph/vendor/pcg/pcg-rngs-128.o
gcc -std=gnu2x -I"/usr/local/lib/R/include" -DNDEBUG -DUSING_R -I. -Ivendor -Ivendor/cigraph/src -Ivendor/cigraph/include -Ivendor/cigraph/vendor -Ivendor/io/parsers  -I/usr/include/libxml2 -DHAVE_LIBXML -DNDEBUG -DNTIMER -DNPRINT -DIGRAPH_THREAD_LOCAL= -DPRPACK_IGRAPH_SUPPORT -DHAVE_GFORTRAN=1 -D_GNU_SOURCE=1 -I'/usr/local/lib/R/site-library/cpp11/include' -I/usr/local/include   -fvisibility=hidden -fpic  -g -O2 -fstack-protector-strong -Wformat -Werror=format-security -Wdate-time -D_FORTIFY_SOURCE=2 -g  -c vendor/cigraph/vendor/pcg/pcg-rngs-64.c -o vendor/cigraph/vendor/pcg/pcg-rngs-64.o
gcc -std=gnu2x -I"/usr/local/lib/R/include" -DNDEBUG -DUSING_R -I. -Ivendor -Ivendor/cigraph/src -Ivendor/cigraph/include -Ivendor/cigraph/vendor -Ivendor/io/parsers  -I/usr/include/libxml2 -DHAVE_LIBXML -DNDEBUG -DNTIMER -DNPRINT -DIGRAPH_THREAD_LOCAL= -DPRPACK_IGRAPH_SUPPORT -DHAVE_GFORTRAN=1 -D_GNU_SOURCE=1 -I'/usr/local/lib/R/site-library/cpp11/include' -I/usr/local/include   -fvisibility=hidden -fpic  -g -O2 -fstack-protector-strong -Wformat -Werror=format-security -Wdate-time -D_FORTIFY_SOURCE=2 -g  -c vendor/cigraph/vendor/plfit/gss.c -o vendor/cigraph/vendor/plfit/gss.o
gcc -std=gnu2x -I"/usr/local/lib/R/include" -DNDEBUG -DUSING_R -I. -Ivendor -Ivendor/cigraph/src -Ivendor/cigraph/include -Ivendor/cigraph/vendor -Ivendor/io/parsers  -I/usr/include/libxml2 -DHAVE_LIBXML -DNDEBUG -DNTIMER -DNPRINT -DIGRAPH_THREAD_LOCAL= -DPRPACK_IGRAPH_SUPPORT -DHAVE_GFORTRAN=1 -D_GNU_SOURCE=1 -I'/usr/local/lib/R/site-library/cpp11/include' -I/usr/local/include   -fvisibility=hidden -fpic  -g -O2 -fstack-protector-strong -Wformat -Werror=format-security -Wdate-time -D_FORTIFY_SOURCE=2 -g  -c vendor/cigraph/vendor/plfit/hzeta.c -o vendor/cigraph/vendor/plfit/hzeta.o
gcc -std=gnu2x -I"/usr/local/lib/R/include" -DNDEBUG -DUSING_R -I. -Ivendor -Ivendor/cigraph/src -Ivendor/cigraph/include -Ivendor/cigraph/vendor -Ivendor/io/parsers  -I/usr/include/libxml2 -DHAVE_LIBXML -DNDEBUG -DNTIMER -DNPRINT -DIGRAPH_THREAD_LOCAL= -DPRPACK_IGRAPH_SUPPORT -DHAVE_GFORTRAN=1 -D_GNU_SOURCE=1 -I'/usr/local/lib/R/site-library/cpp11/include' -I/usr/local/include   -fvisibility=hidden -fpic  -g -O2 -fstack-protector-strong -Wformat -Werror=format-security -Wdate-time -D_FORTIFY_SOURCE=2 -g  -c vendor/cigraph/vendor/plfit/kolmogorov.c -o vendor/cigraph/vendor/plfit/kolmogorov.o
gcc -std=gnu2x -I"/usr/local/lib/R/include" -DNDEBUG -DUSING_R -I. -Ivendor -Ivendor/cigraph/src -Ivendor/cigraph/include -Ivendor/cigraph/vendor -Ivendor/io/parsers  -I/usr/include/libxml2 -DHAVE_LIBXML -DNDEBUG -DNTIMER -DNPRINT -DIGRAPH_THREAD_LOCAL= -DPRPACK_IGRAPH_SUPPORT -DHAVE_GFORTRAN=1 -D_GNU_SOURCE=1 -I'/usr/local/lib/R/site-library/cpp11/include' -I/usr/local/include   -fvisibility=hidden -fpic  -g -O2 -fstack-protector-strong -Wformat -Werror=format-security -Wdate-time -D_FORTIFY_SOURCE=2 -g  -c vendor/cigraph/vendor/plfit/lbfgs.c -o vendor/cigraph/vendor/plfit/lbfgs.o
gcc -std=gnu2x -I"/usr/local/lib/R/include" -DNDEBUG -DUSING_R -I. -Ivendor -Ivendor/cigraph/src -Ivendor/cigraph/include -Ivendor/cigraph/vendor -Ivendor/io/parsers  -I/usr/include/libxml2 -DHAVE_LIBXML -DNDEBUG -DNTIMER -DNPRINT -DIGRAPH_THREAD_LOCAL= -DPRPACK_IGRAPH_SUPPORT -DHAVE_GFORTRAN=1 -D_GNU_SOURCE=1 -I'/usr/local/lib/R/site-library/cpp11/include' -I/usr/local/include   -fvisibility=hidden -fpic  -g -O2 -fstack-protector-strong -Wformat -Werror=format-security -Wdate-time -D_FORTIFY_SOURCE=2 -g  -c vendor/cigraph/vendor/plfit/mt.c -o vendor/cigraph/vendor/plfit/mt.o
gcc -std=gnu2x -I"/usr/local/lib/R/include" -DNDEBUG -DUSING_R -I. -Ivendor -Ivendor/cigraph/src -Ivendor/cigraph/include -Ivendor/cigraph/vendor -Ivendor/io/parsers  -I/usr/include/libxml2 -DHAVE_LIBXML -DNDEBUG -DNTIMER -DNPRINT -DIGRAPH_THREAD_LOCAL= -DPRPACK_IGRAPH_SUPPORT -DHAVE_GFORTRAN=1 -D_GNU_SOURCE=1 -I'/usr/local/lib/R/site-library/cpp11/include' -I/usr/local/include   -fvisibility=hidden -fpic  -g -O2 -fstack-protector-strong -Wformat -Werror=format-security -Wdate-time -D_FORTIFY_SOURCE=2 -g  -c vendor/cigraph/vendor/plfit/options.c -o vendor/cigraph/vendor/plfit/options.o
gcc -std=gnu2x -I"/usr/local/lib/R/include" -DNDEBUG -DUSING_R -I. -Ivendor -Ivendor/cigraph/src -Ivendor/cigraph/include -Ivendor/cigraph/vendor -Ivendor/io/parsers  -I/usr/include/libxml2 -DHAVE_LIBXML -DNDEBUG -DNTIMER -DNPRINT -DIGRAPH_THREAD_LOCAL= -DPRPACK_IGRAPH_SUPPORT -DHAVE_GFORTRAN=1 -D_GNU_SOURCE=1 -I'/usr/local/lib/R/site-library/cpp11/include' -I/usr/local/include   -fvisibility=hidden -fpic  -g -O2 -fstack-protector-strong -Wformat -Werror=format-security -Wdate-time -D_FORTIFY_SOURCE=2 -g  -c vendor/cigraph/vendor/plfit/platform.c -o vendor/cigraph/vendor/plfit/platform.o
gcc -std=gnu2x -I"/usr/local/lib/R/include" -DNDEBUG -DUSING_R -I. -Ivendor -Ivendor/cigraph/src -Ivendor/cigraph/include -Ivendor/cigraph/vendor -Ivendor/io/parsers  -I/usr/include/libxml2 -DHAVE_LIBXML -DNDEBUG -DNTIMER -DNPRINT -DIGRAPH_THREAD_LOCAL= -DPRPACK_IGRAPH_SUPPORT -DHAVE_GFORTRAN=1 -D_GNU_SOURCE=1 -I'/usr/local/lib/R/site-library/cpp11/include' -I/usr/local/include   -fvisibility=hidden -fpic  -g -O2 -fstack-protector-strong -Wformat -Werror=format-security -Wdate-time -D_FORTIFY_SOURCE=2 -g  -c vendor/cigraph/vendor/plfit/plfit.c -o vendor/cigraph/vendor/plfit/plfit.o
gcc -std=gnu2x -I"/usr/local/lib/R/include" -DNDEBUG -DUSING_R -I. -Ivendor -Ivendor/cigraph/src -Ivendor/cigraph/include -Ivendor/cigraph/vendor -Ivendor/io/parsers  -I/usr/include/libxml2 -DHAVE_LIBXML -DNDEBUG -DNTIMER -DNPRINT -DIGRAPH_THREAD_LOCAL= -DPRPACK_IGRAPH_SUPPORT -DHAVE_GFORTRAN=1 -D_GNU_SOURCE=1 -I'/usr/local/lib/R/site-library/cpp11/include' -I/usr/local/include   -fvisibility=hidden -fpic  -g -O2 -fstack-protector-strong -Wformat -Werror=format-security -Wdate-time -D_FORTIFY_SOURCE=2 -g  -c vendor/cigraph/vendor/plfit/plfit_error.c -o vendor/cigraph/vendor/plfit/plfit_error.o
gcc -std=gnu2x -I"/usr/local/lib/R/include" -DNDEBUG -DUSING_R -I. -Ivendor -Ivendor/cigraph/src -Ivendor/cigraph/include -Ivendor/cigraph/vendor -Ivendor/io/parsers  -I/usr/include/libxml2 -DHAVE_LIBXML -DNDEBUG -DNTIMER -DNPRINT -DIGRAPH_THREAD_LOCAL= -DPRPACK_IGRAPH_SUPPORT -DHAVE_GFORTRAN=1 -D_GNU_SOURCE=1 -I'/usr/local/lib/R/site-library/cpp11/include' -I/usr/local/include   -fvisibility=hidden -fpic  -g -O2 -fstack-protector-strong -Wformat -Werror=format-security -Wdate-time -D_FORTIFY_SOURCE=2 -g  -c vendor/cigraph/vendor/plfit/rbinom.c -o vendor/cigraph/vendor/plfit/rbinom.o
gcc -std=gnu2x -I"/usr/local/lib/R/include" -DNDEBUG -DUSING_R -I. -Ivendor -Ivendor/cigraph/src -Ivendor/cigraph/include -Ivendor/cigraph/vendor -Ivendor/io/parsers  -I/usr/include/libxml2 -DHAVE_LIBXML -DNDEBUG -DNTIMER -DNPRINT -DIGRAPH_THREAD_LOCAL= -DPRPACK_IGRAPH_SUPPORT -DHAVE_GFORTRAN=1 -D_GNU_SOURCE=1 -I'/usr/local/lib/R/site-library/cpp11/include' -I/usr/local/include   -fvisibility=hidden -fpic  -g -O2 -fstack-protector-strong -Wformat -Werror=format-security -Wdate-time -D_FORTIFY_SOURCE=2 -g  -c vendor/cigraph/vendor/plfit/sampling.c -o vendor/cigraph/vendor/plfit/sampling.o
gcc -std=gnu2x -I"/usr/local/lib/R/include" -DNDEBUG -DUSING_R -I. -Ivendor -Ivendor/cigraph/src -Ivendor/cigraph/include -Ivendor/cigraph/vendor -Ivendor/io/parsers  -I/usr/include/libxml2 -DHAVE_LIBXML -DNDEBUG -DNTIMER -DNPRINT -DIGRAPH_THREAD_LOCAL= -DPRPACK_IGRAPH_SUPPORT -DHAVE_GFORTRAN=1 -D_GNU_SOURCE=1 -I'/usr/local/lib/R/site-library/cpp11/include' -I/usr/local/include   -fvisibility=hidden -fpic  -g -O2 -fstack-protector-strong -Wformat -Werror=format-security -Wdate-time -D_FORTIFY_SOURCE=2 -g  -c vendor/io/dl-lexer.c -o vendor/io/dl-lexer.o
gcc -std=gnu2x -I"/usr/local/lib/R/include" -DNDEBUG -DUSING_R -I. -Ivendor -Ivendor/cigraph/src -Ivendor/cigraph/include -Ivendor/cigraph/vendor -Ivendor/io/parsers  -I/usr/include/libxml2 -DHAVE_LIBXML -DNDEBUG -DNTIMER -DNPRINT -DIGRAPH_THREAD_LOCAL= -DPRPACK_IGRAPH_SUPPORT -DHAVE_GFORTRAN=1 -D_GNU_SOURCE=1 -I'/usr/local/lib/R/site-library/cpp11/include' -I/usr/local/include   -fvisibility=hidden -fpic  -g -O2 -fstack-protector-strong -Wformat -Werror=format-security -Wdate-time -D_FORTIFY_SOURCE=2 -g  -c vendor/io/dl-parser.c -o vendor/io/dl-parser.o
gcc -std=gnu2x -I"/usr/local/lib/R/include" -DNDEBUG -DUSING_R -I. -Ivendor -Ivendor/cigraph/src -Ivendor/cigraph/include -Ivendor/cigraph/vendor -Ivendor/io/parsers  -I/usr/include/libxml2 -DHAVE_LIBXML -DNDEBUG -DNTIMER -DNPRINT -DIGRAPH_THREAD_LOCAL= -DPRPACK_IGRAPH_SUPPORT -DHAVE_GFORTRAN=1 -D_GNU_SOURCE=1 -I'/usr/local/lib/R/site-library/cpp11/include' -I/usr/local/include   -fvisibility=hidden -fpic  -g -O2 -fstack-protector-strong -Wformat -Werror=format-security -Wdate-time -D_FORTIFY_SOURCE=2 -g  -c vendor/io/gml-lexer.c -o vendor/io/gml-lexer.o
gcc -std=gnu2x -I"/usr/local/lib/R/include" -DNDEBUG -DUSING_R -I. -Ivendor -Ivendor/cigraph/src -Ivendor/cigraph/include -Ivendor/cigraph/vendor -Ivendor/io/parsers  -I/usr/include/libxml2 -DHAVE_LIBXML -DNDEBUG -DNTIMER -DNPRINT -DIGRAPH_THREAD_LOCAL= -DPRPACK_IGRAPH_SUPPORT -DHAVE_GFORTRAN=1 -D_GNU_SOURCE=1 -I'/usr/local/lib/R/site-library/cpp11/include' -I/usr/local/include   -fvisibility=hidden -fpic  -g -O2 -fstack-protector-strong -Wformat -Werror=format-security -Wdate-time -D_FORTIFY_SOURCE=2 -g  -c vendor/io/gml-parser.c -o vendor/io/gml-parser.o
gcc -std=gnu2x -I"/usr/local/lib/R/include" -DNDEBUG -DUSING_R -I. -Ivendor -Ivendor/cigraph/src -Ivendor/cigraph/include -Ivendor/cigraph/vendor -Ivendor/io/parsers  -I/usr/include/libxml2 -DHAVE_LIBXML -DNDEBUG -DNTIMER -DNPRINT -DIGRAPH_THREAD_LOCAL= -DPRPACK_IGRAPH_SUPPORT -DHAVE_GFORTRAN=1 -D_GNU_SOURCE=1 -I'/usr/local/lib/R/site-library/cpp11/include' -I/usr/local/include   -fvisibility=hidden -fpic  -g -O2 -fstack-protector-strong -Wformat -Werror=format-security -Wdate-time -D_FORTIFY_SOURCE=2 -g  -c vendor/io/lgl-lexer.c -o vendor/io/lgl-lexer.o
gcc -std=gnu2x -I"/usr/local/lib/R/include" -DNDEBUG -DUSING_R -I. -Ivendor -Ivendor/cigraph/src -Ivendor/cigraph/include -Ivendor/cigraph/vendor -Ivendor/io/parsers  -I/usr/include/libxml2 -DHAVE_LIBXML -DNDEBUG -DNTIMER -DNPRINT -DIGRAPH_THREAD_LOCAL= -DPRPACK_IGRAPH_SUPPORT -DHAVE_GFORTRAN=1 -D_GNU_SOURCE=1 -I'/usr/local/lib/R/site-library/cpp11/include' -I/usr/local/include   -fvisibility=hidden -fpic  -g -O2 -fstack-protector-strong -Wformat -Werror=format-security -Wdate-time -D_FORTIFY_SOURCE=2 -g  -c vendor/io/lgl-parser.c -o vendor/io/lgl-parser.o
gcc -std=gnu2x -I"/usr/local/lib/R/include" -DNDEBUG -DUSING_R -I. -Ivendor -Ivendor/cigraph/src -Ivendor/cigraph/include -Ivendor/cigraph/vendor -Ivendor/io/parsers  -I/usr/include/libxml2 -DHAVE_LIBXML -DNDEBUG -DNTIMER -DNPRINT -DIGRAPH_THREAD_LOCAL= -DPRPACK_IGRAPH_SUPPORT -DHAVE_GFORTRAN=1 -D_GNU_SOURCE=1 -I'/usr/local/lib/R/site-library/cpp11/include' -I/usr/local/include   -fvisibility=hidden -fpic  -g -O2 -fstack-protector-strong -Wformat -Werror=format-security -Wdate-time -D_FORTIFY_SOURCE=2 -g  -c vendor/io/ncol-lexer.c -o vendor/io/ncol-lexer.o
gcc -std=gnu2x -I"/usr/local/lib/R/include" -DNDEBUG -DUSING_R -I. -Ivendor -Ivendor/cigraph/src -Ivendor/cigraph/include -Ivendor/cigraph/vendor -Ivendor/io/parsers  -I/usr/include/libxml2 -DHAVE_LIBXML -DNDEBUG -DNTIMER -DNPRINT -DIGRAPH_THREAD_LOCAL= -DPRPACK_IGRAPH_SUPPORT -DHAVE_GFORTRAN=1 -D_GNU_SOURCE=1 -I'/usr/local/lib/R/site-library/cpp11/include' -I/usr/local/include   -fvisibility=hidden -fpic  -g -O2 -fstack-protector-strong -Wformat -Werror=format-security -Wdate-time -D_FORTIFY_SOURCE=2 -g  -c vendor/io/ncol-parser.c -o vendor/io/ncol-parser.o
gcc -std=gnu2x -I"/usr/local/lib/R/include" -DNDEBUG -DUSING_R -I. -Ivendor -Ivendor/cigraph/src -Ivendor/cigraph/include -Ivendor/cigraph/vendor -Ivendor/io/parsers  -I/usr/include/libxml2 -DHAVE_LIBXML -DNDEBUG -DNTIMER -DNPRINT -DIGRAPH_THREAD_LOCAL= -DPRPACK_IGRAPH_SUPPORT -DHAVE_GFORTRAN=1 -D_GNU_SOURCE=1 -I'/usr/local/lib/R/site-library/cpp11/include' -I/usr/local/include   -fvisibility=hidden -fpic  -g -O2 -fstack-protector-strong -Wformat -Werror=format-security -Wdate-time -D_FORTIFY_SOURCE=2 -g  -c vendor/io/pajek-lexer.c -o vendor/io/pajek-lexer.o
gcc -std=gnu2x -I"/usr/local/lib/R/include" -DNDEBUG -DUSING_R -I. -Ivendor -Ivendor/cigraph/src -Ivendor/cigraph/include -Ivendor/cigraph/vendor -Ivendor/io/parsers  -I/usr/include/libxml2 -DHAVE_LIBXML -DNDEBUG -DNTIMER -DNPRINT -DIGRAPH_THREAD_LOCAL= -DPRPACK_IGRAPH_SUPPORT -DHAVE_GFORTRAN=1 -D_GNU_SOURCE=1 -I'/usr/local/lib/R/site-library/cpp11/include' -I/usr/local/include   -fvisibility=hidden -fpic  -g -O2 -fstack-protector-strong -Wformat -Werror=format-security -Wdate-time -D_FORTIFY_SOURCE=2 -g  -c vendor/io/pajek-parser.c -o vendor/io/pajek-parser.o
g++ -std=gnu++17 -I"/usr/local/lib/R/include" -DNDEBUG -DUSING_R -I. -Ivendor -Ivendor/cigraph/src -Ivendor/cigraph/include -Ivendor/cigraph/vendor -Ivendor/io/parsers  -I/usr/include/libxml2 -DHAVE_LIBXML -DNDEBUG -DNTIMER -DNPRINT -DIGRAPH_THREAD_LOCAL= -DPRPACK_IGRAPH_SUPPORT -DHAVE_GFORTRAN=1 -D_GNU_SOURCE=1 -I'/usr/local/lib/R/site-library/cpp11/include' -I/usr/local/include   -fvisibility=hidden -fpic  -g -O2 -fstack-protector-strong -Wformat -Werror=format-security -Wdate-time -D_FORTIFY_SOURCE=2 -g   -c vendor/simpleraytracer/Color.cpp -o vendor/simpleraytracer/Color.o
g++ -std=gnu++17 -I"/usr/local/lib/R/include" -DNDEBUG -DUSING_R -I. -Ivendor -Ivendor/cigraph/src -Ivendor/cigraph/include -Ivendor/cigraph/vendor -Ivendor/io/parsers  -I/usr/include/libxml2 -DHAVE_LIBXML -DNDEBUG -DNTIMER -DNPRINT -DIGRAPH_THREAD_LOCAL= -DPRPACK_IGRAPH_SUPPORT -DHAVE_GFORTRAN=1 -D_GNU_SOURCE=1 -I'/usr/local/lib/R/site-library/cpp11/include' -I/usr/local/include   -fvisibility=hidden -fpic  -g -O2 -fstack-protector-strong -Wformat -Werror=format-security -Wdate-time -D_FORTIFY_SOURCE=2 -g   -c vendor/simpleraytracer/Light.cpp -o vendor/simpleraytracer/Light.o
g++ -std=gnu++17 -I"/usr/local/lib/R/include" -DNDEBUG -DUSING_R -I. -Ivendor -Ivendor/cigraph/src -Ivendor/cigraph/include -Ivendor/cigraph/vendor -Ivendor/io/parsers  -I/usr/include/libxml2 -DHAVE_LIBXML -DNDEBUG -DNTIMER -DNPRINT -DIGRAPH_THREAD_LOCAL= -DPRPACK_IGRAPH_SUPPORT -DHAVE_GFORTRAN=1 -D_GNU_SOURCE=1 -I'/usr/local/lib/R/site-library/cpp11/include' -I/usr/local/include   -fvisibility=hidden -fpic  -g -O2 -fstack-protector-strong -Wformat -Werror=format-security -Wdate-time -D_FORTIFY_SOURCE=2 -g   -c vendor/simpleraytracer/Point.cpp -o vendor/simpleraytracer/Point.o
g++ -std=gnu++17 -I"/usr/local/lib/R/include" -DNDEBUG -DUSING_R -I. -Ivendor -Ivendor/cigraph/src -Ivendor/cigraph/include -Ivendor/cigraph/vendor -Ivendor/io/parsers  -I/usr/include/libxml2 -DHAVE_LIBXML -DNDEBUG -DNTIMER -DNPRINT -DIGRAPH_THREAD_LOCAL= -DPRPACK_IGRAPH_SUPPORT -DHAVE_GFORTRAN=1 -D_GNU_SOURCE=1 -I'/usr/local/lib/R/site-library/cpp11/include' -I/usr/local/include   -fvisibility=hidden -fpic  -g -O2 -fstack-protector-strong -Wformat -Werror=format-security -Wdate-time -D_FORTIFY_SOURCE=2 -g   -c vendor/simpleraytracer/Ray.cpp -o vendor/simpleraytracer/Ray.o
g++ -std=gnu++17 -I"/usr/local/lib/R/include" -DNDEBUG -DUSING_R -I. -Ivendor -Ivendor/cigraph/src -Ivendor/cigraph/include -Ivendor/cigraph/vendor -Ivendor/io/parsers  -I/usr/include/libxml2 -DHAVE_LIBXML -DNDEBUG -DNTIMER -DNPRINT -DIGRAPH_THREAD_LOCAL= -DPRPACK_IGRAPH_SUPPORT -DHAVE_GFORTRAN=1 -D_GNU_SOURCE=1 -I'/usr/local/lib/R/site-library/cpp11/include' -I/usr/local/include   -fvisibility=hidden -fpic  -g -O2 -fstack-protector-strong -Wformat -Werror=format-security -Wdate-time -D_FORTIFY_SOURCE=2 -g   -c vendor/simpleraytracer/RayTracer.cpp -o vendor/simpleraytracer/RayTracer.o
g++ -std=gnu++17 -I"/usr/local/lib/R/include" -DNDEBUG -DUSING_R -I. -Ivendor -Ivendor/cigraph/src -Ivendor/cigraph/include -Ivendor/cigraph/vendor -Ivendor/io/parsers  -I/usr/include/libxml2 -DHAVE_LIBXML -DNDEBUG -DNTIMER -DNPRINT -DIGRAPH_THREAD_LOCAL= -DPRPACK_IGRAPH_SUPPORT -DHAVE_GFORTRAN=1 -D_GNU_SOURCE=1 -I'/usr/local/lib/R/site-library/cpp11/include' -I/usr/local/include   -fvisibility=hidden -fpic  -g -O2 -fstack-protector-strong -Wformat -Werror=format-security -Wdate-time -D_FORTIFY_SOURCE=2 -g   -c vendor/simpleraytracer/RayVector.cpp -o vendor/simpleraytracer/RayVector.o
g++ -std=gnu++17 -I"/usr/local/lib/R/include" -DNDEBUG -DUSING_R -I. -Ivendor -Ivendor/cigraph/src -Ivendor/cigraph/include -Ivendor/cigraph/vendor -Ivendor/io/parsers  -I/usr/include/libxml2 -DHAVE_LIBXML -DNDEBUG -DNTIMER -DNPRINT -DIGRAPH_THREAD_LOCAL= -DPRPACK_IGRAPH_SUPPORT -DHAVE_GFORTRAN=1 -D_GNU_SOURCE=1 -I'/usr/local/lib/R/site-library/cpp11/include' -I/usr/local/include   -fvisibility=hidden -fpic  -g -O2 -fstack-protector-strong -Wformat -Werror=format-security -Wdate-time -D_FORTIFY_SOURCE=2 -g   -c vendor/simpleraytracer/Shape.cpp -o vendor/simpleraytracer/Shape.o
g++ -std=gnu++17 -I"/usr/local/lib/R/include" -DNDEBUG -DUSING_R -I. -Ivendor -Ivendor/cigraph/src -Ivendor/cigraph/include -Ivendor/cigraph/vendor -Ivendor/io/parsers  -I/usr/include/libxml2 -DHAVE_LIBXML -DNDEBUG -DNTIMER -DNPRINT -DIGRAPH_THREAD_LOCAL= -DPRPACK_IGRAPH_SUPPORT -DHAVE_GFORTRAN=1 -D_GNU_SOURCE=1 -I'/usr/local/lib/R/site-library/cpp11/include' -I/usr/local/include   -fvisibility=hidden -fpic  -g -O2 -fstack-protector-strong -Wformat -Werror=format-security -Wdate-time -D_FORTIFY_SOURCE=2 -g   -c vendor/simpleraytracer/Sphere.cpp -o vendor/simpleraytracer/Sphere.o
g++ -std=gnu++17 -I"/usr/local/lib/R/include" -DNDEBUG -DUSING_R -I. -Ivendor -Ivendor/cigraph/src -Ivendor/cigraph/include -Ivendor/cigraph/vendor -Ivendor/io/parsers  -I/usr/include/libxml2 -DHAVE_LIBXML -DNDEBUG -DNTIMER -DNPRINT -DIGRAPH_THREAD_LOCAL= -DPRPACK_IGRAPH_SUPPORT -DHAVE_GFORTRAN=1 -D_GNU_SOURCE=1 -I'/usr/local/lib/R/site-library/cpp11/include' -I/usr/local/include   -fvisibility=hidden -fpic  -g -O2 -fstack-protector-strong -Wformat -Werror=format-security -Wdate-time -D_FORTIFY_SOURCE=2 -g   -c vendor/simpleraytracer/Triangle.cpp -o vendor/simpleraytracer/Triangle.o
g++ -std=gnu++17 -I"/usr/local/lib/R/include" -DNDEBUG -DUSING_R -I. -Ivendor -Ivendor/cigraph/src -Ivendor/cigraph/include -Ivendor/cigraph/vendor -Ivendor/io/parsers  -I/usr/include/libxml2 -DHAVE_LIBXML -DNDEBUG -DNTIMER -DNPRINT -DIGRAPH_THREAD_LOCAL= -DPRPACK_IGRAPH_SUPPORT -DHAVE_GFORTRAN=1 -D_GNU_SOURCE=1 -I'/usr/local/lib/R/site-library/cpp11/include' -I/usr/local/include   -fvisibility=hidden -fpic  -g -O2 -fstack-protector-strong -Wformat -Werror=format-security -Wdate-time -D_FORTIFY_SOURCE=2 -g   -c vendor/simpleraytracer/unit_limiter.cpp -o vendor/simpleraytracer/unit_limiter.o
gcc -std=gnu2x -I"/usr/local/lib/R/include" -DNDEBUG -DUSING_R -I. -Ivendor -Ivendor/cigraph/src -Ivendor/cigraph/include -Ivendor/cigraph/vendor -Ivendor/io/parsers  -I/usr/include/libxml2 -DHAVE_LIBXML -DNDEBUG -DNTIMER -DNPRINT -DIGRAPH_THREAD_LOCAL= -DPRPACK_IGRAPH_SUPPORT -DHAVE_GFORTRAN=1 -D_GNU_SOURCE=1 -I'/usr/local/lib/R/site-library/cpp11/include' -I/usr/local/include   -fvisibility=hidden -fpic  -g -O2 -fstack-protector-strong -Wformat -Werror=format-security -Wdate-time -D_FORTIFY_SOURCE=2 -g  -c vendor/uuid/R.c -o vendor/uuid/R.o
gcc -std=gnu2x -I"/usr/local/lib/R/include" -DNDEBUG -DUSING_R -I. -Ivendor -Ivendor/cigraph/src -Ivendor/cigraph/include -Ivendor/cigraph/vendor -Ivendor/io/parsers  -I/usr/include/libxml2 -DHAVE_LIBXML -DNDEBUG -DNTIMER -DNPRINT -DIGRAPH_THREAD_LOCAL= -DPRPACK_IGRAPH_SUPPORT -DHAVE_GFORTRAN=1 -D_GNU_SOURCE=1 -I'/usr/local/lib/R/site-library/cpp11/include' -I/usr/local/include   -fvisibility=hidden -fpic  -g -O2 -fstack-protector-strong -Wformat -Werror=format-security -Wdate-time -D_FORTIFY_SOURCE=2 -g  -c vendor/uuid/clear.c -o vendor/uuid/clear.o
gcc -std=gnu2x -I"/usr/local/lib/R/include" -DNDEBUG -DUSING_R -I. -Ivendor -Ivendor/cigraph/src -Ivendor/cigraph/include -Ivendor/cigraph/vendor -Ivendor/io/parsers  -I/usr/include/libxml2 -DHAVE_LIBXML -DNDEBUG -DNTIMER -DNPRINT -DIGRAPH_THREAD_LOCAL= -DPRPACK_IGRAPH_SUPPORT -DHAVE_GFORTRAN=1 -D_GNU_SOURCE=1 -I'/usr/local/lib/R/site-library/cpp11/include' -I/usr/local/include   -fvisibility=hidden -fpic  -g -O2 -fstack-protector-strong -Wformat -Werror=format-security -Wdate-time -D_FORTIFY_SOURCE=2 -g  -c vendor/uuid/compare.c -o vendor/uuid/compare.o
gcc -std=gnu2x -I"/usr/local/lib/R/include" -DNDEBUG -DUSING_R -I. -Ivendor -Ivendor/cigraph/src -Ivendor/cigraph/include -Ivendor/cigraph/vendor -Ivendor/io/parsers  -I/usr/include/libxml2 -DHAVE_LIBXML -DNDEBUG -DNTIMER -DNPRINT -DIGRAPH_THREAD_LOCAL= -DPRPACK_IGRAPH_SUPPORT -DHAVE_GFORTRAN=1 -D_GNU_SOURCE=1 -I'/usr/local/lib/R/site-library/cpp11/include' -I/usr/local/include   -fvisibility=hidden -fpic  -g -O2 -fstack-protector-strong -Wformat -Werror=format-security -Wdate-time -D_FORTIFY_SOURCE=2 -g  -c vendor/uuid/copy.c -o vendor/uuid/copy.o
gcc -std=gnu2x -I"/usr/local/lib/R/include" -DNDEBUG -DUSING_R -I. -Ivendor -Ivendor/cigraph/src -Ivendor/cigraph/include -Ivendor/cigraph/vendor -Ivendor/io/parsers  -I/usr/include/libxml2 -DHAVE_LIBXML -DNDEBUG -DNTIMER -DNPRINT -DIGRAPH_THREAD_LOCAL= -DPRPACK_IGRAPH_SUPPORT -DHAVE_GFORTRAN=1 -D_GNU_SOURCE=1 -I'/usr/local/lib/R/site-library/cpp11/include' -I/usr/local/include   -fvisibility=hidden -fpic  -g -O2 -fstack-protector-strong -Wformat -Werror=format-security -Wdate-time -D_FORTIFY_SOURCE=2 -g  -c vendor/uuid/gen_uuid.c -o vendor/uuid/gen_uuid.o
gcc -std=gnu2x -I"/usr/local/lib/R/include" -DNDEBUG -DUSING_R -I. -Ivendor -Ivendor/cigraph/src -Ivendor/cigraph/include -Ivendor/cigraph/vendor -Ivendor/io/parsers  -I/usr/include/libxml2 -DHAVE_LIBXML -DNDEBUG -DNTIMER -DNPRINT -DIGRAPH_THREAD_LOCAL= -DPRPACK_IGRAPH_SUPPORT -DHAVE_GFORTRAN=1 -D_GNU_SOURCE=1 -I'/usr/local/lib/R/site-library/cpp11/include' -I/usr/local/include   -fvisibility=hidden -fpic  -g -O2 -fstack-protector-strong -Wformat -Werror=format-security -Wdate-time -D_FORTIFY_SOURCE=2 -g  -c vendor/uuid/isnull.c -o vendor/uuid/isnull.o
gcc -std=gnu2x -I"/usr/local/lib/R/include" -DNDEBUG -DUSING_R -I. -Ivendor -Ivendor/cigraph/src -Ivendor/cigraph/include -Ivendor/cigraph/vendor -Ivendor/io/parsers  -I/usr/include/libxml2 -DHAVE_LIBXML -DNDEBUG -DNTIMER -DNPRINT -DIGRAPH_THREAD_LOCAL= -DPRPACK_IGRAPH_SUPPORT -DHAVE_GFORTRAN=1 -D_GNU_SOURCE=1 -I'/usr/local/lib/R/site-library/cpp11/include' -I/usr/local/include   -fvisibility=hidden -fpic  -g -O2 -fstack-protector-strong -Wformat -Werror=format-security -Wdate-time -D_FORTIFY_SOURCE=2 -g  -c vendor/uuid/pack.c -o vendor/uuid/pack.o
gcc -std=gnu2x -I"/usr/local/lib/R/include" -DNDEBUG -DUSING_R -I. -Ivendor -Ivendor/cigraph/src -Ivendor/cigraph/include -Ivendor/cigraph/vendor -Ivendor/io/parsers  -I/usr/include/libxml2 -DHAVE_LIBXML -DNDEBUG -DNTIMER -DNPRINT -DIGRAPH_THREAD_LOCAL= -DPRPACK_IGRAPH_SUPPORT -DHAVE_GFORTRAN=1 -D_GNU_SOURCE=1 -I'/usr/local/lib/R/site-library/cpp11/include' -I/usr/local/include   -fvisibility=hidden -fpic  -g -O2 -fstack-protector-strong -Wformat -Werror=format-security -Wdate-time -D_FORTIFY_SOURCE=2 -g  -c vendor/uuid/parse.c -o vendor/uuid/parse.o
gcc -std=gnu2x -I"/usr/local/lib/R/include" -DNDEBUG -DUSING_R -I. -Ivendor -Ivendor/cigraph/src -Ivendor/cigraph/include -Ivendor/cigraph/vendor -Ivendor/io/parsers  -I/usr/include/libxml2 -DHAVE_LIBXML -DNDEBUG -DNTIMER -DNPRINT -DIGRAPH_THREAD_LOCAL= -DPRPACK_IGRAPH_SUPPORT -DHAVE_GFORTRAN=1 -D_GNU_SOURCE=1 -I'/usr/local/lib/R/site-library/cpp11/include' -I/usr/local/include   -fvisibility=hidden -fpic  -g -O2 -fstack-protector-strong -Wformat -Werror=format-security -Wdate-time -D_FORTIFY_SOURCE=2 -g  -c vendor/uuid/unpack.c -o vendor/uuid/unpack.o
gcc -std=gnu2x -I"/usr/local/lib/R/include" -DNDEBUG -DUSING_R -I. -Ivendor -Ivendor/cigraph/src -Ivendor/cigraph/include -Ivendor/cigraph/vendor -Ivendor/io/parsers  -I/usr/include/libxml2 -DHAVE_LIBXML -DNDEBUG -DNTIMER -DNPRINT -DIGRAPH_THREAD_LOCAL= -DPRPACK_IGRAPH_SUPPORT -DHAVE_GFORTRAN=1 -D_GNU_SOURCE=1 -I'/usr/local/lib/R/site-library/cpp11/include' -I/usr/local/include   -fvisibility=hidden -fpic  -g -O2 -fstack-protector-strong -Wformat -Werror=format-security -Wdate-time -D_FORTIFY_SOURCE=2 -g  -c vendor/uuid/unparse.c -o vendor/uuid/unparse.o
gcc -std=gnu2x -I"/usr/local/lib/R/include" -DNDEBUG -DUSING_R -I. -Ivendor -Ivendor/cigraph/src -Ivendor/cigraph/include -Ivendor/cigraph/vendor -Ivendor/io/parsers  -I/usr/include/libxml2 -DHAVE_LIBXML -DNDEBUG -DNTIMER -DNPRINT -DIGRAPH_THREAD_LOCAL= -DPRPACK_IGRAPH_SUPPORT -DHAVE_GFORTRAN=1 -D_GNU_SOURCE=1 -I'/usr/local/lib/R/site-library/cpp11/include' -I/usr/local/include   -fvisibility=hidden -fpic  -g -O2 -fstack-protector-strong -Wformat -Werror=format-security -Wdate-time -D_FORTIFY_SOURCE=2 -g  -c vendor/cigraph/vendor/mini-gmp/mini-gmp.c -o vendor/cigraph/vendor/mini-gmp/mini-gmp.o
g++ -std=gnu++17 -shared -L/usr/local/lib/R/lib -L/usr/local/lib -o igraph.so cpp11.o cpprinterface.o init.o rinterface.o rinterface_extra.o rrandom.o simpleraytracer.o vendor/arpack/dgetv0.o vendor/arpack/dlaqrb.o vendor/arpack/dmout.o vendor/arpack/dnaitr.o vendor/arpack/dnapps.o vendor/arpack/dnaup2.o vendor/arpack/dnaupd.o vendor/arpack/dnconv.o vendor/arpack/dneigh.o vendor/arpack/dneupd.o vendor/arpack/dngets.o vendor/arpack/dsaitr.o vendor/arpack/dsapps.o vendor/arpack/dsaup2.o vendor/arpack/dsaupd.o vendor/arpack/dsconv.o vendor/arpack/dseigt.o vendor/arpack/dsesrt.o vendor/arpack/dseupd.o vendor/arpack/dsgets.o vendor/arpack/dsortc.o vendor/arpack/dsortr.o vendor/arpack/dstatn.o vendor/arpack/dstats.o vendor/arpack/dstqrb.o vendor/arpack/dvout.o vendor/arpack/ivout.o vendor/arpack/second.o vendor/arpack/wrap.o vendor/cigraph/src/centrality/betweenness.o vendor/cigraph/src/centrality/centrality_other.o vendor/cigraph/src/centrality/centralization.o vendor/cigraph/src/centrality/closeness.o vendor/cigraph/src/centrality/coreness.o vendor/cigraph/src/centrality/eigenvector.o vendor/cigraph/src/centrality/hub_authority.o vendor/cigraph/src/centrality/pagerank.o vendor/cigraph/src/centrality/prpack.o vendor/cigraph/src/centrality/prpack/prpack_base_graph.o vendor/cigraph/src/centrality/prpack/prpack_igraph_graph.o vendor/cigraph/src/centrality/prpack/prpack_preprocessed_ge_graph.o vendor/cigraph/src/centrality/prpack/prpack_preprocessed_gs_graph.o vendor/cigraph/src/centrality/prpack/prpack_preprocessed_scc_graph.o vendor/cigraph/src/centrality/prpack/prpack_preprocessed_schur_graph.o vendor/cigraph/src/centrality/prpack/prpack_result.o vendor/cigraph/src/centrality/prpack/prpack_solver.o vendor/cigraph/src/centrality/prpack/prpack_utils.o vendor/cigraph/src/centrality/truss.o vendor/cigraph/src/cliques/cliquer/cliquer.o vendor/cigraph/src/cliques/cliquer/cliquer_graph.o vendor/cigraph/src/cliques/cliquer/reorder.o vendor/cigraph/src/cliques/cliquer_wrapper.o vendor/cigraph/src/cliques/cliques.o vendor/cigraph/src/cliques/glet.o vendor/cigraph/src/cliques/maximal_cliques.o vendor/cigraph/src/community/community_misc.o vendor/cigraph/src/community/edge_betweenness.o vendor/cigraph/src/community/fast_modularity.o vendor/cigraph/src/community/fluid.o vendor/cigraph/src/community/infomap/infomap.o vendor/cigraph/src/community/infomap/infomap_FlowGraph.o vendor/cigraph/src/community/infomap/infomap_Greedy.o vendor/cigraph/src/community/label_propagation.o vendor/cigraph/src/community/leading_eigenvector.o vendor/cigraph/src/community/leiden.o vendor/cigraph/src/community/louvain.o vendor/cigraph/src/community/modularity.o vendor/cigraph/src/community/optimal_modularity.o vendor/cigraph/src/community/spinglass/NetDataTypes.o vendor/cigraph/src/community/spinglass/NetRoutines.o vendor/cigraph/src/community/spinglass/clustertool.o vendor/cigraph/src/community/spinglass/pottsmodel_2.o vendor/cigraph/src/community/voronoi.o vendor/cigraph/src/community/walktrap/walktrap.o vendor/cigraph/src/community/walktrap/walktrap_communities.o vendor/cigraph/src/community/walktrap/walktrap_graph.o vendor/cigraph/src/community/walktrap/walktrap_heap.o vendor/cigraph/src/connectivity/cohesive_blocks.o vendor/cigraph/src/connectivity/components.o vendor/cigraph/src/connectivity/reachability.o vendor/cigraph/src/connectivity/separators.o vendor/cigraph/src/constructors/adjacency.o vendor/cigraph/src/constructors/atlas.o vendor/cigraph/src/constructors/basic_constructors.o vendor/cigraph/src/constructors/circulant.o vendor/cigraph/src/constructors/de_bruijn.o vendor/cigraph/src/constructors/famous.o vendor/cigraph/src/constructors/full.o vendor/cigraph/src/constructors/generalized_petersen.o vendor/cigraph/src/constructors/kautz.o vendor/cigraph/src/constructors/lattices.o vendor/cigraph/src/constructors/lcf.o vendor/cigraph/src/constructors/linegraph.o vendor/cigraph/src/constructors/prufer.o vendor/cigraph/src/constructors/regular.o vendor/cigraph/src/constructors/trees.o vendor/cigraph/src/core/array.o vendor/cigraph/src/core/bitset.o vendor/cigraph/src/core/bitset_list.o vendor/cigraph/src/core/buckets.o vendor/cigraph/src/core/cutheap.o vendor/cigraph/src/core/dqueue.o vendor/cigraph/src/core/error.o vendor/cigraph/src/core/estack.o vendor/cigraph/src/core/fixed_vectorlist.o vendor/cigraph/src/core/genheap.o vendor/cigraph/src/core/grid.o vendor/cigraph/src/core/heap.o vendor/cigraph/src/core/indheap.o vendor/cigraph/src/core/interruption.o vendor/cigraph/src/core/marked_queue.o vendor/cigraph/src/core/matrix.o vendor/cigraph/src/core/matrix_list.o vendor/cigraph/src/core/memory.o vendor/cigraph/src/core/printing.o vendor/cigraph/src/core/progress.o vendor/cigraph/src/core/psumtree.o vendor/cigraph/src/core/set.o vendor/cigraph/src/core/sparsemat.o vendor/cigraph/src/core/stack.o vendor/cigraph/src/core/statusbar.o vendor/cigraph/src/core/strvector.o vendor/cigraph/src/core/trie.o vendor/cigraph/src/core/vector.o vendor/cigraph/src/core/vector_list.o vendor/cigraph/src/core/vector_ptr.o vendor/cigraph/src/flow/flow.o vendor/cigraph/src/flow/flow_conversion.o vendor/cigraph/src/flow/st-cuts.o vendor/cigraph/src/games/barabasi.o vendor/cigraph/src/games/callaway_traits.o vendor/cigraph/src/games/chung_lu.o vendor/cigraph/src/games/citations.o vendor/cigraph/src/games/correlated.o vendor/cigraph/src/games/degree_sequence.o vendor/cigraph/src/games/degree_sequence_vl/gengraph_degree_sequence.o vendor/cigraph/src/games/degree_sequence_vl/gengraph_graph_molloy_hash.o vendor/cigraph/src/games/degree_sequence_vl/gengraph_graph_molloy_optimized.o vendor/cigraph/src/games/degree_sequence_vl/gengraph_mr-connected.o vendor/cigraph/src/games/degree_sequence_vl/gengraph_random.o vendor/cigraph/src/games/dotproduct.o vendor/cigraph/src/games/erdos_renyi.o vendor/cigraph/src/games/establishment.o vendor/cigraph/src/games/forestfire.o vendor/cigraph/src/games/grg.o vendor/cigraph/src/games/growing_random.o vendor/cigraph/src/games/islands.o vendor/cigraph/src/games/k_regular.o vendor/cigraph/src/games/preference.o vendor/cigraph/src/games/recent_degree.o vendor/cigraph/src/games/sbm.o vendor/cigraph/src/games/static_fitness.o vendor/cigraph/src/games/tree.o vendor/cigraph/src/games/watts_strogatz.o vendor/cigraph/src/graph/adjlist.o vendor/cigraph/src/graph/attributes.o vendor/cigraph/src/graph/basic_query.o vendor/cigraph/src/graph/caching.o vendor/cigraph/src/graph/cattributes.o vendor/cigraph/src/graph/graph_list.o vendor/cigraph/src/graph/iterators.o vendor/cigraph/src/graph/type_common.o vendor/cigraph/src/graph/type_indexededgelist.o vendor/cigraph/src/graph/visitors.o vendor/cigraph/src/hrg/hrg.o vendor/cigraph/src/hrg/hrg_types.o vendor/cigraph/src/internal/glpk_support.o vendor/cigraph/src/internal/hacks.o vendor/cigraph/src/internal/lsap.o vendor/cigraph/src/internal/qsort.o vendor/cigraph/src/internal/qsort_r.o vendor/cigraph/src/internal/utils.o vendor/cigraph/src/internal/zeroin.o vendor/cigraph/src/io/dimacs.o vendor/cigraph/src/io/dl.o vendor/cigraph/src/io/dot.o vendor/cigraph/src/io/edgelist.o vendor/cigraph/src/io/gml-tree.o vendor/cigraph/src/io/gml.o vendor/cigraph/src/io/graphdb.o vendor/cigraph/src/io/graphml.o vendor/cigraph/src/io/leda.o vendor/cigraph/src/io/lgl.o vendor/cigraph/src/io/ncol.o vendor/cigraph/src/io/pajek.o vendor/cigraph/src/io/parse_utils.o vendor/cigraph/src/isomorphism/bliss.o vendor/cigraph/src/isomorphism/bliss/defs.o vendor/cigraph/src/isomorphism/bliss/graph.o vendor/cigraph/src/isomorphism/bliss/heap.o vendor/cigraph/src/isomorphism/bliss/orbit.o vendor/cigraph/src/isomorphism/bliss/partition.o vendor/cigraph/src/isomorphism/bliss/uintseqhash.o vendor/cigraph/src/isomorphism/bliss/utils.o vendor/cigraph/src/isomorphism/isoclasses.o vendor/cigraph/src/isomorphism/isomorphism_misc.o vendor/cigraph/src/isomorphism/lad.o vendor/cigraph/src/isomorphism/queries.o vendor/cigraph/src/isomorphism/vf2.o vendor/cigraph/src/layout/circular.o vendor/cigraph/src/layout/davidson_harel.o vendor/cigraph/src/layout/drl/DensityGrid.o vendor/cigraph/src/layout/drl/DensityGrid_3d.o vendor/cigraph/src/layout/drl/drl_graph.o vendor/cigraph/src/layout/drl/drl_graph_3d.o vendor/cigraph/src/layout/drl/drl_layout.o vendor/cigraph/src/layout/drl/drl_layout_3d.o vendor/cigraph/src/layout/drl/drl_parse.o vendor/cigraph/src/layout/fruchterman_reingold.o vendor/cigraph/src/layout/gem.o vendor/cigraph/src/layout/graphopt.o vendor/cigraph/src/layout/kamada_kawai.o vendor/cigraph/src/layout/large_graph.o vendor/cigraph/src/layout/layout_bipartite.o vendor/cigraph/src/layout/layout_grid.o vendor/cigraph/src/layout/layout_random.o vendor/cigraph/src/layout/mds.o vendor/cigraph/src/layout/merge_dla.o vendor/cigraph/src/layout/merge_grid.o vendor/cigraph/src/layout/reingold_tilford.o vendor/cigraph/src/layout/sugiyama.o vendor/cigraph/src/layout/umap.o vendor/cigraph/src/linalg/arpack.o vendor/cigraph/src/linalg/blas.o vendor/cigraph/src/linalg/eigen.o vendor/cigraph/src/linalg/lapack.o vendor/cigraph/src/math/complex.o vendor/cigraph/src/math/safe_intop.o vendor/cigraph/src/math/utils.o vendor/cigraph/src/misc/bipartite.o vendor/cigraph/src/misc/chordality.o vendor/cigraph/src/misc/cocitation.o vendor/cigraph/src/misc/coloring.o vendor/cigraph/src/misc/conversion.o vendor/cigraph/src/misc/cycle_bases.o vendor/cigraph/src/misc/degree_sequence.o vendor/cigraph/src/misc/embedding.o vendor/cigraph/src/misc/feedback_arc_set.o vendor/cigraph/src/misc/graphicality.o vendor/cigraph/src/misc/matching.o vendor/cigraph/src/misc/microscopic_update.o vendor/cigraph/src/misc/mixing.o vendor/cigraph/src/misc/motifs.o vendor/cigraph/src/misc/order_cycle.o vendor/cigraph/src/misc/other.o vendor/cigraph/src/misc/power_law_fit.o vendor/cigraph/src/misc/scan.o vendor/cigraph/src/misc/sir.o vendor/cigraph/src/misc/spanning_trees.o vendor/cigraph/src/operators/add_edge.o vendor/cigraph/src/operators/complementer.o vendor/cigraph/src/operators/compose.o vendor/cigraph/src/operators/connect_neighborhood.o vendor/cigraph/src/operators/contract.o vendor/cigraph/src/operators/difference.o vendor/cigraph/src/operators/disjoint_union.o vendor/cigraph/src/operators/intersection.o vendor/cigraph/src/operators/join.o vendor/cigraph/src/operators/misc_internal.o vendor/cigraph/src/operators/permute.o vendor/cigraph/src/operators/reverse.o vendor/cigraph/src/operators/rewire.o vendor/cigraph/src/operators/rewire_edges.o vendor/cigraph/src/operators/simplify.o vendor/cigraph/src/operators/subgraph.o vendor/cigraph/src/operators/union.o vendor/cigraph/src/paths/all_shortest_paths.o vendor/cigraph/src/paths/astar.o vendor/cigraph/src/paths/bellman_ford.o vendor/cigraph/src/paths/dijkstra.o vendor/cigraph/src/paths/distances.o vendor/cigraph/src/paths/eulerian.o vendor/cigraph/src/paths/floyd_warshall.o vendor/cigraph/src/paths/histogram.o vendor/cigraph/src/paths/johnson.o vendor/cigraph/src/paths/random_walk.o vendor/cigraph/src/paths/shortest_paths.o vendor/cigraph/src/paths/simple_paths.o vendor/cigraph/src/paths/sparsifier.o vendor/cigraph/src/paths/unweighted.o vendor/cigraph/src/paths/voronoi.o vendor/cigraph/src/paths/widest_paths.o vendor/cigraph/src/properties/basic_properties.o vendor/cigraph/src/properties/complete.o vendor/cigraph/src/properties/constraint.o vendor/cigraph/src/properties/convergence_degree.o vendor/cigraph/src/properties/dag.o vendor/cigraph/src/properties/degrees.o vendor/cigraph/src/properties/ecc.o vendor/cigraph/src/properties/girth.o vendor/cigraph/src/properties/loops.o vendor/cigraph/src/properties/multiplicity.o vendor/cigraph/src/properties/neighborhood.o vendor/cigraph/src/properties/perfect.o vendor/cigraph/src/properties/spectral.o vendor/cigraph/src/properties/trees.o vendor/cigraph/src/properties/triangles.o vendor/cigraph/src/random/random.o vendor/cigraph/src/random/rng_glibc2.o vendor/cigraph/src/random/rng_mt19937.o vendor/cigraph/src/random/rng_pcg32.o vendor/cigraph/src/random/rng_pcg64.o vendor/cigraph/src/version.o vendor/cigraph/vendor/cs/cs_add.o vendor/cigraph/vendor/cs/cs_amd.o vendor/cigraph/vendor/cs/cs_chol.o vendor/cigraph/vendor/cs/cs_cholsol.o vendor/cigraph/vendor/cs/cs_compress.o vendor/cigraph/vendor/cs/cs_counts.o vendor/cigraph/vendor/cs/cs_cumsum.o vendor/cigraph/vendor/cs/cs_dfs.o vendor/cigraph/vendor/cs/cs_dmperm.o vendor/cigraph/vendor/cs/cs_droptol.o vendor/cigraph/vendor/cs/cs_dropzeros.o vendor/cigraph/vendor/cs/cs_dupl.o vendor/cigraph/vendor/cs/cs_entry.o vendor/cigraph/vendor/cs/cs_ereach.o vendor/cigraph/vendor/cs/cs_etree.o vendor/cigraph/vendor/cs/cs_fkeep.o vendor/cigraph/vendor/cs/cs_gaxpy.o vendor/cigraph/vendor/cs/cs_happly.o vendor/cigraph/vendor/cs/cs_house.o vendor/cigraph/vendor/cs/cs_ipvec.o vendor/cigraph/vendor/cs/cs_leaf.o vendor/cigraph/vendor/cs/cs_load.o vendor/cigraph/vendor/cs/cs_lsolve.o vendor/cigraph/vendor/cs/cs_ltsolve.o vendor/cigraph/vendor/cs/cs_lu.o vendor/cigraph/vendor/cs/cs_lusol.o vendor/cigraph/vendor/cs/cs_malloc.o vendor/cigraph/vendor/cs/cs_maxtrans.o vendor/cigraph/vendor/cs/cs_multiply.o vendor/cigraph/vendor/cs/cs_norm.o vendor/cigraph/vendor/cs/cs_permute.o vendor/cigraph/vendor/cs/cs_pinv.o vendor/cigraph/vendor/cs/cs_post.o vendor/cigraph/vendor/cs/cs_print.o vendor/cigraph/vendor/cs/cs_pvec.o vendor/cigraph/vendor/cs/cs_qr.o vendor/cigraph/vendor/cs/cs_qrsol.o vendor/cigraph/vendor/cs/cs_randperm.o vendor/cigraph/vendor/cs/cs_reach.o vendor/cigraph/vendor/cs/cs_scatter.o vendor/cigraph/vendor/cs/cs_scc.o vendor/cigraph/vendor/cs/cs_schol.o vendor/cigraph/vendor/cs/cs_spsolve.o vendor/cigraph/vendor/cs/cs_sqr.o vendor/cigraph/vendor/cs/cs_symperm.o vendor/cigraph/vendor/cs/cs_tdfs.o vendor/cigraph/vendor/cs/cs_transpose.o vendor/cigraph/vendor/cs/cs_updown.o vendor/cigraph/vendor/cs/cs_usolve.o vendor/cigraph/vendor/cs/cs_util.o vendor/cigraph/vendor/cs/cs_utsolve.o vendor/cigraph/vendor/pcg/pcg-advance-128.o vendor/cigraph/vendor/pcg/pcg-advance-64.o vendor/cigraph/vendor/pcg/pcg-output-128.o vendor/cigraph/vendor/pcg/pcg-output-32.o vendor/cigraph/vendor/pcg/pcg-output-64.o vendor/cigraph/vendor/pcg/pcg-rngs-128.o vendor/cigraph/vendor/pcg/pcg-rngs-64.o vendor/cigraph/vendor/plfit/gss.o vendor/cigraph/vendor/plfit/hzeta.o vendor/cigraph/vendor/plfit/kolmogorov.o vendor/cigraph/vendor/plfit/lbfgs.o vendor/cigraph/vendor/plfit/mt.o vendor/cigraph/vendor/plfit/options.o vendor/cigraph/vendor/plfit/platform.o vendor/cigraph/vendor/plfit/plfit.o vendor/cigraph/vendor/plfit/plfit_error.o vendor/cigraph/vendor/plfit/rbinom.o vendor/cigraph/vendor/plfit/sampling.o vendor/io/dl-lexer.o vendor/io/dl-parser.o vendor/io/gml-lexer.o vendor/io/gml-parser.o vendor/io/lgl-lexer.o vendor/io/lgl-parser.o vendor/io/ncol-lexer.o vendor/io/ncol-parser.o vendor/io/pajek-lexer.o vendor/io/pajek-parser.o vendor/simpleraytracer/Color.o vendor/simpleraytracer/Light.o vendor/simpleraytracer/Point.o vendor/simpleraytracer/Ray.o vendor/simpleraytracer/RayTracer.o vendor/simpleraytracer/RayVector.o vendor/simpleraytracer/Shape.o vendor/simpleraytracer/Sphere.o vendor/simpleraytracer/Triangle.o vendor/simpleraytracer/unit_limiter.o vendor/uuid/R.o vendor/uuid/clear.o vendor/uuid/compare.o vendor/uuid/copy.o vendor/uuid/gen_uuid.o vendor/uuid/isnull.o vendor/uuid/pack.o vendor/uuid/parse.o vendor/uuid/unpack.o vendor/uuid/unparse.o vendor/cigraph/vendor/mini-gmp/mini-gmp.o -lxml2 -lglpk -llapack -lblas -lgfortran -lm -lquadmath -L/usr/local/lib/R/lib -lR
installing to /usr/local/lib/R/site-library/00LOCK-igraph/00new/igraph/libs
** R
** demo
** inst
** byte-compile and prepare package for lazy loading
** help
*** installing help indices
*** copying figures
** building package indices
** installing vignettes
** testing if installed package can be loaded from temporary location
** checking absolute paths in shared objects and dynamic libraries
** testing if installed package can be loaded from final location
** testing if installed package keeps a record of temporary installation path
* creating tarball
packaged installation of ‘igraph’ as ‘igraph_2.1.4_R_x86_64-pc-linux-gnu.tar.gz’
* DONE (igraph)
* installing *source* package ‘RColorBrewer’ ...
** this is package ‘RColorBrewer’ version ‘1.1-3’
** package ‘RColorBrewer’ successfully unpacked and MD5 sums checked
** using staged installation
** R
** inst
** byte-compile and prepare package for lazy loading
** help
*** installing help indices
** building package indices
** testing if installed package can be loaded from temporary location
** testing if installed package can be loaded from final location
** testing if installed package keeps a record of temporary installation path
* creating tarball
packaged installation of ‘RColorBrewer’ as ‘RColorBrewer_1.1-3_R_x86_64-pc-linux-gnu.tar.gz’
* DONE (RColorBrewer)
* installing *source* package ‘MatrixGenerics’ ...
** this is package ‘MatrixGenerics’ version ‘1.20.0’
** using staged installation
** R
** inst
** byte-compile and prepare package for lazy loading
Creating a new generic function for ‘rowAlls’ in package ‘MatrixGenerics’
Creating a new generic function for ‘colAlls’ in package ‘MatrixGenerics’
Creating a new generic function for ‘rowAnyNAs’ in package ‘MatrixGenerics’
Creating a new generic function for ‘colAnyNAs’ in package ‘MatrixGenerics’
Creating a new generic function for ‘rowAnys’ in package ‘MatrixGenerics’
Creating a new generic function for ‘colAnys’ in package ‘MatrixGenerics’
Creating a new generic function for ‘rowAvgsPerColSet’ in package ‘MatrixGenerics’
Creating a new generic function for ‘colAvgsPerRowSet’ in package ‘MatrixGenerics’
Creating a new generic function for ‘rowCollapse’ in package ‘MatrixGenerics’
Creating a new generic function for ‘colCollapse’ in package ‘MatrixGenerics’
Creating a new generic function for ‘rowCounts’ in package ‘MatrixGenerics’
Creating a new generic function for ‘colCounts’ in package ‘MatrixGenerics’
Creating a new generic function for ‘rowCummaxs’ in package ‘MatrixGenerics’
Creating a new generic function for ‘colCummaxs’ in package ‘MatrixGenerics’
Creating a new generic function for ‘rowCummins’ in package ‘MatrixGenerics’
Creating a new generic function for ‘colCummins’ in package ‘MatrixGenerics’
Creating a new generic function for ‘rowCumprods’ in package ‘MatrixGenerics’
Creating a new generic function for ‘colCumprods’ in package ‘MatrixGenerics’
Creating a new generic function for ‘rowCumsums’ in package ‘MatrixGenerics’
Creating a new generic function for ‘colCumsums’ in package ‘MatrixGenerics’
Creating a new generic function for ‘rowDiffs’ in package ‘MatrixGenerics’
Creating a new generic function for ‘colDiffs’ in package ‘MatrixGenerics’
Creating a new generic function for ‘rowIQRDiffs’ in package ‘MatrixGenerics’
Creating a new generic function for ‘colIQRDiffs’ in package ‘MatrixGenerics’
Creating a new generic function for ‘rowIQRs’ in package ‘MatrixGenerics’
Creating a new generic function for ‘colIQRs’ in package ‘MatrixGenerics’
Creating a new generic function for ‘rowLogSumExps’ in package ‘MatrixGenerics’
Creating a new generic function for ‘colLogSumExps’ in package ‘MatrixGenerics’
Creating a new generic function for ‘rowMadDiffs’ in package ‘MatrixGenerics’
Creating a new generic function for ‘colMadDiffs’ in package ‘MatrixGenerics’
Creating a new generic function for ‘rowMads’ in package ‘MatrixGenerics’
Creating a new generic function for ‘colMads’ in package ‘MatrixGenerics’
Creating a new generic function for ‘rowMaxs’ in package ‘MatrixGenerics’
Creating a new generic function for ‘colMaxs’ in package ‘MatrixGenerics’
Creating a new generic function for ‘rowMeans2’ in package ‘MatrixGenerics’
Creating a new generic function for ‘colMeans2’ in package ‘MatrixGenerics’
Creating a new generic function for ‘rowMedians’ in package ‘MatrixGenerics’
Creating a new generic function for ‘colMedians’ in package ‘MatrixGenerics’
Creating a new generic function for ‘rowMins’ in package ‘MatrixGenerics’
Creating a new generic function for ‘colMins’ in package ‘MatrixGenerics’
Creating a new generic function for ‘rowOrderStats’ in package ‘MatrixGenerics’
Creating a new generic function for ‘colOrderStats’ in package ‘MatrixGenerics’
Creating a new generic function for ‘rowProds’ in package ‘MatrixGenerics’
Creating a new generic function for ‘colProds’ in package ‘MatrixGenerics’
Creating a new generic function for ‘rowQuantiles’ in package ‘MatrixGenerics’
Creating a new generic function for ‘colQuantiles’ in package ‘MatrixGenerics’
Creating a new generic function for ‘rowRanges’ in package ‘MatrixGenerics’
Creating a new generic function for ‘colRanges’ in package ‘MatrixGenerics’
Creating a new generic function for ‘rowRanks’ in package ‘MatrixGenerics’
Creating a new generic function for ‘colRanks’ in package ‘MatrixGenerics’
Creating a new generic function for ‘rowSdDiffs’ in package ‘MatrixGenerics’
Creating a new generic function for ‘colSdDiffs’ in package ‘MatrixGenerics’
Creating a new generic function for ‘rowSds’ in package ‘MatrixGenerics’
Creating a new generic function for ‘colSds’ in package ‘MatrixGenerics’
Creating a new generic function for ‘rowSums2’ in package ‘MatrixGenerics’
Creating a new generic function for ‘colSums2’ in package ‘MatrixGenerics’
Creating a new generic function for ‘rowTabulates’ in package ‘MatrixGenerics’
Creating a new generic function for ‘colTabulates’ in package ‘MatrixGenerics’
Creating a new generic function for ‘rowVarDiffs’ in package ‘MatrixGenerics’
Creating a new generic function for ‘colVarDiffs’ in package ‘MatrixGenerics’
Creating a new generic function for ‘rowVars’ in package ‘MatrixGenerics’
Creating a new generic function for ‘colVars’ in package ‘MatrixGenerics’
Creating a new generic function for ‘rowWeightedMads’ in package ‘MatrixGenerics’
Creating a new generic function for ‘colWeightedMads’ in package ‘MatrixGenerics’
Creating a new generic function for ‘rowWeightedMeans’ in package ‘MatrixGenerics’
Creating a new generic function for ‘colWeightedMeans’ in package ‘MatrixGenerics’
Creating a new generic function for ‘rowWeightedMedians’ in package ‘MatrixGenerics’
Creating a new generic function for ‘colWeightedMedians’ in package ‘MatrixGenerics’
Creating a new generic function for ‘rowWeightedSds’ in package ‘MatrixGenerics’
Creating a new generic function for ‘colWeightedSds’ in package ‘MatrixGenerics’
Creating a new generic function for ‘rowWeightedVars’ in package ‘MatrixGenerics’
Creating a new generic function for ‘colWeightedVars’ in package ‘MatrixGenerics’
** help
*** installing help indices
** building package indices
** testing if installed package can be loaded from temporary location
** testing if installed package can be loaded from final location
** testing if installed package keeps a record of temporary installation path
* creating tarball
packaged installation of ‘MatrixGenerics’ as ‘MatrixGenerics_1.20.0_R_x86_64-pc-linux-gnu.tar.gz’
* DONE (MatrixGenerics)
* installing *source* package ‘lambda.r’ ...
** this is package ‘lambda.r’ version ‘1.2.4’
** package ‘lambda.r’ successfully unpacked and MD5 sums checked
** using staged installation
** R
** byte-compile and prepare package for lazy loading
** help
*** installing help indices
** building package indices
** testing if installed package can be loaded from temporary location
** testing if installed package can be loaded from final location
** testing if installed package keeps a record of temporary installation path
* creating tarball
packaged installation of ‘lambda.r’ as ‘lambda.r_1.2.4_R_x86_64-pc-linux-gnu.tar.gz’
* DONE (lambda.r)
* installing *source* package ‘RCurl’ ...
** this is package ‘RCurl’ version ‘1.98-1.17’
** package ‘RCurl’ successfully unpacked and MD5 sums checked
** using staged installation
checking for curl-config... /usr/bin/curl-config
checking for gcc... gcc -std=gnu2x
checking whether the C compiler works... yes
checking for C compiler default output file name... a.out
checking for suffix of executables... 
checking whether we are cross compiling... no
checking for suffix of object files... o
checking whether the compiler supports GNU C... yes
checking whether gcc -std=gnu2x accepts -g... yes
checking for gcc -std=gnu2x option to enable C11 features... none needed
checking how to run the C preprocessor... gcc -std=gnu2x -E
Version has a libidn field
Version has CURLOPT_URL
Version has CURLINFO_EFFECTIVE_URL
Version has CURLINFO_RESPONSE_CODE
Version has CURLINFO_TOTAL_TIME
Version has CURLINFO_NAMELOOKUP_TIME
Version has CURLINFO_CONNECT_TIME
Version has CURLINFO_PRETRANSFER_TIME
Version has CURLINFO_SIZE_UPLOAD
Version has CURLINFO_SIZE_DOWNLOAD
Version has CURLINFO_SPEED_DOWNLOAD
Version has CURLINFO_SPEED_UPLOAD
Version has CURLINFO_HEADER_SIZE
Version has CURLINFO_REQUEST_SIZE
Version has CURLINFO_SSL_VERIFYRESULT
Version has CURLINFO_FILETIME
Version has CURLINFO_CONTENT_LENGTH_DOWNLOAD
Version has CURLINFO_CONTENT_LENGTH_UPLOAD
Version has CURLINFO_STARTTRANSFER_TIME
Version has CURLINFO_CONTENT_TYPE
Version has CURLINFO_REDIRECT_TIME
Version has CURLINFO_REDIRECT_COUNT
Version has CURLINFO_PRIVATE
Version has CURLINFO_HTTP_CONNECTCODE
Version has CURLINFO_HTTPAUTH_AVAIL
Version has CURLINFO_PROXYAUTH_AVAIL
Version has CURLINFO_OS_ERRNO
Version has CURLINFO_NUM_CONNECTS
Version has CURLINFO_SSL_ENGINES
Version has CURLINFO_COOKIELIST
Version has CURLINFO_LASTSOCKET
Version has CURLINFO_FTP_ENTRY_PATH
Version has CURLINFO_REDIRECT_URL
Version has CURLINFO_PRIMARY_IP
Version has CURLINFO_APPCONNECT_TIME
Version has CURLINFO_CERTINFO
Version has CURLINFO_CONDITION_UNMET
Version has CURLOPT_WRITEDATA
Version has CURLOPT_KEYPASSWD
Version has CURLOPT_DIRLISTONLY
Version has CURLOPT_APPEND
Version has CURLOPT_KRBLEVEL
Version has CURLOPT_USE_SSL
Version has CURLOPT_TIMEOUT_MS
Version has CURLOPT_CONNECTTIMEOUT_MS
Version has CURLOPT_HTTP_TRANSFER_DECODING
Version has CURLOPT_HTTP_CONTENT_DECODING
Version has CURLOPT_NEW_FILE_PERMS
Version has CURLOPT_NEW_DIRECTORY_PERMS
Version has CURLOPT_POSTREDIR
Version has CURLOPT_OPENSOCKETFUNCTION
Version has CURLOPT_OPENSOCKETDATA
Version has CURLOPT_COPYPOSTFIELDS
Version has CURLOPT_PROXY_TRANSFER_MODE
Version has CURLOPT_SEEKFUNCTION
Version has CURLOPT_SEEKDATA
Version has CURLOPT_CRLFILE
Version has CURLOPT_ISSUERCERT
Version has CURLOPT_ADDRESS_SCOPE
Version has CURLOPT_CERTINFO
Version has CURLOPT_USERNAME
Version has CURLOPT_PASSWORD
Version has CURLOPT_PROXYUSERNAME
Version has CURLOPT_PROXYPASSWORD
Version has CURLOPT_SSH_HOST_PUBLIC_KEY_MD5
Version has CURLOPT_NOPROXY
Version has CURLOPT_TFTP_BLKSIZE
Version has CURLOPT_SOCKS5_GSSAPI_SERVICE
Version has CURLOPT_SOCKS5_GSSAPI_NEC
Version has CURLOPT_PROTOCOLS
Version has CURLOPT_REDIR_PROTOCOLS
Version has CURLOPT_SSH_AUTH_TYPES
Version has CURLOPT_SSH_PUBLIC_KEYFILE
Version has CURLOPT_SSH_PRIVATE_KEYFILE
Version has CURLOPT_FTP_SSL_CCC
Version has CURLOPT_COOKIELIST
Version has CURLOPT_IGNORE_CONTENT_LENGTH
Version has CURLOPT_FTP_SKIP_PASV_IP
Version has CURLOPT_FTP_FILEMETHOD
Version has CURLOPT_LOCALPORT
Version has CURLOPT_LOCALPORTRANGE
Version has CURLOPT_CONNECT_ONLY
Version has CURLOPT_CONV_FROM_NETWORK_FUNCTION
Version has CURLOPT_CONV_TO_NETWORK_FUNCTION
Version has CURLOPT_CONV_FROM_UTF8_FUNCTION
Version has CURLOPT_MAX_SEND_SPEED_LARGE
Version has CURLOPT_MAX_RECV_SPEED_LARGE
Version has CURLOPT_FTP_ALTERNATIVE_TO_USER
Version has CURLOPT_SOCKOPTFUNCTION
Version has CURLOPT_SOCKOPTDATA
Version has CURLOPT_SSL_SESSIONID_CACHE
libcurl version: libcurl 8.5.0
configure: creating ./config.status
config.status: creating src/Makevars
** libs
using C compiler: ‘gcc (Ubuntu 13.3.0-6ubuntu2~24.04) 13.3.0’
gcc -std=gnu2x -I"/usr/local/lib/R/include" -DNDEBUG -DCURL_DISABLE_DEPRECATION -DHAVE_LIBIDN_FIELD=1 -DHAVE_CURLOPT_URL=1 -DHAVE_CURLINFO_EFFECTIVE_URL=1 -DHAVE_CURLINFO_RESPONSE_CODE=1 -DHAVE_CURLINFO_TOTAL_TIME=1 -DHAVE_CURLINFO_NAMELOOKUP_TIME=1 -DHAVE_CURLINFO_CONNECT_TIME=1 -DHAVE_CURLINFO_PRETRANSFER_TIME=1 -DHAVE_CURLINFO_SIZE_UPLOAD=1 -DHAVE_CURLINFO_SIZE_DOWNLOAD=1 -DHAVE_CURLINFO_SPEED_DOWNLOAD=1 -DHAVE_CURLINFO_SPEED_UPLOAD=1 -DHAVE_CURLINFO_HEADER_SIZE=1 -DHAVE_CURLINFO_REQUEST_SIZE=1 -DHAVE_CURLINFO_SSL_VERIFYRESULT=1 -DHAVE_CURLINFO_FILETIME=1 -DHAVE_CURLINFO_CONTENT_LENGTH_DOWNLOAD=1 -DHAVE_CURLINFO_CONTENT_LENGTH_UPLOAD=1 -DHAVE_CURLINFO_STARTTRANSFER_TIME=1 -DHAVE_CURLINFO_CONTENT_TYPE=1 -DHAVE_CURLINFO_REDIRECT_TIME=1 -DHAVE_CURLINFO_REDIRECT_COUNT=1 -DHAVE_CURLINFO_PRIVATE=1 -DHAVE_CURLINFO_HTTP_CONNECTCODE=1 -DHAVE_CURLINFO_HTTPAUTH_AVAIL=1 -DHAVE_CURLINFO_PROXYAUTH_AVAIL=1 -DHAVE_CURLINFO_OS_ERRNO=1 -DHAVE_CURLINFO_NUM_CONNECTS=1 -DHAVE_CURLINFO_SSL_ENGINES=1 -DHAVE_CURLINFO_COOKIELIST=1 -DHAVE_CURLINFO_LASTSOCKET=1 -DHAVE_CURLINFO_FTP_ENTRY_PATH=1 -DHAVE_CURLINFO_REDIRECT_URL=1 -DHAVE_CURLINFO_PRIMARY_IP=1 -DHAVE_CURLINFO_APPCONNECT_TIME=1 -DHAVE_CURLINFO_CERTINFO=1 -DHAVE_CURLINFO_CONDITION_UNMET=1 -DHAVE_CURLOPT_WRITEDATA=1 -DHAVE_CURLOPT_KEYPASSWD=1 -DHAVE_CURLOPT_DIRLISTONLY=1 -DHAVE_CURLOPT_APPEND=1 -DHAVE_CURLOPT_KRBLEVEL=1 -DHAVE_CURLOPT_USE_SSL=1 -DHAVE_CURLOPT_TIMEOUT_MS=1 -DHAVE_CURLOPT_CONNECTTIMEOUT_MS=1 -DHAVE_CURLOPT_HTTP_TRANSFER_DECODING=1 -DHAVE_CURLOPT_HTTP_CONTENT_DECODING=1 -DHAVE_CURLOPT_NEW_FILE_PERMS=1 -DHAVE_CURLOPT_NEW_DIRECTORY_PERMS=1 -DHAVE_CURLOPT_POSTREDIR=1 -DHAVE_CURLOPT_OPENSOCKETFUNCTION=1 -DHAVE_CURLOPT_OPENSOCKETDATA=1 -DHAVE_CURLOPT_COPYPOSTFIELDS=1 -DHAVE_CURLOPT_PROXY_TRANSFER_MODE=1 -DHAVE_CURLOPT_SEEKFUNCTION=1 -DHAVE_CURLOPT_SEEKDATA=1 -DHAVE_CURLOPT_CRLFILE=1 -DHAVE_CURLOPT_ISSUERCERT=1 -DHAVE_CURLOPT_ADDRESS_SCOPE=1 -DHAVE_CURLOPT_CERTINFO=1 -DHAVE_CURLOPT_USERNAME=1 -DHAVE_CURLOPT_PASSWORD=1 -DHAVE_CURLOPT_PROXYUSERNAME=1 -DHAVE_CURLOPT_PROXYPASSWORD=1 -DHAVE_CURLOPT_SSH_HOST_PUBLIC_KEY_MD5=1 -DHAVE_CURLOPT_NOPROXY=1 -DHAVE_CURLOPT_TFTP_BLKSIZE=1 -DHAVE_CURLOPT_SOCKS5_GSSAPI_SERVICE=1 -DHAVE_CURLOPT_SOCKS5_GSSAPI_NEC=1 -DHAVE_CURLOPT_PROTOCOLS=1 -DHAVE_CURLOPT_REDIR_PROTOCOLS=1 -DHAVE_CURLOPT_SSH_AUTH_TYPES=1 -DHAVE_CURLOPT_SSH_PUBLIC_KEYFILE=1 -DHAVE_CURLOPT_SSH_PRIVATE_KEYFILE=1 -DHAVE_CURLOPT_FTP_SSL_CCC=1 -DHAVE_CURLOPT_COOKIELIST=1 -DHAVE_CURLOPT_IGNORE_CONTENT_LENGTH=1 -DHAVE_CURLOPT_FTP_SKIP_PASV_IP=1 -DHAVE_CURLOPT_FTP_FILEMETHOD=1 -DHAVE_CURLOPT_LOCALPORT=1 -DHAVE_CURLOPT_LOCALPORTRANGE=1 -DHAVE_CURLOPT_CONNECT_ONLY=1 -DHAVE_CURLOPT_CONV_FROM_NETWORK_FUNCTION=1 -DHAVE_CURLOPT_CONV_TO_NETWORK_FUNCTION=1 -DHAVE_CURLOPT_CONV_FROM_UTF8_FUNCTION=1 -DHAVE_CURLOPT_MAX_SEND_SPEED_LARGE=1 -DHAVE_CURLOPT_MAX_RECV_SPEED_LARGE=1 -DHAVE_CURLOPT_FTP_ALTERNATIVE_TO_USER=1 -DHAVE_CURLOPT_SOCKOPTFUNCTION=1 -DHAVE_CURLOPT_SOCKOPTDATA=1 -DHAVE_CURLOPT_SSL_SESSIONID_CACHE=1 -I/usr/include/libxml2  -I/usr/local/include    -fpic  -g -O2 -fstack-protector-strong -Wformat -Werror=format-security -Wdate-time -D_FORTIFY_SOURCE=2 -g  -c base64.c -o base64.o
gcc -std=gnu2x -I"/usr/local/lib/R/include" -DNDEBUG -DCURL_DISABLE_DEPRECATION -DHAVE_LIBIDN_FIELD=1 -DHAVE_CURLOPT_URL=1 -DHAVE_CURLINFO_EFFECTIVE_URL=1 -DHAVE_CURLINFO_RESPONSE_CODE=1 -DHAVE_CURLINFO_TOTAL_TIME=1 -DHAVE_CURLINFO_NAMELOOKUP_TIME=1 -DHAVE_CURLINFO_CONNECT_TIME=1 -DHAVE_CURLINFO_PRETRANSFER_TIME=1 -DHAVE_CURLINFO_SIZE_UPLOAD=1 -DHAVE_CURLINFO_SIZE_DOWNLOAD=1 -DHAVE_CURLINFO_SPEED_DOWNLOAD=1 -DHAVE_CURLINFO_SPEED_UPLOAD=1 -DHAVE_CURLINFO_HEADER_SIZE=1 -DHAVE_CURLINFO_REQUEST_SIZE=1 -DHAVE_CURLINFO_SSL_VERIFYRESULT=1 -DHAVE_CURLINFO_FILETIME=1 -DHAVE_CURLINFO_CONTENT_LENGTH_DOWNLOAD=1 -DHAVE_CURLINFO_CONTENT_LENGTH_UPLOAD=1 -DHAVE_CURLINFO_STARTTRANSFER_TIME=1 -DHAVE_CURLINFO_CONTENT_TYPE=1 -DHAVE_CURLINFO_REDIRECT_TIME=1 -DHAVE_CURLINFO_REDIRECT_COUNT=1 -DHAVE_CURLINFO_PRIVATE=1 -DHAVE_CURLINFO_HTTP_CONNECTCODE=1 -DHAVE_CURLINFO_HTTPAUTH_AVAIL=1 -DHAVE_CURLINFO_PROXYAUTH_AVAIL=1 -DHAVE_CURLINFO_OS_ERRNO=1 -DHAVE_CURLINFO_NUM_CONNECTS=1 -DHAVE_CURLINFO_SSL_ENGINES=1 -DHAVE_CURLINFO_COOKIELIST=1 -DHAVE_CURLINFO_LASTSOCKET=1 -DHAVE_CURLINFO_FTP_ENTRY_PATH=1 -DHAVE_CURLINFO_REDIRECT_URL=1 -DHAVE_CURLINFO_PRIMARY_IP=1 -DHAVE_CURLINFO_APPCONNECT_TIME=1 -DHAVE_CURLINFO_CERTINFO=1 -DHAVE_CURLINFO_CONDITION_UNMET=1 -DHAVE_CURLOPT_WRITEDATA=1 -DHAVE_CURLOPT_KEYPASSWD=1 -DHAVE_CURLOPT_DIRLISTONLY=1 -DHAVE_CURLOPT_APPEND=1 -DHAVE_CURLOPT_KRBLEVEL=1 -DHAVE_CURLOPT_USE_SSL=1 -DHAVE_CURLOPT_TIMEOUT_MS=1 -DHAVE_CURLOPT_CONNECTTIMEOUT_MS=1 -DHAVE_CURLOPT_HTTP_TRANSFER_DECODING=1 -DHAVE_CURLOPT_HTTP_CONTENT_DECODING=1 -DHAVE_CURLOPT_NEW_FILE_PERMS=1 -DHAVE_CURLOPT_NEW_DIRECTORY_PERMS=1 -DHAVE_CURLOPT_POSTREDIR=1 -DHAVE_CURLOPT_OPENSOCKETFUNCTION=1 -DHAVE_CURLOPT_OPENSOCKETDATA=1 -DHAVE_CURLOPT_COPYPOSTFIELDS=1 -DHAVE_CURLOPT_PROXY_TRANSFER_MODE=1 -DHAVE_CURLOPT_SEEKFUNCTION=1 -DHAVE_CURLOPT_SEEKDATA=1 -DHAVE_CURLOPT_CRLFILE=1 -DHAVE_CURLOPT_ISSUERCERT=1 -DHAVE_CURLOPT_ADDRESS_SCOPE=1 -DHAVE_CURLOPT_CERTINFO=1 -DHAVE_CURLOPT_USERNAME=1 -DHAVE_CURLOPT_PASSWORD=1 -DHAVE_CURLOPT_PROXYUSERNAME=1 -DHAVE_CURLOPT_PROXYPASSWORD=1 -DHAVE_CURLOPT_SSH_HOST_PUBLIC_KEY_MD5=1 -DHAVE_CURLOPT_NOPROXY=1 -DHAVE_CURLOPT_TFTP_BLKSIZE=1 -DHAVE_CURLOPT_SOCKS5_GSSAPI_SERVICE=1 -DHAVE_CURLOPT_SOCKS5_GSSAPI_NEC=1 -DHAVE_CURLOPT_PROTOCOLS=1 -DHAVE_CURLOPT_REDIR_PROTOCOLS=1 -DHAVE_CURLOPT_SSH_AUTH_TYPES=1 -DHAVE_CURLOPT_SSH_PUBLIC_KEYFILE=1 -DHAVE_CURLOPT_SSH_PRIVATE_KEYFILE=1 -DHAVE_CURLOPT_FTP_SSL_CCC=1 -DHAVE_CURLOPT_COOKIELIST=1 -DHAVE_CURLOPT_IGNORE_CONTENT_LENGTH=1 -DHAVE_CURLOPT_FTP_SKIP_PASV_IP=1 -DHAVE_CURLOPT_FTP_FILEMETHOD=1 -DHAVE_CURLOPT_LOCALPORT=1 -DHAVE_CURLOPT_LOCALPORTRANGE=1 -DHAVE_CURLOPT_CONNECT_ONLY=1 -DHAVE_CURLOPT_CONV_FROM_NETWORK_FUNCTION=1 -DHAVE_CURLOPT_CONV_TO_NETWORK_FUNCTION=1 -DHAVE_CURLOPT_CONV_FROM_UTF8_FUNCTION=1 -DHAVE_CURLOPT_MAX_SEND_SPEED_LARGE=1 -DHAVE_CURLOPT_MAX_RECV_SPEED_LARGE=1 -DHAVE_CURLOPT_FTP_ALTERNATIVE_TO_USER=1 -DHAVE_CURLOPT_SOCKOPTFUNCTION=1 -DHAVE_CURLOPT_SOCKOPTDATA=1 -DHAVE_CURLOPT_SSL_SESSIONID_CACHE=1 -I/usr/include/libxml2  -I/usr/local/include    -fpic  -g -O2 -fstack-protector-strong -Wformat -Werror=format-security -Wdate-time -D_FORTIFY_SOURCE=2 -g  -c curl.c -o curl.o
gcc -std=gnu2x -I"/usr/local/lib/R/include" -DNDEBUG -DCURL_DISABLE_DEPRECATION -DHAVE_LIBIDN_FIELD=1 -DHAVE_CURLOPT_URL=1 -DHAVE_CURLINFO_EFFECTIVE_URL=1 -DHAVE_CURLINFO_RESPONSE_CODE=1 -DHAVE_CURLINFO_TOTAL_TIME=1 -DHAVE_CURLINFO_NAMELOOKUP_TIME=1 -DHAVE_CURLINFO_CONNECT_TIME=1 -DHAVE_CURLINFO_PRETRANSFER_TIME=1 -DHAVE_CURLINFO_SIZE_UPLOAD=1 -DHAVE_CURLINFO_SIZE_DOWNLOAD=1 -DHAVE_CURLINFO_SPEED_DOWNLOAD=1 -DHAVE_CURLINFO_SPEED_UPLOAD=1 -DHAVE_CURLINFO_HEADER_SIZE=1 -DHAVE_CURLINFO_REQUEST_SIZE=1 -DHAVE_CURLINFO_SSL_VERIFYRESULT=1 -DHAVE_CURLINFO_FILETIME=1 -DHAVE_CURLINFO_CONTENT_LENGTH_DOWNLOAD=1 -DHAVE_CURLINFO_CONTENT_LENGTH_UPLOAD=1 -DHAVE_CURLINFO_STARTTRANSFER_TIME=1 -DHAVE_CURLINFO_CONTENT_TYPE=1 -DHAVE_CURLINFO_REDIRECT_TIME=1 -DHAVE_CURLINFO_REDIRECT_COUNT=1 -DHAVE_CURLINFO_PRIVATE=1 -DHAVE_CURLINFO_HTTP_CONNECTCODE=1 -DHAVE_CURLINFO_HTTPAUTH_AVAIL=1 -DHAVE_CURLINFO_PROXYAUTH_AVAIL=1 -DHAVE_CURLINFO_OS_ERRNO=1 -DHAVE_CURLINFO_NUM_CONNECTS=1 -DHAVE_CURLINFO_SSL_ENGINES=1 -DHAVE_CURLINFO_COOKIELIST=1 -DHAVE_CURLINFO_LASTSOCKET=1 -DHAVE_CURLINFO_FTP_ENTRY_PATH=1 -DHAVE_CURLINFO_REDIRECT_URL=1 -DHAVE_CURLINFO_PRIMARY_IP=1 -DHAVE_CURLINFO_APPCONNECT_TIME=1 -DHAVE_CURLINFO_CERTINFO=1 -DHAVE_CURLINFO_CONDITION_UNMET=1 -DHAVE_CURLOPT_WRITEDATA=1 -DHAVE_CURLOPT_KEYPASSWD=1 -DHAVE_CURLOPT_DIRLISTONLY=1 -DHAVE_CURLOPT_APPEND=1 -DHAVE_CURLOPT_KRBLEVEL=1 -DHAVE_CURLOPT_USE_SSL=1 -DHAVE_CURLOPT_TIMEOUT_MS=1 -DHAVE_CURLOPT_CONNECTTIMEOUT_MS=1 -DHAVE_CURLOPT_HTTP_TRANSFER_DECODING=1 -DHAVE_CURLOPT_HTTP_CONTENT_DECODING=1 -DHAVE_CURLOPT_NEW_FILE_PERMS=1 -DHAVE_CURLOPT_NEW_DIRECTORY_PERMS=1 -DHAVE_CURLOPT_POSTREDIR=1 -DHAVE_CURLOPT_OPENSOCKETFUNCTION=1 -DHAVE_CURLOPT_OPENSOCKETDATA=1 -DHAVE_CURLOPT_COPYPOSTFIELDS=1 -DHAVE_CURLOPT_PROXY_TRANSFER_MODE=1 -DHAVE_CURLOPT_SEEKFUNCTION=1 -DHAVE_CURLOPT_SEEKDATA=1 -DHAVE_CURLOPT_CRLFILE=1 -DHAVE_CURLOPT_ISSUERCERT=1 -DHAVE_CURLOPT_ADDRESS_SCOPE=1 -DHAVE_CURLOPT_CERTINFO=1 -DHAVE_CURLOPT_USERNAME=1 -DHAVE_CURLOPT_PASSWORD=1 -DHAVE_CURLOPT_PROXYUSERNAME=1 -DHAVE_CURLOPT_PROXYPASSWORD=1 -DHAVE_CURLOPT_SSH_HOST_PUBLIC_KEY_MD5=1 -DHAVE_CURLOPT_NOPROXY=1 -DHAVE_CURLOPT_TFTP_BLKSIZE=1 -DHAVE_CURLOPT_SOCKS5_GSSAPI_SERVICE=1 -DHAVE_CURLOPT_SOCKS5_GSSAPI_NEC=1 -DHAVE_CURLOPT_PROTOCOLS=1 -DHAVE_CURLOPT_REDIR_PROTOCOLS=1 -DHAVE_CURLOPT_SSH_AUTH_TYPES=1 -DHAVE_CURLOPT_SSH_PUBLIC_KEYFILE=1 -DHAVE_CURLOPT_SSH_PRIVATE_KEYFILE=1 -DHAVE_CURLOPT_FTP_SSL_CCC=1 -DHAVE_CURLOPT_COOKIELIST=1 -DHAVE_CURLOPT_IGNORE_CONTENT_LENGTH=1 -DHAVE_CURLOPT_FTP_SKIP_PASV_IP=1 -DHAVE_CURLOPT_FTP_FILEMETHOD=1 -DHAVE_CURLOPT_LOCALPORT=1 -DHAVE_CURLOPT_LOCALPORTRANGE=1 -DHAVE_CURLOPT_CONNECT_ONLY=1 -DHAVE_CURLOPT_CONV_FROM_NETWORK_FUNCTION=1 -DHAVE_CURLOPT_CONV_TO_NETWORK_FUNCTION=1 -DHAVE_CURLOPT_CONV_FROM_UTF8_FUNCTION=1 -DHAVE_CURLOPT_MAX_SEND_SPEED_LARGE=1 -DHAVE_CURLOPT_MAX_RECV_SPEED_LARGE=1 -DHAVE_CURLOPT_FTP_ALTERNATIVE_TO_USER=1 -DHAVE_CURLOPT_SOCKOPTFUNCTION=1 -DHAVE_CURLOPT_SOCKOPTDATA=1 -DHAVE_CURLOPT_SSL_SESSIONID_CACHE=1 -I/usr/include/libxml2  -I/usr/local/include    -fpic  -g -O2 -fstack-protector-strong -Wformat -Werror=format-security -Wdate-time -D_FORTIFY_SOURCE=2 -g  -c curlInit.c -o curlInit.o
gcc -std=gnu2x -I"/usr/local/lib/R/include" -DNDEBUG -DCURL_DISABLE_DEPRECATION -DHAVE_LIBIDN_FIELD=1 -DHAVE_CURLOPT_URL=1 -DHAVE_CURLINFO_EFFECTIVE_URL=1 -DHAVE_CURLINFO_RESPONSE_CODE=1 -DHAVE_CURLINFO_TOTAL_TIME=1 -DHAVE_CURLINFO_NAMELOOKUP_TIME=1 -DHAVE_CURLINFO_CONNECT_TIME=1 -DHAVE_CURLINFO_PRETRANSFER_TIME=1 -DHAVE_CURLINFO_SIZE_UPLOAD=1 -DHAVE_CURLINFO_SIZE_DOWNLOAD=1 -DHAVE_CURLINFO_SPEED_DOWNLOAD=1 -DHAVE_CURLINFO_SPEED_UPLOAD=1 -DHAVE_CURLINFO_HEADER_SIZE=1 -DHAVE_CURLINFO_REQUEST_SIZE=1 -DHAVE_CURLINFO_SSL_VERIFYRESULT=1 -DHAVE_CURLINFO_FILETIME=1 -DHAVE_CURLINFO_CONTENT_LENGTH_DOWNLOAD=1 -DHAVE_CURLINFO_CONTENT_LENGTH_UPLOAD=1 -DHAVE_CURLINFO_STARTTRANSFER_TIME=1 -DHAVE_CURLINFO_CONTENT_TYPE=1 -DHAVE_CURLINFO_REDIRECT_TIME=1 -DHAVE_CURLINFO_REDIRECT_COUNT=1 -DHAVE_CURLINFO_PRIVATE=1 -DHAVE_CURLINFO_HTTP_CONNECTCODE=1 -DHAVE_CURLINFO_HTTPAUTH_AVAIL=1 -DHAVE_CURLINFO_PROXYAUTH_AVAIL=1 -DHAVE_CURLINFO_OS_ERRNO=1 -DHAVE_CURLINFO_NUM_CONNECTS=1 -DHAVE_CURLINFO_SSL_ENGINES=1 -DHAVE_CURLINFO_COOKIELIST=1 -DHAVE_CURLINFO_LASTSOCKET=1 -DHAVE_CURLINFO_FTP_ENTRY_PATH=1 -DHAVE_CURLINFO_REDIRECT_URL=1 -DHAVE_CURLINFO_PRIMARY_IP=1 -DHAVE_CURLINFO_APPCONNECT_TIME=1 -DHAVE_CURLINFO_CERTINFO=1 -DHAVE_CURLINFO_CONDITION_UNMET=1 -DHAVE_CURLOPT_WRITEDATA=1 -DHAVE_CURLOPT_KEYPASSWD=1 -DHAVE_CURLOPT_DIRLISTONLY=1 -DHAVE_CURLOPT_APPEND=1 -DHAVE_CURLOPT_KRBLEVEL=1 -DHAVE_CURLOPT_USE_SSL=1 -DHAVE_CURLOPT_TIMEOUT_MS=1 -DHAVE_CURLOPT_CONNECTTIMEOUT_MS=1 -DHAVE_CURLOPT_HTTP_TRANSFER_DECODING=1 -DHAVE_CURLOPT_HTTP_CONTENT_DECODING=1 -DHAVE_CURLOPT_NEW_FILE_PERMS=1 -DHAVE_CURLOPT_NEW_DIRECTORY_PERMS=1 -DHAVE_CURLOPT_POSTREDIR=1 -DHAVE_CURLOPT_OPENSOCKETFUNCTION=1 -DHAVE_CURLOPT_OPENSOCKETDATA=1 -DHAVE_CURLOPT_COPYPOSTFIELDS=1 -DHAVE_CURLOPT_PROXY_TRANSFER_MODE=1 -DHAVE_CURLOPT_SEEKFUNCTION=1 -DHAVE_CURLOPT_SEEKDATA=1 -DHAVE_CURLOPT_CRLFILE=1 -DHAVE_CURLOPT_ISSUERCERT=1 -DHAVE_CURLOPT_ADDRESS_SCOPE=1 -DHAVE_CURLOPT_CERTINFO=1 -DHAVE_CURLOPT_USERNAME=1 -DHAVE_CURLOPT_PASSWORD=1 -DHAVE_CURLOPT_PROXYUSERNAME=1 -DHAVE_CURLOPT_PROXYPASSWORD=1 -DHAVE_CURLOPT_SSH_HOST_PUBLIC_KEY_MD5=1 -DHAVE_CURLOPT_NOPROXY=1 -DHAVE_CURLOPT_TFTP_BLKSIZE=1 -DHAVE_CURLOPT_SOCKS5_GSSAPI_SERVICE=1 -DHAVE_CURLOPT_SOCKS5_GSSAPI_NEC=1 -DHAVE_CURLOPT_PROTOCOLS=1 -DHAVE_CURLOPT_REDIR_PROTOCOLS=1 -DHAVE_CURLOPT_SSH_AUTH_TYPES=1 -DHAVE_CURLOPT_SSH_PUBLIC_KEYFILE=1 -DHAVE_CURLOPT_SSH_PRIVATE_KEYFILE=1 -DHAVE_CURLOPT_FTP_SSL_CCC=1 -DHAVE_CURLOPT_COOKIELIST=1 -DHAVE_CURLOPT_IGNORE_CONTENT_LENGTH=1 -DHAVE_CURLOPT_FTP_SKIP_PASV_IP=1 -DHAVE_CURLOPT_FTP_FILEMETHOD=1 -DHAVE_CURLOPT_LOCALPORT=1 -DHAVE_CURLOPT_LOCALPORTRANGE=1 -DHAVE_CURLOPT_CONNECT_ONLY=1 -DHAVE_CURLOPT_CONV_FROM_NETWORK_FUNCTION=1 -DHAVE_CURLOPT_CONV_TO_NETWORK_FUNCTION=1 -DHAVE_CURLOPT_CONV_FROM_UTF8_FUNCTION=1 -DHAVE_CURLOPT_MAX_SEND_SPEED_LARGE=1 -DHAVE_CURLOPT_MAX_RECV_SPEED_LARGE=1 -DHAVE_CURLOPT_FTP_ALTERNATIVE_TO_USER=1 -DHAVE_CURLOPT_SOCKOPTFUNCTION=1 -DHAVE_CURLOPT_SOCKOPTDATA=1 -DHAVE_CURLOPT_SSL_SESSIONID_CACHE=1 -I/usr/include/libxml2  -I/usr/local/include    -fpic  -g -O2 -fstack-protector-strong -Wformat -Werror=format-security -Wdate-time -D_FORTIFY_SOURCE=2 -g  -c curl_base64.c -o curl_base64.o
gcc -std=gnu2x -I"/usr/local/lib/R/include" -DNDEBUG -DCURL_DISABLE_DEPRECATION -DHAVE_LIBIDN_FIELD=1 -DHAVE_CURLOPT_URL=1 -DHAVE_CURLINFO_EFFECTIVE_URL=1 -DHAVE_CURLINFO_RESPONSE_CODE=1 -DHAVE_CURLINFO_TOTAL_TIME=1 -DHAVE_CURLINFO_NAMELOOKUP_TIME=1 -DHAVE_CURLINFO_CONNECT_TIME=1 -DHAVE_CURLINFO_PRETRANSFER_TIME=1 -DHAVE_CURLINFO_SIZE_UPLOAD=1 -DHAVE_CURLINFO_SIZE_DOWNLOAD=1 -DHAVE_CURLINFO_SPEED_DOWNLOAD=1 -DHAVE_CURLINFO_SPEED_UPLOAD=1 -DHAVE_CURLINFO_HEADER_SIZE=1 -DHAVE_CURLINFO_REQUEST_SIZE=1 -DHAVE_CURLINFO_SSL_VERIFYRESULT=1 -DHAVE_CURLINFO_FILETIME=1 -DHAVE_CURLINFO_CONTENT_LENGTH_DOWNLOAD=1 -DHAVE_CURLINFO_CONTENT_LENGTH_UPLOAD=1 -DHAVE_CURLINFO_STARTTRANSFER_TIME=1 -DHAVE_CURLINFO_CONTENT_TYPE=1 -DHAVE_CURLINFO_REDIRECT_TIME=1 -DHAVE_CURLINFO_REDIRECT_COUNT=1 -DHAVE_CURLINFO_PRIVATE=1 -DHAVE_CURLINFO_HTTP_CONNECTCODE=1 -DHAVE_CURLINFO_HTTPAUTH_AVAIL=1 -DHAVE_CURLINFO_PROXYAUTH_AVAIL=1 -DHAVE_CURLINFO_OS_ERRNO=1 -DHAVE_CURLINFO_NUM_CONNECTS=1 -DHAVE_CURLINFO_SSL_ENGINES=1 -DHAVE_CURLINFO_COOKIELIST=1 -DHAVE_CURLINFO_LASTSOCKET=1 -DHAVE_CURLINFO_FTP_ENTRY_PATH=1 -DHAVE_CURLINFO_REDIRECT_URL=1 -DHAVE_CURLINFO_PRIMARY_IP=1 -DHAVE_CURLINFO_APPCONNECT_TIME=1 -DHAVE_CURLINFO_CERTINFO=1 -DHAVE_CURLINFO_CONDITION_UNMET=1 -DHAVE_CURLOPT_WRITEDATA=1 -DHAVE_CURLOPT_KEYPASSWD=1 -DHAVE_CURLOPT_DIRLISTONLY=1 -DHAVE_CURLOPT_APPEND=1 -DHAVE_CURLOPT_KRBLEVEL=1 -DHAVE_CURLOPT_USE_SSL=1 -DHAVE_CURLOPT_TIMEOUT_MS=1 -DHAVE_CURLOPT_CONNECTTIMEOUT_MS=1 -DHAVE_CURLOPT_HTTP_TRANSFER_DECODING=1 -DHAVE_CURLOPT_HTTP_CONTENT_DECODING=1 -DHAVE_CURLOPT_NEW_FILE_PERMS=1 -DHAVE_CURLOPT_NEW_DIRECTORY_PERMS=1 -DHAVE_CURLOPT_POSTREDIR=1 -DHAVE_CURLOPT_OPENSOCKETFUNCTION=1 -DHAVE_CURLOPT_OPENSOCKETDATA=1 -DHAVE_CURLOPT_COPYPOSTFIELDS=1 -DHAVE_CURLOPT_PROXY_TRANSFER_MODE=1 -DHAVE_CURLOPT_SEEKFUNCTION=1 -DHAVE_CURLOPT_SEEKDATA=1 -DHAVE_CURLOPT_CRLFILE=1 -DHAVE_CURLOPT_ISSUERCERT=1 -DHAVE_CURLOPT_ADDRESS_SCOPE=1 -DHAVE_CURLOPT_CERTINFO=1 -DHAVE_CURLOPT_USERNAME=1 -DHAVE_CURLOPT_PASSWORD=1 -DHAVE_CURLOPT_PROXYUSERNAME=1 -DHAVE_CURLOPT_PROXYPASSWORD=1 -DHAVE_CURLOPT_SSH_HOST_PUBLIC_KEY_MD5=1 -DHAVE_CURLOPT_NOPROXY=1 -DHAVE_CURLOPT_TFTP_BLKSIZE=1 -DHAVE_CURLOPT_SOCKS5_GSSAPI_SERVICE=1 -DHAVE_CURLOPT_SOCKS5_GSSAPI_NEC=1 -DHAVE_CURLOPT_PROTOCOLS=1 -DHAVE_CURLOPT_REDIR_PROTOCOLS=1 -DHAVE_CURLOPT_SSH_AUTH_TYPES=1 -DHAVE_CURLOPT_SSH_PUBLIC_KEYFILE=1 -DHAVE_CURLOPT_SSH_PRIVATE_KEYFILE=1 -DHAVE_CURLOPT_FTP_SSL_CCC=1 -DHAVE_CURLOPT_COOKIELIST=1 -DHAVE_CURLOPT_IGNORE_CONTENT_LENGTH=1 -DHAVE_CURLOPT_FTP_SKIP_PASV_IP=1 -DHAVE_CURLOPT_FTP_FILEMETHOD=1 -DHAVE_CURLOPT_LOCALPORT=1 -DHAVE_CURLOPT_LOCALPORTRANGE=1 -DHAVE_CURLOPT_CONNECT_ONLY=1 -DHAVE_CURLOPT_CONV_FROM_NETWORK_FUNCTION=1 -DHAVE_CURLOPT_CONV_TO_NETWORK_FUNCTION=1 -DHAVE_CURLOPT_CONV_FROM_UTF8_FUNCTION=1 -DHAVE_CURLOPT_MAX_SEND_SPEED_LARGE=1 -DHAVE_CURLOPT_MAX_RECV_SPEED_LARGE=1 -DHAVE_CURLOPT_FTP_ALTERNATIVE_TO_USER=1 -DHAVE_CURLOPT_SOCKOPTFUNCTION=1 -DHAVE_CURLOPT_SOCKOPTDATA=1 -DHAVE_CURLOPT_SSL_SESSIONID_CACHE=1 -I/usr/include/libxml2  -I/usr/local/include    -fpic  -g -O2 -fstack-protector-strong -Wformat -Werror=format-security -Wdate-time -D_FORTIFY_SOURCE=2 -g  -c enums.c -o enums.o
gcc -std=gnu2x -I"/usr/local/lib/R/include" -DNDEBUG -DCURL_DISABLE_DEPRECATION -DHAVE_LIBIDN_FIELD=1 -DHAVE_CURLOPT_URL=1 -DHAVE_CURLINFO_EFFECTIVE_URL=1 -DHAVE_CURLINFO_RESPONSE_CODE=1 -DHAVE_CURLINFO_TOTAL_TIME=1 -DHAVE_CURLINFO_NAMELOOKUP_TIME=1 -DHAVE_CURLINFO_CONNECT_TIME=1 -DHAVE_CURLINFO_PRETRANSFER_TIME=1 -DHAVE_CURLINFO_SIZE_UPLOAD=1 -DHAVE_CURLINFO_SIZE_DOWNLOAD=1 -DHAVE_CURLINFO_SPEED_DOWNLOAD=1 -DHAVE_CURLINFO_SPEED_UPLOAD=1 -DHAVE_CURLINFO_HEADER_SIZE=1 -DHAVE_CURLINFO_REQUEST_SIZE=1 -DHAVE_CURLINFO_SSL_VERIFYRESULT=1 -DHAVE_CURLINFO_FILETIME=1 -DHAVE_CURLINFO_CONTENT_LENGTH_DOWNLOAD=1 -DHAVE_CURLINFO_CONTENT_LENGTH_UPLOAD=1 -DHAVE_CURLINFO_STARTTRANSFER_TIME=1 -DHAVE_CURLINFO_CONTENT_TYPE=1 -DHAVE_CURLINFO_REDIRECT_TIME=1 -DHAVE_CURLINFO_REDIRECT_COUNT=1 -DHAVE_CURLINFO_PRIVATE=1 -DHAVE_CURLINFO_HTTP_CONNECTCODE=1 -DHAVE_CURLINFO_HTTPAUTH_AVAIL=1 -DHAVE_CURLINFO_PROXYAUTH_AVAIL=1 -DHAVE_CURLINFO_OS_ERRNO=1 -DHAVE_CURLINFO_NUM_CONNECTS=1 -DHAVE_CURLINFO_SSL_ENGINES=1 -DHAVE_CURLINFO_COOKIELIST=1 -DHAVE_CURLINFO_LASTSOCKET=1 -DHAVE_CURLINFO_FTP_ENTRY_PATH=1 -DHAVE_CURLINFO_REDIRECT_URL=1 -DHAVE_CURLINFO_PRIMARY_IP=1 -DHAVE_CURLINFO_APPCONNECT_TIME=1 -DHAVE_CURLINFO_CERTINFO=1 -DHAVE_CURLINFO_CONDITION_UNMET=1 -DHAVE_CURLOPT_WRITEDATA=1 -DHAVE_CURLOPT_KEYPASSWD=1 -DHAVE_CURLOPT_DIRLISTONLY=1 -DHAVE_CURLOPT_APPEND=1 -DHAVE_CURLOPT_KRBLEVEL=1 -DHAVE_CURLOPT_USE_SSL=1 -DHAVE_CURLOPT_TIMEOUT_MS=1 -DHAVE_CURLOPT_CONNECTTIMEOUT_MS=1 -DHAVE_CURLOPT_HTTP_TRANSFER_DECODING=1 -DHAVE_CURLOPT_HTTP_CONTENT_DECODING=1 -DHAVE_CURLOPT_NEW_FILE_PERMS=1 -DHAVE_CURLOPT_NEW_DIRECTORY_PERMS=1 -DHAVE_CURLOPT_POSTREDIR=1 -DHAVE_CURLOPT_OPENSOCKETFUNCTION=1 -DHAVE_CURLOPT_OPENSOCKETDATA=1 -DHAVE_CURLOPT_COPYPOSTFIELDS=1 -DHAVE_CURLOPT_PROXY_TRANSFER_MODE=1 -DHAVE_CURLOPT_SEEKFUNCTION=1 -DHAVE_CURLOPT_SEEKDATA=1 -DHAVE_CURLOPT_CRLFILE=1 -DHAVE_CURLOPT_ISSUERCERT=1 -DHAVE_CURLOPT_ADDRESS_SCOPE=1 -DHAVE_CURLOPT_CERTINFO=1 -DHAVE_CURLOPT_USERNAME=1 -DHAVE_CURLOPT_PASSWORD=1 -DHAVE_CURLOPT_PROXYUSERNAME=1 -DHAVE_CURLOPT_PROXYPASSWORD=1 -DHAVE_CURLOPT_SSH_HOST_PUBLIC_KEY_MD5=1 -DHAVE_CURLOPT_NOPROXY=1 -DHAVE_CURLOPT_TFTP_BLKSIZE=1 -DHAVE_CURLOPT_SOCKS5_GSSAPI_SERVICE=1 -DHAVE_CURLOPT_SOCKS5_GSSAPI_NEC=1 -DHAVE_CURLOPT_PROTOCOLS=1 -DHAVE_CURLOPT_REDIR_PROTOCOLS=1 -DHAVE_CURLOPT_SSH_AUTH_TYPES=1 -DHAVE_CURLOPT_SSH_PUBLIC_KEYFILE=1 -DHAVE_CURLOPT_SSH_PRIVATE_KEYFILE=1 -DHAVE_CURLOPT_FTP_SSL_CCC=1 -DHAVE_CURLOPT_COOKIELIST=1 -DHAVE_CURLOPT_IGNORE_CONTENT_LENGTH=1 -DHAVE_CURLOPT_FTP_SKIP_PASV_IP=1 -DHAVE_CURLOPT_FTP_FILEMETHOD=1 -DHAVE_CURLOPT_LOCALPORT=1 -DHAVE_CURLOPT_LOCALPORTRANGE=1 -DHAVE_CURLOPT_CONNECT_ONLY=1 -DHAVE_CURLOPT_CONV_FROM_NETWORK_FUNCTION=1 -DHAVE_CURLOPT_CONV_TO_NETWORK_FUNCTION=1 -DHAVE_CURLOPT_CONV_FROM_UTF8_FUNCTION=1 -DHAVE_CURLOPT_MAX_SEND_SPEED_LARGE=1 -DHAVE_CURLOPT_MAX_RECV_SPEED_LARGE=1 -DHAVE_CURLOPT_FTP_ALTERNATIVE_TO_USER=1 -DHAVE_CURLOPT_SOCKOPTFUNCTION=1 -DHAVE_CURLOPT_SOCKOPTDATA=1 -DHAVE_CURLOPT_SSL_SESSIONID_CACHE=1 -I/usr/include/libxml2  -I/usr/local/include    -fpic  -g -O2 -fstack-protector-strong -Wformat -Werror=format-security -Wdate-time -D_FORTIFY_SOURCE=2 -g  -c json.c -o json.o
gcc -std=gnu2x -I"/usr/local/lib/R/include" -DNDEBUG -DCURL_DISABLE_DEPRECATION -DHAVE_LIBIDN_FIELD=1 -DHAVE_CURLOPT_URL=1 -DHAVE_CURLINFO_EFFECTIVE_URL=1 -DHAVE_CURLINFO_RESPONSE_CODE=1 -DHAVE_CURLINFO_TOTAL_TIME=1 -DHAVE_CURLINFO_NAMELOOKUP_TIME=1 -DHAVE_CURLINFO_CONNECT_TIME=1 -DHAVE_CURLINFO_PRETRANSFER_TIME=1 -DHAVE_CURLINFO_SIZE_UPLOAD=1 -DHAVE_CURLINFO_SIZE_DOWNLOAD=1 -DHAVE_CURLINFO_SPEED_DOWNLOAD=1 -DHAVE_CURLINFO_SPEED_UPLOAD=1 -DHAVE_CURLINFO_HEADER_SIZE=1 -DHAVE_CURLINFO_REQUEST_SIZE=1 -DHAVE_CURLINFO_SSL_VERIFYRESULT=1 -DHAVE_CURLINFO_FILETIME=1 -DHAVE_CURLINFO_CONTENT_LENGTH_DOWNLOAD=1 -DHAVE_CURLINFO_CONTENT_LENGTH_UPLOAD=1 -DHAVE_CURLINFO_STARTTRANSFER_TIME=1 -DHAVE_CURLINFO_CONTENT_TYPE=1 -DHAVE_CURLINFO_REDIRECT_TIME=1 -DHAVE_CURLINFO_REDIRECT_COUNT=1 -DHAVE_CURLINFO_PRIVATE=1 -DHAVE_CURLINFO_HTTP_CONNECTCODE=1 -DHAVE_CURLINFO_HTTPAUTH_AVAIL=1 -DHAVE_CURLINFO_PROXYAUTH_AVAIL=1 -DHAVE_CURLINFO_OS_ERRNO=1 -DHAVE_CURLINFO_NUM_CONNECTS=1 -DHAVE_CURLINFO_SSL_ENGINES=1 -DHAVE_CURLINFO_COOKIELIST=1 -DHAVE_CURLINFO_LASTSOCKET=1 -DHAVE_CURLINFO_FTP_ENTRY_PATH=1 -DHAVE_CURLINFO_REDIRECT_URL=1 -DHAVE_CURLINFO_PRIMARY_IP=1 -DHAVE_CURLINFO_APPCONNECT_TIME=1 -DHAVE_CURLINFO_CERTINFO=1 -DHAVE_CURLINFO_CONDITION_UNMET=1 -DHAVE_CURLOPT_WRITEDATA=1 -DHAVE_CURLOPT_KEYPASSWD=1 -DHAVE_CURLOPT_DIRLISTONLY=1 -DHAVE_CURLOPT_APPEND=1 -DHAVE_CURLOPT_KRBLEVEL=1 -DHAVE_CURLOPT_USE_SSL=1 -DHAVE_CURLOPT_TIMEOUT_MS=1 -DHAVE_CURLOPT_CONNECTTIMEOUT_MS=1 -DHAVE_CURLOPT_HTTP_TRANSFER_DECODING=1 -DHAVE_CURLOPT_HTTP_CONTENT_DECODING=1 -DHAVE_CURLOPT_NEW_FILE_PERMS=1 -DHAVE_CURLOPT_NEW_DIRECTORY_PERMS=1 -DHAVE_CURLOPT_POSTREDIR=1 -DHAVE_CURLOPT_OPENSOCKETFUNCTION=1 -DHAVE_CURLOPT_OPENSOCKETDATA=1 -DHAVE_CURLOPT_COPYPOSTFIELDS=1 -DHAVE_CURLOPT_PROXY_TRANSFER_MODE=1 -DHAVE_CURLOPT_SEEKFUNCTION=1 -DHAVE_CURLOPT_SEEKDATA=1 -DHAVE_CURLOPT_CRLFILE=1 -DHAVE_CURLOPT_ISSUERCERT=1 -DHAVE_CURLOPT_ADDRESS_SCOPE=1 -DHAVE_CURLOPT_CERTINFO=1 -DHAVE_CURLOPT_USERNAME=1 -DHAVE_CURLOPT_PASSWORD=1 -DHAVE_CURLOPT_PROXYUSERNAME=1 -DHAVE_CURLOPT_PROXYPASSWORD=1 -DHAVE_CURLOPT_SSH_HOST_PUBLIC_KEY_MD5=1 -DHAVE_CURLOPT_NOPROXY=1 -DHAVE_CURLOPT_TFTP_BLKSIZE=1 -DHAVE_CURLOPT_SOCKS5_GSSAPI_SERVICE=1 -DHAVE_CURLOPT_SOCKS5_GSSAPI_NEC=1 -DHAVE_CURLOPT_PROTOCOLS=1 -DHAVE_CURLOPT_REDIR_PROTOCOLS=1 -DHAVE_CURLOPT_SSH_AUTH_TYPES=1 -DHAVE_CURLOPT_SSH_PUBLIC_KEYFILE=1 -DHAVE_CURLOPT_SSH_PRIVATE_KEYFILE=1 -DHAVE_CURLOPT_FTP_SSL_CCC=1 -DHAVE_CURLOPT_COOKIELIST=1 -DHAVE_CURLOPT_IGNORE_CONTENT_LENGTH=1 -DHAVE_CURLOPT_FTP_SKIP_PASV_IP=1 -DHAVE_CURLOPT_FTP_FILEMETHOD=1 -DHAVE_CURLOPT_LOCALPORT=1 -DHAVE_CURLOPT_LOCALPORTRANGE=1 -DHAVE_CURLOPT_CONNECT_ONLY=1 -DHAVE_CURLOPT_CONV_FROM_NETWORK_FUNCTION=1 -DHAVE_CURLOPT_CONV_TO_NETWORK_FUNCTION=1 -DHAVE_CURLOPT_CONV_FROM_UTF8_FUNCTION=1 -DHAVE_CURLOPT_MAX_SEND_SPEED_LARGE=1 -DHAVE_CURLOPT_MAX_RECV_SPEED_LARGE=1 -DHAVE_CURLOPT_FTP_ALTERNATIVE_TO_USER=1 -DHAVE_CURLOPT_SOCKOPTFUNCTION=1 -DHAVE_CURLOPT_SOCKOPTDATA=1 -DHAVE_CURLOPT_SSL_SESSIONID_CACHE=1 -I/usr/include/libxml2  -I/usr/local/include    -fpic  -g -O2 -fstack-protector-strong -Wformat -Werror=format-security -Wdate-time -D_FORTIFY_SOURCE=2 -g  -c memoryManagement.c -o memoryManagement.o
gcc -std=gnu2x -I"/usr/local/lib/R/include" -DNDEBUG -DCURL_DISABLE_DEPRECATION -DHAVE_LIBIDN_FIELD=1 -DHAVE_CURLOPT_URL=1 -DHAVE_CURLINFO_EFFECTIVE_URL=1 -DHAVE_CURLINFO_RESPONSE_CODE=1 -DHAVE_CURLINFO_TOTAL_TIME=1 -DHAVE_CURLINFO_NAMELOOKUP_TIME=1 -DHAVE_CURLINFO_CONNECT_TIME=1 -DHAVE_CURLINFO_PRETRANSFER_TIME=1 -DHAVE_CURLINFO_SIZE_UPLOAD=1 -DHAVE_CURLINFO_SIZE_DOWNLOAD=1 -DHAVE_CURLINFO_SPEED_DOWNLOAD=1 -DHAVE_CURLINFO_SPEED_UPLOAD=1 -DHAVE_CURLINFO_HEADER_SIZE=1 -DHAVE_CURLINFO_REQUEST_SIZE=1 -DHAVE_CURLINFO_SSL_VERIFYRESULT=1 -DHAVE_CURLINFO_FILETIME=1 -DHAVE_CURLINFO_CONTENT_LENGTH_DOWNLOAD=1 -DHAVE_CURLINFO_CONTENT_LENGTH_UPLOAD=1 -DHAVE_CURLINFO_STARTTRANSFER_TIME=1 -DHAVE_CURLINFO_CONTENT_TYPE=1 -DHAVE_CURLINFO_REDIRECT_TIME=1 -DHAVE_CURLINFO_REDIRECT_COUNT=1 -DHAVE_CURLINFO_PRIVATE=1 -DHAVE_CURLINFO_HTTP_CONNECTCODE=1 -DHAVE_CURLINFO_HTTPAUTH_AVAIL=1 -DHAVE_CURLINFO_PROXYAUTH_AVAIL=1 -DHAVE_CURLINFO_OS_ERRNO=1 -DHAVE_CURLINFO_NUM_CONNECTS=1 -DHAVE_CURLINFO_SSL_ENGINES=1 -DHAVE_CURLINFO_COOKIELIST=1 -DHAVE_CURLINFO_LASTSOCKET=1 -DHAVE_CURLINFO_FTP_ENTRY_PATH=1 -DHAVE_CURLINFO_REDIRECT_URL=1 -DHAVE_CURLINFO_PRIMARY_IP=1 -DHAVE_CURLINFO_APPCONNECT_TIME=1 -DHAVE_CURLINFO_CERTINFO=1 -DHAVE_CURLINFO_CONDITION_UNMET=1 -DHAVE_CURLOPT_WRITEDATA=1 -DHAVE_CURLOPT_KEYPASSWD=1 -DHAVE_CURLOPT_DIRLISTONLY=1 -DHAVE_CURLOPT_APPEND=1 -DHAVE_CURLOPT_KRBLEVEL=1 -DHAVE_CURLOPT_USE_SSL=1 -DHAVE_CURLOPT_TIMEOUT_MS=1 -DHAVE_CURLOPT_CONNECTTIMEOUT_MS=1 -DHAVE_CURLOPT_HTTP_TRANSFER_DECODING=1 -DHAVE_CURLOPT_HTTP_CONTENT_DECODING=1 -DHAVE_CURLOPT_NEW_FILE_PERMS=1 -DHAVE_CURLOPT_NEW_DIRECTORY_PERMS=1 -DHAVE_CURLOPT_POSTREDIR=1 -DHAVE_CURLOPT_OPENSOCKETFUNCTION=1 -DHAVE_CURLOPT_OPENSOCKETDATA=1 -DHAVE_CURLOPT_COPYPOSTFIELDS=1 -DHAVE_CURLOPT_PROXY_TRANSFER_MODE=1 -DHAVE_CURLOPT_SEEKFUNCTION=1 -DHAVE_CURLOPT_SEEKDATA=1 -DHAVE_CURLOPT_CRLFILE=1 -DHAVE_CURLOPT_ISSUERCERT=1 -DHAVE_CURLOPT_ADDRESS_SCOPE=1 -DHAVE_CURLOPT_CERTINFO=1 -DHAVE_CURLOPT_USERNAME=1 -DHAVE_CURLOPT_PASSWORD=1 -DHAVE_CURLOPT_PROXYUSERNAME=1 -DHAVE_CURLOPT_PROXYPASSWORD=1 -DHAVE_CURLOPT_SSH_HOST_PUBLIC_KEY_MD5=1 -DHAVE_CURLOPT_NOPROXY=1 -DHAVE_CURLOPT_TFTP_BLKSIZE=1 -DHAVE_CURLOPT_SOCKS5_GSSAPI_SERVICE=1 -DHAVE_CURLOPT_SOCKS5_GSSAPI_NEC=1 -DHAVE_CURLOPT_PROTOCOLS=1 -DHAVE_CURLOPT_REDIR_PROTOCOLS=1 -DHAVE_CURLOPT_SSH_AUTH_TYPES=1 -DHAVE_CURLOPT_SSH_PUBLIC_KEYFILE=1 -DHAVE_CURLOPT_SSH_PRIVATE_KEYFILE=1 -DHAVE_CURLOPT_FTP_SSL_CCC=1 -DHAVE_CURLOPT_COOKIELIST=1 -DHAVE_CURLOPT_IGNORE_CONTENT_LENGTH=1 -DHAVE_CURLOPT_FTP_SKIP_PASV_IP=1 -DHAVE_CURLOPT_FTP_FILEMETHOD=1 -DHAVE_CURLOPT_LOCALPORT=1 -DHAVE_CURLOPT_LOCALPORTRANGE=1 -DHAVE_CURLOPT_CONNECT_ONLY=1 -DHAVE_CURLOPT_CONV_FROM_NETWORK_FUNCTION=1 -DHAVE_CURLOPT_CONV_TO_NETWORK_FUNCTION=1 -DHAVE_CURLOPT_CONV_FROM_UTF8_FUNCTION=1 -DHAVE_CURLOPT_MAX_SEND_SPEED_LARGE=1 -DHAVE_CURLOPT_MAX_RECV_SPEED_LARGE=1 -DHAVE_CURLOPT_FTP_ALTERNATIVE_TO_USER=1 -DHAVE_CURLOPT_SOCKOPTFUNCTION=1 -DHAVE_CURLOPT_SOCKOPTDATA=1 -DHAVE_CURLOPT_SSL_SESSIONID_CACHE=1 -I/usr/include/libxml2  -I/usr/local/include    -fpic  -g -O2 -fstack-protector-strong -Wformat -Werror=format-security -Wdate-time -D_FORTIFY_SOURCE=2 -g  -c myUTF8.c -o myUTF8.o
gcc -std=gnu2x -shared -L/usr/local/lib/R/lib -L/usr/local/lib -o RCurl.so base64.o curl.o curlInit.o curl_base64.o enums.o json.o memoryManagement.o myUTF8.o -lcurl -lxml2 -L/usr/local/lib/R/lib -lR
installing to /usr/local/lib/R/site-library/00LOCK-RCurl/00new/RCurl/libs
** R
** data
** inst
** byte-compile and prepare package for lazy loading
** help
*** installing help indices
** building package indices
** testing if installed package can be loaded from temporary location
** checking absolute paths in shared objects and dynamic libraries
** testing if installed package can be loaded from final location
** testing if installed package keeps a record of temporary installation path
* creating tarball
packaged installation of ‘RCurl’ as ‘RCurl_1.98-1.17_R_x86_64-pc-linux-gnu.tar.gz’
* DONE (RCurl)
* installing *source* package ‘statnet.common’ ...
** this is package ‘statnet.common’ version ‘4.11.0’
** package ‘statnet.common’ successfully unpacked and MD5 sums checked
** using staged installation
** libs
using C compiler: ‘gcc (Ubuntu 13.3.0-6ubuntu2~24.04) 13.3.0’
gcc -std=gnu2x -I"/usr/local/lib/R/include" -DNDEBUG   -I/usr/local/include    -fpic  -g -O2 -fstack-protector-strong -Wformat -Werror=format-security -Wdate-time -D_FORTIFY_SOURCE=2 -g  -c init.c -o init.o
gcc -std=gnu2x -I"/usr/local/lib/R/include" -DNDEBUG   -I/usr/local/include    -fpic  -g -O2 -fstack-protector-strong -Wformat -Werror=format-security -Wdate-time -D_FORTIFY_SOURCE=2 -g  -c logspace_utils.c -o logspace_utils.o
gcc -std=gnu2x -shared -L/usr/local/lib/R/lib -L/usr/local/lib -o statnet.common.so init.o logspace_utils.o -L/usr/local/lib/R/lib -lR
installing to /usr/local/lib/R/site-library/00LOCK-statnet.common/00new/statnet.common/libs
** R
** inst
** byte-compile and prepare package for lazy loading
** help
*** installing help indices
** building package indices
** testing if installed package can be loaded from temporary location
** checking absolute paths in shared objects and dynamic libraries
** testing if installed package can be loaded from final location
** testing if installed package keeps a record of temporary installation path
* creating tarball
packaged installation of ‘statnet.common’ as ‘statnet.common_4.11.0_R_x86_64-pc-linux-gnu.tar.gz’
* DONE (statnet.common)
* installing *source* package ‘BiocGenerics’ ...
** this is package ‘BiocGenerics’ version ‘0.54.0’
** using staged installation
** R
** inst
** byte-compile and prepare package for lazy loading
Creating a new generic function for ‘aperm’ in package ‘BiocGenerics’
Creating a new generic function for ‘append’ in package ‘BiocGenerics’
Creating a new generic function for ‘as.data.frame’ in package ‘BiocGenerics’
Creating a new generic function for ‘cbind’ in package ‘BiocGenerics’
Creating a new generic function for ‘rbind’ in package ‘BiocGenerics’
Creating a new generic function for ‘do.call’ in package ‘BiocGenerics’
Creating a new generic function for ‘duplicated’ in package ‘BiocGenerics’
Creating a new generic function for ‘anyDuplicated’ in package ‘BiocGenerics’
Creating a new generic function for ‘eval’ in package ‘BiocGenerics’
Creating a new generic function for ‘pmax’ in package ‘BiocGenerics’
Creating a new generic function for ‘pmin’ in package ‘BiocGenerics’
Creating a new generic function for ‘pmax.int’ in package ‘BiocGenerics’
Creating a new generic function for ‘pmin.int’ in package ‘BiocGenerics’
Creating a new generic function for ‘Reduce’ in package ‘BiocGenerics’
Creating a new generic function for ‘Filter’ in package ‘BiocGenerics’
Creating a new generic function for ‘Find’ in package ‘BiocGenerics’
Creating a new generic function for ‘Map’ in package ‘BiocGenerics’
Creating a new generic function for ‘Position’ in package ‘BiocGenerics’
Creating a new generic function for ‘get’ in package ‘BiocGenerics’
Creating a new generic function for ‘mget’ in package ‘BiocGenerics’
Creating a new generic function for ‘grep’ in package ‘BiocGenerics’
Creating a new generic function for ‘grepl’ in package ‘BiocGenerics’
Creating a new generic function for ‘is.unsorted’ in package ‘BiocGenerics’
Creating a new generic function for ‘lapply’ in package ‘BiocGenerics’
Creating a new generic function for ‘sapply’ in package ‘BiocGenerics’
Creating a new generic function for ‘mapply’ in package ‘BiocGenerics’
Creating a new generic function for ‘match’ in package ‘BiocGenerics’
Creating a new generic function for ‘order’ in package ‘BiocGenerics’
Creating a new generic function for ‘paste’ in package ‘BiocGenerics’
Creating a new generic function for ‘rank’ in package ‘BiocGenerics’
Creating a new generic function for ‘rownames’ in package ‘BiocGenerics’
Creating a new generic function for ‘colnames’ in package ‘BiocGenerics’
Creating a new generic function for ‘saveRDS’ in package ‘BiocGenerics’
Creating a new generic function for ‘table’ in package ‘BiocGenerics’
Creating a new generic function for ‘tapply’ in package ‘BiocGenerics’
Creating a new generic function for ‘unique’ in package ‘BiocGenerics’
Creating a new generic function for ‘unsplit’ in package ‘BiocGenerics’
Creating a new generic function for ‘which.min’ in package ‘BiocGenerics’
Creating a new generic function for ‘which.max’ in package ‘BiocGenerics’
Creating a new generic function for ‘IQR’ in package ‘BiocGenerics’
Creating a new generic function for ‘mad’ in package ‘BiocGenerics’
Creating a new generic function for ‘var’ in package ‘BiocGenerics’
Creating a new generic function for ‘sd’ in package ‘BiocGenerics’
Creating a new generic function for ‘xtabs’ in package ‘BiocGenerics’
Creating a new generic function for ‘basename’ in package ‘BiocGenerics’
Creating a new generic function for ‘dirname’ in package ‘BiocGenerics’
** help
*** installing help indices
** building package indices
** testing if installed package can be loaded from temporary location
** testing if installed package can be loaded from final location
** testing if installed package keeps a record of temporary installation path
* creating tarball
packaged installation of ‘BiocGenerics’ as ‘BiocGenerics_0.54.0_R_x86_64-pc-linux-gnu.tar.gz’
* DONE (BiocGenerics)
* installing *source* package ‘scales’ ...
** this is package ‘scales’ version ‘1.4.0’
** package ‘scales’ successfully unpacked and MD5 sums checked
** using staged installation
** R
** byte-compile and prepare package for lazy loading
** help
*** installing help indices
*** copying figures
** building package indices
** testing if installed package can be loaded from temporary location
** testing if installed package can be loaded from final location
** testing if installed package keeps a record of temporary installation path
* creating tarball
packaged installation of ‘scales’ as ‘scales_1.4.0_R_x86_64-pc-linux-gnu.tar.gz’
* DONE (scales)
* installing *source* package ‘dplyr’ ...
** this is package ‘dplyr’ version ‘1.1.4’
** package ‘dplyr’ successfully unpacked and MD5 sums checked
** using staged installation
** libs
using C++ compiler: ‘g++ (Ubuntu 13.3.0-6ubuntu2~24.04) 13.3.0’
g++ -std=gnu++17 -I"/usr/local/lib/R/include" -DNDEBUG   -I/usr/local/include    -fpic  -g -O2 -fstack-protector-strong -Wformat -Werror=format-security -Wdate-time -D_FORTIFY_SOURCE=2 -g   -c chop.cpp -o chop.o
g++ -std=gnu++17 -I"/usr/local/lib/R/include" -DNDEBUG   -I/usr/local/include    -fpic  -g -O2 -fstack-protector-strong -Wformat -Werror=format-security -Wdate-time -D_FORTIFY_SOURCE=2 -g   -c filter.cpp -o filter.o
g++ -std=gnu++17 -I"/usr/local/lib/R/include" -DNDEBUG   -I/usr/local/include    -fpic  -g -O2 -fstack-protector-strong -Wformat -Werror=format-security -Wdate-time -D_FORTIFY_SOURCE=2 -g   -c funs.cpp -o funs.o
g++ -std=gnu++17 -I"/usr/local/lib/R/include" -DNDEBUG   -I/usr/local/include    -fpic  -g -O2 -fstack-protector-strong -Wformat -Werror=format-security -Wdate-time -D_FORTIFY_SOURCE=2 -g   -c group_by.cpp -o group_by.o
g++ -std=gnu++17 -I"/usr/local/lib/R/include" -DNDEBUG   -I/usr/local/include    -fpic  -g -O2 -fstack-protector-strong -Wformat -Werror=format-security -Wdate-time -D_FORTIFY_SOURCE=2 -g   -c group_data.cpp -o group_data.o
g++ -std=gnu++17 -I"/usr/local/lib/R/include" -DNDEBUG   -I/usr/local/include    -fpic  -g -O2 -fstack-protector-strong -Wformat -Werror=format-security -Wdate-time -D_FORTIFY_SOURCE=2 -g   -c imports.cpp -o imports.o
g++ -std=gnu++17 -I"/usr/local/lib/R/include" -DNDEBUG   -I/usr/local/include    -fpic  -g -O2 -fstack-protector-strong -Wformat -Werror=format-security -Wdate-time -D_FORTIFY_SOURCE=2 -g   -c init.cpp -o init.o
g++ -std=gnu++17 -I"/usr/local/lib/R/include" -DNDEBUG   -I/usr/local/include    -fpic  -g -O2 -fstack-protector-strong -Wformat -Werror=format-security -Wdate-time -D_FORTIFY_SOURCE=2 -g   -c mask.cpp -o mask.o
g++ -std=gnu++17 -I"/usr/local/lib/R/include" -DNDEBUG   -I/usr/local/include    -fpic  -g -O2 -fstack-protector-strong -Wformat -Werror=format-security -Wdate-time -D_FORTIFY_SOURCE=2 -g   -c mutate.cpp -o mutate.o
g++ -std=gnu++17 -I"/usr/local/lib/R/include" -DNDEBUG   -I/usr/local/include    -fpic  -g -O2 -fstack-protector-strong -Wformat -Werror=format-security -Wdate-time -D_FORTIFY_SOURCE=2 -g   -c reconstruct.cpp -o reconstruct.o
g++ -std=gnu++17 -I"/usr/local/lib/R/include" -DNDEBUG   -I/usr/local/include    -fpic  -g -O2 -fstack-protector-strong -Wformat -Werror=format-security -Wdate-time -D_FORTIFY_SOURCE=2 -g   -c slice.cpp -o slice.o
g++ -std=gnu++17 -I"/usr/local/lib/R/include" -DNDEBUG   -I/usr/local/include    -fpic  -g -O2 -fstack-protector-strong -Wformat -Werror=format-security -Wdate-time -D_FORTIFY_SOURCE=2 -g   -c summarise.cpp -o summarise.o
g++ -std=gnu++17 -shared -L/usr/local/lib/R/lib -L/usr/local/lib -o dplyr.so chop.o filter.o funs.o group_by.o group_data.o imports.o init.o mask.o mutate.o reconstruct.o slice.o summarise.o -L/usr/local/lib/R/lib -lR
installing to /usr/local/lib/R/site-library/00LOCK-dplyr/00new/dplyr/libs
** R
** data
*** moving datasets to lazyload DB
** inst
** byte-compile and prepare package for lazy loading
** help
*** installing help indices
*** copying figures
** building package indices
** installing vignettes
** testing if installed package can be loaded from temporary location
** checking absolute paths in shared objects and dynamic libraries
** testing if installed package can be loaded from final location
** testing if installed package keeps a record of temporary installation path
* creating tarball
packaged installation of ‘dplyr’ as ‘dplyr_1.1.4_R_x86_64-pc-linux-gnu.tar.gz’
* DONE (dplyr)
* installing *source* package ‘rex’ ...
** this is package ‘rex’ version ‘1.2.1’
** package ‘rex’ successfully unpacked and MD5 sums checked
** using staged installation
** R
** inst
** byte-compile and prepare package for lazy loading
** help
*** installing help indices
** building package indices
** installing vignettes
** testing if installed package can be loaded from temporary location
** testing if installed package can be loaded from final location
** testing if installed package keeps a record of temporary installation path
* creating tarball
packaged installation of ‘rex’ as ‘rex_1.2.1_R_x86_64-pc-linux-gnu.tar.gz’
* DONE (rex)
* installing *source* package ‘BiocStyle’ ...
** this is package ‘BiocStyle’ version ‘2.36.0’
** using staged installation
** R
** inst
** byte-compile and prepare package for lazy loading
** help
*** installing help indices
** building package indices
** installing vignettes
** testing if installed package can be loaded from temporary location
** testing if installed package can be loaded from final location
** testing if installed package keeps a record of temporary installation path
* creating tarball
packaged installation of ‘BiocStyle’ as ‘BiocStyle_2.36.0_R_x86_64-pc-linux-gnu.tar.gz’
* DONE (BiocStyle)
* installing *source* package ‘labdsv’ ...
** this is package ‘labdsv’ version ‘2.1-0’
** package ‘labdsv’ successfully unpacked and MD5 sums checked
** using staged installation
** libs
using C compiler: ‘gcc (Ubuntu 13.3.0-6ubuntu2~24.04) 13.3.0’
using Fortran compiler: ‘GNU Fortran (Ubuntu 13.3.0-6ubuntu2~24.04) 13.3.0’
gfortran  -fpic  -g -O2  -c  dsvdis.f90 -o dsvdis.o
gfortran  -fpic  -g -O2  -c  euclid.f90 -o euclid.o
gfortran  -fpic  -g -O2  -c  indval.f90 -o indval.o
gfortran  -fpic  -g -O2  -c  ismetric.f90 -o ismetric.o
gfortran  -fpic  -g -O2  -c  metric.f90 -o metric.o
gfortran  -fpic  -g -O2  -c  orddist.f90 -o orddist.o
gfortran  -fpic  -g -O2  -c  pip.f90 -o pip.o
gcc -std=gnu2x -I"/usr/local/lib/R/include" -DNDEBUG   -I/usr/local/include    -fpic  -g -O2 -fstack-protector-strong -Wformat -Werror=format-security -Wdate-time -D_FORTIFY_SOURCE=2 -g  -c random.c -o random.o
gfortran  -fpic  -g -O2  -c  stepdist.f90 -o stepdist.o
gfortran  -fpic  -g -O2  -c  thull.f90 -o thull.o
gcc -std=gnu2x -shared -L/usr/local/lib/R/lib -L/usr/local/lib -o labdsv.so dsvdis.o euclid.o indval.o ismetric.o metric.o orddist.o pip.o random.o stepdist.o thull.o -lgfortran -lm -lquadmath -L/usr/local/lib/R/lib -lR
installing to /usr/local/lib/R/site-library/00LOCK-labdsv/00new/labdsv/libs
** R
** data
** inst
** byte-compile and prepare package for lazy loading
** help
*** installing help indices
** building package indices
** testing if installed package can be loaded from temporary location
** checking absolute paths in shared objects and dynamic libraries
** testing if installed package can be loaded from final location
** testing if installed package keeps a record of temporary installation path
* creating tarball
packaged installation of ‘labdsv’ as ‘labdsv_2.1-0_R_x86_64-pc-linux-gnu.tar.gz’
* DONE (labdsv)
* installing *source* package ‘networkD3’ ...
** this is package ‘networkD3’ version ‘0.4.1’
** package ‘networkD3’ successfully unpacked and MD5 sums checked
** using staged installation
** R
** data
*** moving datasets to lazyload DB
** inst
** byte-compile and prepare package for lazy loading
** help
*** installing help indices
** building package indices
** testing if installed package can be loaded from temporary location
** testing if installed package can be loaded from final location
** testing if installed package keeps a record of temporary installation path
* creating tarball
packaged installation of ‘networkD3’ as ‘networkD3_0.4.1_R_x86_64-pc-linux-gnu.tar.gz’
* DONE (networkD3)
* installing *source* package ‘Biobase’ ...
** this is package ‘Biobase’ version ‘2.68.0’
** using staged installation
** libs
using C compiler: ‘gcc (Ubuntu 13.3.0-6ubuntu2~24.04) 13.3.0’
gcc -std=gnu2x -I"/usr/local/lib/R/include" -DNDEBUG   -I/usr/local/include    -fpic  -g -O2 -fstack-protector-strong -Wformat -Werror=format-security -Wdate-time -D_FORTIFY_SOURCE=2 -g  -c Rinit.c -o Rinit.o
gcc -std=gnu2x -I"/usr/local/lib/R/include" -DNDEBUG   -I/usr/local/include    -fpic  -g -O2 -fstack-protector-strong -Wformat -Werror=format-security -Wdate-time -D_FORTIFY_SOURCE=2 -g  -c anyMissing.c -o anyMissing.o
gcc -std=gnu2x -I"/usr/local/lib/R/include" -DNDEBUG   -I/usr/local/include    -fpic  -g -O2 -fstack-protector-strong -Wformat -Werror=format-security -Wdate-time -D_FORTIFY_SOURCE=2 -g  -c envir.c -o envir.o
gcc -std=gnu2x -I"/usr/local/lib/R/include" -DNDEBUG   -I/usr/local/include    -fpic  -g -O2 -fstack-protector-strong -Wformat -Werror=format-security -Wdate-time -D_FORTIFY_SOURCE=2 -g  -c matchpt.c -o matchpt.o
gcc -std=gnu2x -I"/usr/local/lib/R/include" -DNDEBUG   -I/usr/local/include    -fpic  -g -O2 -fstack-protector-strong -Wformat -Werror=format-security -Wdate-time -D_FORTIFY_SOURCE=2 -g  -c rowMedians.c -o rowMedians.o
gcc -std=gnu2x -I"/usr/local/lib/R/include" -DNDEBUG   -I/usr/local/include    -fpic  -g -O2 -fstack-protector-strong -Wformat -Werror=format-security -Wdate-time -D_FORTIFY_SOURCE=2 -g  -c sublist_extract.c -o sublist_extract.o
gcc -std=gnu2x -shared -L/usr/local/lib/R/lib -L/usr/local/lib -o Biobase.so Rinit.o anyMissing.o envir.o matchpt.o rowMedians.o sublist_extract.o -L/usr/local/lib/R/lib -lR
installing to /usr/local/lib/R/site-library/00LOCK-Biobase/00new/Biobase/libs
** R
** data
** inst
** byte-compile and prepare package for lazy loading
** help
*** installing help indices
** building package indices
** installing vignettes
** testing if installed package can be loaded from temporary location
** checking absolute paths in shared objects and dynamic libraries
** testing if installed package can be loaded from final location
** testing if installed package keeps a record of temporary installation path
* creating tarball
packaged installation of ‘Biobase’ as ‘Biobase_2.68.0_R_x86_64-pc-linux-gnu.tar.gz’
* DONE (Biobase)
* installing *source* package ‘futile.logger’ ...
** this is package ‘futile.logger’ version ‘1.4.3’
** package ‘futile.logger’ successfully unpacked and MD5 sums checked
** using staged installation
** R
** byte-compile and prepare package for lazy loading
** help
*** installing help indices
** building package indices
** testing if installed package can be loaded from temporary location
** testing if installed package can be loaded from final location
** testing if installed package keeps a record of temporary installation path
* creating tarball
packaged installation of ‘futile.logger’ as ‘futile.logger_1.4.3_R_x86_64-pc-linux-gnu.tar.gz’
* DONE (futile.logger)
* installing *source* package ‘S4Vectors’ ...
** this is package ‘S4Vectors’ version ‘0.46.0’
** using staged installation
** libs
using C compiler: ‘gcc (Ubuntu 13.3.0-6ubuntu2~24.04) 13.3.0’
gcc -std=gnu2x -I"/usr/local/lib/R/include" -DNDEBUG   -I/usr/local/include    -fpic  -g -O2 -fstack-protector-strong -Wformat -Werror=format-security -Wdate-time -D_FORTIFY_SOURCE=2 -g  -c AEbufs.c -o AEbufs.o
gcc -std=gnu2x -I"/usr/local/lib/R/include" -DNDEBUG   -I/usr/local/include    -fpic  -g -O2 -fstack-protector-strong -Wformat -Werror=format-security -Wdate-time -D_FORTIFY_SOURCE=2 -g  -c DataFrame_class.c -o DataFrame_class.o
gcc -std=gnu2x -I"/usr/local/lib/R/include" -DNDEBUG   -I/usr/local/include    -fpic  -g -O2 -fstack-protector-strong -Wformat -Werror=format-security -Wdate-time -D_FORTIFY_SOURCE=2 -g  -c Hits_class.c -o Hits_class.o
In file included from /usr/include/string.h:548,
                 from /usr/local/lib/R/include/R_ext/RS.h:34,
                 from /usr/local/lib/R/include/Rdefines.h:38,
                 from ../inst/include/S4Vectors_defines.h:18,
                 from S4Vectors.h:1,
                 from Hits_class.c:4:
In function ‘memcpy’,
    inlined from ‘tsort_hits’ at Hits_class.c:113:3:
/usr/include/x86_64-linux-gnu/bits/string_fortified.h:29:10: warning: ‘__builtin_memcpy’ specified bound between 18446744065119617024 and 18446744073709551612 exceeds maximum object size 9223372036854775807 [-Wstringop-overflow=]
   29 |   return __builtin___memcpy_chk (__dest, __src, __len,
      |          ^~~~~~~~~~~~~~~~~~~~~~~~~~~~~~~~~~~~~~~~~~~~~
   30 |                                  __glibc_objsize0 (__dest));
      |                                  ~~~~~~~~~~~~~~~~~~~~~~~~~~
gcc -std=gnu2x -I"/usr/local/lib/R/include" -DNDEBUG   -I/usr/local/include    -fpic  -g -O2 -fstack-protector-strong -Wformat -Werror=format-security -Wdate-time -D_FORTIFY_SOURCE=2 -g  -c LLint_class.c -o LLint_class.o
gcc -std=gnu2x -I"/usr/local/lib/R/include" -DNDEBUG   -I/usr/local/include    -fpic  -g -O2 -fstack-protector-strong -Wformat -Werror=format-security -Wdate-time -D_FORTIFY_SOURCE=2 -g  -c List_class.c -o List_class.o
gcc -std=gnu2x -I"/usr/local/lib/R/include" -DNDEBUG   -I/usr/local/include    -fpic  -g -O2 -fstack-protector-strong -Wformat -Werror=format-security -Wdate-time -D_FORTIFY_SOURCE=2 -g  -c R_init_S4Vectors.c -o R_init_S4Vectors.o
gcc -std=gnu2x -I"/usr/local/lib/R/include" -DNDEBUG   -I/usr/local/include    -fpic  -g -O2 -fstack-protector-strong -Wformat -Werror=format-security -Wdate-time -D_FORTIFY_SOURCE=2 -g  -c Rle_class.c -o Rle_class.o
gcc -std=gnu2x -I"/usr/local/lib/R/include" -DNDEBUG   -I/usr/local/include    -fpic  -g -O2 -fstack-protector-strong -Wformat -Werror=format-security -Wdate-time -D_FORTIFY_SOURCE=2 -g  -c Rle_utils.c -o Rle_utils.o
gcc -std=gnu2x -I"/usr/local/lib/R/include" -DNDEBUG   -I/usr/local/include    -fpic  -g -O2 -fstack-protector-strong -Wformat -Werror=format-security -Wdate-time -D_FORTIFY_SOURCE=2 -g  -c SEXP_utils.c -o SEXP_utils.o
gcc -std=gnu2x -I"/usr/local/lib/R/include" -DNDEBUG   -I/usr/local/include    -fpic  -g -O2 -fstack-protector-strong -Wformat -Werror=format-security -Wdate-time -D_FORTIFY_SOURCE=2 -g  -c SimpleList_class.c -o SimpleList_class.o
gcc -std=gnu2x -I"/usr/local/lib/R/include" -DNDEBUG   -I/usr/local/include    -fpic  -g -O2 -fstack-protector-strong -Wformat -Werror=format-security -Wdate-time -D_FORTIFY_SOURCE=2 -g  -c anyMissing.c -o anyMissing.o
gcc -std=gnu2x -I"/usr/local/lib/R/include" -DNDEBUG   -I/usr/local/include    -fpic  -g -O2 -fstack-protector-strong -Wformat -Werror=format-security -Wdate-time -D_FORTIFY_SOURCE=2 -g  -c character_utils.c -o character_utils.o
gcc -std=gnu2x -I"/usr/local/lib/R/include" -DNDEBUG   -I/usr/local/include    -fpic  -g -O2 -fstack-protector-strong -Wformat -Werror=format-security -Wdate-time -D_FORTIFY_SOURCE=2 -g  -c eval_utils.c -o eval_utils.o
gcc -std=gnu2x -I"/usr/local/lib/R/include" -DNDEBUG   -I/usr/local/include    -fpic  -g -O2 -fstack-protector-strong -Wformat -Werror=format-security -Wdate-time -D_FORTIFY_SOURCE=2 -g  -c hash_utils.c -o hash_utils.o
gcc -std=gnu2x -I"/usr/local/lib/R/include" -DNDEBUG   -I/usr/local/include    -fpic  -g -O2 -fstack-protector-strong -Wformat -Werror=format-security -Wdate-time -D_FORTIFY_SOURCE=2 -g  -c integer_utils.c -o integer_utils.o
gcc -std=gnu2x -I"/usr/local/lib/R/include" -DNDEBUG   -I/usr/local/include    -fpic  -g -O2 -fstack-protector-strong -Wformat -Werror=format-security -Wdate-time -D_FORTIFY_SOURCE=2 -g  -c logical_utils.c -o logical_utils.o
gcc -std=gnu2x -I"/usr/local/lib/R/include" -DNDEBUG   -I/usr/local/include    -fpic  -g -O2 -fstack-protector-strong -Wformat -Werror=format-security -Wdate-time -D_FORTIFY_SOURCE=2 -g  -c map_ranges_to_runs.c -o map_ranges_to_runs.o
gcc -std=gnu2x -I"/usr/local/lib/R/include" -DNDEBUG   -I/usr/local/include    -fpic  -g -O2 -fstack-protector-strong -Wformat -Werror=format-security -Wdate-time -D_FORTIFY_SOURCE=2 -g  -c raw_utils.c -o raw_utils.o
gcc -std=gnu2x -I"/usr/local/lib/R/include" -DNDEBUG   -I/usr/local/include    -fpic  -g -O2 -fstack-protector-strong -Wformat -Werror=format-security -Wdate-time -D_FORTIFY_SOURCE=2 -g  -c safe_arithm.c -o safe_arithm.o
gcc -std=gnu2x -I"/usr/local/lib/R/include" -DNDEBUG   -I/usr/local/include    -fpic  -g -O2 -fstack-protector-strong -Wformat -Werror=format-security -Wdate-time -D_FORTIFY_SOURCE=2 -g  -c sort_utils.c -o sort_utils.o
gcc -std=gnu2x -I"/usr/local/lib/R/include" -DNDEBUG   -I/usr/local/include    -fpic  -g -O2 -fstack-protector-strong -Wformat -Werror=format-security -Wdate-time -D_FORTIFY_SOURCE=2 -g  -c subsetting_utils.c -o subsetting_utils.o
gcc -std=gnu2x -I"/usr/local/lib/R/include" -DNDEBUG   -I/usr/local/include    -fpic  -g -O2 -fstack-protector-strong -Wformat -Werror=format-security -Wdate-time -D_FORTIFY_SOURCE=2 -g  -c vector_utils.c -o vector_utils.o
gcc -std=gnu2x -shared -L/usr/local/lib/R/lib -L/usr/local/lib -o S4Vectors.so AEbufs.o DataFrame_class.o Hits_class.o LLint_class.o List_class.o R_init_S4Vectors.o Rle_class.o Rle_utils.o SEXP_utils.o SimpleList_class.o anyMissing.o character_utils.o eval_utils.o hash_utils.o integer_utils.o logical_utils.o map_ranges_to_runs.o raw_utils.o safe_arithm.o sort_utils.o subsetting_utils.o vector_utils.o -L/usr/local/lib/R/lib -lR
installing to /usr/local/lib/R/site-library/00LOCK-S4Vectors/00new/S4Vectors/libs
** R
** inst
** byte-compile and prepare package for lazy loading
in method for ‘normalizeSingleBracketReplacementValue’ with signature ‘"List"’: no definition for class “List”
Creating a new generic function for ‘unname’ in package ‘S4Vectors’
Creating a new generic function for ‘expand.grid’ in package ‘S4Vectors’
Creating a new generic function for ‘findMatches’ in package ‘S4Vectors’
in method for ‘coerce’ with signature ‘"Hits","DFrame"’: no definition for class “DFrame”
Creating a generic function for ‘as.factor’ from package ‘base’ in package ‘S4Vectors’
Creating a generic function for ‘tabulate’ from package ‘base’ in package ‘S4Vectors’
Creating a generic function for ‘cov’ from package ‘stats’ in package ‘S4Vectors’
Creating a generic function for ‘cor’ from package ‘stats’ in package ‘S4Vectors’
Creating a generic function for ‘smoothEnds’ from package ‘stats’ in package ‘S4Vectors’
Creating a generic function for ‘runmed’ from package ‘stats’ in package ‘S4Vectors’
Creating a generic function for ‘nchar’ from package ‘base’ in package ‘S4Vectors’
Creating a generic function for ‘substr’ from package ‘base’ in package ‘S4Vectors’
Creating a generic function for ‘substring’ from package ‘base’ in package ‘S4Vectors’
Creating a generic function for ‘chartr’ from package ‘base’ in package ‘S4Vectors’
Creating a generic function for ‘tolower’ from package ‘base’ in package ‘S4Vectors’
Creating a generic function for ‘toupper’ from package ‘base’ in package ‘S4Vectors’
Creating a generic function for ‘sub’ from package ‘base’ in package ‘S4Vectors’
Creating a generic function for ‘gsub’ from package ‘base’ in package ‘S4Vectors’
Creating a generic function for ‘nlevels’ from package ‘base’ in package ‘S4Vectors’
in method for ‘coerce’ with signature ‘"data.table","DFrame"’: no definition for class “data.table”
Creating a generic function for ‘complete.cases’ from package ‘stats’ in package ‘S4Vectors’
** help
*** installing help indices
** building package indices
** installing vignettes
** testing if installed package can be loaded from temporary location
** checking absolute paths in shared objects and dynamic libraries
** testing if installed package can be loaded from final location
** testing if installed package keeps a record of temporary installation path
* creating tarball
packaged installation of ‘S4Vectors’ as ‘S4Vectors_0.46.0_R_x86_64-pc-linux-gnu.tar.gz’
* DONE (S4Vectors)
* installing *source* package ‘network’ ...
** this is package ‘network’ version ‘1.19.0’
** package ‘network’ successfully unpacked and MD5 sums checked
** using staged installation
** libs
using C compiler: ‘gcc (Ubuntu 13.3.0-6ubuntu2~24.04) 13.3.0’
gcc -std=gnu2x -I"/usr/local/lib/R/include" -DNDEBUG   -I/usr/local/include    -fpic  -g -O2 -fstack-protector-strong -Wformat -Werror=format-security -Wdate-time -D_FORTIFY_SOURCE=2 -g  -c Rinit.c -o Rinit.o
gcc -std=gnu2x -I"/usr/local/lib/R/include" -DNDEBUG   -I/usr/local/include    -fpic  -g -O2 -fstack-protector-strong -Wformat -Werror=format-security -Wdate-time -D_FORTIFY_SOURCE=2 -g  -c access.c -o access.o
gcc -std=gnu2x -I"/usr/local/lib/R/include" -DNDEBUG   -I/usr/local/include    -fpic  -g -O2 -fstack-protector-strong -Wformat -Werror=format-security -Wdate-time -D_FORTIFY_SOURCE=2 -g  -c constructors.c -o constructors.o
gcc -std=gnu2x -I"/usr/local/lib/R/include" -DNDEBUG   -I/usr/local/include    -fpic  -g -O2 -fstack-protector-strong -Wformat -Werror=format-security -Wdate-time -D_FORTIFY_SOURCE=2 -g  -c layout.c -o layout.o
gcc -std=gnu2x -I"/usr/local/lib/R/include" -DNDEBUG   -I/usr/local/include    -fpic  -g -O2 -fstack-protector-strong -Wformat -Werror=format-security -Wdate-time -D_FORTIFY_SOURCE=2 -g  -c utils.c -o utils.o
gcc -std=gnu2x -shared -L/usr/local/lib/R/lib -L/usr/local/lib -o network.so Rinit.o access.o constructors.o layout.o utils.o -L/usr/local/lib/R/lib -lR
installing to /usr/local/lib/R/site-library/00LOCK-network/00new/network/libs
** R
** data
** inst
** byte-compile and prepare package for lazy loading
** help
*** installing help indices
** building package indices
** installing vignettes
** testing if installed package can be loaded from temporary location
** checking absolute paths in shared objects and dynamic libraries
** testing if installed package can be loaded from final location
** testing if installed package keeps a record of temporary installation path
* creating tarball
packaged installation of ‘network’ as ‘network_1.19.0_R_x86_64-pc-linux-gnu.tar.gz’
* DONE (network)
* installing *source* package ‘tidyr’ ...
** this is package ‘tidyr’ version ‘1.3.1’
** package ‘tidyr’ successfully unpacked and MD5 sums checked
** using staged installation
** libs
using C++ compiler: ‘g++ (Ubuntu 13.3.0-6ubuntu2~24.04) 13.3.0’
g++ -std=gnu++17 -I"/usr/local/lib/R/include" -DNDEBUG  -I'/usr/local/lib/R/site-library/cpp11/include' -I/usr/local/include    -fpic  -g -O2 -fstack-protector-strong -Wformat -Werror=format-security -Wdate-time -D_FORTIFY_SOURCE=2 -g   -c cpp11.cpp -o cpp11.o
g++ -std=gnu++17 -I"/usr/local/lib/R/include" -DNDEBUG  -I'/usr/local/lib/R/site-library/cpp11/include' -I/usr/local/include    -fpic  -g -O2 -fstack-protector-strong -Wformat -Werror=format-security -Wdate-time -D_FORTIFY_SOURCE=2 -g   -c melt.cpp -o melt.o
g++ -std=gnu++17 -I"/usr/local/lib/R/include" -DNDEBUG  -I'/usr/local/lib/R/site-library/cpp11/include' -I/usr/local/include    -fpic  -g -O2 -fstack-protector-strong -Wformat -Werror=format-security -Wdate-time -D_FORTIFY_SOURCE=2 -g   -c simplifyPieces.cpp -o simplifyPieces.o
g++ -std=gnu++17 -shared -L/usr/local/lib/R/lib -L/usr/local/lib -o tidyr.so cpp11.o melt.o simplifyPieces.o -L/usr/local/lib/R/lib -lR
installing to /usr/local/lib/R/site-library/00LOCK-tidyr/00new/tidyr/libs
** R
** data
*** moving datasets to lazyload DB
** inst
** byte-compile and prepare package for lazy loading
** help
*** installing help indices
*** copying figures
** building package indices
** installing vignettes
** testing if installed package can be loaded from temporary location
** checking absolute paths in shared objects and dynamic libraries
** testing if installed package can be loaded from final location
** testing if installed package keeps a record of temporary installation path
* creating tarball
packaged installation of ‘tidyr’ as ‘tidyr_1.3.1_R_x86_64-pc-linux-gnu.tar.gz’
* DONE (tidyr)
* installing *source* package ‘pheatmap’ ...
** this is package ‘pheatmap’ version ‘1.0.12’
** package ‘pheatmap’ successfully unpacked and MD5 sums checked
** using staged installation
** R
** byte-compile and prepare package for lazy loading
** help
*** installing help indices
** building package indices
** testing if installed package can be loaded from temporary location
** testing if installed package can be loaded from final location
** testing if installed package keeps a record of temporary installation path
* creating tarball
packaged installation of ‘pheatmap’ as ‘pheatmap_1.0.12_R_x86_64-pc-linux-gnu.tar.gz’
* DONE (pheatmap)
* installing *source* package ‘ggplot2’ ...
** this is package ‘ggplot2’ version ‘3.5.2’
** package ‘ggplot2’ successfully unpacked and MD5 sums checked
** using staged installation
** R
** data
*** moving datasets to lazyload DB
** inst
** byte-compile and prepare package for lazy loading
** help
*** installing help indices
*** copying figures
** building package indices
** installing vignettes
** testing if installed package can be loaded from temporary location
** testing if installed package can be loaded from final location
** testing if installed package keeps a record of temporary installation path
* creating tarball
packaged installation of ‘ggplot2’ as ‘ggplot2_3.5.2_R_x86_64-pc-linux-gnu.tar.gz’
* DONE (ggplot2)
* installing *source* package ‘covr’ ...
** this is package ‘covr’ version ‘3.6.4’
** package ‘covr’ successfully unpacked and MD5 sums checked
** using staged installation
** libs
using C compiler: ‘gcc (Ubuntu 13.3.0-6ubuntu2~24.04) 13.3.0’
gcc -std=gnu2x -I"/usr/local/lib/R/include" -DNDEBUG   -I/usr/local/include    -fpic  -g -O2 -fstack-protector-strong -Wformat -Werror=format-security -Wdate-time -D_FORTIFY_SOURCE=2 -g  -c reassign.c -o reassign.o
gcc -std=gnu2x -shared -L/usr/local/lib/R/lib -L/usr/local/lib -o covr.so reassign.o -L/usr/local/lib/R/lib -lR
installing to /usr/local/lib/R/site-library/00LOCK-covr/00new/covr/libs
** R
** inst
** byte-compile and prepare package for lazy loading
** help
*** installing help indices
*** copying figures
** building package indices
** installing vignettes
** testing if installed package can be loaded from temporary location
** checking absolute paths in shared objects and dynamic libraries
** testing if installed package can be loaded from final location
** testing if installed package keeps a record of temporary installation path
* creating tarball
packaged installation of ‘covr’ as ‘covr_3.6.4_R_x86_64-pc-linux-gnu.tar.gz’
* DONE (covr)
* installing *source* package ‘UCSC.utils’ ...
** this is package ‘UCSC.utils’ version ‘1.4.0’
** using staged installation
** R
** inst
** byte-compile and prepare package for lazy loading
** help
*** installing help indices
** building package indices
** installing vignettes
** testing if installed package can be loaded from temporary location
** testing if installed package can be loaded from final location
** testing if installed package keeps a record of temporary installation path
* creating tarball
packaged installation of ‘UCSC.utils’ as ‘UCSC.utils_1.4.0_R_x86_64-pc-linux-gnu.tar.gz’
* DONE (UCSC.utils)
* installing *source* package ‘ggplotify’ ...
** this is package ‘ggplotify’ version ‘0.1.2’
** package ‘ggplotify’ successfully unpacked and MD5 sums checked
** using staged installation
** R
** inst
** byte-compile and prepare package for lazy loading
** help
*** installing help indices
** building package indices
** installing vignettes
** testing if installed package can be loaded from temporary location
** testing if installed package can be loaded from final location
** testing if installed package keeps a record of temporary installation path
* creating tarball
packaged installation of ‘ggplotify’ as ‘ggplotify_0.1.2_R_x86_64-pc-linux-gnu.tar.gz’
* DONE (ggplotify)
* installing *source* package ‘patchwork’ ...
** this is package ‘patchwork’ version ‘1.3.0’
** package ‘patchwork’ successfully unpacked and MD5 sums checked
** using staged installation
** R
** inst
** byte-compile and prepare package for lazy loading
** help
*** installing help indices
*** copying figures
** building package indices
** installing vignettes
** testing if installed package can be loaded from temporary location
** testing if installed package can be loaded from final location
** testing if installed package keeps a record of temporary installation path
* creating tarball
packaged installation of ‘patchwork’ as ‘patchwork_1.3.0_R_x86_64-pc-linux-gnu.tar.gz’
* DONE (patchwork)
* installing *source* package ‘IRanges’ ...
** this is package ‘IRanges’ version ‘2.42.0’
** using staged installation
** libs
using C compiler: ‘gcc (Ubuntu 13.3.0-6ubuntu2~24.04) 13.3.0’
gcc -std=gnu2x -I"/usr/local/lib/R/include" -DNDEBUG  -I'/usr/local/lib/R/site-library/S4Vectors/include' -I/usr/local/include    -fpic  -g -O2 -fstack-protector-strong -Wformat -Werror=format-security -Wdate-time -D_FORTIFY_SOURCE=2 -g  -c CompressedAtomicList_utils.c -o CompressedAtomicList_utils.o
gcc -std=gnu2x -I"/usr/local/lib/R/include" -DNDEBUG  -I'/usr/local/lib/R/site-library/S4Vectors/include' -I/usr/local/include    -fpic  -g -O2 -fstack-protector-strong -Wformat -Werror=format-security -Wdate-time -D_FORTIFY_SOURCE=2 -g  -c CompressedIRangesList_class.c -o CompressedIRangesList_class.o
gcc -std=gnu2x -I"/usr/local/lib/R/include" -DNDEBUG  -I'/usr/local/lib/R/site-library/S4Vectors/include' -I/usr/local/include    -fpic  -g -O2 -fstack-protector-strong -Wformat -Werror=format-security -Wdate-time -D_FORTIFY_SOURCE=2 -g  -c CompressedList_class.c -o CompressedList_class.o
gcc -std=gnu2x -I"/usr/local/lib/R/include" -DNDEBUG  -I'/usr/local/lib/R/site-library/S4Vectors/include' -I/usr/local/include    -fpic  -g -O2 -fstack-protector-strong -Wformat -Werror=format-security -Wdate-time -D_FORTIFY_SOURCE=2 -g  -c Grouping_class.c -o Grouping_class.o
gcc -std=gnu2x -I"/usr/local/lib/R/include" -DNDEBUG  -I'/usr/local/lib/R/site-library/S4Vectors/include' -I/usr/local/include    -fpic  -g -O2 -fstack-protector-strong -Wformat -Werror=format-security -Wdate-time -D_FORTIFY_SOURCE=2 -g  -c IPosRanges_comparison.c -o IPosRanges_comparison.o
gcc -std=gnu2x -I"/usr/local/lib/R/include" -DNDEBUG  -I'/usr/local/lib/R/site-library/S4Vectors/include' -I/usr/local/include    -fpic  -g -O2 -fstack-protector-strong -Wformat -Werror=format-security -Wdate-time -D_FORTIFY_SOURCE=2 -g  -c IRanges_class.c -o IRanges_class.o
gcc -std=gnu2x -I"/usr/local/lib/R/include" -DNDEBUG  -I'/usr/local/lib/R/site-library/S4Vectors/include' -I/usr/local/include    -fpic  -g -O2 -fstack-protector-strong -Wformat -Werror=format-security -Wdate-time -D_FORTIFY_SOURCE=2 -g  -c IRanges_constructor.c -o IRanges_constructor.o
gcc -std=gnu2x -I"/usr/local/lib/R/include" -DNDEBUG  -I'/usr/local/lib/R/site-library/S4Vectors/include' -I/usr/local/include    -fpic  -g -O2 -fstack-protector-strong -Wformat -Werror=format-security -Wdate-time -D_FORTIFY_SOURCE=2 -g  -c NCList.c -o NCList.o
gcc -std=gnu2x -I"/usr/local/lib/R/include" -DNDEBUG  -I'/usr/local/lib/R/site-library/S4Vectors/include' -I/usr/local/include    -fpic  -g -O2 -fstack-protector-strong -Wformat -Werror=format-security -Wdate-time -D_FORTIFY_SOURCE=2 -g  -c R_init_IRanges.c -o R_init_IRanges.o
gcc -std=gnu2x -I"/usr/local/lib/R/include" -DNDEBUG  -I'/usr/local/lib/R/site-library/S4Vectors/include' -I/usr/local/include    -fpic  -g -O2 -fstack-protector-strong -Wformat -Werror=format-security -Wdate-time -D_FORTIFY_SOURCE=2 -g  -c Ranges_class.c -o Ranges_class.o
gcc -std=gnu2x -I"/usr/local/lib/R/include" -DNDEBUG  -I'/usr/local/lib/R/site-library/S4Vectors/include' -I/usr/local/include    -fpic  -g -O2 -fstack-protector-strong -Wformat -Werror=format-security -Wdate-time -D_FORTIFY_SOURCE=2 -g  -c RleViews_utils.c -o RleViews_utils.o
gcc -std=gnu2x -I"/usr/local/lib/R/include" -DNDEBUG  -I'/usr/local/lib/R/site-library/S4Vectors/include' -I/usr/local/include    -fpic  -g -O2 -fstack-protector-strong -Wformat -Werror=format-security -Wdate-time -D_FORTIFY_SOURCE=2 -g  -c S4Vectors_stubs.c -o S4Vectors_stubs.o
gcc -std=gnu2x -I"/usr/local/lib/R/include" -DNDEBUG  -I'/usr/local/lib/R/site-library/S4Vectors/include' -I/usr/local/include    -fpic  -g -O2 -fstack-protector-strong -Wformat -Werror=format-security -Wdate-time -D_FORTIFY_SOURCE=2 -g  -c SimpleIRangesList_class.c -o SimpleIRangesList_class.o
gcc -std=gnu2x -I"/usr/local/lib/R/include" -DNDEBUG  -I'/usr/local/lib/R/site-library/S4Vectors/include' -I/usr/local/include    -fpic  -g -O2 -fstack-protector-strong -Wformat -Werror=format-security -Wdate-time -D_FORTIFY_SOURCE=2 -g  -c coverage_methods.c -o coverage_methods.o
gcc -std=gnu2x -I"/usr/local/lib/R/include" -DNDEBUG  -I'/usr/local/lib/R/site-library/S4Vectors/include' -I/usr/local/include    -fpic  -g -O2 -fstack-protector-strong -Wformat -Werror=format-security -Wdate-time -D_FORTIFY_SOURCE=2 -g  -c extractListFragments.c -o extractListFragments.o
gcc -std=gnu2x -I"/usr/local/lib/R/include" -DNDEBUG  -I'/usr/local/lib/R/site-library/S4Vectors/include' -I/usr/local/include    -fpic  -g -O2 -fstack-protector-strong -Wformat -Werror=format-security -Wdate-time -D_FORTIFY_SOURCE=2 -g  -c inter_range_methods.c -o inter_range_methods.o
gcc -std=gnu2x -shared -L/usr/local/lib/R/lib -L/usr/local/lib -o IRanges.so CompressedAtomicList_utils.o CompressedIRangesList_class.o CompressedList_class.o Grouping_class.o IPosRanges_comparison.o IRanges_class.o IRanges_constructor.o NCList.o R_init_IRanges.o Ranges_class.o RleViews_utils.o S4Vectors_stubs.o SimpleIRangesList_class.o coverage_methods.o extractListFragments.o inter_range_methods.o -L/usr/local/lib/R/lib -lR
installing to /usr/local/lib/R/site-library/00LOCK-IRanges/00new/IRanges/libs
** R
** inst
** byte-compile and prepare package for lazy loading
Creating a generic function for ‘drop’ from package ‘base’ in package ‘IRanges’
Creating a generic function for ‘runmed’ from package ‘stats’ in package ‘IRanges’
Creating a generic function for ‘chartr’ from package ‘base’ in package ‘IRanges’
Creating a generic function for ‘toupper’ from package ‘base’ in package ‘IRanges’
Creating a generic function for ‘tolower’ from package ‘base’ in package ‘IRanges’
Creating a generic function for ‘sub’ from package ‘base’ in package ‘IRanges’
Creating a generic function for ‘gsub’ from package ‘base’ in package ‘IRanges’
Creating a generic function for ‘startsWith’ from package ‘base’ in package ‘IRanges’
Creating a generic function for ‘endsWith’ from package ‘base’ in package ‘IRanges’
Creating a generic function for ‘smoothEnds’ from package ‘stats’ in package ‘IRanges’
** help
*** installing help indices
** building package indices
** installing vignettes
** testing if installed package can be loaded from temporary location
** checking absolute paths in shared objects and dynamic libraries
** testing if installed package can be loaded from final location
** testing if installed package keeps a record of temporary installation path
* creating tarball
packaged installation of ‘IRanges’ as ‘IRanges_2.42.0_R_x86_64-pc-linux-gnu.tar.gz’
* DONE (IRanges)
* installing *source* package ‘BiocIO’ ...
** this is package ‘BiocIO’ version ‘1.18.0’
** using staged installation
** R
** inst
** byte-compile and prepare package for lazy loading
** help
*** installing help indices
** building package indices
** installing vignettes
** testing if installed package can be loaded from temporary location
** testing if installed package can be loaded from final location
** testing if installed package keeps a record of temporary installation path
* creating tarball
packaged installation of ‘BiocIO’ as ‘BiocIO_1.18.0_R_x86_64-pc-linux-gnu.tar.gz’
* DONE (BiocIO)
* installing *source* package ‘restfulr’ ...
** this is package ‘restfulr’ version ‘0.0.15’
** package ‘restfulr’ successfully unpacked and MD5 sums checked
** using staged installation
** libs
using C compiler: ‘gcc (Ubuntu 13.3.0-6ubuntu2~24.04) 13.3.0’
gcc -std=gnu2x -I"/usr/local/lib/R/include" -DNDEBUG   -I/usr/local/include    -fpic  -g -O2 -fstack-protector-strong -Wformat -Werror=format-security -Wdate-time -D_FORTIFY_SOURCE=2 -g  -c init.c -o init.o
gcc -std=gnu2x -I"/usr/local/lib/R/include" -DNDEBUG   -I/usr/local/include    -fpic  -g -O2 -fstack-protector-strong -Wformat -Werror=format-security -Wdate-time -D_FORTIFY_SOURCE=2 -g  -c raggedListToDF.c -o raggedListToDF.o
gcc -std=gnu2x -shared -L/usr/local/lib/R/lib -L/usr/local/lib -o restfulr.so init.o raggedListToDF.o -L/usr/local/lib/R/lib -lR
installing to /usr/local/lib/R/site-library/00LOCK-restfulr/00new/restfulr/libs
** R
** inst
** byte-compile and prepare package for lazy loading
Creating a new generic function for ‘assign’ in package ‘restfulr’
** help
*** installing help indices
** building package indices
** testing if installed package can be loaded from temporary location
** checking absolute paths in shared objects and dynamic libraries
** testing if installed package can be loaded from final location
** testing if installed package keeps a record of temporary installation path
* creating tarball
packaged installation of ‘restfulr’ as ‘restfulr_0.0.15_R_x86_64-pc-linux-gnu.tar.gz’
* DONE (restfulr)
* installing *source* package ‘ggrepel’ ...
** this is package ‘ggrepel’ version ‘0.9.6’
** package ‘ggrepel’ successfully unpacked and MD5 sums checked
** using staged installation
** libs
using C++ compiler: ‘g++ (Ubuntu 13.3.0-6ubuntu2~24.04) 13.3.0’
g++ -std=gnu++17 -I"/usr/local/lib/R/include" -DNDEBUG  -I'/usr/local/lib/R/site-library/Rcpp/include' -I/usr/local/include    -fpic  -g -O2 -fstack-protector-strong -Wformat -Werror=format-security -Wdate-time -D_FORTIFY_SOURCE=2 -g   -c RcppExports.cpp -o RcppExports.o
g++ -std=gnu++17 -I"/usr/local/lib/R/include" -DNDEBUG  -I'/usr/local/lib/R/site-library/Rcpp/include' -I/usr/local/include    -fpic  -g -O2 -fstack-protector-strong -Wformat -Werror=format-security -Wdate-time -D_FORTIFY_SOURCE=2 -g   -c repel_boxes.cpp -o repel_boxes.o
g++ -std=gnu++17 -shared -L/usr/local/lib/R/lib -L/usr/local/lib -o ggrepel.so RcppExports.o repel_boxes.o -L/usr/local/lib/R/lib -lR
installing to /usr/local/lib/R/site-library/00LOCK-ggrepel/00new/ggrepel/libs
** R
** inst
** byte-compile and prepare package for lazy loading
** help
*** installing help indices
*** copying figures
** building package indices
** installing vignettes
** testing if installed package can be loaded from temporary location
** checking absolute paths in shared objects and dynamic libraries
** testing if installed package can be loaded from final location
** testing if installed package keeps a record of temporary installation path
* creating tarball
packaged installation of ‘ggrepel’ as ‘ggrepel_0.9.6_R_x86_64-pc-linux-gnu.tar.gz’
* DONE (ggrepel)
* installing *source* package ‘sna’ ...
** this is package ‘sna’ version ‘2.8’
** package ‘sna’ successfully unpacked and MD5 sums checked
** using staged installation
** libs
using C compiler: ‘gcc (Ubuntu 13.3.0-6ubuntu2~24.04) 13.3.0’
gcc -std=gnu2x -I"/usr/local/lib/R/include" -DNDEBUG   -I/usr/local/include    -fpic  -g -O2 -fstack-protector-strong -Wformat -Werror=format-security -Wdate-time -D_FORTIFY_SOURCE=2 -g  -c Rinit.c -o Rinit.o
gcc -std=gnu2x -I"/usr/local/lib/R/include" -DNDEBUG   -I/usr/local/include    -fpic  -g -O2 -fstack-protector-strong -Wformat -Werror=format-security -Wdate-time -D_FORTIFY_SOURCE=2 -g  -c cohesion.c -o cohesion.o
gcc -std=gnu2x -I"/usr/local/lib/R/include" -DNDEBUG   -I/usr/local/include    -fpic  -g -O2 -fstack-protector-strong -Wformat -Werror=format-security -Wdate-time -D_FORTIFY_SOURCE=2 -g  -c components.c -o components.o
gcc -std=gnu2x -I"/usr/local/lib/R/include" -DNDEBUG   -I/usr/local/include    -fpic  -g -O2 -fstack-protector-strong -Wformat -Werror=format-security -Wdate-time -D_FORTIFY_SOURCE=2 -g  -c geodist.c -o geodist.o
gcc -std=gnu2x -I"/usr/local/lib/R/include" -DNDEBUG   -I/usr/local/include    -fpic  -g -O2 -fstack-protector-strong -Wformat -Werror=format-security -Wdate-time -D_FORTIFY_SOURCE=2 -g  -c gli.c -o gli.o
gcc -std=gnu2x -I"/usr/local/lib/R/include" -DNDEBUG   -I/usr/local/include    -fpic  -g -O2 -fstack-protector-strong -Wformat -Werror=format-security -Wdate-time -D_FORTIFY_SOURCE=2 -g  -c layout.c -o layout.o
gcc -std=gnu2x -I"/usr/local/lib/R/include" -DNDEBUG   -I/usr/local/include    -fpic  -g -O2 -fstack-protector-strong -Wformat -Werror=format-security -Wdate-time -D_FORTIFY_SOURCE=2 -g  -c likelihood.c -o likelihood.o
gcc -std=gnu2x -I"/usr/local/lib/R/include" -DNDEBUG   -I/usr/local/include    -fpic  -g -O2 -fstack-protector-strong -Wformat -Werror=format-security -Wdate-time -D_FORTIFY_SOURCE=2 -g  -c nli.c -o nli.o
gcc -std=gnu2x -I"/usr/local/lib/R/include" -DNDEBUG   -I/usr/local/include    -fpic  -g -O2 -fstack-protector-strong -Wformat -Werror=format-security -Wdate-time -D_FORTIFY_SOURCE=2 -g  -c paths.c -o paths.o
gcc -std=gnu2x -I"/usr/local/lib/R/include" -DNDEBUG   -I/usr/local/include    -fpic  -g -O2 -fstack-protector-strong -Wformat -Werror=format-security -Wdate-time -D_FORTIFY_SOURCE=2 -g  -c randomgraph.c -o randomgraph.o
gcc -std=gnu2x -I"/usr/local/lib/R/include" -DNDEBUG   -I/usr/local/include    -fpic  -g -O2 -fstack-protector-strong -Wformat -Werror=format-security -Wdate-time -D_FORTIFY_SOURCE=2 -g  -c triads.c -o triads.o
gcc -std=gnu2x -I"/usr/local/lib/R/include" -DNDEBUG   -I/usr/local/include    -fpic  -g -O2 -fstack-protector-strong -Wformat -Werror=format-security -Wdate-time -D_FORTIFY_SOURCE=2 -g  -c utils.c -o utils.o
gcc -std=gnu2x -shared -L/usr/local/lib/R/lib -L/usr/local/lib -o sna.so Rinit.o cohesion.o components.o geodist.o gli.o layout.o likelihood.o nli.o paths.o randomgraph.o triads.o utils.o -L/usr/local/lib/R/lib -lR
installing to /usr/local/lib/R/site-library/00LOCK-sna/00new/sna/libs
** R
** data
** byte-compile and prepare package for lazy loading
** help
*** installing help indices
** building package indices
** testing if installed package can be loaded from temporary location
** checking absolute paths in shared objects and dynamic libraries
** testing if installed package can be loaded from final location
** testing if installed package keeps a record of temporary installation path
* creating tarball
packaged installation of ‘sna’ as ‘sna_2.8_R_x86_64-pc-linux-gnu.tar.gz’
* DONE (sna)
* installing *source* package ‘ggfun’ ...
** this is package ‘ggfun’ version ‘0.1.8’
** package ‘ggfun’ successfully unpacked and MD5 sums checked
** using staged installation
** R
** inst
** byte-compile and prepare package for lazy loading
** help
*** installing help indices
** building package indices
** installing vignettes
** testing if installed package can be loaded from temporary location
** testing if installed package can be loaded from final location
** testing if installed package keeps a record of temporary installation path
* creating tarball
packaged installation of ‘ggfun’ as ‘ggfun_0.1.8_R_x86_64-pc-linux-gnu.tar.gz’
* DONE (ggfun)
* installing *source* package ‘tidytree’ ...
** this is package ‘tidytree’ version ‘0.4.6’
** package ‘tidytree’ successfully unpacked and MD5 sums checked
** using staged installation
** R
** inst
** byte-compile and prepare package for lazy loading
** help
*** installing help indices
** building package indices
** installing vignettes
** testing if installed package can be loaded from temporary location
** testing if installed package can be loaded from final location
** testing if installed package keeps a record of temporary installation path
* creating tarball
packaged installation of ‘tidytree’ as ‘tidytree_0.4.6_R_x86_64-pc-linux-gnu.tar.gz’
* DONE (tidytree)
* installing *source* package ‘BiocParallel’ ...
** this is package ‘BiocParallel’ version ‘1.42.0’
** using staged installation
checking whether the C++ compiler works... yes
checking for C++ compiler default output file name... a.out
checking for suffix of executables... 
checking whether we are cross compiling... no
checking for suffix of object files... o
checking whether the compiler supports GNU C++... yes
checking whether g++ -std=gnu++17 accepts -g... yes
checking for g++ -std=gnu++17 option to enable C++11 features... none needed
checking for library containing shm_open... none required
checking for stdio.h... yes
checking for stdlib.h... yes
checking for string.h... yes
checking for inttypes.h... yes
checking for stdint.h... yes
checking for strings.h... yes
checking for sys/stat.h... yes
checking for sys/types.h... yes
checking for unistd.h... yes
checking for sys/mman.h... yes
configure: creating ./config.status
config.status: creating src/Makevars
** libs
using C++ compiler: ‘g++ (Ubuntu 13.3.0-6ubuntu2~24.04) 13.3.0’
using C++11
g++ -std=gnu++11 -I"/usr/local/lib/R/include" -DNDEBUG -I"./" -I'/usr/local/lib/R/site-library/BH/include' -I'/usr/local/lib/R/site-library/cpp11/include' -I/usr/local/include    -fpic  -g -O2 -fstack-protector-strong -Wformat -Werror=format-security -Wdate-time -D_FORTIFY_SOURCE=2 -g   -c cpp11.cpp -o cpp11.o
g++ -std=gnu++11 -I"/usr/local/lib/R/include" -DNDEBUG -I"./" -I'/usr/local/lib/R/site-library/BH/include' -I'/usr/local/lib/R/site-library/cpp11/include' -I/usr/local/include    -fpic  -g -O2 -fstack-protector-strong -Wformat -Werror=format-security -Wdate-time -D_FORTIFY_SOURCE=2 -g   -c ipcmutex.cpp -o ipcmutex.o
g++ -std=gnu++11 -shared -L/usr/local/lib/R/lib -L/usr/local/lib -o BiocParallel.so cpp11.o ipcmutex.o -L/usr/local/lib/R/lib -lR
installing to /usr/local/lib/R/site-library/00LOCK-BiocParallel/00new/BiocParallel/libs
** R
** inst
** byte-compile and prepare package for lazy loading
** help
*** installing help indices
** building package indices
** installing vignettes
** testing if installed package can be loaded from temporary location
** checking absolute paths in shared objects and dynamic libraries
** testing if installed package can be loaded from final location
** testing if installed package keeps a record of temporary installation path
* creating tarball
packaged installation of ‘BiocParallel’ as ‘BiocParallel_1.42.0_R_x86_64-pc-linux-gnu.tar.gz’
* DONE (BiocParallel)
* installing *source* package ‘intergraph’ ...
** this is package ‘intergraph’ version ‘2.0-4’
** package ‘intergraph’ successfully unpacked and MD5 sums checked
** using staged installation
** R
** data
*** moving datasets to lazyload DB
** inst
** byte-compile and prepare package for lazy loading
** help
*** installing help indices
** building package indices
** installing vignettes
** testing if installed package can be loaded from temporary location
** testing if installed package can be loaded from final location
** testing if installed package keeps a record of temporary installation path
* creating tarball
packaged installation of ‘intergraph’ as ‘intergraph_2.0-4_R_x86_64-pc-linux-gnu.tar.gz’
* DONE (intergraph)
* installing *source* package ‘S4Arrays’ ...
** this is package ‘S4Arrays’ version ‘1.8.0’
** using staged installation
** libs
using C compiler: ‘gcc (Ubuntu 13.3.0-6ubuntu2~24.04) 13.3.0’
gcc -std=gnu2x -I"/usr/local/lib/R/include" -DNDEBUG  -I'/usr/local/lib/R/site-library/S4Vectors/include' -I/usr/local/include    -fpic  -g -O2 -fstack-protector-strong -Wformat -Werror=format-security -Wdate-time -D_FORTIFY_SOURCE=2 -g  -c R_init_S4Arrays.c -o R_init_S4Arrays.o
gcc -std=gnu2x -I"/usr/local/lib/R/include" -DNDEBUG  -I'/usr/local/lib/R/site-library/S4Vectors/include' -I/usr/local/include    -fpic  -g -O2 -fstack-protector-strong -Wformat -Werror=format-security -Wdate-time -D_FORTIFY_SOURCE=2 -g  -c S4Vectors_stubs.c -o S4Vectors_stubs.o
gcc -std=gnu2x -I"/usr/local/lib/R/include" -DNDEBUG  -I'/usr/local/lib/R/site-library/S4Vectors/include' -I/usr/local/include    -fpic  -g -O2 -fstack-protector-strong -Wformat -Werror=format-security -Wdate-time -D_FORTIFY_SOURCE=2 -g  -c abind.c -o abind.o
gcc -std=gnu2x -I"/usr/local/lib/R/include" -DNDEBUG  -I'/usr/local/lib/R/site-library/S4Vectors/include' -I/usr/local/include    -fpic  -g -O2 -fstack-protector-strong -Wformat -Werror=format-security -Wdate-time -D_FORTIFY_SOURCE=2 -g  -c array_selection.c -o array_selection.o
gcc -std=gnu2x -I"/usr/local/lib/R/include" -DNDEBUG  -I'/usr/local/lib/R/site-library/S4Vectors/include' -I/usr/local/include    -fpic  -g -O2 -fstack-protector-strong -Wformat -Werror=format-security -Wdate-time -D_FORTIFY_SOURCE=2 -g  -c dim_tuning_utils.c -o dim_tuning_utils.o
gcc -std=gnu2x -I"/usr/local/lib/R/include" -DNDEBUG  -I'/usr/local/lib/R/site-library/S4Vectors/include' -I/usr/local/include    -fpic  -g -O2 -fstack-protector-strong -Wformat -Werror=format-security -Wdate-time -D_FORTIFY_SOURCE=2 -g  -c rowsum.c -o rowsum.o
gcc -std=gnu2x -shared -L/usr/local/lib/R/lib -L/usr/local/lib -o S4Arrays.so R_init_S4Arrays.o S4Vectors_stubs.o abind.o array_selection.o dim_tuning_utils.o rowsum.o -L/usr/local/lib/R/lib -lR
installing to /usr/local/lib/R/site-library/00LOCK-S4Arrays/00new/S4Arrays/libs
** R
** inst
** byte-compile and prepare package for lazy loading
Creating a new generic function for ‘rowsum’ in package ‘S4Arrays’
Creating a new generic function for ‘abind’ in package ‘S4Arrays’
** help
*** installing help indices
** building package indices
** installing vignettes
** testing if installed package can be loaded from temporary location
** checking absolute paths in shared objects and dynamic libraries
** testing if installed package can be loaded from final location
** testing if installed package keeps a record of temporary installation path
* creating tarball
packaged installation of ‘S4Arrays’ as ‘S4Arrays_1.8.0_R_x86_64-pc-linux-gnu.tar.gz’
* DONE (S4Arrays)
* installing *source* package ‘GenomeInfoDb’ ...
** this is package ‘GenomeInfoDb’ version ‘1.44.0’
** using staged installation
** R
** inst
** byte-compile and prepare package for lazy loading
** help
*** installing help indices
** building package indices
** installing vignettes
** testing if installed package can be loaded from temporary location
** testing if installed package can be loaded from final location
** testing if installed package keeps a record of temporary installation path
* creating tarball
packaged installation of ‘GenomeInfoDb’ as ‘GenomeInfoDb_1.44.0_R_x86_64-pc-linux-gnu.tar.gz’
* DONE (GenomeInfoDb)
* installing *source* package ‘XVector’ ...
** this is package ‘XVector’ version ‘0.48.0’
** using staged installation
** libs
using C compiler: ‘gcc (Ubuntu 13.3.0-6ubuntu2~24.04) 13.3.0’
gcc -std=gnu2x -I"/usr/local/lib/R/include" -DNDEBUG  -I'/usr/local/lib/R/site-library/S4Vectors/include' -I'/usr/local/lib/R/site-library/IRanges/include' -I/usr/local/include    -fpic  -g -O2 -fstack-protector-strong -Wformat -Werror=format-security -Wdate-time -D_FORTIFY_SOURCE=2 -g  -c IRanges_stubs.c -o IRanges_stubs.o
gcc -std=gnu2x -I"/usr/local/lib/R/include" -DNDEBUG  -I'/usr/local/lib/R/site-library/S4Vectors/include' -I'/usr/local/lib/R/site-library/IRanges/include' -I/usr/local/include    -fpic  -g -O2 -fstack-protector-strong -Wformat -Werror=format-security -Wdate-time -D_FORTIFY_SOURCE=2 -g  -c Ocopy_byteblocks.c -o Ocopy_byteblocks.o
gcc -std=gnu2x -I"/usr/local/lib/R/include" -DNDEBUG  -I'/usr/local/lib/R/site-library/S4Vectors/include' -I'/usr/local/lib/R/site-library/IRanges/include' -I/usr/local/include    -fpic  -g -O2 -fstack-protector-strong -Wformat -Werror=format-security -Wdate-time -D_FORTIFY_SOURCE=2 -g  -c RDS_random_access.c -o RDS_random_access.o
gcc -std=gnu2x -I"/usr/local/lib/R/include" -DNDEBUG  -I'/usr/local/lib/R/site-library/S4Vectors/include' -I'/usr/local/lib/R/site-library/IRanges/include' -I/usr/local/include    -fpic  -g -O2 -fstack-protector-strong -Wformat -Werror=format-security -Wdate-time -D_FORTIFY_SOURCE=2 -g  -c R_init_XVector.c -o R_init_XVector.o
gcc -std=gnu2x -I"/usr/local/lib/R/include" -DNDEBUG  -I'/usr/local/lib/R/site-library/S4Vectors/include' -I'/usr/local/lib/R/site-library/IRanges/include' -I/usr/local/include    -fpic  -g -O2 -fstack-protector-strong -Wformat -Werror=format-security -Wdate-time -D_FORTIFY_SOURCE=2 -g  -c S4Vectors_stubs.c -o S4Vectors_stubs.o
gcc -std=gnu2x -I"/usr/local/lib/R/include" -DNDEBUG  -I'/usr/local/lib/R/site-library/S4Vectors/include' -I'/usr/local/lib/R/site-library/IRanges/include' -I/usr/local/include    -fpic  -g -O2 -fstack-protector-strong -Wformat -Werror=format-security -Wdate-time -D_FORTIFY_SOURCE=2 -g  -c SharedDouble_class.c -o SharedDouble_class.o
gcc -std=gnu2x -I"/usr/local/lib/R/include" -DNDEBUG  -I'/usr/local/lib/R/site-library/S4Vectors/include' -I'/usr/local/lib/R/site-library/IRanges/include' -I/usr/local/include    -fpic  -g -O2 -fstack-protector-strong -Wformat -Werror=format-security -Wdate-time -D_FORTIFY_SOURCE=2 -g  -c SharedInteger_class.c -o SharedInteger_class.o
gcc -std=gnu2x -I"/usr/local/lib/R/include" -DNDEBUG  -I'/usr/local/lib/R/site-library/S4Vectors/include' -I'/usr/local/lib/R/site-library/IRanges/include' -I/usr/local/include    -fpic  -g -O2 -fstack-protector-strong -Wformat -Werror=format-security -Wdate-time -D_FORTIFY_SOURCE=2 -g  -c SharedRaw_class.c -o SharedRaw_class.o
gcc -std=gnu2x -I"/usr/local/lib/R/include" -DNDEBUG  -I'/usr/local/lib/R/site-library/S4Vectors/include' -I'/usr/local/lib/R/site-library/IRanges/include' -I/usr/local/include    -fpic  -g -O2 -fstack-protector-strong -Wformat -Werror=format-security -Wdate-time -D_FORTIFY_SOURCE=2 -g  -c SharedVector_class.c -o SharedVector_class.o
gcc -std=gnu2x -I"/usr/local/lib/R/include" -DNDEBUG  -I'/usr/local/lib/R/site-library/S4Vectors/include' -I'/usr/local/lib/R/site-library/IRanges/include' -I/usr/local/include    -fpic  -g -O2 -fstack-protector-strong -Wformat -Werror=format-security -Wdate-time -D_FORTIFY_SOURCE=2 -g  -c XDouble_class.c -o XDouble_class.o
gcc -std=gnu2x -I"/usr/local/lib/R/include" -DNDEBUG  -I'/usr/local/lib/R/site-library/S4Vectors/include' -I'/usr/local/lib/R/site-library/IRanges/include' -I/usr/local/include    -fpic  -g -O2 -fstack-protector-strong -Wformat -Werror=format-security -Wdate-time -D_FORTIFY_SOURCE=2 -g  -c XInteger_class.c -o XInteger_class.o
gcc -std=gnu2x -I"/usr/local/lib/R/include" -DNDEBUG  -I'/usr/local/lib/R/site-library/S4Vectors/include' -I'/usr/local/lib/R/site-library/IRanges/include' -I/usr/local/include    -fpic  -g -O2 -fstack-protector-strong -Wformat -Werror=format-security -Wdate-time -D_FORTIFY_SOURCE=2 -g  -c XRawList_comparison.c -o XRawList_comparison.o
gcc -std=gnu2x -I"/usr/local/lib/R/include" -DNDEBUG  -I'/usr/local/lib/R/site-library/S4Vectors/include' -I'/usr/local/lib/R/site-library/IRanges/include' -I/usr/local/include    -fpic  -g -O2 -fstack-protector-strong -Wformat -Werror=format-security -Wdate-time -D_FORTIFY_SOURCE=2 -g  -c XRaw_class.c -o XRaw_class.o
gcc -std=gnu2x -I"/usr/local/lib/R/include" -DNDEBUG  -I'/usr/local/lib/R/site-library/S4Vectors/include' -I'/usr/local/lib/R/site-library/IRanges/include' -I/usr/local/include    -fpic  -g -O2 -fstack-protector-strong -Wformat -Werror=format-security -Wdate-time -D_FORTIFY_SOURCE=2 -g  -c XVectorList_class.c -o XVectorList_class.o
gcc -std=gnu2x -I"/usr/local/lib/R/include" -DNDEBUG  -I'/usr/local/lib/R/site-library/S4Vectors/include' -I'/usr/local/lib/R/site-library/IRanges/include' -I/usr/local/include    -fpic  -g -O2 -fstack-protector-strong -Wformat -Werror=format-security -Wdate-time -D_FORTIFY_SOURCE=2 -g  -c XVector_class.c -o XVector_class.o
gcc -std=gnu2x -I"/usr/local/lib/R/include" -DNDEBUG  -I'/usr/local/lib/R/site-library/S4Vectors/include' -I'/usr/local/lib/R/site-library/IRanges/include' -I/usr/local/include    -fpic  -g -O2 -fstack-protector-strong -Wformat -Werror=format-security -Wdate-time -D_FORTIFY_SOURCE=2 -g  -c io_utils.c -o io_utils.o
gcc -std=gnu2x -I"/usr/local/lib/R/include" -DNDEBUG  -I'/usr/local/lib/R/site-library/S4Vectors/include' -I'/usr/local/lib/R/site-library/IRanges/include' -I/usr/local/include    -fpic  -g -O2 -fstack-protector-strong -Wformat -Werror=format-security -Wdate-time -D_FORTIFY_SOURCE=2 -g  -c slice_methods.c -o slice_methods.o
gcc -std=gnu2x -I"/usr/local/lib/R/include" -DNDEBUG  -I'/usr/local/lib/R/site-library/S4Vectors/include' -I'/usr/local/lib/R/site-library/IRanges/include' -I/usr/local/include    -fpic  -g -O2 -fstack-protector-strong -Wformat -Werror=format-security -Wdate-time -D_FORTIFY_SOURCE=2 -g  -c vector_copy.c -o vector_copy.o
gcc -std=gnu2x -I"/usr/local/lib/R/include" -DNDEBUG  -I'/usr/local/lib/R/site-library/S4Vectors/include' -I'/usr/local/lib/R/site-library/IRanges/include' -I/usr/local/include    -fpic  -g -O2 -fstack-protector-strong -Wformat -Werror=format-security -Wdate-time -D_FORTIFY_SOURCE=2 -g  -c view_summarization_methods.c -o view_summarization_methods.o
gcc -std=gnu2x -shared -L/usr/local/lib/R/lib -L/usr/local/lib -o XVector.so IRanges_stubs.o Ocopy_byteblocks.o RDS_random_access.o R_init_XVector.o S4Vectors_stubs.o SharedDouble_class.o SharedInteger_class.o SharedRaw_class.o SharedVector_class.o XDouble_class.o XInteger_class.o XRawList_comparison.o XRaw_class.o XVectorList_class.o XVector_class.o io_utils.o slice_methods.o vector_copy.o view_summarization_methods.o -lz -L/usr/local/lib/R/lib -lR
installing to /usr/local/lib/R/site-library/00LOCK-XVector/00new/XVector/libs
** R
** inst
** byte-compile and prepare package for lazy loading
** help
*** installing help indices
** building package indices
** testing if installed package can be loaded from temporary location
** checking absolute paths in shared objects and dynamic libraries
** testing if installed package can be loaded from final location
** testing if installed package keeps a record of temporary installation path
* creating tarball
packaged installation of ‘XVector’ as ‘XVector_0.48.0_R_x86_64-pc-linux-gnu.tar.gz’
* DONE (XVector)
* installing *source* package ‘aplot’ ...
** this is package ‘aplot’ version ‘0.2.5’
** package ‘aplot’ successfully unpacked and MD5 sums checked
** using staged installation
** R
** inst
** byte-compile and prepare package for lazy loading
** help
*** installing help indices
** building package indices
** testing if installed package can be loaded from temporary location
** testing if installed package can be loaded from final location
** testing if installed package keeps a record of temporary installation path
* creating tarball
packaged installation of ‘aplot’ as ‘aplot_0.2.5_R_x86_64-pc-linux-gnu.tar.gz’
* DONE (aplot)
* installing *source* package ‘treeio’ ...
** this is package ‘treeio’ version ‘1.32.0’
** using staged installation
** R
** inst
** byte-compile and prepare package for lazy loading
** help
*** installing help indices
*** copying figures
** building package indices
** installing vignettes
** testing if installed package can be loaded from temporary location
** testing if installed package can be loaded from final location
** testing if installed package keeps a record of temporary installation path
* creating tarball
packaged installation of ‘treeio’ as ‘treeio_1.32.0_R_x86_64-pc-linux-gnu.tar.gz’
* DONE (treeio)
* installing *source* package ‘ggnetwork’ ...
** this is package ‘ggnetwork’ version ‘0.5.13’
** package ‘ggnetwork’ successfully unpacked and MD5 sums checked
** using staged installation
** R
** inst
** byte-compile and prepare package for lazy loading
** help
*** installing help indices
** building package indices
** installing vignettes
** testing if installed package can be loaded from temporary location
** testing if installed package can be loaded from final location
** testing if installed package keeps a record of temporary installation path
* creating tarball
packaged installation of ‘ggnetwork’ as ‘ggnetwork_0.5.13_R_x86_64-pc-linux-gnu.tar.gz’
* DONE (ggnetwork)
* installing *source* package ‘SparseArray’ ...
** this is package ‘SparseArray’ version ‘1.8.0’
** using staged installation
** libs
using C compiler: ‘gcc (Ubuntu 13.3.0-6ubuntu2~24.04) 13.3.0’
gcc -std=gnu2x -I"/usr/local/lib/R/include" -DNDEBUG  -I'/usr/local/lib/R/site-library/S4Vectors/include' -I'/usr/local/lib/R/site-library/IRanges/include' -I'/usr/local/lib/R/site-library/XVector/include' -I/usr/local/include   -fopenmp -fpic  -g -O2 -fstack-protector-strong -Wformat -Werror=format-security -Wdate-time -D_FORTIFY_SOURCE=2 -g  -c ExtendableJaggedArray.c -o ExtendableJaggedArray.o
gcc -std=gnu2x -I"/usr/local/lib/R/include" -DNDEBUG  -I'/usr/local/lib/R/site-library/S4Vectors/include' -I'/usr/local/lib/R/site-library/IRanges/include' -I'/usr/local/lib/R/site-library/XVector/include' -I/usr/local/include   -fopenmp -fpic  -g -O2 -fstack-protector-strong -Wformat -Werror=format-security -Wdate-time -D_FORTIFY_SOURCE=2 -g  -c IRanges_stubs.c -o IRanges_stubs.o
gcc -std=gnu2x -I"/usr/local/lib/R/include" -DNDEBUG  -I'/usr/local/lib/R/site-library/S4Vectors/include' -I'/usr/local/lib/R/site-library/IRanges/include' -I'/usr/local/lib/R/site-library/XVector/include' -I/usr/local/include   -fopenmp -fpic  -g -O2 -fstack-protector-strong -Wformat -Werror=format-security -Wdate-time -D_FORTIFY_SOURCE=2 -g  -c OPBufTree.c -o OPBufTree.o
gcc -std=gnu2x -I"/usr/local/lib/R/include" -DNDEBUG  -I'/usr/local/lib/R/site-library/S4Vectors/include' -I'/usr/local/lib/R/site-library/IRanges/include' -I'/usr/local/lib/R/site-library/XVector/include' -I/usr/local/include   -fopenmp -fpic  -g -O2 -fstack-protector-strong -Wformat -Werror=format-security -Wdate-time -D_FORTIFY_SOURCE=2 -g  -c R_init_SparseArray.c -o R_init_SparseArray.o
gcc -std=gnu2x -I"/usr/local/lib/R/include" -DNDEBUG  -I'/usr/local/lib/R/site-library/S4Vectors/include' -I'/usr/local/lib/R/site-library/IRanges/include' -I'/usr/local/lib/R/site-library/XVector/include' -I/usr/local/include   -fopenmp -fpic  -g -O2 -fstack-protector-strong -Wformat -Werror=format-security -Wdate-time -D_FORTIFY_SOURCE=2 -g  -c Rvector_summarization.c -o Rvector_summarization.o
gcc -std=gnu2x -I"/usr/local/lib/R/include" -DNDEBUG  -I'/usr/local/lib/R/site-library/S4Vectors/include' -I'/usr/local/lib/R/site-library/IRanges/include' -I'/usr/local/lib/R/site-library/XVector/include' -I/usr/local/include   -fopenmp -fpic  -g -O2 -fstack-protector-strong -Wformat -Werror=format-security -Wdate-time -D_FORTIFY_SOURCE=2 -g  -c Rvector_utils.c -o Rvector_utils.o
gcc -std=gnu2x -I"/usr/local/lib/R/include" -DNDEBUG  -I'/usr/local/lib/R/site-library/S4Vectors/include' -I'/usr/local/lib/R/site-library/IRanges/include' -I'/usr/local/lib/R/site-library/XVector/include' -I/usr/local/include   -fopenmp -fpic  -g -O2 -fstack-protector-strong -Wformat -Werror=format-security -Wdate-time -D_FORTIFY_SOURCE=2 -g  -c S4Vectors_stubs.c -o S4Vectors_stubs.o
gcc -std=gnu2x -I"/usr/local/lib/R/include" -DNDEBUG  -I'/usr/local/lib/R/site-library/S4Vectors/include' -I'/usr/local/lib/R/site-library/IRanges/include' -I'/usr/local/lib/R/site-library/XVector/include' -I/usr/local/include   -fopenmp -fpic  -g -O2 -fstack-protector-strong -Wformat -Werror=format-security -Wdate-time -D_FORTIFY_SOURCE=2 -g  -c SBT_utils.c -o SBT_utils.o
gcc -std=gnu2x -I"/usr/local/lib/R/include" -DNDEBUG  -I'/usr/local/lib/R/site-library/S4Vectors/include' -I'/usr/local/lib/R/site-library/IRanges/include' -I'/usr/local/lib/R/site-library/XVector/include' -I/usr/local/include   -fopenmp -fpic  -g -O2 -fstack-protector-strong -Wformat -Werror=format-security -Wdate-time -D_FORTIFY_SOURCE=2 -g  -c SVT_SparseArray_class.c -o SVT_SparseArray_class.o
gcc -std=gnu2x -I"/usr/local/lib/R/include" -DNDEBUG  -I'/usr/local/lib/R/site-library/S4Vectors/include' -I'/usr/local/lib/R/site-library/IRanges/include' -I'/usr/local/lib/R/site-library/XVector/include' -I/usr/local/include   -fopenmp -fpic  -g -O2 -fstack-protector-strong -Wformat -Werror=format-security -Wdate-time -D_FORTIFY_SOURCE=2 -g  -c SparseArray_Arith_methods.c -o SparseArray_Arith_methods.o
gcc -std=gnu2x -I"/usr/local/lib/R/include" -DNDEBUG  -I'/usr/local/lib/R/site-library/S4Vectors/include' -I'/usr/local/lib/R/site-library/IRanges/include' -I'/usr/local/lib/R/site-library/XVector/include' -I/usr/local/include   -fopenmp -fpic  -g -O2 -fstack-protector-strong -Wformat -Werror=format-security -Wdate-time -D_FORTIFY_SOURCE=2 -g  -c SparseArray_Compare_methods.c -o SparseArray_Compare_methods.o
gcc -std=gnu2x -I"/usr/local/lib/R/include" -DNDEBUG  -I'/usr/local/lib/R/site-library/S4Vectors/include' -I'/usr/local/lib/R/site-library/IRanges/include' -I'/usr/local/lib/R/site-library/XVector/include' -I/usr/local/include   -fopenmp -fpic  -g -O2 -fstack-protector-strong -Wformat -Werror=format-security -Wdate-time -D_FORTIFY_SOURCE=2 -g  -c SparseArray_Complex_methods.c -o SparseArray_Complex_methods.o
gcc -std=gnu2x -I"/usr/local/lib/R/include" -DNDEBUG  -I'/usr/local/lib/R/site-library/S4Vectors/include' -I'/usr/local/lib/R/site-library/IRanges/include' -I'/usr/local/lib/R/site-library/XVector/include' -I/usr/local/include   -fopenmp -fpic  -g -O2 -fstack-protector-strong -Wformat -Werror=format-security -Wdate-time -D_FORTIFY_SOURCE=2 -g  -c SparseArray_Logic_methods.c -o SparseArray_Logic_methods.o
gcc -std=gnu2x -I"/usr/local/lib/R/include" -DNDEBUG  -I'/usr/local/lib/R/site-library/S4Vectors/include' -I'/usr/local/lib/R/site-library/IRanges/include' -I'/usr/local/lib/R/site-library/XVector/include' -I/usr/local/include   -fopenmp -fpic  -g -O2 -fstack-protector-strong -Wformat -Werror=format-security -Wdate-time -D_FORTIFY_SOURCE=2 -g  -c SparseArray_Math_methods.c -o SparseArray_Math_methods.o
gcc -std=gnu2x -I"/usr/local/lib/R/include" -DNDEBUG  -I'/usr/local/lib/R/site-library/S4Vectors/include' -I'/usr/local/lib/R/site-library/IRanges/include' -I'/usr/local/lib/R/site-library/XVector/include' -I/usr/local/include   -fopenmp -fpic  -g -O2 -fstack-protector-strong -Wformat -Werror=format-security -Wdate-time -D_FORTIFY_SOURCE=2 -g  -c SparseArray_abind.c -o SparseArray_abind.o
gcc -std=gnu2x -I"/usr/local/lib/R/include" -DNDEBUG  -I'/usr/local/lib/R/site-library/S4Vectors/include' -I'/usr/local/lib/R/site-library/IRanges/include' -I'/usr/local/lib/R/site-library/XVector/include' -I/usr/local/include   -fopenmp -fpic  -g -O2 -fstack-protector-strong -Wformat -Werror=format-security -Wdate-time -D_FORTIFY_SOURCE=2 -g  -c SparseArray_aperm.c -o SparseArray_aperm.o
gcc -std=gnu2x -I"/usr/local/lib/R/include" -DNDEBUG  -I'/usr/local/lib/R/site-library/S4Vectors/include' -I'/usr/local/lib/R/site-library/IRanges/include' -I'/usr/local/lib/R/site-library/XVector/include' -I/usr/local/include   -fopenmp -fpic  -g -O2 -fstack-protector-strong -Wformat -Werror=format-security -Wdate-time -D_FORTIFY_SOURCE=2 -g  -c SparseArray_dim_tuning.c -o SparseArray_dim_tuning.o
gcc -std=gnu2x -I"/usr/local/lib/R/include" -DNDEBUG  -I'/usr/local/lib/R/site-library/S4Vectors/include' -I'/usr/local/lib/R/site-library/IRanges/include' -I'/usr/local/lib/R/site-library/XVector/include' -I/usr/local/include   -fopenmp -fpic  -g -O2 -fstack-protector-strong -Wformat -Werror=format-security -Wdate-time -D_FORTIFY_SOURCE=2 -g  -c SparseArray_matrixStats.c -o SparseArray_matrixStats.o
gcc -std=gnu2x -I"/usr/local/lib/R/include" -DNDEBUG  -I'/usr/local/lib/R/site-library/S4Vectors/include' -I'/usr/local/lib/R/site-library/IRanges/include' -I'/usr/local/lib/R/site-library/XVector/include' -I/usr/local/include   -fopenmp -fpic  -g -O2 -fstack-protector-strong -Wformat -Werror=format-security -Wdate-time -D_FORTIFY_SOURCE=2 -g  -c SparseArray_misc_methods.c -o SparseArray_misc_methods.o
gcc -std=gnu2x -I"/usr/local/lib/R/include" -DNDEBUG  -I'/usr/local/lib/R/site-library/S4Vectors/include' -I'/usr/local/lib/R/site-library/IRanges/include' -I'/usr/local/lib/R/site-library/XVector/include' -I/usr/local/include   -fopenmp -fpic  -g -O2 -fstack-protector-strong -Wformat -Werror=format-security -Wdate-time -D_FORTIFY_SOURCE=2 -g  -c SparseArray_subassignment.c -o SparseArray_subassignment.o
gcc -std=gnu2x -I"/usr/local/lib/R/include" -DNDEBUG  -I'/usr/local/lib/R/site-library/S4Vectors/include' -I'/usr/local/lib/R/site-library/IRanges/include' -I'/usr/local/lib/R/site-library/XVector/include' -I/usr/local/include   -fopenmp -fpic  -g -O2 -fstack-protector-strong -Wformat -Werror=format-security -Wdate-time -D_FORTIFY_SOURCE=2 -g  -c SparseArray_subassignment_OLD.c -o SparseArray_subassignment_OLD.o
gcc -std=gnu2x -I"/usr/local/lib/R/include" -DNDEBUG  -I'/usr/local/lib/R/site-library/S4Vectors/include' -I'/usr/local/lib/R/site-library/IRanges/include' -I'/usr/local/lib/R/site-library/XVector/include' -I/usr/local/include   -fopenmp -fpic  -g -O2 -fstack-protector-strong -Wformat -Werror=format-security -Wdate-time -D_FORTIFY_SOURCE=2 -g  -c SparseArray_subsetting.c -o SparseArray_subsetting.o
gcc -std=gnu2x -I"/usr/local/lib/R/include" -DNDEBUG  -I'/usr/local/lib/R/site-library/S4Vectors/include' -I'/usr/local/lib/R/site-library/IRanges/include' -I'/usr/local/lib/R/site-library/XVector/include' -I/usr/local/include   -fopenmp -fpic  -g -O2 -fstack-protector-strong -Wformat -Werror=format-security -Wdate-time -D_FORTIFY_SOURCE=2 -g  -c SparseArray_summarization.c -o SparseArray_summarization.o
gcc -std=gnu2x -I"/usr/local/lib/R/include" -DNDEBUG  -I'/usr/local/lib/R/site-library/S4Vectors/include' -I'/usr/local/lib/R/site-library/IRanges/include' -I'/usr/local/lib/R/site-library/XVector/include' -I/usr/local/include   -fopenmp -fpic  -g -O2 -fstack-protector-strong -Wformat -Werror=format-security -Wdate-time -D_FORTIFY_SOURCE=2 -g  -c SparseMatrix_mult.c -o SparseMatrix_mult.o
gcc -std=gnu2x -I"/usr/local/lib/R/include" -DNDEBUG  -I'/usr/local/lib/R/site-library/S4Vectors/include' -I'/usr/local/lib/R/site-library/IRanges/include' -I'/usr/local/lib/R/site-library/XVector/include' -I/usr/local/include   -fopenmp -fpic  -g -O2 -fstack-protector-strong -Wformat -Werror=format-security -Wdate-time -D_FORTIFY_SOURCE=2 -g  -c SparseVec.c -o SparseVec.o
gcc -std=gnu2x -I"/usr/local/lib/R/include" -DNDEBUG  -I'/usr/local/lib/R/site-library/S4Vectors/include' -I'/usr/local/lib/R/site-library/IRanges/include' -I'/usr/local/lib/R/site-library/XVector/include' -I/usr/local/include   -fopenmp -fpic  -g -O2 -fstack-protector-strong -Wformat -Werror=format-security -Wdate-time -D_FORTIFY_SOURCE=2 -g  -c SparseVec_Arith.c -o SparseVec_Arith.o
gcc -std=gnu2x -I"/usr/local/lib/R/include" -DNDEBUG  -I'/usr/local/lib/R/site-library/S4Vectors/include' -I'/usr/local/lib/R/site-library/IRanges/include' -I'/usr/local/lib/R/site-library/XVector/include' -I/usr/local/include   -fopenmp -fpic  -g -O2 -fstack-protector-strong -Wformat -Werror=format-security -Wdate-time -D_FORTIFY_SOURCE=2 -g  -c SparseVec_Compare.c -o SparseVec_Compare.o
gcc -std=gnu2x -I"/usr/local/lib/R/include" -DNDEBUG  -I'/usr/local/lib/R/site-library/S4Vectors/include' -I'/usr/local/lib/R/site-library/IRanges/include' -I'/usr/local/lib/R/site-library/XVector/include' -I/usr/local/include   -fopenmp -fpic  -g -O2 -fstack-protector-strong -Wformat -Werror=format-security -Wdate-time -D_FORTIFY_SOURCE=2 -g  -c SparseVec_Logic.c -o SparseVec_Logic.o
gcc -std=gnu2x -I"/usr/local/lib/R/include" -DNDEBUG  -I'/usr/local/lib/R/site-library/S4Vectors/include' -I'/usr/local/lib/R/site-library/IRanges/include' -I'/usr/local/lib/R/site-library/XVector/include' -I/usr/local/include   -fopenmp -fpic  -g -O2 -fstack-protector-strong -Wformat -Werror=format-security -Wdate-time -D_FORTIFY_SOURCE=2 -g  -c SparseVec_Math.c -o SparseVec_Math.o
gcc -std=gnu2x -I"/usr/local/lib/R/include" -DNDEBUG  -I'/usr/local/lib/R/site-library/S4Vectors/include' -I'/usr/local/lib/R/site-library/IRanges/include' -I'/usr/local/lib/R/site-library/XVector/include' -I/usr/local/include   -fopenmp -fpic  -g -O2 -fstack-protector-strong -Wformat -Werror=format-security -Wdate-time -D_FORTIFY_SOURCE=2 -g  -c SparseVec_dotprod.c -o SparseVec_dotprod.o
gcc -std=gnu2x -I"/usr/local/lib/R/include" -DNDEBUG  -I'/usr/local/lib/R/site-library/S4Vectors/include' -I'/usr/local/lib/R/site-library/IRanges/include' -I'/usr/local/lib/R/site-library/XVector/include' -I/usr/local/include   -fopenmp -fpic  -g -O2 -fstack-protector-strong -Wformat -Werror=format-security -Wdate-time -D_FORTIFY_SOURCE=2 -g  -c XVector_stubs.c -o XVector_stubs.o
gcc -std=gnu2x -I"/usr/local/lib/R/include" -DNDEBUG  -I'/usr/local/lib/R/site-library/S4Vectors/include' -I'/usr/local/lib/R/site-library/IRanges/include' -I'/usr/local/lib/R/site-library/XVector/include' -I/usr/local/include   -fopenmp -fpic  -g -O2 -fstack-protector-strong -Wformat -Werror=format-security -Wdate-time -D_FORTIFY_SOURCE=2 -g  -c argcheck_utils.c -o argcheck_utils.o
gcc -std=gnu2x -I"/usr/local/lib/R/include" -DNDEBUG  -I'/usr/local/lib/R/site-library/S4Vectors/include' -I'/usr/local/lib/R/site-library/IRanges/include' -I'/usr/local/lib/R/site-library/XVector/include' -I/usr/local/include   -fopenmp -fpic  -g -O2 -fstack-protector-strong -Wformat -Werror=format-security -Wdate-time -D_FORTIFY_SOURCE=2 -g  -c coerceVector2.c -o coerceVector2.o
gcc -std=gnu2x -I"/usr/local/lib/R/include" -DNDEBUG  -I'/usr/local/lib/R/site-library/S4Vectors/include' -I'/usr/local/lib/R/site-library/IRanges/include' -I'/usr/local/lib/R/site-library/XVector/include' -I/usr/local/include   -fopenmp -fpic  -g -O2 -fstack-protector-strong -Wformat -Werror=format-security -Wdate-time -D_FORTIFY_SOURCE=2 -g  -c leaf_utils.c -o leaf_utils.o
gcc -std=gnu2x -I"/usr/local/lib/R/include" -DNDEBUG  -I'/usr/local/lib/R/site-library/S4Vectors/include' -I'/usr/local/lib/R/site-library/IRanges/include' -I'/usr/local/lib/R/site-library/XVector/include' -I/usr/local/include   -fopenmp -fpic  -g -O2 -fstack-protector-strong -Wformat -Werror=format-security -Wdate-time -D_FORTIFY_SOURCE=2 -g  -c randomSparseArray.c -o randomSparseArray.o
gcc -std=gnu2x -I"/usr/local/lib/R/include" -DNDEBUG  -I'/usr/local/lib/R/site-library/S4Vectors/include' -I'/usr/local/lib/R/site-library/IRanges/include' -I'/usr/local/lib/R/site-library/XVector/include' -I/usr/local/include   -fopenmp -fpic  -g -O2 -fstack-protector-strong -Wformat -Werror=format-security -Wdate-time -D_FORTIFY_SOURCE=2 -g  -c readSparseCSV.c -o readSparseCSV.o
gcc -std=gnu2x -I"/usr/local/lib/R/include" -DNDEBUG  -I'/usr/local/lib/R/site-library/S4Vectors/include' -I'/usr/local/lib/R/site-library/IRanges/include' -I'/usr/local/lib/R/site-library/XVector/include' -I/usr/local/include   -fopenmp -fpic  -g -O2 -fstack-protector-strong -Wformat -Werror=format-security -Wdate-time -D_FORTIFY_SOURCE=2 -g  -c rowsum_methods.c -o rowsum_methods.o
gcc -std=gnu2x -I"/usr/local/lib/R/include" -DNDEBUG  -I'/usr/local/lib/R/site-library/S4Vectors/include' -I'/usr/local/lib/R/site-library/IRanges/include' -I'/usr/local/lib/R/site-library/XVector/include' -I/usr/local/include   -fopenmp -fpic  -g -O2 -fstack-protector-strong -Wformat -Werror=format-security -Wdate-time -D_FORTIFY_SOURCE=2 -g  -c sparseMatrix_utils.c -o sparseMatrix_utils.o
gcc -std=gnu2x -I"/usr/local/lib/R/include" -DNDEBUG  -I'/usr/local/lib/R/site-library/S4Vectors/include' -I'/usr/local/lib/R/site-library/IRanges/include' -I'/usr/local/lib/R/site-library/XVector/include' -I/usr/local/include   -fopenmp -fpic  -g -O2 -fstack-protector-strong -Wformat -Werror=format-security -Wdate-time -D_FORTIFY_SOURCE=2 -g  -c test.c -o test.o
gcc -std=gnu2x -I"/usr/local/lib/R/include" -DNDEBUG  -I'/usr/local/lib/R/site-library/S4Vectors/include' -I'/usr/local/lib/R/site-library/IRanges/include' -I'/usr/local/lib/R/site-library/XVector/include' -I/usr/local/include   -fopenmp -fpic  -g -O2 -fstack-protector-strong -Wformat -Werror=format-security -Wdate-time -D_FORTIFY_SOURCE=2 -g  -c thread_control.c -o thread_control.o
gcc -std=gnu2x -shared -L/usr/local/lib/R/lib -L/usr/local/lib -o SparseArray.so ExtendableJaggedArray.o IRanges_stubs.o OPBufTree.o R_init_SparseArray.o Rvector_summarization.o Rvector_utils.o S4Vectors_stubs.o SBT_utils.o SVT_SparseArray_class.o SparseArray_Arith_methods.o SparseArray_Compare_methods.o SparseArray_Complex_methods.o SparseArray_Logic_methods.o SparseArray_Math_methods.o SparseArray_abind.o SparseArray_aperm.o SparseArray_dim_tuning.o SparseArray_matrixStats.o SparseArray_misc_methods.o SparseArray_subassignment.o SparseArray_subassignment_OLD.o SparseArray_subsetting.o SparseArray_summarization.o SparseMatrix_mult.o SparseVec.o SparseVec_Arith.o SparseVec_Compare.o SparseVec_Logic.o SparseVec_Math.o SparseVec_dotprod.o XVector_stubs.o argcheck_utils.o coerceVector2.o leaf_utils.o randomSparseArray.o readSparseCSV.o rowsum_methods.o sparseMatrix_utils.o test.o thread_control.o -fopenmp -L/usr/local/lib/R/lib -lR
installing to /usr/local/lib/R/site-library/00LOCK-SparseArray/00new/SparseArray/libs
** R
** inst
** byte-compile and prepare package for lazy loading
** help
*** installing help indices
** building package indices
** installing vignettes
** testing if installed package can be loaded from temporary location
** checking absolute paths in shared objects and dynamic libraries
** testing if installed package can be loaded from final location
** testing if installed package keeps a record of temporary installation path
* creating tarball
packaged installation of ‘SparseArray’ as ‘SparseArray_1.8.0_R_x86_64-pc-linux-gnu.tar.gz’
* DONE (SparseArray)
* installing *source* package ‘GenomicRanges’ ...
** this is package ‘GenomicRanges’ version ‘1.60.0’
** using staged installation
** libs
using C compiler: ‘gcc (Ubuntu 13.3.0-6ubuntu2~24.04) 13.3.0’
gcc -std=gnu2x -I"/usr/local/lib/R/include" -DNDEBUG  -I'/usr/local/lib/R/site-library/S4Vectors/include' -I'/usr/local/lib/R/site-library/IRanges/include' -I/usr/local/include    -fpic  -g -O2 -fstack-protector-strong -Wformat -Werror=format-security -Wdate-time -D_FORTIFY_SOURCE=2 -g  -c IRanges_stubs.c -o IRanges_stubs.o
gcc -std=gnu2x -I"/usr/local/lib/R/include" -DNDEBUG  -I'/usr/local/lib/R/site-library/S4Vectors/include' -I'/usr/local/lib/R/site-library/IRanges/include' -I/usr/local/include    -fpic  -g -O2 -fstack-protector-strong -Wformat -Werror=format-security -Wdate-time -D_FORTIFY_SOURCE=2 -g  -c R_init_GenomicRanges.c -o R_init_GenomicRanges.o
gcc -std=gnu2x -I"/usr/local/lib/R/include" -DNDEBUG  -I'/usr/local/lib/R/site-library/S4Vectors/include' -I'/usr/local/lib/R/site-library/IRanges/include' -I/usr/local/include    -fpic  -g -O2 -fstack-protector-strong -Wformat -Werror=format-security -Wdate-time -D_FORTIFY_SOURCE=2 -g  -c S4Vectors_stubs.c -o S4Vectors_stubs.o
gcc -std=gnu2x -I"/usr/local/lib/R/include" -DNDEBUG  -I'/usr/local/lib/R/site-library/S4Vectors/include' -I'/usr/local/lib/R/site-library/IRanges/include' -I/usr/local/include    -fpic  -g -O2 -fstack-protector-strong -Wformat -Werror=format-security -Wdate-time -D_FORTIFY_SOURCE=2 -g  -c transcript_utils.c -o transcript_utils.o
gcc -std=gnu2x -shared -L/usr/local/lib/R/lib -L/usr/local/lib -o GenomicRanges.so IRanges_stubs.o R_init_GenomicRanges.o S4Vectors_stubs.o transcript_utils.o -L/usr/local/lib/R/lib -lR
installing to /usr/local/lib/R/site-library/00LOCK-GenomicRanges/00new/GenomicRanges/libs
** R
** inst
** byte-compile and prepare package for lazy loading
** help
*** installing help indices
** building package indices
** installing vignettes
** testing if installed package can be loaded from temporary location
** checking absolute paths in shared objects and dynamic libraries
** testing if installed package can be loaded from final location
** testing if installed package keeps a record of temporary installation path
* creating tarball
packaged installation of ‘GenomicRanges’ as ‘GenomicRanges_1.60.0_R_x86_64-pc-linux-gnu.tar.gz’
* DONE (GenomicRanges)
* installing *source* package ‘Biostrings’ ...
** this is package ‘Biostrings’ version ‘2.76.0’
** using staged installation
** libs
using C compiler: ‘gcc (Ubuntu 13.3.0-6ubuntu2~24.04) 13.3.0’
gcc -std=gnu2x -I"/usr/local/lib/R/include" -DNDEBUG  -I'/usr/local/lib/R/site-library/S4Vectors/include' -I'/usr/local/lib/R/site-library/IRanges/include' -I'/usr/local/lib/R/site-library/XVector/include' -I/usr/local/include    -fpic  -g -O2 -fstack-protector-strong -Wformat -Werror=format-security -Wdate-time -D_FORTIFY_SOURCE=2 -g  -c BAB_class.c -o BAB_class.o
gcc -std=gnu2x -I"/usr/local/lib/R/include" -DNDEBUG  -I'/usr/local/lib/R/site-library/S4Vectors/include' -I'/usr/local/lib/R/site-library/IRanges/include' -I'/usr/local/lib/R/site-library/XVector/include' -I/usr/local/include    -fpic  -g -O2 -fstack-protector-strong -Wformat -Werror=format-security -Wdate-time -D_FORTIFY_SOURCE=2 -g  -c BitMatrix.c -o BitMatrix.o
gcc -std=gnu2x -I"/usr/local/lib/R/include" -DNDEBUG  -I'/usr/local/lib/R/site-library/S4Vectors/include' -I'/usr/local/lib/R/site-library/IRanges/include' -I'/usr/local/lib/R/site-library/XVector/include' -I/usr/local/include    -fpic  -g -O2 -fstack-protector-strong -Wformat -Werror=format-security -Wdate-time -D_FORTIFY_SOURCE=2 -g  -c IRanges_stubs.c -o IRanges_stubs.o
gcc -std=gnu2x -I"/usr/local/lib/R/include" -DNDEBUG  -I'/usr/local/lib/R/site-library/S4Vectors/include' -I'/usr/local/lib/R/site-library/IRanges/include' -I'/usr/local/lib/R/site-library/XVector/include' -I/usr/local/include    -fpic  -g -O2 -fstack-protector-strong -Wformat -Werror=format-security -Wdate-time -D_FORTIFY_SOURCE=2 -g  -c MIndex_class.c -o MIndex_class.o
gcc -std=gnu2x -I"/usr/local/lib/R/include" -DNDEBUG  -I'/usr/local/lib/R/site-library/S4Vectors/include' -I'/usr/local/lib/R/site-library/IRanges/include' -I'/usr/local/lib/R/site-library/XVector/include' -I/usr/local/include    -fpic  -g -O2 -fstack-protector-strong -Wformat -Werror=format-security -Wdate-time -D_FORTIFY_SOURCE=2 -g  -c PreprocessedTB_class.c -o PreprocessedTB_class.o
gcc -std=gnu2x -I"/usr/local/lib/R/include" -DNDEBUG  -I'/usr/local/lib/R/site-library/S4Vectors/include' -I'/usr/local/lib/R/site-library/IRanges/include' -I'/usr/local/lib/R/site-library/XVector/include' -I/usr/local/include    -fpic  -g -O2 -fstack-protector-strong -Wformat -Werror=format-security -Wdate-time -D_FORTIFY_SOURCE=2 -g  -c R_init_Biostrings.c -o R_init_Biostrings.o
gcc -std=gnu2x -I"/usr/local/lib/R/include" -DNDEBUG  -I'/usr/local/lib/R/site-library/S4Vectors/include' -I'/usr/local/lib/R/site-library/IRanges/include' -I'/usr/local/lib/R/site-library/XVector/include' -I/usr/local/include    -fpic  -g -O2 -fstack-protector-strong -Wformat -Werror=format-security -Wdate-time -D_FORTIFY_SOURCE=2 -g  -c RoSeqs_utils.c -o RoSeqs_utils.o
gcc -std=gnu2x -I"/usr/local/lib/R/include" -DNDEBUG  -I'/usr/local/lib/R/site-library/S4Vectors/include' -I'/usr/local/lib/R/site-library/IRanges/include' -I'/usr/local/lib/R/site-library/XVector/include' -I/usr/local/include    -fpic  -g -O2 -fstack-protector-strong -Wformat -Werror=format-security -Wdate-time -D_FORTIFY_SOURCE=2 -g  -c S4Vectors_stubs.c -o S4Vectors_stubs.o
gcc -std=gnu2x -I"/usr/local/lib/R/include" -DNDEBUG  -I'/usr/local/lib/R/site-library/S4Vectors/include' -I'/usr/local/lib/R/site-library/IRanges/include' -I'/usr/local/lib/R/site-library/XVector/include' -I/usr/local/include    -fpic  -g -O2 -fstack-protector-strong -Wformat -Werror=format-security -Wdate-time -D_FORTIFY_SOURCE=2 -g  -c SparseList_utils.c -o SparseList_utils.o
gcc -std=gnu2x -I"/usr/local/lib/R/include" -DNDEBUG  -I'/usr/local/lib/R/site-library/S4Vectors/include' -I'/usr/local/lib/R/site-library/IRanges/include' -I'/usr/local/lib/R/site-library/XVector/include' -I/usr/local/include    -fpic  -g -O2 -fstack-protector-strong -Wformat -Werror=format-security -Wdate-time -D_FORTIFY_SOURCE=2 -g  -c XStringSetList_class.c -o XStringSetList_class.o
gcc -std=gnu2x -I"/usr/local/lib/R/include" -DNDEBUG  -I'/usr/local/lib/R/site-library/S4Vectors/include' -I'/usr/local/lib/R/site-library/IRanges/include' -I'/usr/local/lib/R/site-library/XVector/include' -I/usr/local/include    -fpic  -g -O2 -fstack-protector-strong -Wformat -Werror=format-security -Wdate-time -D_FORTIFY_SOURCE=2 -g  -c XStringSet_class.c -o XStringSet_class.o
gcc -std=gnu2x -I"/usr/local/lib/R/include" -DNDEBUG  -I'/usr/local/lib/R/site-library/S4Vectors/include' -I'/usr/local/lib/R/site-library/IRanges/include' -I'/usr/local/lib/R/site-library/XVector/include' -I/usr/local/include    -fpic  -g -O2 -fstack-protector-strong -Wformat -Werror=format-security -Wdate-time -D_FORTIFY_SOURCE=2 -g  -c XString_class.c -o XString_class.o
gcc -std=gnu2x -I"/usr/local/lib/R/include" -DNDEBUG  -I'/usr/local/lib/R/site-library/S4Vectors/include' -I'/usr/local/lib/R/site-library/IRanges/include' -I'/usr/local/lib/R/site-library/XVector/include' -I/usr/local/include    -fpic  -g -O2 -fstack-protector-strong -Wformat -Werror=format-security -Wdate-time -D_FORTIFY_SOURCE=2 -g  -c XVector_stubs.c -o XVector_stubs.o
gcc -std=gnu2x -I"/usr/local/lib/R/include" -DNDEBUG  -I'/usr/local/lib/R/site-library/S4Vectors/include' -I'/usr/local/lib/R/site-library/IRanges/include' -I'/usr/local/lib/R/site-library/XVector/include' -I/usr/local/include    -fpic  -g -O2 -fstack-protector-strong -Wformat -Werror=format-security -Wdate-time -D_FORTIFY_SOURCE=2 -g  -c find_palindromes.c -o find_palindromes.o
gcc -std=gnu2x -I"/usr/local/lib/R/include" -DNDEBUG  -I'/usr/local/lib/R/site-library/S4Vectors/include' -I'/usr/local/lib/R/site-library/IRanges/include' -I'/usr/local/lib/R/site-library/XVector/include' -I/usr/local/include    -fpic  -g -O2 -fstack-protector-strong -Wformat -Werror=format-security -Wdate-time -D_FORTIFY_SOURCE=2 -g  -c gtestsim.c -o gtestsim.o
gcc -std=gnu2x -I"/usr/local/lib/R/include" -DNDEBUG  -I'/usr/local/lib/R/site-library/S4Vectors/include' -I'/usr/local/lib/R/site-library/IRanges/include' -I'/usr/local/lib/R/site-library/XVector/include' -I/usr/local/include    -fpic  -g -O2 -fstack-protector-strong -Wformat -Werror=format-security -Wdate-time -D_FORTIFY_SOURCE=2 -g  -c inject_code.c -o inject_code.o
gcc -std=gnu2x -I"/usr/local/lib/R/include" -DNDEBUG  -I'/usr/local/lib/R/site-library/S4Vectors/include' -I'/usr/local/lib/R/site-library/IRanges/include' -I'/usr/local/lib/R/site-library/XVector/include' -I/usr/local/include    -fpic  -g -O2 -fstack-protector-strong -Wformat -Werror=format-security -Wdate-time -D_FORTIFY_SOURCE=2 -g  -c letter_frequency.c -o letter_frequency.o
gcc -std=gnu2x -I"/usr/local/lib/R/include" -DNDEBUG  -I'/usr/local/lib/R/site-library/S4Vectors/include' -I'/usr/local/lib/R/site-library/IRanges/include' -I'/usr/local/lib/R/site-library/XVector/include' -I/usr/local/include    -fpic  -g -O2 -fstack-protector-strong -Wformat -Werror=format-security -Wdate-time -D_FORTIFY_SOURCE=2 -g  -c lowlevel_matching.c -o lowlevel_matching.o
gcc -std=gnu2x -I"/usr/local/lib/R/include" -DNDEBUG  -I'/usr/local/lib/R/site-library/S4Vectors/include' -I'/usr/local/lib/R/site-library/IRanges/include' -I'/usr/local/lib/R/site-library/XVector/include' -I/usr/local/include    -fpic  -g -O2 -fstack-protector-strong -Wformat -Werror=format-security -Wdate-time -D_FORTIFY_SOURCE=2 -g  -c match_PWM.c -o match_PWM.o
gcc -std=gnu2x -I"/usr/local/lib/R/include" -DNDEBUG  -I'/usr/local/lib/R/site-library/S4Vectors/include' -I'/usr/local/lib/R/site-library/IRanges/include' -I'/usr/local/lib/R/site-library/XVector/include' -I/usr/local/include    -fpic  -g -O2 -fstack-protector-strong -Wformat -Werror=format-security -Wdate-time -D_FORTIFY_SOURCE=2 -g  -c match_pattern.c -o match_pattern.o
gcc -std=gnu2x -I"/usr/local/lib/R/include" -DNDEBUG  -I'/usr/local/lib/R/site-library/S4Vectors/include' -I'/usr/local/lib/R/site-library/IRanges/include' -I'/usr/local/lib/R/site-library/XVector/include' -I/usr/local/include    -fpic  -g -O2 -fstack-protector-strong -Wformat -Werror=format-security -Wdate-time -D_FORTIFY_SOURCE=2 -g  -c match_pattern_boyermoore.c -o match_pattern_boyermoore.o
gcc -std=gnu2x -I"/usr/local/lib/R/include" -DNDEBUG  -I'/usr/local/lib/R/site-library/S4Vectors/include' -I'/usr/local/lib/R/site-library/IRanges/include' -I'/usr/local/lib/R/site-library/XVector/include' -I/usr/local/include    -fpic  -g -O2 -fstack-protector-strong -Wformat -Werror=format-security -Wdate-time -D_FORTIFY_SOURCE=2 -g  -c match_pattern_indels.c -o match_pattern_indels.o
gcc -std=gnu2x -I"/usr/local/lib/R/include" -DNDEBUG  -I'/usr/local/lib/R/site-library/S4Vectors/include' -I'/usr/local/lib/R/site-library/IRanges/include' -I'/usr/local/lib/R/site-library/XVector/include' -I/usr/local/include    -fpic  -g -O2 -fstack-protector-strong -Wformat -Werror=format-security -Wdate-time -D_FORTIFY_SOURCE=2 -g  -c match_pattern_shiftor.c -o match_pattern_shiftor.o
gcc -std=gnu2x -I"/usr/local/lib/R/include" -DNDEBUG  -I'/usr/local/lib/R/site-library/S4Vectors/include' -I'/usr/local/lib/R/site-library/IRanges/include' -I'/usr/local/lib/R/site-library/XVector/include' -I/usr/local/include    -fpic  -g -O2 -fstack-protector-strong -Wformat -Werror=format-security -Wdate-time -D_FORTIFY_SOURCE=2 -g  -c match_pdict.c -o match_pdict.o
gcc -std=gnu2x -I"/usr/local/lib/R/include" -DNDEBUG  -I'/usr/local/lib/R/site-library/S4Vectors/include' -I'/usr/local/lib/R/site-library/IRanges/include' -I'/usr/local/lib/R/site-library/XVector/include' -I/usr/local/include    -fpic  -g -O2 -fstack-protector-strong -Wformat -Werror=format-security -Wdate-time -D_FORTIFY_SOURCE=2 -g  -c match_pdict_ACtree2.c -o match_pdict_ACtree2.o
gcc -std=gnu2x -I"/usr/local/lib/R/include" -DNDEBUG  -I'/usr/local/lib/R/site-library/S4Vectors/include' -I'/usr/local/lib/R/site-library/IRanges/include' -I'/usr/local/lib/R/site-library/XVector/include' -I/usr/local/include    -fpic  -g -O2 -fstack-protector-strong -Wformat -Werror=format-security -Wdate-time -D_FORTIFY_SOURCE=2 -g  -c match_pdict_Twobit.c -o match_pdict_Twobit.o
gcc -std=gnu2x -I"/usr/local/lib/R/include" -DNDEBUG  -I'/usr/local/lib/R/site-library/S4Vectors/include' -I'/usr/local/lib/R/site-library/IRanges/include' -I'/usr/local/lib/R/site-library/XVector/include' -I/usr/local/include    -fpic  -g -O2 -fstack-protector-strong -Wformat -Werror=format-security -Wdate-time -D_FORTIFY_SOURCE=2 -g  -c match_pdict_utils.c -o match_pdict_utils.o
gcc -std=gnu2x -I"/usr/local/lib/R/include" -DNDEBUG  -I'/usr/local/lib/R/site-library/S4Vectors/include' -I'/usr/local/lib/R/site-library/IRanges/include' -I'/usr/local/lib/R/site-library/XVector/include' -I/usr/local/include    -fpic  -g -O2 -fstack-protector-strong -Wformat -Werror=format-security -Wdate-time -D_FORTIFY_SOURCE=2 -g  -c match_reporting.c -o match_reporting.o
gcc -std=gnu2x -I"/usr/local/lib/R/include" -DNDEBUG  -I'/usr/local/lib/R/site-library/S4Vectors/include' -I'/usr/local/lib/R/site-library/IRanges/include' -I'/usr/local/lib/R/site-library/XVector/include' -I/usr/local/include    -fpic  -g -O2 -fstack-protector-strong -Wformat -Werror=format-security -Wdate-time -D_FORTIFY_SOURCE=2 -g  -c matchprobes.c -o matchprobes.o
gcc -std=gnu2x -I"/usr/local/lib/R/include" -DNDEBUG  -I'/usr/local/lib/R/site-library/S4Vectors/include' -I'/usr/local/lib/R/site-library/IRanges/include' -I'/usr/local/lib/R/site-library/XVector/include' -I/usr/local/include    -fpic  -g -O2 -fstack-protector-strong -Wformat -Werror=format-security -Wdate-time -D_FORTIFY_SOURCE=2 -g  -c pmatchPattern.c -o pmatchPattern.o
gcc -std=gnu2x -I"/usr/local/lib/R/include" -DNDEBUG  -I'/usr/local/lib/R/site-library/S4Vectors/include' -I'/usr/local/lib/R/site-library/IRanges/include' -I'/usr/local/lib/R/site-library/XVector/include' -I/usr/local/include    -fpic  -g -O2 -fstack-protector-strong -Wformat -Werror=format-security -Wdate-time -D_FORTIFY_SOURCE=2 -g  -c read_fasta_files.c -o read_fasta_files.o
gcc -std=gnu2x -I"/usr/local/lib/R/include" -DNDEBUG  -I'/usr/local/lib/R/site-library/S4Vectors/include' -I'/usr/local/lib/R/site-library/IRanges/include' -I'/usr/local/lib/R/site-library/XVector/include' -I/usr/local/include    -fpic  -g -O2 -fstack-protector-strong -Wformat -Werror=format-security -Wdate-time -D_FORTIFY_SOURCE=2 -g  -c read_fastq_files.c -o read_fastq_files.o
gcc -std=gnu2x -I"/usr/local/lib/R/include" -DNDEBUG  -I'/usr/local/lib/R/site-library/S4Vectors/include' -I'/usr/local/lib/R/site-library/IRanges/include' -I'/usr/local/lib/R/site-library/XVector/include' -I/usr/local/include    -fpic  -g -O2 -fstack-protector-strong -Wformat -Werror=format-security -Wdate-time -D_FORTIFY_SOURCE=2 -g  -c replaceAt.c -o replaceAt.o
gcc -std=gnu2x -I"/usr/local/lib/R/include" -DNDEBUG  -I'/usr/local/lib/R/site-library/S4Vectors/include' -I'/usr/local/lib/R/site-library/IRanges/include' -I'/usr/local/lib/R/site-library/XVector/include' -I/usr/local/include    -fpic  -g -O2 -fstack-protector-strong -Wformat -Werror=format-security -Wdate-time -D_FORTIFY_SOURCE=2 -g  -c replace_letter_at.c -o replace_letter_at.o
gcc -std=gnu2x -I"/usr/local/lib/R/include" -DNDEBUG  -I'/usr/local/lib/R/site-library/S4Vectors/include' -I'/usr/local/lib/R/site-library/IRanges/include' -I'/usr/local/lib/R/site-library/XVector/include' -I/usr/local/include    -fpic  -g -O2 -fstack-protector-strong -Wformat -Werror=format-security -Wdate-time -D_FORTIFY_SOURCE=2 -g  -c strutils.c -o strutils.o
gcc -std=gnu2x -I"/usr/local/lib/R/include" -DNDEBUG  -I'/usr/local/lib/R/site-library/S4Vectors/include' -I'/usr/local/lib/R/site-library/IRanges/include' -I'/usr/local/lib/R/site-library/XVector/include' -I/usr/local/include    -fpic  -g -O2 -fstack-protector-strong -Wformat -Werror=format-security -Wdate-time -D_FORTIFY_SOURCE=2 -g  -c translate.c -o translate.o
gcc -std=gnu2x -I"/usr/local/lib/R/include" -DNDEBUG  -I'/usr/local/lib/R/site-library/S4Vectors/include' -I'/usr/local/lib/R/site-library/IRanges/include' -I'/usr/local/lib/R/site-library/XVector/include' -I/usr/local/include    -fpic  -g -O2 -fstack-protector-strong -Wformat -Werror=format-security -Wdate-time -D_FORTIFY_SOURCE=2 -g  -c unstrsplit_methods.c -o unstrsplit_methods.o
gcc -std=gnu2x -I"/usr/local/lib/R/include" -DNDEBUG  -I'/usr/local/lib/R/site-library/S4Vectors/include' -I'/usr/local/lib/R/site-library/IRanges/include' -I'/usr/local/lib/R/site-library/XVector/include' -I/usr/local/include    -fpic  -g -O2 -fstack-protector-strong -Wformat -Werror=format-security -Wdate-time -D_FORTIFY_SOURCE=2 -g  -c utils.c -o utils.o
gcc -std=gnu2x -I"/usr/local/lib/R/include" -DNDEBUG  -I'/usr/local/lib/R/site-library/S4Vectors/include' -I'/usr/local/lib/R/site-library/IRanges/include' -I'/usr/local/lib/R/site-library/XVector/include' -I/usr/local/include    -fpic  -g -O2 -fstack-protector-strong -Wformat -Werror=format-security -Wdate-time -D_FORTIFY_SOURCE=2 -g  -c xscat.c -o xscat.o
gcc -std=gnu2x -shared -L/usr/local/lib/R/lib -L/usr/local/lib -o Biostrings.so BAB_class.o BitMatrix.o IRanges_stubs.o MIndex_class.o PreprocessedTB_class.o R_init_Biostrings.o RoSeqs_utils.o S4Vectors_stubs.o SparseList_utils.o XStringSetList_class.o XStringSet_class.o XString_class.o XVector_stubs.o find_palindromes.o gtestsim.o inject_code.o letter_frequency.o lowlevel_matching.o match_PWM.o match_pattern.o match_pattern_boyermoore.o match_pattern_indels.o match_pattern_shiftor.o match_pdict.o match_pdict_ACtree2.o match_pdict_Twobit.o match_pdict_utils.o match_reporting.o matchprobes.o pmatchPattern.o read_fasta_files.o read_fastq_files.o replaceAt.o replace_letter_at.o strutils.o translate.o unstrsplit_methods.o utils.o xscat.o -L/usr/local/lib/R/lib -lR
installing to /usr/local/lib/R/site-library/00LOCK-Biostrings/00new/Biostrings/libs
** R
** data
** inst
** byte-compile and prepare package for lazy loading
in method for ‘twoWayAlphabetFrequencyByQuality’ with signature ‘"QualityScaledXStringSet"’: no definition for class “QualityScaledXStringSet”
Creating a new generic function for ‘strsplit’ in package ‘Biostrings’
Creating a generic function for ‘ls’ from package ‘base’ in package ‘Biostrings’
Creating a new generic function for ‘offset’ in package ‘Biostrings’
** help
*** installing help indices
** building package indices
** installing vignettes
** testing if installed package can be loaded from temporary location
** checking absolute paths in shared objects and dynamic libraries
** testing if installed package can be loaded from final location
** testing if installed package keeps a record of temporary installation path
* creating tarball
packaged installation of ‘Biostrings’ as ‘Biostrings_2.76.0_R_x86_64-pc-linux-gnu.tar.gz’
* DONE (Biostrings)
* installing *source* package ‘ggtree’ ...
** this is package ‘ggtree’ version ‘3.16.0’
** using staged installation
** R
** inst
** byte-compile and prepare package for lazy loading
** help
*** installing help indices
** building package indices
** installing vignettes
** testing if installed package can be loaded from temporary location
** testing if installed package can be loaded from final location
** testing if installed package keeps a record of temporary installation path
* creating tarball
packaged installation of ‘ggtree’ as ‘ggtree_3.16.0_R_x86_64-pc-linux-gnu.tar.gz’
* DONE (ggtree)
* installing *source* package ‘DelayedArray’ ...
** this is package ‘DelayedArray’ version ‘0.34.1’
** using staged installation
** libs
using C compiler: ‘gcc (Ubuntu 13.3.0-6ubuntu2~24.04) 13.3.0’
gcc -std=gnu2x -I"/usr/local/lib/R/include" -DNDEBUG  -I'/usr/local/lib/R/site-library/S4Vectors/include' -I/usr/local/include    -fpic  -g -O2 -fstack-protector-strong -Wformat -Werror=format-security -Wdate-time -D_FORTIFY_SOURCE=2 -g  -c R_init_DelayedArray.c -o R_init_DelayedArray.o
gcc -std=gnu2x -I"/usr/local/lib/R/include" -DNDEBUG  -I'/usr/local/lib/R/site-library/S4Vectors/include' -I/usr/local/include    -fpic  -g -O2 -fstack-protector-strong -Wformat -Werror=format-security -Wdate-time -D_FORTIFY_SOURCE=2 -g  -c S4Vectors_stubs.c -o S4Vectors_stubs.o
gcc -std=gnu2x -I"/usr/local/lib/R/include" -DNDEBUG  -I'/usr/local/lib/R/site-library/S4Vectors/include' -I/usr/local/include    -fpic  -g -O2 -fstack-protector-strong -Wformat -Werror=format-security -Wdate-time -D_FORTIFY_SOURCE=2 -g  -c compress_atomic_vector.c -o compress_atomic_vector.o
gcc -std=gnu2x -shared -L/usr/local/lib/R/lib -L/usr/local/lib -o DelayedArray.so R_init_DelayedArray.o S4Vectors_stubs.o compress_atomic_vector.o -L/usr/local/lib/R/lib -lR
installing to /usr/local/lib/R/site-library/00LOCK-DelayedArray/00new/DelayedArray/libs
** R
** inst
** byte-compile and prepare package for lazy loading
Creating a new generic function for ‘apply’ in package ‘DelayedArray’
Creating a new generic function for ‘sweep’ in package ‘DelayedArray’
Creating a new generic function for ‘scale’ in package ‘DelayedArray’
Creating a generic function for ‘dnorm’ from package ‘stats’ in package ‘DelayedArray’
Creating a generic function for ‘pnorm’ from package ‘stats’ in package ‘DelayedArray’
Creating a generic function for ‘qnorm’ from package ‘stats’ in package ‘DelayedArray’
Creating a generic function for ‘dbinom’ from package ‘stats’ in package ‘DelayedArray’
Creating a generic function for ‘pbinom’ from package ‘stats’ in package ‘DelayedArray’
Creating a generic function for ‘qbinom’ from package ‘stats’ in package ‘DelayedArray’
Creating a generic function for ‘dpois’ from package ‘stats’ in package ‘DelayedArray’
Creating a generic function for ‘ppois’ from package ‘stats’ in package ‘DelayedArray’
Creating a generic function for ‘qpois’ from package ‘stats’ in package ‘DelayedArray’
Creating a generic function for ‘dlogis’ from package ‘stats’ in package ‘DelayedArray’
Creating a generic function for ‘plogis’ from package ‘stats’ in package ‘DelayedArray’
Creating a generic function for ‘qlogis’ from package ‘stats’ in package ‘DelayedArray’
** help
*** installing help indices
** building package indices
** installing vignettes
** testing if installed package can be loaded from temporary location
** checking absolute paths in shared objects and dynamic libraries
** testing if installed package can be loaded from final location
** testing if installed package keeps a record of temporary installation path
* creating tarball
packaged installation of ‘DelayedArray’ as ‘DelayedArray_0.34.1_R_x86_64-pc-linux-gnu.tar.gz’
* DONE (DelayedArray)
* installing *source* package ‘Rsamtools’ ...
** this is package ‘Rsamtools’ version ‘2.24.0’
** using staged installation
** libs
using C compiler: ‘gcc (Ubuntu 13.3.0-6ubuntu2~24.04) 13.3.0’
using C++ compiler: ‘g++ (Ubuntu 13.3.0-6ubuntu2~24.04) 13.3.0’
gcc -std=gnu2x -I"/usr/local/lib/R/include" -DNDEBUG -D_FILE_OFFSET_BITS=64 -I'/usr/local/lib/R/site-library/Rhtslib/include' -I'/usr/local/lib/R/site-library/S4Vectors/include' -I'/usr/local/lib/R/site-library/IRanges/include' -I'/usr/local/lib/R/site-library/XVector/include' -I'/usr/local/lib/R/site-library/Biostrings/include' -I/usr/local/include    -fpic  -g -O2 -fstack-protector-strong -Wformat -Werror=format-security -Wdate-time -D_FORTIFY_SOURCE=2 -g  -c Biostrings_stubs.c -o Biostrings_stubs.o
gcc -std=gnu2x -I"/usr/local/lib/R/include" -DNDEBUG -D_FILE_OFFSET_BITS=64 -I'/usr/local/lib/R/site-library/Rhtslib/include' -I'/usr/local/lib/R/site-library/S4Vectors/include' -I'/usr/local/lib/R/site-library/IRanges/include' -I'/usr/local/lib/R/site-library/XVector/include' -I'/usr/local/lib/R/site-library/Biostrings/include' -I/usr/local/include    -fpic  -g -O2 -fstack-protector-strong -Wformat -Werror=format-security -Wdate-time -D_FORTIFY_SOURCE=2 -g  -c COMPAT_bcf_hdr_read.c -o COMPAT_bcf_hdr_read.o
gcc -std=gnu2x -I"/usr/local/lib/R/include" -DNDEBUG -D_FILE_OFFSET_BITS=64 -I'/usr/local/lib/R/site-library/Rhtslib/include' -I'/usr/local/lib/R/site-library/S4Vectors/include' -I'/usr/local/lib/R/site-library/IRanges/include' -I'/usr/local/lib/R/site-library/XVector/include' -I'/usr/local/lib/R/site-library/Biostrings/include' -I/usr/local/include    -fpic  -g -O2 -fstack-protector-strong -Wformat -Werror=format-security -Wdate-time -D_FORTIFY_SOURCE=2 -g  -c IRanges_stubs.c -o IRanges_stubs.o
g++ -std=gnu++17 -I"/usr/local/lib/R/include" -DNDEBUG -D_FILE_OFFSET_BITS=64 -I'/usr/local/lib/R/site-library/Rhtslib/include' -I'/usr/local/lib/R/site-library/S4Vectors/include' -I'/usr/local/lib/R/site-library/IRanges/include' -I'/usr/local/lib/R/site-library/XVector/include' -I'/usr/local/lib/R/site-library/Biostrings/include' -I/usr/local/include    -fpic  -g -O2 -fstack-protector-strong -Wformat -Werror=format-security -Wdate-time -D_FORTIFY_SOURCE=2 -g   -c PileupBuffer.cpp -o PileupBuffer.o
g++ -std=gnu++17 -I"/usr/local/lib/R/include" -DNDEBUG -D_FILE_OFFSET_BITS=64 -I'/usr/local/lib/R/site-library/Rhtslib/include' -I'/usr/local/lib/R/site-library/S4Vectors/include' -I'/usr/local/lib/R/site-library/IRanges/include' -I'/usr/local/lib/R/site-library/XVector/include' -I'/usr/local/lib/R/site-library/Biostrings/include' -I/usr/local/include    -fpic  -g -O2 -fstack-protector-strong -Wformat -Werror=format-security -Wdate-time -D_FORTIFY_SOURCE=2 -g   -c PosCacheColl.cpp -o PosCacheColl.o
gcc -std=gnu2x -I"/usr/local/lib/R/include" -DNDEBUG -D_FILE_OFFSET_BITS=64 -I'/usr/local/lib/R/site-library/Rhtslib/include' -I'/usr/local/lib/R/site-library/S4Vectors/include' -I'/usr/local/lib/R/site-library/IRanges/include' -I'/usr/local/lib/R/site-library/XVector/include' -I'/usr/local/lib/R/site-library/Biostrings/include' -I/usr/local/include    -fpic  -g -O2 -fstack-protector-strong -Wformat -Werror=format-security -Wdate-time -D_FORTIFY_SOURCE=2 -g  -c R_init_Rsamtools.c -o R_init_Rsamtools.o
g++ -std=gnu++17 -I"/usr/local/lib/R/include" -DNDEBUG -D_FILE_OFFSET_BITS=64 -I'/usr/local/lib/R/site-library/Rhtslib/include' -I'/usr/local/lib/R/site-library/S4Vectors/include' -I'/usr/local/lib/R/site-library/IRanges/include' -I'/usr/local/lib/R/site-library/XVector/include' -I'/usr/local/lib/R/site-library/Biostrings/include' -I/usr/local/include    -fpic  -g -O2 -fstack-protector-strong -Wformat -Werror=format-security -Wdate-time -D_FORTIFY_SOURCE=2 -g   -c ResultManager.cpp -o ResultManager.o
gcc -std=gnu2x -I"/usr/local/lib/R/include" -DNDEBUG -D_FILE_OFFSET_BITS=64 -I'/usr/local/lib/R/site-library/Rhtslib/include' -I'/usr/local/lib/R/site-library/S4Vectors/include' -I'/usr/local/lib/R/site-library/IRanges/include' -I'/usr/local/lib/R/site-library/XVector/include' -I'/usr/local/lib/R/site-library/Biostrings/include' -I/usr/local/include    -fpic  -g -O2 -fstack-protector-strong -Wformat -Werror=format-security -Wdate-time -D_FORTIFY_SOURCE=2 -g  -c S4Vectors_stubs.c -o S4Vectors_stubs.o
gcc -std=gnu2x -I"/usr/local/lib/R/include" -DNDEBUG -D_FILE_OFFSET_BITS=64 -I'/usr/local/lib/R/site-library/Rhtslib/include' -I'/usr/local/lib/R/site-library/S4Vectors/include' -I'/usr/local/lib/R/site-library/IRanges/include' -I'/usr/local/lib/R/site-library/XVector/include' -I'/usr/local/lib/R/site-library/Biostrings/include' -I/usr/local/include    -fpic  -g -O2 -fstack-protector-strong -Wformat -Werror=format-security -Wdate-time -D_FORTIFY_SOURCE=2 -g  -c XVector_stubs.c -o XVector_stubs.o
gcc -std=gnu2x -I"/usr/local/lib/R/include" -DNDEBUG -D_FILE_OFFSET_BITS=64 -I'/usr/local/lib/R/site-library/Rhtslib/include' -I'/usr/local/lib/R/site-library/S4Vectors/include' -I'/usr/local/lib/R/site-library/IRanges/include' -I'/usr/local/lib/R/site-library/XVector/include' -I'/usr/local/lib/R/site-library/Biostrings/include' -I/usr/local/include    -fpic  -g -O2 -fstack-protector-strong -Wformat -Werror=format-security -Wdate-time -D_FORTIFY_SOURCE=2 -g  -c as_bam.c -o as_bam.o
gcc -std=gnu2x -I"/usr/local/lib/R/include" -DNDEBUG -D_FILE_OFFSET_BITS=64 -I'/usr/local/lib/R/site-library/Rhtslib/include' -I'/usr/local/lib/R/site-library/S4Vectors/include' -I'/usr/local/lib/R/site-library/IRanges/include' -I'/usr/local/lib/R/site-library/XVector/include' -I'/usr/local/lib/R/site-library/Biostrings/include' -I/usr/local/include    -fpic  -g -O2 -fstack-protector-strong -Wformat -Werror=format-security -Wdate-time -D_FORTIFY_SOURCE=2 -g  -c bam.c -o bam.o
gcc -std=gnu2x -I"/usr/local/lib/R/include" -DNDEBUG -D_FILE_OFFSET_BITS=64 -I'/usr/local/lib/R/site-library/Rhtslib/include' -I'/usr/local/lib/R/site-library/S4Vectors/include' -I'/usr/local/lib/R/site-library/IRanges/include' -I'/usr/local/lib/R/site-library/XVector/include' -I'/usr/local/lib/R/site-library/Biostrings/include' -I/usr/local/include    -fpic  -g -O2 -fstack-protector-strong -Wformat -Werror=format-security -Wdate-time -D_FORTIFY_SOURCE=2 -g  -c bam_data.c -o bam_data.o
g++ -std=gnu++17 -I"/usr/local/lib/R/include" -DNDEBUG -D_FILE_OFFSET_BITS=64 -I'/usr/local/lib/R/site-library/Rhtslib/include' -I'/usr/local/lib/R/site-library/S4Vectors/include' -I'/usr/local/lib/R/site-library/IRanges/include' -I'/usr/local/lib/R/site-library/XVector/include' -I'/usr/local/lib/R/site-library/Biostrings/include' -I/usr/local/include    -fpic  -g -O2 -fstack-protector-strong -Wformat -Werror=format-security -Wdate-time -D_FORTIFY_SOURCE=2 -g   -c bam_mate_iter.cpp -o bam_mate_iter.o
In file included from Template.h:9,
                 from BamIterator.h:10,
                 from BamRangeIterator.h:7,
                 from bam_mate_iter.cpp:1:
BamRangeIterator.h: In member function ‘virtual void BamRangeIterator::finalize_inprogress(bamFile)’:
/usr/local/lib/R/site-library/Rhtslib/include/samtools-1.7-compat.h:14:41: warning: ignoring return value of ‘int64_t bgzf_seek(BGZF*, int64_t, int)’ declared with attribute ‘warn_unused_result’ [-Wunused-result]
   14 | #define bam_seek(fp, pos, dir) bgzf_seek(fp, pos, dir)
      |                                ~~~~~~~~~^~~~~~~~~~~~~~
BamRangeIterator.h:138:16: note: in expansion of macro ‘bam_seek’
  138 |         (void) bam_seek(bfile, pos, SEEK_SET);
      |                ^~~~~~~~
BamIterator.h: In constructor ‘BamIterator::BamIterator(bamFile, const bam_index_t*)’:
/usr/local/lib/R/site-library/Rhtslib/include/samtools-1.7-compat.h:14:41: warning: ignoring return value of ‘int64_t bgzf_seek(BGZF*, int64_t, int)’ declared with attribute ‘warn_unused_result’ [-Wunused-result]
   14 | #define bam_seek(fp, pos, dir) bgzf_seek(fp, pos, dir)
      |                                ~~~~~~~~~^~~~~~~~~~~~~~
BamIterator.h:87:16: note: in expansion of macro ‘bam_seek’
   87 |         (void) bam_seek(bfile, 0, 0);
      |                ^~~~~~~~
gcc -std=gnu2x -I"/usr/local/lib/R/include" -DNDEBUG -D_FILE_OFFSET_BITS=64 -I'/usr/local/lib/R/site-library/Rhtslib/include' -I'/usr/local/lib/R/site-library/S4Vectors/include' -I'/usr/local/lib/R/site-library/IRanges/include' -I'/usr/local/lib/R/site-library/XVector/include' -I'/usr/local/lib/R/site-library/Biostrings/include' -I/usr/local/include    -fpic  -g -O2 -fstack-protector-strong -Wformat -Werror=format-security -Wdate-time -D_FORTIFY_SOURCE=2 -g  -c bam_plbuf.c -o bam_plbuf.o
gcc -std=gnu2x -I"/usr/local/lib/R/include" -DNDEBUG -D_FILE_OFFSET_BITS=64 -I'/usr/local/lib/R/site-library/Rhtslib/include' -I'/usr/local/lib/R/site-library/S4Vectors/include' -I'/usr/local/lib/R/site-library/IRanges/include' -I'/usr/local/lib/R/site-library/XVector/include' -I'/usr/local/lib/R/site-library/Biostrings/include' -I/usr/local/include    -fpic  -g -O2 -fstack-protector-strong -Wformat -Werror=format-security -Wdate-time -D_FORTIFY_SOURCE=2 -g  -c bam_sort.c -o bam_sort.o
gcc -std=gnu2x -I"/usr/local/lib/R/include" -DNDEBUG -D_FILE_OFFSET_BITS=64 -I'/usr/local/lib/R/site-library/Rhtslib/include' -I'/usr/local/lib/R/site-library/S4Vectors/include' -I'/usr/local/lib/R/site-library/IRanges/include' -I'/usr/local/lib/R/site-library/XVector/include' -I'/usr/local/lib/R/site-library/Biostrings/include' -I/usr/local/include    -fpic  -g -O2 -fstack-protector-strong -Wformat -Werror=format-security -Wdate-time -D_FORTIFY_SOURCE=2 -g  -c bambuffer.c -o bambuffer.o
gcc -std=gnu2x -I"/usr/local/lib/R/include" -DNDEBUG -D_FILE_OFFSET_BITS=64 -I'/usr/local/lib/R/site-library/Rhtslib/include' -I'/usr/local/lib/R/site-library/S4Vectors/include' -I'/usr/local/lib/R/site-library/IRanges/include' -I'/usr/local/lib/R/site-library/XVector/include' -I'/usr/local/lib/R/site-library/Biostrings/include' -I/usr/local/include    -fpic  -g -O2 -fstack-protector-strong -Wformat -Werror=format-security -Wdate-time -D_FORTIFY_SOURCE=2 -g  -c bamfile.c -o bamfile.o
bamfile.c: In function ‘bamfile_isincomplete’:
bamfile.c:168:20: warning: ignoring return value of ‘bgzf_seek’ declared with attribute ‘warn_unused_result’ [-Wunused-result]
  168 |             (void) bgzf_seek(bfile->file->x.bam, offset, SEEK_SET);
      |                    ^~~~~~~~~~~~~~~~~~~~~~~~~~~~~~~~~~~~~~~~~~~~~~~
gcc -std=gnu2x -I"/usr/local/lib/R/include" -DNDEBUG -D_FILE_OFFSET_BITS=64 -I'/usr/local/lib/R/site-library/Rhtslib/include' -I'/usr/local/lib/R/site-library/S4Vectors/include' -I'/usr/local/lib/R/site-library/IRanges/include' -I'/usr/local/lib/R/site-library/XVector/include' -I'/usr/local/lib/R/site-library/Biostrings/include' -I/usr/local/include    -fpic  -g -O2 -fstack-protector-strong -Wformat -Werror=format-security -Wdate-time -D_FORTIFY_SOURCE=2 -g  -c bcffile.c -o bcffile.o
gcc -std=gnu2x -I"/usr/local/lib/R/include" -DNDEBUG -D_FILE_OFFSET_BITS=64 -I'/usr/local/lib/R/site-library/Rhtslib/include' -I'/usr/local/lib/R/site-library/S4Vectors/include' -I'/usr/local/lib/R/site-library/IRanges/include' -I'/usr/local/lib/R/site-library/XVector/include' -I'/usr/local/lib/R/site-library/Biostrings/include' -I/usr/local/include    -fpic  -g -O2 -fstack-protector-strong -Wformat -Werror=format-security -Wdate-time -D_FORTIFY_SOURCE=2 -g  -c bedidx.c -o bedidx.o
gcc -std=gnu2x -I"/usr/local/lib/R/include" -DNDEBUG -D_FILE_OFFSET_BITS=64 -I'/usr/local/lib/R/site-library/Rhtslib/include' -I'/usr/local/lib/R/site-library/S4Vectors/include' -I'/usr/local/lib/R/site-library/IRanges/include' -I'/usr/local/lib/R/site-library/XVector/include' -I'/usr/local/lib/R/site-library/Biostrings/include' -I/usr/local/include    -fpic  -g -O2 -fstack-protector-strong -Wformat -Werror=format-security -Wdate-time -D_FORTIFY_SOURCE=2 -g  -c encode.c -o encode.o
gcc -std=gnu2x -I"/usr/local/lib/R/include" -DNDEBUG -D_FILE_OFFSET_BITS=64 -I'/usr/local/lib/R/site-library/Rhtslib/include' -I'/usr/local/lib/R/site-library/S4Vectors/include' -I'/usr/local/lib/R/site-library/IRanges/include' -I'/usr/local/lib/R/site-library/XVector/include' -I'/usr/local/lib/R/site-library/Biostrings/include' -I/usr/local/include    -fpic  -g -O2 -fstack-protector-strong -Wformat -Werror=format-security -Wdate-time -D_FORTIFY_SOURCE=2 -g  -c fafile.c -o fafile.o
gcc -std=gnu2x -I"/usr/local/lib/R/include" -DNDEBUG -D_FILE_OFFSET_BITS=64 -I'/usr/local/lib/R/site-library/Rhtslib/include' -I'/usr/local/lib/R/site-library/S4Vectors/include' -I'/usr/local/lib/R/site-library/IRanges/include' -I'/usr/local/lib/R/site-library/XVector/include' -I'/usr/local/lib/R/site-library/Biostrings/include' -I/usr/local/include    -fpic  -g -O2 -fstack-protector-strong -Wformat -Werror=format-security -Wdate-time -D_FORTIFY_SOURCE=2 -g  -c idxstats.c -o idxstats.o
In file included from bamfile.h:5,
                 from idxstats.c:1:
idxstats.c: In function ‘idxstats_bamfile’:
/usr/local/lib/R/site-library/Rhtslib/include/samtools-1.7-compat.h:14:32: warning: ignoring return value of ‘bgzf_seek’ declared with attribute ‘warn_unused_result’ [-Wunused-result]
   14 | #define bam_seek(fp, pos, dir) bgzf_seek(fp, pos, dir)
      |                                ^~~~~~~~~~~~~~~~~~~~~~~
idxstats.c:20:12: note: in expansion of macro ‘bam_seek’
   20 |     (void) bam_seek(fp, 0, 0);
      |            ^~~~~~~~
gcc -std=gnu2x -I"/usr/local/lib/R/include" -DNDEBUG -D_FILE_OFFSET_BITS=64 -I'/usr/local/lib/R/site-library/Rhtslib/include' -I'/usr/local/lib/R/site-library/S4Vectors/include' -I'/usr/local/lib/R/site-library/IRanges/include' -I'/usr/local/lib/R/site-library/XVector/include' -I'/usr/local/lib/R/site-library/Biostrings/include' -I/usr/local/include    -fpic  -g -O2 -fstack-protector-strong -Wformat -Werror=format-security -Wdate-time -D_FORTIFY_SOURCE=2 -g  -c io_sam.c -o io_sam.o
In file included from io_sam.c:3:
io_sam.c: In function ‘_scan_bam_all’:
/usr/local/lib/R/site-library/Rhtslib/include/samtools-1.7-compat.h:14:32: warning: ignoring return value of ‘bgzf_seek’ declared with attribute ‘warn_unused_result’ [-Wunused-result]
   14 | #define bam_seek(fp, pos, dir) bgzf_seek(fp, pos, dir)
      |                                ^~~~~~~~~~~~~~~~~~~~~~~
io_sam.c:302:12: note: in expansion of macro ‘bam_seek’
  302 |     (void) bam_seek(bfile->file->x.bam, bfile->pos0, SEEK_SET);
      |            ^~~~~~~~
g++ -std=gnu++17 -I"/usr/local/lib/R/include" -DNDEBUG -D_FILE_OFFSET_BITS=64 -I'/usr/local/lib/R/site-library/Rhtslib/include' -I'/usr/local/lib/R/site-library/S4Vectors/include' -I'/usr/local/lib/R/site-library/IRanges/include' -I'/usr/local/lib/R/site-library/XVector/include' -I'/usr/local/lib/R/site-library/Biostrings/include' -I/usr/local/include    -fpic  -g -O2 -fstack-protector-strong -Wformat -Werror=format-security -Wdate-time -D_FORTIFY_SOURCE=2 -g   -c pbuffer_wrapper.cpp -o pbuffer_wrapper.o
g++ -std=gnu++17 -I"/usr/local/lib/R/include" -DNDEBUG -D_FILE_OFFSET_BITS=64 -I'/usr/local/lib/R/site-library/Rhtslib/include' -I'/usr/local/lib/R/site-library/S4Vectors/include' -I'/usr/local/lib/R/site-library/IRanges/include' -I'/usr/local/lib/R/site-library/XVector/include' -I'/usr/local/lib/R/site-library/Biostrings/include' -I/usr/local/include    -fpic  -g -O2 -fstack-protector-strong -Wformat -Werror=format-security -Wdate-time -D_FORTIFY_SOURCE=2 -g   -c pileup.cpp -o pileup.o
gcc -std=gnu2x -I"/usr/local/lib/R/include" -DNDEBUG -D_FILE_OFFSET_BITS=64 -I'/usr/local/lib/R/site-library/Rhtslib/include' -I'/usr/local/lib/R/site-library/S4Vectors/include' -I'/usr/local/lib/R/site-library/IRanges/include' -I'/usr/local/lib/R/site-library/XVector/include' -I'/usr/local/lib/R/site-library/Biostrings/include' -I/usr/local/include    -fpic  -g -O2 -fstack-protector-strong -Wformat -Werror=format-security -Wdate-time -D_FORTIFY_SOURCE=2 -g  -c pileupbam.c -o pileupbam.o
gcc -std=gnu2x -I"/usr/local/lib/R/include" -DNDEBUG -D_FILE_OFFSET_BITS=64 -I'/usr/local/lib/R/site-library/Rhtslib/include' -I'/usr/local/lib/R/site-library/S4Vectors/include' -I'/usr/local/lib/R/site-library/IRanges/include' -I'/usr/local/lib/R/site-library/XVector/include' -I'/usr/local/lib/R/site-library/Biostrings/include' -I/usr/local/include    -fpic  -g -O2 -fstack-protector-strong -Wformat -Werror=format-security -Wdate-time -D_FORTIFY_SOURCE=2 -g  -c sam_opts.c -o sam_opts.o
gcc -std=gnu2x -I"/usr/local/lib/R/include" -DNDEBUG -D_FILE_OFFSET_BITS=64 -I'/usr/local/lib/R/site-library/Rhtslib/include' -I'/usr/local/lib/R/site-library/S4Vectors/include' -I'/usr/local/lib/R/site-library/IRanges/include' -I'/usr/local/lib/R/site-library/XVector/include' -I'/usr/local/lib/R/site-library/Biostrings/include' -I/usr/local/include    -fpic  -g -O2 -fstack-protector-strong -Wformat -Werror=format-security -Wdate-time -D_FORTIFY_SOURCE=2 -g  -c sam_utils.c -o sam_utils.o
gcc -std=gnu2x -I"/usr/local/lib/R/include" -DNDEBUG -D_FILE_OFFSET_BITS=64 -I'/usr/local/lib/R/site-library/Rhtslib/include' -I'/usr/local/lib/R/site-library/S4Vectors/include' -I'/usr/local/lib/R/site-library/IRanges/include' -I'/usr/local/lib/R/site-library/XVector/include' -I'/usr/local/lib/R/site-library/Biostrings/include' -I/usr/local/include    -fpic  -g -O2 -fstack-protector-strong -Wformat -Werror=format-security -Wdate-time -D_FORTIFY_SOURCE=2 -g  -c samtools_patch.c -o samtools_patch.o
gcc -std=gnu2x -I"/usr/local/lib/R/include" -DNDEBUG -D_FILE_OFFSET_BITS=64 -I'/usr/local/lib/R/site-library/Rhtslib/include' -I'/usr/local/lib/R/site-library/S4Vectors/include' -I'/usr/local/lib/R/site-library/IRanges/include' -I'/usr/local/lib/R/site-library/XVector/include' -I'/usr/local/lib/R/site-library/Biostrings/include' -I/usr/local/include    -fpic  -g -O2 -fstack-protector-strong -Wformat -Werror=format-security -Wdate-time -D_FORTIFY_SOURCE=2 -g  -c scan_bam_data.c -o scan_bam_data.o
gcc -std=gnu2x -I"/usr/local/lib/R/include" -DNDEBUG -D_FILE_OFFSET_BITS=64 -I'/usr/local/lib/R/site-library/Rhtslib/include' -I'/usr/local/lib/R/site-library/S4Vectors/include' -I'/usr/local/lib/R/site-library/IRanges/include' -I'/usr/local/lib/R/site-library/XVector/include' -I'/usr/local/lib/R/site-library/Biostrings/include' -I/usr/local/include    -fpic  -g -O2 -fstack-protector-strong -Wformat -Werror=format-security -Wdate-time -D_FORTIFY_SOURCE=2 -g  -c tabixfile.c -o tabixfile.o
tabixfile.c: In function ‘index_tabix’:
tabixfile.c:190:5: warning: ‘bgzf_is_bgzf’ is deprecated: Use bgzf_compression() or hts_detect_format() instead [-Wdeprecated-declarations]
  190 |     if (bgzf_is_bgzf(fn) != 1)
      |     ^~
In file included from tabixfile.c:3:
/usr/local/lib/R/site-library/Rhtslib/include/htslib/bgzf.h:270:9: note: declared here
  270 |     int bgzf_is_bgzf(const char *fn) HTS_DEPRECATED("Use bgzf_compression() or hts_detect_format() instead");
      |         ^~~~~~~~~~~~
gcc -std=gnu2x -I"/usr/local/lib/R/include" -DNDEBUG -D_FILE_OFFSET_BITS=64 -I'/usr/local/lib/R/site-library/Rhtslib/include' -I'/usr/local/lib/R/site-library/S4Vectors/include' -I'/usr/local/lib/R/site-library/IRanges/include' -I'/usr/local/lib/R/site-library/XVector/include' -I'/usr/local/lib/R/site-library/Biostrings/include' -I/usr/local/include    -fpic  -g -O2 -fstack-protector-strong -Wformat -Werror=format-security -Wdate-time -D_FORTIFY_SOURCE=2 -g  -c tagfilter.c -o tagfilter.o
gcc -std=gnu2x -I"/usr/local/lib/R/include" -DNDEBUG -D_FILE_OFFSET_BITS=64 -I'/usr/local/lib/R/site-library/Rhtslib/include' -I'/usr/local/lib/R/site-library/S4Vectors/include' -I'/usr/local/lib/R/site-library/IRanges/include' -I'/usr/local/lib/R/site-library/XVector/include' -I'/usr/local/lib/R/site-library/Biostrings/include' -I/usr/local/include    -fpic  -g -O2 -fstack-protector-strong -Wformat -Werror=format-security -Wdate-time -D_FORTIFY_SOURCE=2 -g  -c utilities.c -o utilities.o
gcc -std=gnu2x -I"/usr/local/lib/R/include" -DNDEBUG -D_FILE_OFFSET_BITS=64 -I'/usr/local/lib/R/site-library/Rhtslib/include' -I'/usr/local/lib/R/site-library/S4Vectors/include' -I'/usr/local/lib/R/site-library/IRanges/include' -I'/usr/local/lib/R/site-library/XVector/include' -I'/usr/local/lib/R/site-library/Biostrings/include' -I/usr/local/include    -fpic  -g -O2 -fstack-protector-strong -Wformat -Werror=format-security -Wdate-time -D_FORTIFY_SOURCE=2 -g  -c zip_compression.c -o zip_compression.o
g++ -std=gnu++17 -shared -L/usr/local/lib/R/lib -L/usr/local/lib -o Rsamtools.so Biostrings_stubs.o COMPAT_bcf_hdr_read.o IRanges_stubs.o PileupBuffer.o PosCacheColl.o R_init_Rsamtools.o ResultManager.o S4Vectors_stubs.o XVector_stubs.o as_bam.o bam.o bam_data.o bam_mate_iter.o bam_plbuf.o bam_sort.o bambuffer.o bamfile.o bcffile.o bedidx.o encode.o fafile.o idxstats.o io_sam.o pbuffer_wrapper.o pileup.o pileupbam.o sam_opts.o sam_utils.o samtools_patch.o scan_bam_data.o tabixfile.o tagfilter.o utilities.o zip_compression.o /usr/local/lib/R/site-library/Rhtslib/usrlib/libhts.a -lcurl -lbz2 -llzma -lz -L/usr/local/lib/R/lib -lR
installing to /usr/local/lib/R/site-library/00LOCK-Rsamtools/00new/Rsamtools/libs
** R
** inst
** byte-compile and prepare package for lazy loading
** help
*** installing help indices
** building package indices
** installing vignettes
** testing if installed package can be loaded from temporary location
** checking absolute paths in shared objects and dynamic libraries
** testing if installed package can be loaded from final location
** testing if installed package keeps a record of temporary installation path
* creating tarball
packaged installation of ‘Rsamtools’ as ‘Rsamtools_2.24.0_R_x86_64-pc-linux-gnu.tar.gz’
* DONE (Rsamtools)
* installing *source* package ‘SummarizedExperiment’ ...
** this is package ‘SummarizedExperiment’ version ‘1.38.0’
** using staged installation
** R
** inst
** byte-compile and prepare package for lazy loading
** help
*** installing help indices
** building package indices
** installing vignettes
** testing if installed package can be loaded from temporary location
** testing if installed package can be loaded from final location
** testing if installed package keeps a record of temporary installation path
* creating tarball
packaged installation of ‘SummarizedExperiment’ as ‘SummarizedExperiment_1.38.0_R_x86_64-pc-linux-gnu.tar.gz’
* DONE (SummarizedExperiment)
* installing *source* package ‘GenomicAlignments’ ...
** this is package ‘GenomicAlignments’ version ‘1.44.0’
** using staged installation
** libs
using C compiler: ‘gcc (Ubuntu 13.3.0-6ubuntu2~24.04) 13.3.0’
gcc -std=gnu2x -I"/usr/local/lib/R/include" -DNDEBUG  -I'/usr/local/lib/R/site-library/S4Vectors/include' -I'/usr/local/lib/R/site-library/IRanges/include' -I/usr/local/include    -fpic  -g -O2 -fstack-protector-strong -Wformat -Werror=format-security -Wdate-time -D_FORTIFY_SOURCE=2 -g  -c IRanges_stubs.c -o IRanges_stubs.o
gcc -std=gnu2x -I"/usr/local/lib/R/include" -DNDEBUG  -I'/usr/local/lib/R/site-library/S4Vectors/include' -I'/usr/local/lib/R/site-library/IRanges/include' -I/usr/local/include    -fpic  -g -O2 -fstack-protector-strong -Wformat -Werror=format-security -Wdate-time -D_FORTIFY_SOURCE=2 -g  -c R_init_GenomicAlignments.c -o R_init_GenomicAlignments.o
gcc -std=gnu2x -I"/usr/local/lib/R/include" -DNDEBUG  -I'/usr/local/lib/R/site-library/S4Vectors/include' -I'/usr/local/lib/R/site-library/IRanges/include' -I/usr/local/include    -fpic  -g -O2 -fstack-protector-strong -Wformat -Werror=format-security -Wdate-time -D_FORTIFY_SOURCE=2 -g  -c S4Vectors_stubs.c -o S4Vectors_stubs.o
gcc -std=gnu2x -I"/usr/local/lib/R/include" -DNDEBUG  -I'/usr/local/lib/R/site-library/S4Vectors/include' -I'/usr/local/lib/R/site-library/IRanges/include' -I/usr/local/include    -fpic  -g -O2 -fstack-protector-strong -Wformat -Werror=format-security -Wdate-time -D_FORTIFY_SOURCE=2 -g  -c cigar_utils.c -o cigar_utils.o
gcc -std=gnu2x -I"/usr/local/lib/R/include" -DNDEBUG  -I'/usr/local/lib/R/site-library/S4Vectors/include' -I'/usr/local/lib/R/site-library/IRanges/include' -I/usr/local/include    -fpic  -g -O2 -fstack-protector-strong -Wformat -Werror=format-security -Wdate-time -D_FORTIFY_SOURCE=2 -g  -c coordinate_mapping_methods.c -o coordinate_mapping_methods.o
gcc -std=gnu2x -I"/usr/local/lib/R/include" -DNDEBUG  -I'/usr/local/lib/R/site-library/S4Vectors/include' -I'/usr/local/lib/R/site-library/IRanges/include' -I/usr/local/include    -fpic  -g -O2 -fstack-protector-strong -Wformat -Werror=format-security -Wdate-time -D_FORTIFY_SOURCE=2 -g  -c encodeOverlaps_methods.c -o encodeOverlaps_methods.o
gcc -std=gnu2x -shared -L/usr/local/lib/R/lib -L/usr/local/lib -o GenomicAlignments.so IRanges_stubs.o R_init_GenomicAlignments.o S4Vectors_stubs.o cigar_utils.o coordinate_mapping_methods.o encodeOverlaps_methods.o -L/usr/local/lib/R/lib -lR
installing to /usr/local/lib/R/site-library/00LOCK-GenomicAlignments/00new/GenomicAlignments/libs
** R
** inst
** byte-compile and prepare package for lazy loading
** help
*** installing help indices
** building package indices
** installing vignettes
** testing if installed package can be loaded from temporary location
** checking absolute paths in shared objects and dynamic libraries
** testing if installed package can be loaded from final location
** testing if installed package keeps a record of temporary installation path
* creating tarball
packaged installation of ‘GenomicAlignments’ as ‘GenomicAlignments_1.44.0_R_x86_64-pc-linux-gnu.tar.gz’
* DONE (GenomicAlignments)
* installing *source* package ‘rtracklayer’ ...
** this is package ‘rtracklayer’ version ‘1.68.0’
** using staged installation
checking for pkg-config... /usr/bin/pkg-config
checking pkg-config is at least version 0.9.0... yes
checking for OPENSSL... yes
configure: creating ./config.status
config.status: creating src/Makevars
** libs
using C compiler: ‘gcc (Ubuntu 13.3.0-6ubuntu2~24.04) 13.3.0’
gcc -std=gnu2x -I"/usr/local/lib/R/include" -DNDEBUG -DUSE_SSL -D_FILE_OFFSET_BITS=64 -I'/usr/local/lib/R/site-library/S4Vectors/include' -I'/usr/local/lib/R/site-library/IRanges/include' -I'/usr/local/lib/R/site-library/XVector/include' -I/usr/local/include    -fpic  -g -O2 -fstack-protector-strong -Wformat -Werror=format-security -Wdate-time -D_FORTIFY_SOURCE=2 -g  -c S4Vectors_stubs.c -o S4Vectors_stubs.o
gcc -std=gnu2x -I"/usr/local/lib/R/include" -DNDEBUG -DUSE_SSL -D_FILE_OFFSET_BITS=64 -I'/usr/local/lib/R/site-library/S4Vectors/include' -I'/usr/local/lib/R/site-library/IRanges/include' -I'/usr/local/lib/R/site-library/XVector/include' -I/usr/local/include    -fpic  -g -O2 -fstack-protector-strong -Wformat -Werror=format-security -Wdate-time -D_FORTIFY_SOURCE=2 -g  -c IRanges_stubs.c -o IRanges_stubs.o
gcc -std=gnu2x -I"/usr/local/lib/R/include" -DNDEBUG -DUSE_SSL -D_FILE_OFFSET_BITS=64 -I'/usr/local/lib/R/site-library/S4Vectors/include' -I'/usr/local/lib/R/site-library/IRanges/include' -I'/usr/local/lib/R/site-library/XVector/include' -I/usr/local/include    -fpic  -g -O2 -fstack-protector-strong -Wformat -Werror=format-security -Wdate-time -D_FORTIFY_SOURCE=2 -g  -c XVector_stubs.c -o XVector_stubs.o
gcc -std=gnu2x -I"/usr/local/lib/R/include" -DNDEBUG -DUSE_SSL -D_FILE_OFFSET_BITS=64 -I'/usr/local/lib/R/site-library/S4Vectors/include' -I'/usr/local/lib/R/site-library/IRanges/include' -I'/usr/local/lib/R/site-library/XVector/include' -I/usr/local/include    -fpic  -g -O2 -fstack-protector-strong -Wformat -Werror=format-security -Wdate-time -D_FORTIFY_SOURCE=2 -g  -c R_init_rtracklayer.c -o R_init_rtracklayer.o
gcc -std=gnu2x -I"/usr/local/lib/R/include" -DNDEBUG -DUSE_SSL -D_FILE_OFFSET_BITS=64 -I'/usr/local/lib/R/site-library/S4Vectors/include' -I'/usr/local/lib/R/site-library/IRanges/include' -I'/usr/local/lib/R/site-library/XVector/include' -I/usr/local/include    -fpic  -g -O2 -fstack-protector-strong -Wformat -Werror=format-security -Wdate-time -D_FORTIFY_SOURCE=2 -g  -c readGFF.c -o readGFF.o
gcc -std=gnu2x -I"/usr/local/lib/R/include" -DNDEBUG -DUSE_SSL -D_FILE_OFFSET_BITS=64 -I'/usr/local/lib/R/site-library/S4Vectors/include' -I'/usr/local/lib/R/site-library/IRanges/include' -I'/usr/local/lib/R/site-library/XVector/include' -I/usr/local/include    -fpic  -g -O2 -fstack-protector-strong -Wformat -Werror=format-security -Wdate-time -D_FORTIFY_SOURCE=2 -g  -c bbiHelper.c -o bbiHelper.o
gcc -std=gnu2x -I"/usr/local/lib/R/include" -DNDEBUG -DUSE_SSL -D_FILE_OFFSET_BITS=64 -I'/usr/local/lib/R/site-library/S4Vectors/include' -I'/usr/local/lib/R/site-library/IRanges/include' -I'/usr/local/lib/R/site-library/XVector/include' -I/usr/local/include    -fpic  -g -O2 -fstack-protector-strong -Wformat -Werror=format-security -Wdate-time -D_FORTIFY_SOURCE=2 -g  -c bigWig.c -o bigWig.o
gcc -std=gnu2x -I"/usr/local/lib/R/include" -DNDEBUG -DUSE_SSL -D_FILE_OFFSET_BITS=64 -I'/usr/local/lib/R/site-library/S4Vectors/include' -I'/usr/local/lib/R/site-library/IRanges/include' -I'/usr/local/lib/R/site-library/XVector/include' -I/usr/local/include    -fpic  -g -O2 -fstack-protector-strong -Wformat -Werror=format-security -Wdate-time -D_FORTIFY_SOURCE=2 -g  -c bigBedHelper.c -o bigBedHelper.o
gcc -std=gnu2x -I"/usr/local/lib/R/include" -DNDEBUG -DUSE_SSL -D_FILE_OFFSET_BITS=64 -I'/usr/local/lib/R/site-library/S4Vectors/include' -I'/usr/local/lib/R/site-library/IRanges/include' -I'/usr/local/lib/R/site-library/XVector/include' -I/usr/local/include    -fpic  -g -O2 -fstack-protector-strong -Wformat -Werror=format-security -Wdate-time -D_FORTIFY_SOURCE=2 -g  -c bigBed.c -o bigBed.o
gcc -std=gnu2x -I"/usr/local/lib/R/include" -DNDEBUG -DUSE_SSL -D_FILE_OFFSET_BITS=64 -I'/usr/local/lib/R/site-library/S4Vectors/include' -I'/usr/local/lib/R/site-library/IRanges/include' -I'/usr/local/lib/R/site-library/XVector/include' -I/usr/local/include    -fpic  -g -O2 -fstack-protector-strong -Wformat -Werror=format-security -Wdate-time -D_FORTIFY_SOURCE=2 -g  -c chain_io.c -o chain_io.o
gcc -std=gnu2x -I"/usr/local/lib/R/include" -DNDEBUG -DUSE_SSL -D_FILE_OFFSET_BITS=64 -I'/usr/local/lib/R/site-library/S4Vectors/include' -I'/usr/local/lib/R/site-library/IRanges/include' -I'/usr/local/lib/R/site-library/XVector/include' -I/usr/local/include    -fpic  -g -O2 -fstack-protector-strong -Wformat -Werror=format-security -Wdate-time -D_FORTIFY_SOURCE=2 -g  -c twoBit.c -o twoBit.o
gcc -std=gnu2x -I"/usr/local/lib/R/include" -DNDEBUG -DUSE_SSL -D_FILE_OFFSET_BITS=64 -I'/usr/local/lib/R/site-library/S4Vectors/include' -I'/usr/local/lib/R/site-library/IRanges/include' -I'/usr/local/lib/R/site-library/XVector/include' -I/usr/local/include    -fpic  -g -O2 -fstack-protector-strong -Wformat -Werror=format-security -Wdate-time -D_FORTIFY_SOURCE=2 -g  -c handlers.c -o handlers.o
gcc -std=gnu2x -I"/usr/local/lib/R/include" -DNDEBUG -DUSE_SSL -D_FILE_OFFSET_BITS=64 -I'/usr/local/lib/R/site-library/S4Vectors/include' -I'/usr/local/lib/R/site-library/IRanges/include' -I'/usr/local/lib/R/site-library/XVector/include' -I/usr/local/include    -fpic  -g -O2 -fstack-protector-strong -Wformat -Werror=format-security -Wdate-time -D_FORTIFY_SOURCE=2 -g  -c utils.c -o utils.o
gcc -std=gnu2x -I"/usr/local/lib/R/include" -DNDEBUG -DUSE_SSL -D_FILE_OFFSET_BITS=64 -I'/usr/local/lib/R/site-library/S4Vectors/include' -I'/usr/local/lib/R/site-library/IRanges/include' -I'/usr/local/lib/R/site-library/XVector/include' -I/usr/local/include    -fpic  -g -O2 -fstack-protector-strong -Wformat -Werror=format-security -Wdate-time -D_FORTIFY_SOURCE=2 -g  -c ucsc/memgfx.c -o ucsc/memgfx.o
gcc -std=gnu2x -I"/usr/local/lib/R/include" -DNDEBUG -DUSE_SSL -D_FILE_OFFSET_BITS=64 -I'/usr/local/lib/R/site-library/S4Vectors/include' -I'/usr/local/lib/R/site-library/IRanges/include' -I'/usr/local/lib/R/site-library/XVector/include' -I/usr/local/include    -fpic  -g -O2 -fstack-protector-strong -Wformat -Werror=format-security -Wdate-time -D_FORTIFY_SOURCE=2 -g  -c ucsc/binRange.c -o ucsc/binRange.o
gcc -std=gnu2x -I"/usr/local/lib/R/include" -DNDEBUG -DUSE_SSL -D_FILE_OFFSET_BITS=64 -I'/usr/local/lib/R/site-library/S4Vectors/include' -I'/usr/local/lib/R/site-library/IRanges/include' -I'/usr/local/lib/R/site-library/XVector/include' -I/usr/local/include    -fpic  -g -O2 -fstack-protector-strong -Wformat -Werror=format-security -Wdate-time -D_FORTIFY_SOURCE=2 -g  -c ucsc/htmlColor.c -o ucsc/htmlColor.o
gcc -std=gnu2x -I"/usr/local/lib/R/include" -DNDEBUG -DUSE_SSL -D_FILE_OFFSET_BITS=64 -I'/usr/local/lib/R/site-library/S4Vectors/include' -I'/usr/local/lib/R/site-library/IRanges/include' -I'/usr/local/lib/R/site-library/XVector/include' -I/usr/local/include    -fpic  -g -O2 -fstack-protector-strong -Wformat -Werror=format-security -Wdate-time -D_FORTIFY_SOURCE=2 -g  -c ucsc/sqlList.c -o ucsc/sqlList.o
gcc -std=gnu2x -I"/usr/local/lib/R/include" -DNDEBUG -DUSE_SSL -D_FILE_OFFSET_BITS=64 -I'/usr/local/lib/R/site-library/S4Vectors/include' -I'/usr/local/lib/R/site-library/IRanges/include' -I'/usr/local/lib/R/site-library/XVector/include' -I/usr/local/include    -fpic  -g -O2 -fstack-protector-strong -Wformat -Werror=format-security -Wdate-time -D_FORTIFY_SOURCE=2 -g  -c ucsc/tokenizer.c -o ucsc/tokenizer.o
gcc -std=gnu2x -I"/usr/local/lib/R/include" -DNDEBUG -DUSE_SSL -D_FILE_OFFSET_BITS=64 -I'/usr/local/lib/R/site-library/S4Vectors/include' -I'/usr/local/lib/R/site-library/IRanges/include' -I'/usr/local/lib/R/site-library/XVector/include' -I/usr/local/include    -fpic  -g -O2 -fstack-protector-strong -Wformat -Werror=format-security -Wdate-time -D_FORTIFY_SOURCE=2 -g  -c ucsc/asParse.c -o ucsc/asParse.o
gcc -std=gnu2x -I"/usr/local/lib/R/include" -DNDEBUG -DUSE_SSL -D_FILE_OFFSET_BITS=64 -I'/usr/local/lib/R/site-library/S4Vectors/include' -I'/usr/local/lib/R/site-library/IRanges/include' -I'/usr/local/lib/R/site-library/XVector/include' -I/usr/local/include    -fpic  -g -O2 -fstack-protector-strong -Wformat -Werror=format-security -Wdate-time -D_FORTIFY_SOURCE=2 -g  -c ucsc/basicBed.c -o ucsc/basicBed.o
gcc -std=gnu2x -I"/usr/local/lib/R/include" -DNDEBUG -DUSE_SSL -D_FILE_OFFSET_BITS=64 -I'/usr/local/lib/R/site-library/S4Vectors/include' -I'/usr/local/lib/R/site-library/IRanges/include' -I'/usr/local/lib/R/site-library/XVector/include' -I/usr/local/include    -fpic  -g -O2 -fstack-protector-strong -Wformat -Werror=format-security -Wdate-time -D_FORTIFY_SOURCE=2 -g  -c ucsc/bigBed.c -o ucsc/bigBed.o
gcc -std=gnu2x -I"/usr/local/lib/R/include" -DNDEBUG -DUSE_SSL -D_FILE_OFFSET_BITS=64 -I'/usr/local/lib/R/site-library/S4Vectors/include' -I'/usr/local/lib/R/site-library/IRanges/include' -I'/usr/local/lib/R/site-library/XVector/include' -I/usr/local/include    -fpic  -g -O2 -fstack-protector-strong -Wformat -Werror=format-security -Wdate-time -D_FORTIFY_SOURCE=2 -g  -c ucsc/bPlusTree.c -o ucsc/bPlusTree.o
gcc -std=gnu2x -I"/usr/local/lib/R/include" -DNDEBUG -DUSE_SSL -D_FILE_OFFSET_BITS=64 -I'/usr/local/lib/R/site-library/S4Vectors/include' -I'/usr/local/lib/R/site-library/IRanges/include' -I'/usr/local/lib/R/site-library/XVector/include' -I/usr/local/include    -fpic  -g -O2 -fstack-protector-strong -Wformat -Werror=format-security -Wdate-time -D_FORTIFY_SOURCE=2 -g  -c ucsc/bbiRead.c -o ucsc/bbiRead.o
gcc -std=gnu2x -I"/usr/local/lib/R/include" -DNDEBUG -DUSE_SSL -D_FILE_OFFSET_BITS=64 -I'/usr/local/lib/R/site-library/S4Vectors/include' -I'/usr/local/lib/R/site-library/IRanges/include' -I'/usr/local/lib/R/site-library/XVector/include' -I/usr/local/include    -fpic  -g -O2 -fstack-protector-strong -Wformat -Werror=format-security -Wdate-time -D_FORTIFY_SOURCE=2 -g  -c ucsc/bbiWrite.c -o ucsc/bbiWrite.o
gcc -std=gnu2x -I"/usr/local/lib/R/include" -DNDEBUG -DUSE_SSL -D_FILE_OFFSET_BITS=64 -I'/usr/local/lib/R/site-library/S4Vectors/include' -I'/usr/local/lib/R/site-library/IRanges/include' -I'/usr/local/lib/R/site-library/XVector/include' -I/usr/local/include    -fpic  -g -O2 -fstack-protector-strong -Wformat -Werror=format-security -Wdate-time -D_FORTIFY_SOURCE=2 -g  -c ucsc/bwgCreate.c -o ucsc/bwgCreate.o
gcc -std=gnu2x -I"/usr/local/lib/R/include" -DNDEBUG -DUSE_SSL -D_FILE_OFFSET_BITS=64 -I'/usr/local/lib/R/site-library/S4Vectors/include' -I'/usr/local/lib/R/site-library/IRanges/include' -I'/usr/local/lib/R/site-library/XVector/include' -I/usr/local/include    -fpic  -g -O2 -fstack-protector-strong -Wformat -Werror=format-security -Wdate-time -D_FORTIFY_SOURCE=2 -g  -c ucsc/bwgQuery.c -o ucsc/bwgQuery.o
gcc -std=gnu2x -I"/usr/local/lib/R/include" -DNDEBUG -DUSE_SSL -D_FILE_OFFSET_BITS=64 -I'/usr/local/lib/R/site-library/S4Vectors/include' -I'/usr/local/lib/R/site-library/IRanges/include' -I'/usr/local/lib/R/site-library/XVector/include' -I/usr/local/include    -fpic  -g -O2 -fstack-protector-strong -Wformat -Werror=format-security -Wdate-time -D_FORTIFY_SOURCE=2 -g  -c ucsc/cirTree.c -o ucsc/cirTree.o
gcc -std=gnu2x -I"/usr/local/lib/R/include" -DNDEBUG -DUSE_SSL -D_FILE_OFFSET_BITS=64 -I'/usr/local/lib/R/site-library/S4Vectors/include' -I'/usr/local/lib/R/site-library/IRanges/include' -I'/usr/local/lib/R/site-library/XVector/include' -I/usr/local/include    -fpic  -g -O2 -fstack-protector-strong -Wformat -Werror=format-security -Wdate-time -D_FORTIFY_SOURCE=2 -g  -c ucsc/common.c -o ucsc/common.o
gcc -std=gnu2x -I"/usr/local/lib/R/include" -DNDEBUG -DUSE_SSL -D_FILE_OFFSET_BITS=64 -I'/usr/local/lib/R/site-library/S4Vectors/include' -I'/usr/local/lib/R/site-library/IRanges/include' -I'/usr/local/lib/R/site-library/XVector/include' -I/usr/local/include    -fpic  -g -O2 -fstack-protector-strong -Wformat -Werror=format-security -Wdate-time -D_FORTIFY_SOURCE=2 -g  -c ucsc/dnaseq.c -o ucsc/dnaseq.o
gcc -std=gnu2x -I"/usr/local/lib/R/include" -DNDEBUG -DUSE_SSL -D_FILE_OFFSET_BITS=64 -I'/usr/local/lib/R/site-library/S4Vectors/include' -I'/usr/local/lib/R/site-library/IRanges/include' -I'/usr/local/lib/R/site-library/XVector/include' -I/usr/local/include    -fpic  -g -O2 -fstack-protector-strong -Wformat -Werror=format-security -Wdate-time -D_FORTIFY_SOURCE=2 -g  -c ucsc/dnautil.c -o ucsc/dnautil.o
gcc -std=gnu2x -I"/usr/local/lib/R/include" -DNDEBUG -DUSE_SSL -D_FILE_OFFSET_BITS=64 -I'/usr/local/lib/R/site-library/S4Vectors/include' -I'/usr/local/lib/R/site-library/IRanges/include' -I'/usr/local/lib/R/site-library/XVector/include' -I/usr/local/include    -fpic  -g -O2 -fstack-protector-strong -Wformat -Werror=format-security -Wdate-time -D_FORTIFY_SOURCE=2 -g  -c ucsc/errAbort.c -o ucsc/errAbort.o
gcc -std=gnu2x -I"/usr/local/lib/R/include" -DNDEBUG -DUSE_SSL -D_FILE_OFFSET_BITS=64 -I'/usr/local/lib/R/site-library/S4Vectors/include' -I'/usr/local/lib/R/site-library/IRanges/include' -I'/usr/local/lib/R/site-library/XVector/include' -I/usr/local/include    -fpic  -g -O2 -fstack-protector-strong -Wformat -Werror=format-security -Wdate-time -D_FORTIFY_SOURCE=2 -g  -c ucsc/hash.c -o ucsc/hash.o
gcc -std=gnu2x -I"/usr/local/lib/R/include" -DNDEBUG -DUSE_SSL -D_FILE_OFFSET_BITS=64 -I'/usr/local/lib/R/site-library/S4Vectors/include' -I'/usr/local/lib/R/site-library/IRanges/include' -I'/usr/local/lib/R/site-library/XVector/include' -I/usr/local/include    -fpic  -g -O2 -fstack-protector-strong -Wformat -Werror=format-security -Wdate-time -D_FORTIFY_SOURCE=2 -g  -c ucsc/linefile.c -o ucsc/linefile.o
gcc -std=gnu2x -I"/usr/local/lib/R/include" -DNDEBUG -DUSE_SSL -D_FILE_OFFSET_BITS=64 -I'/usr/local/lib/R/site-library/S4Vectors/include' -I'/usr/local/lib/R/site-library/IRanges/include' -I'/usr/local/lib/R/site-library/XVector/include' -I/usr/local/include    -fpic  -g -O2 -fstack-protector-strong -Wformat -Werror=format-security -Wdate-time -D_FORTIFY_SOURCE=2 -g  -c ucsc/localmem.c -o ucsc/localmem.o
gcc -std=gnu2x -I"/usr/local/lib/R/include" -DNDEBUG -DUSE_SSL -D_FILE_OFFSET_BITS=64 -I'/usr/local/lib/R/site-library/S4Vectors/include' -I'/usr/local/lib/R/site-library/IRanges/include' -I'/usr/local/lib/R/site-library/XVector/include' -I/usr/local/include    -fpic  -g -O2 -fstack-protector-strong -Wformat -Werror=format-security -Wdate-time -D_FORTIFY_SOURCE=2 -g  -c ucsc/sqlNum.c -o ucsc/sqlNum.o
gcc -std=gnu2x -I"/usr/local/lib/R/include" -DNDEBUG -DUSE_SSL -D_FILE_OFFSET_BITS=64 -I'/usr/local/lib/R/site-library/S4Vectors/include' -I'/usr/local/lib/R/site-library/IRanges/include' -I'/usr/local/lib/R/site-library/XVector/include' -I/usr/local/include    -fpic  -g -O2 -fstack-protector-strong -Wformat -Werror=format-security -Wdate-time -D_FORTIFY_SOURCE=2 -g  -c ucsc/zlibFace.c -o ucsc/zlibFace.o
gcc -std=gnu2x -I"/usr/local/lib/R/include" -DNDEBUG -DUSE_SSL -D_FILE_OFFSET_BITS=64 -I'/usr/local/lib/R/site-library/S4Vectors/include' -I'/usr/local/lib/R/site-library/IRanges/include' -I'/usr/local/lib/R/site-library/XVector/include' -I/usr/local/include    -fpic  -g -O2 -fstack-protector-strong -Wformat -Werror=format-security -Wdate-time -D_FORTIFY_SOURCE=2 -g  -c ucsc/dystring.c -o ucsc/dystring.o
gcc -std=gnu2x -I"/usr/local/lib/R/include" -DNDEBUG -DUSE_SSL -D_FILE_OFFSET_BITS=64 -I'/usr/local/lib/R/site-library/S4Vectors/include' -I'/usr/local/lib/R/site-library/IRanges/include' -I'/usr/local/lib/R/site-library/XVector/include' -I/usr/local/include    -fpic  -g -O2 -fstack-protector-strong -Wformat -Werror=format-security -Wdate-time -D_FORTIFY_SOURCE=2 -g  -c ucsc/hmmstats.c -o ucsc/hmmstats.o
gcc -std=gnu2x -I"/usr/local/lib/R/include" -DNDEBUG -DUSE_SSL -D_FILE_OFFSET_BITS=64 -I'/usr/local/lib/R/site-library/S4Vectors/include' -I'/usr/local/lib/R/site-library/IRanges/include' -I'/usr/local/lib/R/site-library/XVector/include' -I/usr/local/include    -fpic  -g -O2 -fstack-protector-strong -Wformat -Werror=format-security -Wdate-time -D_FORTIFY_SOURCE=2 -g  -c ucsc/obscure.c -o ucsc/obscure.o
gcc -std=gnu2x -I"/usr/local/lib/R/include" -DNDEBUG -DUSE_SSL -D_FILE_OFFSET_BITS=64 -I'/usr/local/lib/R/site-library/S4Vectors/include' -I'/usr/local/lib/R/site-library/IRanges/include' -I'/usr/local/lib/R/site-library/XVector/include' -I/usr/local/include    -fpic  -g -O2 -fstack-protector-strong -Wformat -Werror=format-security -Wdate-time -D_FORTIFY_SOURCE=2 -g  -c ucsc/rangeTree.c -o ucsc/rangeTree.o
gcc -std=gnu2x -I"/usr/local/lib/R/include" -DNDEBUG -DUSE_SSL -D_FILE_OFFSET_BITS=64 -I'/usr/local/lib/R/site-library/S4Vectors/include' -I'/usr/local/lib/R/site-library/IRanges/include' -I'/usr/local/lib/R/site-library/XVector/include' -I/usr/local/include    -fpic  -g -O2 -fstack-protector-strong -Wformat -Werror=format-security -Wdate-time -D_FORTIFY_SOURCE=2 -g  -c ucsc/rbTree.c -o ucsc/rbTree.o
gcc -std=gnu2x -I"/usr/local/lib/R/include" -DNDEBUG -DUSE_SSL -D_FILE_OFFSET_BITS=64 -I'/usr/local/lib/R/site-library/S4Vectors/include' -I'/usr/local/lib/R/site-library/IRanges/include' -I'/usr/local/lib/R/site-library/XVector/include' -I/usr/local/include    -fpic  -g -O2 -fstack-protector-strong -Wformat -Werror=format-security -Wdate-time -D_FORTIFY_SOURCE=2 -g  -c ucsc/memalloc.c -o ucsc/memalloc.o
gcc -std=gnu2x -I"/usr/local/lib/R/include" -DNDEBUG -DUSE_SSL -D_FILE_OFFSET_BITS=64 -I'/usr/local/lib/R/site-library/S4Vectors/include' -I'/usr/local/lib/R/site-library/IRanges/include' -I'/usr/local/lib/R/site-library/XVector/include' -I/usr/local/include    -fpic  -g -O2 -fstack-protector-strong -Wformat -Werror=format-security -Wdate-time -D_FORTIFY_SOURCE=2 -g  -c ucsc/dlist.c -o ucsc/dlist.o
gcc -std=gnu2x -I"/usr/local/lib/R/include" -DNDEBUG -DUSE_SSL -D_FILE_OFFSET_BITS=64 -I'/usr/local/lib/R/site-library/S4Vectors/include' -I'/usr/local/lib/R/site-library/IRanges/include' -I'/usr/local/lib/R/site-library/XVector/include' -I/usr/local/include    -fpic  -g -O2 -fstack-protector-strong -Wformat -Werror=format-security -Wdate-time -D_FORTIFY_SOURCE=2 -g  -c ucsc/filePath.c -o ucsc/filePath.o
gcc -std=gnu2x -I"/usr/local/lib/R/include" -DNDEBUG -DUSE_SSL -D_FILE_OFFSET_BITS=64 -I'/usr/local/lib/R/site-library/S4Vectors/include' -I'/usr/local/lib/R/site-library/IRanges/include' -I'/usr/local/lib/R/site-library/XVector/include' -I/usr/local/include    -fpic  -g -O2 -fstack-protector-strong -Wformat -Werror=format-security -Wdate-time -D_FORTIFY_SOURCE=2 -g  -c ucsc/htmlPage.c -o ucsc/htmlPage.o
gcc -std=gnu2x -I"/usr/local/lib/R/include" -DNDEBUG -DUSE_SSL -D_FILE_OFFSET_BITS=64 -I'/usr/local/lib/R/site-library/S4Vectors/include' -I'/usr/local/lib/R/site-library/IRanges/include' -I'/usr/local/lib/R/site-library/XVector/include' -I/usr/local/include    -fpic  -g -O2 -fstack-protector-strong -Wformat -Werror=format-security -Wdate-time -D_FORTIFY_SOURCE=2 -g  -c ucsc/udc.c -o ucsc/udc.o
ucsc/udc.c: In function ‘qEncode’:
ucsc/udc.c:936:26: warning: ‘%02X’ directive output may be truncated writing between 2 and 8 bytes into a region of size 2 [-Wformat-truncation=]
  936 |         snprintf(d, 3, "Q%02X", (unsigned)c);
      |                          ^~~~
ucsc/udc.c:936:24: note: directive argument in the range [1, 4294967295]
  936 |         snprintf(d, 3, "Q%02X", (unsigned)c);
      |                        ^~~~~~~
In file included from /usr/include/stdio.h:980,
                 from ucsc/common.h:30,
                 from ucsc/udc.c:34:
In function ‘snprintf’,
    inlined from ‘qEncode’ at ucsc/udc.c:936:2:
/usr/include/x86_64-linux-gnu/bits/stdio2.h:54:10: note: ‘__builtin___snprintf_chk’ output between 4 and 10 bytes into a destination of size 3
   54 |   return __builtin___snprintf_chk (__s, __n, __USE_FORTIFY_LEVEL - 1,
      |          ^~~~~~~~~~~~~~~~~~~~~~~~~~~~~~~~~~~~~~~~~~~~~~~~~~~~~~~~~~~~
   55 |                                    __glibc_objsize (__s), __fmt,
      |                                    ~~~~~~~~~~~~~~~~~~~~~~~~~~~~~
   56 |                                    __va_arg_pack ());
      |                                    ~~~~~~~~~~~~~~~~~
gcc -std=gnu2x -I"/usr/local/lib/R/include" -DNDEBUG -DUSE_SSL -D_FILE_OFFSET_BITS=64 -I'/usr/local/lib/R/site-library/S4Vectors/include' -I'/usr/local/lib/R/site-library/IRanges/include' -I'/usr/local/lib/R/site-library/XVector/include' -I/usr/local/include    -fpic  -g -O2 -fstack-protector-strong -Wformat -Werror=format-security -Wdate-time -D_FORTIFY_SOURCE=2 -g  -c ucsc/net.c -o ucsc/net.o
gcc -std=gnu2x -I"/usr/local/lib/R/include" -DNDEBUG -DUSE_SSL -D_FILE_OFFSET_BITS=64 -I'/usr/local/lib/R/site-library/S4Vectors/include' -I'/usr/local/lib/R/site-library/IRanges/include' -I'/usr/local/lib/R/site-library/XVector/include' -I/usr/local/include    -fpic  -g -O2 -fstack-protector-strong -Wformat -Werror=format-security -Wdate-time -D_FORTIFY_SOURCE=2 -g  -c ucsc/bits.c -o ucsc/bits.o
gcc -std=gnu2x -I"/usr/local/lib/R/include" -DNDEBUG -DUSE_SSL -D_FILE_OFFSET_BITS=64 -I'/usr/local/lib/R/site-library/S4Vectors/include' -I'/usr/local/lib/R/site-library/IRanges/include' -I'/usr/local/lib/R/site-library/XVector/include' -I/usr/local/include    -fpic  -g -O2 -fstack-protector-strong -Wformat -Werror=format-security -Wdate-time -D_FORTIFY_SOURCE=2 -g  -c ucsc/twoBit.c -o ucsc/twoBit.o
gcc -std=gnu2x -I"/usr/local/lib/R/include" -DNDEBUG -DUSE_SSL -D_FILE_OFFSET_BITS=64 -I'/usr/local/lib/R/site-library/S4Vectors/include' -I'/usr/local/lib/R/site-library/IRanges/include' -I'/usr/local/lib/R/site-library/XVector/include' -I/usr/local/include    -fpic  -g -O2 -fstack-protector-strong -Wformat -Werror=format-security -Wdate-time -D_FORTIFY_SOURCE=2 -g  -c ucsc/_cheapcgi.c -o ucsc/_cheapcgi.o
gcc -std=gnu2x -I"/usr/local/lib/R/include" -DNDEBUG -DUSE_SSL -D_FILE_OFFSET_BITS=64 -I'/usr/local/lib/R/site-library/S4Vectors/include' -I'/usr/local/lib/R/site-library/IRanges/include' -I'/usr/local/lib/R/site-library/XVector/include' -I/usr/local/include    -fpic  -g -O2 -fstack-protector-strong -Wformat -Werror=format-security -Wdate-time -D_FORTIFY_SOURCE=2 -g  -c ucsc/internet.c -o ucsc/internet.o
gcc -std=gnu2x -I"/usr/local/lib/R/include" -DNDEBUG -DUSE_SSL -D_FILE_OFFSET_BITS=64 -I'/usr/local/lib/R/site-library/S4Vectors/include' -I'/usr/local/lib/R/site-library/IRanges/include' -I'/usr/local/lib/R/site-library/XVector/include' -I/usr/local/include    -fpic  -g -O2 -fstack-protector-strong -Wformat -Werror=format-security -Wdate-time -D_FORTIFY_SOURCE=2 -g  -c ucsc/https.c -o ucsc/https.o
gcc -std=gnu2x -I"/usr/local/lib/R/include" -DNDEBUG -DUSE_SSL -D_FILE_OFFSET_BITS=64 -I'/usr/local/lib/R/site-library/S4Vectors/include' -I'/usr/local/lib/R/site-library/IRanges/include' -I'/usr/local/lib/R/site-library/XVector/include' -I/usr/local/include    -fpic  -g -O2 -fstack-protector-strong -Wformat -Werror=format-security -Wdate-time -D_FORTIFY_SOURCE=2 -g  -c ucsc/base64.c -o ucsc/base64.o
gcc -std=gnu2x -I"/usr/local/lib/R/include" -DNDEBUG -DUSE_SSL -D_FILE_OFFSET_BITS=64 -I'/usr/local/lib/R/site-library/S4Vectors/include' -I'/usr/local/lib/R/site-library/IRanges/include' -I'/usr/local/lib/R/site-library/XVector/include' -I/usr/local/include    -fpic  -g -O2 -fstack-protector-strong -Wformat -Werror=format-security -Wdate-time -D_FORTIFY_SOURCE=2 -g  -c ucsc/verbose.c -o ucsc/verbose.o
gcc -std=gnu2x -I"/usr/local/lib/R/include" -DNDEBUG -DUSE_SSL -D_FILE_OFFSET_BITS=64 -I'/usr/local/lib/R/site-library/S4Vectors/include' -I'/usr/local/lib/R/site-library/IRanges/include' -I'/usr/local/lib/R/site-library/XVector/include' -I/usr/local/include    -fpic  -g -O2 -fstack-protector-strong -Wformat -Werror=format-security -Wdate-time -D_FORTIFY_SOURCE=2 -g  -c ucsc/os.c -o ucsc/os.o
gcc -std=gnu2x -I"/usr/local/lib/R/include" -DNDEBUG -DUSE_SSL -D_FILE_OFFSET_BITS=64 -I'/usr/local/lib/R/site-library/S4Vectors/include' -I'/usr/local/lib/R/site-library/IRanges/include' -I'/usr/local/lib/R/site-library/XVector/include' -I/usr/local/include    -fpic  -g -O2 -fstack-protector-strong -Wformat -Werror=format-security -Wdate-time -D_FORTIFY_SOURCE=2 -g  -c ucsc/wildcmp.c -o ucsc/wildcmp.o
gcc -std=gnu2x -I"/usr/local/lib/R/include" -DNDEBUG -DUSE_SSL -D_FILE_OFFSET_BITS=64 -I'/usr/local/lib/R/site-library/S4Vectors/include' -I'/usr/local/lib/R/site-library/IRanges/include' -I'/usr/local/lib/R/site-library/XVector/include' -I/usr/local/include    -fpic  -g -O2 -fstack-protector-strong -Wformat -Werror=format-security -Wdate-time -D_FORTIFY_SOURCE=2 -g  -c ucsc/_portimpl.c -o ucsc/_portimpl.o
gcc -std=gnu2x -shared -L/usr/local/lib/R/lib -L/usr/local/lib -o rtracklayer.so S4Vectors_stubs.o IRanges_stubs.o XVector_stubs.o R_init_rtracklayer.o readGFF.o bbiHelper.o bigWig.o bigBedHelper.o bigBed.o chain_io.o twoBit.o handlers.o utils.o ucsc/memgfx.o ucsc/binRange.o ucsc/htmlColor.o ucsc/sqlList.o ucsc/tokenizer.o ucsc/asParse.o ucsc/basicBed.o ucsc/bigBed.o ucsc/bPlusTree.o ucsc/bbiRead.o ucsc/bbiWrite.o ucsc/bwgCreate.o ucsc/bwgQuery.o ucsc/cirTree.o ucsc/common.o ucsc/dnaseq.o ucsc/dnautil.o ucsc/errAbort.o ucsc/hash.o ucsc/linefile.o ucsc/localmem.o ucsc/sqlNum.o ucsc/zlibFace.o ucsc/dystring.o ucsc/hmmstats.o ucsc/obscure.o ucsc/rangeTree.o ucsc/rbTree.o ucsc/memalloc.o ucsc/dlist.o ucsc/filePath.o ucsc/htmlPage.o ucsc/udc.o ucsc/net.o ucsc/bits.o ucsc/twoBit.o ucsc/_cheapcgi.o ucsc/internet.o ucsc/https.o ucsc/base64.o ucsc/verbose.o ucsc/os.o ucsc/wildcmp.o ucsc/_portimpl.o -lz -pthread -lssl -lcrypto -lcurl -L/usr/local/lib/R/lib -lR
installing to /usr/local/lib/R/site-library/00LOCK-rtracklayer/00new/rtracklayer/libs
** R
** data
** demo
** inst
** byte-compile and prepare package for lazy loading
Creating a generic function for ‘offset’ from package ‘stats’ in package ‘rtracklayer’
** help
*** installing help indices
** building package indices
** installing vignettes
** testing if installed package can be loaded from temporary location
** checking absolute paths in shared objects and dynamic libraries
** testing if installed package can be loaded from final location
** testing if installed package keeps a record of temporary installation path
* creating tarball
packaged installation of ‘rtracklayer’ as ‘rtracklayer_1.68.0_R_x86_64-pc-linux-gnu.tar.gz’
* DONE (rtracklayer)
* installing *source* package ‘syntenet’ ...
** this is package ‘syntenet’ version ‘1.10.0’
** using staged installation
** libs
using C++ compiler: ‘g++ (Ubuntu 13.3.0-6ubuntu2~24.04) 13.3.0’
g++ -std=gnu++17 -I"/usr/local/lib/R/include" -DNDEBUG  -I'/usr/local/lib/R/site-library/Rcpp/include' -I'/usr/local/lib/R/site-library/testthat/include' -I/usr/local/include    -fpic  -g -O2 -fstack-protector-strong -Wformat -Werror=format-security -Wdate-time -D_FORTIFY_SOURCE=2 -g   -c RcppExports.cpp -o RcppExports.o
g++ -std=gnu++17 -I"/usr/local/lib/R/include" -DNDEBUG  -I'/usr/local/lib/R/site-library/Rcpp/include' -I'/usr/local/lib/R/site-library/testthat/include' -I/usr/local/include    -fpic  -g -O2 -fstack-protector-strong -Wformat -Werror=format-security -Wdate-time -D_FORTIFY_SOURCE=2 -g   -c mcscanxr.cpp -o mcscanxr.o
g++ -std=gnu++17 -I"/usr/local/lib/R/include" -DNDEBUG  -I'/usr/local/lib/R/site-library/Rcpp/include' -I'/usr/local/lib/R/site-library/testthat/include' -I/usr/local/include    -fpic  -g -O2 -fstack-protector-strong -Wformat -Werror=format-security -Wdate-time -D_FORTIFY_SOURCE=2 -g   -c test-runner.cpp -o test-runner.o
g++ -std=gnu++17 -shared -L/usr/local/lib/R/lib -L/usr/local/lib -o syntenet.so RcppExports.o mcscanxr.o test-runner.o -L/usr/local/lib/R/lib -lR
installing to /usr/local/lib/R/site-library/00LOCK-syntenet/00new/syntenet/libs
** R
** data
** inst
** byte-compile and prepare package for lazy loading
** help
*** installing help indices
*** copying figures
** building package indices
** installing vignettes
** testing if installed package can be loaded from temporary location
** checking absolute paths in shared objects and dynamic libraries
** testing if installed package can be loaded from final location
** testing if installed package keeps a record of temporary installation path
* creating tarball
packaged installation of ‘syntenet’ as ‘syntenet_1.10.0_R_x86_64-pc-linux-gnu.tar.gz’
* DONE (syntenet)

The downloaded source packages are in
	‘/tmp/RtmpwT35f7/downloaded_packages’
Old packages: 'cli', 'commonmark', 'curl', 'diffobj', 'docopt', 'fs', 'gert',
  'httpuv', 'httr2', 'jsonlite', 'knitr', 'later', 'littler', 'mime', 'miniUI',
  'pillar', 'pkgbuild', 'preprocessCore', 'ps', 'ragg', 'rlang', 'sass',
  'stringi', 'systemfonts', 'tinytex', 'xfun', 'xml2', 'foreign', 'lattice',
  'mgcv', 'nlme'

real	14m52.110s
user	13m13.173s
sys	2m12.230s
