+ Rscript -e 'Sys.setenv(BIOCONDUCTOR_USE_CONTAINER_REPOSITORY=FALSE);
  p <- .libPaths();
  p <- c('\'''\'', '\'''\'', p);
  .libPaths(p);
  if(BiocManager::install('\''BioNAR'\'', INSTALL_opts = '\''--build'\'', update = TRUE, quiet = FALSE, dependencies=TRUE, force = TRUE, keep_outputs = TRUE) %in% rownames(installed.packages())) q(status = 0) else q(status = 1)'
'getOption("repos")' replaces Bioconductor standard repositories, see
'help("repositories", package = "BiocManager")' for details.
Replacement repositories:
    CRAN: https://cloud.r-project.org
Bioconductor version 3.21 (BiocManager 1.30.25), R 4.5.0 (2025-04-11)
Installing package(s) 'BioNAR'
also installing the dependencies ‘checkmate’, ‘htmlTable’, ‘Formula’, ‘iterators’, ‘pracma’, ‘rbibutils’, ‘fastmatch’, ‘graph’, ‘dynamicTreeCut’, ‘fastcluster’, ‘Hmisc’, ‘impute’, ‘foreach’, ‘doParallel’, ‘preprocessCore’, ‘bookdown’, ‘poweRlaw’, ‘latex2exp’, ‘Rdpack’, ‘viridis’, ‘fgsea’, ‘GO.db’, ‘org.Hs.eg.db’, ‘rSpectral’, ‘WGCNA’, ‘minpack.lm’, ‘BiocStyle’, ‘magick’, ‘igraphdata’, ‘vdiffr’, ‘pander’, ‘randomcoloR’

trying URL 'https://cloud.r-project.org/src/contrib/checkmate_2.3.2.tar.gz'
trying URL 'https://cloud.r-project.org/src/contrib/htmlTable_2.4.3.tar.gz'
trying URL 'https://cloud.r-project.org/src/contrib/Formula_1.2-5.tar.gz'
trying URL 'https://cloud.r-project.org/src/contrib/iterators_1.0.14.tar.gz'
trying URL 'https://cloud.r-project.org/src/contrib/pracma_2.4.4.tar.gz'
trying URL 'https://cloud.r-project.org/src/contrib/rbibutils_2.3.tar.gz'
trying URL 'https://cloud.r-project.org/src/contrib/fastmatch_1.1-6.tar.gz'
trying URL 'https://bioconductor.org/packages/3.21/bioc/src/contrib/graph_1.86.0.tar.gz'
trying URL 'https://cloud.r-project.org/src/contrib/dynamicTreeCut_1.63-1.tar.gz'
trying URL 'https://cloud.r-project.org/src/contrib/fastcluster_1.3.0.tar.gz'
trying URL 'https://cloud.r-project.org/src/contrib/Hmisc_5.2-3.tar.gz'
trying URL 'https://bioconductor.org/packages/3.21/bioc/src/contrib/impute_1.82.0.tar.gz'
trying URL 'https://cloud.r-project.org/src/contrib/foreach_1.5.2.tar.gz'
trying URL 'https://cloud.r-project.org/src/contrib/doParallel_1.0.17.tar.gz'
trying URL 'https://bioconductor.org/packages/3.21/bioc/src/contrib/preprocessCore_1.70.0.tar.gz'
trying URL 'https://cloud.r-project.org/src/contrib/bookdown_0.43.tar.gz'
trying URL 'https://cloud.r-project.org/src/contrib/poweRlaw_1.0.0.tar.gz'
trying URL 'https://cloud.r-project.org/src/contrib/latex2exp_0.9.6.tar.gz'
trying URL 'https://cloud.r-project.org/src/contrib/Rdpack_2.6.4.tar.gz'
trying URL 'https://cloud.r-project.org/src/contrib/viridis_0.6.5.tar.gz'
trying URL 'https://bioconductor.org/packages/3.21/bioc/src/contrib/fgsea_1.34.0.tar.gz'
trying URL 'https://bioconductor.org/packages/3.21/data/annotation/src/contrib/GO.db_3.21.0.tar.gz'
trying URL 'https://bioconductor.org/packages/3.21/data/annotation/src/contrib/org.Hs.eg.db_3.21.0.tar.gz'
trying URL 'https://cloud.r-project.org/src/contrib/rSpectral_1.0.0.10.tar.gz'
trying URL 'https://cloud.r-project.org/src/contrib/WGCNA_1.73.tar.gz'
trying URL 'https://cloud.r-project.org/src/contrib/minpack.lm_1.2-4.tar.gz'
trying URL 'https://bioconductor.org/packages/3.21/bioc/src/contrib/BiocStyle_2.36.0.tar.gz'
trying URL 'https://cloud.r-project.org/src/contrib/magick_2.8.6.tar.gz'
trying URL 'https://cloud.r-project.org/src/contrib/igraphdata_1.0.1.tar.gz'
trying URL 'https://cloud.r-project.org/src/contrib/vdiffr_1.0.8.tar.gz'
trying URL 'https://cloud.r-project.org/src/contrib/pander_0.6.6.tar.gz'
trying URL 'https://cloud.r-project.org/src/contrib/randomcoloR_1.1.0.1.tar.gz'
trying URL 'https://bioconductor.org/packages/3.21/bioc/src/contrib/BioNAR_1.10.0.tar.gz'
* installing *source* package ‘checkmate’ ...
** this is package ‘checkmate’ version ‘2.3.2’
** package ‘checkmate’ successfully unpacked and MD5 sums checked
** using staged installation
** libs
using C compiler: ‘gcc (Ubuntu 11.4.0-1ubuntu1~22.04) 11.4.0’
gcc -I"/usr/share/R/include" -DNDEBUG       -fpic  -g -O2 -ffile-prefix-map=/build/r-base-rgGXCp/r-base-4.5.0=. -fstack-protector-strong -Wformat -Werror=format-security -Wdate-time -D_FORTIFY_SOURCE=2  -c all_missing.c -o all_missing.o
gcc -I"/usr/share/R/include" -DNDEBUG       -fpic  -g -O2 -ffile-prefix-map=/build/r-base-rgGXCp/r-base-4.5.0=. -fstack-protector-strong -Wformat -Werror=format-security -Wdate-time -D_FORTIFY_SOURCE=2  -c any_infinite.c -o any_infinite.o
gcc -I"/usr/share/R/include" -DNDEBUG       -fpic  -g -O2 -ffile-prefix-map=/build/r-base-rgGXCp/r-base-4.5.0=. -fstack-protector-strong -Wformat -Werror=format-security -Wdate-time -D_FORTIFY_SOURCE=2  -c any_missing.c -o any_missing.o
gcc -I"/usr/share/R/include" -DNDEBUG       -fpic  -g -O2 -ffile-prefix-map=/build/r-base-rgGXCp/r-base-4.5.0=. -fstack-protector-strong -Wformat -Werror=format-security -Wdate-time -D_FORTIFY_SOURCE=2  -c any_nan.c -o any_nan.o
gcc -I"/usr/share/R/include" -DNDEBUG       -fpic  -g -O2 -ffile-prefix-map=/build/r-base-rgGXCp/r-base-4.5.0=. -fstack-protector-strong -Wformat -Werror=format-security -Wdate-time -D_FORTIFY_SOURCE=2  -c checks.c -o checks.o
gcc -I"/usr/share/R/include" -DNDEBUG       -fpic  -g -O2 -ffile-prefix-map=/build/r-base-rgGXCp/r-base-4.5.0=. -fstack-protector-strong -Wformat -Werror=format-security -Wdate-time -D_FORTIFY_SOURCE=2  -c find_nchar.c -o find_nchar.o
gcc -I"/usr/share/R/include" -DNDEBUG       -fpic  -g -O2 -ffile-prefix-map=/build/r-base-rgGXCp/r-base-4.5.0=. -fstack-protector-strong -Wformat -Werror=format-security -Wdate-time -D_FORTIFY_SOURCE=2  -c guess_type.c -o guess_type.o
gcc -I"/usr/share/R/include" -DNDEBUG       -fpic  -g -O2 -ffile-prefix-map=/build/r-base-rgGXCp/r-base-4.5.0=. -fstack-protector-strong -Wformat -Werror=format-security -Wdate-time -D_FORTIFY_SOURCE=2  -c helper.c -o helper.o
gcc -I"/usr/share/R/include" -DNDEBUG       -fpic  -g -O2 -ffile-prefix-map=/build/r-base-rgGXCp/r-base-4.5.0=. -fstack-protector-strong -Wformat -Werror=format-security -Wdate-time -D_FORTIFY_SOURCE=2  -c init.c -o init.o
gcc -I"/usr/share/R/include" -DNDEBUG       -fpic  -g -O2 -ffile-prefix-map=/build/r-base-rgGXCp/r-base-4.5.0=. -fstack-protector-strong -Wformat -Werror=format-security -Wdate-time -D_FORTIFY_SOURCE=2  -c integerish.c -o integerish.o
gcc -I"/usr/share/R/include" -DNDEBUG       -fpic  -g -O2 -ffile-prefix-map=/build/r-base-rgGXCp/r-base-4.5.0=. -fstack-protector-strong -Wformat -Werror=format-security -Wdate-time -D_FORTIFY_SOURCE=2  -c is_sorted.c -o is_sorted.o
gcc -I"/usr/share/R/include" -DNDEBUG       -fpic  -g -O2 -ffile-prefix-map=/build/r-base-rgGXCp/r-base-4.5.0=. -fstack-protector-strong -Wformat -Werror=format-security -Wdate-time -D_FORTIFY_SOURCE=2  -c qassert.c -o qassert.o
gcc -I"/usr/share/R/include" -DNDEBUG       -fpic  -g -O2 -ffile-prefix-map=/build/r-base-rgGXCp/r-base-4.5.0=. -fstack-protector-strong -Wformat -Werror=format-security -Wdate-time -D_FORTIFY_SOURCE=2  -c which_first.c -o which_first.o
gcc -shared -L/usr/lib/R/lib -Wl,-Bsymbolic-functions -flto=auto -ffat-lto-objects -flto=auto -Wl,-z,relro -o checkmate.so all_missing.o any_infinite.o any_missing.o any_nan.o checks.o find_nchar.o guess_type.o helper.o init.o integerish.o is_sorted.o qassert.o which_first.o -L/usr/lib/R/lib -lR
installing to /usr/local/lib/R/site-library/00LOCK-checkmate/00new/checkmate/libs
** R
** inst
** byte-compile and prepare package for lazy loading
** help
*** installing help indices
** building package indices
** installing vignettes
** testing if installed package can be loaded from temporary location
** checking absolute paths in shared objects and dynamic libraries
** testing if installed package can be loaded from final location
** testing if installed package keeps a record of temporary installation path
* creating tarball
packaged installation of ‘checkmate’ as ‘checkmate_2.3.2_R_x86_64-pc-linux-gnu.tar.gz’
* DONE (checkmate)
* installing *source* package ‘Formula’ ...
** this is package ‘Formula’ version ‘1.2-5’
** package ‘Formula’ successfully unpacked and MD5 sums checked
** using staged installation
** R
** inst
** byte-compile and prepare package for lazy loading
** help
*** installing help indices
** building package indices
** installing vignettes
** testing if installed package can be loaded from temporary location
** testing if installed package can be loaded from final location
** testing if installed package keeps a record of temporary installation path
* creating tarball
packaged installation of ‘Formula’ as ‘Formula_1.2-5_R_x86_64-pc-linux-gnu.tar.gz’
* DONE (Formula)
* installing *source* package ‘iterators’ ...
** this is package ‘iterators’ version ‘1.0.14’
** package ‘iterators’ successfully unpacked and MD5 sums checked
** using staged installation
** R
** inst
** byte-compile and prepare package for lazy loading
** help
*** installing help indices
** building package indices
** installing vignettes
** testing if installed package can be loaded from temporary location
** testing if installed package can be loaded from final location
** testing if installed package keeps a record of temporary installation path
* creating tarball
packaged installation of ‘iterators’ as ‘iterators_1.0.14_R_x86_64-pc-linux-gnu.tar.gz’
* DONE (iterators)
* installing *source* package ‘pracma’ ...
** this is package ‘pracma’ version ‘2.4.4’
** package ‘pracma’ successfully unpacked and MD5 sums checked
** using staged installation
** R
** data
*** moving datasets to lazyload DB
** demo
** byte-compile and prepare package for lazy loading
** help
*** installing help indices
** building package indices
** testing if installed package can be loaded from temporary location
** testing if installed package can be loaded from final location
** testing if installed package keeps a record of temporary installation path
* creating tarball
packaged installation of ‘pracma’ as ‘pracma_2.4.4_R_x86_64-pc-linux-gnu.tar.gz’
* DONE (pracma)
* installing *source* package ‘rbibutils’ ...
** this is package ‘rbibutils’ version ‘2.3’
** package ‘rbibutils’ successfully unpacked and MD5 sums checked
** using staged installation
** libs
using C compiler: ‘gcc (Ubuntu 11.4.0-1ubuntu1~22.04) 11.4.0’
gcc -I"/usr/share/R/include" -DNDEBUG       -fpic  -g -O2 -ffile-prefix-map=/build/r-base-rgGXCp/r-base-4.5.0=. -fstack-protector-strong -Wformat -Werror=format-security -Wdate-time -D_FORTIFY_SOURCE=2  -c adsout.c -o adsout.o
gcc -I"/usr/share/R/include" -DNDEBUG       -fpic  -g -O2 -ffile-prefix-map=/build/r-base-rgGXCp/r-base-4.5.0=. -fstack-protector-strong -Wformat -Werror=format-security -Wdate-time -D_FORTIFY_SOURCE=2  -c any2xml.c -o any2xml.o
gcc -I"/usr/share/R/include" -DNDEBUG       -fpic  -g -O2 -ffile-prefix-map=/build/r-base-rgGXCp/r-base-4.5.0=. -fstack-protector-strong -Wformat -Werror=format-security -Wdate-time -D_FORTIFY_SOURCE=2  -c args.c -o args.o
gcc -I"/usr/share/R/include" -DNDEBUG       -fpic  -g -O2 -ffile-prefix-map=/build/r-base-rgGXCp/r-base-4.5.0=. -fstack-protector-strong -Wformat -Werror=format-security -Wdate-time -D_FORTIFY_SOURCE=2  -c bib2be.c -o bib2be.o
gcc -I"/usr/share/R/include" -DNDEBUG       -fpic  -g -O2 -ffile-prefix-map=/build/r-base-rgGXCp/r-base-4.5.0=. -fstack-protector-strong -Wformat -Werror=format-security -Wdate-time -D_FORTIFY_SOURCE=2  -c bibcore.c -o bibcore.o
gcc -I"/usr/share/R/include" -DNDEBUG       -fpic  -g -O2 -ffile-prefix-map=/build/r-base-rgGXCp/r-base-4.5.0=. -fstack-protector-strong -Wformat -Werror=format-security -Wdate-time -D_FORTIFY_SOURCE=2  -c bibentrydirectout.c -o bibentrydirectout.o
gcc -I"/usr/share/R/include" -DNDEBUG       -fpic  -g -O2 -ffile-prefix-map=/build/r-base-rgGXCp/r-base-4.5.0=. -fstack-protector-strong -Wformat -Werror=format-security -Wdate-time -D_FORTIFY_SOURCE=2  -c bibentryout.c -o bibentryout.o
gcc -I"/usr/share/R/include" -DNDEBUG       -fpic  -g -O2 -ffile-prefix-map=/build/r-base-rgGXCp/r-base-4.5.0=. -fstack-protector-strong -Wformat -Werror=format-security -Wdate-time -D_FORTIFY_SOURCE=2  -c bibl.c -o bibl.o
gcc -I"/usr/share/R/include" -DNDEBUG       -fpic  -g -O2 -ffile-prefix-map=/build/r-base-rgGXCp/r-base-4.5.0=. -fstack-protector-strong -Wformat -Werror=format-security -Wdate-time -D_FORTIFY_SOURCE=2  -c biblatexin.c -o biblatexin.o
gcc -I"/usr/share/R/include" -DNDEBUG       -fpic  -g -O2 -ffile-prefix-map=/build/r-base-rgGXCp/r-base-4.5.0=. -fstack-protector-strong -Wformat -Werror=format-security -Wdate-time -D_FORTIFY_SOURCE=2  -c biblatexout.c -o biblatexout.o
gcc -I"/usr/share/R/include" -DNDEBUG       -fpic  -g -O2 -ffile-prefix-map=/build/r-base-rgGXCp/r-base-4.5.0=. -fstack-protector-strong -Wformat -Werror=format-security -Wdate-time -D_FORTIFY_SOURCE=2  -c bibprog.c -o bibprog.o
gcc -I"/usr/share/R/include" -DNDEBUG       -fpic  -g -O2 -ffile-prefix-map=/build/r-base-rgGXCp/r-base-4.5.0=. -fstack-protector-strong -Wformat -Werror=format-security -Wdate-time -D_FORTIFY_SOURCE=2  -c bibtexdirectin.c -o bibtexdirectin.o
gcc -I"/usr/share/R/include" -DNDEBUG       -fpic  -g -O2 -ffile-prefix-map=/build/r-base-rgGXCp/r-base-4.5.0=. -fstack-protector-strong -Wformat -Werror=format-security -Wdate-time -D_FORTIFY_SOURCE=2  -c bibtexin.c -o bibtexin.o
gcc -I"/usr/share/R/include" -DNDEBUG       -fpic  -g -O2 -ffile-prefix-map=/build/r-base-rgGXCp/r-base-4.5.0=. -fstack-protector-strong -Wformat -Werror=format-security -Wdate-time -D_FORTIFY_SOURCE=2  -c bibtexout.c -o bibtexout.o
gcc -I"/usr/share/R/include" -DNDEBUG       -fpic  -g -O2 -ffile-prefix-map=/build/r-base-rgGXCp/r-base-4.5.0=. -fstack-protector-strong -Wformat -Werror=format-security -Wdate-time -D_FORTIFY_SOURCE=2  -c bibtextypes.c -o bibtextypes.o
gcc -I"/usr/share/R/include" -DNDEBUG       -fpic  -g -O2 -ffile-prefix-map=/build/r-base-rgGXCp/r-base-4.5.0=. -fstack-protector-strong -Wformat -Werror=format-security -Wdate-time -D_FORTIFY_SOURCE=2  -c bibutils.c -o bibutils.o
gcc -I"/usr/share/R/include" -DNDEBUG       -fpic  -g -O2 -ffile-prefix-map=/build/r-base-rgGXCp/r-base-4.5.0=. -fstack-protector-strong -Wformat -Werror=format-security -Wdate-time -D_FORTIFY_SOURCE=2  -c bltypes.c -o bltypes.o
gcc -I"/usr/share/R/include" -DNDEBUG       -fpic  -g -O2 -ffile-prefix-map=/build/r-base-rgGXCp/r-base-4.5.0=. -fstack-protector-strong -Wformat -Werror=format-security -Wdate-time -D_FORTIFY_SOURCE=2  -c bu_auth.c -o bu_auth.o
gcc -I"/usr/share/R/include" -DNDEBUG       -fpic  -g -O2 -ffile-prefix-map=/build/r-base-rgGXCp/r-base-4.5.0=. -fstack-protector-strong -Wformat -Werror=format-security -Wdate-time -D_FORTIFY_SOURCE=2  -c charsets.c -o charsets.o
gcc -I"/usr/share/R/include" -DNDEBUG       -fpic  -g -O2 -ffile-prefix-map=/build/r-base-rgGXCp/r-base-4.5.0=. -fstack-protector-strong -Wformat -Werror=format-security -Wdate-time -D_FORTIFY_SOURCE=2  -c common_be_bed.c -o common_be_bed.o
gcc -I"/usr/share/R/include" -DNDEBUG       -fpic  -g -O2 -ffile-prefix-map=/build/r-base-rgGXCp/r-base-4.5.0=. -fstack-protector-strong -Wformat -Werror=format-security -Wdate-time -D_FORTIFY_SOURCE=2  -c common_bt_blt_btd_out.c -o common_bt_blt_btd_out.o
gcc -I"/usr/share/R/include" -DNDEBUG       -fpic  -g -O2 -ffile-prefix-map=/build/r-base-rgGXCp/r-base-4.5.0=. -fstack-protector-strong -Wformat -Werror=format-security -Wdate-time -D_FORTIFY_SOURCE=2  -c common_bt_btd.c -o common_bt_btd.o
gcc -I"/usr/share/R/include" -DNDEBUG       -fpic  -g -O2 -ffile-prefix-map=/build/r-base-rgGXCp/r-base-4.5.0=. -fstack-protector-strong -Wformat -Werror=format-security -Wdate-time -D_FORTIFY_SOURCE=2  -c common_bt_btd_blt.c -o common_bt_btd_blt.o
gcc -I"/usr/share/R/include" -DNDEBUG       -fpic  -g -O2 -ffile-prefix-map=/build/r-base-rgGXCp/r-base-4.5.0=. -fstack-protector-strong -Wformat -Werror=format-security -Wdate-time -D_FORTIFY_SOURCE=2  -c common_bt_btd_out.c -o common_bt_btd_out.o
gcc -I"/usr/share/R/include" -DNDEBUG       -fpic  -g -O2 -ffile-prefix-map=/build/r-base-rgGXCp/r-base-4.5.0=. -fstack-protector-strong -Wformat -Werror=format-security -Wdate-time -D_FORTIFY_SOURCE=2  -c copacin.c -o copacin.o
gcc -I"/usr/share/R/include" -DNDEBUG       -fpic  -g -O2 -ffile-prefix-map=/build/r-base-rgGXCp/r-base-4.5.0=. -fstack-protector-strong -Wformat -Werror=format-security -Wdate-time -D_FORTIFY_SOURCE=2  -c copactypes.c -o copactypes.o
gcc -I"/usr/share/R/include" -DNDEBUG       -fpic  -g -O2 -ffile-prefix-map=/build/r-base-rgGXCp/r-base-4.5.0=. -fstack-protector-strong -Wformat -Werror=format-security -Wdate-time -D_FORTIFY_SOURCE=2  -c ebiin.c -o ebiin.o
gcc -I"/usr/share/R/include" -DNDEBUG       -fpic  -g -O2 -ffile-prefix-map=/build/r-base-rgGXCp/r-base-4.5.0=. -fstack-protector-strong -Wformat -Werror=format-security -Wdate-time -D_FORTIFY_SOURCE=2  -c endin.c -o endin.o
gcc -I"/usr/share/R/include" -DNDEBUG       -fpic  -g -O2 -ffile-prefix-map=/build/r-base-rgGXCp/r-base-4.5.0=. -fstack-protector-strong -Wformat -Werror=format-security -Wdate-time -D_FORTIFY_SOURCE=2  -c endout.c -o endout.o
gcc -I"/usr/share/R/include" -DNDEBUG       -fpic  -g -O2 -ffile-prefix-map=/build/r-base-rgGXCp/r-base-4.5.0=. -fstack-protector-strong -Wformat -Werror=format-security -Wdate-time -D_FORTIFY_SOURCE=2  -c endtypes.c -o endtypes.o
gcc -I"/usr/share/R/include" -DNDEBUG       -fpic  -g -O2 -ffile-prefix-map=/build/r-base-rgGXCp/r-base-4.5.0=. -fstack-protector-strong -Wformat -Werror=format-security -Wdate-time -D_FORTIFY_SOURCE=2  -c endxmlin.c -o endxmlin.o
gcc -I"/usr/share/R/include" -DNDEBUG       -fpic  -g -O2 -ffile-prefix-map=/build/r-base-rgGXCp/r-base-4.5.0=. -fstack-protector-strong -Wformat -Werror=format-security -Wdate-time -D_FORTIFY_SOURCE=2  -c entities.c -o entities.o
gcc -I"/usr/share/R/include" -DNDEBUG       -fpic  -g -O2 -ffile-prefix-map=/build/r-base-rgGXCp/r-base-4.5.0=. -fstack-protector-strong -Wformat -Werror=format-security -Wdate-time -D_FORTIFY_SOURCE=2  -c fields.c -o fields.o
gcc -I"/usr/share/R/include" -DNDEBUG       -fpic  -g -O2 -ffile-prefix-map=/build/r-base-rgGXCp/r-base-4.5.0=. -fstack-protector-strong -Wformat -Werror=format-security -Wdate-time -D_FORTIFY_SOURCE=2  -c gb18030.c -o gb18030.o
gcc -I"/usr/share/R/include" -DNDEBUG       -fpic  -g -O2 -ffile-prefix-map=/build/r-base-rgGXCp/r-base-4.5.0=. -fstack-protector-strong -Wformat -Werror=format-security -Wdate-time -D_FORTIFY_SOURCE=2  -c generic.c -o generic.o
gcc -I"/usr/share/R/include" -DNDEBUG       -fpic  -g -O2 -ffile-prefix-map=/build/r-base-rgGXCp/r-base-4.5.0=. -fstack-protector-strong -Wformat -Werror=format-security -Wdate-time -D_FORTIFY_SOURCE=2  -c init.c -o init.o
gcc -I"/usr/share/R/include" -DNDEBUG       -fpic  -g -O2 -ffile-prefix-map=/build/r-base-rgGXCp/r-base-4.5.0=. -fstack-protector-strong -Wformat -Werror=format-security -Wdate-time -D_FORTIFY_SOURCE=2  -c intlist.c -o intlist.o
gcc -I"/usr/share/R/include" -DNDEBUG       -fpic  -g -O2 -ffile-prefix-map=/build/r-base-rgGXCp/r-base-4.5.0=. -fstack-protector-strong -Wformat -Werror=format-security -Wdate-time -D_FORTIFY_SOURCE=2  -c is_ws.c -o is_ws.o
gcc -I"/usr/share/R/include" -DNDEBUG       -fpic  -g -O2 -ffile-prefix-map=/build/r-base-rgGXCp/r-base-4.5.0=. -fstack-protector-strong -Wformat -Werror=format-security -Wdate-time -D_FORTIFY_SOURCE=2  -c isiin.c -o isiin.o
gcc -I"/usr/share/R/include" -DNDEBUG       -fpic  -g -O2 -ffile-prefix-map=/build/r-base-rgGXCp/r-base-4.5.0=. -fstack-protector-strong -Wformat -Werror=format-security -Wdate-time -D_FORTIFY_SOURCE=2  -c isiout.c -o isiout.o
gcc -I"/usr/share/R/include" -DNDEBUG       -fpic  -g -O2 -ffile-prefix-map=/build/r-base-rgGXCp/r-base-4.5.0=. -fstack-protector-strong -Wformat -Werror=format-security -Wdate-time -D_FORTIFY_SOURCE=2  -c isitypes.c -o isitypes.o
gcc -I"/usr/share/R/include" -DNDEBUG       -fpic  -g -O2 -ffile-prefix-map=/build/r-base-rgGXCp/r-base-4.5.0=. -fstack-protector-strong -Wformat -Werror=format-security -Wdate-time -D_FORTIFY_SOURCE=2  -c iso639_1.c -o iso639_1.o
gcc -I"/usr/share/R/include" -DNDEBUG       -fpic  -g -O2 -ffile-prefix-map=/build/r-base-rgGXCp/r-base-4.5.0=. -fstack-protector-strong -Wformat -Werror=format-security -Wdate-time -D_FORTIFY_SOURCE=2  -c iso639_2.c -o iso639_2.o
gcc -I"/usr/share/R/include" -DNDEBUG       -fpic  -g -O2 -ffile-prefix-map=/build/r-base-rgGXCp/r-base-4.5.0=. -fstack-protector-strong -Wformat -Werror=format-security -Wdate-time -D_FORTIFY_SOURCE=2  -c iso639_3.c -o iso639_3.o
gcc -I"/usr/share/R/include" -DNDEBUG       -fpic  -g -O2 -ffile-prefix-map=/build/r-base-rgGXCp/r-base-4.5.0=. -fstack-protector-strong -Wformat -Werror=format-security -Wdate-time -D_FORTIFY_SOURCE=2  -c latex.c -o latex.o
gcc -I"/usr/share/R/include" -DNDEBUG       -fpic  -g -O2 -ffile-prefix-map=/build/r-base-rgGXCp/r-base-4.5.0=. -fstack-protector-strong -Wformat -Werror=format-security -Wdate-time -D_FORTIFY_SOURCE=2  -c latex_parse.c -o latex_parse.o
gcc -I"/usr/share/R/include" -DNDEBUG       -fpic  -g -O2 -ffile-prefix-map=/build/r-base-rgGXCp/r-base-4.5.0=. -fstack-protector-strong -Wformat -Werror=format-security -Wdate-time -D_FORTIFY_SOURCE=2  -c marc_auth.c -o marc_auth.o
gcc -I"/usr/share/R/include" -DNDEBUG       -fpic  -g -O2 -ffile-prefix-map=/build/r-base-rgGXCp/r-base-4.5.0=. -fstack-protector-strong -Wformat -Werror=format-security -Wdate-time -D_FORTIFY_SOURCE=2  -c medin.c -o medin.o
gcc -I"/usr/share/R/include" -DNDEBUG       -fpic  -g -O2 -ffile-prefix-map=/build/r-base-rgGXCp/r-base-4.5.0=. -fstack-protector-strong -Wformat -Werror=format-security -Wdate-time -D_FORTIFY_SOURCE=2  -c modsin.c -o modsin.o
gcc -I"/usr/share/R/include" -DNDEBUG       -fpic  -g -O2 -ffile-prefix-map=/build/r-base-rgGXCp/r-base-4.5.0=. -fstack-protector-strong -Wformat -Werror=format-security -Wdate-time -D_FORTIFY_SOURCE=2  -c modsout.c -o modsout.o
gcc -I"/usr/share/R/include" -DNDEBUG       -fpic  -g -O2 -ffile-prefix-map=/build/r-base-rgGXCp/r-base-4.5.0=. -fstack-protector-strong -Wformat -Werror=format-security -Wdate-time -D_FORTIFY_SOURCE=2  -c modstypes.c -o modstypes.o
gcc -I"/usr/share/R/include" -DNDEBUG       -fpic  -g -O2 -ffile-prefix-map=/build/r-base-rgGXCp/r-base-4.5.0=. -fstack-protector-strong -Wformat -Werror=format-security -Wdate-time -D_FORTIFY_SOURCE=2  -c name.c -o name.o
gcc -I"/usr/share/R/include" -DNDEBUG       -fpic  -g -O2 -ffile-prefix-map=/build/r-base-rgGXCp/r-base-4.5.0=. -fstack-protector-strong -Wformat -Werror=format-security -Wdate-time -D_FORTIFY_SOURCE=2  -c nbibin.c -o nbibin.o
gcc -I"/usr/share/R/include" -DNDEBUG       -fpic  -g -O2 -ffile-prefix-map=/build/r-base-rgGXCp/r-base-4.5.0=. -fstack-protector-strong -Wformat -Werror=format-security -Wdate-time -D_FORTIFY_SOURCE=2  -c nbibout.c -o nbibout.o
gcc -I"/usr/share/R/include" -DNDEBUG       -fpic  -g -O2 -ffile-prefix-map=/build/r-base-rgGXCp/r-base-4.5.0=. -fstack-protector-strong -Wformat -Werror=format-security -Wdate-time -D_FORTIFY_SOURCE=2  -c nbibtypes.c -o nbibtypes.o
gcc -I"/usr/share/R/include" -DNDEBUG       -fpic  -g -O2 -ffile-prefix-map=/build/r-base-rgGXCp/r-base-4.5.0=. -fstack-protector-strong -Wformat -Werror=format-security -Wdate-time -D_FORTIFY_SOURCE=2  -c notes.c -o notes.o
gcc -I"/usr/share/R/include" -DNDEBUG       -fpic  -g -O2 -ffile-prefix-map=/build/r-base-rgGXCp/r-base-4.5.0=. -fstack-protector-strong -Wformat -Werror=format-security -Wdate-time -D_FORTIFY_SOURCE=2  -c pages.c -o pages.o
gcc -I"/usr/share/R/include" -DNDEBUG       -fpic  -g -O2 -ffile-prefix-map=/build/r-base-rgGXCp/r-base-4.5.0=. -fstack-protector-strong -Wformat -Werror=format-security -Wdate-time -D_FORTIFY_SOURCE=2  -c reftypes.c -o reftypes.o
gcc -I"/usr/share/R/include" -DNDEBUG       -fpic  -g -O2 -ffile-prefix-map=/build/r-base-rgGXCp/r-base-4.5.0=. -fstack-protector-strong -Wformat -Werror=format-security -Wdate-time -D_FORTIFY_SOURCE=2  -c risin.c -o risin.o
gcc -I"/usr/share/R/include" -DNDEBUG       -fpic  -g -O2 -ffile-prefix-map=/build/r-base-rgGXCp/r-base-4.5.0=. -fstack-protector-strong -Wformat -Werror=format-security -Wdate-time -D_FORTIFY_SOURCE=2  -c risout.c -o risout.o
gcc -I"/usr/share/R/include" -DNDEBUG       -fpic  -g -O2 -ffile-prefix-map=/build/r-base-rgGXCp/r-base-4.5.0=. -fstack-protector-strong -Wformat -Werror=format-security -Wdate-time -D_FORTIFY_SOURCE=2  -c ristypes.c -o ristypes.o
gcc -I"/usr/share/R/include" -DNDEBUG       -fpic  -g -O2 -ffile-prefix-map=/build/r-base-rgGXCp/r-base-4.5.0=. -fstack-protector-strong -Wformat -Werror=format-security -Wdate-time -D_FORTIFY_SOURCE=2  -c serialno.c -o serialno.o
gcc -I"/usr/share/R/include" -DNDEBUG       -fpic  -g -O2 -ffile-prefix-map=/build/r-base-rgGXCp/r-base-4.5.0=. -fstack-protector-strong -Wformat -Werror=format-security -Wdate-time -D_FORTIFY_SOURCE=2  -c slist.c -o slist.o
gcc -I"/usr/share/R/include" -DNDEBUG       -fpic  -g -O2 -ffile-prefix-map=/build/r-base-rgGXCp/r-base-4.5.0=. -fstack-protector-strong -Wformat -Werror=format-security -Wdate-time -D_FORTIFY_SOURCE=2  -c str.c -o str.o
gcc -I"/usr/share/R/include" -DNDEBUG       -fpic  -g -O2 -ffile-prefix-map=/build/r-base-rgGXCp/r-base-4.5.0=. -fstack-protector-strong -Wformat -Werror=format-security -Wdate-time -D_FORTIFY_SOURCE=2  -c str_conv.c -o str_conv.o
gcc -I"/usr/share/R/include" -DNDEBUG       -fpic  -g -O2 -ffile-prefix-map=/build/r-base-rgGXCp/r-base-4.5.0=. -fstack-protector-strong -Wformat -Werror=format-security -Wdate-time -D_FORTIFY_SOURCE=2  -c strsearch.c -o strsearch.o
gcc -I"/usr/share/R/include" -DNDEBUG       -fpic  -g -O2 -ffile-prefix-map=/build/r-base-rgGXCp/r-base-4.5.0=. -fstack-protector-strong -Wformat -Werror=format-security -Wdate-time -D_FORTIFY_SOURCE=2  -c title.c -o title.o
gcc -I"/usr/share/R/include" -DNDEBUG       -fpic  -g -O2 -ffile-prefix-map=/build/r-base-rgGXCp/r-base-4.5.0=. -fstack-protector-strong -Wformat -Werror=format-security -Wdate-time -D_FORTIFY_SOURCE=2  -c tomods.c -o tomods.o
gcc -I"/usr/share/R/include" -DNDEBUG       -fpic  -g -O2 -ffile-prefix-map=/build/r-base-rgGXCp/r-base-4.5.0=. -fstack-protector-strong -Wformat -Werror=format-security -Wdate-time -D_FORTIFY_SOURCE=2  -c type.c -o type.o
gcc -I"/usr/share/R/include" -DNDEBUG       -fpic  -g -O2 -ffile-prefix-map=/build/r-base-rgGXCp/r-base-4.5.0=. -fstack-protector-strong -Wformat -Werror=format-security -Wdate-time -D_FORTIFY_SOURCE=2  -c unicode.c -o unicode.o
gcc -I"/usr/share/R/include" -DNDEBUG       -fpic  -g -O2 -ffile-prefix-map=/build/r-base-rgGXCp/r-base-4.5.0=. -fstack-protector-strong -Wformat -Werror=format-security -Wdate-time -D_FORTIFY_SOURCE=2  -c url.c -o url.o
gcc -I"/usr/share/R/include" -DNDEBUG       -fpic  -g -O2 -ffile-prefix-map=/build/r-base-rgGXCp/r-base-4.5.0=. -fstack-protector-strong -Wformat -Werror=format-security -Wdate-time -D_FORTIFY_SOURCE=2  -c utf8.c -o utf8.o
gcc -I"/usr/share/R/include" -DNDEBUG       -fpic  -g -O2 -ffile-prefix-map=/build/r-base-rgGXCp/r-base-4.5.0=. -fstack-protector-strong -Wformat -Werror=format-security -Wdate-time -D_FORTIFY_SOURCE=2  -c vplist.c -o vplist.o
gcc -I"/usr/share/R/include" -DNDEBUG       -fpic  -g -O2 -ffile-prefix-map=/build/r-base-rgGXCp/r-base-4.5.0=. -fstack-protector-strong -Wformat -Werror=format-security -Wdate-time -D_FORTIFY_SOURCE=2  -c wordin.c -o wordin.o
gcc -I"/usr/share/R/include" -DNDEBUG       -fpic  -g -O2 -ffile-prefix-map=/build/r-base-rgGXCp/r-base-4.5.0=. -fstack-protector-strong -Wformat -Werror=format-security -Wdate-time -D_FORTIFY_SOURCE=2  -c wordout.c -o wordout.o
gcc -I"/usr/share/R/include" -DNDEBUG       -fpic  -g -O2 -ffile-prefix-map=/build/r-base-rgGXCp/r-base-4.5.0=. -fstack-protector-strong -Wformat -Werror=format-security -Wdate-time -D_FORTIFY_SOURCE=2  -c xml.c -o xml.o
gcc -I"/usr/share/R/include" -DNDEBUG       -fpic  -g -O2 -ffile-prefix-map=/build/r-base-rgGXCp/r-base-4.5.0=. -fstack-protector-strong -Wformat -Werror=format-security -Wdate-time -D_FORTIFY_SOURCE=2  -c xml2any.c -o xml2any.o
gcc -I"/usr/share/R/include" -DNDEBUG       -fpic  -g -O2 -ffile-prefix-map=/build/r-base-rgGXCp/r-base-4.5.0=. -fstack-protector-strong -Wformat -Werror=format-security -Wdate-time -D_FORTIFY_SOURCE=2  -c xml_encoding.c -o xml_encoding.o
gcc -shared -L/usr/lib/R/lib -Wl,-Bsymbolic-functions -flto=auto -ffat-lto-objects -flto=auto -Wl,-z,relro -o rbibutils.so adsout.o any2xml.o args.o bib2be.o bibcore.o bibentrydirectout.o bibentryout.o bibl.o biblatexin.o biblatexout.o bibprog.o bibtexdirectin.o bibtexin.o bibtexout.o bibtextypes.o bibutils.o bltypes.o bu_auth.o charsets.o common_be_bed.o common_bt_blt_btd_out.o common_bt_btd.o common_bt_btd_blt.o common_bt_btd_out.o copacin.o copactypes.o ebiin.o endin.o endout.o endtypes.o endxmlin.o entities.o fields.o gb18030.o generic.o init.o intlist.o is_ws.o isiin.o isiout.o isitypes.o iso639_1.o iso639_2.o iso639_3.o latex.o latex_parse.o marc_auth.o medin.o modsin.o modsout.o modstypes.o name.o nbibin.o nbibout.o nbibtypes.o notes.o pages.o reftypes.o risin.o risout.o ristypes.o serialno.o slist.o str.o str_conv.o strsearch.o title.o tomods.o type.o unicode.o url.o utf8.o vplist.o wordin.o wordout.o xml.o xml2any.o xml_encoding.o -L/usr/lib/R/lib -lR
installing to /usr/local/lib/R/site-library/00LOCK-rbibutils/00new/rbibutils/libs
** R
** inst
** byte-compile and prepare package for lazy loading
** help
*** installing help indices
** building package indices
** installing vignettes
** testing if installed package can be loaded from temporary location
** checking absolute paths in shared objects and dynamic libraries
** testing if installed package can be loaded from final location
** testing if installed package keeps a record of temporary installation path
* creating tarball
packaged installation of ‘rbibutils’ as ‘rbibutils_2.3_R_x86_64-pc-linux-gnu.tar.gz’
* DONE (rbibutils)
* installing *source* package ‘fastmatch’ ...
** this is package ‘fastmatch’ version ‘1.1-6’
** package ‘fastmatch’ successfully unpacked and MD5 sums checked
** using staged installation
** libs
using C compiler: ‘gcc (Ubuntu 11.4.0-1ubuntu1~22.04) 11.4.0’
gcc -I"/usr/share/R/include" -DNDEBUG       -fpic  -g -O2 -ffile-prefix-map=/build/r-base-rgGXCp/r-base-4.5.0=. -fstack-protector-strong -Wformat -Werror=format-security -Wdate-time -D_FORTIFY_SOURCE=2  -c ctapply.c -o ctapply.o
gcc -I"/usr/share/R/include" -DNDEBUG       -fpic  -g -O2 -ffile-prefix-map=/build/r-base-rgGXCp/r-base-4.5.0=. -fstack-protector-strong -Wformat -Werror=format-security -Wdate-time -D_FORTIFY_SOURCE=2  -c dummy.c -o dummy.o
gcc -I"/usr/share/R/include" -DNDEBUG       -fpic  -g -O2 -ffile-prefix-map=/build/r-base-rgGXCp/r-base-4.5.0=. -fstack-protector-strong -Wformat -Werror=format-security -Wdate-time -D_FORTIFY_SOURCE=2  -c fasthash.c -o fasthash.o
gcc -I"/usr/share/R/include" -DNDEBUG       -fpic  -g -O2 -ffile-prefix-map=/build/r-base-rgGXCp/r-base-4.5.0=. -fstack-protector-strong -Wformat -Werror=format-security -Wdate-time -D_FORTIFY_SOURCE=2  -c fastmatch.c -o fastmatch.o
gcc -shared -L/usr/lib/R/lib -Wl,-Bsymbolic-functions -flto=auto -ffat-lto-objects -flto=auto -Wl,-z,relro -o fastmatch.so ctapply.o dummy.o fasthash.o fastmatch.o -L/usr/lib/R/lib -lR
installing to /usr/local/lib/R/site-library/00LOCK-fastmatch/00new/fastmatch/libs
** R
** byte-compile and prepare package for lazy loading
** help
*** installing help indices
** building package indices
** testing if installed package can be loaded from temporary location
** checking absolute paths in shared objects and dynamic libraries
** testing if installed package can be loaded from final location
** testing if installed package keeps a record of temporary installation path
* creating tarball
packaged installation of ‘fastmatch’ as ‘fastmatch_1.1-6_R_x86_64-pc-linux-gnu.tar.gz’
* DONE (fastmatch)
* installing *source* package ‘graph’ ...
** this is package ‘graph’ version ‘1.86.0’
** using staged installation
** libs
using C compiler: ‘gcc (Ubuntu 11.4.0-1ubuntu1~22.04) 11.4.0’
gcc -I"/usr/share/R/include" -DNDEBUG       -fpic  -g -O2 -ffile-prefix-map=/build/r-base-rgGXCp/r-base-4.5.0=. -fstack-protector-strong -Wformat -Werror=format-security -Wdate-time -D_FORTIFY_SOURCE=2  -c graph.c -o graph.o
gcc -shared -L/usr/lib/R/lib -Wl,-Bsymbolic-functions -flto=auto -ffat-lto-objects -flto=auto -Wl,-z,relro -o graph.so graph.o -L/usr/lib/R/lib -lR
mv graph.so BioC_graph.so
installing to /usr/local/lib/R/site-library/00LOCK-graph/00new/graph/libs
** R
** data
** inst
** byte-compile and prepare package for lazy loading
** help
*** installing help indices
** building package indices
** installing vignettes
** testing if installed package can be loaded from temporary location
** checking absolute paths in shared objects and dynamic libraries
** testing if installed package can be loaded from final location
** testing if installed package keeps a record of temporary installation path
* creating tarball
packaged installation of ‘graph’ as ‘graph_1.86.0_R_x86_64-pc-linux-gnu.tar.gz’
* DONE (graph)
* installing *source* package ‘dynamicTreeCut’ ...
** this is package ‘dynamicTreeCut’ version ‘1.63-1’
** package ‘dynamicTreeCut’ successfully unpacked and MD5 sums checked
** using staged installation
** R
** byte-compile and prepare package for lazy loading
** help
*** installing help indices
** building package indices
** testing if installed package can be loaded from temporary location
** testing if installed package can be loaded from final location
** testing if installed package keeps a record of temporary installation path
* creating tarball
packaged installation of ‘dynamicTreeCut’ as ‘dynamicTreeCut_1.63-1_R_x86_64-pc-linux-gnu.tar.gz’
* DONE (dynamicTreeCut)
* installing *source* package ‘fastcluster’ ...
** this is package ‘fastcluster’ version ‘1.3.0’
** package ‘fastcluster’ successfully unpacked and MD5 sums checked
** using staged installation
** libs
using C++ compiler: ‘g++ (Ubuntu 11.4.0-1ubuntu1~22.04) 11.4.0’
g++ -std=gnu++17 -I"/usr/share/R/include" -DNDEBUG       -fpic  -g -O2 -ffile-prefix-map=/build/r-base-rgGXCp/r-base-4.5.0=. -fstack-protector-strong -Wformat -Werror=format-security -Wdate-time -D_FORTIFY_SOURCE=2   -c fastcluster_R.cpp -o fastcluster_R.o
In file included from fastcluster_R.cpp:24:
fastcluster.cpp:53:35: note: ‘#pragma message: Use fenv header.’
   53 | #pragma message("Use fenv header.")
      |                                   ^
g++ -std=gnu++17 -shared -L/usr/lib/R/lib -Wl,-Bsymbolic-functions -flto=auto -ffat-lto-objects -flto=auto -Wl,-z,relro -o fastcluster.so fastcluster_R.o -L/usr/lib/R/lib -lR
installing to /usr/local/lib/R/site-library/00LOCK-fastcluster/00new/fastcluster/libs
** R
** inst
** byte-compile and prepare package for lazy loading
** help
*** installing help indices
** building package indices
** installing vignettes
** testing if installed package can be loaded from temporary location
** checking absolute paths in shared objects and dynamic libraries
** testing if installed package can be loaded from final location
** testing if installed package keeps a record of temporary installation path
* creating tarball
packaged installation of ‘fastcluster’ as ‘fastcluster_1.3.0_R_x86_64-pc-linux-gnu.tar.gz’
* DONE (fastcluster)
* installing *source* package ‘impute’ ...
** this is package ‘impute’ version ‘1.82.0’
** using staged installation
** libs
using Fortran compiler: ‘GNU Fortran (Ubuntu 11.4.0-1ubuntu1~22.04) 11.4.0’
gfortran  -fpic  -g -O2 -ffile-prefix-map=/build/r-base-rgGXCp/r-base-4.5.0=. -fstack-protector-strong  -c knnimpute.f -o knnimpute.o
knnimpute.f:99:72:

   99 | 20                        pos(k1+1) = pos(k1)
      |                                                                             1
Warning: Fortran 2018 deleted feature: DO termination statement which is not END DO or CONTINUE with label 20 at (1)
knnimpute.f:113:72:

  113 | 35                        pos(k1+1) = pos(k1)
      |                                                                             1
Warning: Fortran 2018 deleted feature: DO termination statement which is not END DO or CONTINUE with label 35 at (1)
gcc -shared -L/usr/lib/R/lib -Wl,-Bsymbolic-functions -flto=auto -ffat-lto-objects -flto=auto -Wl,-z,relro -o impute.so knnimpute.o -lgfortran -lm -lquadmath -L/usr/lib/R/lib -lR
installing to /usr/local/lib/R/site-library/00LOCK-impute/00new/impute/libs
** R
** data
** byte-compile and prepare package for lazy loading
** help
*** installing help indices
** building package indices
** testing if installed package can be loaded from temporary location
** checking absolute paths in shared objects and dynamic libraries
** testing if installed package can be loaded from final location
** testing if installed package keeps a record of temporary installation path
* creating tarball
packaged installation of ‘impute’ as ‘impute_1.82.0_R_x86_64-pc-linux-gnu.tar.gz’
* DONE (impute)
* installing *source* package ‘preprocessCore’ ...
** this is package ‘preprocessCore’ version ‘1.70.0’
** using staged installation
'config' variable 'CPP' is defunct
checking for gcc... gcc
checking whether the C compiler works... yes
checking for C compiler default output file name... a.out
checking for suffix of executables... 
checking whether we are cross compiling... no
checking for suffix of object files... o
checking whether we are using the GNU C compiler... yes
checking whether gcc accepts -g... yes
checking for gcc option to accept ISO C89... none needed
checking how to run the C preprocessor... gcc -E
checking for library containing pthread_create... none required
checking for grep that handles long lines and -e... /usr/bin/grep
checking for egrep... /usr/bin/grep -E
checking for ANSI C header files... yes
checking for sys/types.h... yes
checking for sys/stat.h... yes
checking for stdlib.h... yes
checking for string.h... yes
checking for memory.h... yes
checking for strings.h... yes
checking for inttypes.h... yes
checking for stdint.h... yes
checking for unistd.h... yes
checking for stdlib.h... (cached) yes
checking if PTHREAD_STACK_MIN is defined... yes
checking if R is using flexiblas... flexiblas not found. preprocessCore threading will not be disabled
configure: Enabling threading for preprocessCore
configure: creating ./config.status
config.status: creating src/Makevars
** libs
using C compiler: ‘gcc (Ubuntu 11.4.0-1ubuntu1~22.04) 11.4.0’
gcc -I"/usr/share/R/include" -DNDEBUG      -g -O2 -ffile-prefix-map=/build/r-base-rgGXCp/r-base-4.5.0=. -fstack-protector-strong -Wformat -Werror=format-security -Wdate-time -D_FORTIFY_SOURCE=2  -DPACKAGE_NAME=\"\" -DPACKAGE_TARNAME=\"\" -DPACKAGE_VERSION=\"\" -DPACKAGE_STRING=\"\" -DPACKAGE_BUGREPORT=\"\" -DPACKAGE_URL=\"\" -DSTDC_HEADERS=1 -DHAVE_SYS_TYPES_H=1 -DHAVE_SYS_STAT_H=1 -DHAVE_STDLIB_H=1 -DHAVE_STRING_H=1 -DHAVE_MEMORY_H=1 -DHAVE_STRINGS_H=1 -DHAVE_INTTYPES_H=1 -DHAVE_STDINT_H=1 -DHAVE_UNISTD_H=1 -DHAVE_STDLIB_H=1 -DUSE_PTHREADS=1 -fpic  -g -O2 -ffile-prefix-map=/build/r-base-rgGXCp/r-base-4.5.0=. -fstack-protector-strong -Wformat -Werror=format-security -Wdate-time -D_FORTIFY_SOURCE=2  -c R_colSummarize.c -o R_colSummarize.o
gcc -I"/usr/share/R/include" -DNDEBUG      -g -O2 -ffile-prefix-map=/build/r-base-rgGXCp/r-base-4.5.0=. -fstack-protector-strong -Wformat -Werror=format-security -Wdate-time -D_FORTIFY_SOURCE=2  -DPACKAGE_NAME=\"\" -DPACKAGE_TARNAME=\"\" -DPACKAGE_VERSION=\"\" -DPACKAGE_STRING=\"\" -DPACKAGE_BUGREPORT=\"\" -DPACKAGE_URL=\"\" -DSTDC_HEADERS=1 -DHAVE_SYS_TYPES_H=1 -DHAVE_SYS_STAT_H=1 -DHAVE_STDLIB_H=1 -DHAVE_STRING_H=1 -DHAVE_MEMORY_H=1 -DHAVE_STRINGS_H=1 -DHAVE_INTTYPES_H=1 -DHAVE_STDINT_H=1 -DHAVE_UNISTD_H=1 -DHAVE_STDLIB_H=1 -DUSE_PTHREADS=1 -fpic  -g -O2 -ffile-prefix-map=/build/r-base-rgGXCp/r-base-4.5.0=. -fstack-protector-strong -Wformat -Werror=format-security -Wdate-time -D_FORTIFY_SOURCE=2  -c R_plmd_interfaces.c -o R_plmd_interfaces.o
gcc -I"/usr/share/R/include" -DNDEBUG      -g -O2 -ffile-prefix-map=/build/r-base-rgGXCp/r-base-4.5.0=. -fstack-protector-strong -Wformat -Werror=format-security -Wdate-time -D_FORTIFY_SOURCE=2  -DPACKAGE_NAME=\"\" -DPACKAGE_TARNAME=\"\" -DPACKAGE_VERSION=\"\" -DPACKAGE_STRING=\"\" -DPACKAGE_BUGREPORT=\"\" -DPACKAGE_URL=\"\" -DSTDC_HEADERS=1 -DHAVE_SYS_TYPES_H=1 -DHAVE_SYS_STAT_H=1 -DHAVE_STDLIB_H=1 -DHAVE_STRING_H=1 -DHAVE_MEMORY_H=1 -DHAVE_STRINGS_H=1 -DHAVE_INTTYPES_H=1 -DHAVE_STDINT_H=1 -DHAVE_UNISTD_H=1 -DHAVE_STDLIB_H=1 -DUSE_PTHREADS=1 -fpic  -g -O2 -ffile-prefix-map=/build/r-base-rgGXCp/r-base-4.5.0=. -fstack-protector-strong -Wformat -Werror=format-security -Wdate-time -D_FORTIFY_SOURCE=2  -c R_plmr_interfaces.c -o R_plmr_interfaces.o
gcc -I"/usr/share/R/include" -DNDEBUG      -g -O2 -ffile-prefix-map=/build/r-base-rgGXCp/r-base-4.5.0=. -fstack-protector-strong -Wformat -Werror=format-security -Wdate-time -D_FORTIFY_SOURCE=2  -DPACKAGE_NAME=\"\" -DPACKAGE_TARNAME=\"\" -DPACKAGE_VERSION=\"\" -DPACKAGE_STRING=\"\" -DPACKAGE_BUGREPORT=\"\" -DPACKAGE_URL=\"\" -DSTDC_HEADERS=1 -DHAVE_SYS_TYPES_H=1 -DHAVE_SYS_STAT_H=1 -DHAVE_STDLIB_H=1 -DHAVE_STRING_H=1 -DHAVE_MEMORY_H=1 -DHAVE_STRINGS_H=1 -DHAVE_INTTYPES_H=1 -DHAVE_STDINT_H=1 -DHAVE_UNISTD_H=1 -DHAVE_STDLIB_H=1 -DUSE_PTHREADS=1 -fpic  -g -O2 -ffile-prefix-map=/build/r-base-rgGXCp/r-base-4.5.0=. -fstack-protector-strong -Wformat -Werror=format-security -Wdate-time -D_FORTIFY_SOURCE=2  -c R_rlm_interfaces.c -o R_rlm_interfaces.o
gcc -I"/usr/share/R/include" -DNDEBUG      -g -O2 -ffile-prefix-map=/build/r-base-rgGXCp/r-base-4.5.0=. -fstack-protector-strong -Wformat -Werror=format-security -Wdate-time -D_FORTIFY_SOURCE=2  -DPACKAGE_NAME=\"\" -DPACKAGE_TARNAME=\"\" -DPACKAGE_VERSION=\"\" -DPACKAGE_STRING=\"\" -DPACKAGE_BUGREPORT=\"\" -DPACKAGE_URL=\"\" -DSTDC_HEADERS=1 -DHAVE_SYS_TYPES_H=1 -DHAVE_SYS_STAT_H=1 -DHAVE_STDLIB_H=1 -DHAVE_STRING_H=1 -DHAVE_MEMORY_H=1 -DHAVE_STRINGS_H=1 -DHAVE_INTTYPES_H=1 -DHAVE_STDINT_H=1 -DHAVE_UNISTD_H=1 -DHAVE_STDLIB_H=1 -DUSE_PTHREADS=1 -fpic  -g -O2 -ffile-prefix-map=/build/r-base-rgGXCp/r-base-4.5.0=. -fstack-protector-strong -Wformat -Werror=format-security -Wdate-time -D_FORTIFY_SOURCE=2  -c R_subColSummarize.c -o R_subColSummarize.o
gcc -I"/usr/share/R/include" -DNDEBUG      -g -O2 -ffile-prefix-map=/build/r-base-rgGXCp/r-base-4.5.0=. -fstack-protector-strong -Wformat -Werror=format-security -Wdate-time -D_FORTIFY_SOURCE=2  -DPACKAGE_NAME=\"\" -DPACKAGE_TARNAME=\"\" -DPACKAGE_VERSION=\"\" -DPACKAGE_STRING=\"\" -DPACKAGE_BUGREPORT=\"\" -DPACKAGE_URL=\"\" -DSTDC_HEADERS=1 -DHAVE_SYS_TYPES_H=1 -DHAVE_SYS_STAT_H=1 -DHAVE_STDLIB_H=1 -DHAVE_STRING_H=1 -DHAVE_MEMORY_H=1 -DHAVE_STRINGS_H=1 -DHAVE_INTTYPES_H=1 -DHAVE_STDINT_H=1 -DHAVE_UNISTD_H=1 -DHAVE_STDLIB_H=1 -DUSE_PTHREADS=1 -fpic  -g -O2 -ffile-prefix-map=/build/r-base-rgGXCp/r-base-4.5.0=. -fstack-protector-strong -Wformat -Werror=format-security -Wdate-time -D_FORTIFY_SOURCE=2  -c R_subrcModel_interfaces.c -o R_subrcModel_interfaces.o
gcc -I"/usr/share/R/include" -DNDEBUG      -g -O2 -ffile-prefix-map=/build/r-base-rgGXCp/r-base-4.5.0=. -fstack-protector-strong -Wformat -Werror=format-security -Wdate-time -D_FORTIFY_SOURCE=2  -DPACKAGE_NAME=\"\" -DPACKAGE_TARNAME=\"\" -DPACKAGE_VERSION=\"\" -DPACKAGE_STRING=\"\" -DPACKAGE_BUGREPORT=\"\" -DPACKAGE_URL=\"\" -DSTDC_HEADERS=1 -DHAVE_SYS_TYPES_H=1 -DHAVE_SYS_STAT_H=1 -DHAVE_STDLIB_H=1 -DHAVE_STRING_H=1 -DHAVE_MEMORY_H=1 -DHAVE_STRINGS_H=1 -DHAVE_INTTYPES_H=1 -DHAVE_STDINT_H=1 -DHAVE_UNISTD_H=1 -DHAVE_STDLIB_H=1 -DUSE_PTHREADS=1 -fpic  -g -O2 -ffile-prefix-map=/build/r-base-rgGXCp/r-base-4.5.0=. -fstack-protector-strong -Wformat -Werror=format-security -Wdate-time -D_FORTIFY_SOURCE=2  -c avg.c -o avg.o
gcc -I"/usr/share/R/include" -DNDEBUG      -g -O2 -ffile-prefix-map=/build/r-base-rgGXCp/r-base-4.5.0=. -fstack-protector-strong -Wformat -Werror=format-security -Wdate-time -D_FORTIFY_SOURCE=2  -DPACKAGE_NAME=\"\" -DPACKAGE_TARNAME=\"\" -DPACKAGE_VERSION=\"\" -DPACKAGE_STRING=\"\" -DPACKAGE_BUGREPORT=\"\" -DPACKAGE_URL=\"\" -DSTDC_HEADERS=1 -DHAVE_SYS_TYPES_H=1 -DHAVE_SYS_STAT_H=1 -DHAVE_STDLIB_H=1 -DHAVE_STRING_H=1 -DHAVE_MEMORY_H=1 -DHAVE_STRINGS_H=1 -DHAVE_INTTYPES_H=1 -DHAVE_STDINT_H=1 -DHAVE_UNISTD_H=1 -DHAVE_STDLIB_H=1 -DUSE_PTHREADS=1 -fpic  -g -O2 -ffile-prefix-map=/build/r-base-rgGXCp/r-base-4.5.0=. -fstack-protector-strong -Wformat -Werror=format-security -Wdate-time -D_FORTIFY_SOURCE=2  -c avg_log.c -o avg_log.o
gcc -I"/usr/share/R/include" -DNDEBUG      -g -O2 -ffile-prefix-map=/build/r-base-rgGXCp/r-base-4.5.0=. -fstack-protector-strong -Wformat -Werror=format-security -Wdate-time -D_FORTIFY_SOURCE=2  -DPACKAGE_NAME=\"\" -DPACKAGE_TARNAME=\"\" -DPACKAGE_VERSION=\"\" -DPACKAGE_STRING=\"\" -DPACKAGE_BUGREPORT=\"\" -DPACKAGE_URL=\"\" -DSTDC_HEADERS=1 -DHAVE_SYS_TYPES_H=1 -DHAVE_SYS_STAT_H=1 -DHAVE_STDLIB_H=1 -DHAVE_STRING_H=1 -DHAVE_MEMORY_H=1 -DHAVE_STRINGS_H=1 -DHAVE_INTTYPES_H=1 -DHAVE_STDINT_H=1 -DHAVE_UNISTD_H=1 -DHAVE_STDLIB_H=1 -DUSE_PTHREADS=1 -fpic  -g -O2 -ffile-prefix-map=/build/r-base-rgGXCp/r-base-4.5.0=. -fstack-protector-strong -Wformat -Werror=format-security -Wdate-time -D_FORTIFY_SOURCE=2  -c biweight.c -o biweight.o
gcc -I"/usr/share/R/include" -DNDEBUG      -g -O2 -ffile-prefix-map=/build/r-base-rgGXCp/r-base-4.5.0=. -fstack-protector-strong -Wformat -Werror=format-security -Wdate-time -D_FORTIFY_SOURCE=2  -DPACKAGE_NAME=\"\" -DPACKAGE_TARNAME=\"\" -DPACKAGE_VERSION=\"\" -DPACKAGE_STRING=\"\" -DPACKAGE_BUGREPORT=\"\" -DPACKAGE_URL=\"\" -DSTDC_HEADERS=1 -DHAVE_SYS_TYPES_H=1 -DHAVE_SYS_STAT_H=1 -DHAVE_STDLIB_H=1 -DHAVE_STRING_H=1 -DHAVE_MEMORY_H=1 -DHAVE_STRINGS_H=1 -DHAVE_INTTYPES_H=1 -DHAVE_STDINT_H=1 -DHAVE_UNISTD_H=1 -DHAVE_STDLIB_H=1 -DUSE_PTHREADS=1 -fpic  -g -O2 -ffile-prefix-map=/build/r-base-rgGXCp/r-base-4.5.0=. -fstack-protector-strong -Wformat -Werror=format-security -Wdate-time -D_FORTIFY_SOURCE=2  -c init_package.c -o init_package.o
gcc -I"/usr/share/R/include" -DNDEBUG      -g -O2 -ffile-prefix-map=/build/r-base-rgGXCp/r-base-4.5.0=. -fstack-protector-strong -Wformat -Werror=format-security -Wdate-time -D_FORTIFY_SOURCE=2  -DPACKAGE_NAME=\"\" -DPACKAGE_TARNAME=\"\" -DPACKAGE_VERSION=\"\" -DPACKAGE_STRING=\"\" -DPACKAGE_BUGREPORT=\"\" -DPACKAGE_URL=\"\" -DSTDC_HEADERS=1 -DHAVE_SYS_TYPES_H=1 -DHAVE_SYS_STAT_H=1 -DHAVE_STDLIB_H=1 -DHAVE_STRING_H=1 -DHAVE_MEMORY_H=1 -DHAVE_STRINGS_H=1 -DHAVE_INTTYPES_H=1 -DHAVE_STDINT_H=1 -DHAVE_UNISTD_H=1 -DHAVE_STDLIB_H=1 -DUSE_PTHREADS=1 -fpic  -g -O2 -ffile-prefix-map=/build/r-base-rgGXCp/r-base-4.5.0=. -fstack-protector-strong -Wformat -Werror=format-security -Wdate-time -D_FORTIFY_SOURCE=2  -c lm.c -o lm.o
gcc -I"/usr/share/R/include" -DNDEBUG      -g -O2 -ffile-prefix-map=/build/r-base-rgGXCp/r-base-4.5.0=. -fstack-protector-strong -Wformat -Werror=format-security -Wdate-time -D_FORTIFY_SOURCE=2  -DPACKAGE_NAME=\"\" -DPACKAGE_TARNAME=\"\" -DPACKAGE_VERSION=\"\" -DPACKAGE_STRING=\"\" -DPACKAGE_BUGREPORT=\"\" -DPACKAGE_URL=\"\" -DSTDC_HEADERS=1 -DHAVE_SYS_TYPES_H=1 -DHAVE_SYS_STAT_H=1 -DHAVE_STDLIB_H=1 -DHAVE_STRING_H=1 -DHAVE_MEMORY_H=1 -DHAVE_STRINGS_H=1 -DHAVE_INTTYPES_H=1 -DHAVE_STDINT_H=1 -DHAVE_UNISTD_H=1 -DHAVE_STDLIB_H=1 -DUSE_PTHREADS=1 -fpic  -g -O2 -ffile-prefix-map=/build/r-base-rgGXCp/r-base-4.5.0=. -fstack-protector-strong -Wformat -Werror=format-security -Wdate-time -D_FORTIFY_SOURCE=2  -c log_avg.c -o log_avg.o
gcc -I"/usr/share/R/include" -DNDEBUG      -g -O2 -ffile-prefix-map=/build/r-base-rgGXCp/r-base-4.5.0=. -fstack-protector-strong -Wformat -Werror=format-security -Wdate-time -D_FORTIFY_SOURCE=2  -DPACKAGE_NAME=\"\" -DPACKAGE_TARNAME=\"\" -DPACKAGE_VERSION=\"\" -DPACKAGE_STRING=\"\" -DPACKAGE_BUGREPORT=\"\" -DPACKAGE_URL=\"\" -DSTDC_HEADERS=1 -DHAVE_SYS_TYPES_H=1 -DHAVE_SYS_STAT_H=1 -DHAVE_STDLIB_H=1 -DHAVE_STRING_H=1 -DHAVE_MEMORY_H=1 -DHAVE_STRINGS_H=1 -DHAVE_INTTYPES_H=1 -DHAVE_STDINT_H=1 -DHAVE_UNISTD_H=1 -DHAVE_STDLIB_H=1 -DUSE_PTHREADS=1 -fpic  -g -O2 -ffile-prefix-map=/build/r-base-rgGXCp/r-base-4.5.0=. -fstack-protector-strong -Wformat -Werror=format-security -Wdate-time -D_FORTIFY_SOURCE=2  -c log_median.c -o log_median.o
gcc -I"/usr/share/R/include" -DNDEBUG      -g -O2 -ffile-prefix-map=/build/r-base-rgGXCp/r-base-4.5.0=. -fstack-protector-strong -Wformat -Werror=format-security -Wdate-time -D_FORTIFY_SOURCE=2  -DPACKAGE_NAME=\"\" -DPACKAGE_TARNAME=\"\" -DPACKAGE_VERSION=\"\" -DPACKAGE_STRING=\"\" -DPACKAGE_BUGREPORT=\"\" -DPACKAGE_URL=\"\" -DSTDC_HEADERS=1 -DHAVE_SYS_TYPES_H=1 -DHAVE_SYS_STAT_H=1 -DHAVE_STDLIB_H=1 -DHAVE_STRING_H=1 -DHAVE_MEMORY_H=1 -DHAVE_STRINGS_H=1 -DHAVE_INTTYPES_H=1 -DHAVE_STDINT_H=1 -DHAVE_UNISTD_H=1 -DHAVE_STDLIB_H=1 -DUSE_PTHREADS=1 -fpic  -g -O2 -ffile-prefix-map=/build/r-base-rgGXCp/r-base-4.5.0=. -fstack-protector-strong -Wformat -Werror=format-security -Wdate-time -D_FORTIFY_SOURCE=2  -c matrix_functions.c -o matrix_functions.o
gcc -I"/usr/share/R/include" -DNDEBUG      -g -O2 -ffile-prefix-map=/build/r-base-rgGXCp/r-base-4.5.0=. -fstack-protector-strong -Wformat -Werror=format-security -Wdate-time -D_FORTIFY_SOURCE=2  -DPACKAGE_NAME=\"\" -DPACKAGE_TARNAME=\"\" -DPACKAGE_VERSION=\"\" -DPACKAGE_STRING=\"\" -DPACKAGE_BUGREPORT=\"\" -DPACKAGE_URL=\"\" -DSTDC_HEADERS=1 -DHAVE_SYS_TYPES_H=1 -DHAVE_SYS_STAT_H=1 -DHAVE_STDLIB_H=1 -DHAVE_STRING_H=1 -DHAVE_MEMORY_H=1 -DHAVE_STRINGS_H=1 -DHAVE_INTTYPES_H=1 -DHAVE_STDINT_H=1 -DHAVE_UNISTD_H=1 -DHAVE_STDLIB_H=1 -DUSE_PTHREADS=1 -fpic  -g -O2 -ffile-prefix-map=/build/r-base-rgGXCp/r-base-4.5.0=. -fstack-protector-strong -Wformat -Werror=format-security -Wdate-time -D_FORTIFY_SOURCE=2  -c median.c -o median.o
gcc -I"/usr/share/R/include" -DNDEBUG      -g -O2 -ffile-prefix-map=/build/r-base-rgGXCp/r-base-4.5.0=. -fstack-protector-strong -Wformat -Werror=format-security -Wdate-time -D_FORTIFY_SOURCE=2  -DPACKAGE_NAME=\"\" -DPACKAGE_TARNAME=\"\" -DPACKAGE_VERSION=\"\" -DPACKAGE_STRING=\"\" -DPACKAGE_BUGREPORT=\"\" -DPACKAGE_URL=\"\" -DSTDC_HEADERS=1 -DHAVE_SYS_TYPES_H=1 -DHAVE_SYS_STAT_H=1 -DHAVE_STDLIB_H=1 -DHAVE_STRING_H=1 -DHAVE_MEMORY_H=1 -DHAVE_STRINGS_H=1 -DHAVE_INTTYPES_H=1 -DHAVE_STDINT_H=1 -DHAVE_UNISTD_H=1 -DHAVE_STDLIB_H=1 -DUSE_PTHREADS=1 -fpic  -g -O2 -ffile-prefix-map=/build/r-base-rgGXCp/r-base-4.5.0=. -fstack-protector-strong -Wformat -Werror=format-security -Wdate-time -D_FORTIFY_SOURCE=2  -c median_log.c -o median_log.o
gcc -I"/usr/share/R/include" -DNDEBUG      -g -O2 -ffile-prefix-map=/build/r-base-rgGXCp/r-base-4.5.0=. -fstack-protector-strong -Wformat -Werror=format-security -Wdate-time -D_FORTIFY_SOURCE=2  -DPACKAGE_NAME=\"\" -DPACKAGE_TARNAME=\"\" -DPACKAGE_VERSION=\"\" -DPACKAGE_STRING=\"\" -DPACKAGE_BUGREPORT=\"\" -DPACKAGE_URL=\"\" -DSTDC_HEADERS=1 -DHAVE_SYS_TYPES_H=1 -DHAVE_SYS_STAT_H=1 -DHAVE_STDLIB_H=1 -DHAVE_STRING_H=1 -DHAVE_MEMORY_H=1 -DHAVE_STRINGS_H=1 -DHAVE_INTTYPES_H=1 -DHAVE_STDINT_H=1 -DHAVE_UNISTD_H=1 -DHAVE_STDLIB_H=1 -DUSE_PTHREADS=1 -fpic  -g -O2 -ffile-prefix-map=/build/r-base-rgGXCp/r-base-4.5.0=. -fstack-protector-strong -Wformat -Werror=format-security -Wdate-time -D_FORTIFY_SOURCE=2  -c medianpolish.c -o medianpolish.o
gcc -I"/usr/share/R/include" -DNDEBUG      -g -O2 -ffile-prefix-map=/build/r-base-rgGXCp/r-base-4.5.0=. -fstack-protector-strong -Wformat -Werror=format-security -Wdate-time -D_FORTIFY_SOURCE=2  -DPACKAGE_NAME=\"\" -DPACKAGE_TARNAME=\"\" -DPACKAGE_VERSION=\"\" -DPACKAGE_STRING=\"\" -DPACKAGE_BUGREPORT=\"\" -DPACKAGE_URL=\"\" -DSTDC_HEADERS=1 -DHAVE_SYS_TYPES_H=1 -DHAVE_SYS_STAT_H=1 -DHAVE_STDLIB_H=1 -DHAVE_STRING_H=1 -DHAVE_MEMORY_H=1 -DHAVE_STRINGS_H=1 -DHAVE_INTTYPES_H=1 -DHAVE_STDINT_H=1 -DHAVE_UNISTD_H=1 -DHAVE_STDLIB_H=1 -DUSE_PTHREADS=1 -fpic  -g -O2 -ffile-prefix-map=/build/r-base-rgGXCp/r-base-4.5.0=. -fstack-protector-strong -Wformat -Werror=format-security -Wdate-time -D_FORTIFY_SOURCE=2  -c plmd.c -o plmd.o
gcc -I"/usr/share/R/include" -DNDEBUG      -g -O2 -ffile-prefix-map=/build/r-base-rgGXCp/r-base-4.5.0=. -fstack-protector-strong -Wformat -Werror=format-security -Wdate-time -D_FORTIFY_SOURCE=2  -DPACKAGE_NAME=\"\" -DPACKAGE_TARNAME=\"\" -DPACKAGE_VERSION=\"\" -DPACKAGE_STRING=\"\" -DPACKAGE_BUGREPORT=\"\" -DPACKAGE_URL=\"\" -DSTDC_HEADERS=1 -DHAVE_SYS_TYPES_H=1 -DHAVE_SYS_STAT_H=1 -DHAVE_STDLIB_H=1 -DHAVE_STRING_H=1 -DHAVE_MEMORY_H=1 -DHAVE_STRINGS_H=1 -DHAVE_INTTYPES_H=1 -DHAVE_STDINT_H=1 -DHAVE_UNISTD_H=1 -DHAVE_STDLIB_H=1 -DUSE_PTHREADS=1 -fpic  -g -O2 -ffile-prefix-map=/build/r-base-rgGXCp/r-base-4.5.0=. -fstack-protector-strong -Wformat -Werror=format-security -Wdate-time -D_FORTIFY_SOURCE=2  -c plmr.c -o plmr.o
gcc -I"/usr/share/R/include" -DNDEBUG      -g -O2 -ffile-prefix-map=/build/r-base-rgGXCp/r-base-4.5.0=. -fstack-protector-strong -Wformat -Werror=format-security -Wdate-time -D_FORTIFY_SOURCE=2  -DPACKAGE_NAME=\"\" -DPACKAGE_TARNAME=\"\" -DPACKAGE_VERSION=\"\" -DPACKAGE_STRING=\"\" -DPACKAGE_BUGREPORT=\"\" -DPACKAGE_URL=\"\" -DSTDC_HEADERS=1 -DHAVE_SYS_TYPES_H=1 -DHAVE_SYS_STAT_H=1 -DHAVE_STDLIB_H=1 -DHAVE_STRING_H=1 -DHAVE_MEMORY_H=1 -DHAVE_STRINGS_H=1 -DHAVE_INTTYPES_H=1 -DHAVE_STDINT_H=1 -DHAVE_UNISTD_H=1 -DHAVE_STDLIB_H=1 -DUSE_PTHREADS=1 -fpic  -g -O2 -ffile-prefix-map=/build/r-base-rgGXCp/r-base-4.5.0=. -fstack-protector-strong -Wformat -Werror=format-security -Wdate-time -D_FORTIFY_SOURCE=2  -c psi_fns.c -o psi_fns.o
gcc -I"/usr/share/R/include" -DNDEBUG      -g -O2 -ffile-prefix-map=/build/r-base-rgGXCp/r-base-4.5.0=. -fstack-protector-strong -Wformat -Werror=format-security -Wdate-time -D_FORTIFY_SOURCE=2  -DPACKAGE_NAME=\"\" -DPACKAGE_TARNAME=\"\" -DPACKAGE_VERSION=\"\" -DPACKAGE_STRING=\"\" -DPACKAGE_BUGREPORT=\"\" -DPACKAGE_URL=\"\" -DSTDC_HEADERS=1 -DHAVE_SYS_TYPES_H=1 -DHAVE_SYS_STAT_H=1 -DHAVE_STDLIB_H=1 -DHAVE_STRING_H=1 -DHAVE_MEMORY_H=1 -DHAVE_STRINGS_H=1 -DHAVE_INTTYPES_H=1 -DHAVE_STDINT_H=1 -DHAVE_UNISTD_H=1 -DHAVE_STDLIB_H=1 -DUSE_PTHREADS=1 -fpic  -g -O2 -ffile-prefix-map=/build/r-base-rgGXCp/r-base-4.5.0=. -fstack-protector-strong -Wformat -Werror=format-security -Wdate-time -D_FORTIFY_SOURCE=2  -c qnorm.c -o qnorm.o
qnorm.c: In function ‘qnorm_c_l’:
qnorm.c:595:63: warning: format ‘%d’ expects argument of type ‘int’, but argument 2 has type ‘size_t’ {aka ‘long unsigned int’} [-Wformat=]
  595 |          error("ERROR; return code from pthread_join(thread #%d) is %d, exit status for thread was %d\n",
      |                                                              ~^
      |                                                               |
      |                                                               int
      |                                                              %ld
  596 |                i, returnCode, *((int *) status));
      |                ~                                               
      |                |
      |                size_t {aka long unsigned int}
qnorm.c:616:63: warning: format ‘%d’ expects argument of type ‘int’, but argument 2 has type ‘size_t’ {aka ‘long unsigned int’} [-Wformat=]
  616 |          error("ERROR; return code from pthread_join(thread #%d) is %d, exit status for thread was %d\n",
      |                                                              ~^
      |                                                               |
      |                                                               int
      |                                                              %ld
  617 |                i, returnCode, *((int *) status));
      |                ~                                               
      |                |
      |                size_t {aka long unsigned int}
qnorm.c: In function ‘qnorm_c_determine_target_l’:
qnorm.c:2004:63: warning: format ‘%d’ expects argument of type ‘int’, but argument 2 has type ‘size_t’ {aka ‘long unsigned int’} [-Wformat=]
 2004 |          error("ERROR; return code from pthread_join(thread #%d) is %d, exit status for thread was %d\n",
      |                                                              ~^
      |                                                               |
      |                                                               int
      |                                                              %ld
 2005 |                i, returnCode, *((int *) status));
      |                ~                                               
      |                |
      |                size_t {aka long unsigned int}
qnorm.c: In function ‘qnorm_c_determine_target_via_subset_l’:
qnorm.c:2604:63: warning: format ‘%d’ expects argument of type ‘int’, but argument 2 has type ‘size_t’ {aka ‘long unsigned int’} [-Wformat=]
 2604 |          error("ERROR; return code from pthread_join(thread #%d) is %d, exit status for thread was %d\n",
      |                                                              ~^
      |                                                               |
      |                                                               int
      |                                                              %ld
 2605 |                i, returnCode, *((int *) status));
      |                ~                                               
      |                |
      |                size_t {aka long unsigned int}
gcc -I"/usr/share/R/include" -DNDEBUG      -g -O2 -ffile-prefix-map=/build/r-base-rgGXCp/r-base-4.5.0=. -fstack-protector-strong -Wformat -Werror=format-security -Wdate-time -D_FORTIFY_SOURCE=2  -DPACKAGE_NAME=\"\" -DPACKAGE_TARNAME=\"\" -DPACKAGE_VERSION=\"\" -DPACKAGE_STRING=\"\" -DPACKAGE_BUGREPORT=\"\" -DPACKAGE_URL=\"\" -DSTDC_HEADERS=1 -DHAVE_SYS_TYPES_H=1 -DHAVE_SYS_STAT_H=1 -DHAVE_STDLIB_H=1 -DHAVE_STRING_H=1 -DHAVE_MEMORY_H=1 -DHAVE_STRINGS_H=1 -DHAVE_INTTYPES_H=1 -DHAVE_STDINT_H=1 -DHAVE_UNISTD_H=1 -DHAVE_STDLIB_H=1 -DUSE_PTHREADS=1 -fpic  -g -O2 -ffile-prefix-map=/build/r-base-rgGXCp/r-base-4.5.0=. -fstack-protector-strong -Wformat -Werror=format-security -Wdate-time -D_FORTIFY_SOURCE=2  -c rlm.c -o rlm.o
gcc -I"/usr/share/R/include" -DNDEBUG      -g -O2 -ffile-prefix-map=/build/r-base-rgGXCp/r-base-4.5.0=. -fstack-protector-strong -Wformat -Werror=format-security -Wdate-time -D_FORTIFY_SOURCE=2  -DPACKAGE_NAME=\"\" -DPACKAGE_TARNAME=\"\" -DPACKAGE_VERSION=\"\" -DPACKAGE_STRING=\"\" -DPACKAGE_BUGREPORT=\"\" -DPACKAGE_URL=\"\" -DSTDC_HEADERS=1 -DHAVE_SYS_TYPES_H=1 -DHAVE_SYS_STAT_H=1 -DHAVE_STDLIB_H=1 -DHAVE_STRING_H=1 -DHAVE_MEMORY_H=1 -DHAVE_STRINGS_H=1 -DHAVE_INTTYPES_H=1 -DHAVE_STDINT_H=1 -DHAVE_UNISTD_H=1 -DHAVE_STDLIB_H=1 -DUSE_PTHREADS=1 -fpic  -g -O2 -ffile-prefix-map=/build/r-base-rgGXCp/r-base-4.5.0=. -fstack-protector-strong -Wformat -Werror=format-security -Wdate-time -D_FORTIFY_SOURCE=2  -c rlm_anova.c -o rlm_anova.o
gcc -I"/usr/share/R/include" -DNDEBUG      -g -O2 -ffile-prefix-map=/build/r-base-rgGXCp/r-base-4.5.0=. -fstack-protector-strong -Wformat -Werror=format-security -Wdate-time -D_FORTIFY_SOURCE=2  -DPACKAGE_NAME=\"\" -DPACKAGE_TARNAME=\"\" -DPACKAGE_VERSION=\"\" -DPACKAGE_STRING=\"\" -DPACKAGE_BUGREPORT=\"\" -DPACKAGE_URL=\"\" -DSTDC_HEADERS=1 -DHAVE_SYS_TYPES_H=1 -DHAVE_SYS_STAT_H=1 -DHAVE_STDLIB_H=1 -DHAVE_STRING_H=1 -DHAVE_MEMORY_H=1 -DHAVE_STRINGS_H=1 -DHAVE_INTTYPES_H=1 -DHAVE_STDINT_H=1 -DHAVE_UNISTD_H=1 -DHAVE_STDLIB_H=1 -DUSE_PTHREADS=1 -fpic  -g -O2 -ffile-prefix-map=/build/r-base-rgGXCp/r-base-4.5.0=. -fstack-protector-strong -Wformat -Werror=format-security -Wdate-time -D_FORTIFY_SOURCE=2  -c rlm_se.c -o rlm_se.o
gcc -I"/usr/share/R/include" -DNDEBUG      -g -O2 -ffile-prefix-map=/build/r-base-rgGXCp/r-base-4.5.0=. -fstack-protector-strong -Wformat -Werror=format-security -Wdate-time -D_FORTIFY_SOURCE=2  -DPACKAGE_NAME=\"\" -DPACKAGE_TARNAME=\"\" -DPACKAGE_VERSION=\"\" -DPACKAGE_STRING=\"\" -DPACKAGE_BUGREPORT=\"\" -DPACKAGE_URL=\"\" -DSTDC_HEADERS=1 -DHAVE_SYS_TYPES_H=1 -DHAVE_SYS_STAT_H=1 -DHAVE_STDLIB_H=1 -DHAVE_STRING_H=1 -DHAVE_MEMORY_H=1 -DHAVE_STRINGS_H=1 -DHAVE_INTTYPES_H=1 -DHAVE_STDINT_H=1 -DHAVE_UNISTD_H=1 -DHAVE_STDLIB_H=1 -DUSE_PTHREADS=1 -fpic  -g -O2 -ffile-prefix-map=/build/r-base-rgGXCp/r-base-4.5.0=. -fstack-protector-strong -Wformat -Werror=format-security -Wdate-time -D_FORTIFY_SOURCE=2  -c rma_background4.c -o rma_background4.o
gcc -I"/usr/share/R/include" -DNDEBUG      -g -O2 -ffile-prefix-map=/build/r-base-rgGXCp/r-base-4.5.0=. -fstack-protector-strong -Wformat -Werror=format-security -Wdate-time -D_FORTIFY_SOURCE=2  -DPACKAGE_NAME=\"\" -DPACKAGE_TARNAME=\"\" -DPACKAGE_VERSION=\"\" -DPACKAGE_STRING=\"\" -DPACKAGE_BUGREPORT=\"\" -DPACKAGE_URL=\"\" -DSTDC_HEADERS=1 -DHAVE_SYS_TYPES_H=1 -DHAVE_SYS_STAT_H=1 -DHAVE_STDLIB_H=1 -DHAVE_STRING_H=1 -DHAVE_MEMORY_H=1 -DHAVE_STRINGS_H=1 -DHAVE_INTTYPES_H=1 -DHAVE_STDINT_H=1 -DHAVE_UNISTD_H=1 -DHAVE_STDLIB_H=1 -DUSE_PTHREADS=1 -fpic  -g -O2 -ffile-prefix-map=/build/r-base-rgGXCp/r-base-4.5.0=. -fstack-protector-strong -Wformat -Werror=format-security -Wdate-time -D_FORTIFY_SOURCE=2  -c rma_common.c -o rma_common.o
gcc -I"/usr/share/R/include" -DNDEBUG      -g -O2 -ffile-prefix-map=/build/r-base-rgGXCp/r-base-4.5.0=. -fstack-protector-strong -Wformat -Werror=format-security -Wdate-time -D_FORTIFY_SOURCE=2  -DPACKAGE_NAME=\"\" -DPACKAGE_TARNAME=\"\" -DPACKAGE_VERSION=\"\" -DPACKAGE_STRING=\"\" -DPACKAGE_BUGREPORT=\"\" -DPACKAGE_URL=\"\" -DSTDC_HEADERS=1 -DHAVE_SYS_TYPES_H=1 -DHAVE_SYS_STAT_H=1 -DHAVE_STDLIB_H=1 -DHAVE_STRING_H=1 -DHAVE_MEMORY_H=1 -DHAVE_STRINGS_H=1 -DHAVE_INTTYPES_H=1 -DHAVE_STDINT_H=1 -DHAVE_UNISTD_H=1 -DHAVE_STDLIB_H=1 -DUSE_PTHREADS=1 -fpic  -g -O2 -ffile-prefix-map=/build/r-base-rgGXCp/r-base-4.5.0=. -fstack-protector-strong -Wformat -Werror=format-security -Wdate-time -D_FORTIFY_SOURCE=2  -c weightedkerneldensity.c -o weightedkerneldensity.o
gcc -shared -L/usr/lib/R/lib -Wl,-Bsymbolic-functions -flto=auto -ffat-lto-objects -flto=auto -Wl,-z,relro -o preprocessCore.so R_colSummarize.o R_plmd_interfaces.o R_plmr_interfaces.o R_rlm_interfaces.o R_subColSummarize.o R_subrcModel_interfaces.o avg.o avg_log.o biweight.o init_package.o lm.o log_avg.o log_median.o matrix_functions.o median.o median_log.o medianpolish.o plmd.o plmr.o psi_fns.o qnorm.o rlm.o rlm_anova.o rlm_se.o rma_background4.o rma_common.o weightedkerneldensity.o -llapack -lblas -lgfortran -lm -lquadmath -L/usr/lib/R/lib -lR
installing to /usr/local/lib/R/site-library/00LOCK-preprocessCore/00new/preprocessCore/libs
** R
** inst
** byte-compile and prepare package for lazy loading
** help
*** installing help indices
** building package indices
** testing if installed package can be loaded from temporary location
** checking absolute paths in shared objects and dynamic libraries
** testing if installed package can be loaded from final location
** testing if installed package keeps a record of temporary installation path
* creating tarball
packaged installation of ‘preprocessCore’ as ‘preprocessCore_1.70.0_R_x86_64-pc-linux-gnu.tar.gz’
* DONE (preprocessCore)
* installing *source* package ‘bookdown’ ...
** this is package ‘bookdown’ version ‘0.43’
** package ‘bookdown’ successfully unpacked and MD5 sums checked
** using staged installation
** R
** inst
** byte-compile and prepare package for lazy loading
** help
*** installing help indices
*** copying figures
** building package indices
** installing vignettes
** testing if installed package can be loaded from temporary location
** testing if installed package can be loaded from final location
** testing if installed package keeps a record of temporary installation path
* creating tarball
packaged installation of ‘bookdown’ as ‘bookdown_0.43_R_x86_64-pc-linux-gnu.tar.gz’
* DONE (bookdown)
* installing *source* package ‘latex2exp’ ...
** this is package ‘latex2exp’ version ‘0.9.6’
** package ‘latex2exp’ successfully unpacked and MD5 sums checked
** using staged installation
** R
** inst
** byte-compile and prepare package for lazy loading
** help
*** installing help indices
*** copying figures
** building package indices
** installing vignettes
** testing if installed package can be loaded from temporary location
** testing if installed package can be loaded from final location
** testing if installed package keeps a record of temporary installation path
* creating tarball
packaged installation of ‘latex2exp’ as ‘latex2exp_0.9.6_R_x86_64-pc-linux-gnu.tar.gz’
* DONE (latex2exp)
* installing *source* package ‘viridis’ ...
** this is package ‘viridis’ version ‘0.6.5’
** package ‘viridis’ successfully unpacked and MD5 sums checked
** using staged installation
** R
** data
*** moving datasets to lazyload DB
** inst
** byte-compile and prepare package for lazy loading
** help
*** installing help indices
*** copying figures
** building package indices
** installing vignettes
** testing if installed package can be loaded from temporary location
** testing if installed package can be loaded from final location
** testing if installed package keeps a record of temporary installation path
* creating tarball
packaged installation of ‘viridis’ as ‘viridis_0.6.5_R_x86_64-pc-linux-gnu.tar.gz’
* DONE (viridis)
* installing *source* package ‘GO.db’ ...
** this is package ‘GO.db’ version ‘3.21.0’
** using staged installation
** R
** inst
** byte-compile and prepare package for lazy loading
** help
*** installing help indices
** building package indices
** testing if installed package can be loaded from temporary location
** testing if installed package can be loaded from final location
** testing if installed package keeps a record of temporary installation path
* creating tarball
packaged installation of ‘GO.db’ as ‘GO.db_3.21.0_R_x86_64-pc-linux-gnu.tar.gz’
* DONE (GO.db)
* installing *source* package ‘org.Hs.eg.db’ ...
** this is package ‘org.Hs.eg.db’ version ‘3.21.0’
** using staged installation
** R
** inst
** byte-compile and prepare package for lazy loading
** help
*** installing help indices
** building package indices
** testing if installed package can be loaded from temporary location
** testing if installed package can be loaded from final location
** testing if installed package keeps a record of temporary installation path
* creating tarball
packaged installation of ‘org.Hs.eg.db’ as ‘org.Hs.eg.db_3.21.0_R_x86_64-pc-linux-gnu.tar.gz’
* DONE (org.Hs.eg.db)
* installing *source* package ‘minpack.lm’ ...
** this is package ‘minpack.lm’ version ‘1.2-4’
** package ‘minpack.lm’ successfully unpacked and MD5 sums checked
** using staged installation
** libs
using C compiler: ‘gcc (Ubuntu 11.4.0-1ubuntu1~22.04) 11.4.0’
using Fortran compiler: ‘GNU Fortran (Ubuntu 11.4.0-1ubuntu1~22.04) 11.4.0’
gfortran  -fpic  -g -O2 -ffile-prefix-map=/build/r-base-rgGXCp/r-base-4.5.0=. -fstack-protector-strong  -c chkder.f -o chkder.o
gfortran  -fpic  -g -O2 -ffile-prefix-map=/build/r-base-rgGXCp/r-base-4.5.0=. -fstack-protector-strong  -c dogleg.f -o dogleg.o
gfortran  -fpic  -g -O2 -ffile-prefix-map=/build/r-base-rgGXCp/r-base-4.5.0=. -fstack-protector-strong  -c dpmpar.f -o dpmpar.o
gfortran  -fpic  -g -O2 -ffile-prefix-map=/build/r-base-rgGXCp/r-base-4.5.0=. -fstack-protector-strong  -c enorm.f -o enorm.o
gcc -I"/usr/share/R/include" -DNDEBUG       -fpic  -g -O2 -ffile-prefix-map=/build/r-base-rgGXCp/r-base-4.5.0=. -fstack-protector-strong -Wformat -Werror=format-security -Wdate-time -D_FORTIFY_SOURCE=2  -c fcn_lmder.c -o fcn_lmder.o
gcc -I"/usr/share/R/include" -DNDEBUG       -fpic  -g -O2 -ffile-prefix-map=/build/r-base-rgGXCp/r-base-4.5.0=. -fstack-protector-strong -Wformat -Werror=format-security -Wdate-time -D_FORTIFY_SOURCE=2  -c fcn_lmdif.c -o fcn_lmdif.o
gcc -I"/usr/share/R/include" -DNDEBUG       -fpic  -g -O2 -ffile-prefix-map=/build/r-base-rgGXCp/r-base-4.5.0=. -fstack-protector-strong -Wformat -Werror=format-security -Wdate-time -D_FORTIFY_SOURCE=2  -c fcn_message.c -o fcn_message.o
gfortran  -fpic  -g -O2 -ffile-prefix-map=/build/r-base-rgGXCp/r-base-4.5.0=. -fstack-protector-strong  -c fdjac2.f -o fdjac2.o
gcc -I"/usr/share/R/include" -DNDEBUG       -fpic  -g -O2 -ffile-prefix-map=/build/r-base-rgGXCp/r-base-4.5.0=. -fstack-protector-strong -Wformat -Werror=format-security -Wdate-time -D_FORTIFY_SOURCE=2  -c get_element.c -o get_element.o
gcc -I"/usr/share/R/include" -DNDEBUG       -fpic  -g -O2 -ffile-prefix-map=/build/r-base-rgGXCp/r-base-4.5.0=. -fstack-protector-strong -Wformat -Werror=format-security -Wdate-time -D_FORTIFY_SOURCE=2  -c init.c -o init.o
gfortran  -fpic  -g -O2 -ffile-prefix-map=/build/r-base-rgGXCp/r-base-4.5.0=. -fstack-protector-strong  -c lmder.f -o lmder.o
gfortran  -fpic  -g -O2 -ffile-prefix-map=/build/r-base-rgGXCp/r-base-4.5.0=. -fstack-protector-strong  -c lmdif.f -o lmdif.o
gfortran  -fpic  -g -O2 -ffile-prefix-map=/build/r-base-rgGXCp/r-base-4.5.0=. -fstack-protector-strong  -c lmpar.f -o lmpar.o
gcc -I"/usr/share/R/include" -DNDEBUG       -fpic  -g -O2 -ffile-prefix-map=/build/r-base-rgGXCp/r-base-4.5.0=. -fstack-protector-strong -Wformat -Werror=format-security -Wdate-time -D_FORTIFY_SOURCE=2  -c nls_lm.c -o nls_lm.o
gcc -I"/usr/share/R/include" -DNDEBUG       -fpic  -g -O2 -ffile-prefix-map=/build/r-base-rgGXCp/r-base-4.5.0=. -fstack-protector-strong -Wformat -Werror=format-security -Wdate-time -D_FORTIFY_SOURCE=2  -c prod.c -o prod.o
gfortran  -fpic  -g -O2 -ffile-prefix-map=/build/r-base-rgGXCp/r-base-4.5.0=. -fstack-protector-strong  -c qform.f -o qform.o
gfortran  -fpic  -g -O2 -ffile-prefix-map=/build/r-base-rgGXCp/r-base-4.5.0=. -fstack-protector-strong  -c qrfac.f -o qrfac.o
gfortran  -fpic  -g -O2 -ffile-prefix-map=/build/r-base-rgGXCp/r-base-4.5.0=. -fstack-protector-strong  -c qrsolv.f -o qrsolv.o
gfortran  -fpic  -g -O2 -ffile-prefix-map=/build/r-base-rgGXCp/r-base-4.5.0=. -fstack-protector-strong  -c r1mpyq.f -o r1mpyq.o
gfortran  -fpic  -g -O2 -ffile-prefix-map=/build/r-base-rgGXCp/r-base-4.5.0=. -fstack-protector-strong  -c r1updt.f -o r1updt.o
gfortran  -fpic  -g -O2 -ffile-prefix-map=/build/r-base-rgGXCp/r-base-4.5.0=. -fstack-protector-strong  -c rwupdt.f -o rwupdt.o
gcc -I"/usr/share/R/include" -DNDEBUG       -fpic  -g -O2 -ffile-prefix-map=/build/r-base-rgGXCp/r-base-4.5.0=. -fstack-protector-strong -Wformat -Werror=format-security -Wdate-time -D_FORTIFY_SOURCE=2  -c transpose.c -o transpose.o
gcc -I"/usr/share/R/include" -DNDEBUG       -fpic  -g -O2 -ffile-prefix-map=/build/r-base-rgGXCp/r-base-4.5.0=. -fstack-protector-strong -Wformat -Werror=format-security -Wdate-time -D_FORTIFY_SOURCE=2  -c vector.c -o vector.o
gcc -shared -L/usr/lib/R/lib -Wl,-Bsymbolic-functions -flto=auto -ffat-lto-objects -flto=auto -Wl,-z,relro -o minpack.lm.so chkder.o dogleg.o dpmpar.o enorm.o fcn_lmder.o fcn_lmdif.o fcn_message.o fdjac2.o get_element.o init.o lmder.o lmdif.o lmpar.o nls_lm.o prod.o qform.o qrfac.o qrsolv.o r1mpyq.o r1updt.o rwupdt.o transpose.o vector.o -llapack -lblas -lgfortran -lm -lquadmath -lgfortran -lm -lquadmath -L/usr/lib/R/lib -lR
installing to /usr/local/lib/R/site-library/00LOCK-minpack.lm/00new/minpack.lm/libs
** R
** inst
** byte-compile and prepare package for lazy loading
** help
*** installing help indices
** building package indices
** testing if installed package can be loaded from temporary location
** checking absolute paths in shared objects and dynamic libraries
** testing if installed package can be loaded from final location
** testing if installed package keeps a record of temporary installation path
* creating tarball
packaged installation of ‘minpack.lm’ as ‘minpack.lm_1.2-4_R_x86_64-pc-linux-gnu.tar.gz’
* DONE (minpack.lm)
* installing *source* package ‘magick’ ...
** this is package ‘magick’ version ‘2.8.6’
** package ‘magick’ successfully unpacked and MD5 sums checked
** using staged installation
Found pkg-config cflags and libs!
Using PKG_CFLAGS=-I/usr/include/x86_64-linux-gnu/ImageMagick-6 -I/usr/include/ImageMagick-6 -fopenmp -DMAGICKCORE_HDRI_ENABLE=0 -DMAGICKCORE_QUANTUM_DEPTH=16 
Using PKG_LIBS=-lMagick++-6.Q16 -lMagickWand-6.Q16 -lMagickCore-6.Q16 
** libs
using C++ compiler: ‘g++ (Ubuntu 11.4.0-1ubuntu1~22.04) 11.4.0’
g++ -std=gnu++17 -I"/usr/share/R/include" -DNDEBUG -I/usr/include/x86_64-linux-gnu/ImageMagick-6 -I/usr/include/ImageMagick-6 -fopenmp -DMAGICKCORE_HDRI_ENABLE=0 -DMAGICKCORE_QUANTUM_DEPTH=16  -I'/usr/local/lib/R/site-library/Rcpp/include'    -fvisibility=hidden -fpic  -g -O2 -ffile-prefix-map=/build/r-base-rgGXCp/r-base-4.5.0=. -fstack-protector-strong -Wformat -Werror=format-security -Wdate-time -D_FORTIFY_SOURCE=2   -c RcppExports.cpp -o RcppExports.o
g++ -std=gnu++17 -I"/usr/share/R/include" -DNDEBUG -I/usr/include/x86_64-linux-gnu/ImageMagick-6 -I/usr/include/ImageMagick-6 -fopenmp -DMAGICKCORE_HDRI_ENABLE=0 -DMAGICKCORE_QUANTUM_DEPTH=16  -I'/usr/local/lib/R/site-library/Rcpp/include'    -fvisibility=hidden -fpic  -g -O2 -ffile-prefix-map=/build/r-base-rgGXCp/r-base-4.5.0=. -fstack-protector-strong -Wformat -Werror=format-security -Wdate-time -D_FORTIFY_SOURCE=2   -c animation.cpp -o animation.o
g++ -std=gnu++17 -I"/usr/share/R/include" -DNDEBUG -I/usr/include/x86_64-linux-gnu/ImageMagick-6 -I/usr/include/ImageMagick-6 -fopenmp -DMAGICKCORE_HDRI_ENABLE=0 -DMAGICKCORE_QUANTUM_DEPTH=16  -I'/usr/local/lib/R/site-library/Rcpp/include'    -fvisibility=hidden -fpic  -g -O2 -ffile-prefix-map=/build/r-base-rgGXCp/r-base-4.5.0=. -fstack-protector-strong -Wformat -Werror=format-security -Wdate-time -D_FORTIFY_SOURCE=2   -c attributes.cpp -o attributes.o
g++ -std=gnu++17 -I"/usr/share/R/include" -DNDEBUG -I/usr/include/x86_64-linux-gnu/ImageMagick-6 -I/usr/include/ImageMagick-6 -fopenmp -DMAGICKCORE_HDRI_ENABLE=0 -DMAGICKCORE_QUANTUM_DEPTH=16  -I'/usr/local/lib/R/site-library/Rcpp/include'    -fvisibility=hidden -fpic  -g -O2 -ffile-prefix-map=/build/r-base-rgGXCp/r-base-4.5.0=. -fstack-protector-strong -Wformat -Werror=format-security -Wdate-time -D_FORTIFY_SOURCE=2   -c base.cpp -o base.o
g++ -std=gnu++17 -I"/usr/share/R/include" -DNDEBUG -I/usr/include/x86_64-linux-gnu/ImageMagick-6 -I/usr/include/ImageMagick-6 -fopenmp -DMAGICKCORE_HDRI_ENABLE=0 -DMAGICKCORE_QUANTUM_DEPTH=16  -I'/usr/local/lib/R/site-library/Rcpp/include'    -fvisibility=hidden -fpic  -g -O2 -ffile-prefix-map=/build/r-base-rgGXCp/r-base-4.5.0=. -fstack-protector-strong -Wformat -Werror=format-security -Wdate-time -D_FORTIFY_SOURCE=2   -c color.cpp -o color.o
g++ -std=gnu++17 -I"/usr/share/R/include" -DNDEBUG -I/usr/include/x86_64-linux-gnu/ImageMagick-6 -I/usr/include/ImageMagick-6 -fopenmp -DMAGICKCORE_HDRI_ENABLE=0 -DMAGICKCORE_QUANTUM_DEPTH=16  -I'/usr/local/lib/R/site-library/Rcpp/include'    -fvisibility=hidden -fpic  -g -O2 -ffile-prefix-map=/build/r-base-rgGXCp/r-base-4.5.0=. -fstack-protector-strong -Wformat -Werror=format-security -Wdate-time -D_FORTIFY_SOURCE=2   -c composite.cpp -o composite.o
g++ -std=gnu++17 -I"/usr/share/R/include" -DNDEBUG -I/usr/include/x86_64-linux-gnu/ImageMagick-6 -I/usr/include/ImageMagick-6 -fopenmp -DMAGICKCORE_HDRI_ENABLE=0 -DMAGICKCORE_QUANTUM_DEPTH=16  -I'/usr/local/lib/R/site-library/Rcpp/include'    -fvisibility=hidden -fpic  -g -O2 -ffile-prefix-map=/build/r-base-rgGXCp/r-base-4.5.0=. -fstack-protector-strong -Wformat -Werror=format-security -Wdate-time -D_FORTIFY_SOURCE=2   -c config.cc -o config.o
g++ -std=gnu++17 -I"/usr/share/R/include" -DNDEBUG -I/usr/include/x86_64-linux-gnu/ImageMagick-6 -I/usr/include/ImageMagick-6 -fopenmp -DMAGICKCORE_HDRI_ENABLE=0 -DMAGICKCORE_QUANTUM_DEPTH=16  -I'/usr/local/lib/R/site-library/Rcpp/include'    -fvisibility=hidden -fpic  -g -O2 -ffile-prefix-map=/build/r-base-rgGXCp/r-base-4.5.0=. -fstack-protector-strong -Wformat -Werror=format-security -Wdate-time -D_FORTIFY_SOURCE=2   -c convolve.cpp -o convolve.o
g++ -std=gnu++17 -I"/usr/share/R/include" -DNDEBUG -I/usr/include/x86_64-linux-gnu/ImageMagick-6 -I/usr/include/ImageMagick-6 -fopenmp -DMAGICKCORE_HDRI_ENABLE=0 -DMAGICKCORE_QUANTUM_DEPTH=16  -I'/usr/local/lib/R/site-library/Rcpp/include'    -fvisibility=hidden -fpic  -g -O2 -ffile-prefix-map=/build/r-base-rgGXCp/r-base-4.5.0=. -fstack-protector-strong -Wformat -Werror=format-security -Wdate-time -D_FORTIFY_SOURCE=2   -c device.cpp -o device.o
g++ -std=gnu++17 -I"/usr/share/R/include" -DNDEBUG -I/usr/include/x86_64-linux-gnu/ImageMagick-6 -I/usr/include/ImageMagick-6 -fopenmp -DMAGICKCORE_HDRI_ENABLE=0 -DMAGICKCORE_QUANTUM_DEPTH=16  -I'/usr/local/lib/R/site-library/Rcpp/include'    -fvisibility=hidden -fpic  -g -O2 -ffile-prefix-map=/build/r-base-rgGXCp/r-base-4.5.0=. -fstack-protector-strong -Wformat -Werror=format-security -Wdate-time -D_FORTIFY_SOURCE=2   -c edges.cpp -o edges.o
g++ -std=gnu++17 -I"/usr/share/R/include" -DNDEBUG -I/usr/include/x86_64-linux-gnu/ImageMagick-6 -I/usr/include/ImageMagick-6 -fopenmp -DMAGICKCORE_HDRI_ENABLE=0 -DMAGICKCORE_QUANTUM_DEPTH=16  -I'/usr/local/lib/R/site-library/Rcpp/include'    -fvisibility=hidden -fpic  -g -O2 -ffile-prefix-map=/build/r-base-rgGXCp/r-base-4.5.0=. -fstack-protector-strong -Wformat -Werror=format-security -Wdate-time -D_FORTIFY_SOURCE=2   -c edit.cpp -o edit.o
g++ -std=gnu++17 -I"/usr/share/R/include" -DNDEBUG -I/usr/include/x86_64-linux-gnu/ImageMagick-6 -I/usr/include/ImageMagick-6 -fopenmp -DMAGICKCORE_HDRI_ENABLE=0 -DMAGICKCORE_QUANTUM_DEPTH=16  -I'/usr/local/lib/R/site-library/Rcpp/include'    -fvisibility=hidden -fpic  -g -O2 -ffile-prefix-map=/build/r-base-rgGXCp/r-base-4.5.0=. -fstack-protector-strong -Wformat -Werror=format-security -Wdate-time -D_FORTIFY_SOURCE=2   -c fonts.cpp -o fonts.o
g++ -std=gnu++17 -I"/usr/share/R/include" -DNDEBUG -I/usr/include/x86_64-linux-gnu/ImageMagick-6 -I/usr/include/ImageMagick-6 -fopenmp -DMAGICKCORE_HDRI_ENABLE=0 -DMAGICKCORE_QUANTUM_DEPTH=16  -I'/usr/local/lib/R/site-library/Rcpp/include'    -fvisibility=hidden -fpic  -g -O2 -ffile-prefix-map=/build/r-base-rgGXCp/r-base-4.5.0=. -fstack-protector-strong -Wformat -Werror=format-security -Wdate-time -D_FORTIFY_SOURCE=2   -c options.cpp -o options.o
g++ -std=gnu++17 -I"/usr/share/R/include" -DNDEBUG -I/usr/include/x86_64-linux-gnu/ImageMagick-6 -I/usr/include/ImageMagick-6 -fopenmp -DMAGICKCORE_HDRI_ENABLE=0 -DMAGICKCORE_QUANTUM_DEPTH=16  -I'/usr/local/lib/R/site-library/Rcpp/include'    -fvisibility=hidden -fpic  -g -O2 -ffile-prefix-map=/build/r-base-rgGXCp/r-base-4.5.0=. -fstack-protector-strong -Wformat -Werror=format-security -Wdate-time -D_FORTIFY_SOURCE=2   -c properties.cpp -o properties.o
g++ -std=gnu++17 -I"/usr/share/R/include" -DNDEBUG -I/usr/include/x86_64-linux-gnu/ImageMagick-6 -I/usr/include/ImageMagick-6 -fopenmp -DMAGICKCORE_HDRI_ENABLE=0 -DMAGICKCORE_QUANTUM_DEPTH=16  -I'/usr/local/lib/R/site-library/Rcpp/include'    -fvisibility=hidden -fpic  -g -O2 -ffile-prefix-map=/build/r-base-rgGXCp/r-base-4.5.0=. -fstack-protector-strong -Wformat -Werror=format-security -Wdate-time -D_FORTIFY_SOURCE=2   -c resize.cpp -o resize.o
g++ -std=gnu++17 -I"/usr/share/R/include" -DNDEBUG -I/usr/include/x86_64-linux-gnu/ImageMagick-6 -I/usr/include/ImageMagick-6 -fopenmp -DMAGICKCORE_HDRI_ENABLE=0 -DMAGICKCORE_QUANTUM_DEPTH=16  -I'/usr/local/lib/R/site-library/Rcpp/include'    -fvisibility=hidden -fpic  -g -O2 -ffile-prefix-map=/build/r-base-rgGXCp/r-base-4.5.0=. -fstack-protector-strong -Wformat -Werror=format-security -Wdate-time -D_FORTIFY_SOURCE=2   -c segment.cpp -o segment.o
g++ -std=gnu++17 -I"/usr/share/R/include" -DNDEBUG -I/usr/include/x86_64-linux-gnu/ImageMagick-6 -I/usr/include/ImageMagick-6 -fopenmp -DMAGICKCORE_HDRI_ENABLE=0 -DMAGICKCORE_QUANTUM_DEPTH=16  -I'/usr/local/lib/R/site-library/Rcpp/include'    -fvisibility=hidden -fpic  -g -O2 -ffile-prefix-map=/build/r-base-rgGXCp/r-base-4.5.0=. -fstack-protector-strong -Wformat -Werror=format-security -Wdate-time -D_FORTIFY_SOURCE=2   -c transformations.cpp -o transformations.o
g++ -std=gnu++17 -shared -L/usr/lib/R/lib -Wl,-Bsymbolic-functions -flto=auto -ffat-lto-objects -flto=auto -Wl,-z,relro -o magick.so RcppExports.o animation.o attributes.o base.o color.o composite.o config.o convolve.o device.o edges.o edit.o fonts.o options.o properties.o resize.o segment.o transformations.o -lMagick++-6.Q16 -lMagickWand-6.Q16 -lMagickCore-6.Q16 -L/usr/lib/R/lib -lR
installing to /usr/local/lib/R/site-library/00LOCK-magick/00new/magick/libs
** R
** inst
** byte-compile and prepare package for lazy loading
** help
*** installing help indices
** building package indices
** installing vignettes
** testing if installed package can be loaded from temporary location
** checking absolute paths in shared objects and dynamic libraries
** testing if installed package can be loaded from final location
** testing if installed package keeps a record of temporary installation path
* creating tarball
packaged installation of ‘magick’ as ‘magick_2.8.6_R_x86_64-pc-linux-gnu.tar.gz’
* DONE (magick)
* installing *source* package ‘igraphdata’ ...
** this is package ‘igraphdata’ version ‘1.0.1’
** package ‘igraphdata’ successfully unpacked and MD5 sums checked
** using staged installation
** data
** inst
** help
*** installing help indices
** building package indices
** testing if installed package can be loaded from temporary location
** testing if installed package can be loaded from final location
** testing if installed package keeps a record of temporary installation path
* creating tarball
packaged installation of ‘igraphdata’ as ‘igraphdata_1.0.1_R_x86_64-pc-linux-gnu.tar.gz’
* DONE (igraphdata)
* installing *source* package ‘vdiffr’ ...
** this is package ‘vdiffr’ version ‘1.0.8’
** package ‘vdiffr’ successfully unpacked and MD5 sums checked
** using staged installation
** libs
using C++ compiler: ‘g++ (Ubuntu 11.4.0-1ubuntu1~22.04) 11.4.0’
using C++11
g++ -std=gnu++11 -I"/usr/share/R/include" -DNDEBUG  -I'/usr/local/lib/R/site-library/cpp11/include'     -fpic  -g -O2 -ffile-prefix-map=/build/r-base-rgGXCp/r-base-4.5.0=. -fstack-protector-strong -Wformat -Werror=format-security -Wdate-time -D_FORTIFY_SOURCE=2   -c compare.cpp -o compare.o
g++ -std=gnu++11 -I"/usr/share/R/include" -DNDEBUG  -I'/usr/local/lib/R/site-library/cpp11/include'     -fpic  -g -O2 -ffile-prefix-map=/build/r-base-rgGXCp/r-base-4.5.0=. -fstack-protector-strong -Wformat -Werror=format-security -Wdate-time -D_FORTIFY_SOURCE=2   -c cpp11.cpp -o cpp11.o
g++ -std=gnu++11 -I"/usr/share/R/include" -DNDEBUG  -I'/usr/local/lib/R/site-library/cpp11/include'     -fpic  -g -O2 -ffile-prefix-map=/build/r-base-rgGXCp/r-base-4.5.0=. -fstack-protector-strong -Wformat -Werror=format-security -Wdate-time -D_FORTIFY_SOURCE=2   -c devSVG.cpp -o devSVG.o
g++ -std=gnu++11 -I"/usr/share/R/include" -DNDEBUG  -I'/usr/local/lib/R/site-library/cpp11/include'     -fpic  -g -O2 -ffile-prefix-map=/build/r-base-rgGXCp/r-base-4.5.0=. -fstack-protector-strong -Wformat -Werror=format-security -Wdate-time -D_FORTIFY_SOURCE=2   -c engine_version.cpp -o engine_version.o
g++ -std=gnu++11 -shared -L/usr/lib/R/lib -Wl,-Bsymbolic-functions -flto=auto -ffat-lto-objects -flto=auto -Wl,-z,relro -o vdiffr.so compare.o cpp11.o devSVG.o engine_version.o -lpng -lz -L/usr/lib/R/lib -lR
installing to /usr/local/lib/R/site-library/00LOCK-vdiffr/00new/vdiffr/libs
** R
** inst
** byte-compile and prepare package for lazy loading
** help
*** installing help indices
*** copying figures
** building package indices
** testing if installed package can be loaded from temporary location
** checking absolute paths in shared objects and dynamic libraries
** testing if installed package can be loaded from final location
** testing if installed package keeps a record of temporary installation path
* creating tarball
packaged installation of ‘vdiffr’ as ‘vdiffr_1.0.8_R_x86_64-pc-linux-gnu.tar.gz’
* DONE (vdiffr)
* installing *source* package ‘pander’ ...
** this is package ‘pander’ version ‘0.6.6’
** package ‘pander’ successfully unpacked and MD5 sums checked
** using staged installation
** libs
using C++ compiler: ‘g++ (Ubuntu 11.4.0-1ubuntu1~22.04) 11.4.0’
g++ -std=gnu++17 -I"/usr/share/R/include" -DNDEBUG  -I'/usr/local/lib/R/site-library/Rcpp/include'     -fpic  -g -O2 -ffile-prefix-map=/build/r-base-rgGXCp/r-base-4.5.0=. -fstack-protector-strong -Wformat -Werror=format-security -Wdate-time -D_FORTIFY_SOURCE=2   -c RcppExports.cpp -o RcppExports.o
g++ -std=gnu++17 -I"/usr/share/R/include" -DNDEBUG  -I'/usr/local/lib/R/site-library/Rcpp/include'     -fpic  -g -O2 -ffile-prefix-map=/build/r-base-rgGXCp/r-base-4.5.0=. -fstack-protector-strong -Wformat -Werror=format-security -Wdate-time -D_FORTIFY_SOURCE=2   -c helpers.cpp -o helpers.o
g++ -std=gnu++17 -I"/usr/share/R/include" -DNDEBUG  -I'/usr/local/lib/R/site-library/Rcpp/include'     -fpic  -g -O2 -ffile-prefix-map=/build/r-base-rgGXCp/r-base-4.5.0=. -fstack-protector-strong -Wformat -Werror=format-security -Wdate-time -D_FORTIFY_SOURCE=2   -c pandoc.cpp -o pandoc.o
g++ -std=gnu++17 -shared -L/usr/lib/R/lib -Wl,-Bsymbolic-functions -flto=auto -ffat-lto-objects -flto=auto -Wl,-z,relro -o pander.so RcppExports.o helpers.o pandoc.o -L/usr/lib/R/lib -lR
installing to /usr/local/lib/R/site-library/00LOCK-pander/00new/pander/libs
** R
** inst
** byte-compile and prepare package for lazy loading
** help
*** installing help indices
** building package indices
** installing vignettes
** testing if installed package can be loaded from temporary location
** checking absolute paths in shared objects and dynamic libraries
** testing if installed package can be loaded from final location
** testing if installed package keeps a record of temporary installation path
* creating tarball
packaged installation of ‘pander’ as ‘pander_0.6.6_R_x86_64-pc-linux-gnu.tar.gz’
* DONE (pander)
* installing *source* package ‘randomcoloR’ ...
** this is package ‘randomcoloR’ version ‘1.1.0.1’
** package ‘randomcoloR’ successfully unpacked and MD5 sums checked
** using staged installation
** R
** inst
** byte-compile and prepare package for lazy loading
** help
*** installing help indices
** building package indices
** testing if installed package can be loaded from temporary location
** testing if installed package can be loaded from final location
** testing if installed package keeps a record of temporary installation path
* creating tarball
packaged installation of ‘randomcoloR’ as ‘randomcoloR_1.1.0.1_R_x86_64-pc-linux-gnu.tar.gz’
* DONE (randomcoloR)
* installing *source* package ‘htmlTable’ ...
** this is package ‘htmlTable’ version ‘2.4.3’
** package ‘htmlTable’ successfully unpacked and MD5 sums checked
** using staged installation
** R
** data
** inst
** byte-compile and prepare package for lazy loading
** help
*** installing help indices
** building package indices
** installing vignettes
** testing if installed package can be loaded from temporary location
** testing if installed package can be loaded from final location
** testing if installed package keeps a record of temporary installation path
* creating tarball
packaged installation of ‘htmlTable’ as ‘htmlTable_2.4.3_R_x86_64-pc-linux-gnu.tar.gz’
* DONE (htmlTable)
* installing *source* package ‘foreach’ ...
** this is package ‘foreach’ version ‘1.5.2’
** package ‘foreach’ successfully unpacked and MD5 sums checked
** using staged installation
** R
** demo
** inst
** byte-compile and prepare package for lazy loading
** help
*** installing help indices
** building package indices
** installing vignettes
** testing if installed package can be loaded from temporary location
** testing if installed package can be loaded from final location
** testing if installed package keeps a record of temporary installation path
* creating tarball
packaged installation of ‘foreach’ as ‘foreach_1.5.2_R_x86_64-pc-linux-gnu.tar.gz’
* DONE (foreach)
* installing *source* package ‘poweRlaw’ ...
** this is package ‘poweRlaw’ version ‘1.0.0’
** package ‘poweRlaw’ successfully unpacked and MD5 sums checked
** using staged installation
** R
** data
** demo
** inst
** byte-compile and prepare package for lazy loading
** help
*** installing help indices
*** copying figures
** building package indices
** installing vignettes
** testing if installed package can be loaded from temporary location
** testing if installed package can be loaded from final location
** testing if installed package keeps a record of temporary installation path
* creating tarball
packaged installation of ‘poweRlaw’ as ‘poweRlaw_1.0.0_R_x86_64-pc-linux-gnu.tar.gz’
* DONE (poweRlaw)
* installing *source* package ‘Rdpack’ ...
** this is package ‘Rdpack’ version ‘2.6.4’
** package ‘Rdpack’ successfully unpacked and MD5 sums checked
** using staged installation
** R
** inst
** byte-compile and prepare package for lazy loading
** help
*** installing help indices
** building package indices
** installing vignettes
** testing if installed package can be loaded from temporary location
** testing if installed package can be loaded from final location
** testing if installed package keeps a record of temporary installation path
* creating tarball
packaged installation of ‘Rdpack’ as ‘Rdpack_2.6.4_R_x86_64-pc-linux-gnu.tar.gz’
* DONE (Rdpack)
* installing *source* package ‘fgsea’ ...
** this is package ‘fgsea’ version ‘1.34.0’
** using staged installation
** libs
using C++ compiler: ‘g++ (Ubuntu 11.4.0-1ubuntu1~22.04) 11.4.0’
g++ -std=gnu++17 -I"/usr/share/R/include" -DNDEBUG  -I'/usr/local/lib/R/site-library/Rcpp/include' -I'/usr/local/lib/R/site-library/BH/include'     -fpic  -g -O2 -ffile-prefix-map=/build/r-base-rgGXCp/r-base-4.5.0=. -fstack-protector-strong -Wformat -Werror=format-security -Wdate-time -D_FORTIFY_SOURCE=2   -c RcppExports.cpp -o RcppExports.o
g++ -std=gnu++17 -I"/usr/share/R/include" -DNDEBUG  -I'/usr/local/lib/R/site-library/Rcpp/include' -I'/usr/local/lib/R/site-library/BH/include'     -fpic  -g -O2 -ffile-prefix-map=/build/r-base-rgGXCp/r-base-4.5.0=. -fstack-protector-strong -Wformat -Werror=format-security -Wdate-time -D_FORTIFY_SOURCE=2   -c ScoreCalculation.cpp -o ScoreCalculation.o
g++ -std=gnu++17 -I"/usr/share/R/include" -DNDEBUG  -I'/usr/local/lib/R/site-library/Rcpp/include' -I'/usr/local/lib/R/site-library/BH/include'     -fpic  -g -O2 -ffile-prefix-map=/build/r-base-rgGXCp/r-base-4.5.0=. -fstack-protector-strong -Wformat -Werror=format-security -Wdate-time -D_FORTIFY_SOURCE=2   -c ScoreRuler.cpp -o ScoreRuler.o
g++ -std=gnu++17 -I"/usr/share/R/include" -DNDEBUG  -I'/usr/local/lib/R/site-library/Rcpp/include' -I'/usr/local/lib/R/site-library/BH/include'     -fpic  -g -O2 -ffile-prefix-map=/build/r-base-rgGXCp/r-base-4.5.0=. -fstack-protector-strong -Wformat -Werror=format-security -Wdate-time -D_FORTIFY_SOURCE=2   -c esCalculation.cpp -o esCalculation.o
g++ -std=gnu++17 -I"/usr/share/R/include" -DNDEBUG  -I'/usr/local/lib/R/site-library/Rcpp/include' -I'/usr/local/lib/R/site-library/BH/include'     -fpic  -g -O2 -ffile-prefix-map=/build/r-base-rgGXCp/r-base-4.5.0=. -fstack-protector-strong -Wformat -Werror=format-security -Wdate-time -D_FORTIFY_SOURCE=2   -c fastGSEA.cpp -o fastGSEA.o
g++ -std=gnu++17 -I"/usr/share/R/include" -DNDEBUG  -I'/usr/local/lib/R/site-library/Rcpp/include' -I'/usr/local/lib/R/site-library/BH/include'     -fpic  -g -O2 -ffile-prefix-map=/build/r-base-rgGXCp/r-base-4.5.0=. -fstack-protector-strong -Wformat -Werror=format-security -Wdate-time -D_FORTIFY_SOURCE=2   -c fgseaMultilevel.cpp -o fgseaMultilevel.o
g++ -std=gnu++17 -I"/usr/share/R/include" -DNDEBUG  -I'/usr/local/lib/R/site-library/Rcpp/include' -I'/usr/local/lib/R/site-library/BH/include'     -fpic  -g -O2 -ffile-prefix-map=/build/r-base-rgGXCp/r-base-4.5.0=. -fstack-protector-strong -Wformat -Werror=format-security -Wdate-time -D_FORTIFY_SOURCE=2   -c fgseaMultilevelSupplement.cpp -o fgseaMultilevelSupplement.o
g++ -std=gnu++17 -I"/usr/share/R/include" -DNDEBUG  -I'/usr/local/lib/R/site-library/Rcpp/include' -I'/usr/local/lib/R/site-library/BH/include'     -fpic  -g -O2 -ffile-prefix-map=/build/r-base-rgGXCp/r-base-4.5.0=. -fstack-protector-strong -Wformat -Werror=format-security -Wdate-time -D_FORTIFY_SOURCE=2   -c geseca.cpp -o geseca.o
g++ -std=gnu++17 -I"/usr/share/R/include" -DNDEBUG  -I'/usr/local/lib/R/site-library/Rcpp/include' -I'/usr/local/lib/R/site-library/BH/include'     -fpic  -g -O2 -ffile-prefix-map=/build/r-base-rgGXCp/r-base-4.5.0=. -fstack-protector-strong -Wformat -Werror=format-security -Wdate-time -D_FORTIFY_SOURCE=2   -c util.cpp -o util.o
g++ -std=gnu++17 -shared -L/usr/lib/R/lib -Wl,-Bsymbolic-functions -flto=auto -ffat-lto-objects -flto=auto -Wl,-z,relro -o fgsea.so RcppExports.o ScoreCalculation.o ScoreRuler.o esCalculation.o fastGSEA.o fgseaMultilevel.o fgseaMultilevelSupplement.o geseca.o util.o -L/usr/lib/R/lib -lR
installing to /usr/local/lib/R/site-library/00LOCK-fgsea/00new/fgsea/libs
** R
** data
*** moving datasets to lazyload DB
** inst
** byte-compile and prepare package for lazy loading
** help
*** installing help indices
** building package indices
** installing vignettes
** testing if installed package can be loaded from temporary location
** checking absolute paths in shared objects and dynamic libraries
** testing if installed package can be loaded from final location
** testing if installed package keeps a record of temporary installation path
* creating tarball
packaged installation of ‘fgsea’ as ‘fgsea_1.34.0_R_x86_64-pc-linux-gnu.tar.gz’
* DONE (fgsea)
* installing *source* package ‘BiocStyle’ ...
** this is package ‘BiocStyle’ version ‘2.36.0’
** using staged installation
** R
** inst
** byte-compile and prepare package for lazy loading
** help
*** installing help indices
** building package indices
** installing vignettes
** testing if installed package can be loaded from temporary location
** testing if installed package can be loaded from final location
** testing if installed package keeps a record of temporary installation path
* creating tarball
packaged installation of ‘BiocStyle’ as ‘BiocStyle_2.36.0_R_x86_64-pc-linux-gnu.tar.gz’
* DONE (BiocStyle)
* installing *source* package ‘Hmisc’ ...
** this is package ‘Hmisc’ version ‘5.2-3’
** package ‘Hmisc’ successfully unpacked and MD5 sums checked
** using staged installation
** libs
using C compiler: ‘gcc (Ubuntu 11.4.0-1ubuntu1~22.04) 11.4.0’
using Fortran compiler: ‘GNU Fortran (Ubuntu 11.4.0-1ubuntu1~22.04) 11.4.0’
gcc -I"/usr/share/R/include" -DNDEBUG       -fpic  -g -O2 -ffile-prefix-map=/build/r-base-rgGXCp/r-base-4.5.0=. -fstack-protector-strong -Wformat -Werror=format-security -Wdate-time -D_FORTIFY_SOURCE=2  -c Hmisc.c -o Hmisc.o
gfortran  -fpic  -g -O2 -ffile-prefix-map=/build/r-base-rgGXCp/r-base-4.5.0=. -fstack-protector-strong  -c  cidxcn.f90 -o cidxcn.o
gfortran  -fpic  -g -O2 -ffile-prefix-map=/build/r-base-rgGXCp/r-base-4.5.0=. -fstack-protector-strong  -c  cidxcp.f90 -o cidxcp.o
gfortran  -fpic  -g -O2 -ffile-prefix-map=/build/r-base-rgGXCp/r-base-4.5.0=. -fstack-protector-strong  -c  cutgn.f90 -o cutgn.o
gfortran  -fpic  -g -O2 -ffile-prefix-map=/build/r-base-rgGXCp/r-base-4.5.0=. -fstack-protector-strong  -c  hlqest.f90 -o hlqest.o
gfortran  -fpic  -g -O2 -ffile-prefix-map=/build/r-base-rgGXCp/r-base-4.5.0=. -fstack-protector-strong  -c  hoeffd.f90 -o hoeffd.o
gcc -I"/usr/share/R/include" -DNDEBUG       -fpic  -g -O2 -ffile-prefix-map=/build/r-base-rgGXCp/r-base-4.5.0=. -fstack-protector-strong -Wformat -Werror=format-security -Wdate-time -D_FORTIFY_SOURCE=2  -c init.c -o init.o
gfortran  -fpic  -g -O2 -ffile-prefix-map=/build/r-base-rgGXCp/r-base-4.5.0=. -fstack-protector-strong  -c  jacklins.f90 -o jacklins.o
gfortran  -fpic  -g -O2 -ffile-prefix-map=/build/r-base-rgGXCp/r-base-4.5.0=. -fstack-protector-strong  -c largrec.f -o largrec.o
gcc -I"/usr/share/R/include" -DNDEBUG       -fpic  -g -O2 -ffile-prefix-map=/build/r-base-rgGXCp/r-base-4.5.0=. -fstack-protector-strong -Wformat -Werror=format-security -Wdate-time -D_FORTIFY_SOURCE=2  -c mChoice.c -o mChoice.o
gfortran  -fpic  -g -O2 -ffile-prefix-map=/build/r-base-rgGXCp/r-base-4.5.0=. -fstack-protector-strong  -c  maxempr.f90 -o maxempr.o
gcc -I"/usr/share/R/include" -DNDEBUG       -fpic  -g -O2 -ffile-prefix-map=/build/r-base-rgGXCp/r-base-4.5.0=. -fstack-protector-strong -Wformat -Werror=format-security -Wdate-time -D_FORTIFY_SOURCE=2  -c nstr.c -o nstr.o
gcc -I"/usr/share/R/include" -DNDEBUG       -fpic  -g -O2 -ffile-prefix-map=/build/r-base-rgGXCp/r-base-4.5.0=. -fstack-protector-strong -Wformat -Werror=format-security -Wdate-time -D_FORTIFY_SOURCE=2  -c ranksort.c -o ranksort.o
gfortran  -fpic  -g -O2 -ffile-prefix-map=/build/r-base-rgGXCp/r-base-4.5.0=. -fstack-protector-strong  -c  rcorr.f90 -o rcorr.o
gcc -I"/usr/share/R/include" -DNDEBUG       -fpic  -g -O2 -ffile-prefix-map=/build/r-base-rgGXCp/r-base-4.5.0=. -fstack-protector-strong -Wformat -Werror=format-security -Wdate-time -D_FORTIFY_SOURCE=2  -c string_box.c -o string_box.o
gfortran  -fpic  -g -O2 -ffile-prefix-map=/build/r-base-rgGXCp/r-base-4.5.0=. -fstack-protector-strong  -c  wclosest.f90 -o wclosest.o
gcc -shared -L/usr/lib/R/lib -Wl,-Bsymbolic-functions -flto=auto -ffat-lto-objects -flto=auto -Wl,-z,relro -o Hmisc.so Hmisc.o cidxcn.o cidxcp.o cutgn.o hlqest.o hoeffd.o init.o jacklins.o largrec.o mChoice.o maxempr.o nstr.o ranksort.o rcorr.o string_box.o wclosest.o -lgfortran -lm -lquadmath -L/usr/lib/R/lib -lR
installing to /usr/local/lib/R/site-library/00LOCK-Hmisc/00new/Hmisc/libs
** R
** inst
** byte-compile and prepare package for lazy loading
** help
*** installing help indices
** building package indices
** testing if installed package can be loaded from temporary location
** checking absolute paths in shared objects and dynamic libraries
** testing if installed package can be loaded from final location
** testing if installed package keeps a record of temporary installation path
* creating tarball
packaged installation of ‘Hmisc’ as ‘Hmisc_5.2-3_R_x86_64-pc-linux-gnu.tar.gz’
* DONE (Hmisc)
* installing *source* package ‘doParallel’ ...
** this is package ‘doParallel’ version ‘1.0.17’
** package ‘doParallel’ successfully unpacked and MD5 sums checked
** using staged installation
** R
** demo
** inst
** byte-compile and prepare package for lazy loading
** help
*** installing help indices
** building package indices
** installing vignettes
** testing if installed package can be loaded from temporary location
** testing if installed package can be loaded from final location
** testing if installed package keeps a record of temporary installation path
* creating tarball
packaged installation of ‘doParallel’ as ‘doParallel_1.0.17_R_x86_64-pc-linux-gnu.tar.gz’
* DONE (doParallel)
* installing *source* package ‘rSpectral’ ...
** this is package ‘rSpectral’ version ‘1.0.0.10’
** package ‘rSpectral’ successfully unpacked and MD5 sums checked
** using staged installation
** libs
using C++ compiler: ‘g++ (Ubuntu 11.4.0-1ubuntu1~22.04) 11.4.0’
using C++11
g++ -std=gnu++11 -I"/usr/share/R/include" -DNDEBUG  -I'/usr/local/lib/R/site-library/Rcpp/include' -I'/usr/local/lib/R/site-library/RcppArmadillo/include'     -fpic  -g -O2 -ffile-prefix-map=/build/r-base-rgGXCp/r-base-4.5.0=. -fstack-protector-strong -Wformat -Werror=format-security -Wdate-time -D_FORTIFY_SOURCE=2   -c RcppExports.cpp -o RcppExports.o
g++ -std=gnu++11 -I"/usr/share/R/include" -DNDEBUG  -I'/usr/local/lib/R/site-library/Rcpp/include' -I'/usr/local/lib/R/site-library/RcppArmadillo/include'     -fpic  -g -O2 -ffile-prefix-map=/build/r-base-rgGXCp/r-base-4.5.0=. -fstack-protector-strong -Wformat -Werror=format-security -Wdate-time -D_FORTIFY_SOURCE=2   -c SpectralModularity.cpp -o SpectralModularity.o
g++ -std=gnu++11 -I"/usr/share/R/include" -DNDEBUG  -I'/usr/local/lib/R/site-library/Rcpp/include' -I'/usr/local/lib/R/site-library/RcppArmadillo/include'     -fpic  -g -O2 -ffile-prefix-map=/build/r-base-rgGXCp/r-base-4.5.0=. -fstack-protector-strong -Wformat -Werror=format-security -Wdate-time -D_FORTIFY_SOURCE=2   -c edge.cpp -o edge.o
g++ -std=gnu++11 -I"/usr/share/R/include" -DNDEBUG  -I'/usr/local/lib/R/site-library/Rcpp/include' -I'/usr/local/lib/R/site-library/RcppArmadillo/include'     -fpic  -g -O2 -ffile-prefix-map=/build/r-base-rgGXCp/r-base-4.5.0=. -fstack-protector-strong -Wformat -Werror=format-security -Wdate-time -D_FORTIFY_SOURCE=2   -c network.cpp -o network.o
g++ -std=gnu++11 -I"/usr/share/R/include" -DNDEBUG  -I'/usr/local/lib/R/site-library/Rcpp/include' -I'/usr/local/lib/R/site-library/RcppArmadillo/include'     -fpic  -g -O2 -ffile-prefix-map=/build/r-base-rgGXCp/r-base-4.5.0=. -fstack-protector-strong -Wformat -Werror=format-security -Wdate-time -D_FORTIFY_SOURCE=2   -c rSpectral.cpp -o rSpectral.o
g++ -std=gnu++11 -I"/usr/share/R/include" -DNDEBUG  -I'/usr/local/lib/R/site-library/Rcpp/include' -I'/usr/local/lib/R/site-library/RcppArmadillo/include'     -fpic  -g -O2 -ffile-prefix-map=/build/r-base-rgGXCp/r-base-4.5.0=. -fstack-protector-strong -Wformat -Werror=format-security -Wdate-time -D_FORTIFY_SOURCE=2   -c readfile.cpp -o readfile.o
g++ -std=gnu++11 -I"/usr/share/R/include" -DNDEBUG  -I'/usr/local/lib/R/site-library/Rcpp/include' -I'/usr/local/lib/R/site-library/RcppArmadillo/include'     -fpic  -g -O2 -ffile-prefix-map=/build/r-base-rgGXCp/r-base-4.5.0=. -fstack-protector-strong -Wformat -Werror=format-security -Wdate-time -D_FORTIFY_SOURCE=2   -c vertex.cpp -o vertex.o
g++ -std=gnu++11 -shared -L/usr/lib/R/lib -Wl,-Bsymbolic-functions -flto=auto -ffat-lto-objects -flto=auto -Wl,-z,relro -o rSpectral.so RcppExports.o SpectralModularity.o edge.o network.o rSpectral.o readfile.o vertex.o -llapack -lblas -lgfortran -lm -lquadmath -L/usr/lib/R/lib -lR
installing to /usr/local/lib/R/site-library/00LOCK-rSpectral/00new/rSpectral/libs
** R
** inst
** byte-compile and prepare package for lazy loading
** help
*** installing help indices
*** copying figures
** building package indices
** testing if installed package can be loaded from temporary location
** checking absolute paths in shared objects and dynamic libraries
** testing if installed package can be loaded from final location
** testing if installed package keeps a record of temporary installation path
* creating tarball
packaged installation of ‘rSpectral’ as ‘rSpectral_1.0.0.10_R_x86_64-pc-linux-gnu.tar.gz’
* DONE (rSpectral)
* installing *source* package ‘WGCNA’ ...
** this is package ‘WGCNA’ version ‘1.73’
** package ‘WGCNA’ successfully unpacked and MD5 sums checked
** using staged installation
** libs
using C compiler: ‘gcc (Ubuntu 11.4.0-1ubuntu1~22.04) 11.4.0’
using C++ compiler: ‘g++ (Ubuntu 11.4.0-1ubuntu1~22.04) 11.4.0’
gcc -I"/usr/share/R/include" -DNDEBUG -DWITH_THREADS -I'/usr/local/lib/R/site-library/Rcpp/include'     -fpic  -g -O2 -ffile-prefix-map=/build/r-base-rgGXCp/r-base-4.5.0=. -fstack-protector-strong -Wformat -Werror=format-security -Wdate-time -D_FORTIFY_SOURCE=2  -c corFunctions-utils.c -o corFunctions-utils.o
gcc -I"/usr/share/R/include" -DNDEBUG -DWITH_THREADS -I'/usr/local/lib/R/site-library/Rcpp/include'     -fpic  -g -O2 -ffile-prefix-map=/build/r-base-rgGXCp/r-base-4.5.0=. -fstack-protector-strong -Wformat -Werror=format-security -Wdate-time -D_FORTIFY_SOURCE=2  -c corFunctions.c -o corFunctions.o
gcc -I"/usr/share/R/include" -DNDEBUG -DWITH_THREADS -I'/usr/local/lib/R/site-library/Rcpp/include'     -fpic  -g -O2 -ffile-prefix-map=/build/r-base-rgGXCp/r-base-4.5.0=. -fstack-protector-strong -Wformat -Werror=format-security -Wdate-time -D_FORTIFY_SOURCE=2  -c myMatrixMultiplication.c -o myMatrixMultiplication.o
gcc -I"/usr/share/R/include" -DNDEBUG -DWITH_THREADS -I'/usr/local/lib/R/site-library/Rcpp/include'     -fpic  -g -O2 -ffile-prefix-map=/build/r-base-rgGXCp/r-base-4.5.0=. -fstack-protector-strong -Wformat -Werror=format-security -Wdate-time -D_FORTIFY_SOURCE=2  -c networkFunctions.c -o networkFunctions.o
g++ -std=gnu++17 -I"/usr/share/R/include" -DNDEBUG -DWITH_THREADS -I'/usr/local/lib/R/site-library/Rcpp/include'     -fpic  -g -O2 -ffile-prefix-map=/build/r-base-rgGXCp/r-base-4.5.0=. -fstack-protector-strong -Wformat -Werror=format-security -Wdate-time -D_FORTIFY_SOURCE=2   -c parallelQuantile.cc -o parallelQuantile.o
gcc -I"/usr/share/R/include" -DNDEBUG -DWITH_THREADS -I'/usr/local/lib/R/site-library/Rcpp/include'     -fpic  -g -O2 -ffile-prefix-map=/build/r-base-rgGXCp/r-base-4.5.0=. -fstack-protector-strong -Wformat -Werror=format-security -Wdate-time -D_FORTIFY_SOURCE=2  -c pivot.c -o pivot.o
g++ -std=gnu++17 -shared -L/usr/lib/R/lib -Wl,-Bsymbolic-functions -flto=auto -ffat-lto-objects -flto=auto -Wl,-z,relro -o WGCNA.so corFunctions-utils.o corFunctions.o myMatrixMultiplication.o networkFunctions.o parallelQuantile.o pivot.o -lpthread -L/usr/lib/R/lib -lR
installing to /usr/local/lib/R/site-library/00LOCK-WGCNA/00new/WGCNA/libs
** R
** data
** inst
** byte-compile and prepare package for lazy loading
** help
*** installing help indices
** building package indices
** testing if installed package can be loaded from temporary location
** checking absolute paths in shared objects and dynamic libraries
** testing if installed package can be loaded from final location
** testing if installed package keeps a record of temporary installation path
* creating tarball
packaged installation of ‘WGCNA’ as ‘WGCNA_1.73_R_x86_64-pc-linux-gnu.tar.gz’
* DONE (WGCNA)
* installing *source* package ‘BioNAR’ ...
** this is package ‘BioNAR’ version ‘1.10.0’
** using staged installation
** R
** data
*** moving datasets to lazyload DB
** inst
** byte-compile and prepare package for lazy loading
** help
*** installing help indices
** building package indices
** installing vignettes
** testing if installed package can be loaded from temporary location
** testing if installed package can be loaded from final location
** testing if installed package keeps a record of temporary installation path
* creating tarball
packaged installation of ‘BioNAR’ as ‘BioNAR_1.10.0_R_x86_64-pc-linux-gnu.tar.gz’
* DONE (BioNAR)

The downloaded source packages are in
	‘/tmp/RtmpAdogxE/downloaded_packages’
Old packages: 'cli', 'data.table', 'DelayedArray', 'DESeq2', 'diffobj',
  'edgeR', 'future', 'generics', 'globals', 'parallelly', 'pkgdown',
  'RcppArmadillo', 'RSQLite', 'scales', 'sctransform', 'Seurat',
  'SeuratObject', 'SingleCellExperiment', 'spatstat.univar', 'spatstat.utils',
  'SummarizedExperiment', 'systemfonts', 'textshaping', 'utf8', 'zip'

real	10m19.287s
user	9m14.625s
sys	1m58.078s
