+ Rscript -e 'Sys.setenv(BIOCONDUCTOR_USE_CONTAINER_REPOSITORY=FALSE);
  p <- .libPaths();
  p <- c('\'''\'', '\'''\'', p);
  .libPaths(p);
  if(BiocManager::install('\''cypress'\'', INSTALL_opts = '\''--build'\'', update = TRUE, quiet = FALSE, dependencies=TRUE, force = TRUE, keep_outputs = TRUE) %in% rownames(installed.packages())) q(status = 0) else q(status = 1)'
'getOption("repos")' replaces Bioconductor standard repositories, see
'help("repositories", package = "BiocManager")' for details.
Replacement repositories:
    CRAN: https://cloud.r-project.org
Bioconductor version 3.21 (BiocManager 1.30.25), R Under development (unstable)
  (2025-03-08 r87910)
Installing package(s) 'cypress'
also installing the dependencies ‘colorspace’, ‘admisc’, ‘farver’, ‘labeling’, ‘munsell’, ‘viridisLite’, ‘forcats’, ‘patchwork’, ‘hms’, ‘httr’, ‘formatR’, ‘gtools’, ‘polycor’, ‘locfdr’, ‘statmod’, ‘foreach’, ‘iterators’, ‘gtable’, ‘isoband’, ‘scales’, ‘ggstats’, ‘plyr’, ‘progress’, ‘XVector’, ‘UCSC.utils’, ‘GenomeInfoDbData’, ‘SparseArray’, ‘lambda.r’, ‘futile.options’, ‘gdata’, ‘CDM’, ‘pbapply’, ‘TAM’, ‘pbv’, ‘RcppArmadillo’, ‘EpiDISH’, ‘limma’, ‘nnls’, ‘quadprog’, ‘corpcor’, ‘doParallel’, ‘ggplot2’, ‘tidyr’, ‘GGally’, ‘GenomicRanges’, ‘S4Vectors’, ‘IRanges’, ‘GenomeInfoDb’, ‘S4Arrays’, ‘DelayedArray’, ‘config’, ‘data.table’, ‘futile.logger’, ‘gmodels’, ‘matrixcalc’, ‘matrixStats’, ‘nloptr’, ‘pracma’, ‘rsvd’, ‘generics’, ‘tidyselect’, ‘locfit’, ‘snow’, ‘BH’, ‘backports’, ‘proxy’, ‘bookdown’, ‘abind’, ‘sirt’, ‘TOAST’, ‘SummarizedExperiment’, ‘TCA’, ‘PROPER’, ‘dplyr’, ‘RColorBrewer’, ‘edgeR’, ‘BiocParallel’, ‘checkmate’, ‘mvtnorm’, ‘DESeq2’, ‘e1071’, ‘MatrixGenerics’, ‘RUnit’, ‘BiocGenerics’, ‘BiocStyle’, ‘Biobase’

trying URL 'https://cloud.r-project.org/src/contrib/colorspace_2.1-1.tar.gz'
trying URL 'https://cloud.r-project.org/src/contrib/admisc_0.37.tar.gz'
trying URL 'https://cloud.r-project.org/src/contrib/farver_2.1.2.tar.gz'
trying URL 'https://cloud.r-project.org/src/contrib/labeling_0.4.3.tar.gz'
trying URL 'https://cloud.r-project.org/src/contrib/munsell_0.5.1.tar.gz'
trying URL 'https://cloud.r-project.org/src/contrib/viridisLite_0.4.2.tar.gz'
trying URL 'https://cloud.r-project.org/src/contrib/forcats_1.0.0.tar.gz'
trying URL 'https://cloud.r-project.org/src/contrib/patchwork_1.3.0.tar.gz'
trying URL 'https://cloud.r-project.org/src/contrib/hms_1.1.3.tar.gz'
trying URL 'https://cloud.r-project.org/src/contrib/httr_1.4.7.tar.gz'
trying URL 'https://cloud.r-project.org/src/contrib/formatR_1.14.tar.gz'
trying URL 'https://cloud.r-project.org/src/contrib/gtools_3.9.5.tar.gz'
trying URL 'https://cloud.r-project.org/src/contrib/polycor_0.8-1.tar.gz'
trying URL 'https://cloud.r-project.org/src/contrib/locfdr_1.1-8.tar.gz'
trying URL 'https://cloud.r-project.org/src/contrib/statmod_1.5.0.tar.gz'
trying URL 'https://cloud.r-project.org/src/contrib/foreach_1.5.2.tar.gz'
trying URL 'https://cloud.r-project.org/src/contrib/iterators_1.0.14.tar.gz'
trying URL 'https://cloud.r-project.org/src/contrib/gtable_0.3.6.tar.gz'
trying URL 'https://cloud.r-project.org/src/contrib/isoband_0.2.7.tar.gz'
trying URL 'https://cloud.r-project.org/src/contrib/scales_1.3.0.tar.gz'
trying URL 'https://cloud.r-project.org/src/contrib/ggstats_0.9.0.tar.gz'
trying URL 'https://cloud.r-project.org/src/contrib/plyr_1.8.9.tar.gz'
trying URL 'https://cloud.r-project.org/src/contrib/progress_1.2.3.tar.gz'
trying URL 'https://bioconductor.org/packages/3.21/bioc/src/contrib/XVector_0.47.2.tar.gz'
trying URL 'https://bioconductor.org/packages/3.21/bioc/src/contrib/UCSC.utils_1.3.1.tar.gz'
trying URL 'https://bioconductor.org/packages/3.21/data/annotation/src/contrib/GenomeInfoDbData_1.2.14.tar.gz'
trying URL 'https://bioconductor.org/packages/3.21/bioc/src/contrib/SparseArray_1.7.7.tar.gz'
trying URL 'https://cloud.r-project.org/src/contrib/lambda.r_1.2.4.tar.gz'
trying URL 'https://cloud.r-project.org/src/contrib/futile.options_1.0.1.tar.gz'
trying URL 'https://cloud.r-project.org/src/contrib/gdata_3.0.1.tar.gz'
trying URL 'https://cloud.r-project.org/src/contrib/CDM_8.2-6.tar.gz'
trying URL 'https://cloud.r-project.org/src/contrib/pbapply_1.7-2.tar.gz'
trying URL 'https://cloud.r-project.org/src/contrib/TAM_4.2-21.tar.gz'
trying URL 'https://cloud.r-project.org/src/contrib/pbv_0.5-47.tar.gz'
trying URL 'https://cloud.r-project.org/src/contrib/RcppArmadillo_14.4.0-1.tar.gz'
trying URL 'https://bioconductor.org/packages/3.21/bioc/src/contrib/EpiDISH_2.23.1.tar.gz'
trying URL 'https://bioconductor.org/packages/3.21/bioc/src/contrib/limma_3.63.10.tar.gz'
trying URL 'https://cloud.r-project.org/src/contrib/nnls_1.6.tar.gz'
trying URL 'https://cloud.r-project.org/src/contrib/quadprog_1.5-8.tar.gz'
trying URL 'https://cloud.r-project.org/src/contrib/corpcor_1.6.10.tar.gz'
trying URL 'https://cloud.r-project.org/src/contrib/doParallel_1.0.17.tar.gz'
trying URL 'https://cloud.r-project.org/src/contrib/ggplot2_3.5.1.tar.gz'
trying URL 'https://cloud.r-project.org/src/contrib/tidyr_1.3.1.tar.gz'
trying URL 'https://cloud.r-project.org/src/contrib/GGally_2.2.1.tar.gz'
trying URL 'https://bioconductor.org/packages/3.21/bioc/src/contrib/GenomicRanges_1.59.1.tar.gz'
trying URL 'https://bioconductor.org/packages/3.21/bioc/src/contrib/S4Vectors_0.45.4.tar.gz'
trying URL 'https://bioconductor.org/packages/3.21/bioc/src/contrib/IRanges_2.41.3.tar.gz'
trying URL 'https://bioconductor.org/packages/3.21/bioc/src/contrib/GenomeInfoDb_1.43.4.tar.gz'
trying URL 'https://bioconductor.org/packages/3.21/bioc/src/contrib/S4Arrays_1.7.3.tar.gz'
trying URL 'https://bioconductor.org/packages/3.21/bioc/src/contrib/DelayedArray_0.33.6.tar.gz'
trying URL 'https://cloud.r-project.org/src/contrib/config_0.3.2.tar.gz'
trying URL 'https://cloud.r-project.org/src/contrib/data.table_1.17.0.tar.gz'
trying URL 'https://cloud.r-project.org/src/contrib/futile.logger_1.4.3.tar.gz'
trying URL 'https://cloud.r-project.org/src/contrib/gmodels_2.19.1.tar.gz'
trying URL 'https://cloud.r-project.org/src/contrib/matrixcalc_1.0-6.tar.gz'
trying URL 'https://cloud.r-project.org/src/contrib/matrixStats_1.5.0.tar.gz'
trying URL 'https://cloud.r-project.org/src/contrib/nloptr_2.2.1.tar.gz'
trying URL 'https://cloud.r-project.org/src/contrib/pracma_2.4.4.tar.gz'
trying URL 'https://cloud.r-project.org/src/contrib/rsvd_1.0.5.tar.gz'
trying URL 'https://cloud.r-project.org/src/contrib/generics_0.1.3.tar.gz'
trying URL 'https://cloud.r-project.org/src/contrib/tidyselect_1.2.1.tar.gz'
trying URL 'https://cloud.r-project.org/src/contrib/locfit_1.5-9.12.tar.gz'
trying URL 'https://cloud.r-project.org/src/contrib/snow_0.4-4.tar.gz'
trying URL 'https://cloud.r-project.org/src/contrib/BH_1.87.0-1.tar.gz'
trying URL 'https://cloud.r-project.org/src/contrib/backports_1.5.0.tar.gz'
trying URL 'https://cloud.r-project.org/src/contrib/proxy_0.4-27.tar.gz'
trying URL 'https://cloud.r-project.org/src/contrib/bookdown_0.42.tar.gz'
trying URL 'https://cloud.r-project.org/src/contrib/abind_1.4-8.tar.gz'
trying URL 'https://cloud.r-project.org/src/contrib/sirt_4.1-15.tar.gz'
trying URL 'https://bioconductor.org/packages/3.21/bioc/src/contrib/TOAST_1.21.0.tar.gz'
trying URL 'https://bioconductor.org/packages/3.21/bioc/src/contrib/SummarizedExperiment_1.37.0.tar.gz'
trying URL 'https://cloud.r-project.org/src/contrib/TCA_1.2.1.tar.gz'
trying URL 'https://bioconductor.org/packages/3.21/bioc/src/contrib/PROPER_1.39.0.tar.gz'
trying URL 'https://cloud.r-project.org/src/contrib/dplyr_1.1.4.tar.gz'
trying URL 'https://cloud.r-project.org/src/contrib/RColorBrewer_1.1-3.tar.gz'
trying URL 'https://bioconductor.org/packages/3.21/bioc/src/contrib/edgeR_4.5.9.tar.gz'
trying URL 'https://bioconductor.org/packages/3.21/bioc/src/contrib/BiocParallel_1.41.2.tar.gz'
trying URL 'https://cloud.r-project.org/src/contrib/checkmate_2.3.2.tar.gz'
trying URL 'https://cloud.r-project.org/src/contrib/mvtnorm_1.3-3.tar.gz'
trying URL 'https://bioconductor.org/packages/3.21/bioc/src/contrib/DESeq2_1.47.5.tar.gz'
trying URL 'https://cloud.r-project.org/src/contrib/e1071_1.7-16.tar.gz'
trying URL 'https://bioconductor.org/packages/3.21/bioc/src/contrib/MatrixGenerics_1.19.1.tar.gz'
trying URL 'https://cloud.r-project.org/src/contrib/RUnit_0.4.33.tar.gz'
trying URL 'https://bioconductor.org/packages/3.21/bioc/src/contrib/BiocGenerics_0.53.6.tar.gz'
trying URL 'https://bioconductor.org/packages/3.21/bioc/src/contrib/BiocStyle_2.35.0.tar.gz'
trying URL 'https://bioconductor.org/packages/3.21/bioc/src/contrib/Biobase_2.67.0.tar.gz'
trying URL 'https://bioconductor.org/packages/3.21/bioc/src/contrib/cypress_1.3.0.tar.gz'
* installing *source* package ‘colorspace’ ...
** this is package ‘colorspace’ version ‘2.1-1’
** package ‘colorspace’ successfully unpacked and MD5 sums checked
** using staged installation
** libs
using C compiler: ‘gcc (Ubuntu 13.3.0-6ubuntu2~24.04) 13.3.0’
gcc -std=gnu2x -I"/usr/local/lib/R/include" -DNDEBUG   -I/usr/local/include    -fpic  -g -O2 -fstack-protector-strong -Wformat -Werror=format-security -Wdate-time -D_FORTIFY_SOURCE=2 -g  -c colorspace.c -o colorspace.o
gcc -std=gnu2x -I"/usr/local/lib/R/include" -DNDEBUG   -I/usr/local/include    -fpic  -g -O2 -fstack-protector-strong -Wformat -Werror=format-security -Wdate-time -D_FORTIFY_SOURCE=2 -g  -c init.c -o init.o
gcc -std=gnu2x -shared -L/usr/local/lib/R/lib -L/usr/local/lib -o colorspace.so colorspace.o init.o -L/usr/local/lib/R/lib -lR
installing to /usr/local/lib/R/site-library/00LOCK-colorspace/00new/colorspace/libs
** R
** data
*** moving datasets to lazyload DB
** demo
** inst
** byte-compile and prepare package for lazy loading
** help
*** installing help indices
** building package indices
** installing vignettes
** testing if installed package can be loaded from temporary location
** checking absolute paths in shared objects and dynamic libraries
** testing if installed package can be loaded from final location
** testing if installed package keeps a record of temporary installation path
* creating tarball
packaged installation of ‘colorspace’ as ‘colorspace_2.1-1_R_x86_64-pc-linux-gnu.tar.gz’
* DONE (colorspace)
* installing *source* package ‘admisc’ ...
** this is package ‘admisc’ version ‘0.37’
** package ‘admisc’ successfully unpacked and MD5 sums checked
** using staged installation
** libs
using C compiler: ‘gcc (Ubuntu 13.3.0-6ubuntu2~24.04) 13.3.0’
gcc -std=gnu2x -I"/usr/local/lib/R/include" -DNDEBUG   -I/usr/local/include    -fpic  -g -O2 -fstack-protector-strong -Wformat -Werror=format-security -Wdate-time -D_FORTIFY_SOURCE=2 -g  -c admisc.c -o admisc.o
gcc -std=gnu2x -I"/usr/local/lib/R/include" -DNDEBUG   -I/usr/local/include    -fpic  -g -O2 -fstack-protector-strong -Wformat -Werror=format-security -Wdate-time -D_FORTIFY_SOURCE=2 -g  -c registerDynamicSymbol.c -o registerDynamicSymbol.o
gcc -std=gnu2x -shared -L/usr/local/lib/R/lib -L/usr/local/lib -o admisc.so admisc.o registerDynamicSymbol.o -L/usr/local/lib/R/lib -lR
installing to /usr/local/lib/R/site-library/00LOCK-admisc/00new/admisc/libs
** R
** inst
** byte-compile and prepare package for lazy loading
** help
*** installing help indices
** building package indices
** testing if installed package can be loaded from temporary location
** checking absolute paths in shared objects and dynamic libraries
** testing if installed package can be loaded from final location
** testing if installed package keeps a record of temporary installation path
* creating tarball
packaged installation of ‘admisc’ as ‘admisc_0.37_R_x86_64-pc-linux-gnu.tar.gz’
* DONE (admisc)
* installing *source* package ‘farver’ ...
** this is package ‘farver’ version ‘2.1.2’
** package ‘farver’ successfully unpacked and MD5 sums checked
** using staged installation
** libs
using C++ compiler: ‘g++ (Ubuntu 13.3.0-6ubuntu2~24.04) 13.3.0’
g++ -std=gnu++17 -I"/usr/local/lib/R/include" -DNDEBUG   -I/usr/local/include    -fpic  -g -O2 -fstack-protector-strong -Wformat -Werror=format-security -Wdate-time -D_FORTIFY_SOURCE=2 -g   -c ColorSpace.cpp -o ColorSpace.o
g++ -std=gnu++17 -I"/usr/local/lib/R/include" -DNDEBUG   -I/usr/local/include    -fpic  -g -O2 -fstack-protector-strong -Wformat -Werror=format-security -Wdate-time -D_FORTIFY_SOURCE=2 -g   -c Comparison.cpp -o Comparison.o
g++ -std=gnu++17 -I"/usr/local/lib/R/include" -DNDEBUG   -I/usr/local/include    -fpic  -g -O2 -fstack-protector-strong -Wformat -Werror=format-security -Wdate-time -D_FORTIFY_SOURCE=2 -g   -c Conversion.cpp -o Conversion.o
g++ -std=gnu++17 -I"/usr/local/lib/R/include" -DNDEBUG   -I/usr/local/include    -fpic  -g -O2 -fstack-protector-strong -Wformat -Werror=format-security -Wdate-time -D_FORTIFY_SOURCE=2 -g   -c encode.cpp -o encode.o
g++ -std=gnu++17 -I"/usr/local/lib/R/include" -DNDEBUG   -I/usr/local/include    -fpic  -g -O2 -fstack-protector-strong -Wformat -Werror=format-security -Wdate-time -D_FORTIFY_SOURCE=2 -g   -c farver.cpp -o farver.o
g++ -std=gnu++17 -I"/usr/local/lib/R/include" -DNDEBUG   -I/usr/local/include    -fpic  -g -O2 -fstack-protector-strong -Wformat -Werror=format-security -Wdate-time -D_FORTIFY_SOURCE=2 -g   -c init.cpp -o init.o
g++ -std=gnu++17 -shared -L/usr/local/lib/R/lib -L/usr/local/lib -o farver.so ColorSpace.o Comparison.o Conversion.o encode.o farver.o init.o -L/usr/local/lib/R/lib -lR
installing to /usr/local/lib/R/site-library/00LOCK-farver/00new/farver/libs
** R
** byte-compile and prepare package for lazy loading
** help
*** installing help indices
*** copying figures
** building package indices
** testing if installed package can be loaded from temporary location
** checking absolute paths in shared objects and dynamic libraries
** testing if installed package can be loaded from final location
** testing if installed package keeps a record of temporary installation path
* creating tarball
packaged installation of ‘farver’ as ‘farver_2.1.2_R_x86_64-pc-linux-gnu.tar.gz’
* DONE (farver)
* installing *source* package ‘labeling’ ...
** this is package ‘labeling’ version ‘0.4.3’
** package ‘labeling’ successfully unpacked and MD5 sums checked
** using staged installation
** R
** byte-compile and prepare package for lazy loading
** help
*** installing help indices
** building package indices
** testing if installed package can be loaded from temporary location
** testing if installed package can be loaded from final location
** testing if installed package keeps a record of temporary installation path
* creating tarball
packaged installation of ‘labeling’ as ‘labeling_0.4.3_R_x86_64-pc-linux-gnu.tar.gz’
* DONE (labeling)
* installing *source* package ‘viridisLite’ ...
** this is package ‘viridisLite’ version ‘0.4.2’
** package ‘viridisLite’ successfully unpacked and MD5 sums checked
** using staged installation
** R
** inst
** byte-compile and prepare package for lazy loading
** help
*** installing help indices
*** copying figures
** building package indices
** testing if installed package can be loaded from temporary location
** testing if installed package can be loaded from final location
** testing if installed package keeps a record of temporary installation path
* creating tarball
packaged installation of ‘viridisLite’ as ‘viridisLite_0.4.2_R_x86_64-pc-linux-gnu.tar.gz’
* DONE (viridisLite)
* installing *source* package ‘forcats’ ...
** this is package ‘forcats’ version ‘1.0.0’
** package ‘forcats’ successfully unpacked and MD5 sums checked
** using staged installation
** R
** data
*** moving datasets to lazyload DB
** inst
** byte-compile and prepare package for lazy loading
** help
*** installing help indices
*** copying figures
** building package indices
** installing vignettes
** testing if installed package can be loaded from temporary location
** testing if installed package can be loaded from final location
** testing if installed package keeps a record of temporary installation path
* creating tarball
packaged installation of ‘forcats’ as ‘forcats_1.0.0_R_x86_64-pc-linux-gnu.tar.gz’
* DONE (forcats)
* installing *source* package ‘hms’ ...
** this is package ‘hms’ version ‘1.1.3’
** package ‘hms’ successfully unpacked and MD5 sums checked
** using staged installation
** R
** byte-compile and prepare package for lazy loading
** help
*** installing help indices
*** copying figures
** building package indices
** testing if installed package can be loaded from temporary location
** testing if installed package can be loaded from final location
** testing if installed package keeps a record of temporary installation path
* creating tarball
packaged installation of ‘hms’ as ‘hms_1.1.3_R_x86_64-pc-linux-gnu.tar.gz’
* DONE (hms)
* installing *source* package ‘httr’ ...
** this is package ‘httr’ version ‘1.4.7’
** package ‘httr’ successfully unpacked and MD5 sums checked
** using staged installation
** R
** demo
** inst
** byte-compile and prepare package for lazy loading
** help
*** installing help indices
** building package indices
** installing vignettes
** testing if installed package can be loaded from temporary location
** testing if installed package can be loaded from final location
** testing if installed package keeps a record of temporary installation path
* creating tarball
packaged installation of ‘httr’ as ‘httr_1.4.7_R_x86_64-pc-linux-gnu.tar.gz’
* DONE (httr)
* installing *source* package ‘formatR’ ...
** this is package ‘formatR’ version ‘1.14’
** package ‘formatR’ successfully unpacked and MD5 sums checked
** using staged installation
** R
** inst
** byte-compile and prepare package for lazy loading
** help
*** installing help indices
** building package indices
** installing vignettes
** testing if installed package can be loaded from temporary location
** testing if installed package can be loaded from final location
** testing if installed package keeps a record of temporary installation path
* creating tarball
packaged installation of ‘formatR’ as ‘formatR_1.14_R_x86_64-pc-linux-gnu.tar.gz’
* DONE (formatR)
* installing *source* package ‘gtools’ ...
** this is package ‘gtools’ version ‘3.9.5’
** package ‘gtools’ successfully unpacked and MD5 sums checked
** using staged installation
** libs
using C compiler: ‘gcc (Ubuntu 13.3.0-6ubuntu2~24.04) 13.3.0’
gcc -std=gnu2x -I"/usr/local/lib/R/include" -DNDEBUG   -I/usr/local/include    -fpic  -g -O2 -fstack-protector-strong -Wformat -Werror=format-security -Wdate-time -D_FORTIFY_SOURCE=2 -g  -c init.c -o init.o
gcc -std=gnu2x -I"/usr/local/lib/R/include" -DNDEBUG   -I/usr/local/include    -fpic  -g -O2 -fstack-protector-strong -Wformat -Werror=format-security -Wdate-time -D_FORTIFY_SOURCE=2 -g  -c roman2int.c -o roman2int.o
gcc -std=gnu2x -I"/usr/local/lib/R/include" -DNDEBUG   -I/usr/local/include    -fpic  -g -O2 -fstack-protector-strong -Wformat -Werror=format-security -Wdate-time -D_FORTIFY_SOURCE=2 -g  -c setTCPNoDelay.c -o setTCPNoDelay.o
gcc -std=gnu2x -shared -L/usr/local/lib/R/lib -L/usr/local/lib -o gtools.so init.o roman2int.o setTCPNoDelay.o -L/usr/local/lib/R/lib -lR
installing to /usr/local/lib/R/site-library/00LOCK-gtools/00new/gtools/libs
** R
** data
** inst
** byte-compile and prepare package for lazy loading
** help
*** installing help indices
*** copying figures
** building package indices
** testing if installed package can be loaded from temporary location
** checking absolute paths in shared objects and dynamic libraries
** testing if installed package can be loaded from final location
** testing if installed package keeps a record of temporary installation path
* creating tarball
packaged installation of ‘gtools’ as ‘gtools_3.9.5_R_x86_64-pc-linux-gnu.tar.gz’
* DONE (gtools)
* installing *source* package ‘locfdr’ ...
** this is package ‘locfdr’ version ‘1.1-8’
** package ‘locfdr’ successfully unpacked and MD5 sums checked
** using staged installation
** R
** data
** inst
** byte-compile and prepare package for lazy loading
** help
*** installing help indices
** building package indices
** installing vignettes
** testing if installed package can be loaded from temporary location
** testing if installed package can be loaded from final location
** testing if installed package keeps a record of temporary installation path
* creating tarball
packaged installation of ‘locfdr’ as ‘locfdr_1.1-8_R_x86_64-pc-linux-gnu.tar.gz’
* DONE (locfdr)
* installing *source* package ‘statmod’ ...
** this is package ‘statmod’ version ‘1.5.0’
** package ‘statmod’ successfully unpacked and MD5 sums checked
** using staged installation
** libs
using C compiler: ‘gcc (Ubuntu 13.3.0-6ubuntu2~24.04) 13.3.0’
using Fortran compiler: ‘GNU Fortran (Ubuntu 13.3.0-6ubuntu2~24.04) 13.3.0’
gcc -std=gnu2x -I"/usr/local/lib/R/include" -DNDEBUG   -I/usr/local/include    -fpic  -g -O2 -fstack-protector-strong -Wformat -Werror=format-security -Wdate-time -D_FORTIFY_SOURCE=2 -g  -c expectedDeviance.c -o expectedDeviance.o
gfortran  -fpic  -g -O2  -c gaussq2.f -o gaussq2.o
gcc -std=gnu2x -I"/usr/local/lib/R/include" -DNDEBUG   -I/usr/local/include    -fpic  -g -O2 -fstack-protector-strong -Wformat -Werror=format-security -Wdate-time -D_FORTIFY_SOURCE=2 -g  -c init.c -o init.o
gcc -std=gnu2x -shared -L/usr/local/lib/R/lib -L/usr/local/lib -o statmod.so expectedDeviance.o gaussq2.o init.o -lgfortran -lm -lquadmath -L/usr/local/lib/R/lib -lR
installing to /usr/local/lib/R/site-library/00LOCK-statmod/00new/statmod/libs
** R
** data
** inst
** byte-compile and prepare package for lazy loading
** help
*** installing help indices
** building package indices
** testing if installed package can be loaded from temporary location
** checking absolute paths in shared objects and dynamic libraries
** testing if installed package can be loaded from final location
** testing if installed package keeps a record of temporary installation path
* creating tarball
packaged installation of ‘statmod’ as ‘statmod_1.5.0_R_x86_64-pc-linux-gnu.tar.gz’
* DONE (statmod)
* installing *source* package ‘iterators’ ...
** this is package ‘iterators’ version ‘1.0.14’
** package ‘iterators’ successfully unpacked and MD5 sums checked
** using staged installation
** R
** inst
** byte-compile and prepare package for lazy loading
** help
*** installing help indices
** building package indices
** installing vignettes
** testing if installed package can be loaded from temporary location
** testing if installed package can be loaded from final location
** testing if installed package keeps a record of temporary installation path
* creating tarball
packaged installation of ‘iterators’ as ‘iterators_1.0.14_R_x86_64-pc-linux-gnu.tar.gz’
* DONE (iterators)
* installing *source* package ‘gtable’ ...
** this is package ‘gtable’ version ‘0.3.6’
** package ‘gtable’ successfully unpacked and MD5 sums checked
** using staged installation
** R
** inst
** byte-compile and prepare package for lazy loading
** help
*** installing help indices
*** copying figures
** building package indices
** installing vignettes
** testing if installed package can be loaded from temporary location
** testing if installed package can be loaded from final location
** testing if installed package keeps a record of temporary installation path
* creating tarball
packaged installation of ‘gtable’ as ‘gtable_0.3.6_R_x86_64-pc-linux-gnu.tar.gz’
* DONE (gtable)
* installing *source* package ‘isoband’ ...
** this is package ‘isoband’ version ‘0.2.7’
** package ‘isoband’ successfully unpacked and MD5 sums checked
** using staged installation
** libs
using C++ compiler: ‘g++ (Ubuntu 13.3.0-6ubuntu2~24.04) 13.3.0’
using C++11
g++ -std=gnu++11 -I"/usr/local/lib/R/include" -DNDEBUG   -I/usr/local/include    -fpic  -g -O2 -fstack-protector-strong -Wformat -Werror=format-security -Wdate-time -D_FORTIFY_SOURCE=2 -g   -c clip-lines.cpp -o clip-lines.o
g++ -std=gnu++11 -I"/usr/local/lib/R/include" -DNDEBUG   -I/usr/local/include    -fpic  -g -O2 -fstack-protector-strong -Wformat -Werror=format-security -Wdate-time -D_FORTIFY_SOURCE=2 -g   -c init.cpp -o init.o
g++ -std=gnu++11 -I"/usr/local/lib/R/include" -DNDEBUG   -I/usr/local/include    -fpic  -g -O2 -fstack-protector-strong -Wformat -Werror=format-security -Wdate-time -D_FORTIFY_SOURCE=2 -g   -c isoband.cpp -o isoband.o
g++ -std=gnu++11 -I"/usr/local/lib/R/include" -DNDEBUG   -I/usr/local/include    -fpic  -g -O2 -fstack-protector-strong -Wformat -Werror=format-security -Wdate-time -D_FORTIFY_SOURCE=2 -g   -c polygon.cpp -o polygon.o
g++ -std=gnu++11 -I"/usr/local/lib/R/include" -DNDEBUG   -I/usr/local/include    -fpic  -g -O2 -fstack-protector-strong -Wformat -Werror=format-security -Wdate-time -D_FORTIFY_SOURCE=2 -g   -c separate-polygons.cpp -o separate-polygons.o
g++ -std=gnu++11 -I"/usr/local/lib/R/include" -DNDEBUG   -I/usr/local/include    -fpic  -g -O2 -fstack-protector-strong -Wformat -Werror=format-security -Wdate-time -D_FORTIFY_SOURCE=2 -g   -c test-clip-lines.cpp -o test-clip-lines.o
g++ -std=gnu++11 -I"/usr/local/lib/R/include" -DNDEBUG   -I/usr/local/include    -fpic  -g -O2 -fstack-protector-strong -Wformat -Werror=format-security -Wdate-time -D_FORTIFY_SOURCE=2 -g   -c test-runner.cpp -o test-runner.o
g++ -std=gnu++11 -I"/usr/local/lib/R/include" -DNDEBUG   -I/usr/local/include    -fpic  -g -O2 -fstack-protector-strong -Wformat -Werror=format-security -Wdate-time -D_FORTIFY_SOURCE=2 -g   -c test-separate-polygons.cpp -o test-separate-polygons.o
g++ -std=gnu++11 -shared -L/usr/local/lib/R/lib -L/usr/local/lib -o isoband.so clip-lines.o init.o isoband.o polygon.o separate-polygons.o test-clip-lines.o test-runner.o test-separate-polygons.o -L/usr/local/lib/R/lib -lR
installing to /usr/local/lib/R/site-library/00LOCK-isoband/00new/isoband/libs
** R
** inst
** byte-compile and prepare package for lazy loading
** help
*** installing help indices
*** copying figures
** building package indices
** installing vignettes
** testing if installed package can be loaded from temporary location
** checking absolute paths in shared objects and dynamic libraries
** testing if installed package can be loaded from final location
** testing if installed package keeps a record of temporary installation path
* creating tarball
packaged installation of ‘isoband’ as ‘isoband_0.2.7_R_x86_64-pc-linux-gnu.tar.gz’
* DONE (isoband)
* installing *source* package ‘plyr’ ...
** this is package ‘plyr’ version ‘1.8.9’
** package ‘plyr’ successfully unpacked and MD5 sums checked
** using staged installation
** libs
using C compiler: ‘gcc (Ubuntu 13.3.0-6ubuntu2~24.04) 13.3.0’
using C++ compiler: ‘g++ (Ubuntu 13.3.0-6ubuntu2~24.04) 13.3.0’
g++ -std=gnu++17 -I"/usr/local/lib/R/include" -DNDEBUG  -I'/usr/local/lib/R/site-library/Rcpp/include' -I/usr/local/include    -fpic  -g -O2 -fstack-protector-strong -Wformat -Werror=format-security -Wdate-time -D_FORTIFY_SOURCE=2 -g   -c RcppExports.cpp -o RcppExports.o
gcc -std=gnu2x -I"/usr/local/lib/R/include" -DNDEBUG  -I'/usr/local/lib/R/site-library/Rcpp/include' -I/usr/local/include    -fpic  -g -O2 -fstack-protector-strong -Wformat -Werror=format-security -Wdate-time -D_FORTIFY_SOURCE=2 -g  -c loop_apply.c -o loop_apply.o
g++ -std=gnu++17 -I"/usr/local/lib/R/include" -DNDEBUG  -I'/usr/local/lib/R/site-library/Rcpp/include' -I/usr/local/include    -fpic  -g -O2 -fstack-protector-strong -Wformat -Werror=format-security -Wdate-time -D_FORTIFY_SOURCE=2 -g   -c split-numeric.cpp -o split-numeric.o
g++ -std=gnu++17 -shared -L/usr/local/lib/R/lib -L/usr/local/lib -o plyr.so RcppExports.o loop_apply.o split-numeric.o -L/usr/local/lib/R/lib -lR
installing to /usr/local/lib/R/site-library/00LOCK-plyr/00new/plyr/libs
** R
** data
*** moving datasets to lazyload DB
** inst
** byte-compile and prepare package for lazy loading
** help
*** installing help indices
** building package indices
** testing if installed package can be loaded from temporary location
** checking absolute paths in shared objects and dynamic libraries
** testing if installed package can be loaded from final location
** testing if installed package keeps a record of temporary installation path
* creating tarball
packaged installation of ‘plyr’ as ‘plyr_1.8.9_R_x86_64-pc-linux-gnu.tar.gz’
* DONE (plyr)
* installing *source* package ‘GenomeInfoDbData’ ...
** this is package ‘GenomeInfoDbData’ version ‘1.2.14’
** using staged installation
** data
** inst
** help
*** installing help indices
** building package indices
** testing if installed package can be loaded from temporary location
** testing if installed package can be loaded from final location
** testing if installed package keeps a record of temporary installation path
* creating tarball
packaged installation of ‘GenomeInfoDbData’ as ‘GenomeInfoDbData_1.2.14_R_x86_64-pc-linux-gnu.tar.gz’
* DONE (GenomeInfoDbData)
* installing *source* package ‘futile.options’ ...
** this is package ‘futile.options’ version ‘1.0.1’
** package ‘futile.options’ successfully unpacked and MD5 sums checked
** using staged installation
** R
** byte-compile and prepare package for lazy loading
** help
*** installing help indices
** building package indices
** testing if installed package can be loaded from temporary location
** testing if installed package can be loaded from final location
** testing if installed package keeps a record of temporary installation path
* creating tarball
packaged installation of ‘futile.options’ as ‘futile.options_1.0.1_R_x86_64-pc-linux-gnu.tar.gz’
* DONE (futile.options)
* installing *source* package ‘pbapply’ ...
** this is package ‘pbapply’ version ‘1.7-2’
** package ‘pbapply’ successfully unpacked and MD5 sums checked
** using staged installation
** R
** inst
** byte-compile and prepare package for lazy loading
** help
*** installing help indices
** building package indices
** testing if installed package can be loaded from temporary location
** testing if installed package can be loaded from final location
** testing if installed package keeps a record of temporary installation path
* creating tarball
packaged installation of ‘pbapply’ as ‘pbapply_1.7-2_R_x86_64-pc-linux-gnu.tar.gz’
* DONE (pbapply)
* installing *source* package ‘RcppArmadillo’ ...
** this is package ‘RcppArmadillo’ version ‘14.4.0-1’
** package ‘RcppArmadillo’ successfully unpacked and MD5 sums checked
** using staged installation
checking whether the C++ compiler works... yes
checking for C++ compiler default output file name... a.out
checking for suffix of executables... 
checking whether we are cross compiling... no
checking for suffix of object files... o
checking whether the compiler supports GNU C++... yes
checking whether g++ -std=gnu++17 accepts -g... yes
checking for g++ -std=gnu++17 option to enable C++11 features... none needed
checking how to run the C++ preprocessor... g++ -std=gnu++17 -E
checking whether the compiler supports GNU C++... (cached) yes
checking whether g++ -std=gnu++17 accepts -g... (cached) yes
checking for g++ -std=gnu++17 option to enable C++11 features... (cached) none needed
checking whether we have a suitable tempdir... /tmp
checking whether R CMD SHLIB can already compile programs using OpenMP... yes
checking LAPACK_LIBS... system LAPACK found
configure: creating ./config.status
config.status: creating inst/include/RcppArmadillo/config/RcppArmadilloConfigGenerated.h
config.status: creating src/Makevars
** libs
using C++ compiler: ‘g++ (Ubuntu 13.3.0-6ubuntu2~24.04) 13.3.0’
g++ -std=gnu++17 -I"/usr/local/lib/R/include" -DNDEBUG -I../inst/include -I'/usr/local/lib/R/site-library/Rcpp/include' -I/usr/local/include   -fopenmp -fpic  -g -O2 -fstack-protector-strong -Wformat -Werror=format-security -Wdate-time -D_FORTIFY_SOURCE=2 -g   -c RcppArmadillo.cpp -o RcppArmadillo.o
g++ -std=gnu++17 -I"/usr/local/lib/R/include" -DNDEBUG -I../inst/include -I'/usr/local/lib/R/site-library/Rcpp/include' -I/usr/local/include   -fopenmp -fpic  -g -O2 -fstack-protector-strong -Wformat -Werror=format-security -Wdate-time -D_FORTIFY_SOURCE=2 -g   -c RcppExports.cpp -o RcppExports.o
g++ -std=gnu++17 -I"/usr/local/lib/R/include" -DNDEBUG -I../inst/include -I'/usr/local/lib/R/site-library/Rcpp/include' -I/usr/local/include   -fopenmp -fpic  -g -O2 -fstack-protector-strong -Wformat -Werror=format-security -Wdate-time -D_FORTIFY_SOURCE=2 -g   -c fastLm.cpp -o fastLm.o
g++ -std=gnu++17 -shared -L/usr/local/lib/R/lib -L/usr/local/lib -o RcppArmadillo.so RcppArmadillo.o RcppExports.o fastLm.o -fopenmp -llapack -lblas -lgfortran -lm -lquadmath -L/usr/local/lib/R/lib -lR
installing to /usr/local/lib/R/site-library/00LOCK-RcppArmadillo/00new/RcppArmadillo/libs
** R
** inst
** byte-compile and prepare package for lazy loading
** help
*** installing help indices
** building package indices
** installing vignettes
** testing if installed package can be loaded from temporary location
** checking absolute paths in shared objects and dynamic libraries
** testing if installed package can be loaded from final location
** testing if installed package keeps a record of temporary installation path
* creating tarball
packaged installation of ‘RcppArmadillo’ as ‘RcppArmadillo_14.4.0-1_R_x86_64-pc-linux-gnu.tar.gz’
* DONE (RcppArmadillo)
* installing *source* package ‘nnls’ ...
** this is package ‘nnls’ version ‘1.6’
** package ‘nnls’ successfully unpacked and MD5 sums checked
** using staged installation
** libs
using C compiler: ‘gcc (Ubuntu 13.3.0-6ubuntu2~24.04) 13.3.0’
using Fortran compiler: ‘GNU Fortran (Ubuntu 13.3.0-6ubuntu2~24.04) 13.3.0’
gcc -std=gnu2x -I"/usr/local/lib/R/include" -DNDEBUG   -I/usr/local/include    -fpic  -g -O2 -fstack-protector-strong -Wformat -Werror=format-security -Wdate-time -D_FORTIFY_SOURCE=2 -g  -c init.c -o init.o
gfortran  -fpic  -g -O2  -c lawson_hanson_nnls.f -o lawson_hanson_nnls.o
gfortran  -fpic  -g -O2  -c nnnpls.f -o nnnpls.o
gcc -std=gnu2x -shared -L/usr/local/lib/R/lib -L/usr/local/lib -o nnls.so init.o lawson_hanson_nnls.o nnnpls.o -lgfortran -lm -lquadmath -L/usr/local/lib/R/lib -lR
installing to /usr/local/lib/R/site-library/00LOCK-nnls/00new/nnls/libs
** R
** inst
** byte-compile and prepare package for lazy loading
** help
*** installing help indices
** building package indices
** testing if installed package can be loaded from temporary location
** checking absolute paths in shared objects and dynamic libraries
** testing if installed package can be loaded from final location
** testing if installed package keeps a record of temporary installation path
* creating tarball
packaged installation of ‘nnls’ as ‘nnls_1.6_R_x86_64-pc-linux-gnu.tar.gz’
* DONE (nnls)
* installing *source* package ‘quadprog’ ...
** this is package ‘quadprog’ version ‘1.5-8’
** package ‘quadprog’ successfully unpacked and MD5 sums checked
** using staged installation
** libs
using C compiler: ‘gcc (Ubuntu 13.3.0-6ubuntu2~24.04) 13.3.0’
using Fortran compiler: ‘GNU Fortran (Ubuntu 13.3.0-6ubuntu2~24.04) 13.3.0’
gfortran  -fvisibility=hidden -fpic -g -O2 -msse2 -mfpmath=sse   -fpic  -g -O2  -c aind.f -o aind.o
gcc -std=gnu2x -I"/usr/local/lib/R/include" -DNDEBUG   -I/usr/local/include    -fpic  -g -O2 -fstack-protector-strong -Wformat -Werror=format-security -Wdate-time -D_FORTIFY_SOURCE=2 -g  -c init.c -o init.o
gfortran  -fvisibility=hidden -fpic -g -O2 -msse2 -mfpmath=sse   -fpic  -g -O2  -c solve.QP.compact.f -o solve.QP.compact.o
gfortran  -fvisibility=hidden -fpic -g -O2 -msse2 -mfpmath=sse   -fpic  -g -O2  -c solve.QP.f -o solve.QP.o
gfortran  -fvisibility=hidden -fpic -g -O2 -msse2 -mfpmath=sse   -fpic  -g -O2  -c util.f -o util.o
gcc -std=gnu2x -shared -L/usr/local/lib/R/lib -L/usr/local/lib -o quadprog.so aind.o init.o solve.QP.compact.o solve.QP.o util.o -lblas -lgfortran -lm -lquadmath -lgfortran -lm -lquadmath -L/usr/local/lib/R/lib -lR
installing to /usr/local/lib/R/site-library/00LOCK-quadprog/00new/quadprog/libs
** R
** byte-compile and prepare package for lazy loading
** help
*** installing help indices
** building package indices
** testing if installed package can be loaded from temporary location
** checking absolute paths in shared objects and dynamic libraries
** testing if installed package can be loaded from final location
** testing if installed package keeps a record of temporary installation path
* creating tarball
packaged installation of ‘quadprog’ as ‘quadprog_1.5-8_R_x86_64-pc-linux-gnu.tar.gz’
* DONE (quadprog)
* installing *source* package ‘corpcor’ ...
** this is package ‘corpcor’ version ‘1.6.10’
** package ‘corpcor’ successfully unpacked and MD5 sums checked
** using staged installation
** R
** byte-compile and prepare package for lazy loading
** help
*** installing help indices
** building package indices
** testing if installed package can be loaded from temporary location
** testing if installed package can be loaded from final location
** testing if installed package keeps a record of temporary installation path
* creating tarball
packaged installation of ‘corpcor’ as ‘corpcor_1.6.10_R_x86_64-pc-linux-gnu.tar.gz’
* DONE (corpcor)
* installing *source* package ‘config’ ...
** this is package ‘config’ version ‘0.3.2’
** package ‘config’ successfully unpacked and MD5 sums checked
** using staged installation
** R
** inst
** byte-compile and prepare package for lazy loading
** help
*** installing help indices
*** copying figures
** building package indices
** installing vignettes
** testing if installed package can be loaded from temporary location
** testing if installed package can be loaded from final location
** testing if installed package keeps a record of temporary installation path
* creating tarball
packaged installation of ‘config’ as ‘config_0.3.2_R_x86_64-pc-linux-gnu.tar.gz’
* DONE (config)
* installing *source* package ‘data.table’ ...
** this is package ‘data.table’ version ‘1.17.0’
** package ‘data.table’ successfully unpacked and MD5 sums checked
** using staged installation
gcc -std=gnu2x 13.3.0
zlib 1.3 is available ok
* checking if R installation supports OpenMP without any extra hints... yes
** libs
using C compiler: ‘gcc (Ubuntu 13.3.0-6ubuntu2~24.04) 13.3.0’
gcc -std=gnu2x -I"/usr/local/lib/R/include" -DNDEBUG   -I/usr/local/include   -fopenmp  -fpic  -g -O2 -fstack-protector-strong -Wformat -Werror=format-security -Wdate-time -D_FORTIFY_SOURCE=2 -g  -c assign.c -o assign.o
gcc -std=gnu2x -I"/usr/local/lib/R/include" -DNDEBUG   -I/usr/local/include   -fopenmp  -fpic  -g -O2 -fstack-protector-strong -Wformat -Werror=format-security -Wdate-time -D_FORTIFY_SOURCE=2 -g  -c between.c -o between.o
gcc -std=gnu2x -I"/usr/local/lib/R/include" -DNDEBUG   -I/usr/local/include   -fopenmp  -fpic  -g -O2 -fstack-protector-strong -Wformat -Werror=format-security -Wdate-time -D_FORTIFY_SOURCE=2 -g  -c bmerge.c -o bmerge.o
gcc -std=gnu2x -I"/usr/local/lib/R/include" -DNDEBUG   -I/usr/local/include   -fopenmp  -fpic  -g -O2 -fstack-protector-strong -Wformat -Werror=format-security -Wdate-time -D_FORTIFY_SOURCE=2 -g  -c chmatch.c -o chmatch.o
gcc -std=gnu2x -I"/usr/local/lib/R/include" -DNDEBUG   -I/usr/local/include   -fopenmp  -fpic  -g -O2 -fstack-protector-strong -Wformat -Werror=format-security -Wdate-time -D_FORTIFY_SOURCE=2 -g  -c cj.c -o cj.o
gcc -std=gnu2x -I"/usr/local/lib/R/include" -DNDEBUG   -I/usr/local/include   -fopenmp  -fpic  -g -O2 -fstack-protector-strong -Wformat -Werror=format-security -Wdate-time -D_FORTIFY_SOURCE=2 -g  -c coalesce.c -o coalesce.o
gcc -std=gnu2x -I"/usr/local/lib/R/include" -DNDEBUG   -I/usr/local/include   -fopenmp  -fpic  -g -O2 -fstack-protector-strong -Wformat -Werror=format-security -Wdate-time -D_FORTIFY_SOURCE=2 -g  -c dogroups.c -o dogroups.o
gcc -std=gnu2x -I"/usr/local/lib/R/include" -DNDEBUG   -I/usr/local/include   -fopenmp  -fpic  -g -O2 -fstack-protector-strong -Wformat -Werror=format-security -Wdate-time -D_FORTIFY_SOURCE=2 -g  -c fastmean.c -o fastmean.o
gcc -std=gnu2x -I"/usr/local/lib/R/include" -DNDEBUG   -I/usr/local/include   -fopenmp  -fpic  -g -O2 -fstack-protector-strong -Wformat -Werror=format-security -Wdate-time -D_FORTIFY_SOURCE=2 -g  -c fcast.c -o fcast.o
gcc -std=gnu2x -I"/usr/local/lib/R/include" -DNDEBUG   -I/usr/local/include   -fopenmp  -fpic  -g -O2 -fstack-protector-strong -Wformat -Werror=format-security -Wdate-time -D_FORTIFY_SOURCE=2 -g  -c fifelse.c -o fifelse.o
gcc -std=gnu2x -I"/usr/local/lib/R/include" -DNDEBUG   -I/usr/local/include   -fopenmp  -fpic  -g -O2 -fstack-protector-strong -Wformat -Werror=format-security -Wdate-time -D_FORTIFY_SOURCE=2 -g  -c fmelt.c -o fmelt.o
gcc -std=gnu2x -I"/usr/local/lib/R/include" -DNDEBUG   -I/usr/local/include   -fopenmp  -fpic  -g -O2 -fstack-protector-strong -Wformat -Werror=format-security -Wdate-time -D_FORTIFY_SOURCE=2 -g  -c forder.c -o forder.o
gcc -std=gnu2x -I"/usr/local/lib/R/include" -DNDEBUG   -I/usr/local/include   -fopenmp  -fpic  -g -O2 -fstack-protector-strong -Wformat -Werror=format-security -Wdate-time -D_FORTIFY_SOURCE=2 -g  -c frank.c -o frank.o
gcc -std=gnu2x -I"/usr/local/lib/R/include" -DNDEBUG   -I/usr/local/include   -fopenmp  -fpic  -g -O2 -fstack-protector-strong -Wformat -Werror=format-security -Wdate-time -D_FORTIFY_SOURCE=2 -g  -c fread.c -o fread.o
gcc -std=gnu2x -I"/usr/local/lib/R/include" -DNDEBUG   -I/usr/local/include   -fopenmp  -fpic  -g -O2 -fstack-protector-strong -Wformat -Werror=format-security -Wdate-time -D_FORTIFY_SOURCE=2 -g  -c freadR.c -o freadR.o
gcc -std=gnu2x -I"/usr/local/lib/R/include" -DNDEBUG   -I/usr/local/include   -fopenmp  -fpic  -g -O2 -fstack-protector-strong -Wformat -Werror=format-security -Wdate-time -D_FORTIFY_SOURCE=2 -g  -c froll.c -o froll.o
gcc -std=gnu2x -I"/usr/local/lib/R/include" -DNDEBUG   -I/usr/local/include   -fopenmp  -fpic  -g -O2 -fstack-protector-strong -Wformat -Werror=format-security -Wdate-time -D_FORTIFY_SOURCE=2 -g  -c frollR.c -o frollR.o
gcc -std=gnu2x -I"/usr/local/lib/R/include" -DNDEBUG   -I/usr/local/include   -fopenmp  -fpic  -g -O2 -fstack-protector-strong -Wformat -Werror=format-security -Wdate-time -D_FORTIFY_SOURCE=2 -g  -c frolladaptive.c -o frolladaptive.o
gcc -std=gnu2x -I"/usr/local/lib/R/include" -DNDEBUG   -I/usr/local/include   -fopenmp  -fpic  -g -O2 -fstack-protector-strong -Wformat -Werror=format-security -Wdate-time -D_FORTIFY_SOURCE=2 -g  -c fsort.c -o fsort.o
gcc -std=gnu2x -I"/usr/local/lib/R/include" -DNDEBUG   -I/usr/local/include   -fopenmp  -fpic  -g -O2 -fstack-protector-strong -Wformat -Werror=format-security -Wdate-time -D_FORTIFY_SOURCE=2 -g  -c fwrite.c -o fwrite.o
gcc -std=gnu2x -I"/usr/local/lib/R/include" -DNDEBUG   -I/usr/local/include   -fopenmp  -fpic  -g -O2 -fstack-protector-strong -Wformat -Werror=format-security -Wdate-time -D_FORTIFY_SOURCE=2 -g  -c fwriteR.c -o fwriteR.o
gcc -std=gnu2x -I"/usr/local/lib/R/include" -DNDEBUG   -I/usr/local/include   -fopenmp  -fpic  -g -O2 -fstack-protector-strong -Wformat -Werror=format-security -Wdate-time -D_FORTIFY_SOURCE=2 -g  -c gsumm.c -o gsumm.o
gcc -std=gnu2x -I"/usr/local/lib/R/include" -DNDEBUG   -I/usr/local/include   -fopenmp  -fpic  -g -O2 -fstack-protector-strong -Wformat -Werror=format-security -Wdate-time -D_FORTIFY_SOURCE=2 -g  -c idatetime.c -o idatetime.o
gcc -std=gnu2x -I"/usr/local/lib/R/include" -DNDEBUG   -I/usr/local/include   -fopenmp  -fpic  -g -O2 -fstack-protector-strong -Wformat -Werror=format-security -Wdate-time -D_FORTIFY_SOURCE=2 -g  -c ijoin.c -o ijoin.o
gcc -std=gnu2x -I"/usr/local/lib/R/include" -DNDEBUG   -I/usr/local/include   -fopenmp  -fpic  -g -O2 -fstack-protector-strong -Wformat -Werror=format-security -Wdate-time -D_FORTIFY_SOURCE=2 -g  -c init.c -o init.o
gcc -std=gnu2x -I"/usr/local/lib/R/include" -DNDEBUG   -I/usr/local/include   -fopenmp  -fpic  -g -O2 -fstack-protector-strong -Wformat -Werror=format-security -Wdate-time -D_FORTIFY_SOURCE=2 -g  -c inrange.c -o inrange.o
gcc -std=gnu2x -I"/usr/local/lib/R/include" -DNDEBUG   -I/usr/local/include   -fopenmp  -fpic  -g -O2 -fstack-protector-strong -Wformat -Werror=format-security -Wdate-time -D_FORTIFY_SOURCE=2 -g  -c nafill.c -o nafill.o
gcc -std=gnu2x -I"/usr/local/lib/R/include" -DNDEBUG   -I/usr/local/include   -fopenmp  -fpic  -g -O2 -fstack-protector-strong -Wformat -Werror=format-security -Wdate-time -D_FORTIFY_SOURCE=2 -g  -c negate.c -o negate.o
gcc -std=gnu2x -I"/usr/local/lib/R/include" -DNDEBUG   -I/usr/local/include   -fopenmp  -fpic  -g -O2 -fstack-protector-strong -Wformat -Werror=format-security -Wdate-time -D_FORTIFY_SOURCE=2 -g  -c nqrecreateindices.c -o nqrecreateindices.o
gcc -std=gnu2x -I"/usr/local/lib/R/include" -DNDEBUG   -I/usr/local/include   -fopenmp  -fpic  -g -O2 -fstack-protector-strong -Wformat -Werror=format-security -Wdate-time -D_FORTIFY_SOURCE=2 -g  -c openmp-utils.c -o openmp-utils.o
gcc -std=gnu2x -I"/usr/local/lib/R/include" -DNDEBUG   -I/usr/local/include   -fopenmp  -fpic  -g -O2 -fstack-protector-strong -Wformat -Werror=format-security -Wdate-time -D_FORTIFY_SOURCE=2 -g  -c programming.c -o programming.o
gcc -std=gnu2x -I"/usr/local/lib/R/include" -DNDEBUG   -I/usr/local/include   -fopenmp  -fpic  -g -O2 -fstack-protector-strong -Wformat -Werror=format-security -Wdate-time -D_FORTIFY_SOURCE=2 -g  -c quickselect.c -o quickselect.o
gcc -std=gnu2x -I"/usr/local/lib/R/include" -DNDEBUG   -I/usr/local/include   -fopenmp  -fpic  -g -O2 -fstack-protector-strong -Wformat -Werror=format-security -Wdate-time -D_FORTIFY_SOURCE=2 -g  -c rbindlist.c -o rbindlist.o
gcc -std=gnu2x -I"/usr/local/lib/R/include" -DNDEBUG   -I/usr/local/include   -fopenmp  -fpic  -g -O2 -fstack-protector-strong -Wformat -Werror=format-security -Wdate-time -D_FORTIFY_SOURCE=2 -g  -c reorder.c -o reorder.o
gcc -std=gnu2x -I"/usr/local/lib/R/include" -DNDEBUG   -I/usr/local/include   -fopenmp  -fpic  -g -O2 -fstack-protector-strong -Wformat -Werror=format-security -Wdate-time -D_FORTIFY_SOURCE=2 -g  -c shift.c -o shift.o
gcc -std=gnu2x -I"/usr/local/lib/R/include" -DNDEBUG   -I/usr/local/include   -fopenmp  -fpic  -g -O2 -fstack-protector-strong -Wformat -Werror=format-security -Wdate-time -D_FORTIFY_SOURCE=2 -g  -c snprintf.c -o snprintf.o
gcc -std=gnu2x -I"/usr/local/lib/R/include" -DNDEBUG   -I/usr/local/include   -fopenmp  -fpic  -g -O2 -fstack-protector-strong -Wformat -Werror=format-security -Wdate-time -D_FORTIFY_SOURCE=2 -g  -c subset.c -o subset.o
gcc -std=gnu2x -I"/usr/local/lib/R/include" -DNDEBUG   -I/usr/local/include   -fopenmp  -fpic  -g -O2 -fstack-protector-strong -Wformat -Werror=format-security -Wdate-time -D_FORTIFY_SOURCE=2 -g  -c transpose.c -o transpose.o
gcc -std=gnu2x -I"/usr/local/lib/R/include" -DNDEBUG   -I/usr/local/include   -fopenmp  -fpic  -g -O2 -fstack-protector-strong -Wformat -Werror=format-security -Wdate-time -D_FORTIFY_SOURCE=2 -g  -c types.c -o types.o
gcc -std=gnu2x -I"/usr/local/lib/R/include" -DNDEBUG   -I/usr/local/include   -fopenmp  -fpic  -g -O2 -fstack-protector-strong -Wformat -Werror=format-security -Wdate-time -D_FORTIFY_SOURCE=2 -g  -c uniqlist.c -o uniqlist.o
gcc -std=gnu2x -I"/usr/local/lib/R/include" -DNDEBUG   -I/usr/local/include   -fopenmp  -fpic  -g -O2 -fstack-protector-strong -Wformat -Werror=format-security -Wdate-time -D_FORTIFY_SOURCE=2 -g  -c utils.c -o utils.o
gcc -std=gnu2x -I"/usr/local/lib/R/include" -DNDEBUG   -I/usr/local/include   -fopenmp  -fpic  -g -O2 -fstack-protector-strong -Wformat -Werror=format-security -Wdate-time -D_FORTIFY_SOURCE=2 -g  -c vecseq.c -o vecseq.o
gcc -std=gnu2x -I"/usr/local/lib/R/include" -DNDEBUG   -I/usr/local/include   -fopenmp  -fpic  -g -O2 -fstack-protector-strong -Wformat -Werror=format-security -Wdate-time -D_FORTIFY_SOURCE=2 -g  -c wrappers.c -o wrappers.o
gcc -std=gnu2x -shared -L/usr/local/lib/R/lib -L/usr/local/lib -o data.table.so assign.o between.o bmerge.o chmatch.o cj.o coalesce.o dogroups.o fastmean.o fcast.o fifelse.o fmelt.o forder.o frank.o fread.o freadR.o froll.o frollR.o frolladaptive.o fsort.o fwrite.o fwriteR.o gsumm.o idatetime.o ijoin.o init.o inrange.o nafill.o negate.o nqrecreateindices.o openmp-utils.o programming.o quickselect.o rbindlist.o reorder.o shift.o snprintf.o subset.o transpose.o types.o uniqlist.o utils.o vecseq.o wrappers.o -fopenmp -lz -L/usr/local/lib/R/lib -lR
PKG_CFLAGS = -fopenmp
PKG_LIBS = -fopenmp -lz
if [ "data.table.so" != "data_table.so" ]; then mv data.table.so data_table.so; fi
if [ "" != "Windows_NT" ] && [ `uname -s` = 'Darwin' ]; then install_name_tool -id data_table.so data_table.so; fi
installing to /usr/local/lib/R/site-library/00LOCK-data.table/00new/data.table/libs
** R
** inst
** byte-compile and prepare package for lazy loading
** help
*** installing help indices
** building package indices
** installing vignettes
** testing if installed package can be loaded from temporary location
** checking absolute paths in shared objects and dynamic libraries
** testing if installed package can be loaded from final location
** testing if installed package keeps a record of temporary installation path
* creating tarball
packaged installation of ‘data.table’ as ‘data.table_1.17.0_R_x86_64-pc-linux-gnu.tar.gz’
* DONE (data.table)
* installing *source* package ‘matrixcalc’ ...
** this is package ‘matrixcalc’ version ‘1.0-6’
** package ‘matrixcalc’ successfully unpacked and MD5 sums checked
** using staged installation
** R
** byte-compile and prepare package for lazy loading
** help
*** installing help indices
** building package indices
** testing if installed package can be loaded from temporary location
** testing if installed package can be loaded from final location
** testing if installed package keeps a record of temporary installation path
* creating tarball
packaged installation of ‘matrixcalc’ as ‘matrixcalc_1.0-6_R_x86_64-pc-linux-gnu.tar.gz’
* DONE (matrixcalc)
* installing *source* package ‘matrixStats’ ...
** this is package ‘matrixStats’ version ‘1.5.0’
** package ‘matrixStats’ successfully unpacked and MD5 sums checked
** using staged installation
** libs
using C compiler: ‘gcc (Ubuntu 13.3.0-6ubuntu2~24.04) 13.3.0’
gcc -std=gnu2x -I"/usr/local/lib/R/include" -DNDEBUG   -I/usr/local/include    -fpic  -g -O2 -fstack-protector-strong -Wformat -Werror=format-security -Wdate-time -D_FORTIFY_SOURCE=2 -g  -c 000.init.c -o 000.init.o
gcc -std=gnu2x -I"/usr/local/lib/R/include" -DNDEBUG   -I/usr/local/include    -fpic  -g -O2 -fstack-protector-strong -Wformat -Werror=format-security -Wdate-time -D_FORTIFY_SOURCE=2 -g  -c allocMatrix2.c -o allocMatrix2.o
gcc -std=gnu2x -I"/usr/local/lib/R/include" -DNDEBUG   -I/usr/local/include    -fpic  -g -O2 -fstack-protector-strong -Wformat -Werror=format-security -Wdate-time -D_FORTIFY_SOURCE=2 -g  -c anyMissing.c -o anyMissing.o
gcc -std=gnu2x -I"/usr/local/lib/R/include" -DNDEBUG   -I/usr/local/include    -fpic  -g -O2 -fstack-protector-strong -Wformat -Werror=format-security -Wdate-time -D_FORTIFY_SOURCE=2 -g  -c binCounts.c -o binCounts.o
gcc -std=gnu2x -I"/usr/local/lib/R/include" -DNDEBUG   -I/usr/local/include    -fpic  -g -O2 -fstack-protector-strong -Wformat -Werror=format-security -Wdate-time -D_FORTIFY_SOURCE=2 -g  -c binMeans.c -o binMeans.o
gcc -std=gnu2x -I"/usr/local/lib/R/include" -DNDEBUG   -I/usr/local/include    -fpic  -g -O2 -fstack-protector-strong -Wformat -Werror=format-security -Wdate-time -D_FORTIFY_SOURCE=2 -g  -c colCounts.c -o colCounts.o
gcc -std=gnu2x -I"/usr/local/lib/R/include" -DNDEBUG   -I/usr/local/include    -fpic  -g -O2 -fstack-protector-strong -Wformat -Werror=format-security -Wdate-time -D_FORTIFY_SOURCE=2 -g  -c colOrderStats.c -o colOrderStats.o
gcc -std=gnu2x -I"/usr/local/lib/R/include" -DNDEBUG   -I/usr/local/include    -fpic  -g -O2 -fstack-protector-strong -Wformat -Werror=format-security -Wdate-time -D_FORTIFY_SOURCE=2 -g  -c colRanges.c -o colRanges.o
gcc -std=gnu2x -I"/usr/local/lib/R/include" -DNDEBUG   -I/usr/local/include    -fpic  -g -O2 -fstack-protector-strong -Wformat -Werror=format-security -Wdate-time -D_FORTIFY_SOURCE=2 -g  -c diff2.c -o diff2.o
gcc -std=gnu2x -I"/usr/local/lib/R/include" -DNDEBUG   -I/usr/local/include    -fpic  -g -O2 -fstack-protector-strong -Wformat -Werror=format-security -Wdate-time -D_FORTIFY_SOURCE=2 -g  -c indexByRow.c -o indexByRow.o
gcc -std=gnu2x -I"/usr/local/lib/R/include" -DNDEBUG   -I/usr/local/include    -fpic  -g -O2 -fstack-protector-strong -Wformat -Werror=format-security -Wdate-time -D_FORTIFY_SOURCE=2 -g  -c logSumExp.c -o logSumExp.o
gcc -std=gnu2x -I"/usr/local/lib/R/include" -DNDEBUG   -I/usr/local/include    -fpic  -g -O2 -fstack-protector-strong -Wformat -Werror=format-security -Wdate-time -D_FORTIFY_SOURCE=2 -g  -c mean2.c -o mean2.o
gcc -std=gnu2x -I"/usr/local/lib/R/include" -DNDEBUG   -I/usr/local/include    -fpic  -g -O2 -fstack-protector-strong -Wformat -Werror=format-security -Wdate-time -D_FORTIFY_SOURCE=2 -g  -c naming.c -o naming.o
gcc -std=gnu2x -I"/usr/local/lib/R/include" -DNDEBUG   -I/usr/local/include    -fpic  -g -O2 -fstack-protector-strong -Wformat -Werror=format-security -Wdate-time -D_FORTIFY_SOURCE=2 -g  -c productExpSumLog.c -o productExpSumLog.o
gcc -std=gnu2x -I"/usr/local/lib/R/include" -DNDEBUG   -I/usr/local/include    -fpic  -g -O2 -fstack-protector-strong -Wformat -Werror=format-security -Wdate-time -D_FORTIFY_SOURCE=2 -g  -c psortKM.c -o psortKM.o
gcc -std=gnu2x -I"/usr/local/lib/R/include" -DNDEBUG   -I/usr/local/include    -fpic  -g -O2 -fstack-protector-strong -Wformat -Werror=format-security -Wdate-time -D_FORTIFY_SOURCE=2 -g  -c rowCounts.c -o rowCounts.o
gcc -std=gnu2x -I"/usr/local/lib/R/include" -DNDEBUG   -I/usr/local/include    -fpic  -g -O2 -fstack-protector-strong -Wformat -Werror=format-security -Wdate-time -D_FORTIFY_SOURCE=2 -g  -c rowCummaxs.c -o rowCummaxs.o
gcc -std=gnu2x -I"/usr/local/lib/R/include" -DNDEBUG   -I/usr/local/include    -fpic  -g -O2 -fstack-protector-strong -Wformat -Werror=format-security -Wdate-time -D_FORTIFY_SOURCE=2 -g  -c rowCummins.c -o rowCummins.o
gcc -std=gnu2x -I"/usr/local/lib/R/include" -DNDEBUG   -I/usr/local/include    -fpic  -g -O2 -fstack-protector-strong -Wformat -Werror=format-security -Wdate-time -D_FORTIFY_SOURCE=2 -g  -c rowCumprods.c -o rowCumprods.o
gcc -std=gnu2x -I"/usr/local/lib/R/include" -DNDEBUG   -I/usr/local/include    -fpic  -g -O2 -fstack-protector-strong -Wformat -Werror=format-security -Wdate-time -D_FORTIFY_SOURCE=2 -g  -c rowCumsums.c -o rowCumsums.o
gcc -std=gnu2x -I"/usr/local/lib/R/include" -DNDEBUG   -I/usr/local/include    -fpic  -g -O2 -fstack-protector-strong -Wformat -Werror=format-security -Wdate-time -D_FORTIFY_SOURCE=2 -g  -c rowDiffs.c -o rowDiffs.o
gcc -std=gnu2x -I"/usr/local/lib/R/include" -DNDEBUG   -I/usr/local/include    -fpic  -g -O2 -fstack-protector-strong -Wformat -Werror=format-security -Wdate-time -D_FORTIFY_SOURCE=2 -g  -c rowLogSumExp.c -o rowLogSumExp.o
gcc -std=gnu2x -I"/usr/local/lib/R/include" -DNDEBUG   -I/usr/local/include    -fpic  -g -O2 -fstack-protector-strong -Wformat -Werror=format-security -Wdate-time -D_FORTIFY_SOURCE=2 -g  -c rowMads.c -o rowMads.o
gcc -std=gnu2x -I"/usr/local/lib/R/include" -DNDEBUG   -I/usr/local/include    -fpic  -g -O2 -fstack-protector-strong -Wformat -Werror=format-security -Wdate-time -D_FORTIFY_SOURCE=2 -g  -c rowMeans2.c -o rowMeans2.o
gcc -std=gnu2x -I"/usr/local/lib/R/include" -DNDEBUG   -I/usr/local/include    -fpic  -g -O2 -fstack-protector-strong -Wformat -Werror=format-security -Wdate-time -D_FORTIFY_SOURCE=2 -g  -c rowMedians.c -o rowMedians.o
gcc -std=gnu2x -I"/usr/local/lib/R/include" -DNDEBUG   -I/usr/local/include    -fpic  -g -O2 -fstack-protector-strong -Wformat -Werror=format-security -Wdate-time -D_FORTIFY_SOURCE=2 -g  -c rowOrderStats.c -o rowOrderStats.o
gcc -std=gnu2x -I"/usr/local/lib/R/include" -DNDEBUG   -I/usr/local/include    -fpic  -g -O2 -fstack-protector-strong -Wformat -Werror=format-security -Wdate-time -D_FORTIFY_SOURCE=2 -g  -c rowRanges.c -o rowRanges.o
gcc -std=gnu2x -I"/usr/local/lib/R/include" -DNDEBUG   -I/usr/local/include    -fpic  -g -O2 -fstack-protector-strong -Wformat -Werror=format-security -Wdate-time -D_FORTIFY_SOURCE=2 -g  -c rowRanksWithTies.c -o rowRanksWithTies.o
gcc -std=gnu2x -I"/usr/local/lib/R/include" -DNDEBUG   -I/usr/local/include    -fpic  -g -O2 -fstack-protector-strong -Wformat -Werror=format-security -Wdate-time -D_FORTIFY_SOURCE=2 -g  -c rowSums2.c -o rowSums2.o
gcc -std=gnu2x -I"/usr/local/lib/R/include" -DNDEBUG   -I/usr/local/include    -fpic  -g -O2 -fstack-protector-strong -Wformat -Werror=format-security -Wdate-time -D_FORTIFY_SOURCE=2 -g  -c rowVars.c -o rowVars.o
gcc -std=gnu2x -I"/usr/local/lib/R/include" -DNDEBUG   -I/usr/local/include    -fpic  -g -O2 -fstack-protector-strong -Wformat -Werror=format-security -Wdate-time -D_FORTIFY_SOURCE=2 -g  -c signTabulate.c -o signTabulate.o
gcc -std=gnu2x -I"/usr/local/lib/R/include" -DNDEBUG   -I/usr/local/include    -fpic  -g -O2 -fstack-protector-strong -Wformat -Werror=format-security -Wdate-time -D_FORTIFY_SOURCE=2 -g  -c sum2.c -o sum2.o
gcc -std=gnu2x -I"/usr/local/lib/R/include" -DNDEBUG   -I/usr/local/include    -fpic  -g -O2 -fstack-protector-strong -Wformat -Werror=format-security -Wdate-time -D_FORTIFY_SOURCE=2 -g  -c validateIndices.c -o validateIndices.o
gcc -std=gnu2x -I"/usr/local/lib/R/include" -DNDEBUG   -I/usr/local/include    -fpic  -g -O2 -fstack-protector-strong -Wformat -Werror=format-security -Wdate-time -D_FORTIFY_SOURCE=2 -g  -c weightedMean.c -o weightedMean.o
gcc -std=gnu2x -I"/usr/local/lib/R/include" -DNDEBUG   -I/usr/local/include    -fpic  -g -O2 -fstack-protector-strong -Wformat -Werror=format-security -Wdate-time -D_FORTIFY_SOURCE=2 -g  -c weightedMedian.c -o weightedMedian.o
gcc -std=gnu2x -I"/usr/local/lib/R/include" -DNDEBUG   -I/usr/local/include    -fpic  -g -O2 -fstack-protector-strong -Wformat -Werror=format-security -Wdate-time -D_FORTIFY_SOURCE=2 -g  -c x_OP_y.c -o x_OP_y.o
gcc -std=gnu2x -shared -L/usr/local/lib/R/lib -L/usr/local/lib -o matrixStats.so 000.init.o allocMatrix2.o anyMissing.o binCounts.o binMeans.o colCounts.o colOrderStats.o colRanges.o diff2.o indexByRow.o logSumExp.o mean2.o naming.o productExpSumLog.o psortKM.o rowCounts.o rowCummaxs.o rowCummins.o rowCumprods.o rowCumsums.o rowDiffs.o rowLogSumExp.o rowMads.o rowMeans2.o rowMedians.o rowOrderStats.o rowRanges.o rowRanksWithTies.o rowSums2.o rowVars.o signTabulate.o sum2.o validateIndices.o weightedMean.o weightedMedian.o x_OP_y.o -L/usr/local/lib/R/lib -lR
installing to /usr/local/lib/R/site-library/00LOCK-matrixStats/00new/matrixStats/libs
** R
** inst
** byte-compile and prepare package for lazy loading
** help
*** installing help indices
** building package indices
** installing vignettes
** testing if installed package can be loaded from temporary location
** checking absolute paths in shared objects and dynamic libraries
** testing if installed package can be loaded from final location
** testing if installed package keeps a record of temporary installation path
* creating tarball
packaged installation of ‘matrixStats’ as ‘matrixStats_1.5.0_R_x86_64-pc-linux-gnu.tar.gz’
* DONE (matrixStats)
* installing *source* package ‘nloptr’ ...
** this is package ‘nloptr’ version ‘2.2.1’
** package ‘nloptr’ successfully unpacked and MD5 sums checked
** using staged installation
checking whether the C++ compiler works... yes
checking for C++ compiler default output file name... a.out
checking for suffix of executables... 
checking whether we are cross compiling... no
checking for suffix of object files... o
checking whether the compiler supports GNU C++... yes
checking whether g++ -std=gnu++17 accepts -g... yes
checking for g++ -std=gnu++17 option to enable C++11 features... none needed
checking how to run the C++ preprocessor... g++ -std=gnu++17 -E
checking whether the compiler supports GNU C++... (cached) yes
checking whether g++ -std=gnu++17 accepts -g... (cached) yes
checking for g++ -std=gnu++17 option to enable C++11 features... (cached) none needed
checking for pkg-config... /usr/bin/pkg-config
checking if pkg-config knows NLopt... no
checking for cmake... /usr/bin/cmake
using cmake via /usr/bin/cmake
using NLopt via local cmake build on x86_64
set CC=gcc -std=gnu2x
set CFLAGS=-I/usr/local/include -fpic -g -O2 -fstack-protector-strong -Wformat -Werror=format-security -Wdate-time -D_FORTIFY_SOURCE=2 -g
set CXX=g++
set CXXFLAGS=-std=gnu++11 -I/usr/local/include -fpic -g -O2 -fstack-protector-strong -Wformat -Werror=format-security -Wdate-time -D_FORTIFY_SOURCE=2 -g
set LDFLAGS=-L/usr/local/lib
-- The C compiler identification is GNU 13.3.0
-- The CXX compiler identification is GNU 13.3.0
-- Detecting C compiler ABI info
-- Detecting C compiler ABI info - done
-- Check for working C compiler: /usr/bin/gcc - skipped
-- Detecting C compile features
-- Detecting C compile features - done
-- Detecting CXX compiler ABI info
-- Detecting CXX compiler ABI info - done
-- Check for working CXX compiler: /usr/bin/g++ - skipped
-- Detecting CXX compile features
-- Detecting CXX compile features - done
-- NLopt version 2.10.0
-- Looking for getopt.h
-- Looking for getopt.h - found
-- Looking for unistd.h
-- Looking for unistd.h - found
-- Looking for stdint.h
-- Looking for stdint.h - found
-- Looking for time.h
-- Looking for time.h - found
-- Looking for sys/time.h
-- Looking for sys/time.h - found
-- Looking for getpid
-- Looking for getpid - found
-- Looking for syscall
-- Looking for syscall - found
-- Looking for isinf
-- Looking for isinf - found
-- Looking for isnan
-- Looking for isnan - found
-- Looking for gettimeofday
-- Looking for gettimeofday - found
-- Looking for qsort_r
-- Looking for qsort_r - found
-- Looking for time
-- Looking for time - found
-- Looking for copysign
-- Looking for copysign - found
-- Looking for getopt
-- Looking for getopt - found
-- Looking for sys/types.h
-- Looking for sys/types.h - found
-- Looking for stddef.h
-- Looking for stddef.h - found
-- Check size of uint32_t
-- Check size of uint32_t - done
-- Check size of unsigned int
-- Check size of unsigned int - done
-- Check size of unsigned long
-- Check size of unsigned long - done
-- Looking for sqrt in m
-- Looking for sqrt in m - found
-- Looking for fpclassify
-- Looking for fpclassify - TRUE
-- Performing Test HAVE_THREAD_LOCAL_STORAGE
-- Performing Test HAVE_THREAD_LOCAL_STORAGE - Success
-- Performing Test HAVE_THREAD_LOCAL_STORAGE
-- Performing Test HAVE_THREAD_LOCAL_STORAGE - Failed
-- Looking for __cplusplus
-- Looking for __cplusplus - found
-- Found JNI: /usr/lib/jvm/default-java/include  found components: JVM 
-- Found Java: /usr/bin/java (found suitable version "21.0.6", minimum required is "1.5") 
-- Configuring done (3.5s)
-- Generating done (0.0s)
-- Build files have been written to: /tmp/RtmpgqtBbw/R.INSTALLc8f1ea8dba1/nloptr/src/nlopt-build
[  2%] Generating nlopt.hpp
[  2%] Built target generate-cpp
[  4%] Building C object CMakeFiles/nlopt.dir/src/algs/direct/DIRect.c.o
[  6%] Building C object CMakeFiles/nlopt.dir/src/algs/direct/direct_wrap.c.o
[  8%] Building C object CMakeFiles/nlopt.dir/src/algs/direct/DIRserial.c.o
[ 10%] Building C object CMakeFiles/nlopt.dir/src/algs/direct/DIRsubrout.c.o
[ 12%] Building C object CMakeFiles/nlopt.dir/src/algs/cdirect/cdirect.c.o
[ 14%] Building C object CMakeFiles/nlopt.dir/src/algs/cdirect/hybrid.c.o
[ 16%] Building C object CMakeFiles/nlopt.dir/src/algs/praxis/praxis.c.o
[ 18%] Building C object CMakeFiles/nlopt.dir/src/algs/crs/crs.c.o
[ 20%] Building C object CMakeFiles/nlopt.dir/src/algs/mlsl/mlsl.c.o
[ 22%] Building C object CMakeFiles/nlopt.dir/src/algs/mma/mma.c.o
[ 24%] Building C object CMakeFiles/nlopt.dir/src/algs/mma/ccsa_quadratic.c.o
[ 26%] Building C object CMakeFiles/nlopt.dir/src/algs/cobyla/cobyla.c.o
[ 28%] Building C object CMakeFiles/nlopt.dir/src/algs/newuoa/newuoa.c.o
[ 30%] Building C object CMakeFiles/nlopt.dir/src/algs/neldermead/nldrmd.c.o
[ 32%] Building C object CMakeFiles/nlopt.dir/src/algs/neldermead/sbplx.c.o
[ 34%] Building C object CMakeFiles/nlopt.dir/src/algs/auglag/auglag.c.o
[ 36%] Building C object CMakeFiles/nlopt.dir/src/algs/bobyqa/bobyqa.c.o
[ 38%] Building C object CMakeFiles/nlopt.dir/src/algs/isres/isres.c.o
[ 40%] Building C object CMakeFiles/nlopt.dir/src/algs/slsqp/slsqp.c.o
[ 42%] Building C object CMakeFiles/nlopt.dir/src/algs/esch/esch.c.o
[ 44%] Building C object CMakeFiles/nlopt.dir/src/api/general.c.o
[ 46%] Building C object CMakeFiles/nlopt.dir/src/api/options.c.o
[ 48%] Building C object CMakeFiles/nlopt.dir/src/api/optimize.c.o
[ 51%] Building C object CMakeFiles/nlopt.dir/src/api/deprecated.c.o
[ 53%] Building C object CMakeFiles/nlopt.dir/src/api/f77api.c.o
[ 55%] Building C object CMakeFiles/nlopt.dir/src/util/mt19937ar.c.o
[ 57%] Building C object CMakeFiles/nlopt.dir/src/util/sobolseq.c.o
[ 59%] Building C object CMakeFiles/nlopt.dir/src/util/timer.c.o
[ 61%] Building C object CMakeFiles/nlopt.dir/src/util/stop.c.o
[ 63%] Building C object CMakeFiles/nlopt.dir/src/util/redblack.c.o
[ 65%] Building C object CMakeFiles/nlopt.dir/src/util/qsort_r.c.o
[ 67%] Building C object CMakeFiles/nlopt.dir/src/util/rescale.c.o
[ 69%] Building C object CMakeFiles/nlopt.dir/src/algs/luksan/plis.c.o
[ 71%] Building C object CMakeFiles/nlopt.dir/src/algs/luksan/plip.c.o
[ 73%] Building C object CMakeFiles/nlopt.dir/src/algs/luksan/pnet.c.o
[ 75%] Building C object CMakeFiles/nlopt.dir/src/algs/luksan/mssubs.c.o
[ 77%] Building C object CMakeFiles/nlopt.dir/src/algs/luksan/pssubs.c.o
[ 79%] Building CXX object CMakeFiles/nlopt.dir/src/algs/stogo/global.cc.o
[ 81%] Building CXX object CMakeFiles/nlopt.dir/src/algs/stogo/linalg.cc.o
[ 83%] Building CXX object CMakeFiles/nlopt.dir/src/algs/stogo/local.cc.o
[ 85%] Building CXX object CMakeFiles/nlopt.dir/src/algs/stogo/stogo.cc.o
[ 87%] Building CXX object CMakeFiles/nlopt.dir/src/algs/stogo/tools.cc.o
[ 89%] Building CXX object CMakeFiles/nlopt.dir/src/algs/ags/evolvent.cc.o
[ 91%] Building CXX object CMakeFiles/nlopt.dir/src/algs/ags/solver.cc.o
[ 93%] Building CXX object CMakeFiles/nlopt.dir/src/algs/ags/local_optimizer.cc.o
[ 95%] Building CXX object CMakeFiles/nlopt.dir/src/algs/ags/ags.cc.o
[ 97%] Linking CXX static library libnlopt.a
[100%] Built target nlopt
[  2%] Built target generate-cpp
[100%] Built target nlopt
Install the project...
-- Install configuration: "Release"
-- Installing: /tmp/RtmpgqtBbw/R.INSTALLc8f1ea8dba1/nloptr/src/nlopt/lib/pkgconfig/nlopt.pc
-- Installing: /tmp/RtmpgqtBbw/R.INSTALLc8f1ea8dba1/nloptr/src/nlopt/include/nlopt.h
-- Installing: /tmp/RtmpgqtBbw/R.INSTALLc8f1ea8dba1/nloptr/src/nlopt/include/nlopt.hpp
-- Installing: /tmp/RtmpgqtBbw/R.INSTALLc8f1ea8dba1/nloptr/src/nlopt/lib/libnlopt.a
-- Installing: /tmp/RtmpgqtBbw/R.INSTALLc8f1ea8dba1/nloptr/src/nlopt/share/man/man3/nlopt.3
-- Installing: /tmp/RtmpgqtBbw/R.INSTALLc8f1ea8dba1/nloptr/src/nlopt/share/man/man3/nlopt_minimize.3
-- Installing: /tmp/RtmpgqtBbw/R.INSTALLc8f1ea8dba1/nloptr/src/nlopt/share/man/man3/nlopt_minimize_constrained.3
-- Installing: /tmp/RtmpgqtBbw/R.INSTALLc8f1ea8dba1/nloptr/src/nlopt/lib/cmake/nlopt/NLoptLibraryDepends.cmake
-- Installing: /tmp/RtmpgqtBbw/R.INSTALLc8f1ea8dba1/nloptr/src/nlopt/lib/cmake/nlopt/NLoptLibraryDepends-release.cmake
-- Installing: /tmp/RtmpgqtBbw/R.INSTALLc8f1ea8dba1/nloptr/src/nlopt/lib/cmake/nlopt/NLoptConfig.cmake
-- Installing: /tmp/RtmpgqtBbw/R.INSTALLc8f1ea8dba1/nloptr/src/nlopt/lib/cmake/nlopt/NLoptConfigVersion.cmake
Moving nlopt/lib to nlopt/lib
mv: cannot move 'nlopt/lib' to a subdirectory of itself, 'nlopt/lib/lib'
Copying headers found in src/nlopt/include into inst/include
configure: creating ./config.status
config.status: creating src/Makevars
** libs
using C compiler: ‘gcc (Ubuntu 13.3.0-6ubuntu2~24.04) 13.3.0’
using C++ compiler: ‘g++ (Ubuntu 13.3.0-6ubuntu2~24.04) 13.3.0’
g++ -std=gnu++17 -I"/usr/local/lib/R/include" -DNDEBUG -Inlopt/include  -I/usr/local/include    -fpic  -g -O2 -fstack-protector-strong -Wformat -Werror=format-security -Wdate-time -D_FORTIFY_SOURCE=2 -g   -c dummy.cpp -o dummy.o
gcc -std=gnu2x -I"/usr/local/lib/R/include" -DNDEBUG -Inlopt/include  -I/usr/local/include    -fpic  -g -O2 -fstack-protector-strong -Wformat -Werror=format-security -Wdate-time -D_FORTIFY_SOURCE=2 -g  -c init_nloptr.c -o init_nloptr.o
gcc -std=gnu2x -I"/usr/local/lib/R/include" -DNDEBUG -Inlopt/include  -I/usr/local/include    -fpic  -g -O2 -fstack-protector-strong -Wformat -Werror=format-security -Wdate-time -D_FORTIFY_SOURCE=2 -g  -c nloptr.c -o nloptr.o
g++ -std=gnu++17 -shared -L/usr/local/lib/R/lib -L/usr/local/lib -o nloptr.so dummy.o init_nloptr.o nloptr.o -llapack -lblas -lgfortran -lm -lquadmath nlopt/lib/libnlopt.a -L/usr/local/lib/R/lib -lR
installing to /usr/local/lib/R/site-library/00LOCK-nloptr/00new/nloptr/libs
** R
** inst
** byte-compile and prepare package for lazy loading
** help
*** installing help indices
*** copying figures
** building package indices
** installing vignettes
** testing if installed package can be loaded from temporary location
** checking absolute paths in shared objects and dynamic libraries
** testing if installed package can be loaded from final location
** testing if installed package keeps a record of temporary installation path
* creating tarball
packaged installation of ‘nloptr’ as ‘nloptr_2.2.1_R_x86_64-pc-linux-gnu.tar.gz’
* DONE (nloptr)
* installing *source* package ‘pracma’ ...
** this is package ‘pracma’ version ‘2.4.4’
** package ‘pracma’ successfully unpacked and MD5 sums checked
** using staged installation
** R
** data
*** moving datasets to lazyload DB
** demo
** byte-compile and prepare package for lazy loading
** help
*** installing help indices
** building package indices
** testing if installed package can be loaded from temporary location
** testing if installed package can be loaded from final location
** testing if installed package keeps a record of temporary installation path
* creating tarball
packaged installation of ‘pracma’ as ‘pracma_2.4.4_R_x86_64-pc-linux-gnu.tar.gz’
* DONE (pracma)
* installing *source* package ‘rsvd’ ...
** this is package ‘rsvd’ version ‘1.0.5’
** package ‘rsvd’ successfully unpacked and MD5 sums checked
** using staged installation
** R
** data
*** moving datasets to lazyload DB
** inst
** byte-compile and prepare package for lazy loading
** help
*** installing help indices
** building package indices
** testing if installed package can be loaded from temporary location
** testing if installed package can be loaded from final location
** testing if installed package keeps a record of temporary installation path
* creating tarball
packaged installation of ‘rsvd’ as ‘rsvd_1.0.5_R_x86_64-pc-linux-gnu.tar.gz’
* DONE (rsvd)
* installing *source* package ‘generics’ ...
** this is package ‘generics’ version ‘0.1.3’
** package ‘generics’ successfully unpacked and MD5 sums checked
** using staged installation
** R
** byte-compile and prepare package for lazy loading
** help
*** installing help indices
** building package indices
** testing if installed package can be loaded from temporary location
** testing if installed package can be loaded from final location
** testing if installed package keeps a record of temporary installation path
* creating tarball
packaged installation of ‘generics’ as ‘generics_0.1.3_R_x86_64-pc-linux-gnu.tar.gz’
* DONE (generics)
* installing *source* package ‘tidyselect’ ...
** this is package ‘tidyselect’ version ‘1.2.1’
** package ‘tidyselect’ successfully unpacked and MD5 sums checked
** using staged installation
** R
** inst
** byte-compile and prepare package for lazy loading
** help
*** installing help indices
** building package indices
** installing vignettes
** testing if installed package can be loaded from temporary location
** testing if installed package can be loaded from final location
** testing if installed package keeps a record of temporary installation path
* creating tarball
packaged installation of ‘tidyselect’ as ‘tidyselect_1.2.1_R_x86_64-pc-linux-gnu.tar.gz’
* DONE (tidyselect)
* installing *source* package ‘locfit’ ...
** this is package ‘locfit’ version ‘1.5-9.12’
** package ‘locfit’ successfully unpacked and MD5 sums checked
** using staged installation
** libs
using C compiler: ‘gcc (Ubuntu 13.3.0-6ubuntu2~24.04) 13.3.0’
gcc -std=gnu17 -I"/usr/local/lib/R/include" -DNDEBUG   -I/usr/local/include    -fpic  -g -O2 -fstack-protector-strong -Wformat -Werror=format-security -Wdate-time -D_FORTIFY_SOURCE=2 -g  -c S_enter.c -o S_enter.o
gcc -std=gnu17 -I"/usr/local/lib/R/include" -DNDEBUG   -I/usr/local/include    -fpic  -g -O2 -fstack-protector-strong -Wformat -Werror=format-security -Wdate-time -D_FORTIFY_SOURCE=2 -g  -c band.c -o band.o
gcc -std=gnu17 -I"/usr/local/lib/R/include" -DNDEBUG   -I/usr/local/include    -fpic  -g -O2 -fstack-protector-strong -Wformat -Werror=format-security -Wdate-time -D_FORTIFY_SOURCE=2 -g  -c dbinom.c -o dbinom.o
gcc -std=gnu17 -I"/usr/local/lib/R/include" -DNDEBUG   -I/usr/local/include    -fpic  -g -O2 -fstack-protector-strong -Wformat -Werror=format-security -Wdate-time -D_FORTIFY_SOURCE=2 -g  -c dens_haz.c -o dens_haz.o
gcc -std=gnu17 -I"/usr/local/lib/R/include" -DNDEBUG   -I/usr/local/include    -fpic  -g -O2 -fstack-protector-strong -Wformat -Werror=format-security -Wdate-time -D_FORTIFY_SOURCE=2 -g  -c dens_int.c -o dens_int.o
gcc -std=gnu17 -I"/usr/local/lib/R/include" -DNDEBUG   -I/usr/local/include    -fpic  -g -O2 -fstack-protector-strong -Wformat -Werror=format-security -Wdate-time -D_FORTIFY_SOURCE=2 -g  -c dens_odi.c -o dens_odi.o
gcc -std=gnu17 -I"/usr/local/lib/R/include" -DNDEBUG   -I/usr/local/include    -fpic  -g -O2 -fstack-protector-strong -Wformat -Werror=format-security -Wdate-time -D_FORTIFY_SOURCE=2 -g  -c density.c -o density.o
gcc -std=gnu17 -I"/usr/local/lib/R/include" -DNDEBUG   -I/usr/local/include    -fpic  -g -O2 -fstack-protector-strong -Wformat -Werror=format-security -Wdate-time -D_FORTIFY_SOURCE=2 -g  -c ev_atree.c -o ev_atree.o
gcc -std=gnu17 -I"/usr/local/lib/R/include" -DNDEBUG   -I/usr/local/include    -fpic  -g -O2 -fstack-protector-strong -Wformat -Werror=format-security -Wdate-time -D_FORTIFY_SOURCE=2 -g  -c ev_interp.c -o ev_interp.o
gcc -std=gnu17 -I"/usr/local/lib/R/include" -DNDEBUG   -I/usr/local/include    -fpic  -g -O2 -fstack-protector-strong -Wformat -Werror=format-security -Wdate-time -D_FORTIFY_SOURCE=2 -g  -c ev_kdtre.c -o ev_kdtre.o
gcc -std=gnu17 -I"/usr/local/lib/R/include" -DNDEBUG   -I/usr/local/include    -fpic  -g -O2 -fstack-protector-strong -Wformat -Werror=format-security -Wdate-time -D_FORTIFY_SOURCE=2 -g  -c ev_main.c -o ev_main.o
gcc -std=gnu17 -I"/usr/local/lib/R/include" -DNDEBUG   -I/usr/local/include    -fpic  -g -O2 -fstack-protector-strong -Wformat -Werror=format-security -Wdate-time -D_FORTIFY_SOURCE=2 -g  -c ev_sphere.c -o ev_sphere.o
gcc -std=gnu17 -I"/usr/local/lib/R/include" -DNDEBUG   -I/usr/local/include    -fpic  -g -O2 -fstack-protector-strong -Wformat -Werror=format-security -Wdate-time -D_FORTIFY_SOURCE=2 -g  -c ev_trian.c -o ev_trian.o
gcc -std=gnu17 -I"/usr/local/lib/R/include" -DNDEBUG   -I/usr/local/include    -fpic  -g -O2 -fstack-protector-strong -Wformat -Werror=format-security -Wdate-time -D_FORTIFY_SOURCE=2 -g  -c family.c -o family.o
gcc -std=gnu17 -I"/usr/local/lib/R/include" -DNDEBUG   -I/usr/local/include    -fpic  -g -O2 -fstack-protector-strong -Wformat -Werror=format-security -Wdate-time -D_FORTIFY_SOURCE=2 -g  -c fitted.c -o fitted.o
gcc -std=gnu17 -I"/usr/local/lib/R/include" -DNDEBUG   -I/usr/local/include    -fpic  -g -O2 -fstack-protector-strong -Wformat -Werror=format-security -Wdate-time -D_FORTIFY_SOURCE=2 -g  -c frend.c -o frend.o
gcc -std=gnu17 -I"/usr/local/lib/R/include" -DNDEBUG   -I/usr/local/include    -fpic  -g -O2 -fstack-protector-strong -Wformat -Werror=format-security -Wdate-time -D_FORTIFY_SOURCE=2 -g  -c lf_adap.c -o lf_adap.o
gcc -std=gnu17 -I"/usr/local/lib/R/include" -DNDEBUG   -I/usr/local/include    -fpic  -g -O2 -fstack-protector-strong -Wformat -Werror=format-security -Wdate-time -D_FORTIFY_SOURCE=2 -g  -c lf_dercor.c -o lf_dercor.o
gcc -std=gnu17 -I"/usr/local/lib/R/include" -DNDEBUG   -I/usr/local/include    -fpic  -g -O2 -fstack-protector-strong -Wformat -Werror=format-security -Wdate-time -D_FORTIFY_SOURCE=2 -g  -c lf_fitfun.c -o lf_fitfun.o
gcc -std=gnu17 -I"/usr/local/lib/R/include" -DNDEBUG   -I/usr/local/include    -fpic  -g -O2 -fstack-protector-strong -Wformat -Werror=format-security -Wdate-time -D_FORTIFY_SOURCE=2 -g  -c lf_nbhd.c -o lf_nbhd.o
gcc -std=gnu17 -I"/usr/local/lib/R/include" -DNDEBUG   -I/usr/local/include    -fpic  -g -O2 -fstack-protector-strong -Wformat -Werror=format-security -Wdate-time -D_FORTIFY_SOURCE=2 -g  -c lf_robust.c -o lf_robust.o
gcc -std=gnu17 -I"/usr/local/lib/R/include" -DNDEBUG   -I/usr/local/include    -fpic  -g -O2 -fstack-protector-strong -Wformat -Werror=format-security -Wdate-time -D_FORTIFY_SOURCE=2 -g  -c lf_vari.c -o lf_vari.o
gcc -std=gnu17 -I"/usr/local/lib/R/include" -DNDEBUG   -I/usr/local/include    -fpic  -g -O2 -fstack-protector-strong -Wformat -Werror=format-security -Wdate-time -D_FORTIFY_SOURCE=2 -g  -c lf_wdiag.c -o lf_wdiag.o
gcc -std=gnu17 -I"/usr/local/lib/R/include" -DNDEBUG   -I/usr/local/include    -fpic  -g -O2 -fstack-protector-strong -Wformat -Werror=format-security -Wdate-time -D_FORTIFY_SOURCE=2 -g  -c lfstr.c -o lfstr.o
gcc -std=gnu17 -I"/usr/local/lib/R/include" -DNDEBUG   -I/usr/local/include    -fpic  -g -O2 -fstack-protector-strong -Wformat -Werror=format-security -Wdate-time -D_FORTIFY_SOURCE=2 -g  -c locfit.c -o locfit.o
gcc -std=gnu17 -I"/usr/local/lib/R/include" -DNDEBUG   -I/usr/local/include    -fpic  -g -O2 -fstack-protector-strong -Wformat -Werror=format-security -Wdate-time -D_FORTIFY_SOURCE=2 -g  -c m_chol.c -o m_chol.o
gcc -std=gnu17 -I"/usr/local/lib/R/include" -DNDEBUG   -I/usr/local/include    -fpic  -g -O2 -fstack-protector-strong -Wformat -Werror=format-security -Wdate-time -D_FORTIFY_SOURCE=2 -g  -c m_eigen.c -o m_eigen.o
gcc -std=gnu17 -I"/usr/local/lib/R/include" -DNDEBUG   -I/usr/local/include    -fpic  -g -O2 -fstack-protector-strong -Wformat -Werror=format-security -Wdate-time -D_FORTIFY_SOURCE=2 -g  -c m_icirc.c -o m_icirc.o
gcc -std=gnu17 -I"/usr/local/lib/R/include" -DNDEBUG   -I/usr/local/include    -fpic  -g -O2 -fstack-protector-strong -Wformat -Werror=format-security -Wdate-time -D_FORTIFY_SOURCE=2 -g  -c m_imont.c -o m_imont.o
gcc -std=gnu17 -I"/usr/local/lib/R/include" -DNDEBUG   -I/usr/local/include    -fpic  -g -O2 -fstack-protector-strong -Wformat -Werror=format-security -Wdate-time -D_FORTIFY_SOURCE=2 -g  -c m_isimp.c -o m_isimp.o
gcc -std=gnu17 -I"/usr/local/lib/R/include" -DNDEBUG   -I/usr/local/include    -fpic  -g -O2 -fstack-protector-strong -Wformat -Werror=format-security -Wdate-time -D_FORTIFY_SOURCE=2 -g  -c m_isphr.c -o m_isphr.o
gcc -std=gnu17 -I"/usr/local/lib/R/include" -DNDEBUG   -I/usr/local/include    -fpic  -g -O2 -fstack-protector-strong -Wformat -Werror=format-security -Wdate-time -D_FORTIFY_SOURCE=2 -g  -c m_jacob.c -o m_jacob.o
gcc -std=gnu17 -I"/usr/local/lib/R/include" -DNDEBUG   -I/usr/local/include    -fpic  -g -O2 -fstack-protector-strong -Wformat -Werror=format-security -Wdate-time -D_FORTIFY_SOURCE=2 -g  -c m_max.c -o m_max.o
gcc -std=gnu17 -I"/usr/local/lib/R/include" -DNDEBUG   -I/usr/local/include    -fpic  -g -O2 -fstack-protector-strong -Wformat -Werror=format-security -Wdate-time -D_FORTIFY_SOURCE=2 -g  -c m_qr.c -o m_qr.o
gcc -std=gnu17 -I"/usr/local/lib/R/include" -DNDEBUG   -I/usr/local/include    -fpic  -g -O2 -fstack-protector-strong -Wformat -Werror=format-security -Wdate-time -D_FORTIFY_SOURCE=2 -g  -c m_solve.c -o m_solve.o
gcc -std=gnu17 -I"/usr/local/lib/R/include" -DNDEBUG   -I/usr/local/include    -fpic  -g -O2 -fstack-protector-strong -Wformat -Werror=format-security -Wdate-time -D_FORTIFY_SOURCE=2 -g  -c m_svd.c -o m_svd.o
gcc -std=gnu17 -I"/usr/local/lib/R/include" -DNDEBUG   -I/usr/local/include    -fpic  -g -O2 -fstack-protector-strong -Wformat -Werror=format-security -Wdate-time -D_FORTIFY_SOURCE=2 -g  -c m_vector.c -o m_vector.o
gcc -std=gnu17 -I"/usr/local/lib/R/include" -DNDEBUG   -I/usr/local/include    -fpic  -g -O2 -fstack-protector-strong -Wformat -Werror=format-security -Wdate-time -D_FORTIFY_SOURCE=2 -g  -c math.c -o math.o
gcc -std=gnu17 -I"/usr/local/lib/R/include" -DNDEBUG   -I/usr/local/include    -fpic  -g -O2 -fstack-protector-strong -Wformat -Werror=format-security -Wdate-time -D_FORTIFY_SOURCE=2 -g  -c minmax.c -o minmax.o
gcc -std=gnu17 -I"/usr/local/lib/R/include" -DNDEBUG   -I/usr/local/include    -fpic  -g -O2 -fstack-protector-strong -Wformat -Werror=format-security -Wdate-time -D_FORTIFY_SOURCE=2 -g  -c pcomp.c -o pcomp.o
gcc -std=gnu17 -I"/usr/local/lib/R/include" -DNDEBUG   -I/usr/local/include    -fpic  -g -O2 -fstack-protector-strong -Wformat -Werror=format-security -Wdate-time -D_FORTIFY_SOURCE=2 -g  -c preplot.c -o preplot.o
gcc -std=gnu17 -I"/usr/local/lib/R/include" -DNDEBUG   -I/usr/local/include    -fpic  -g -O2 -fstack-protector-strong -Wformat -Werror=format-security -Wdate-time -D_FORTIFY_SOURCE=2 -g  -c prob.c -o prob.o
gcc -std=gnu17 -I"/usr/local/lib/R/include" -DNDEBUG   -I/usr/local/include    -fpic  -g -O2 -fstack-protector-strong -Wformat -Werror=format-security -Wdate-time -D_FORTIFY_SOURCE=2 -g  -c procv.c -o procv.o
gcc -std=gnu17 -I"/usr/local/lib/R/include" -DNDEBUG   -I/usr/local/include    -fpic  -g -O2 -fstack-protector-strong -Wformat -Werror=format-security -Wdate-time -D_FORTIFY_SOURCE=2 -g  -c scb.c -o scb.o
gcc -std=gnu17 -I"/usr/local/lib/R/include" -DNDEBUG   -I/usr/local/include    -fpic  -g -O2 -fstack-protector-strong -Wformat -Werror=format-security -Wdate-time -D_FORTIFY_SOURCE=2 -g  -c scb_cons.c -o scb_cons.o
gcc -std=gnu17 -I"/usr/local/lib/R/include" -DNDEBUG   -I/usr/local/include    -fpic  -g -O2 -fstack-protector-strong -Wformat -Werror=format-security -Wdate-time -D_FORTIFY_SOURCE=2 -g  -c scb_crit.c -o scb_crit.o
gcc -std=gnu17 -I"/usr/local/lib/R/include" -DNDEBUG   -I/usr/local/include    -fpic  -g -O2 -fstack-protector-strong -Wformat -Werror=format-security -Wdate-time -D_FORTIFY_SOURCE=2 -g  -c scb_iface.c -o scb_iface.o
gcc -std=gnu17 -I"/usr/local/lib/R/include" -DNDEBUG   -I/usr/local/include    -fpic  -g -O2 -fstack-protector-strong -Wformat -Werror=format-security -Wdate-time -D_FORTIFY_SOURCE=2 -g  -c simul.c -o simul.o
gcc -std=gnu17 -I"/usr/local/lib/R/include" -DNDEBUG   -I/usr/local/include    -fpic  -g -O2 -fstack-protector-strong -Wformat -Werror=format-security -Wdate-time -D_FORTIFY_SOURCE=2 -g  -c smisc.c -o smisc.o
gcc -std=gnu17 -I"/usr/local/lib/R/include" -DNDEBUG   -I/usr/local/include    -fpic  -g -O2 -fstack-protector-strong -Wformat -Werror=format-security -Wdate-time -D_FORTIFY_SOURCE=2 -g  -c startlf.c -o startlf.o
gcc -std=gnu17 -I"/usr/local/lib/R/include" -DNDEBUG   -I/usr/local/include    -fpic  -g -O2 -fstack-protector-strong -Wformat -Werror=format-security -Wdate-time -D_FORTIFY_SOURCE=2 -g  -c weight.c -o weight.o
gcc -std=gnu17 -shared -L/usr/local/lib/R/lib -L/usr/local/lib -o locfit.so S_enter.o band.o dbinom.o dens_haz.o dens_int.o dens_odi.o density.o ev_atree.o ev_interp.o ev_kdtre.o ev_main.o ev_sphere.o ev_trian.o family.o fitted.o frend.o lf_adap.o lf_dercor.o lf_fitfun.o lf_nbhd.o lf_robust.o lf_vari.o lf_wdiag.o lfstr.o locfit.o m_chol.o m_eigen.o m_icirc.o m_imont.o m_isimp.o m_isphr.o m_jacob.o m_max.o m_qr.o m_solve.o m_svd.o m_vector.o math.o minmax.o pcomp.o preplot.o prob.o procv.o scb.o scb_cons.o scb_crit.o scb_iface.o simul.o smisc.o startlf.o weight.o -L/usr/local/lib/R/lib -lR
installing to /usr/local/lib/R/site-library/00LOCK-locfit/00new/locfit/libs
** R
** data
** byte-compile and prepare package for lazy loading
** help
*** installing help indices
** building package indices
** testing if installed package can be loaded from temporary location
** checking absolute paths in shared objects and dynamic libraries
** testing if installed package can be loaded from final location
** testing if installed package keeps a record of temporary installation path
* creating tarball
packaged installation of ‘locfit’ as ‘locfit_1.5-9.12_R_x86_64-pc-linux-gnu.tar.gz’
* DONE (locfit)
* installing *source* package ‘snow’ ...
** this is package ‘snow’ version ‘0.4-4’
** package ‘snow’ successfully unpacked and MD5 sums checked
** using staged installation
** R
** inst
** byte-compile and prepare package for lazy loading
** help
*** installing help indices
** building package indices
** testing if installed package can be loaded from temporary location
** testing if installed package can be loaded from final location
** testing if installed package keeps a record of temporary installation path
* creating tarball
packaged installation of ‘snow’ as ‘snow_0.4-4_R_x86_64-pc-linux-gnu.tar.gz’
* DONE (snow)
* installing *source* package ‘BH’ ...
** this is package ‘BH’ version ‘1.87.0-1’
** package ‘BH’ successfully unpacked and MD5 sums checked
** using staged installation
** inst
** help
*** installing help indices
** building package indices
** testing if installed package can be loaded from temporary location
** testing if installed package can be loaded from final location
** testing if installed package keeps a record of temporary installation path
* creating tarball
packaged installation of ‘BH’ as ‘BH_1.87.0-1_R_x86_64-pc-linux-gnu.tar.gz’
* DONE (BH)
* installing *source* package ‘backports’ ...
** this is package ‘backports’ version ‘1.5.0’
** package ‘backports’ successfully unpacked and MD5 sums checked
** using staged installation
** libs
using C compiler: ‘gcc (Ubuntu 13.3.0-6ubuntu2~24.04) 13.3.0’
gcc -std=gnu2x -I"/usr/local/lib/R/include" -DNDEBUG   -I/usr/local/include    -fpic  -g -O2 -fstack-protector-strong -Wformat -Werror=format-security -Wdate-time -D_FORTIFY_SOURCE=2 -g  -c dotsElt.c -o dotsElt.o
gcc -std=gnu2x -I"/usr/local/lib/R/include" -DNDEBUG   -I/usr/local/include    -fpic  -g -O2 -fstack-protector-strong -Wformat -Werror=format-security -Wdate-time -D_FORTIFY_SOURCE=2 -g  -c dotsLength.c -o dotsLength.o
gcc -std=gnu2x -I"/usr/local/lib/R/include" -DNDEBUG   -I/usr/local/include    -fpic  -g -O2 -fstack-protector-strong -Wformat -Werror=format-security -Wdate-time -D_FORTIFY_SOURCE=2 -g  -c dotsNames.c -o dotsNames.o
gcc -std=gnu2x -I"/usr/local/lib/R/include" -DNDEBUG   -I/usr/local/include    -fpic  -g -O2 -fstack-protector-strong -Wformat -Werror=format-security -Wdate-time -D_FORTIFY_SOURCE=2 -g  -c init.c -o init.o
gcc -std=gnu2x -shared -L/usr/local/lib/R/lib -L/usr/local/lib -o backports.so dotsElt.o dotsLength.o dotsNames.o init.o -L/usr/local/lib/R/lib -lR
installing to /usr/local/lib/R/site-library/00LOCK-backports/00new/backports/libs
** R
** byte-compile and prepare package for lazy loading
** help
*** installing help indices
** building package indices
** testing if installed package can be loaded from temporary location
** checking absolute paths in shared objects and dynamic libraries
** testing if installed package can be loaded from final location
** testing if installed package keeps a record of temporary installation path
* creating tarball
packaged installation of ‘backports’ as ‘backports_1.5.0_R_x86_64-pc-linux-gnu.tar.gz’
* DONE (backports)
* installing *source* package ‘proxy’ ...
** this is package ‘proxy’ version ‘0.4-27’
** package ‘proxy’ successfully unpacked and MD5 sums checked
** using staged installation
** libs
using C compiler: ‘gcc (Ubuntu 13.3.0-6ubuntu2~24.04) 13.3.0’
gcc -std=gnu2x -I"/usr/local/lib/R/include" -DNDEBUG   -I/usr/local/include    -fpic  -g -O2 -fstack-protector-strong -Wformat -Werror=format-security -Wdate-time -D_FORTIFY_SOURCE=2 -g  -c apply.c -o apply.o
gcc -std=gnu2x -I"/usr/local/lib/R/include" -DNDEBUG   -I/usr/local/include    -fpic  -g -O2 -fstack-protector-strong -Wformat -Werror=format-security -Wdate-time -D_FORTIFY_SOURCE=2 -g  -c arrayIndex.c -o arrayIndex.o
gcc -std=gnu2x -I"/usr/local/lib/R/include" -DNDEBUG   -I/usr/local/include    -fpic  -g -O2 -fstack-protector-strong -Wformat -Werror=format-security -Wdate-time -D_FORTIFY_SOURCE=2 -g  -c distance.c -o distance.o
gcc -std=gnu2x -I"/usr/local/lib/R/include" -DNDEBUG   -I/usr/local/include    -fpic  -g -O2 -fstack-protector-strong -Wformat -Werror=format-security -Wdate-time -D_FORTIFY_SOURCE=2 -g  -c dll.c -o dll.o
gcc -std=gnu2x -I"/usr/local/lib/R/include" -DNDEBUG   -I/usr/local/include    -fpic  -g -O2 -fstack-protector-strong -Wformat -Werror=format-security -Wdate-time -D_FORTIFY_SOURCE=2 -g  -c util.c -o util.o
gcc -std=gnu2x -shared -L/usr/local/lib/R/lib -L/usr/local/lib -o proxy.so apply.o arrayIndex.o distance.o dll.o util.o -L/usr/local/lib/R/lib -lR
installing to /usr/local/lib/R/site-library/00LOCK-proxy/00new/proxy/libs
** R
** inst
** byte-compile and prepare package for lazy loading
** help
*** installing help indices
** building package indices
** installing vignettes
** testing if installed package can be loaded from temporary location
** checking absolute paths in shared objects and dynamic libraries
** testing if installed package can be loaded from final location
** testing if installed package keeps a record of temporary installation path
* creating tarball
packaged installation of ‘proxy’ as ‘proxy_0.4-27_R_x86_64-pc-linux-gnu.tar.gz’
* DONE (proxy)
* installing *source* package ‘bookdown’ ...
** this is package ‘bookdown’ version ‘0.42’
** package ‘bookdown’ successfully unpacked and MD5 sums checked
** using staged installation
** R
** inst
** byte-compile and prepare package for lazy loading
** help
*** installing help indices
*** copying figures
** building package indices
** installing vignettes
** testing if installed package can be loaded from temporary location
** testing if installed package can be loaded from final location
** testing if installed package keeps a record of temporary installation path
* creating tarball
packaged installation of ‘bookdown’ as ‘bookdown_0.42_R_x86_64-pc-linux-gnu.tar.gz’
* DONE (bookdown)
* installing *source* package ‘abind’ ...
** this is package ‘abind’ version ‘1.4-8’
** package ‘abind’ successfully unpacked and MD5 sums checked
** using staged installation
** R
** byte-compile and prepare package for lazy loading
** help
*** installing help indices
** building package indices
** testing if installed package can be loaded from temporary location
** testing if installed package can be loaded from final location
** testing if installed package keeps a record of temporary installation path
* creating tarball
packaged installation of ‘abind’ as ‘abind_1.4-8_R_x86_64-pc-linux-gnu.tar.gz’
* DONE (abind)
* installing *source* package ‘RColorBrewer’ ...
** this is package ‘RColorBrewer’ version ‘1.1-3’
** package ‘RColorBrewer’ successfully unpacked and MD5 sums checked
** using staged installation
** R
** inst
** byte-compile and prepare package for lazy loading
** help
*** installing help indices
** building package indices
** testing if installed package can be loaded from temporary location
** testing if installed package can be loaded from final location
** testing if installed package keeps a record of temporary installation path
* creating tarball
packaged installation of ‘RColorBrewer’ as ‘RColorBrewer_1.1-3_R_x86_64-pc-linux-gnu.tar.gz’
* DONE (RColorBrewer)
* installing *source* package ‘mvtnorm’ ...
** this is package ‘mvtnorm’ version ‘1.3-3’
** package ‘mvtnorm’ successfully unpacked and MD5 sums checked
** using staged installation
** libs
using C compiler: ‘gcc (Ubuntu 13.3.0-6ubuntu2~24.04) 13.3.0’
using Fortran compiler: ‘GNU Fortran (Ubuntu 13.3.0-6ubuntu2~24.04) 13.3.0’
gcc -std=gnu2x -I"/usr/local/lib/R/include" -DNDEBUG   -I/usr/local/include   -fvisibility=hidden -fpic  -g -O2 -fstack-protector-strong -Wformat -Werror=format-security -Wdate-time -D_FORTIFY_SOURCE=2 -g  -c C_FORTRAN_interface.c -o C_FORTRAN_interface.o
gcc -std=gnu2x -I"/usr/local/lib/R/include" -DNDEBUG   -I/usr/local/include   -fvisibility=hidden -fpic  -g -O2 -fstack-protector-strong -Wformat -Werror=format-security -Wdate-time -D_FORTIFY_SOURCE=2 -g  -c lpmvnorm.c -o lpmvnorm.o
gcc -std=gnu2x -I"/usr/local/lib/R/include" -DNDEBUG   -I/usr/local/include   -fvisibility=hidden -fpic  -g -O2 -fstack-protector-strong -Wformat -Werror=format-security -Wdate-time -D_FORTIFY_SOURCE=2 -g  -c ltMatrices.c -o ltMatrices.o
gcc -std=gnu2x -I"/usr/local/lib/R/include" -DNDEBUG   -I/usr/local/include   -fvisibility=hidden -fpic  -g -O2 -fstack-protector-strong -Wformat -Werror=format-security -Wdate-time -D_FORTIFY_SOURCE=2 -g  -c miwa.c -o miwa.o
gfortran  -fpic  -g -O2  -c mvt.f -o mvt.o
gcc -std=gnu2x -I"/usr/local/lib/R/include" -DNDEBUG   -I/usr/local/include   -fvisibility=hidden -fpic  -g -O2 -fstack-protector-strong -Wformat -Werror=format-security -Wdate-time -D_FORTIFY_SOURCE=2 -g  -c mvtnorm-init.c -o mvtnorm-init.o
gfortran  -fpic  -g -O2  -c tvpack.f -o tvpack.o
gcc -std=gnu2x -shared -L/usr/local/lib/R/lib -L/usr/local/lib -o mvtnorm.so C_FORTRAN_interface.o lpmvnorm.o ltMatrices.o miwa.o mvt.o mvtnorm-init.o tvpack.o -llapack -lblas -lgfortran -lm -lquadmath -lgfortran -lm -lquadmath -L/usr/local/lib/R/lib -lR
installing to /usr/local/lib/R/site-library/00LOCK-mvtnorm/00new/mvtnorm/libs
** R
** inst
** byte-compile and prepare package for lazy loading
** help
*** installing help indices
** building package indices
** installing vignettes
** testing if installed package can be loaded from temporary location
** checking absolute paths in shared objects and dynamic libraries
** testing if installed package can be loaded from final location
** testing if installed package keeps a record of temporary installation path
* creating tarball
packaged installation of ‘mvtnorm’ as ‘mvtnorm_1.3-3_R_x86_64-pc-linux-gnu.tar.gz’
* DONE (mvtnorm)
* installing *source* package ‘RUnit’ ...
** this is package ‘RUnit’ version ‘0.4.33’
** package ‘RUnit’ successfully unpacked and MD5 sums checked
** using staged installation
** R
** inst
** byte-compile and prepare package for lazy loading
** help
*** installing help indices
** building package indices
** installing vignettes
** testing if installed package can be loaded from temporary location
** testing if installed package can be loaded from final location
** testing if installed package keeps a record of temporary installation path
* creating tarball
packaged installation of ‘RUnit’ as ‘RUnit_0.4.33_R_x86_64-pc-linux-gnu.tar.gz’
* DONE (RUnit)
* installing *source* package ‘munsell’ ...
** this is package ‘munsell’ version ‘0.5.1’
** package ‘munsell’ successfully unpacked and MD5 sums checked
** using staged installation
** R
** inst
** byte-compile and prepare package for lazy loading
** help
*** installing help indices
*** copying figures
** building package indices
** testing if installed package can be loaded from temporary location
** testing if installed package can be loaded from final location
** testing if installed package keeps a record of temporary installation path
* creating tarball
packaged installation of ‘munsell’ as ‘munsell_0.5.1_R_x86_64-pc-linux-gnu.tar.gz’
* DONE (munsell)
* installing *source* package ‘polycor’ ...
** this is package ‘polycor’ version ‘0.8-1’
** package ‘polycor’ successfully unpacked and MD5 sums checked
** using staged installation
** R
** inst
** byte-compile and prepare package for lazy loading
** help
*** installing help indices
** building package indices
** testing if installed package can be loaded from temporary location
** testing if installed package can be loaded from final location
** testing if installed package keeps a record of temporary installation path
* creating tarball
packaged installation of ‘polycor’ as ‘polycor_0.8-1_R_x86_64-pc-linux-gnu.tar.gz’
* DONE (polycor)
* installing *source* package ‘foreach’ ...
** this is package ‘foreach’ version ‘1.5.2’
** package ‘foreach’ successfully unpacked and MD5 sums checked
** using staged installation
** R
** demo
** inst
** byte-compile and prepare package for lazy loading
** help
*** installing help indices
** building package indices
** installing vignettes
** testing if installed package can be loaded from temporary location
** testing if installed package can be loaded from final location
** testing if installed package keeps a record of temporary installation path
* creating tarball
packaged installation of ‘foreach’ as ‘foreach_1.5.2_R_x86_64-pc-linux-gnu.tar.gz’
* DONE (foreach)
* installing *source* package ‘progress’ ...
** this is package ‘progress’ version ‘1.2.3’
** package ‘progress’ successfully unpacked and MD5 sums checked
** using staged installation
** R
** inst
** byte-compile and prepare package for lazy loading
** help
*** installing help indices
*** copying figures
** building package indices
** testing if installed package can be loaded from temporary location
** testing if installed package can be loaded from final location
** testing if installed package keeps a record of temporary installation path
* creating tarball
packaged installation of ‘progress’ as ‘progress_1.2.3_R_x86_64-pc-linux-gnu.tar.gz’
* DONE (progress)
* installing *source* package ‘lambda.r’ ...
** this is package ‘lambda.r’ version ‘1.2.4’
** package ‘lambda.r’ successfully unpacked and MD5 sums checked
** using staged installation
** R
** byte-compile and prepare package for lazy loading
** help
*** installing help indices
** building package indices
** testing if installed package can be loaded from temporary location
** testing if installed package can be loaded from final location
** testing if installed package keeps a record of temporary installation path
* creating tarball
packaged installation of ‘lambda.r’ as ‘lambda.r_1.2.4_R_x86_64-pc-linux-gnu.tar.gz’
* DONE (lambda.r)
* installing *source* package ‘gdata’ ...
** this is package ‘gdata’ version ‘3.0.1’
** package ‘gdata’ successfully unpacked and MD5 sums checked
** using staged installation
** R
** data
** inst
** byte-compile and prepare package for lazy loading
** help
*** installing help indices
** building package indices
** installing vignettes
** testing if installed package can be loaded from temporary location
** testing if installed package can be loaded from final location
** testing if installed package keeps a record of temporary installation path
* creating tarball
packaged installation of ‘gdata’ as ‘gdata_3.0.1_R_x86_64-pc-linux-gnu.tar.gz’
* DONE (gdata)
* installing *source* package ‘pbv’ ...
** this is package ‘pbv’ version ‘0.5-47’
** package ‘pbv’ successfully unpacked and MD5 sums checked
** using staged installation
** libs
using C++ compiler: ‘g++ (Ubuntu 13.3.0-6ubuntu2~24.04) 13.3.0’
g++ -std=gnu++17 -I"/usr/local/lib/R/include" -DNDEBUG -I../inst/include -DBOOST_NO_LONG_LONG -DBOOST_NO_AUTO_PTR -DRCPP_USE_UNWIND_PROTECT -I'/usr/local/lib/R/site-library/Rcpp/include' -I'/usr/local/lib/R/site-library/RcppArmadillo/include' -I/usr/local/include    -fpic  -g -O2 -fstack-protector-strong -Wformat -Werror=format-security -Wdate-time -D_FORTIFY_SOURCE=2 -g   -c RcppExports.cpp -o RcppExports.o
g++ -std=gnu++17 -I"/usr/local/lib/R/include" -DNDEBUG -I../inst/include -DBOOST_NO_LONG_LONG -DBOOST_NO_AUTO_PTR -DRCPP_USE_UNWIND_PROTECT -I'/usr/local/lib/R/site-library/Rcpp/include' -I'/usr/local/lib/R/site-library/RcppArmadillo/include' -I/usr/local/include    -fpic  -g -O2 -fstack-protector-strong -Wformat -Werror=format-security -Wdate-time -D_FORTIFY_SOURCE=2 -g   -c pbv_rcpp_bvnorm.cpp -o pbv_rcpp_bvnorm.o
g++ -std=gnu++17 -shared -L/usr/local/lib/R/lib -L/usr/local/lib -o pbv.so RcppExports.o pbv_rcpp_bvnorm.o -llapack -lblas -lgfortran -lm -lquadmath -L/usr/local/lib/R/lib -lR
installing to /usr/local/lib/R/site-library/00LOCK-pbv/00new/pbv/libs
** R
** inst
** byte-compile and prepare package for lazy loading
** help
*** installing help indices
** building package indices
** testing if installed package can be loaded from temporary location
** checking absolute paths in shared objects and dynamic libraries
** testing if installed package can be loaded from final location
** testing if installed package keeps a record of temporary installation path
* creating tarball
packaged installation of ‘pbv’ as ‘pbv_0.5-47_R_x86_64-pc-linux-gnu.tar.gz’
* DONE (pbv)
* installing *source* package ‘limma’ ...
** this is package ‘limma’ version ‘3.63.10’
** using staged installation
** libs
using C compiler: ‘gcc (Ubuntu 13.3.0-6ubuntu2~24.04) 13.3.0’
gcc -std=gnu2x -I"/usr/local/lib/R/include" -DNDEBUG   -I/usr/local/include    -fpic  -g -O2 -fstack-protector-strong -Wformat -Werror=format-security -Wdate-time -D_FORTIFY_SOURCE=2 -g  -c init.c -o init.o
gcc -std=gnu2x -I"/usr/local/lib/R/include" -DNDEBUG   -I/usr/local/include    -fpic  -g -O2 -fstack-protector-strong -Wformat -Werror=format-security -Wdate-time -D_FORTIFY_SOURCE=2 -g  -c normexp.c -o normexp.o
gcc -std=gnu2x -I"/usr/local/lib/R/include" -DNDEBUG   -I/usr/local/include    -fpic  -g -O2 -fstack-protector-strong -Wformat -Werror=format-security -Wdate-time -D_FORTIFY_SOURCE=2 -g  -c weighted_lowess.c -o weighted_lowess.o
gcc -std=gnu2x -shared -L/usr/local/lib/R/lib -L/usr/local/lib -o limma.so init.o normexp.o weighted_lowess.o -L/usr/local/lib/R/lib -lR
installing to /usr/local/lib/R/site-library/00LOCK-limma/00new/limma/libs
** R
** inst
** byte-compile and prepare package for lazy loading
** help
*** installing help indices
** building package indices
** installing vignettes
** testing if installed package can be loaded from temporary location
** checking absolute paths in shared objects and dynamic libraries
** testing if installed package can be loaded from final location
** testing if installed package keeps a record of temporary installation path
* creating tarball
packaged installation of ‘limma’ as ‘limma_3.63.10_R_x86_64-pc-linux-gnu.tar.gz’
* DONE (limma)
* installing *source* package ‘dplyr’ ...
** this is package ‘dplyr’ version ‘1.1.4’
** package ‘dplyr’ successfully unpacked and MD5 sums checked
** using staged installation
** libs
using C++ compiler: ‘g++ (Ubuntu 13.3.0-6ubuntu2~24.04) 13.3.0’
g++ -std=gnu++17 -I"/usr/local/lib/R/include" -DNDEBUG   -I/usr/local/include    -fpic  -g -O2 -fstack-protector-strong -Wformat -Werror=format-security -Wdate-time -D_FORTIFY_SOURCE=2 -g   -c chop.cpp -o chop.o
g++ -std=gnu++17 -I"/usr/local/lib/R/include" -DNDEBUG   -I/usr/local/include    -fpic  -g -O2 -fstack-protector-strong -Wformat -Werror=format-security -Wdate-time -D_FORTIFY_SOURCE=2 -g   -c filter.cpp -o filter.o
g++ -std=gnu++17 -I"/usr/local/lib/R/include" -DNDEBUG   -I/usr/local/include    -fpic  -g -O2 -fstack-protector-strong -Wformat -Werror=format-security -Wdate-time -D_FORTIFY_SOURCE=2 -g   -c funs.cpp -o funs.o
g++ -std=gnu++17 -I"/usr/local/lib/R/include" -DNDEBUG   -I/usr/local/include    -fpic  -g -O2 -fstack-protector-strong -Wformat -Werror=format-security -Wdate-time -D_FORTIFY_SOURCE=2 -g   -c group_by.cpp -o group_by.o
g++ -std=gnu++17 -I"/usr/local/lib/R/include" -DNDEBUG   -I/usr/local/include    -fpic  -g -O2 -fstack-protector-strong -Wformat -Werror=format-security -Wdate-time -D_FORTIFY_SOURCE=2 -g   -c group_data.cpp -o group_data.o
g++ -std=gnu++17 -I"/usr/local/lib/R/include" -DNDEBUG   -I/usr/local/include    -fpic  -g -O2 -fstack-protector-strong -Wformat -Werror=format-security -Wdate-time -D_FORTIFY_SOURCE=2 -g   -c imports.cpp -o imports.o
g++ -std=gnu++17 -I"/usr/local/lib/R/include" -DNDEBUG   -I/usr/local/include    -fpic  -g -O2 -fstack-protector-strong -Wformat -Werror=format-security -Wdate-time -D_FORTIFY_SOURCE=2 -g   -c init.cpp -o init.o
g++ -std=gnu++17 -I"/usr/local/lib/R/include" -DNDEBUG   -I/usr/local/include    -fpic  -g -O2 -fstack-protector-strong -Wformat -Werror=format-security -Wdate-time -D_FORTIFY_SOURCE=2 -g   -c mask.cpp -o mask.o
g++ -std=gnu++17 -I"/usr/local/lib/R/include" -DNDEBUG   -I/usr/local/include    -fpic  -g -O2 -fstack-protector-strong -Wformat -Werror=format-security -Wdate-time -D_FORTIFY_SOURCE=2 -g   -c mutate.cpp -o mutate.o
g++ -std=gnu++17 -I"/usr/local/lib/R/include" -DNDEBUG   -I/usr/local/include    -fpic  -g -O2 -fstack-protector-strong -Wformat -Werror=format-security -Wdate-time -D_FORTIFY_SOURCE=2 -g   -c reconstruct.cpp -o reconstruct.o
g++ -std=gnu++17 -I"/usr/local/lib/R/include" -DNDEBUG   -I/usr/local/include    -fpic  -g -O2 -fstack-protector-strong -Wformat -Werror=format-security -Wdate-time -D_FORTIFY_SOURCE=2 -g   -c slice.cpp -o slice.o
g++ -std=gnu++17 -I"/usr/local/lib/R/include" -DNDEBUG   -I/usr/local/include    -fpic  -g -O2 -fstack-protector-strong -Wformat -Werror=format-security -Wdate-time -D_FORTIFY_SOURCE=2 -g   -c summarise.cpp -o summarise.o
g++ -std=gnu++17 -shared -L/usr/local/lib/R/lib -L/usr/local/lib -o dplyr.so chop.o filter.o funs.o group_by.o group_data.o imports.o init.o mask.o mutate.o reconstruct.o slice.o summarise.o -L/usr/local/lib/R/lib -lR
installing to /usr/local/lib/R/site-library/00LOCK-dplyr/00new/dplyr/libs
** R
** data
*** moving datasets to lazyload DB
** inst
** byte-compile and prepare package for lazy loading
** help
*** installing help indices
*** copying figures
** building package indices
** installing vignettes
** testing if installed package can be loaded from temporary location
** checking absolute paths in shared objects and dynamic libraries
** testing if installed package can be loaded from final location
** testing if installed package keeps a record of temporary installation path
* creating tarball
packaged installation of ‘dplyr’ as ‘dplyr_1.1.4_R_x86_64-pc-linux-gnu.tar.gz’
* DONE (dplyr)
* installing *source* package ‘checkmate’ ...
** this is package ‘checkmate’ version ‘2.3.2’
** package ‘checkmate’ successfully unpacked and MD5 sums checked
** using staged installation
** libs
using C compiler: ‘gcc (Ubuntu 13.3.0-6ubuntu2~24.04) 13.3.0’
gcc -std=gnu2x -I"/usr/local/lib/R/include" -DNDEBUG   -I/usr/local/include    -fpic  -g -O2 -fstack-protector-strong -Wformat -Werror=format-security -Wdate-time -D_FORTIFY_SOURCE=2 -g  -c all_missing.c -o all_missing.o
gcc -std=gnu2x -I"/usr/local/lib/R/include" -DNDEBUG   -I/usr/local/include    -fpic  -g -O2 -fstack-protector-strong -Wformat -Werror=format-security -Wdate-time -D_FORTIFY_SOURCE=2 -g  -c any_infinite.c -o any_infinite.o
gcc -std=gnu2x -I"/usr/local/lib/R/include" -DNDEBUG   -I/usr/local/include    -fpic  -g -O2 -fstack-protector-strong -Wformat -Werror=format-security -Wdate-time -D_FORTIFY_SOURCE=2 -g  -c any_missing.c -o any_missing.o
gcc -std=gnu2x -I"/usr/local/lib/R/include" -DNDEBUG   -I/usr/local/include    -fpic  -g -O2 -fstack-protector-strong -Wformat -Werror=format-security -Wdate-time -D_FORTIFY_SOURCE=2 -g  -c any_nan.c -o any_nan.o
gcc -std=gnu2x -I"/usr/local/lib/R/include" -DNDEBUG   -I/usr/local/include    -fpic  -g -O2 -fstack-protector-strong -Wformat -Werror=format-security -Wdate-time -D_FORTIFY_SOURCE=2 -g  -c checks.c -o checks.o
gcc -std=gnu2x -I"/usr/local/lib/R/include" -DNDEBUG   -I/usr/local/include    -fpic  -g -O2 -fstack-protector-strong -Wformat -Werror=format-security -Wdate-time -D_FORTIFY_SOURCE=2 -g  -c find_nchar.c -o find_nchar.o
gcc -std=gnu2x -I"/usr/local/lib/R/include" -DNDEBUG   -I/usr/local/include    -fpic  -g -O2 -fstack-protector-strong -Wformat -Werror=format-security -Wdate-time -D_FORTIFY_SOURCE=2 -g  -c guess_type.c -o guess_type.o
gcc -std=gnu2x -I"/usr/local/lib/R/include" -DNDEBUG   -I/usr/local/include    -fpic  -g -O2 -fstack-protector-strong -Wformat -Werror=format-security -Wdate-time -D_FORTIFY_SOURCE=2 -g  -c helper.c -o helper.o
gcc -std=gnu2x -I"/usr/local/lib/R/include" -DNDEBUG   -I/usr/local/include    -fpic  -g -O2 -fstack-protector-strong -Wformat -Werror=format-security -Wdate-time -D_FORTIFY_SOURCE=2 -g  -c init.c -o init.o
gcc -std=gnu2x -I"/usr/local/lib/R/include" -DNDEBUG   -I/usr/local/include    -fpic  -g -O2 -fstack-protector-strong -Wformat -Werror=format-security -Wdate-time -D_FORTIFY_SOURCE=2 -g  -c integerish.c -o integerish.o
gcc -std=gnu2x -I"/usr/local/lib/R/include" -DNDEBUG   -I/usr/local/include    -fpic  -g -O2 -fstack-protector-strong -Wformat -Werror=format-security -Wdate-time -D_FORTIFY_SOURCE=2 -g  -c is_sorted.c -o is_sorted.o
gcc -std=gnu2x -I"/usr/local/lib/R/include" -DNDEBUG   -I/usr/local/include    -fpic  -g -O2 -fstack-protector-strong -Wformat -Werror=format-security -Wdate-time -D_FORTIFY_SOURCE=2 -g  -c qassert.c -o qassert.o
gcc -std=gnu2x -I"/usr/local/lib/R/include" -DNDEBUG   -I/usr/local/include    -fpic  -g -O2 -fstack-protector-strong -Wformat -Werror=format-security -Wdate-time -D_FORTIFY_SOURCE=2 -g  -c which_first.c -o which_first.o
gcc -std=gnu2x -shared -L/usr/local/lib/R/lib -L/usr/local/lib -o checkmate.so all_missing.o any_infinite.o any_missing.o any_nan.o checks.o find_nchar.o guess_type.o helper.o init.o integerish.o is_sorted.o qassert.o which_first.o -L/usr/local/lib/R/lib -lR
installing to /usr/local/lib/R/site-library/00LOCK-checkmate/00new/checkmate/libs
** R
** inst
** byte-compile and prepare package for lazy loading
** help
*** installing help indices
** building package indices
** installing vignettes
** testing if installed package can be loaded from temporary location
** checking absolute paths in shared objects and dynamic libraries
** testing if installed package can be loaded from final location
** testing if installed package keeps a record of temporary installation path
* creating tarball
packaged installation of ‘checkmate’ as ‘checkmate_2.3.2_R_x86_64-pc-linux-gnu.tar.gz’
* DONE (checkmate)
* installing *source* package ‘e1071’ ...
** this is package ‘e1071’ version ‘1.7-16’
** package ‘e1071’ successfully unpacked and MD5 sums checked
** using staged installation
** libs
using C compiler: ‘gcc (Ubuntu 13.3.0-6ubuntu2~24.04) 13.3.0’
using C++ compiler: ‘g++ (Ubuntu 13.3.0-6ubuntu2~24.04) 13.3.0’
gcc -std=gnu2x -I"/usr/local/lib/R/include" -DNDEBUG   -I/usr/local/include    -fpic  -g -O2 -fstack-protector-strong -Wformat -Werror=format-security -Wdate-time -D_FORTIFY_SOURCE=2 -g  -c Rsvm.c -o Rsvm.o
gcc -std=gnu2x -I"/usr/local/lib/R/include" -DNDEBUG   -I/usr/local/include    -fpic  -g -O2 -fstack-protector-strong -Wformat -Werror=format-security -Wdate-time -D_FORTIFY_SOURCE=2 -g  -c cmeans.c -o cmeans.o
gcc -std=gnu2x -I"/usr/local/lib/R/include" -DNDEBUG   -I/usr/local/include    -fpic  -g -O2 -fstack-protector-strong -Wformat -Werror=format-security -Wdate-time -D_FORTIFY_SOURCE=2 -g  -c cshell.c -o cshell.o
gcc -std=gnu2x -I"/usr/local/lib/R/include" -DNDEBUG   -I/usr/local/include    -fpic  -g -O2 -fstack-protector-strong -Wformat -Werror=format-security -Wdate-time -D_FORTIFY_SOURCE=2 -g  -c floyd.c -o floyd.o
gcc -std=gnu2x -I"/usr/local/lib/R/include" -DNDEBUG   -I/usr/local/include    -fpic  -g -O2 -fstack-protector-strong -Wformat -Werror=format-security -Wdate-time -D_FORTIFY_SOURCE=2 -g  -c init.c -o init.o
g++ -std=gnu++17 -I"/usr/local/lib/R/include" -DNDEBUG   -I/usr/local/include    -fpic  -g -O2 -fstack-protector-strong -Wformat -Werror=format-security -Wdate-time -D_FORTIFY_SOURCE=2 -g   -c svm.cpp -o svm.o
g++ -std=gnu++17 -shared -L/usr/local/lib/R/lib -L/usr/local/lib -o e1071.so Rsvm.o cmeans.o cshell.o floyd.o init.o svm.o -L/usr/local/lib/R/lib -lR
installing to /usr/local/lib/R/site-library/00LOCK-e1071/00new/e1071/libs
** R
** inst
** byte-compile and prepare package for lazy loading
** help
*** installing help indices
** building package indices
** installing vignettes
** testing if installed package can be loaded from temporary location
** checking absolute paths in shared objects and dynamic libraries
** testing if installed package can be loaded from final location
** testing if installed package keeps a record of temporary installation path
* creating tarball
packaged installation of ‘e1071’ as ‘e1071_1.7-16_R_x86_64-pc-linux-gnu.tar.gz’
* DONE (e1071)
* installing *source* package ‘MatrixGenerics’ ...
** this is package ‘MatrixGenerics’ version ‘1.19.1’
** using staged installation
** R
** inst
** byte-compile and prepare package for lazy loading
Creating a new generic function for ‘rowAlls’ in package ‘MatrixGenerics’
Creating a new generic function for ‘colAlls’ in package ‘MatrixGenerics’
Creating a new generic function for ‘rowAnyNAs’ in package ‘MatrixGenerics’
Creating a new generic function for ‘colAnyNAs’ in package ‘MatrixGenerics’
Creating a new generic function for ‘rowAnys’ in package ‘MatrixGenerics’
Creating a new generic function for ‘colAnys’ in package ‘MatrixGenerics’
Creating a new generic function for ‘rowAvgsPerColSet’ in package ‘MatrixGenerics’
Creating a new generic function for ‘colAvgsPerRowSet’ in package ‘MatrixGenerics’
Creating a new generic function for ‘rowCollapse’ in package ‘MatrixGenerics’
Creating a new generic function for ‘colCollapse’ in package ‘MatrixGenerics’
Creating a new generic function for ‘rowCounts’ in package ‘MatrixGenerics’
Creating a new generic function for ‘colCounts’ in package ‘MatrixGenerics’
Creating a new generic function for ‘rowCummaxs’ in package ‘MatrixGenerics’
Creating a new generic function for ‘colCummaxs’ in package ‘MatrixGenerics’
Creating a new generic function for ‘rowCummins’ in package ‘MatrixGenerics’
Creating a new generic function for ‘colCummins’ in package ‘MatrixGenerics’
Creating a new generic function for ‘rowCumprods’ in package ‘MatrixGenerics’
Creating a new generic function for ‘colCumprods’ in package ‘MatrixGenerics’
Creating a new generic function for ‘rowCumsums’ in package ‘MatrixGenerics’
Creating a new generic function for ‘colCumsums’ in package ‘MatrixGenerics’
Creating a new generic function for ‘rowDiffs’ in package ‘MatrixGenerics’
Creating a new generic function for ‘colDiffs’ in package ‘MatrixGenerics’
Creating a new generic function for ‘rowIQRDiffs’ in package ‘MatrixGenerics’
Creating a new generic function for ‘colIQRDiffs’ in package ‘MatrixGenerics’
Creating a new generic function for ‘rowIQRs’ in package ‘MatrixGenerics’
Creating a new generic function for ‘colIQRs’ in package ‘MatrixGenerics’
Creating a new generic function for ‘rowLogSumExps’ in package ‘MatrixGenerics’
Creating a new generic function for ‘colLogSumExps’ in package ‘MatrixGenerics’
Creating a new generic function for ‘rowMadDiffs’ in package ‘MatrixGenerics’
Creating a new generic function for ‘colMadDiffs’ in package ‘MatrixGenerics’
Creating a new generic function for ‘rowMads’ in package ‘MatrixGenerics’
Creating a new generic function for ‘colMads’ in package ‘MatrixGenerics’
Creating a new generic function for ‘rowMaxs’ in package ‘MatrixGenerics’
Creating a new generic function for ‘colMaxs’ in package ‘MatrixGenerics’
Creating a new generic function for ‘rowMeans2’ in package ‘MatrixGenerics’
Creating a new generic function for ‘colMeans2’ in package ‘MatrixGenerics’
Creating a new generic function for ‘rowMedians’ in package ‘MatrixGenerics’
Creating a new generic function for ‘colMedians’ in package ‘MatrixGenerics’
Creating a new generic function for ‘rowMins’ in package ‘MatrixGenerics’
Creating a new generic function for ‘colMins’ in package ‘MatrixGenerics’
Creating a new generic function for ‘rowOrderStats’ in package ‘MatrixGenerics’
Creating a new generic function for ‘colOrderStats’ in package ‘MatrixGenerics’
Creating a new generic function for ‘rowProds’ in package ‘MatrixGenerics’
Creating a new generic function for ‘colProds’ in package ‘MatrixGenerics’
Creating a new generic function for ‘rowQuantiles’ in package ‘MatrixGenerics’
Creating a new generic function for ‘colQuantiles’ in package ‘MatrixGenerics’
Creating a new generic function for ‘rowRanges’ in package ‘MatrixGenerics’
Creating a new generic function for ‘colRanges’ in package ‘MatrixGenerics’
Creating a new generic function for ‘rowRanks’ in package ‘MatrixGenerics’
Creating a new generic function for ‘colRanks’ in package ‘MatrixGenerics’
Creating a new generic function for ‘rowSdDiffs’ in package ‘MatrixGenerics’
Creating a new generic function for ‘colSdDiffs’ in package ‘MatrixGenerics’
Creating a new generic function for ‘rowSds’ in package ‘MatrixGenerics’
Creating a new generic function for ‘colSds’ in package ‘MatrixGenerics’
Creating a new generic function for ‘rowSums2’ in package ‘MatrixGenerics’
Creating a new generic function for ‘colSums2’ in package ‘MatrixGenerics’
Creating a new generic function for ‘rowTabulates’ in package ‘MatrixGenerics’
Creating a new generic function for ‘colTabulates’ in package ‘MatrixGenerics’
Creating a new generic function for ‘rowVarDiffs’ in package ‘MatrixGenerics’
Creating a new generic function for ‘colVarDiffs’ in package ‘MatrixGenerics’
Creating a new generic function for ‘rowVars’ in package ‘MatrixGenerics’
Creating a new generic function for ‘colVars’ in package ‘MatrixGenerics’
Creating a new generic function for ‘rowWeightedMads’ in package ‘MatrixGenerics’
Creating a new generic function for ‘colWeightedMads’ in package ‘MatrixGenerics’
Creating a new generic function for ‘rowWeightedMeans’ in package ‘MatrixGenerics’
Creating a new generic function for ‘colWeightedMeans’ in package ‘MatrixGenerics’
Creating a new generic function for ‘rowWeightedMedians’ in package ‘MatrixGenerics’
Creating a new generic function for ‘colWeightedMedians’ in package ‘MatrixGenerics’
Creating a new generic function for ‘rowWeightedSds’ in package ‘MatrixGenerics’
Creating a new generic function for ‘colWeightedSds’ in package ‘MatrixGenerics’
Creating a new generic function for ‘rowWeightedVars’ in package ‘MatrixGenerics’
Creating a new generic function for ‘colWeightedVars’ in package ‘MatrixGenerics’
** help
*** installing help indices
** building package indices
** testing if installed package can be loaded from temporary location
** testing if installed package can be loaded from final location
** testing if installed package keeps a record of temporary installation path
* creating tarball
packaged installation of ‘MatrixGenerics’ as ‘MatrixGenerics_1.19.1_R_x86_64-pc-linux-gnu.tar.gz’
* DONE (MatrixGenerics)
* installing *source* package ‘BiocGenerics’ ...
** this is package ‘BiocGenerics’ version ‘0.53.6’
** using staged installation
** R
** inst
** byte-compile and prepare package for lazy loading
Creating a new generic function for ‘aperm’ in package ‘BiocGenerics’
Creating a new generic function for ‘append’ in package ‘BiocGenerics’
Creating a new generic function for ‘as.data.frame’ in package ‘BiocGenerics’
Creating a new generic function for ‘cbind’ in package ‘BiocGenerics’
Creating a new generic function for ‘rbind’ in package ‘BiocGenerics’
Creating a new generic function for ‘do.call’ in package ‘BiocGenerics’
Creating a new generic function for ‘duplicated’ in package ‘BiocGenerics’
Creating a new generic function for ‘anyDuplicated’ in package ‘BiocGenerics’
Creating a new generic function for ‘eval’ in package ‘BiocGenerics’
Creating a new generic function for ‘pmax’ in package ‘BiocGenerics’
Creating a new generic function for ‘pmin’ in package ‘BiocGenerics’
Creating a new generic function for ‘pmax.int’ in package ‘BiocGenerics’
Creating a new generic function for ‘pmin.int’ in package ‘BiocGenerics’
Creating a new generic function for ‘Reduce’ in package ‘BiocGenerics’
Creating a new generic function for ‘Filter’ in package ‘BiocGenerics’
Creating a new generic function for ‘Find’ in package ‘BiocGenerics’
Creating a new generic function for ‘Map’ in package ‘BiocGenerics’
Creating a new generic function for ‘Position’ in package ‘BiocGenerics’
Creating a new generic function for ‘get’ in package ‘BiocGenerics’
Creating a new generic function for ‘mget’ in package ‘BiocGenerics’
Creating a new generic function for ‘grep’ in package ‘BiocGenerics’
Creating a new generic function for ‘grepl’ in package ‘BiocGenerics’
Creating a new generic function for ‘is.unsorted’ in package ‘BiocGenerics’
Creating a new generic function for ‘lapply’ in package ‘BiocGenerics’
Creating a new generic function for ‘sapply’ in package ‘BiocGenerics’
Creating a new generic function for ‘mapply’ in package ‘BiocGenerics’
Creating a new generic function for ‘match’ in package ‘BiocGenerics’
Creating a new generic function for ‘order’ in package ‘BiocGenerics’
Creating a new generic function for ‘paste’ in package ‘BiocGenerics’
Creating a new generic function for ‘rank’ in package ‘BiocGenerics’
Creating a new generic function for ‘rownames’ in package ‘BiocGenerics’
Creating a new generic function for ‘colnames’ in package ‘BiocGenerics’
Creating a new generic function for ‘saveRDS’ in package ‘BiocGenerics’
Creating a new generic function for ‘table’ in package ‘BiocGenerics’
Creating a new generic function for ‘tapply’ in package ‘BiocGenerics’
Creating a new generic function for ‘unique’ in package ‘BiocGenerics’
Creating a new generic function for ‘unsplit’ in package ‘BiocGenerics’
Creating a new generic function for ‘var’ in package ‘BiocGenerics’
Creating a new generic function for ‘sd’ in package ‘BiocGenerics’
Creating a new generic function for ‘which.min’ in package ‘BiocGenerics’
Creating a new generic function for ‘which.max’ in package ‘BiocGenerics’
Creating a new generic function for ‘IQR’ in package ‘BiocGenerics’
Creating a new generic function for ‘mad’ in package ‘BiocGenerics’
Creating a new generic function for ‘xtabs’ in package ‘BiocGenerics’
Creating a new generic function for ‘basename’ in package ‘BiocGenerics’
Creating a new generic function for ‘dirname’ in package ‘BiocGenerics’
** help
*** installing help indices
** building package indices
** testing if installed package can be loaded from temporary location
** testing if installed package can be loaded from final location
** testing if installed package keeps a record of temporary installation path
* creating tarball
packaged installation of ‘BiocGenerics’ as ‘BiocGenerics_0.53.6_R_x86_64-pc-linux-gnu.tar.gz’
* DONE (BiocGenerics)
* installing *source* package ‘BiocStyle’ ...
** this is package ‘BiocStyle’ version ‘2.35.0’
** using staged installation
** R
** inst
** byte-compile and prepare package for lazy loading
** help
*** installing help indices
** building package indices
** installing vignettes
** testing if installed package can be loaded from temporary location
** testing if installed package can be loaded from final location
** testing if installed package keeps a record of temporary installation path
* creating tarball
packaged installation of ‘BiocStyle’ as ‘BiocStyle_2.35.0_R_x86_64-pc-linux-gnu.tar.gz’
* DONE (BiocStyle)
* installing *source* package ‘scales’ ...
** this is package ‘scales’ version ‘1.3.0’
** package ‘scales’ successfully unpacked and MD5 sums checked
** using staged installation
** R
** byte-compile and prepare package for lazy loading
** help
*** installing help indices
*** copying figures
** building package indices
** testing if installed package can be loaded from temporary location
** testing if installed package can be loaded from final location
** testing if installed package keeps a record of temporary installation path
* creating tarball
packaged installation of ‘scales’ as ‘scales_1.3.0_R_x86_64-pc-linux-gnu.tar.gz’
* DONE (scales)
* installing *source* package ‘CDM’ ...
** this is package ‘CDM’ version ‘8.2-6’
** package ‘CDM’ successfully unpacked and MD5 sums checked
** using staged installation
** libs
using C compiler: ‘gcc (Ubuntu 13.3.0-6ubuntu2~24.04) 13.3.0’
using C++ compiler: ‘g++ (Ubuntu 13.3.0-6ubuntu2~24.04) 13.3.0’
g++ -std=gnu++17 -I"/usr/local/lib/R/include" -DNDEBUG -I../inst/include -DBOOST_NO_LONG_LONG -DBOOST_NO_AUTO_PTR -DRCPP_USE_UNWIND_PROTECT -I'/usr/local/lib/R/site-library/Rcpp/include' -I'/usr/local/lib/R/site-library/RcppArmadillo/include' -I/usr/local/include    -fpic  -g -O2 -fstack-protector-strong -Wformat -Werror=format-security -Wdate-time -D_FORTIFY_SOURCE=2 -g   -c RcppExports.cpp -o RcppExports.o
gcc -std=gnu2x -I"/usr/local/lib/R/include" -DNDEBUG -I../inst/include -DBOOST_NO_LONG_LONG -DBOOST_NO_AUTO_PTR -DRCPP_USE_UNWIND_PROTECT -I'/usr/local/lib/R/site-library/Rcpp/include' -I'/usr/local/lib/R/site-library/RcppArmadillo/include' -I/usr/local/include    -fpic  -g -O2 -fstack-protector-strong -Wformat -Werror=format-security -Wdate-time -D_FORTIFY_SOURCE=2 -g  -c cdm_c_calcfx.c -o cdm_c_calcfx.o
g++ -std=gnu++17 -I"/usr/local/lib/R/include" -DNDEBUG -I../inst/include -DBOOST_NO_LONG_LONG -DBOOST_NO_AUTO_PTR -DRCPP_USE_UNWIND_PROTECT -I'/usr/local/lib/R/site-library/Rcpp/include' -I'/usr/local/lib/R/site-library/RcppArmadillo/include' -I/usr/local/include    -fpic  -g -O2 -fstack-protector-strong -Wformat -Werror=format-security -Wdate-time -D_FORTIFY_SOURCE=2 -g   -c cdm_rcpp_din_deterministic_devcrit.cpp -o cdm_rcpp_din_deterministic_devcrit.o
g++ -std=gnu++17 -I"/usr/local/lib/R/include" -DNDEBUG -I../inst/include -DBOOST_NO_LONG_LONG -DBOOST_NO_AUTO_PTR -DRCPP_USE_UNWIND_PROTECT -I'/usr/local/lib/R/site-library/Rcpp/include' -I'/usr/local/lib/R/site-library/RcppArmadillo/include' -I/usr/local/include    -fpic  -g -O2 -fstack-protector-strong -Wformat -Werror=format-security -Wdate-time -D_FORTIFY_SOURCE=2 -g   -c cdm_rcpp_din_em.cpp -o cdm_rcpp_din_em.o
g++ -std=gnu++17 -I"/usr/local/lib/R/include" -DNDEBUG -I../inst/include -DBOOST_NO_LONG_LONG -DBOOST_NO_AUTO_PTR -DRCPP_USE_UNWIND_PROTECT -I'/usr/local/lib/R/site-library/Rcpp/include' -I'/usr/local/lib/R/site-library/RcppArmadillo/include' -I/usr/local/include    -fpic  -g -O2 -fstack-protector-strong -Wformat -Werror=format-security -Wdate-time -D_FORTIFY_SOURCE=2 -g   -c cdm_rcpp_din_validate.cpp -o cdm_rcpp_din_validate.o
g++ -std=gnu++17 -I"/usr/local/lib/R/include" -DNDEBUG -I../inst/include -DBOOST_NO_LONG_LONG -DBOOST_NO_AUTO_PTR -DRCPP_USE_UNWIND_PROTECT -I'/usr/local/lib/R/site-library/Rcpp/include' -I'/usr/local/lib/R/site-library/RcppArmadillo/include' -I/usr/local/include    -fpic  -g -O2 -fstack-protector-strong -Wformat -Werror=format-security -Wdate-time -D_FORTIFY_SOURCE=2 -g   -c cdm_rcpp_discrimination_index.cpp -o cdm_rcpp_discrimination_index.o
g++ -std=gnu++17 -I"/usr/local/lib/R/include" -DNDEBUG -I../inst/include -DBOOST_NO_LONG_LONG -DBOOST_NO_AUTO_PTR -DRCPP_USE_UNWIND_PROTECT -I'/usr/local/lib/R/site-library/Rcpp/include' -I'/usr/local/lib/R/site-library/RcppArmadillo/include' -I/usr/local/include    -fpic  -g -O2 -fstack-protector-strong -Wformat -Werror=format-security -Wdate-time -D_FORTIFY_SOURCE=2 -g   -c cdm_rcpp_est_calc_accuracy.cpp -o cdm_rcpp_est_calc_accuracy.o
g++ -std=gnu++17 -I"/usr/local/lib/R/include" -DNDEBUG -I../inst/include -DBOOST_NO_LONG_LONG -DBOOST_NO_AUTO_PTR -DRCPP_USE_UNWIND_PROTECT -I'/usr/local/lib/R/site-library/Rcpp/include' -I'/usr/local/lib/R/site-library/RcppArmadillo/include' -I/usr/local/include    -fpic  -g -O2 -fstack-protector-strong -Wformat -Werror=format-security -Wdate-time -D_FORTIFY_SOURCE=2 -g   -c cdm_rcpp_eval_likelihood.cpp -o cdm_rcpp_eval_likelihood.o
g++ -std=gnu++17 -I"/usr/local/lib/R/include" -DNDEBUG -I../inst/include -DBOOST_NO_LONG_LONG -DBOOST_NO_AUTO_PTR -DRCPP_USE_UNWIND_PROTECT -I'/usr/local/lib/R/site-library/Rcpp/include' -I'/usr/local/lib/R/site-library/RcppArmadillo/include' -I/usr/local/include    -fpic  -g -O2 -fstack-protector-strong -Wformat -Werror=format-security -Wdate-time -D_FORTIFY_SOURCE=2 -g   -c cdm_rcpp_gdd.cpp -o cdm_rcpp_gdd.o
g++ -std=gnu++17 -I"/usr/local/lib/R/include" -DNDEBUG -I../inst/include -DBOOST_NO_LONG_LONG -DBOOST_NO_AUTO_PTR -DRCPP_USE_UNWIND_PROTECT -I'/usr/local/lib/R/site-library/Rcpp/include' -I'/usr/local/lib/R/site-library/RcppArmadillo/include' -I/usr/local/include    -fpic  -g -O2 -fstack-protector-strong -Wformat -Werror=format-security -Wdate-time -D_FORTIFY_SOURCE=2 -g   -c cdm_rcpp_ideal_resp_pattern.cpp -o cdm_rcpp_ideal_resp_pattern.o
g++ -std=gnu++17 -I"/usr/local/lib/R/include" -DNDEBUG -I../inst/include -DBOOST_NO_LONG_LONG -DBOOST_NO_AUTO_PTR -DRCPP_USE_UNWIND_PROTECT -I'/usr/local/lib/R/site-library/Rcpp/include' -I'/usr/local/lib/R/site-library/RcppArmadillo/include' -I/usr/local/include    -fpic  -g -O2 -fstack-protector-strong -Wformat -Werror=format-security -Wdate-time -D_FORTIFY_SOURCE=2 -g   -c cdm_rcpp_irt_classify.cpp -o cdm_rcpp_irt_classify.o
g++ -std=gnu++17 -I"/usr/local/lib/R/include" -DNDEBUG -I../inst/include -DBOOST_NO_LONG_LONG -DBOOST_NO_AUTO_PTR -DRCPP_USE_UNWIND_PROTECT -I'/usr/local/lib/R/site-library/Rcpp/include' -I'/usr/local/lib/R/site-library/RcppArmadillo/include' -I/usr/local/include    -fpic  -g -O2 -fstack-protector-strong -Wformat -Werror=format-security -Wdate-time -D_FORTIFY_SOURCE=2 -g   -c cdm_rcpp_irt_predict.cpp -o cdm_rcpp_irt_predict.o
g++ -std=gnu++17 -I"/usr/local/lib/R/include" -DNDEBUG -I../inst/include -DBOOST_NO_LONG_LONG -DBOOST_NO_AUTO_PTR -DRCPP_USE_UNWIND_PROTECT -I'/usr/local/lib/R/site-library/Rcpp/include' -I'/usr/local/lib/R/site-library/RcppArmadillo/include' -I/usr/local/include    -fpic  -g -O2 -fstack-protector-strong -Wformat -Werror=format-security -Wdate-time -D_FORTIFY_SOURCE=2 -g   -c cdm_rcpp_itemfit_sx2_calc_scoredistribution.cpp -o cdm_rcpp_itemfit_sx2_calc_scoredistribution.o
g++ -std=gnu++17 -I"/usr/local/lib/R/include" -DNDEBUG -I../inst/include -DBOOST_NO_LONG_LONG -DBOOST_NO_AUTO_PTR -DRCPP_USE_UNWIND_PROTECT -I'/usr/local/lib/R/site-library/Rcpp/include' -I'/usr/local/lib/R/site-library/RcppArmadillo/include' -I/usr/local/include    -fpic  -g -O2 -fstack-protector-strong -Wformat -Werror=format-security -Wdate-time -D_FORTIFY_SOURCE=2 -g   -c cdm_rcpp_kli.cpp -o cdm_rcpp_kli.o
g++ -std=gnu++17 -I"/usr/local/lib/R/include" -DNDEBUG -I../inst/include -DBOOST_NO_LONG_LONG -DBOOST_NO_AUTO_PTR -DRCPP_USE_UNWIND_PROTECT -I'/usr/local/lib/R/site-library/Rcpp/include' -I'/usr/local/lib/R/site-library/RcppArmadillo/include' -I/usr/local/include    -fpic  -g -O2 -fstack-protector-strong -Wformat -Werror=format-security -Wdate-time -D_FORTIFY_SOURCE=2 -g   -c cdm_rcpp_mcdina_probs_multcat_items_counts.cpp -o cdm_rcpp_mcdina_probs_multcat_items_counts.o
g++ -std=gnu++17 -I"/usr/local/lib/R/include" -DNDEBUG -I../inst/include -DBOOST_NO_LONG_LONG -DBOOST_NO_AUTO_PTR -DRCPP_USE_UNWIND_PROTECT -I'/usr/local/lib/R/site-library/Rcpp/include' -I'/usr/local/lib/R/site-library/RcppArmadillo/include' -I/usr/local/include    -fpic  -g -O2 -fstack-protector-strong -Wformat -Werror=format-security -Wdate-time -D_FORTIFY_SOURCE=2 -g   -c cdm_rcpp_modelfit_cor.cpp -o cdm_rcpp_modelfit_cor.o
g++ -std=gnu++17 -I"/usr/local/lib/R/include" -DNDEBUG -I../inst/include -DBOOST_NO_LONG_LONG -DBOOST_NO_AUTO_PTR -DRCPP_USE_UNWIND_PROTECT -I'/usr/local/lib/R/site-library/Rcpp/include' -I'/usr/local/lib/R/site-library/RcppArmadillo/include' -I/usr/local/include    -fpic  -g -O2 -fstack-protector-strong -Wformat -Werror=format-security -Wdate-time -D_FORTIFY_SOURCE=2 -g   -c cdm_rcpp_sim_model.cpp -o cdm_rcpp_sim_model.o
g++ -std=gnu++17 -I"/usr/local/lib/R/include" -DNDEBUG -I../inst/include -DBOOST_NO_LONG_LONG -DBOOST_NO_AUTO_PTR -DRCPP_USE_UNWIND_PROTECT -I'/usr/local/lib/R/site-library/Rcpp/include' -I'/usr/local/lib/R/site-library/RcppArmadillo/include' -I/usr/local/include    -fpic  -g -O2 -fstack-protector-strong -Wformat -Werror=format-security -Wdate-time -D_FORTIFY_SOURCE=2 -g   -c cdm_rcpp_slca.cpp -o cdm_rcpp_slca.o
gcc -std=gnu2x -I"/usr/local/lib/R/include" -DNDEBUG -I../inst/include -DBOOST_NO_LONG_LONG -DBOOST_NO_AUTO_PTR -DRCPP_USE_UNWIND_PROTECT -I'/usr/local/lib/R/site-library/Rcpp/include' -I'/usr/local/lib/R/site-library/RcppArmadillo/include' -I/usr/local/include    -fpic  -g -O2 -fstack-protector-strong -Wformat -Werror=format-security -Wdate-time -D_FORTIFY_SOURCE=2 -g  -c init.c -o init.o
g++ -std=gnu++17 -shared -L/usr/local/lib/R/lib -L/usr/local/lib -o CDM.so RcppExports.o cdm_c_calcfx.o cdm_rcpp_din_deterministic_devcrit.o cdm_rcpp_din_em.o cdm_rcpp_din_validate.o cdm_rcpp_discrimination_index.o cdm_rcpp_est_calc_accuracy.o cdm_rcpp_eval_likelihood.o cdm_rcpp_gdd.o cdm_rcpp_ideal_resp_pattern.o cdm_rcpp_irt_classify.o cdm_rcpp_irt_predict.o cdm_rcpp_itemfit_sx2_calc_scoredistribution.o cdm_rcpp_kli.o cdm_rcpp_mcdina_probs_multcat_items_counts.o cdm_rcpp_modelfit_cor.o cdm_rcpp_sim_model.o cdm_rcpp_slca.o init.o -llapack -lblas -lgfortran -lm -lquadmath -L/usr/local/lib/R/lib -lR
installing to /usr/local/lib/R/site-library/00LOCK-CDM/00new/CDM/libs
** R
** data
*** moving datasets to lazyload DB
** inst
** byte-compile and prepare package for lazy loading
** help
*** installing help indices
** building package indices
** testing if installed package can be loaded from temporary location
** checking absolute paths in shared objects and dynamic libraries
** testing if installed package can be loaded from final location
** testing if installed package keeps a record of temporary installation path
* creating tarball
packaged installation of ‘CDM’ as ‘CDM_8.2-6_R_x86_64-pc-linux-gnu.tar.gz’
* DONE (CDM)
* installing *source* package ‘EpiDISH’ ...
** this is package ‘EpiDISH’ version ‘2.23.1’
** using staged installation
** R
** data
*** moving datasets to lazyload DB
** inst
** byte-compile and prepare package for lazy loading
** help
*** installing help indices
** building package indices
** installing vignettes
** testing if installed package can be loaded from temporary location
** testing if installed package can be loaded from final location
** testing if installed package keeps a record of temporary installation path
* creating tarball
packaged installation of ‘EpiDISH’ as ‘EpiDISH_2.23.1_R_x86_64-pc-linux-gnu.tar.gz’
* DONE (EpiDISH)
* installing *source* package ‘doParallel’ ...
** this is package ‘doParallel’ version ‘1.0.17’
** package ‘doParallel’ successfully unpacked and MD5 sums checked
** using staged installation
** R
** demo
** inst
** byte-compile and prepare package for lazy loading
** help
*** installing help indices
** building package indices
** installing vignettes
** testing if installed package can be loaded from temporary location
** testing if installed package can be loaded from final location
** testing if installed package keeps a record of temporary installation path
* creating tarball
packaged installation of ‘doParallel’ as ‘doParallel_1.0.17_R_x86_64-pc-linux-gnu.tar.gz’
* DONE (doParallel)
* installing *source* package ‘tidyr’ ...
** this is package ‘tidyr’ version ‘1.3.1’
** package ‘tidyr’ successfully unpacked and MD5 sums checked
** using staged installation
** libs
using C++ compiler: ‘g++ (Ubuntu 13.3.0-6ubuntu2~24.04) 13.3.0’
g++ -std=gnu++17 -I"/usr/local/lib/R/include" -DNDEBUG  -I'/usr/local/lib/R/site-library/cpp11/include' -I/usr/local/include    -fpic  -g -O2 -fstack-protector-strong -Wformat -Werror=format-security -Wdate-time -D_FORTIFY_SOURCE=2 -g   -c cpp11.cpp -o cpp11.o
g++ -std=gnu++17 -I"/usr/local/lib/R/include" -DNDEBUG  -I'/usr/local/lib/R/site-library/cpp11/include' -I/usr/local/include    -fpic  -g -O2 -fstack-protector-strong -Wformat -Werror=format-security -Wdate-time -D_FORTIFY_SOURCE=2 -g   -c melt.cpp -o melt.o
g++ -std=gnu++17 -I"/usr/local/lib/R/include" -DNDEBUG  -I'/usr/local/lib/R/site-library/cpp11/include' -I/usr/local/include    -fpic  -g -O2 -fstack-protector-strong -Wformat -Werror=format-security -Wdate-time -D_FORTIFY_SOURCE=2 -g   -c simplifyPieces.cpp -o simplifyPieces.o
g++ -std=gnu++17 -shared -L/usr/local/lib/R/lib -L/usr/local/lib -o tidyr.so cpp11.o melt.o simplifyPieces.o -L/usr/local/lib/R/lib -lR
installing to /usr/local/lib/R/site-library/00LOCK-tidyr/00new/tidyr/libs
** R
** data
*** moving datasets to lazyload DB
** inst
** byte-compile and prepare package for lazy loading
** help
*** installing help indices
*** copying figures
** building package indices
** installing vignettes
** testing if installed package can be loaded from temporary location
** checking absolute paths in shared objects and dynamic libraries
** testing if installed package can be loaded from final location
** testing if installed package keeps a record of temporary installation path
* creating tarball
packaged installation of ‘tidyr’ as ‘tidyr_1.3.1_R_x86_64-pc-linux-gnu.tar.gz’
* DONE (tidyr)
* installing *source* package ‘S4Vectors’ ...
** this is package ‘S4Vectors’ version ‘0.45.4’
** using staged installation
** libs
using C compiler: ‘gcc (Ubuntu 13.3.0-6ubuntu2~24.04) 13.3.0’
gcc -std=gnu2x -I"/usr/local/lib/R/include" -DNDEBUG   -I/usr/local/include    -fpic  -g -O2 -fstack-protector-strong -Wformat -Werror=format-security -Wdate-time -D_FORTIFY_SOURCE=2 -g  -c AEbufs.c -o AEbufs.o
gcc -std=gnu2x -I"/usr/local/lib/R/include" -DNDEBUG   -I/usr/local/include    -fpic  -g -O2 -fstack-protector-strong -Wformat -Werror=format-security -Wdate-time -D_FORTIFY_SOURCE=2 -g  -c DataFrame_class.c -o DataFrame_class.o
gcc -std=gnu2x -I"/usr/local/lib/R/include" -DNDEBUG   -I/usr/local/include    -fpic  -g -O2 -fstack-protector-strong -Wformat -Werror=format-security -Wdate-time -D_FORTIFY_SOURCE=2 -g  -c Hits_class.c -o Hits_class.o
In file included from /usr/include/string.h:548,
                 from /usr/local/lib/R/include/R_ext/RS.h:34,
                 from /usr/local/lib/R/include/Rdefines.h:38,
                 from ../inst/include/S4Vectors_defines.h:18,
                 from S4Vectors.h:1,
                 from Hits_class.c:4:
In function ‘memcpy’,
    inlined from ‘tsort_hits’ at Hits_class.c:113:3:
/usr/include/x86_64-linux-gnu/bits/string_fortified.h:29:10: warning: ‘__builtin_memcpy’ specified bound between 18446744065119617024 and 18446744073709551612 exceeds maximum object size 9223372036854775807 [-Wstringop-overflow=]
   29 |   return __builtin___memcpy_chk (__dest, __src, __len,
      |          ^~~~~~~~~~~~~~~~~~~~~~~~~~~~~~~~~~~~~~~~~~~~~
   30 |                                  __glibc_objsize0 (__dest));
      |                                  ~~~~~~~~~~~~~~~~~~~~~~~~~~
gcc -std=gnu2x -I"/usr/local/lib/R/include" -DNDEBUG   -I/usr/local/include    -fpic  -g -O2 -fstack-protector-strong -Wformat -Werror=format-security -Wdate-time -D_FORTIFY_SOURCE=2 -g  -c LLint_class.c -o LLint_class.o
gcc -std=gnu2x -I"/usr/local/lib/R/include" -DNDEBUG   -I/usr/local/include    -fpic  -g -O2 -fstack-protector-strong -Wformat -Werror=format-security -Wdate-time -D_FORTIFY_SOURCE=2 -g  -c List_class.c -o List_class.o
gcc -std=gnu2x -I"/usr/local/lib/R/include" -DNDEBUG   -I/usr/local/include    -fpic  -g -O2 -fstack-protector-strong -Wformat -Werror=format-security -Wdate-time -D_FORTIFY_SOURCE=2 -g  -c R_init_S4Vectors.c -o R_init_S4Vectors.o
gcc -std=gnu2x -I"/usr/local/lib/R/include" -DNDEBUG   -I/usr/local/include    -fpic  -g -O2 -fstack-protector-strong -Wformat -Werror=format-security -Wdate-time -D_FORTIFY_SOURCE=2 -g  -c Rle_class.c -o Rle_class.o
gcc -std=gnu2x -I"/usr/local/lib/R/include" -DNDEBUG   -I/usr/local/include    -fpic  -g -O2 -fstack-protector-strong -Wformat -Werror=format-security -Wdate-time -D_FORTIFY_SOURCE=2 -g  -c Rle_utils.c -o Rle_utils.o
gcc -std=gnu2x -I"/usr/local/lib/R/include" -DNDEBUG   -I/usr/local/include    -fpic  -g -O2 -fstack-protector-strong -Wformat -Werror=format-security -Wdate-time -D_FORTIFY_SOURCE=2 -g  -c SEXP_utils.c -o SEXP_utils.o
gcc -std=gnu2x -I"/usr/local/lib/R/include" -DNDEBUG   -I/usr/local/include    -fpic  -g -O2 -fstack-protector-strong -Wformat -Werror=format-security -Wdate-time -D_FORTIFY_SOURCE=2 -g  -c SimpleList_class.c -o SimpleList_class.o
gcc -std=gnu2x -I"/usr/local/lib/R/include" -DNDEBUG   -I/usr/local/include    -fpic  -g -O2 -fstack-protector-strong -Wformat -Werror=format-security -Wdate-time -D_FORTIFY_SOURCE=2 -g  -c anyMissing.c -o anyMissing.o
gcc -std=gnu2x -I"/usr/local/lib/R/include" -DNDEBUG   -I/usr/local/include    -fpic  -g -O2 -fstack-protector-strong -Wformat -Werror=format-security -Wdate-time -D_FORTIFY_SOURCE=2 -g  -c character_utils.c -o character_utils.o
gcc -std=gnu2x -I"/usr/local/lib/R/include" -DNDEBUG   -I/usr/local/include    -fpic  -g -O2 -fstack-protector-strong -Wformat -Werror=format-security -Wdate-time -D_FORTIFY_SOURCE=2 -g  -c eval_utils.c -o eval_utils.o
gcc -std=gnu2x -I"/usr/local/lib/R/include" -DNDEBUG   -I/usr/local/include    -fpic  -g -O2 -fstack-protector-strong -Wformat -Werror=format-security -Wdate-time -D_FORTIFY_SOURCE=2 -g  -c hash_utils.c -o hash_utils.o
gcc -std=gnu2x -I"/usr/local/lib/R/include" -DNDEBUG   -I/usr/local/include    -fpic  -g -O2 -fstack-protector-strong -Wformat -Werror=format-security -Wdate-time -D_FORTIFY_SOURCE=2 -g  -c integer_utils.c -o integer_utils.o
gcc -std=gnu2x -I"/usr/local/lib/R/include" -DNDEBUG   -I/usr/local/include    -fpic  -g -O2 -fstack-protector-strong -Wformat -Werror=format-security -Wdate-time -D_FORTIFY_SOURCE=2 -g  -c logical_utils.c -o logical_utils.o
gcc -std=gnu2x -I"/usr/local/lib/R/include" -DNDEBUG   -I/usr/local/include    -fpic  -g -O2 -fstack-protector-strong -Wformat -Werror=format-security -Wdate-time -D_FORTIFY_SOURCE=2 -g  -c map_ranges_to_runs.c -o map_ranges_to_runs.o
gcc -std=gnu2x -I"/usr/local/lib/R/include" -DNDEBUG   -I/usr/local/include    -fpic  -g -O2 -fstack-protector-strong -Wformat -Werror=format-security -Wdate-time -D_FORTIFY_SOURCE=2 -g  -c raw_utils.c -o raw_utils.o
gcc -std=gnu2x -I"/usr/local/lib/R/include" -DNDEBUG   -I/usr/local/include    -fpic  -g -O2 -fstack-protector-strong -Wformat -Werror=format-security -Wdate-time -D_FORTIFY_SOURCE=2 -g  -c safe_arithm.c -o safe_arithm.o
gcc -std=gnu2x -I"/usr/local/lib/R/include" -DNDEBUG   -I/usr/local/include    -fpic  -g -O2 -fstack-protector-strong -Wformat -Werror=format-security -Wdate-time -D_FORTIFY_SOURCE=2 -g  -c sort_utils.c -o sort_utils.o
gcc -std=gnu2x -I"/usr/local/lib/R/include" -DNDEBUG   -I/usr/local/include    -fpic  -g -O2 -fstack-protector-strong -Wformat -Werror=format-security -Wdate-time -D_FORTIFY_SOURCE=2 -g  -c subsetting_utils.c -o subsetting_utils.o
gcc -std=gnu2x -I"/usr/local/lib/R/include" -DNDEBUG   -I/usr/local/include    -fpic  -g -O2 -fstack-protector-strong -Wformat -Werror=format-security -Wdate-time -D_FORTIFY_SOURCE=2 -g  -c vector_utils.c -o vector_utils.o
gcc -std=gnu2x -shared -L/usr/local/lib/R/lib -L/usr/local/lib -o S4Vectors.so AEbufs.o DataFrame_class.o Hits_class.o LLint_class.o List_class.o R_init_S4Vectors.o Rle_class.o Rle_utils.o SEXP_utils.o SimpleList_class.o anyMissing.o character_utils.o eval_utils.o hash_utils.o integer_utils.o logical_utils.o map_ranges_to_runs.o raw_utils.o safe_arithm.o sort_utils.o subsetting_utils.o vector_utils.o -L/usr/local/lib/R/lib -lR
installing to /usr/local/lib/R/site-library/00LOCK-S4Vectors/00new/S4Vectors/libs
** R
** inst
** byte-compile and prepare package for lazy loading
in method for ‘normalizeSingleBracketReplacementValue’ with signature ‘"List"’: no definition for class “List”
Creating a new generic function for ‘unname’ in package ‘S4Vectors’
Creating a new generic function for ‘expand.grid’ in package ‘S4Vectors’
Creating a new generic function for ‘findMatches’ in package ‘S4Vectors’
in method for ‘coerce’ with signature ‘"Hits","DFrame"’: no definition for class “DFrame”
Creating a generic function for ‘as.factor’ from package ‘base’ in package ‘S4Vectors’
Creating a generic function for ‘tabulate’ from package ‘base’ in package ‘S4Vectors’
Creating a generic function for ‘cov’ from package ‘stats’ in package ‘S4Vectors’
Creating a generic function for ‘cor’ from package ‘stats’ in package ‘S4Vectors’
Creating a generic function for ‘smoothEnds’ from package ‘stats’ in package ‘S4Vectors’
Creating a generic function for ‘runmed’ from package ‘stats’ in package ‘S4Vectors’
Creating a generic function for ‘nchar’ from package ‘base’ in package ‘S4Vectors’
Creating a generic function for ‘substr’ from package ‘base’ in package ‘S4Vectors’
Creating a generic function for ‘substring’ from package ‘base’ in package ‘S4Vectors’
Creating a generic function for ‘chartr’ from package ‘base’ in package ‘S4Vectors’
Creating a generic function for ‘tolower’ from package ‘base’ in package ‘S4Vectors’
Creating a generic function for ‘toupper’ from package ‘base’ in package ‘S4Vectors’
Creating a generic function for ‘sub’ from package ‘base’ in package ‘S4Vectors’
Creating a generic function for ‘gsub’ from package ‘base’ in package ‘S4Vectors’
Creating a generic function for ‘nlevels’ from package ‘base’ in package ‘S4Vectors’
in method for ‘coerce’ with signature ‘"data.table","DFrame"’: no definition for class “data.table”
Creating a generic function for ‘complete.cases’ from package ‘stats’ in package ‘S4Vectors’
** help
*** installing help indices
** building package indices
** installing vignettes
** testing if installed package can be loaded from temporary location
** checking absolute paths in shared objects and dynamic libraries
** testing if installed package can be loaded from final location
** testing if installed package keeps a record of temporary installation path
* creating tarball
packaged installation of ‘S4Vectors’ as ‘S4Vectors_0.45.4_R_x86_64-pc-linux-gnu.tar.gz’
* DONE (S4Vectors)
* installing *source* package ‘futile.logger’ ...
** this is package ‘futile.logger’ version ‘1.4.3’
** package ‘futile.logger’ successfully unpacked and MD5 sums checked
** using staged installation
** R
** byte-compile and prepare package for lazy loading
** help
*** installing help indices
** building package indices
** testing if installed package can be loaded from temporary location
** testing if installed package can be loaded from final location
** testing if installed package keeps a record of temporary installation path
* creating tarball
packaged installation of ‘futile.logger’ as ‘futile.logger_1.4.3_R_x86_64-pc-linux-gnu.tar.gz’
* DONE (futile.logger)
* installing *source* package ‘gmodels’ ...
** this is package ‘gmodels’ version ‘2.19.1’
** package ‘gmodels’ successfully unpacked and MD5 sums checked
** using staged installation
** R
** byte-compile and prepare package for lazy loading
** help
*** installing help indices
** building package indices
** testing if installed package can be loaded from temporary location
** testing if installed package can be loaded from final location
** testing if installed package keeps a record of temporary installation path
* creating tarball
packaged installation of ‘gmodels’ as ‘gmodels_2.19.1_R_x86_64-pc-linux-gnu.tar.gz’
* DONE (gmodels)
* installing *source* package ‘edgeR’ ...
** this is package ‘edgeR’ version ‘4.5.9’
** using staged installation
** libs
using C compiler: ‘gcc (Ubuntu 13.3.0-6ubuntu2~24.04) 13.3.0’
gcc -std=gnu2x -I"/usr/local/lib/R/include" -DNDEBUG   -I/usr/local/include    -fpic  -g -O2 -fstack-protector-strong -Wformat -Werror=format-security -Wdate-time -D_FORTIFY_SOURCE=2 -g  -c R_exports.c -o R_exports.o
gcc -std=gnu2x -I"/usr/local/lib/R/include" -DNDEBUG   -I/usr/local/include    -fpic  -g -O2 -fstack-protector-strong -Wformat -Werror=format-security -Wdate-time -D_FORTIFY_SOURCE=2 -g  -c R_process_hairpin_reads.c -o R_process_hairpin_reads.o
gcc -std=gnu2x -I"/usr/local/lib/R/include" -DNDEBUG   -I/usr/local/include    -fpic  -g -O2 -fstack-protector-strong -Wformat -Werror=format-security -Wdate-time -D_FORTIFY_SOURCE=2 -g  -c add_prior_count.c -o add_prior_count.o
gcc -std=gnu2x -I"/usr/local/lib/R/include" -DNDEBUG   -I/usr/local/include    -fpic  -g -O2 -fstack-protector-strong -Wformat -Werror=format-security -Wdate-time -D_FORTIFY_SOURCE=2 -g  -c clowess.c -o clowess.o
gcc -std=gnu2x -I"/usr/local/lib/R/include" -DNDEBUG   -I/usr/local/include    -fpic  -g -O2 -fstack-protector-strong -Wformat -Werror=format-security -Wdate-time -D_FORTIFY_SOURCE=2 -g  -c compute_apl.c -o compute_apl.o
gcc -std=gnu2x -I"/usr/local/lib/R/include" -DNDEBUG   -I/usr/local/include    -fpic  -g -O2 -fstack-protector-strong -Wformat -Werror=format-security -Wdate-time -D_FORTIFY_SOURCE=2 -g  -c compute_cpm.c -o compute_cpm.o
gcc -std=gnu2x -I"/usr/local/lib/R/include" -DNDEBUG   -I/usr/local/include    -fpic  -g -O2 -fstack-protector-strong -Wformat -Werror=format-security -Wdate-time -D_FORTIFY_SOURCE=2 -g  -c compute_nbdev.c -o compute_nbdev.o
gcc -std=gnu2x -I"/usr/local/lib/R/include" -DNDEBUG   -I/usr/local/include    -fpic  -g -O2 -fstack-protector-strong -Wformat -Werror=format-security -Wdate-time -D_FORTIFY_SOURCE=2 -g  -c exact_test_by_dev.c -o exact_test_by_dev.o
gcc -std=gnu2x -I"/usr/local/lib/R/include" -DNDEBUG   -I/usr/local/include    -fpic  -g -O2 -fstack-protector-strong -Wformat -Werror=format-security -Wdate-time -D_FORTIFY_SOURCE=2 -g  -c fmm_spline.c -o fmm_spline.o
gcc -std=gnu2x -I"/usr/local/lib/R/include" -DNDEBUG   -I/usr/local/include    -fpic  -g -O2 -fstack-protector-strong -Wformat -Werror=format-security -Wdate-time -D_FORTIFY_SOURCE=2 -g  -c glm.c -o glm.o
gcc -std=gnu2x -I"/usr/local/lib/R/include" -DNDEBUG   -I/usr/local/include    -fpic  -g -O2 -fstack-protector-strong -Wformat -Werror=format-security -Wdate-time -D_FORTIFY_SOURCE=2 -g  -c good_turing.c -o good_turing.o
gcc -std=gnu2x -I"/usr/local/lib/R/include" -DNDEBUG   -I/usr/local/include    -fpic  -g -O2 -fstack-protector-strong -Wformat -Werror=format-security -Wdate-time -D_FORTIFY_SOURCE=2 -g  -c init.c -o init.o
gcc -std=gnu2x -I"/usr/local/lib/R/include" -DNDEBUG   -I/usr/local/include    -fpic  -g -O2 -fstack-protector-strong -Wformat -Werror=format-security -Wdate-time -D_FORTIFY_SOURCE=2 -g  -c interpolator.c -o interpolator.o
gcc -std=gnu2x -I"/usr/local/lib/R/include" -DNDEBUG   -I/usr/local/include    -fpic  -g -O2 -fstack-protector-strong -Wformat -Werror=format-security -Wdate-time -D_FORTIFY_SOURCE=2 -g  -c loess_by_col.c -o loess_by_col.o
gcc -std=gnu2x -I"/usr/local/lib/R/include" -DNDEBUG   -I/usr/local/include    -fpic  -g -O2 -fstack-protector-strong -Wformat -Werror=format-security -Wdate-time -D_FORTIFY_SOURCE=2 -g  -c object.c -o object.o
gcc -std=gnu2x -I"/usr/local/lib/R/include" -DNDEBUG   -I/usr/local/include    -fpic  -g -O2 -fstack-protector-strong -Wformat -Werror=format-security -Wdate-time -D_FORTIFY_SOURCE=2 -g  -c ql_glm.c -o ql_glm.o
gcc -std=gnu2x -I"/usr/local/lib/R/include" -DNDEBUG   -I/usr/local/include    -fpic  -g -O2 -fstack-protector-strong -Wformat -Werror=format-security -Wdate-time -D_FORTIFY_SOURCE=2 -g  -c ql_weights.c -o ql_weights.o
gcc -std=gnu2x -shared -L/usr/local/lib/R/lib -L/usr/local/lib -o edgeR.so R_exports.o R_process_hairpin_reads.o add_prior_count.o clowess.o compute_apl.o compute_cpm.o compute_nbdev.o exact_test_by_dev.o fmm_spline.o glm.o good_turing.o init.o interpolator.o loess_by_col.o object.o ql_glm.o ql_weights.o -llapack -lblas -lgfortran -lm -lquadmath -L/usr/local/lib/R/lib -lR
installing to /usr/local/lib/R/site-library/00LOCK-edgeR/00new/edgeR/libs
** R
** inst
** byte-compile and prepare package for lazy loading
** help
*** installing help indices
** building package indices
** installing vignettes
** testing if installed package can be loaded from temporary location
** checking absolute paths in shared objects and dynamic libraries
** testing if installed package can be loaded from final location
** testing if installed package keeps a record of temporary installation path
* creating tarball
packaged installation of ‘edgeR’ as ‘edgeR_4.5.9_R_x86_64-pc-linux-gnu.tar.gz’
* DONE (edgeR)
* installing *source* package ‘Biobase’ ...
** this is package ‘Biobase’ version ‘2.67.0’
** using staged installation
** libs
using C compiler: ‘gcc (Ubuntu 13.3.0-6ubuntu2~24.04) 13.3.0’
gcc -std=gnu2x -I"/usr/local/lib/R/include" -DNDEBUG   -I/usr/local/include    -fpic  -g -O2 -fstack-protector-strong -Wformat -Werror=format-security -Wdate-time -D_FORTIFY_SOURCE=2 -g  -c Rinit.c -o Rinit.o
gcc -std=gnu2x -I"/usr/local/lib/R/include" -DNDEBUG   -I/usr/local/include    -fpic  -g -O2 -fstack-protector-strong -Wformat -Werror=format-security -Wdate-time -D_FORTIFY_SOURCE=2 -g  -c anyMissing.c -o anyMissing.o
gcc -std=gnu2x -I"/usr/local/lib/R/include" -DNDEBUG   -I/usr/local/include    -fpic  -g -O2 -fstack-protector-strong -Wformat -Werror=format-security -Wdate-time -D_FORTIFY_SOURCE=2 -g  -c envir.c -o envir.o
gcc -std=gnu2x -I"/usr/local/lib/R/include" -DNDEBUG   -I/usr/local/include    -fpic  -g -O2 -fstack-protector-strong -Wformat -Werror=format-security -Wdate-time -D_FORTIFY_SOURCE=2 -g  -c matchpt.c -o matchpt.o
gcc -std=gnu2x -I"/usr/local/lib/R/include" -DNDEBUG   -I/usr/local/include    -fpic  -g -O2 -fstack-protector-strong -Wformat -Werror=format-security -Wdate-time -D_FORTIFY_SOURCE=2 -g  -c rowMedians.c -o rowMedians.o
gcc -std=gnu2x -I"/usr/local/lib/R/include" -DNDEBUG   -I/usr/local/include    -fpic  -g -O2 -fstack-protector-strong -Wformat -Werror=format-security -Wdate-time -D_FORTIFY_SOURCE=2 -g  -c sublist_extract.c -o sublist_extract.o
gcc -std=gnu2x -shared -L/usr/local/lib/R/lib -L/usr/local/lib -o Biobase.so Rinit.o anyMissing.o envir.o matchpt.o rowMedians.o sublist_extract.o -L/usr/local/lib/R/lib -lR
installing to /usr/local/lib/R/site-library/00LOCK-Biobase/00new/Biobase/libs
** R
** data
** inst
** byte-compile and prepare package for lazy loading
** help
*** installing help indices
** building package indices
** installing vignettes
** testing if installed package can be loaded from temporary location
** checking absolute paths in shared objects and dynamic libraries
** testing if installed package can be loaded from final location
** testing if installed package keeps a record of temporary installation path
* creating tarball
packaged installation of ‘Biobase’ as ‘Biobase_2.67.0_R_x86_64-pc-linux-gnu.tar.gz’
* DONE (Biobase)
* installing *source* package ‘UCSC.utils’ ...
** this is package ‘UCSC.utils’ version ‘1.3.1’
** using staged installation
** R
** inst
** byte-compile and prepare package for lazy loading
** help
*** installing help indices
** building package indices
** installing vignettes
** testing if installed package can be loaded from temporary location
** testing if installed package can be loaded from final location
** testing if installed package keeps a record of temporary installation path
* creating tarball
packaged installation of ‘UCSC.utils’ as ‘UCSC.utils_1.3.1_R_x86_64-pc-linux-gnu.tar.gz’
* DONE (UCSC.utils)
* installing *source* package ‘TAM’ ...
** this is package ‘TAM’ version ‘4.2-21’
** package ‘TAM’ successfully unpacked and MD5 sums checked
** using staged installation
** libs
using C compiler: ‘gcc (Ubuntu 13.3.0-6ubuntu2~24.04) 13.3.0’
using C++ compiler: ‘g++ (Ubuntu 13.3.0-6ubuntu2~24.04) 13.3.0’
g++ -std=gnu++17 -I"/usr/local/lib/R/include" -DNDEBUG -I../inst/include -DBOOST_NO_LONG_LONG -DBOOST_NO_AUTO_PTR -DRCPP_USE_UNWIND_PROTECT -I'/usr/local/lib/R/site-library/Rcpp/include' -I'/usr/local/lib/R/site-library/RcppArmadillo/include' -I/usr/local/include    -fpic  -g -O2 -fstack-protector-strong -Wformat -Werror=format-security -Wdate-time -D_FORTIFY_SOURCE=2 -g   -c RcppExports.cpp -o RcppExports.o
gcc -std=gnu2x -I"/usr/local/lib/R/include" -DNDEBUG -I../inst/include -DBOOST_NO_LONG_LONG -DBOOST_NO_AUTO_PTR -DRCPP_USE_UNWIND_PROTECT -I'/usr/local/lib/R/site-library/Rcpp/include' -I'/usr/local/lib/R/site-library/RcppArmadillo/include' -I/usr/local/include    -fpic  -g -O2 -fstack-protector-strong -Wformat -Werror=format-security -Wdate-time -D_FORTIFY_SOURCE=2 -g  -c init.c -o init.o
gcc -std=gnu2x -I"/usr/local/lib/R/include" -DNDEBUG -I../inst/include -DBOOST_NO_LONG_LONG -DBOOST_NO_AUTO_PTR -DRCPP_USE_UNWIND_PROTECT -I'/usr/local/lib/R/site-library/Rcpp/include' -I'/usr/local/lib/R/site-library/RcppArmadillo/include' -I/usr/local/include    -fpic  -g -O2 -fstack-protector-strong -Wformat -Werror=format-security -Wdate-time -D_FORTIFY_SOURCE=2 -g  -c tam_caux.c -o tam_caux.o
g++ -std=gnu++17 -I"/usr/local/lib/R/include" -DNDEBUG -I../inst/include -DBOOST_NO_LONG_LONG -DBOOST_NO_AUTO_PTR -DRCPP_USE_UNWIND_PROTECT -I'/usr/local/lib/R/site-library/Rcpp/include' -I'/usr/local/lib/R/site-library/RcppArmadillo/include' -I/usr/local/include    -fpic  -g -O2 -fstack-protector-strong -Wformat -Werror=format-security -Wdate-time -D_FORTIFY_SOURCE=2 -g   -c tam_rcpp_calc_exp.cpp -o tam_rcpp_calc_exp.o
g++ -std=gnu++17 -I"/usr/local/lib/R/include" -DNDEBUG -I../inst/include -DBOOST_NO_LONG_LONG -DBOOST_NO_AUTO_PTR -DRCPP_USE_UNWIND_PROTECT -I'/usr/local/lib/R/site-library/Rcpp/include' -I'/usr/local/lib/R/site-library/RcppArmadillo/include' -I/usr/local/include    -fpic  -g -O2 -fstack-protector-strong -Wformat -Werror=format-security -Wdate-time -D_FORTIFY_SOURCE=2 -g   -c tam_rcpp_calc_prob.cpp -o tam_rcpp_calc_prob.o
g++ -std=gnu++17 -I"/usr/local/lib/R/include" -DNDEBUG -I../inst/include -DBOOST_NO_LONG_LONG -DBOOST_NO_AUTO_PTR -DRCPP_USE_UNWIND_PROTECT -I'/usr/local/lib/R/site-library/Rcpp/include' -I'/usr/local/lib/R/site-library/RcppArmadillo/include' -I/usr/local/include    -fpic  -g -O2 -fstack-protector-strong -Wformat -Werror=format-security -Wdate-time -D_FORTIFY_SOURCE=2 -g   -c tam_rcpp_calc_suff_stat.cpp -o tam_rcpp_calc_suff_stat.o
g++ -std=gnu++17 -I"/usr/local/lib/R/include" -DNDEBUG -I../inst/include -DBOOST_NO_LONG_LONG -DBOOST_NO_AUTO_PTR -DRCPP_USE_UNWIND_PROTECT -I'/usr/local/lib/R/site-library/Rcpp/include' -I'/usr/local/lib/R/site-library/RcppArmadillo/include' -I/usr/local/include    -fpic  -g -O2 -fstack-protector-strong -Wformat -Werror=format-security -Wdate-time -D_FORTIFY_SOURCE=2 -g   -c tam_rcpp_ctt.cpp -o tam_rcpp_ctt.o
g++ -std=gnu++17 -I"/usr/local/lib/R/include" -DNDEBUG -I../inst/include -DBOOST_NO_LONG_LONG -DBOOST_NO_AUTO_PTR -DRCPP_USE_UNWIND_PROTECT -I'/usr/local/lib/R/site-library/Rcpp/include' -I'/usr/local/lib/R/site-library/RcppArmadillo/include' -I/usr/local/include    -fpic  -g -O2 -fstack-protector-strong -Wformat -Werror=format-security -Wdate-time -D_FORTIFY_SOURCE=2 -g   -c tam_rcpp_fit_simul.cpp -o tam_rcpp_fit_simul.o
g++ -std=gnu++17 -I"/usr/local/lib/R/include" -DNDEBUG -I../inst/include -DBOOST_NO_LONG_LONG -DBOOST_NO_AUTO_PTR -DRCPP_USE_UNWIND_PROTECT -I'/usr/local/lib/R/site-library/Rcpp/include' -I'/usr/local/lib/R/site-library/RcppArmadillo/include' -I/usr/local/include    -fpic  -g -O2 -fstack-protector-strong -Wformat -Werror=format-security -Wdate-time -D_FORTIFY_SOURCE=2 -g   -c tam_rcpp_helper.cpp -o tam_rcpp_helper.o
g++ -std=gnu++17 -I"/usr/local/lib/R/include" -DNDEBUG -I../inst/include -DBOOST_NO_LONG_LONG -DBOOST_NO_AUTO_PTR -DRCPP_USE_UNWIND_PROTECT -I'/usr/local/lib/R/site-library/Rcpp/include' -I'/usr/local/lib/R/site-library/RcppArmadillo/include' -I/usr/local/include    -fpic  -g -O2 -fstack-protector-strong -Wformat -Werror=format-security -Wdate-time -D_FORTIFY_SOURCE=2 -g   -c tam_rcpp_irt_likelihood_cfa.cpp -o tam_rcpp_irt_likelihood_cfa.o
g++ -std=gnu++17 -I"/usr/local/lib/R/include" -DNDEBUG -I../inst/include -DBOOST_NO_LONG_LONG -DBOOST_NO_AUTO_PTR -DRCPP_USE_UNWIND_PROTECT -I'/usr/local/lib/R/site-library/Rcpp/include' -I'/usr/local/lib/R/site-library/RcppArmadillo/include' -I/usr/local/include    -fpic  -g -O2 -fstack-protector-strong -Wformat -Werror=format-security -Wdate-time -D_FORTIFY_SOURCE=2 -g   -c tam_rcpp_mml_2pl.cpp -o tam_rcpp_mml_2pl.o
g++ -std=gnu++17 -I"/usr/local/lib/R/include" -DNDEBUG -I../inst/include -DBOOST_NO_LONG_LONG -DBOOST_NO_AUTO_PTR -DRCPP_USE_UNWIND_PROTECT -I'/usr/local/lib/R/site-library/Rcpp/include' -I'/usr/local/lib/R/site-library/RcppArmadillo/include' -I/usr/local/include    -fpic  -g -O2 -fstack-protector-strong -Wformat -Werror=format-security -Wdate-time -D_FORTIFY_SOURCE=2 -g   -c tam_rcpp_mml_3pl.cpp -o tam_rcpp_mml_3pl.o
g++ -std=gnu++17 -I"/usr/local/lib/R/include" -DNDEBUG -I../inst/include -DBOOST_NO_LONG_LONG -DBOOST_NO_AUTO_PTR -DRCPP_USE_UNWIND_PROTECT -I'/usr/local/lib/R/site-library/Rcpp/include' -I'/usr/local/lib/R/site-library/RcppArmadillo/include' -I/usr/local/include    -fpic  -g -O2 -fstack-protector-strong -Wformat -Werror=format-security -Wdate-time -D_FORTIFY_SOURCE=2 -g   -c tam_rcpp_mml_mfr.cpp -o tam_rcpp_mml_mfr.o
g++ -std=gnu++17 -I"/usr/local/lib/R/include" -DNDEBUG -I../inst/include -DBOOST_NO_LONG_LONG -DBOOST_NO_AUTO_PTR -DRCPP_USE_UNWIND_PROTECT -I'/usr/local/lib/R/site-library/Rcpp/include' -I'/usr/local/lib/R/site-library/RcppArmadillo/include' -I/usr/local/include    -fpic  -g -O2 -fstack-protector-strong -Wformat -Werror=format-security -Wdate-time -D_FORTIFY_SOURCE=2 -g   -c tam_rcpp_mml_proc.cpp -o tam_rcpp_mml_proc.o
g++ -std=gnu++17 -I"/usr/local/lib/R/include" -DNDEBUG -I../inst/include -DBOOST_NO_LONG_LONG -DBOOST_NO_AUTO_PTR -DRCPP_USE_UNWIND_PROTECT -I'/usr/local/lib/R/site-library/Rcpp/include' -I'/usr/local/lib/R/site-library/RcppArmadillo/include' -I/usr/local/include    -fpic  -g -O2 -fstack-protector-strong -Wformat -Werror=format-security -Wdate-time -D_FORTIFY_SOURCE=2 -g   -c tam_rcpp_modelfit.cpp -o tam_rcpp_modelfit.o
g++ -std=gnu++17 -I"/usr/local/lib/R/include" -DNDEBUG -I../inst/include -DBOOST_NO_LONG_LONG -DBOOST_NO_AUTO_PTR -DRCPP_USE_UNWIND_PROTECT -I'/usr/local/lib/R/site-library/Rcpp/include' -I'/usr/local/lib/R/site-library/RcppArmadillo/include' -I/usr/local/include    -fpic  -g -O2 -fstack-protector-strong -Wformat -Werror=format-security -Wdate-time -D_FORTIFY_SOURCE=2 -g   -c tam_rcpp_msq_itemfit.cpp -o tam_rcpp_msq_itemfit.o
g++ -std=gnu++17 -I"/usr/local/lib/R/include" -DNDEBUG -I../inst/include -DBOOST_NO_LONG_LONG -DBOOST_NO_AUTO_PTR -DRCPP_USE_UNWIND_PROTECT -I'/usr/local/lib/R/site-library/Rcpp/include' -I'/usr/local/lib/R/site-library/RcppArmadillo/include' -I/usr/local/include    -fpic  -g -O2 -fstack-protector-strong -Wformat -Werror=format-security -Wdate-time -D_FORTIFY_SOURCE=2 -g   -c tam_rcpp_prior_normal_density.cpp -o tam_rcpp_prior_normal_density.o
g++ -std=gnu++17 -I"/usr/local/lib/R/include" -DNDEBUG -I../inst/include -DBOOST_NO_LONG_LONG -DBOOST_NO_AUTO_PTR -DRCPP_USE_UNWIND_PROTECT -I'/usr/local/lib/R/site-library/Rcpp/include' -I'/usr/local/lib/R/site-library/RcppArmadillo/include' -I/usr/local/include    -fpic  -g -O2 -fstack-protector-strong -Wformat -Werror=format-security -Wdate-time -D_FORTIFY_SOURCE=2 -g   -c tam_rcpp_pv_mcmc.cpp -o tam_rcpp_pv_mcmc.o
g++ -std=gnu++17 -I"/usr/local/lib/R/include" -DNDEBUG -I../inst/include -DBOOST_NO_LONG_LONG -DBOOST_NO_AUTO_PTR -DRCPP_USE_UNWIND_PROTECT -I'/usr/local/lib/R/site-library/Rcpp/include' -I'/usr/local/lib/R/site-library/RcppArmadillo/include' -I/usr/local/include    -fpic  -g -O2 -fstack-protector-strong -Wformat -Werror=format-security -Wdate-time -D_FORTIFY_SOURCE=2 -g   -c tam_rcpp_pv_multivariate_normal_approximation.cpp -o tam_rcpp_pv_multivariate_normal_approximation.o
g++ -std=gnu++17 -I"/usr/local/lib/R/include" -DNDEBUG -I../inst/include -DBOOST_NO_LONG_LONG -DBOOST_NO_AUTO_PTR -DRCPP_USE_UNWIND_PROTECT -I'/usr/local/lib/R/site-library/Rcpp/include' -I'/usr/local/lib/R/site-library/RcppArmadillo/include' -I/usr/local/include    -fpic  -g -O2 -fstack-protector-strong -Wformat -Werror=format-security -Wdate-time -D_FORTIFY_SOURCE=2 -g   -c tam_rcpp_rowcumsums.cpp -o tam_rcpp_rowcumsums.o
g++ -std=gnu++17 -I"/usr/local/lib/R/include" -DNDEBUG -I../inst/include -DBOOST_NO_LONG_LONG -DBOOST_NO_AUTO_PTR -DRCPP_USE_UNWIND_PROTECT -I'/usr/local/lib/R/site-library/Rcpp/include' -I'/usr/local/lib/R/site-library/RcppArmadillo/include' -I/usr/local/include    -fpic  -g -O2 -fstack-protector-strong -Wformat -Werror=format-security -Wdate-time -D_FORTIFY_SOURCE=2 -g   -c tam_rcpp_tam_jml.cpp -o tam_rcpp_tam_jml.o
g++ -std=gnu++17 -I"/usr/local/lib/R/include" -DNDEBUG -I../inst/include -DBOOST_NO_LONG_LONG -DBOOST_NO_AUTO_PTR -DRCPP_USE_UNWIND_PROTECT -I'/usr/local/lib/R/site-library/Rcpp/include' -I'/usr/local/lib/R/site-library/RcppArmadillo/include' -I/usr/local/include    -fpic  -g -O2 -fstack-protector-strong -Wformat -Werror=format-security -Wdate-time -D_FORTIFY_SOURCE=2 -g   -c tam_rcpp_tam_np.cpp -o tam_rcpp_tam_np.o
g++ -std=gnu++17 -I"/usr/local/lib/R/include" -DNDEBUG -I../inst/include -DBOOST_NO_LONG_LONG -DBOOST_NO_AUTO_PTR -DRCPP_USE_UNWIND_PROTECT -I'/usr/local/lib/R/site-library/Rcpp/include' -I'/usr/local/lib/R/site-library/RcppArmadillo/include' -I/usr/local/include    -fpic  -g -O2 -fstack-protector-strong -Wformat -Werror=format-security -Wdate-time -D_FORTIFY_SOURCE=2 -g   -c tam_rcpp_wle.cpp -o tam_rcpp_wle.o
g++ -std=gnu++17 -shared -L/usr/local/lib/R/lib -L/usr/local/lib -o TAM.so RcppExports.o init.o tam_caux.o tam_rcpp_calc_exp.o tam_rcpp_calc_prob.o tam_rcpp_calc_suff_stat.o tam_rcpp_ctt.o tam_rcpp_fit_simul.o tam_rcpp_helper.o tam_rcpp_irt_likelihood_cfa.o tam_rcpp_mml_2pl.o tam_rcpp_mml_3pl.o tam_rcpp_mml_mfr.o tam_rcpp_mml_proc.o tam_rcpp_modelfit.o tam_rcpp_msq_itemfit.o tam_rcpp_prior_normal_density.o tam_rcpp_pv_mcmc.o tam_rcpp_pv_multivariate_normal_approximation.o tam_rcpp_rowcumsums.o tam_rcpp_tam_jml.o tam_rcpp_tam_np.o tam_rcpp_wle.o -llapack -lblas -lgfortran -lm -lquadmath -L/usr/local/lib/R/lib -lR
installing to /usr/local/lib/R/site-library/00LOCK-TAM/00new/TAM/libs
** R
** data
** inst
** byte-compile and prepare package for lazy loading
** help
*** installing help indices
** building package indices
** testing if installed package can be loaded from temporary location
** checking absolute paths in shared objects and dynamic libraries
** testing if installed package can be loaded from final location
** testing if installed package keeps a record of temporary installation path
* creating tarball
packaged installation of ‘TAM’ as ‘TAM_4.2-21_R_x86_64-pc-linux-gnu.tar.gz’
* DONE (TAM)
* installing *source* package ‘ggplot2’ ...
** this is package ‘ggplot2’ version ‘3.5.1’
** package ‘ggplot2’ successfully unpacked and MD5 sums checked
** using staged installation
** R
** data
*** moving datasets to lazyload DB
** inst
** byte-compile and prepare package for lazy loading
** help
*** installing help indices
*** copying figures
** building package indices
** installing vignettes
** testing if installed package can be loaded from temporary location
** testing if installed package can be loaded from final location
** testing if installed package keeps a record of temporary installation path
* creating tarball
packaged installation of ‘ggplot2’ as ‘ggplot2_3.5.1_R_x86_64-pc-linux-gnu.tar.gz’
* DONE (ggplot2)
* installing *source* package ‘IRanges’ ...
** this is package ‘IRanges’ version ‘2.41.3’
** using staged installation
** libs
using C compiler: ‘gcc (Ubuntu 13.3.0-6ubuntu2~24.04) 13.3.0’
gcc -std=gnu2x -I"/usr/local/lib/R/include" -DNDEBUG  -I'/usr/local/lib/R/site-library/S4Vectors/include' -I/usr/local/include    -fpic  -g -O2 -fstack-protector-strong -Wformat -Werror=format-security -Wdate-time -D_FORTIFY_SOURCE=2 -g  -c CompressedAtomicList_utils.c -o CompressedAtomicList_utils.o
gcc -std=gnu2x -I"/usr/local/lib/R/include" -DNDEBUG  -I'/usr/local/lib/R/site-library/S4Vectors/include' -I/usr/local/include    -fpic  -g -O2 -fstack-protector-strong -Wformat -Werror=format-security -Wdate-time -D_FORTIFY_SOURCE=2 -g  -c CompressedIRangesList_class.c -o CompressedIRangesList_class.o
gcc -std=gnu2x -I"/usr/local/lib/R/include" -DNDEBUG  -I'/usr/local/lib/R/site-library/S4Vectors/include' -I/usr/local/include    -fpic  -g -O2 -fstack-protector-strong -Wformat -Werror=format-security -Wdate-time -D_FORTIFY_SOURCE=2 -g  -c CompressedList_class.c -o CompressedList_class.o
gcc -std=gnu2x -I"/usr/local/lib/R/include" -DNDEBUG  -I'/usr/local/lib/R/site-library/S4Vectors/include' -I/usr/local/include    -fpic  -g -O2 -fstack-protector-strong -Wformat -Werror=format-security -Wdate-time -D_FORTIFY_SOURCE=2 -g  -c Grouping_class.c -o Grouping_class.o
gcc -std=gnu2x -I"/usr/local/lib/R/include" -DNDEBUG  -I'/usr/local/lib/R/site-library/S4Vectors/include' -I/usr/local/include    -fpic  -g -O2 -fstack-protector-strong -Wformat -Werror=format-security -Wdate-time -D_FORTIFY_SOURCE=2 -g  -c IPosRanges_comparison.c -o IPosRanges_comparison.o
gcc -std=gnu2x -I"/usr/local/lib/R/include" -DNDEBUG  -I'/usr/local/lib/R/site-library/S4Vectors/include' -I/usr/local/include    -fpic  -g -O2 -fstack-protector-strong -Wformat -Werror=format-security -Wdate-time -D_FORTIFY_SOURCE=2 -g  -c IRanges_class.c -o IRanges_class.o
gcc -std=gnu2x -I"/usr/local/lib/R/include" -DNDEBUG  -I'/usr/local/lib/R/site-library/S4Vectors/include' -I/usr/local/include    -fpic  -g -O2 -fstack-protector-strong -Wformat -Werror=format-security -Wdate-time -D_FORTIFY_SOURCE=2 -g  -c IRanges_constructor.c -o IRanges_constructor.o
gcc -std=gnu2x -I"/usr/local/lib/R/include" -DNDEBUG  -I'/usr/local/lib/R/site-library/S4Vectors/include' -I/usr/local/include    -fpic  -g -O2 -fstack-protector-strong -Wformat -Werror=format-security -Wdate-time -D_FORTIFY_SOURCE=2 -g  -c NCList.c -o NCList.o
gcc -std=gnu2x -I"/usr/local/lib/R/include" -DNDEBUG  -I'/usr/local/lib/R/site-library/S4Vectors/include' -I/usr/local/include    -fpic  -g -O2 -fstack-protector-strong -Wformat -Werror=format-security -Wdate-time -D_FORTIFY_SOURCE=2 -g  -c R_init_IRanges.c -o R_init_IRanges.o
gcc -std=gnu2x -I"/usr/local/lib/R/include" -DNDEBUG  -I'/usr/local/lib/R/site-library/S4Vectors/include' -I/usr/local/include    -fpic  -g -O2 -fstack-protector-strong -Wformat -Werror=format-security -Wdate-time -D_FORTIFY_SOURCE=2 -g  -c Ranges_class.c -o Ranges_class.o
gcc -std=gnu2x -I"/usr/local/lib/R/include" -DNDEBUG  -I'/usr/local/lib/R/site-library/S4Vectors/include' -I/usr/local/include    -fpic  -g -O2 -fstack-protector-strong -Wformat -Werror=format-security -Wdate-time -D_FORTIFY_SOURCE=2 -g  -c RleViews_utils.c -o RleViews_utils.o
gcc -std=gnu2x -I"/usr/local/lib/R/include" -DNDEBUG  -I'/usr/local/lib/R/site-library/S4Vectors/include' -I/usr/local/include    -fpic  -g -O2 -fstack-protector-strong -Wformat -Werror=format-security -Wdate-time -D_FORTIFY_SOURCE=2 -g  -c S4Vectors_stubs.c -o S4Vectors_stubs.o
gcc -std=gnu2x -I"/usr/local/lib/R/include" -DNDEBUG  -I'/usr/local/lib/R/site-library/S4Vectors/include' -I/usr/local/include    -fpic  -g -O2 -fstack-protector-strong -Wformat -Werror=format-security -Wdate-time -D_FORTIFY_SOURCE=2 -g  -c SimpleIRangesList_class.c -o SimpleIRangesList_class.o
gcc -std=gnu2x -I"/usr/local/lib/R/include" -DNDEBUG  -I'/usr/local/lib/R/site-library/S4Vectors/include' -I/usr/local/include    -fpic  -g -O2 -fstack-protector-strong -Wformat -Werror=format-security -Wdate-time -D_FORTIFY_SOURCE=2 -g  -c coverage_methods.c -o coverage_methods.o
gcc -std=gnu2x -I"/usr/local/lib/R/include" -DNDEBUG  -I'/usr/local/lib/R/site-library/S4Vectors/include' -I/usr/local/include    -fpic  -g -O2 -fstack-protector-strong -Wformat -Werror=format-security -Wdate-time -D_FORTIFY_SOURCE=2 -g  -c extractListFragments.c -o extractListFragments.o
gcc -std=gnu2x -I"/usr/local/lib/R/include" -DNDEBUG  -I'/usr/local/lib/R/site-library/S4Vectors/include' -I/usr/local/include    -fpic  -g -O2 -fstack-protector-strong -Wformat -Werror=format-security -Wdate-time -D_FORTIFY_SOURCE=2 -g  -c inter_range_methods.c -o inter_range_methods.o
gcc -std=gnu2x -shared -L/usr/local/lib/R/lib -L/usr/local/lib -o IRanges.so CompressedAtomicList_utils.o CompressedIRangesList_class.o CompressedList_class.o Grouping_class.o IPosRanges_comparison.o IRanges_class.o IRanges_constructor.o NCList.o R_init_IRanges.o Ranges_class.o RleViews_utils.o S4Vectors_stubs.o SimpleIRangesList_class.o coverage_methods.o extractListFragments.o inter_range_methods.o -L/usr/local/lib/R/lib -lR
installing to /usr/local/lib/R/site-library/00LOCK-IRanges/00new/IRanges/libs
** R
** inst
** byte-compile and prepare package for lazy loading
Creating a generic function for ‘drop’ from package ‘base’ in package ‘IRanges’
Creating a generic function for ‘runmed’ from package ‘stats’ in package ‘IRanges’
Creating a generic function for ‘chartr’ from package ‘base’ in package ‘IRanges’
Creating a generic function for ‘toupper’ from package ‘base’ in package ‘IRanges’
Creating a generic function for ‘tolower’ from package ‘base’ in package ‘IRanges’
Creating a generic function for ‘sub’ from package ‘base’ in package ‘IRanges’
Creating a generic function for ‘gsub’ from package ‘base’ in package ‘IRanges’
Creating a generic function for ‘startsWith’ from package ‘base’ in package ‘IRanges’
Creating a generic function for ‘endsWith’ from package ‘base’ in package ‘IRanges’
Creating a generic function for ‘smoothEnds’ from package ‘stats’ in package ‘IRanges’
** help
*** installing help indices
** building package indices
** installing vignettes
** testing if installed package can be loaded from temporary location
** checking absolute paths in shared objects and dynamic libraries
** testing if installed package can be loaded from final location
** testing if installed package keeps a record of temporary installation path
* creating tarball
packaged installation of ‘IRanges’ as ‘IRanges_2.41.3_R_x86_64-pc-linux-gnu.tar.gz’
* DONE (IRanges)
* installing *source* package ‘TCA’ ...
** this is package ‘TCA’ version ‘1.2.1’
** package ‘TCA’ successfully unpacked and MD5 sums checked
** using staged installation
** R
** inst
** byte-compile and prepare package for lazy loading
** help
*** installing help indices
** building package indices
** installing vignettes
** testing if installed package can be loaded from temporary location
** testing if installed package can be loaded from final location
** testing if installed package keeps a record of temporary installation path
* creating tarball
packaged installation of ‘TCA’ as ‘TCA_1.2.1_R_x86_64-pc-linux-gnu.tar.gz’
* DONE (TCA)
* installing *source* package ‘PROPER’ ...
** this is package ‘PROPER’ version ‘1.39.0’
** using staged installation
** R
** data
** inst
** byte-compile and prepare package for lazy loading
** help
*** installing help indices
** building package indices
** installing vignettes
** testing if installed package can be loaded from temporary location
** testing if installed package can be loaded from final location
** testing if installed package keeps a record of temporary installation path
* creating tarball
packaged installation of ‘PROPER’ as ‘PROPER_1.39.0_R_x86_64-pc-linux-gnu.tar.gz’
* DONE (PROPER)
* installing *source* package ‘BiocParallel’ ...
** this is package ‘BiocParallel’ version ‘1.41.2’
** using staged installation
checking whether the C++ compiler works... yes
checking for C++ compiler default output file name... a.out
checking for suffix of executables... 
checking whether we are cross compiling... no
checking for suffix of object files... o
checking whether the compiler supports GNU C++... yes
checking whether g++ -std=gnu++17 accepts -g... yes
checking for g++ -std=gnu++17 option to enable C++11 features... none needed
checking for library containing shm_open... none required
checking for stdio.h... yes
checking for stdlib.h... yes
checking for string.h... yes
checking for inttypes.h... yes
checking for stdint.h... yes
checking for strings.h... yes
checking for sys/stat.h... yes
checking for sys/types.h... yes
checking for unistd.h... yes
checking for sys/mman.h... yes
configure: creating ./config.status
config.status: creating src/Makevars
** libs
using C++ compiler: ‘g++ (Ubuntu 13.3.0-6ubuntu2~24.04) 13.3.0’
using C++11
g++ -std=gnu++11 -I"/usr/local/lib/R/include" -DNDEBUG  -I'/usr/local/lib/R/site-library/BH/include' -I'/usr/local/lib/R/site-library/cpp11/include' -I/usr/local/include    -fpic  -g -O2 -fstack-protector-strong -Wformat -Werror=format-security -Wdate-time -D_FORTIFY_SOURCE=2 -g   -c cpp11.cpp -o cpp11.o
g++ -std=gnu++11 -I"/usr/local/lib/R/include" -DNDEBUG  -I'/usr/local/lib/R/site-library/BH/include' -I'/usr/local/lib/R/site-library/cpp11/include' -I/usr/local/include    -fpic  -g -O2 -fstack-protector-strong -Wformat -Werror=format-security -Wdate-time -D_FORTIFY_SOURCE=2 -g   -c ipcmutex.cpp -o ipcmutex.o
g++ -std=gnu++11 -shared -L/usr/local/lib/R/lib -L/usr/local/lib -o BiocParallel.so cpp11.o ipcmutex.o -L/usr/local/lib/R/lib -lR
installing to /usr/local/lib/R/site-library/00LOCK-BiocParallel/00new/BiocParallel/libs
** R
** inst
** byte-compile and prepare package for lazy loading
** help
*** installing help indices
** building package indices
** installing vignettes
** testing if installed package can be loaded from temporary location
** checking absolute paths in shared objects and dynamic libraries
** testing if installed package can be loaded from final location
** testing if installed package keeps a record of temporary installation path
* creating tarball
packaged installation of ‘BiocParallel’ as ‘BiocParallel_1.41.2_R_x86_64-pc-linux-gnu.tar.gz’
* DONE (BiocParallel)
* installing *source* package ‘patchwork’ ...
** this is package ‘patchwork’ version ‘1.3.0’
** package ‘patchwork’ successfully unpacked and MD5 sums checked
** using staged installation
** R
** inst
** byte-compile and prepare package for lazy loading
** help
*** installing help indices
*** copying figures
** building package indices
** installing vignettes
** testing if installed package can be loaded from temporary location
** testing if installed package can be loaded from final location
** testing if installed package keeps a record of temporary installation path
* creating tarball
packaged installation of ‘patchwork’ as ‘patchwork_1.3.0_R_x86_64-pc-linux-gnu.tar.gz’
* DONE (patchwork)
* installing *source* package ‘XVector’ ...
** this is package ‘XVector’ version ‘0.47.2’
** using staged installation
** libs
using C compiler: ‘gcc (Ubuntu 13.3.0-6ubuntu2~24.04) 13.3.0’
gcc -std=gnu2x -I"/usr/local/lib/R/include" -DNDEBUG  -I'/usr/local/lib/R/site-library/S4Vectors/include' -I'/usr/local/lib/R/site-library/IRanges/include' -I/usr/local/include    -fpic  -g -O2 -fstack-protector-strong -Wformat -Werror=format-security -Wdate-time -D_FORTIFY_SOURCE=2 -g  -c IRanges_stubs.c -o IRanges_stubs.o
gcc -std=gnu2x -I"/usr/local/lib/R/include" -DNDEBUG  -I'/usr/local/lib/R/site-library/S4Vectors/include' -I'/usr/local/lib/R/site-library/IRanges/include' -I/usr/local/include    -fpic  -g -O2 -fstack-protector-strong -Wformat -Werror=format-security -Wdate-time -D_FORTIFY_SOURCE=2 -g  -c Ocopy_byteblocks.c -o Ocopy_byteblocks.o
gcc -std=gnu2x -I"/usr/local/lib/R/include" -DNDEBUG  -I'/usr/local/lib/R/site-library/S4Vectors/include' -I'/usr/local/lib/R/site-library/IRanges/include' -I/usr/local/include    -fpic  -g -O2 -fstack-protector-strong -Wformat -Werror=format-security -Wdate-time -D_FORTIFY_SOURCE=2 -g  -c RDS_random_access.c -o RDS_random_access.o
gcc -std=gnu2x -I"/usr/local/lib/R/include" -DNDEBUG  -I'/usr/local/lib/R/site-library/S4Vectors/include' -I'/usr/local/lib/R/site-library/IRanges/include' -I/usr/local/include    -fpic  -g -O2 -fstack-protector-strong -Wformat -Werror=format-security -Wdate-time -D_FORTIFY_SOURCE=2 -g  -c R_init_XVector.c -o R_init_XVector.o
gcc -std=gnu2x -I"/usr/local/lib/R/include" -DNDEBUG  -I'/usr/local/lib/R/site-library/S4Vectors/include' -I'/usr/local/lib/R/site-library/IRanges/include' -I/usr/local/include    -fpic  -g -O2 -fstack-protector-strong -Wformat -Werror=format-security -Wdate-time -D_FORTIFY_SOURCE=2 -g  -c S4Vectors_stubs.c -o S4Vectors_stubs.o
gcc -std=gnu2x -I"/usr/local/lib/R/include" -DNDEBUG  -I'/usr/local/lib/R/site-library/S4Vectors/include' -I'/usr/local/lib/R/site-library/IRanges/include' -I/usr/local/include    -fpic  -g -O2 -fstack-protector-strong -Wformat -Werror=format-security -Wdate-time -D_FORTIFY_SOURCE=2 -g  -c SharedDouble_class.c -o SharedDouble_class.o
gcc -std=gnu2x -I"/usr/local/lib/R/include" -DNDEBUG  -I'/usr/local/lib/R/site-library/S4Vectors/include' -I'/usr/local/lib/R/site-library/IRanges/include' -I/usr/local/include    -fpic  -g -O2 -fstack-protector-strong -Wformat -Werror=format-security -Wdate-time -D_FORTIFY_SOURCE=2 -g  -c SharedInteger_class.c -o SharedInteger_class.o
gcc -std=gnu2x -I"/usr/local/lib/R/include" -DNDEBUG  -I'/usr/local/lib/R/site-library/S4Vectors/include' -I'/usr/local/lib/R/site-library/IRanges/include' -I/usr/local/include    -fpic  -g -O2 -fstack-protector-strong -Wformat -Werror=format-security -Wdate-time -D_FORTIFY_SOURCE=2 -g  -c SharedRaw_class.c -o SharedRaw_class.o
gcc -std=gnu2x -I"/usr/local/lib/R/include" -DNDEBUG  -I'/usr/local/lib/R/site-library/S4Vectors/include' -I'/usr/local/lib/R/site-library/IRanges/include' -I/usr/local/include    -fpic  -g -O2 -fstack-protector-strong -Wformat -Werror=format-security -Wdate-time -D_FORTIFY_SOURCE=2 -g  -c SharedVector_class.c -o SharedVector_class.o
gcc -std=gnu2x -I"/usr/local/lib/R/include" -DNDEBUG  -I'/usr/local/lib/R/site-library/S4Vectors/include' -I'/usr/local/lib/R/site-library/IRanges/include' -I/usr/local/include    -fpic  -g -O2 -fstack-protector-strong -Wformat -Werror=format-security -Wdate-time -D_FORTIFY_SOURCE=2 -g  -c XDouble_class.c -o XDouble_class.o
gcc -std=gnu2x -I"/usr/local/lib/R/include" -DNDEBUG  -I'/usr/local/lib/R/site-library/S4Vectors/include' -I'/usr/local/lib/R/site-library/IRanges/include' -I/usr/local/include    -fpic  -g -O2 -fstack-protector-strong -Wformat -Werror=format-security -Wdate-time -D_FORTIFY_SOURCE=2 -g  -c XInteger_class.c -o XInteger_class.o
gcc -std=gnu2x -I"/usr/local/lib/R/include" -DNDEBUG  -I'/usr/local/lib/R/site-library/S4Vectors/include' -I'/usr/local/lib/R/site-library/IRanges/include' -I/usr/local/include    -fpic  -g -O2 -fstack-protector-strong -Wformat -Werror=format-security -Wdate-time -D_FORTIFY_SOURCE=2 -g  -c XRawList_comparison.c -o XRawList_comparison.o
gcc -std=gnu2x -I"/usr/local/lib/R/include" -DNDEBUG  -I'/usr/local/lib/R/site-library/S4Vectors/include' -I'/usr/local/lib/R/site-library/IRanges/include' -I/usr/local/include    -fpic  -g -O2 -fstack-protector-strong -Wformat -Werror=format-security -Wdate-time -D_FORTIFY_SOURCE=2 -g  -c XRaw_class.c -o XRaw_class.o
gcc -std=gnu2x -I"/usr/local/lib/R/include" -DNDEBUG  -I'/usr/local/lib/R/site-library/S4Vectors/include' -I'/usr/local/lib/R/site-library/IRanges/include' -I/usr/local/include    -fpic  -g -O2 -fstack-protector-strong -Wformat -Werror=format-security -Wdate-time -D_FORTIFY_SOURCE=2 -g  -c XVectorList_class.c -o XVectorList_class.o
gcc -std=gnu2x -I"/usr/local/lib/R/include" -DNDEBUG  -I'/usr/local/lib/R/site-library/S4Vectors/include' -I'/usr/local/lib/R/site-library/IRanges/include' -I/usr/local/include    -fpic  -g -O2 -fstack-protector-strong -Wformat -Werror=format-security -Wdate-time -D_FORTIFY_SOURCE=2 -g  -c XVector_class.c -o XVector_class.o
gcc -std=gnu2x -I"/usr/local/lib/R/include" -DNDEBUG  -I'/usr/local/lib/R/site-library/S4Vectors/include' -I'/usr/local/lib/R/site-library/IRanges/include' -I/usr/local/include    -fpic  -g -O2 -fstack-protector-strong -Wformat -Werror=format-security -Wdate-time -D_FORTIFY_SOURCE=2 -g  -c io_utils.c -o io_utils.o
gcc -std=gnu2x -I"/usr/local/lib/R/include" -DNDEBUG  -I'/usr/local/lib/R/site-library/S4Vectors/include' -I'/usr/local/lib/R/site-library/IRanges/include' -I/usr/local/include    -fpic  -g -O2 -fstack-protector-strong -Wformat -Werror=format-security -Wdate-time -D_FORTIFY_SOURCE=2 -g  -c slice_methods.c -o slice_methods.o
gcc -std=gnu2x -I"/usr/local/lib/R/include" -DNDEBUG  -I'/usr/local/lib/R/site-library/S4Vectors/include' -I'/usr/local/lib/R/site-library/IRanges/include' -I/usr/local/include    -fpic  -g -O2 -fstack-protector-strong -Wformat -Werror=format-security -Wdate-time -D_FORTIFY_SOURCE=2 -g  -c vector_copy.c -o vector_copy.o
gcc -std=gnu2x -I"/usr/local/lib/R/include" -DNDEBUG  -I'/usr/local/lib/R/site-library/S4Vectors/include' -I'/usr/local/lib/R/site-library/IRanges/include' -I/usr/local/include    -fpic  -g -O2 -fstack-protector-strong -Wformat -Werror=format-security -Wdate-time -D_FORTIFY_SOURCE=2 -g  -c view_summarization_methods.c -o view_summarization_methods.o
gcc -std=gnu2x -shared -L/usr/local/lib/R/lib -L/usr/local/lib -o XVector.so IRanges_stubs.o Ocopy_byteblocks.o RDS_random_access.o R_init_XVector.o S4Vectors_stubs.o SharedDouble_class.o SharedInteger_class.o SharedRaw_class.o SharedVector_class.o XDouble_class.o XInteger_class.o XRawList_comparison.o XRaw_class.o XVectorList_class.o XVector_class.o io_utils.o slice_methods.o vector_copy.o view_summarization_methods.o -lz -L/usr/local/lib/R/lib -lR
installing to /usr/local/lib/R/site-library/00LOCK-XVector/00new/XVector/libs
** R
** inst
** byte-compile and prepare package for lazy loading
** help
*** installing help indices
** building package indices
** testing if installed package can be loaded from temporary location
** checking absolute paths in shared objects and dynamic libraries
** testing if installed package can be loaded from final location
** testing if installed package keeps a record of temporary installation path
* creating tarball
packaged installation of ‘XVector’ as ‘XVector_0.47.2_R_x86_64-pc-linux-gnu.tar.gz’
* DONE (XVector)
* installing *source* package ‘GenomeInfoDb’ ...
** this is package ‘GenomeInfoDb’ version ‘1.43.4’
** using staged installation
** R
** inst
** byte-compile and prepare package for lazy loading
** help
*** installing help indices
** building package indices
** installing vignettes
** testing if installed package can be loaded from temporary location
** testing if installed package can be loaded from final location
** testing if installed package keeps a record of temporary installation path
* creating tarball
packaged installation of ‘GenomeInfoDb’ as ‘GenomeInfoDb_1.43.4_R_x86_64-pc-linux-gnu.tar.gz’
* DONE (GenomeInfoDb)
* installing *source* package ‘S4Arrays’ ...
** this is package ‘S4Arrays’ version ‘1.7.3’
** using staged installation
** libs
using C compiler: ‘gcc (Ubuntu 13.3.0-6ubuntu2~24.04) 13.3.0’
gcc -std=gnu2x -I"/usr/local/lib/R/include" -DNDEBUG  -I'/usr/local/lib/R/site-library/S4Vectors/include' -I/usr/local/include    -fpic  -g -O2 -fstack-protector-strong -Wformat -Werror=format-security -Wdate-time -D_FORTIFY_SOURCE=2 -g  -c R_init_S4Arrays.c -o R_init_S4Arrays.o
gcc -std=gnu2x -I"/usr/local/lib/R/include" -DNDEBUG  -I'/usr/local/lib/R/site-library/S4Vectors/include' -I/usr/local/include    -fpic  -g -O2 -fstack-protector-strong -Wformat -Werror=format-security -Wdate-time -D_FORTIFY_SOURCE=2 -g  -c S4Vectors_stubs.c -o S4Vectors_stubs.o
gcc -std=gnu2x -I"/usr/local/lib/R/include" -DNDEBUG  -I'/usr/local/lib/R/site-library/S4Vectors/include' -I/usr/local/include    -fpic  -g -O2 -fstack-protector-strong -Wformat -Werror=format-security -Wdate-time -D_FORTIFY_SOURCE=2 -g  -c abind.c -o abind.o
gcc -std=gnu2x -I"/usr/local/lib/R/include" -DNDEBUG  -I'/usr/local/lib/R/site-library/S4Vectors/include' -I/usr/local/include    -fpic  -g -O2 -fstack-protector-strong -Wformat -Werror=format-security -Wdate-time -D_FORTIFY_SOURCE=2 -g  -c array_selection.c -o array_selection.o
gcc -std=gnu2x -I"/usr/local/lib/R/include" -DNDEBUG  -I'/usr/local/lib/R/site-library/S4Vectors/include' -I/usr/local/include    -fpic  -g -O2 -fstack-protector-strong -Wformat -Werror=format-security -Wdate-time -D_FORTIFY_SOURCE=2 -g  -c dim_tuning_utils.c -o dim_tuning_utils.o
gcc -std=gnu2x -I"/usr/local/lib/R/include" -DNDEBUG  -I'/usr/local/lib/R/site-library/S4Vectors/include' -I/usr/local/include    -fpic  -g -O2 -fstack-protector-strong -Wformat -Werror=format-security -Wdate-time -D_FORTIFY_SOURCE=2 -g  -c rowsum.c -o rowsum.o
gcc -std=gnu2x -shared -L/usr/local/lib/R/lib -L/usr/local/lib -o S4Arrays.so R_init_S4Arrays.o S4Vectors_stubs.o abind.o array_selection.o dim_tuning_utils.o rowsum.o -L/usr/local/lib/R/lib -lR
installing to /usr/local/lib/R/site-library/00LOCK-S4Arrays/00new/S4Arrays/libs
** R
** inst
** byte-compile and prepare package for lazy loading
Creating a new generic function for ‘rowsum’ in package ‘S4Arrays’
Creating a new generic function for ‘abind’ in package ‘S4Arrays’
** help
*** installing help indices
** building package indices
** installing vignettes
** testing if installed package can be loaded from temporary location
** checking absolute paths in shared objects and dynamic libraries
** testing if installed package can be loaded from final location
** testing if installed package keeps a record of temporary installation path
* creating tarball
packaged installation of ‘S4Arrays’ as ‘S4Arrays_1.7.3_R_x86_64-pc-linux-gnu.tar.gz’
* DONE (S4Arrays)
* installing *source* package ‘sirt’ ...
** this is package ‘sirt’ version ‘4.1-15’
** package ‘sirt’ successfully unpacked and MD5 sums checked
** using staged installation
** libs
using C++ compiler: ‘g++ (Ubuntu 13.3.0-6ubuntu2~24.04) 13.3.0’
g++ -std=gnu++17 -I"/usr/local/lib/R/include" -DNDEBUG -I../inst/include -DBOOST_NO_LONG_LONG -DBOOST_NO_AUTO_PTR -DRCPP_USE_UNWIND_PROTECT -I'/usr/local/lib/R/site-library/pbv/include' -I'/usr/local/lib/R/site-library/Rcpp/include' -I'/usr/local/lib/R/site-library/RcppArmadillo/include' -I/usr/local/include    -fpic  -g -O2 -fstack-protector-strong -Wformat -Werror=format-security -Wdate-time -D_FORTIFY_SOURCE=2 -g   -c RcppExports.cpp -o RcppExports.o
g++ -std=gnu++17 -I"/usr/local/lib/R/include" -DNDEBUG -I../inst/include -DBOOST_NO_LONG_LONG -DBOOST_NO_AUTO_PTR -DRCPP_USE_UNWIND_PROTECT -I'/usr/local/lib/R/site-library/pbv/include' -I'/usr/local/lib/R/site-library/Rcpp/include' -I'/usr/local/lib/R/site-library/RcppArmadillo/include' -I/usr/local/include    -fpic  -g -O2 -fstack-protector-strong -Wformat -Werror=format-security -Wdate-time -D_FORTIFY_SOURCE=2 -g   -c gooijer_isop_rcpp.cpp -o gooijer_isop_rcpp.o
g++ -std=gnu++17 -I"/usr/local/lib/R/include" -DNDEBUG -I../inst/include -DBOOST_NO_LONG_LONG -DBOOST_NO_AUTO_PTR -DRCPP_USE_UNWIND_PROTECT -I'/usr/local/lib/R/site-library/pbv/include' -I'/usr/local/lib/R/site-library/Rcpp/include' -I'/usr/local/lib/R/site-library/RcppArmadillo/include' -I/usr/local/include    -fpic  -g -O2 -fstack-protector-strong -Wformat -Werror=format-security -Wdate-time -D_FORTIFY_SOURCE=2 -g   -c matrixfunctions_sirt_rcpp.cpp -o matrixfunctions_sirt_rcpp.o
g++ -std=gnu++17 -I"/usr/local/lib/R/include" -DNDEBUG -I../inst/include -DBOOST_NO_LONG_LONG -DBOOST_NO_AUTO_PTR -DRCPP_USE_UNWIND_PROTECT -I'/usr/local/lib/R/site-library/pbv/include' -I'/usr/local/lib/R/site-library/Rcpp/include' -I'/usr/local/lib/R/site-library/RcppArmadillo/include' -I/usr/local/include    -fpic  -g -O2 -fstack-protector-strong -Wformat -Werror=format-security -Wdate-time -D_FORTIFY_SOURCE=2 -g   -c mle_pcm_group_rcpp.cpp -o mle_pcm_group_rcpp.o
g++ -std=gnu++17 -I"/usr/local/lib/R/include" -DNDEBUG -I../inst/include -DBOOST_NO_LONG_LONG -DBOOST_NO_AUTO_PTR -DRCPP_USE_UNWIND_PROTECT -I'/usr/local/lib/R/site-library/pbv/include' -I'/usr/local/lib/R/site-library/Rcpp/include' -I'/usr/local/lib/R/site-library/RcppArmadillo/include' -I/usr/local/include    -fpic  -g -O2 -fstack-protector-strong -Wformat -Werror=format-security -Wdate-time -D_FORTIFY_SOURCE=2 -g   -c probs_multcat_items_counts_rcpp.cpp -o probs_multcat_items_counts_rcpp.o
g++ -std=gnu++17 -I"/usr/local/lib/R/include" -DNDEBUG -I../inst/include -DBOOST_NO_LONG_LONG -DBOOST_NO_AUTO_PTR -DRCPP_USE_UNWIND_PROTECT -I'/usr/local/lib/R/site-library/pbv/include' -I'/usr/local/lib/R/site-library/Rcpp/include' -I'/usr/local/lib/R/site-library/RcppArmadillo/include' -I/usr/local/include    -fpic  -g -O2 -fstack-protector-strong -Wformat -Werror=format-security -Wdate-time -D_FORTIFY_SOURCE=2 -g   -c rm_smirt_mml2_rcpp.cpp -o rm_smirt_mml2_rcpp.o
g++ -std=gnu++17 -I"/usr/local/lib/R/include" -DNDEBUG -I../inst/include -DBOOST_NO_LONG_LONG -DBOOST_NO_AUTO_PTR -DRCPP_USE_UNWIND_PROTECT -I'/usr/local/lib/R/site-library/pbv/include' -I'/usr/local/lib/R/site-library/Rcpp/include' -I'/usr/local/lib/R/site-library/RcppArmadillo/include' -I/usr/local/include    -fpic  -g -O2 -fstack-protector-strong -Wformat -Werror=format-security -Wdate-time -D_FORTIFY_SOURCE=2 -g   -c sirt_rcpp_ccov.cpp -o sirt_rcpp_ccov.o
g++ -std=gnu++17 -I"/usr/local/lib/R/include" -DNDEBUG -I../inst/include -DBOOST_NO_LONG_LONG -DBOOST_NO_AUTO_PTR -DRCPP_USE_UNWIND_PROTECT -I'/usr/local/lib/R/site-library/pbv/include' -I'/usr/local/lib/R/site-library/Rcpp/include' -I'/usr/local/lib/R/site-library/RcppArmadillo/include' -I/usr/local/include    -fpic  -g -O2 -fstack-protector-strong -Wformat -Werror=format-security -Wdate-time -D_FORTIFY_SOURCE=2 -g   -c sirt_rcpp_discrete_inverse.cpp -o sirt_rcpp_discrete_inverse.o
g++ -std=gnu++17 -I"/usr/local/lib/R/include" -DNDEBUG -I../inst/include -DBOOST_NO_LONG_LONG -DBOOST_NO_AUTO_PTR -DRCPP_USE_UNWIND_PROTECT -I'/usr/local/lib/R/site-library/pbv/include' -I'/usr/local/lib/R/site-library/Rcpp/include' -I'/usr/local/lib/R/site-library/RcppArmadillo/include' -I/usr/local/include    -fpic  -g -O2 -fstack-protector-strong -Wformat -Werror=format-security -Wdate-time -D_FORTIFY_SOURCE=2 -g   -c sirt_rcpp_eigenvalues.cpp -o sirt_rcpp_eigenvalues.o
g++ -std=gnu++17 -I"/usr/local/lib/R/include" -DNDEBUG -I../inst/include -DBOOST_NO_LONG_LONG -DBOOST_NO_AUTO_PTR -DRCPP_USE_UNWIND_PROTECT -I'/usr/local/lib/R/site-library/pbv/include' -I'/usr/local/lib/R/site-library/Rcpp/include' -I'/usr/local/lib/R/site-library/RcppArmadillo/include' -I/usr/local/include    -fpic  -g -O2 -fstack-protector-strong -Wformat -Werror=format-security -Wdate-time -D_FORTIFY_SOURCE=2 -g   -c sirt_rcpp_evm_comp_poly.cpp -o sirt_rcpp_evm_comp_poly.o
g++ -std=gnu++17 -I"/usr/local/lib/R/include" -DNDEBUG -I../inst/include -DBOOST_NO_LONG_LONG -DBOOST_NO_AUTO_PTR -DRCPP_USE_UNWIND_PROTECT -I'/usr/local/lib/R/site-library/pbv/include' -I'/usr/local/lib/R/site-library/Rcpp/include' -I'/usr/local/lib/R/site-library/RcppArmadillo/include' -I/usr/local/include    -fpic  -g -O2 -fstack-protector-strong -Wformat -Werror=format-security -Wdate-time -D_FORTIFY_SOURCE=2 -g   -c sirt_rcpp_gom_em.cpp -o sirt_rcpp_gom_em.o
g++ -std=gnu++17 -I"/usr/local/lib/R/include" -DNDEBUG -I../inst/include -DBOOST_NO_LONG_LONG -DBOOST_NO_AUTO_PTR -DRCPP_USE_UNWIND_PROTECT -I'/usr/local/lib/R/site-library/pbv/include' -I'/usr/local/lib/R/site-library/Rcpp/include' -I'/usr/local/lib/R/site-library/RcppArmadillo/include' -I/usr/local/include    -fpic  -g -O2 -fstack-protector-strong -Wformat -Werror=format-security -Wdate-time -D_FORTIFY_SOURCE=2 -g   -c sirt_rcpp_inference_jackknife.cpp -o sirt_rcpp_inference_jackknife.o
g++ -std=gnu++17 -I"/usr/local/lib/R/include" -DNDEBUG -I../inst/include -DBOOST_NO_LONG_LONG -DBOOST_NO_AUTO_PTR -DRCPP_USE_UNWIND_PROTECT -I'/usr/local/lib/R/site-library/pbv/include' -I'/usr/local/lib/R/site-library/Rcpp/include' -I'/usr/local/lib/R/site-library/RcppArmadillo/include' -I/usr/local/include    -fpic  -g -O2 -fstack-protector-strong -Wformat -Werror=format-security -Wdate-time -D_FORTIFY_SOURCE=2 -g   -c sirt_rcpp_invariance_alignment.cpp -o sirt_rcpp_invariance_alignment.o
g++ -std=gnu++17 -I"/usr/local/lib/R/include" -DNDEBUG -I../inst/include -DBOOST_NO_LONG_LONG -DBOOST_NO_AUTO_PTR -DRCPP_USE_UNWIND_PROTECT -I'/usr/local/lib/R/site-library/pbv/include' -I'/usr/local/lib/R/site-library/Rcpp/include' -I'/usr/local/lib/R/site-library/RcppArmadillo/include' -I/usr/local/include    -fpic  -g -O2 -fstack-protector-strong -Wformat -Werror=format-security -Wdate-time -D_FORTIFY_SOURCE=2 -g   -c sirt_rcpp_linking_haebara.cpp -o sirt_rcpp_linking_haebara.o
g++ -std=gnu++17 -I"/usr/local/lib/R/include" -DNDEBUG -I../inst/include -DBOOST_NO_LONG_LONG -DBOOST_NO_AUTO_PTR -DRCPP_USE_UNWIND_PROTECT -I'/usr/local/lib/R/site-library/pbv/include' -I'/usr/local/lib/R/site-library/Rcpp/include' -I'/usr/local/lib/R/site-library/RcppArmadillo/include' -I/usr/local/include    -fpic  -g -O2 -fstack-protector-strong -Wformat -Werror=format-security -Wdate-time -D_FORTIFY_SOURCE=2 -g   -c sirt_rcpp_lq_fit.cpp -o sirt_rcpp_lq_fit.o
g++ -std=gnu++17 -I"/usr/local/lib/R/include" -DNDEBUG -I../inst/include -DBOOST_NO_LONG_LONG -DBOOST_NO_AUTO_PTR -DRCPP_USE_UNWIND_PROTECT -I'/usr/local/lib/R/site-library/pbv/include' -I'/usr/local/lib/R/site-library/Rcpp/include' -I'/usr/local/lib/R/site-library/RcppArmadillo/include' -I/usr/local/include    -fpic  -g -O2 -fstack-protector-strong -Wformat -Werror=format-security -Wdate-time -D_FORTIFY_SOURCE=2 -g   -c sirt_rcpp_mgsem_functions.cpp -o sirt_rcpp_mgsem_functions.o
g++ -std=gnu++17 -I"/usr/local/lib/R/include" -DNDEBUG -I../inst/include -DBOOST_NO_LONG_LONG -DBOOST_NO_AUTO_PTR -DRCPP_USE_UNWIND_PROTECT -I'/usr/local/lib/R/site-library/pbv/include' -I'/usr/local/lib/R/site-library/Rcpp/include' -I'/usr/local/lib/R/site-library/RcppArmadillo/include' -I/usr/local/include    -fpic  -g -O2 -fstack-protector-strong -Wformat -Werror=format-security -Wdate-time -D_FORTIFY_SOURCE=2 -g   -c sirt_rcpp_monoreg.cpp -o sirt_rcpp_monoreg.o
g++ -std=gnu++17 -I"/usr/local/lib/R/include" -DNDEBUG -I../inst/include -DBOOST_NO_LONG_LONG -DBOOST_NO_AUTO_PTR -DRCPP_USE_UNWIND_PROTECT -I'/usr/local/lib/R/site-library/pbv/include' -I'/usr/local/lib/R/site-library/Rcpp/include' -I'/usr/local/lib/R/site-library/RcppArmadillo/include' -I/usr/local/include    -fpic  -g -O2 -fstack-protector-strong -Wformat -Werror=format-security -Wdate-time -D_FORTIFY_SOURCE=2 -g   -c sirt_rcpp_noharm.cpp -o sirt_rcpp_noharm.o
g++ -std=gnu++17 -I"/usr/local/lib/R/include" -DNDEBUG -I../inst/include -DBOOST_NO_LONG_LONG -DBOOST_NO_AUTO_PTR -DRCPP_USE_UNWIND_PROTECT -I'/usr/local/lib/R/site-library/pbv/include' -I'/usr/local/lib/R/site-library/Rcpp/include' -I'/usr/local/lib/R/site-library/RcppArmadillo/include' -I/usr/local/include    -fpic  -g -O2 -fstack-protector-strong -Wformat -Werror=format-security -Wdate-time -D_FORTIFY_SOURCE=2 -g   -c sirt_rcpp_pbvnorm.cpp -o sirt_rcpp_pbvnorm.o
g++ -std=gnu++17 -I"/usr/local/lib/R/include" -DNDEBUG -I../inst/include -DBOOST_NO_LONG_LONG -DBOOST_NO_AUTO_PTR -DRCPP_USE_UNWIND_PROTECT -I'/usr/local/lib/R/site-library/pbv/include' -I'/usr/local/lib/R/site-library/Rcpp/include' -I'/usr/local/lib/R/site-library/RcppArmadillo/include' -I/usr/local/include    -fpic  -g -O2 -fstack-protector-strong -Wformat -Werror=format-security -Wdate-time -D_FORTIFY_SOURCE=2 -g   -c sirt_rcpp_polychoric2.cpp -o sirt_rcpp_polychoric2.o
g++ -std=gnu++17 -I"/usr/local/lib/R/include" -DNDEBUG -I../inst/include -DBOOST_NO_LONG_LONG -DBOOST_NO_AUTO_PTR -DRCPP_USE_UNWIND_PROTECT -I'/usr/local/lib/R/site-library/pbv/include' -I'/usr/local/lib/R/site-library/Rcpp/include' -I'/usr/local/lib/R/site-library/RcppArmadillo/include' -I/usr/local/include    -fpic  -g -O2 -fstack-protector-strong -Wformat -Werror=format-security -Wdate-time -D_FORTIFY_SOURCE=2 -g   -c sirt_rcpp_rm_proc_data.cpp -o sirt_rcpp_rm_proc_data.o
g++ -std=gnu++17 -I"/usr/local/lib/R/include" -DNDEBUG -I../inst/include -DBOOST_NO_LONG_LONG -DBOOST_NO_AUTO_PTR -DRCPP_USE_UNWIND_PROTECT -I'/usr/local/lib/R/site-library/pbv/include' -I'/usr/local/lib/R/site-library/Rcpp/include' -I'/usr/local/lib/R/site-library/RcppArmadillo/include' -I/usr/local/include    -fpic  -g -O2 -fstack-protector-strong -Wformat -Werror=format-security -Wdate-time -D_FORTIFY_SOURCE=2 -g   -c sirt_rcpp_rm_sdt.cpp -o sirt_rcpp_rm_sdt.o
g++ -std=gnu++17 -I"/usr/local/lib/R/include" -DNDEBUG -I../inst/include -DBOOST_NO_LONG_LONG -DBOOST_NO_AUTO_PTR -DRCPP_USE_UNWIND_PROTECT -I'/usr/local/lib/R/site-library/pbv/include' -I'/usr/local/lib/R/site-library/Rcpp/include' -I'/usr/local/lib/R/site-library/RcppArmadillo/include' -I/usr/local/include    -fpic  -g -O2 -fstack-protector-strong -Wformat -Werror=format-security -Wdate-time -D_FORTIFY_SOURCE=2 -g   -c sirt_rcpp_xxirt.cpp -o sirt_rcpp_xxirt.o
g++ -std=gnu++17 -shared -L/usr/local/lib/R/lib -L/usr/local/lib -o sirt.so RcppExports.o gooijer_isop_rcpp.o matrixfunctions_sirt_rcpp.o mle_pcm_group_rcpp.o probs_multcat_items_counts_rcpp.o rm_smirt_mml2_rcpp.o sirt_rcpp_ccov.o sirt_rcpp_discrete_inverse.o sirt_rcpp_eigenvalues.o sirt_rcpp_evm_comp_poly.o sirt_rcpp_gom_em.o sirt_rcpp_inference_jackknife.o sirt_rcpp_invariance_alignment.o sirt_rcpp_linking_haebara.o sirt_rcpp_lq_fit.o sirt_rcpp_mgsem_functions.o sirt_rcpp_monoreg.o sirt_rcpp_noharm.o sirt_rcpp_pbvnorm.o sirt_rcpp_polychoric2.o sirt_rcpp_rm_proc_data.o sirt_rcpp_rm_sdt.o sirt_rcpp_xxirt.o -llapack -lblas -lgfortran -lm -lquadmath -L/usr/local/lib/R/lib -lR
installing to /usr/local/lib/R/site-library/00LOCK-sirt/00new/sirt/libs
** R
** data
** inst
** byte-compile and prepare package for lazy loading
** help
*** installing help indices
** building package indices
** testing if installed package can be loaded from temporary location
** checking absolute paths in shared objects and dynamic libraries
** testing if installed package can be loaded from final location
** testing if installed package keeps a record of temporary installation path
* creating tarball
packaged installation of ‘sirt’ as ‘sirt_4.1-15_R_x86_64-pc-linux-gnu.tar.gz’
* DONE (sirt)
* installing *source* package ‘ggstats’ ...
** this is package ‘ggstats’ version ‘0.9.0’
** package ‘ggstats’ successfully unpacked and MD5 sums checked
** using staged installation
** R
** inst
** byte-compile and prepare package for lazy loading
** help
*** installing help indices
*** copying figures
** building package indices
** installing vignettes
** testing if installed package can be loaded from temporary location
** testing if installed package can be loaded from final location
** testing if installed package keeps a record of temporary installation path
* creating tarball
packaged installation of ‘ggstats’ as ‘ggstats_0.9.0_R_x86_64-pc-linux-gnu.tar.gz’
* DONE (ggstats)
* installing *source* package ‘SparseArray’ ...
** this is package ‘SparseArray’ version ‘1.7.7’
** using staged installation
** libs
using C compiler: ‘gcc (Ubuntu 13.3.0-6ubuntu2~24.04) 13.3.0’
gcc -std=gnu2x -I"/usr/local/lib/R/include" -DNDEBUG  -I'/usr/local/lib/R/site-library/S4Vectors/include' -I'/usr/local/lib/R/site-library/IRanges/include' -I'/usr/local/lib/R/site-library/XVector/include' -I/usr/local/include   -fopenmp -fpic  -g -O2 -fstack-protector-strong -Wformat -Werror=format-security -Wdate-time -D_FORTIFY_SOURCE=2 -g  -c ExtendableJaggedArray.c -o ExtendableJaggedArray.o
gcc -std=gnu2x -I"/usr/local/lib/R/include" -DNDEBUG  -I'/usr/local/lib/R/site-library/S4Vectors/include' -I'/usr/local/lib/R/site-library/IRanges/include' -I'/usr/local/lib/R/site-library/XVector/include' -I/usr/local/include   -fopenmp -fpic  -g -O2 -fstack-protector-strong -Wformat -Werror=format-security -Wdate-time -D_FORTIFY_SOURCE=2 -g  -c IRanges_stubs.c -o IRanges_stubs.o
gcc -std=gnu2x -I"/usr/local/lib/R/include" -DNDEBUG  -I'/usr/local/lib/R/site-library/S4Vectors/include' -I'/usr/local/lib/R/site-library/IRanges/include' -I'/usr/local/lib/R/site-library/XVector/include' -I/usr/local/include   -fopenmp -fpic  -g -O2 -fstack-protector-strong -Wformat -Werror=format-security -Wdate-time -D_FORTIFY_SOURCE=2 -g  -c OPBufTree.c -o OPBufTree.o
gcc -std=gnu2x -I"/usr/local/lib/R/include" -DNDEBUG  -I'/usr/local/lib/R/site-library/S4Vectors/include' -I'/usr/local/lib/R/site-library/IRanges/include' -I'/usr/local/lib/R/site-library/XVector/include' -I/usr/local/include   -fopenmp -fpic  -g -O2 -fstack-protector-strong -Wformat -Werror=format-security -Wdate-time -D_FORTIFY_SOURCE=2 -g  -c R_init_SparseArray.c -o R_init_SparseArray.o
gcc -std=gnu2x -I"/usr/local/lib/R/include" -DNDEBUG  -I'/usr/local/lib/R/site-library/S4Vectors/include' -I'/usr/local/lib/R/site-library/IRanges/include' -I'/usr/local/lib/R/site-library/XVector/include' -I/usr/local/include   -fopenmp -fpic  -g -O2 -fstack-protector-strong -Wformat -Werror=format-security -Wdate-time -D_FORTIFY_SOURCE=2 -g  -c Rvector_summarization.c -o Rvector_summarization.o
gcc -std=gnu2x -I"/usr/local/lib/R/include" -DNDEBUG  -I'/usr/local/lib/R/site-library/S4Vectors/include' -I'/usr/local/lib/R/site-library/IRanges/include' -I'/usr/local/lib/R/site-library/XVector/include' -I/usr/local/include   -fopenmp -fpic  -g -O2 -fstack-protector-strong -Wformat -Werror=format-security -Wdate-time -D_FORTIFY_SOURCE=2 -g  -c Rvector_utils.c -o Rvector_utils.o
gcc -std=gnu2x -I"/usr/local/lib/R/include" -DNDEBUG  -I'/usr/local/lib/R/site-library/S4Vectors/include' -I'/usr/local/lib/R/site-library/IRanges/include' -I'/usr/local/lib/R/site-library/XVector/include' -I/usr/local/include   -fopenmp -fpic  -g -O2 -fstack-protector-strong -Wformat -Werror=format-security -Wdate-time -D_FORTIFY_SOURCE=2 -g  -c S4Vectors_stubs.c -o S4Vectors_stubs.o
gcc -std=gnu2x -I"/usr/local/lib/R/include" -DNDEBUG  -I'/usr/local/lib/R/site-library/S4Vectors/include' -I'/usr/local/lib/R/site-library/IRanges/include' -I'/usr/local/lib/R/site-library/XVector/include' -I/usr/local/include   -fopenmp -fpic  -g -O2 -fstack-protector-strong -Wformat -Werror=format-security -Wdate-time -D_FORTIFY_SOURCE=2 -g  -c SBT_utils.c -o SBT_utils.o
gcc -std=gnu2x -I"/usr/local/lib/R/include" -DNDEBUG  -I'/usr/local/lib/R/site-library/S4Vectors/include' -I'/usr/local/lib/R/site-library/IRanges/include' -I'/usr/local/lib/R/site-library/XVector/include' -I/usr/local/include   -fopenmp -fpic  -g -O2 -fstack-protector-strong -Wformat -Werror=format-security -Wdate-time -D_FORTIFY_SOURCE=2 -g  -c SVT_SparseArray_class.c -o SVT_SparseArray_class.o
gcc -std=gnu2x -I"/usr/local/lib/R/include" -DNDEBUG  -I'/usr/local/lib/R/site-library/S4Vectors/include' -I'/usr/local/lib/R/site-library/IRanges/include' -I'/usr/local/lib/R/site-library/XVector/include' -I/usr/local/include   -fopenmp -fpic  -g -O2 -fstack-protector-strong -Wformat -Werror=format-security -Wdate-time -D_FORTIFY_SOURCE=2 -g  -c SparseArray_Arith_methods.c -o SparseArray_Arith_methods.o
gcc -std=gnu2x -I"/usr/local/lib/R/include" -DNDEBUG  -I'/usr/local/lib/R/site-library/S4Vectors/include' -I'/usr/local/lib/R/site-library/IRanges/include' -I'/usr/local/lib/R/site-library/XVector/include' -I/usr/local/include   -fopenmp -fpic  -g -O2 -fstack-protector-strong -Wformat -Werror=format-security -Wdate-time -D_FORTIFY_SOURCE=2 -g  -c SparseArray_Compare_methods.c -o SparseArray_Compare_methods.o
gcc -std=gnu2x -I"/usr/local/lib/R/include" -DNDEBUG  -I'/usr/local/lib/R/site-library/S4Vectors/include' -I'/usr/local/lib/R/site-library/IRanges/include' -I'/usr/local/lib/R/site-library/XVector/include' -I/usr/local/include   -fopenmp -fpic  -g -O2 -fstack-protector-strong -Wformat -Werror=format-security -Wdate-time -D_FORTIFY_SOURCE=2 -g  -c SparseArray_Complex_methods.c -o SparseArray_Complex_methods.o
gcc -std=gnu2x -I"/usr/local/lib/R/include" -DNDEBUG  -I'/usr/local/lib/R/site-library/S4Vectors/include' -I'/usr/local/lib/R/site-library/IRanges/include' -I'/usr/local/lib/R/site-library/XVector/include' -I/usr/local/include   -fopenmp -fpic  -g -O2 -fstack-protector-strong -Wformat -Werror=format-security -Wdate-time -D_FORTIFY_SOURCE=2 -g  -c SparseArray_Logic_methods.c -o SparseArray_Logic_methods.o
gcc -std=gnu2x -I"/usr/local/lib/R/include" -DNDEBUG  -I'/usr/local/lib/R/site-library/S4Vectors/include' -I'/usr/local/lib/R/site-library/IRanges/include' -I'/usr/local/lib/R/site-library/XVector/include' -I/usr/local/include   -fopenmp -fpic  -g -O2 -fstack-protector-strong -Wformat -Werror=format-security -Wdate-time -D_FORTIFY_SOURCE=2 -g  -c SparseArray_Math_methods.c -o SparseArray_Math_methods.o
gcc -std=gnu2x -I"/usr/local/lib/R/include" -DNDEBUG  -I'/usr/local/lib/R/site-library/S4Vectors/include' -I'/usr/local/lib/R/site-library/IRanges/include' -I'/usr/local/lib/R/site-library/XVector/include' -I/usr/local/include   -fopenmp -fpic  -g -O2 -fstack-protector-strong -Wformat -Werror=format-security -Wdate-time -D_FORTIFY_SOURCE=2 -g  -c SparseArray_abind.c -o SparseArray_abind.o
gcc -std=gnu2x -I"/usr/local/lib/R/include" -DNDEBUG  -I'/usr/local/lib/R/site-library/S4Vectors/include' -I'/usr/local/lib/R/site-library/IRanges/include' -I'/usr/local/lib/R/site-library/XVector/include' -I/usr/local/include   -fopenmp -fpic  -g -O2 -fstack-protector-strong -Wformat -Werror=format-security -Wdate-time -D_FORTIFY_SOURCE=2 -g  -c SparseArray_aperm.c -o SparseArray_aperm.o
gcc -std=gnu2x -I"/usr/local/lib/R/include" -DNDEBUG  -I'/usr/local/lib/R/site-library/S4Vectors/include' -I'/usr/local/lib/R/site-library/IRanges/include' -I'/usr/local/lib/R/site-library/XVector/include' -I/usr/local/include   -fopenmp -fpic  -g -O2 -fstack-protector-strong -Wformat -Werror=format-security -Wdate-time -D_FORTIFY_SOURCE=2 -g  -c SparseArray_dim_tuning.c -o SparseArray_dim_tuning.o
gcc -std=gnu2x -I"/usr/local/lib/R/include" -DNDEBUG  -I'/usr/local/lib/R/site-library/S4Vectors/include' -I'/usr/local/lib/R/site-library/IRanges/include' -I'/usr/local/lib/R/site-library/XVector/include' -I/usr/local/include   -fopenmp -fpic  -g -O2 -fstack-protector-strong -Wformat -Werror=format-security -Wdate-time -D_FORTIFY_SOURCE=2 -g  -c SparseArray_matrixStats.c -o SparseArray_matrixStats.o
gcc -std=gnu2x -I"/usr/local/lib/R/include" -DNDEBUG  -I'/usr/local/lib/R/site-library/S4Vectors/include' -I'/usr/local/lib/R/site-library/IRanges/include' -I'/usr/local/lib/R/site-library/XVector/include' -I/usr/local/include   -fopenmp -fpic  -g -O2 -fstack-protector-strong -Wformat -Werror=format-security -Wdate-time -D_FORTIFY_SOURCE=2 -g  -c SparseArray_misc_methods.c -o SparseArray_misc_methods.o
gcc -std=gnu2x -I"/usr/local/lib/R/include" -DNDEBUG  -I'/usr/local/lib/R/site-library/S4Vectors/include' -I'/usr/local/lib/R/site-library/IRanges/include' -I'/usr/local/lib/R/site-library/XVector/include' -I/usr/local/include   -fopenmp -fpic  -g -O2 -fstack-protector-strong -Wformat -Werror=format-security -Wdate-time -D_FORTIFY_SOURCE=2 -g  -c SparseArray_subassignment.c -o SparseArray_subassignment.o
gcc -std=gnu2x -I"/usr/local/lib/R/include" -DNDEBUG  -I'/usr/local/lib/R/site-library/S4Vectors/include' -I'/usr/local/lib/R/site-library/IRanges/include' -I'/usr/local/lib/R/site-library/XVector/include' -I/usr/local/include   -fopenmp -fpic  -g -O2 -fstack-protector-strong -Wformat -Werror=format-security -Wdate-time -D_FORTIFY_SOURCE=2 -g  -c SparseArray_subassignment_OLD.c -o SparseArray_subassignment_OLD.o
gcc -std=gnu2x -I"/usr/local/lib/R/include" -DNDEBUG  -I'/usr/local/lib/R/site-library/S4Vectors/include' -I'/usr/local/lib/R/site-library/IRanges/include' -I'/usr/local/lib/R/site-library/XVector/include' -I/usr/local/include   -fopenmp -fpic  -g -O2 -fstack-protector-strong -Wformat -Werror=format-security -Wdate-time -D_FORTIFY_SOURCE=2 -g  -c SparseArray_subsetting.c -o SparseArray_subsetting.o
gcc -std=gnu2x -I"/usr/local/lib/R/include" -DNDEBUG  -I'/usr/local/lib/R/site-library/S4Vectors/include' -I'/usr/local/lib/R/site-library/IRanges/include' -I'/usr/local/lib/R/site-library/XVector/include' -I/usr/local/include   -fopenmp -fpic  -g -O2 -fstack-protector-strong -Wformat -Werror=format-security -Wdate-time -D_FORTIFY_SOURCE=2 -g  -c SparseArray_summarization.c -o SparseArray_summarization.o
gcc -std=gnu2x -I"/usr/local/lib/R/include" -DNDEBUG  -I'/usr/local/lib/R/site-library/S4Vectors/include' -I'/usr/local/lib/R/site-library/IRanges/include' -I'/usr/local/lib/R/site-library/XVector/include' -I/usr/local/include   -fopenmp -fpic  -g -O2 -fstack-protector-strong -Wformat -Werror=format-security -Wdate-time -D_FORTIFY_SOURCE=2 -g  -c SparseMatrix_mult.c -o SparseMatrix_mult.o
gcc -std=gnu2x -I"/usr/local/lib/R/include" -DNDEBUG  -I'/usr/local/lib/R/site-library/S4Vectors/include' -I'/usr/local/lib/R/site-library/IRanges/include' -I'/usr/local/lib/R/site-library/XVector/include' -I/usr/local/include   -fopenmp -fpic  -g -O2 -fstack-protector-strong -Wformat -Werror=format-security -Wdate-time -D_FORTIFY_SOURCE=2 -g  -c SparseVec.c -o SparseVec.o
gcc -std=gnu2x -I"/usr/local/lib/R/include" -DNDEBUG  -I'/usr/local/lib/R/site-library/S4Vectors/include' -I'/usr/local/lib/R/site-library/IRanges/include' -I'/usr/local/lib/R/site-library/XVector/include' -I/usr/local/include   -fopenmp -fpic  -g -O2 -fstack-protector-strong -Wformat -Werror=format-security -Wdate-time -D_FORTIFY_SOURCE=2 -g  -c SparseVec_Arith.c -o SparseVec_Arith.o
gcc -std=gnu2x -I"/usr/local/lib/R/include" -DNDEBUG  -I'/usr/local/lib/R/site-library/S4Vectors/include' -I'/usr/local/lib/R/site-library/IRanges/include' -I'/usr/local/lib/R/site-library/XVector/include' -I/usr/local/include   -fopenmp -fpic  -g -O2 -fstack-protector-strong -Wformat -Werror=format-security -Wdate-time -D_FORTIFY_SOURCE=2 -g  -c SparseVec_Compare.c -o SparseVec_Compare.o
gcc -std=gnu2x -I"/usr/local/lib/R/include" -DNDEBUG  -I'/usr/local/lib/R/site-library/S4Vectors/include' -I'/usr/local/lib/R/site-library/IRanges/include' -I'/usr/local/lib/R/site-library/XVector/include' -I/usr/local/include   -fopenmp -fpic  -g -O2 -fstack-protector-strong -Wformat -Werror=format-security -Wdate-time -D_FORTIFY_SOURCE=2 -g  -c SparseVec_Logic.c -o SparseVec_Logic.o
gcc -std=gnu2x -I"/usr/local/lib/R/include" -DNDEBUG  -I'/usr/local/lib/R/site-library/S4Vectors/include' -I'/usr/local/lib/R/site-library/IRanges/include' -I'/usr/local/lib/R/site-library/XVector/include' -I/usr/local/include   -fopenmp -fpic  -g -O2 -fstack-protector-strong -Wformat -Werror=format-security -Wdate-time -D_FORTIFY_SOURCE=2 -g  -c SparseVec_Math.c -o SparseVec_Math.o
gcc -std=gnu2x -I"/usr/local/lib/R/include" -DNDEBUG  -I'/usr/local/lib/R/site-library/S4Vectors/include' -I'/usr/local/lib/R/site-library/IRanges/include' -I'/usr/local/lib/R/site-library/XVector/include' -I/usr/local/include   -fopenmp -fpic  -g -O2 -fstack-protector-strong -Wformat -Werror=format-security -Wdate-time -D_FORTIFY_SOURCE=2 -g  -c SparseVec_dotprod.c -o SparseVec_dotprod.o
gcc -std=gnu2x -I"/usr/local/lib/R/include" -DNDEBUG  -I'/usr/local/lib/R/site-library/S4Vectors/include' -I'/usr/local/lib/R/site-library/IRanges/include' -I'/usr/local/lib/R/site-library/XVector/include' -I/usr/local/include   -fopenmp -fpic  -g -O2 -fstack-protector-strong -Wformat -Werror=format-security -Wdate-time -D_FORTIFY_SOURCE=2 -g  -c XVector_stubs.c -o XVector_stubs.o
gcc -std=gnu2x -I"/usr/local/lib/R/include" -DNDEBUG  -I'/usr/local/lib/R/site-library/S4Vectors/include' -I'/usr/local/lib/R/site-library/IRanges/include' -I'/usr/local/lib/R/site-library/XVector/include' -I/usr/local/include   -fopenmp -fpic  -g -O2 -fstack-protector-strong -Wformat -Werror=format-security -Wdate-time -D_FORTIFY_SOURCE=2 -g  -c argcheck_utils.c -o argcheck_utils.o
gcc -std=gnu2x -I"/usr/local/lib/R/include" -DNDEBUG  -I'/usr/local/lib/R/site-library/S4Vectors/include' -I'/usr/local/lib/R/site-library/IRanges/include' -I'/usr/local/lib/R/site-library/XVector/include' -I/usr/local/include   -fopenmp -fpic  -g -O2 -fstack-protector-strong -Wformat -Werror=format-security -Wdate-time -D_FORTIFY_SOURCE=2 -g  -c coerceVector2.c -o coerceVector2.o
gcc -std=gnu2x -I"/usr/local/lib/R/include" -DNDEBUG  -I'/usr/local/lib/R/site-library/S4Vectors/include' -I'/usr/local/lib/R/site-library/IRanges/include' -I'/usr/local/lib/R/site-library/XVector/include' -I/usr/local/include   -fopenmp -fpic  -g -O2 -fstack-protector-strong -Wformat -Werror=format-security -Wdate-time -D_FORTIFY_SOURCE=2 -g  -c leaf_utils.c -o leaf_utils.o
gcc -std=gnu2x -I"/usr/local/lib/R/include" -DNDEBUG  -I'/usr/local/lib/R/site-library/S4Vectors/include' -I'/usr/local/lib/R/site-library/IRanges/include' -I'/usr/local/lib/R/site-library/XVector/include' -I/usr/local/include   -fopenmp -fpic  -g -O2 -fstack-protector-strong -Wformat -Werror=format-security -Wdate-time -D_FORTIFY_SOURCE=2 -g  -c randomSparseArray.c -o randomSparseArray.o
gcc -std=gnu2x -I"/usr/local/lib/R/include" -DNDEBUG  -I'/usr/local/lib/R/site-library/S4Vectors/include' -I'/usr/local/lib/R/site-library/IRanges/include' -I'/usr/local/lib/R/site-library/XVector/include' -I/usr/local/include   -fopenmp -fpic  -g -O2 -fstack-protector-strong -Wformat -Werror=format-security -Wdate-time -D_FORTIFY_SOURCE=2 -g  -c readSparseCSV.c -o readSparseCSV.o
gcc -std=gnu2x -I"/usr/local/lib/R/include" -DNDEBUG  -I'/usr/local/lib/R/site-library/S4Vectors/include' -I'/usr/local/lib/R/site-library/IRanges/include' -I'/usr/local/lib/R/site-library/XVector/include' -I/usr/local/include   -fopenmp -fpic  -g -O2 -fstack-protector-strong -Wformat -Werror=format-security -Wdate-time -D_FORTIFY_SOURCE=2 -g  -c rowsum_methods.c -o rowsum_methods.o
gcc -std=gnu2x -I"/usr/local/lib/R/include" -DNDEBUG  -I'/usr/local/lib/R/site-library/S4Vectors/include' -I'/usr/local/lib/R/site-library/IRanges/include' -I'/usr/local/lib/R/site-library/XVector/include' -I/usr/local/include   -fopenmp -fpic  -g -O2 -fstack-protector-strong -Wformat -Werror=format-security -Wdate-time -D_FORTIFY_SOURCE=2 -g  -c sparseMatrix_utils.c -o sparseMatrix_utils.o
gcc -std=gnu2x -I"/usr/local/lib/R/include" -DNDEBUG  -I'/usr/local/lib/R/site-library/S4Vectors/include' -I'/usr/local/lib/R/site-library/IRanges/include' -I'/usr/local/lib/R/site-library/XVector/include' -I/usr/local/include   -fopenmp -fpic  -g -O2 -fstack-protector-strong -Wformat -Werror=format-security -Wdate-time -D_FORTIFY_SOURCE=2 -g  -c test.c -o test.o
gcc -std=gnu2x -I"/usr/local/lib/R/include" -DNDEBUG  -I'/usr/local/lib/R/site-library/S4Vectors/include' -I'/usr/local/lib/R/site-library/IRanges/include' -I'/usr/local/lib/R/site-library/XVector/include' -I/usr/local/include   -fopenmp -fpic  -g -O2 -fstack-protector-strong -Wformat -Werror=format-security -Wdate-time -D_FORTIFY_SOURCE=2 -g  -c thread_control.c -o thread_control.o
gcc -std=gnu2x -shared -L/usr/local/lib/R/lib -L/usr/local/lib -o SparseArray.so ExtendableJaggedArray.o IRanges_stubs.o OPBufTree.o R_init_SparseArray.o Rvector_summarization.o Rvector_utils.o S4Vectors_stubs.o SBT_utils.o SVT_SparseArray_class.o SparseArray_Arith_methods.o SparseArray_Compare_methods.o SparseArray_Complex_methods.o SparseArray_Logic_methods.o SparseArray_Math_methods.o SparseArray_abind.o SparseArray_aperm.o SparseArray_dim_tuning.o SparseArray_matrixStats.o SparseArray_misc_methods.o SparseArray_subassignment.o SparseArray_subassignment_OLD.o SparseArray_subsetting.o SparseArray_summarization.o SparseMatrix_mult.o SparseVec.o SparseVec_Arith.o SparseVec_Compare.o SparseVec_Logic.o SparseVec_Math.o SparseVec_dotprod.o XVector_stubs.o argcheck_utils.o coerceVector2.o leaf_utils.o randomSparseArray.o readSparseCSV.o rowsum_methods.o sparseMatrix_utils.o test.o thread_control.o -fopenmp -L/usr/local/lib/R/lib -lR
installing to /usr/local/lib/R/site-library/00LOCK-SparseArray/00new/SparseArray/libs
** R
** inst
** byte-compile and prepare package for lazy loading
** help
*** installing help indices
** building package indices
** installing vignettes
** testing if installed package can be loaded from temporary location
** checking absolute paths in shared objects and dynamic libraries
** testing if installed package can be loaded from final location
** testing if installed package keeps a record of temporary installation path
* creating tarball
packaged installation of ‘SparseArray’ as ‘SparseArray_1.7.7_R_x86_64-pc-linux-gnu.tar.gz’
* DONE (SparseArray)
* installing *source* package ‘GenomicRanges’ ...
** this is package ‘GenomicRanges’ version ‘1.59.1’
** using staged installation
** libs
using C compiler: ‘gcc (Ubuntu 13.3.0-6ubuntu2~24.04) 13.3.0’
gcc -std=gnu2x -I"/usr/local/lib/R/include" -DNDEBUG  -I'/usr/local/lib/R/site-library/S4Vectors/include' -I'/usr/local/lib/R/site-library/IRanges/include' -I/usr/local/include    -fpic  -g -O2 -fstack-protector-strong -Wformat -Werror=format-security -Wdate-time -D_FORTIFY_SOURCE=2 -g  -c IRanges_stubs.c -o IRanges_stubs.o
gcc -std=gnu2x -I"/usr/local/lib/R/include" -DNDEBUG  -I'/usr/local/lib/R/site-library/S4Vectors/include' -I'/usr/local/lib/R/site-library/IRanges/include' -I/usr/local/include    -fpic  -g -O2 -fstack-protector-strong -Wformat -Werror=format-security -Wdate-time -D_FORTIFY_SOURCE=2 -g  -c R_init_GenomicRanges.c -o R_init_GenomicRanges.o
gcc -std=gnu2x -I"/usr/local/lib/R/include" -DNDEBUG  -I'/usr/local/lib/R/site-library/S4Vectors/include' -I'/usr/local/lib/R/site-library/IRanges/include' -I/usr/local/include    -fpic  -g -O2 -fstack-protector-strong -Wformat -Werror=format-security -Wdate-time -D_FORTIFY_SOURCE=2 -g  -c S4Vectors_stubs.c -o S4Vectors_stubs.o
gcc -std=gnu2x -I"/usr/local/lib/R/include" -DNDEBUG  -I'/usr/local/lib/R/site-library/S4Vectors/include' -I'/usr/local/lib/R/site-library/IRanges/include' -I/usr/local/include    -fpic  -g -O2 -fstack-protector-strong -Wformat -Werror=format-security -Wdate-time -D_FORTIFY_SOURCE=2 -g  -c transcript_utils.c -o transcript_utils.o
gcc -std=gnu2x -shared -L/usr/local/lib/R/lib -L/usr/local/lib -o GenomicRanges.so IRanges_stubs.o R_init_GenomicRanges.o S4Vectors_stubs.o transcript_utils.o -L/usr/local/lib/R/lib -lR
installing to /usr/local/lib/R/site-library/00LOCK-GenomicRanges/00new/GenomicRanges/libs
** R
** inst
** byte-compile and prepare package for lazy loading
** help
*** installing help indices
** building package indices
** installing vignettes
** testing if installed package can be loaded from temporary location
** checking absolute paths in shared objects and dynamic libraries
** testing if installed package can be loaded from final location
** testing if installed package keeps a record of temporary installation path
* creating tarball
packaged installation of ‘GenomicRanges’ as ‘GenomicRanges_1.59.1_R_x86_64-pc-linux-gnu.tar.gz’
* DONE (GenomicRanges)
* installing *source* package ‘GGally’ ...
** this is package ‘GGally’ version ‘2.2.1’
** package ‘GGally’ successfully unpacked and MD5 sums checked
** using staged installation
** R
** data
*** moving datasets to lazyload DB
** inst
** byte-compile and prepare package for lazy loading
** help
*** installing help indices
** building package indices
** testing if installed package can be loaded from temporary location
** testing if installed package can be loaded from final location
** testing if installed package keeps a record of temporary installation path
* creating tarball
packaged installation of ‘GGally’ as ‘GGally_2.2.1_R_x86_64-pc-linux-gnu.tar.gz’
* DONE (GGally)
* installing *source* package ‘DelayedArray’ ...
** this is package ‘DelayedArray’ version ‘0.33.6’
** using staged installation
** libs
using C compiler: ‘gcc (Ubuntu 13.3.0-6ubuntu2~24.04) 13.3.0’
gcc -std=gnu2x -I"/usr/local/lib/R/include" -DNDEBUG  -I'/usr/local/lib/R/site-library/S4Vectors/include' -I/usr/local/include    -fpic  -g -O2 -fstack-protector-strong -Wformat -Werror=format-security -Wdate-time -D_FORTIFY_SOURCE=2 -g  -c R_init_DelayedArray.c -o R_init_DelayedArray.o
gcc -std=gnu2x -I"/usr/local/lib/R/include" -DNDEBUG  -I'/usr/local/lib/R/site-library/S4Vectors/include' -I/usr/local/include    -fpic  -g -O2 -fstack-protector-strong -Wformat -Werror=format-security -Wdate-time -D_FORTIFY_SOURCE=2 -g  -c S4Vectors_stubs.c -o S4Vectors_stubs.o
gcc -std=gnu2x -I"/usr/local/lib/R/include" -DNDEBUG  -I'/usr/local/lib/R/site-library/S4Vectors/include' -I/usr/local/include    -fpic  -g -O2 -fstack-protector-strong -Wformat -Werror=format-security -Wdate-time -D_FORTIFY_SOURCE=2 -g  -c compress_atomic_vector.c -o compress_atomic_vector.o
gcc -std=gnu2x -shared -L/usr/local/lib/R/lib -L/usr/local/lib -o DelayedArray.so R_init_DelayedArray.o S4Vectors_stubs.o compress_atomic_vector.o -L/usr/local/lib/R/lib -lR
installing to /usr/local/lib/R/site-library/00LOCK-DelayedArray/00new/DelayedArray/libs
** R
** inst
** byte-compile and prepare package for lazy loading
Creating a new generic function for ‘apply’ in package ‘DelayedArray’
Creating a new generic function for ‘sweep’ in package ‘DelayedArray’
Creating a new generic function for ‘scale’ in package ‘DelayedArray’
Creating a generic function for ‘dnorm’ from package ‘stats’ in package ‘DelayedArray’
Creating a generic function for ‘pnorm’ from package ‘stats’ in package ‘DelayedArray’
Creating a generic function for ‘qnorm’ from package ‘stats’ in package ‘DelayedArray’
Creating a generic function for ‘dbinom’ from package ‘stats’ in package ‘DelayedArray’
Creating a generic function for ‘pbinom’ from package ‘stats’ in package ‘DelayedArray’
Creating a generic function for ‘qbinom’ from package ‘stats’ in package ‘DelayedArray’
Creating a generic function for ‘dpois’ from package ‘stats’ in package ‘DelayedArray’
Creating a generic function for ‘ppois’ from package ‘stats’ in package ‘DelayedArray’
Creating a generic function for ‘qpois’ from package ‘stats’ in package ‘DelayedArray’
Creating a generic function for ‘dlogis’ from package ‘stats’ in package ‘DelayedArray’
Creating a generic function for ‘plogis’ from package ‘stats’ in package ‘DelayedArray’
Creating a generic function for ‘qlogis’ from package ‘stats’ in package ‘DelayedArray’
** help
*** installing help indices
** building package indices
** installing vignettes
** testing if installed package can be loaded from temporary location
** checking absolute paths in shared objects and dynamic libraries
** testing if installed package can be loaded from final location
** testing if installed package keeps a record of temporary installation path
* creating tarball
packaged installation of ‘DelayedArray’ as ‘DelayedArray_0.33.6_R_x86_64-pc-linux-gnu.tar.gz’
* DONE (DelayedArray)
* installing *source* package ‘SummarizedExperiment’ ...
** this is package ‘SummarizedExperiment’ version ‘1.37.0’
** using staged installation
** R
** inst
** byte-compile and prepare package for lazy loading
** help
*** installing help indices
** building package indices
** installing vignettes
** testing if installed package can be loaded from temporary location
** testing if installed package can be loaded from final location
** testing if installed package keeps a record of temporary installation path
* creating tarball
packaged installation of ‘SummarizedExperiment’ as ‘SummarizedExperiment_1.37.0_R_x86_64-pc-linux-gnu.tar.gz’
* DONE (SummarizedExperiment)
* installing *source* package ‘TOAST’ ...
** this is package ‘TOAST’ version ‘1.21.0’
** using staged installation
** R
** data
** inst
** byte-compile and prepare package for lazy loading
** help
*** installing help indices
** building package indices
** installing vignettes
** testing if installed package can be loaded from temporary location
** testing if installed package can be loaded from final location
** testing if installed package keeps a record of temporary installation path
* creating tarball
packaged installation of ‘TOAST’ as ‘TOAST_1.21.0_R_x86_64-pc-linux-gnu.tar.gz’
* DONE (TOAST)
* installing *source* package ‘DESeq2’ ...
** this is package ‘DESeq2’ version ‘1.47.5’
** using staged installation
** libs
using C++ compiler: ‘g++ (Ubuntu 13.3.0-6ubuntu2~24.04) 13.3.0’
g++ -std=gnu++17 -I"/usr/local/lib/R/include" -DNDEBUG  -I'/usr/local/lib/R/site-library/Rcpp/include' -I'/usr/local/lib/R/site-library/RcppArmadillo/include' -I/usr/local/include    -fpic  -g -O2 -fstack-protector-strong -Wformat -Werror=format-security -Wdate-time -D_FORTIFY_SOURCE=2 -g   -c DESeq2.cpp -o DESeq2.o
g++ -std=gnu++17 -I"/usr/local/lib/R/include" -DNDEBUG  -I'/usr/local/lib/R/site-library/Rcpp/include' -I'/usr/local/lib/R/site-library/RcppArmadillo/include' -I/usr/local/include    -fpic  -g -O2 -fstack-protector-strong -Wformat -Werror=format-security -Wdate-time -D_FORTIFY_SOURCE=2 -g   -c RcppExports.cpp -o RcppExports.o
g++ -std=gnu++17 -shared -L/usr/local/lib/R/lib -L/usr/local/lib -o DESeq2.so DESeq2.o RcppExports.o -llapack -lblas -lgfortran -lm -lquadmath -L/usr/local/lib/R/lib -lR
installing to /usr/local/lib/R/site-library/00LOCK-DESeq2/00new/DESeq2/libs
** R
** inst
** byte-compile and prepare package for lazy loading
** help
*** installing help indices
** building package indices
** installing vignettes
** testing if installed package can be loaded from temporary location
** checking absolute paths in shared objects and dynamic libraries
** testing if installed package can be loaded from final location
** testing if installed package keeps a record of temporary installation path
* creating tarball
packaged installation of ‘DESeq2’ as ‘DESeq2_1.47.5_R_x86_64-pc-linux-gnu.tar.gz’
* DONE (DESeq2)
* installing *source* package ‘cypress’ ...
** this is package ‘cypress’ version ‘1.3.0’
** using staged installation
** R
** data
** inst
** byte-compile and prepare package for lazy loading
** help
*** installing help indices
** building package indices
** installing vignettes
** testing if installed package can be loaded from temporary location
** testing if installed package can be loaded from final location
** testing if installed package keeps a record of temporary installation path
* creating tarball
packaged installation of ‘cypress’ as ‘cypress_1.3.0_R_x86_64-pc-linux-gnu.tar.gz’
* DONE (cypress)

The downloaded source packages are in
	‘/tmp/RtmpTULunR/downloaded_packages’
Old packages: 'commonmark', 'curl', 'docopt', 'gert', 'httr2', 'knitr',
  'littler', 'mime', 'pkgbuild', 'xml2', 'foreign'

real	16m16.554s
user	14m28.434s
sys	2m24.227s
