+ Rscript -e 'Sys.setenv(BIOCONDUCTOR_USE_CONTAINER_REPOSITORY=FALSE);
  p <- .libPaths();
  p <- c('\'''\'', '\'''\'', p);
  .libPaths(p);
  if(BiocManager::install('\''synapsis'\'', INSTALL_opts = '\''--build'\'', update = TRUE, quiet = FALSE, dependencies=TRUE, force = TRUE, keep_outputs = TRUE) %in% rownames(installed.packages())) q(status = 0) else q(status = 1)'
'getOption("repos")' replaces Bioconductor standard repositories, see
'help("repositories", package = "BiocManager")' for details.
Replacement repositories:
    CRAN: https://cloud.r-project.org
Bioconductor version 3.21 (BiocManager 1.30.25), R Under development (unstable)
  (2025-03-08 r87910)
Installing package(s) 'synapsis'
also installing the dependencies ‘bit’, ‘rematch’, ‘bit64’, ‘generics’, ‘bitops’, ‘farver’, ‘labeling’, ‘RColorBrewer’, ‘viridisLite’, ‘backports’, ‘blob’, ‘DBI’, ‘tidyselect’, ‘data.table’, ‘gargle’, ‘uuid’, ‘cellranger’, ‘ids’, ‘rematch2’, ‘timechange’, ‘vroom’, ‘tzdb’, ‘progress’, ‘selectr’, ‘BiocGenerics’, ‘abind’, ‘tiff’, ‘jpeg’, ‘png’, ‘locfit’, ‘fftwtools’, ‘RCurl’, ‘gtable’, ‘isoband’, ‘scales’, ‘broom’, ‘conflicted’, ‘dbplyr’, ‘dplyr’, ‘dtplyr’, ‘forcats’, ‘googledrive’, ‘googlesheets4’, ‘haven’, ‘hms’, ‘httr’, ‘lubridate’, ‘modelr’, ‘readr’, ‘readxl’, ‘reprex’, ‘rvest’, ‘tidyr’, ‘bookdown’, ‘EBImage’, ‘ggplot2’, ‘tidyverse’, ‘BiocStyle’

trying URL 'https://cloud.r-project.org/src/contrib/bit_4.6.0.tar.gz'
trying URL 'https://cloud.r-project.org/src/contrib/rematch_2.0.0.tar.gz'
trying URL 'https://cloud.r-project.org/src/contrib/bit64_4.6.0-1.tar.gz'
trying URL 'https://cloud.r-project.org/src/contrib/generics_0.1.4.tar.gz'
trying URL 'https://cloud.r-project.org/src/contrib/bitops_1.0-9.tar.gz'
trying URL 'https://cloud.r-project.org/src/contrib/farver_2.1.2.tar.gz'
trying URL 'https://cloud.r-project.org/src/contrib/labeling_0.4.3.tar.gz'
trying URL 'https://cloud.r-project.org/src/contrib/RColorBrewer_1.1-3.tar.gz'
trying URL 'https://cloud.r-project.org/src/contrib/viridisLite_0.4.2.tar.gz'
trying URL 'https://cloud.r-project.org/src/contrib/backports_1.5.0.tar.gz'
trying URL 'https://cloud.r-project.org/src/contrib/blob_1.2.4.tar.gz'
trying URL 'https://cloud.r-project.org/src/contrib/DBI_1.2.3.tar.gz'
trying URL 'https://cloud.r-project.org/src/contrib/tidyselect_1.2.1.tar.gz'
trying URL 'https://cloud.r-project.org/src/contrib/data.table_1.17.2.tar.gz'
trying URL 'https://cloud.r-project.org/src/contrib/gargle_1.5.2.tar.gz'
trying URL 'https://cloud.r-project.org/src/contrib/uuid_1.2-1.tar.gz'
trying URL 'https://cloud.r-project.org/src/contrib/cellranger_1.1.0.tar.gz'
trying URL 'https://cloud.r-project.org/src/contrib/ids_1.0.1.tar.gz'
trying URL 'https://cloud.r-project.org/src/contrib/rematch2_2.1.2.tar.gz'
trying URL 'https://cloud.r-project.org/src/contrib/timechange_0.3.0.tar.gz'
trying URL 'https://cloud.r-project.org/src/contrib/vroom_1.6.5.tar.gz'
trying URL 'https://cloud.r-project.org/src/contrib/tzdb_0.5.0.tar.gz'
trying URL 'https://cloud.r-project.org/src/contrib/progress_1.2.3.tar.gz'
trying URL 'https://cloud.r-project.org/src/contrib/selectr_0.4-2.tar.gz'
trying URL 'https://bioconductor.org/packages/3.21/bioc/src/contrib/BiocGenerics_0.54.0.tar.gz'
trying URL 'https://cloud.r-project.org/src/contrib/abind_1.4-8.tar.gz'
trying URL 'https://cloud.r-project.org/src/contrib/tiff_0.1-12.tar.gz'
trying URL 'https://cloud.r-project.org/src/contrib/jpeg_0.1-11.tar.gz'
trying URL 'https://cloud.r-project.org/src/contrib/png_0.1-8.tar.gz'
trying URL 'https://cloud.r-project.org/src/contrib/locfit_1.5-9.12.tar.gz'
trying URL 'https://cloud.r-project.org/src/contrib/fftwtools_0.9-11.tar.gz'
trying URL 'https://cloud.r-project.org/src/contrib/RCurl_1.98-1.17.tar.gz'
trying URL 'https://cloud.r-project.org/src/contrib/gtable_0.3.6.tar.gz'
trying URL 'https://cloud.r-project.org/src/contrib/isoband_0.2.7.tar.gz'
trying URL 'https://cloud.r-project.org/src/contrib/scales_1.4.0.tar.gz'
trying URL 'https://cloud.r-project.org/src/contrib/broom_1.0.8.tar.gz'
trying URL 'https://cloud.r-project.org/src/contrib/conflicted_1.2.0.tar.gz'
trying URL 'https://cloud.r-project.org/src/contrib/dbplyr_2.5.0.tar.gz'
trying URL 'https://cloud.r-project.org/src/contrib/dplyr_1.1.4.tar.gz'
trying URL 'https://cloud.r-project.org/src/contrib/dtplyr_1.3.1.tar.gz'
trying URL 'https://cloud.r-project.org/src/contrib/forcats_1.0.0.tar.gz'
trying URL 'https://cloud.r-project.org/src/contrib/googledrive_2.1.1.tar.gz'
trying URL 'https://cloud.r-project.org/src/contrib/googlesheets4_1.1.1.tar.gz'
trying URL 'https://cloud.r-project.org/src/contrib/haven_2.5.4.tar.gz'
trying URL 'https://cloud.r-project.org/src/contrib/hms_1.1.3.tar.gz'
trying URL 'https://cloud.r-project.org/src/contrib/httr_1.4.7.tar.gz'
trying URL 'https://cloud.r-project.org/src/contrib/lubridate_1.9.4.tar.gz'
trying URL 'https://cloud.r-project.org/src/contrib/modelr_0.1.11.tar.gz'
trying URL 'https://cloud.r-project.org/src/contrib/readr_2.1.5.tar.gz'
trying URL 'https://cloud.r-project.org/src/contrib/readxl_1.4.5.tar.gz'
trying URL 'https://cloud.r-project.org/src/contrib/reprex_2.1.1.tar.gz'
trying URL 'https://cloud.r-project.org/src/contrib/rvest_1.0.4.tar.gz'
trying URL 'https://cloud.r-project.org/src/contrib/tidyr_1.3.1.tar.gz'
trying URL 'https://cloud.r-project.org/src/contrib/bookdown_0.43.tar.gz'
trying URL 'https://bioconductor.org/packages/3.21/bioc/src/contrib/EBImage_4.50.0.tar.gz'
trying URL 'https://cloud.r-project.org/src/contrib/ggplot2_3.5.2.tar.gz'
trying URL 'https://cloud.r-project.org/src/contrib/tidyverse_2.0.0.tar.gz'
trying URL 'https://bioconductor.org/packages/3.21/bioc/src/contrib/BiocStyle_2.36.0.tar.gz'
trying URL 'https://bioconductor.org/packages/3.21/bioc/src/contrib/synapsis_1.14.0.tar.gz'
* installing *source* package ‘bit’ ...
** this is package ‘bit’ version ‘4.6.0’
** package ‘bit’ successfully unpacked and MD5 sums checked
** using staged installation
** libs
using C compiler: ‘gcc (Ubuntu 13.3.0-6ubuntu2~24.04) 13.3.0’
gcc -std=gnu2x -I"/usr/local/lib/R/include" -DNDEBUG   -I/usr/local/include    -fpic  -g -O2 -fstack-protector-strong -Wformat -Werror=format-security -Wdate-time -D_FORTIFY_SOURCE=2 -g  -c attrutil.c -o attrutil.o
gcc -std=gnu2x -I"/usr/local/lib/R/include" -DNDEBUG   -I/usr/local/include    -fpic  -g -O2 -fstack-protector-strong -Wformat -Werror=format-security -Wdate-time -D_FORTIFY_SOURCE=2 -g  -c bit.c -o bit.o
gcc -std=gnu2x -I"/usr/local/lib/R/include" -DNDEBUG   -I/usr/local/include    -fpic  -g -O2 -fstack-protector-strong -Wformat -Werror=format-security -Wdate-time -D_FORTIFY_SOURCE=2 -g  -c chunkutil.c -o chunkutil.o
gcc -std=gnu2x -I"/usr/local/lib/R/include" -DNDEBUG   -I/usr/local/include    -fpic  -g -O2 -fstack-protector-strong -Wformat -Werror=format-security -Wdate-time -D_FORTIFY_SOURCE=2 -g  -c clone.c -o clone.o
gcc -std=gnu2x -I"/usr/local/lib/R/include" -DNDEBUG   -I/usr/local/include    -fpic  -g -O2 -fstack-protector-strong -Wformat -Werror=format-security -Wdate-time -D_FORTIFY_SOURCE=2 -g  -c init.c -o init.o
gcc -std=gnu2x -I"/usr/local/lib/R/include" -DNDEBUG   -I/usr/local/include    -fpic  -g -O2 -fstack-protector-strong -Wformat -Werror=format-security -Wdate-time -D_FORTIFY_SOURCE=2 -g  -c integerutil.c -o integerutil.o
gcc -std=gnu2x -I"/usr/local/lib/R/include" -DNDEBUG   -I/usr/local/include    -fpic  -g -O2 -fstack-protector-strong -Wformat -Werror=format-security -Wdate-time -D_FORTIFY_SOURCE=2 -g  -c merge.c -o merge.o
gcc -std=gnu2x -I"/usr/local/lib/R/include" -DNDEBUG   -I/usr/local/include    -fpic  -g -O2 -fstack-protector-strong -Wformat -Werror=format-security -Wdate-time -D_FORTIFY_SOURCE=2 -g  -c rle.c -o rle.o
gcc -std=gnu2x -I"/usr/local/lib/R/include" -DNDEBUG   -I/usr/local/include    -fpic  -g -O2 -fstack-protector-strong -Wformat -Werror=format-security -Wdate-time -D_FORTIFY_SOURCE=2 -g  -c sort.c -o sort.o
gcc -std=gnu2x -shared -L/usr/local/lib/R/lib -L/usr/local/lib -o bit.so attrutil.o bit.o chunkutil.o clone.o init.o integerutil.o merge.o rle.o sort.o -L/usr/local/lib/R/lib -lR
installing to /usr/local/lib/R/site-library/00LOCK-bit/00new/bit/libs
** R
** inst
** byte-compile and prepare package for lazy loading
** help
*** installing help indices
** building package indices
** installing vignettes
** testing if installed package can be loaded from temporary location
** checking absolute paths in shared objects and dynamic libraries
** testing if installed package can be loaded from final location
** testing if installed package keeps a record of temporary installation path
* creating tarball
packaged installation of ‘bit’ as ‘bit_4.6.0_R_x86_64-pc-linux-gnu.tar.gz’
* DONE (bit)
* installing *source* package ‘rematch’ ...
** this is package ‘rematch’ version ‘2.0.0’
** package ‘rematch’ successfully unpacked and MD5 sums checked
** using staged installation
** R
** byte-compile and prepare package for lazy loading
** help
*** installing help indices
** building package indices
** testing if installed package can be loaded from temporary location
** testing if installed package can be loaded from final location
** testing if installed package keeps a record of temporary installation path
* creating tarball
packaged installation of ‘rematch’ as ‘rematch_2.0.0_R_x86_64-pc-linux-gnu.tar.gz’
* DONE (rematch)
* installing *source* package ‘generics’ ...
** this is package ‘generics’ version ‘0.1.4’
** package ‘generics’ successfully unpacked and MD5 sums checked
** using staged installation
** R
** byte-compile and prepare package for lazy loading
** help
*** installing help indices
** building package indices
** testing if installed package can be loaded from temporary location
** testing if installed package can be loaded from final location
** testing if installed package keeps a record of temporary installation path
* creating tarball
packaged installation of ‘generics’ as ‘generics_0.1.4_R_x86_64-pc-linux-gnu.tar.gz’
* DONE (generics)
* installing *source* package ‘bitops’ ...
** this is package ‘bitops’ version ‘1.0-9’
** package ‘bitops’ successfully unpacked and MD5 sums checked
** using staged installation
** libs
using C compiler: ‘gcc (Ubuntu 13.3.0-6ubuntu2~24.04) 13.3.0’
gcc -std=gnu2x -I"/usr/local/lib/R/include" -DNDEBUG   -I/usr/local/include    -fpic  -g -O2 -fstack-protector-strong -Wformat -Werror=format-security -Wdate-time -D_FORTIFY_SOURCE=2 -g  -c bit-ops.c -o bit-ops.o
gcc -std=gnu2x -I"/usr/local/lib/R/include" -DNDEBUG   -I/usr/local/include    -fpic  -g -O2 -fstack-protector-strong -Wformat -Werror=format-security -Wdate-time -D_FORTIFY_SOURCE=2 -g  -c cksum.c -o cksum.o
gcc -std=gnu2x -I"/usr/local/lib/R/include" -DNDEBUG   -I/usr/local/include    -fpic  -g -O2 -fstack-protector-strong -Wformat -Werror=format-security -Wdate-time -D_FORTIFY_SOURCE=2 -g  -c init.c -o init.o
gcc -std=gnu2x -shared -L/usr/local/lib/R/lib -L/usr/local/lib -o bitops.so bit-ops.o cksum.o init.o -L/usr/local/lib/R/lib -lR
installing to /usr/local/lib/R/site-library/00LOCK-bitops/00new/bitops/libs
** R
** byte-compile and prepare package for lazy loading
** help
*** installing help indices
** building package indices
** testing if installed package can be loaded from temporary location
** checking absolute paths in shared objects and dynamic libraries
** testing if installed package can be loaded from final location
** testing if installed package keeps a record of temporary installation path
* creating tarball
packaged installation of ‘bitops’ as ‘bitops_1.0-9_R_x86_64-pc-linux-gnu.tar.gz’
* DONE (bitops)
* installing *source* package ‘farver’ ...
** this is package ‘farver’ version ‘2.1.2’
** package ‘farver’ successfully unpacked and MD5 sums checked
** using staged installation
** libs
using C++ compiler: ‘g++ (Ubuntu 13.3.0-6ubuntu2~24.04) 13.3.0’
g++ -std=gnu++17 -I"/usr/local/lib/R/include" -DNDEBUG   -I/usr/local/include    -fpic  -g -O2 -fstack-protector-strong -Wformat -Werror=format-security -Wdate-time -D_FORTIFY_SOURCE=2 -g   -c ColorSpace.cpp -o ColorSpace.o
g++ -std=gnu++17 -I"/usr/local/lib/R/include" -DNDEBUG   -I/usr/local/include    -fpic  -g -O2 -fstack-protector-strong -Wformat -Werror=format-security -Wdate-time -D_FORTIFY_SOURCE=2 -g   -c Comparison.cpp -o Comparison.o
g++ -std=gnu++17 -I"/usr/local/lib/R/include" -DNDEBUG   -I/usr/local/include    -fpic  -g -O2 -fstack-protector-strong -Wformat -Werror=format-security -Wdate-time -D_FORTIFY_SOURCE=2 -g   -c Conversion.cpp -o Conversion.o
g++ -std=gnu++17 -I"/usr/local/lib/R/include" -DNDEBUG   -I/usr/local/include    -fpic  -g -O2 -fstack-protector-strong -Wformat -Werror=format-security -Wdate-time -D_FORTIFY_SOURCE=2 -g   -c encode.cpp -o encode.o
g++ -std=gnu++17 -I"/usr/local/lib/R/include" -DNDEBUG   -I/usr/local/include    -fpic  -g -O2 -fstack-protector-strong -Wformat -Werror=format-security -Wdate-time -D_FORTIFY_SOURCE=2 -g   -c farver.cpp -o farver.o
g++ -std=gnu++17 -I"/usr/local/lib/R/include" -DNDEBUG   -I/usr/local/include    -fpic  -g -O2 -fstack-protector-strong -Wformat -Werror=format-security -Wdate-time -D_FORTIFY_SOURCE=2 -g   -c init.cpp -o init.o
g++ -std=gnu++17 -shared -L/usr/local/lib/R/lib -L/usr/local/lib -o farver.so ColorSpace.o Comparison.o Conversion.o encode.o farver.o init.o -L/usr/local/lib/R/lib -lR
installing to /usr/local/lib/R/site-library/00LOCK-farver/00new/farver/libs
** R
** byte-compile and prepare package for lazy loading
** help
*** installing help indices
*** copying figures
** building package indices
** testing if installed package can be loaded from temporary location
** checking absolute paths in shared objects and dynamic libraries
** testing if installed package can be loaded from final location
** testing if installed package keeps a record of temporary installation path
* creating tarball
packaged installation of ‘farver’ as ‘farver_2.1.2_R_x86_64-pc-linux-gnu.tar.gz’
* DONE (farver)
* installing *source* package ‘labeling’ ...
** this is package ‘labeling’ version ‘0.4.3’
** package ‘labeling’ successfully unpacked and MD5 sums checked
** using staged installation
** R
** byte-compile and prepare package for lazy loading
** help
*** installing help indices
** building package indices
** testing if installed package can be loaded from temporary location
** testing if installed package can be loaded from final location
** testing if installed package keeps a record of temporary installation path
* creating tarball
packaged installation of ‘labeling’ as ‘labeling_0.4.3_R_x86_64-pc-linux-gnu.tar.gz’
* DONE (labeling)
* installing *source* package ‘RColorBrewer’ ...
** this is package ‘RColorBrewer’ version ‘1.1-3’
** package ‘RColorBrewer’ successfully unpacked and MD5 sums checked
** using staged installation
** R
** inst
** byte-compile and prepare package for lazy loading
** help
*** installing help indices
** building package indices
** testing if installed package can be loaded from temporary location
** testing if installed package can be loaded from final location
** testing if installed package keeps a record of temporary installation path
* creating tarball
packaged installation of ‘RColorBrewer’ as ‘RColorBrewer_1.1-3_R_x86_64-pc-linux-gnu.tar.gz’
* DONE (RColorBrewer)
* installing *source* package ‘viridisLite’ ...
** this is package ‘viridisLite’ version ‘0.4.2’
** package ‘viridisLite’ successfully unpacked and MD5 sums checked
** using staged installation
** R
** inst
** byte-compile and prepare package for lazy loading
** help
*** installing help indices
*** copying figures
** building package indices
** testing if installed package can be loaded from temporary location
** testing if installed package can be loaded from final location
** testing if installed package keeps a record of temporary installation path
* creating tarball
packaged installation of ‘viridisLite’ as ‘viridisLite_0.4.2_R_x86_64-pc-linux-gnu.tar.gz’
* DONE (viridisLite)
* installing *source* package ‘backports’ ...
** this is package ‘backports’ version ‘1.5.0’
** package ‘backports’ successfully unpacked and MD5 sums checked
** using staged installation
** libs
using C compiler: ‘gcc (Ubuntu 13.3.0-6ubuntu2~24.04) 13.3.0’
gcc -std=gnu2x -I"/usr/local/lib/R/include" -DNDEBUG   -I/usr/local/include    -fpic  -g -O2 -fstack-protector-strong -Wformat -Werror=format-security -Wdate-time -D_FORTIFY_SOURCE=2 -g  -c dotsElt.c -o dotsElt.o
gcc -std=gnu2x -I"/usr/local/lib/R/include" -DNDEBUG   -I/usr/local/include    -fpic  -g -O2 -fstack-protector-strong -Wformat -Werror=format-security -Wdate-time -D_FORTIFY_SOURCE=2 -g  -c dotsLength.c -o dotsLength.o
gcc -std=gnu2x -I"/usr/local/lib/R/include" -DNDEBUG   -I/usr/local/include    -fpic  -g -O2 -fstack-protector-strong -Wformat -Werror=format-security -Wdate-time -D_FORTIFY_SOURCE=2 -g  -c dotsNames.c -o dotsNames.o
gcc -std=gnu2x -I"/usr/local/lib/R/include" -DNDEBUG   -I/usr/local/include    -fpic  -g -O2 -fstack-protector-strong -Wformat -Werror=format-security -Wdate-time -D_FORTIFY_SOURCE=2 -g  -c init.c -o init.o
gcc -std=gnu2x -shared -L/usr/local/lib/R/lib -L/usr/local/lib -o backports.so dotsElt.o dotsLength.o dotsNames.o init.o -L/usr/local/lib/R/lib -lR
installing to /usr/local/lib/R/site-library/00LOCK-backports/00new/backports/libs
** R
** byte-compile and prepare package for lazy loading
** help
*** installing help indices
** building package indices
** testing if installed package can be loaded from temporary location
** checking absolute paths in shared objects and dynamic libraries
** testing if installed package can be loaded from final location
** testing if installed package keeps a record of temporary installation path
* creating tarball
packaged installation of ‘backports’ as ‘backports_1.5.0_R_x86_64-pc-linux-gnu.tar.gz’
* DONE (backports)
* installing *source* package ‘blob’ ...
** this is package ‘blob’ version ‘1.2.4’
** package ‘blob’ successfully unpacked and MD5 sums checked
** using staged installation
** R
** byte-compile and prepare package for lazy loading
** help
*** installing help indices
** building package indices
** testing if installed package can be loaded from temporary location
** testing if installed package can be loaded from final location
** testing if installed package keeps a record of temporary installation path
* creating tarball
packaged installation of ‘blob’ as ‘blob_1.2.4_R_x86_64-pc-linux-gnu.tar.gz’
* DONE (blob)
* installing *source* package ‘DBI’ ...
** this is package ‘DBI’ version ‘1.2.3’
** package ‘DBI’ successfully unpacked and MD5 sums checked
** using staged installation
** R
** inst
** byte-compile and prepare package for lazy loading
** help
*** installing help indices
*** copying figures
** building package indices
** installing vignettes
** testing if installed package can be loaded from temporary location
** testing if installed package can be loaded from final location
** testing if installed package keeps a record of temporary installation path
* creating tarball
packaged installation of ‘DBI’ as ‘DBI_1.2.3_R_x86_64-pc-linux-gnu.tar.gz’
* DONE (DBI)
* installing *source* package ‘tidyselect’ ...
** this is package ‘tidyselect’ version ‘1.2.1’
** package ‘tidyselect’ successfully unpacked and MD5 sums checked
** using staged installation
** R
** inst
** byte-compile and prepare package for lazy loading
** help
*** installing help indices
** building package indices
** installing vignettes
** testing if installed package can be loaded from temporary location
** testing if installed package can be loaded from final location
** testing if installed package keeps a record of temporary installation path
* creating tarball
packaged installation of ‘tidyselect’ as ‘tidyselect_1.2.1_R_x86_64-pc-linux-gnu.tar.gz’
* DONE (tidyselect)
* installing *source* package ‘data.table’ ...
** this is package ‘data.table’ version ‘1.17.2’
** package ‘data.table’ successfully unpacked and MD5 sums checked
** using staged installation
gcc -std=gnu2x 13.3.0
zlib 1.3 is available ok
* checking if R installation supports OpenMP without any extra hints... yes
** libs
using C compiler: ‘gcc (Ubuntu 13.3.0-6ubuntu2~24.04) 13.3.0’
gcc -std=gnu2x -I"/usr/local/lib/R/include" -DNDEBUG   -I/usr/local/include   -fopenmp  -fpic  -g -O2 -fstack-protector-strong -Wformat -Werror=format-security -Wdate-time -D_FORTIFY_SOURCE=2 -g  -c assign.c -o assign.o
gcc -std=gnu2x -I"/usr/local/lib/R/include" -DNDEBUG   -I/usr/local/include   -fopenmp  -fpic  -g -O2 -fstack-protector-strong -Wformat -Werror=format-security -Wdate-time -D_FORTIFY_SOURCE=2 -g  -c between.c -o between.o
gcc -std=gnu2x -I"/usr/local/lib/R/include" -DNDEBUG   -I/usr/local/include   -fopenmp  -fpic  -g -O2 -fstack-protector-strong -Wformat -Werror=format-security -Wdate-time -D_FORTIFY_SOURCE=2 -g  -c bmerge.c -o bmerge.o
gcc -std=gnu2x -I"/usr/local/lib/R/include" -DNDEBUG   -I/usr/local/include   -fopenmp  -fpic  -g -O2 -fstack-protector-strong -Wformat -Werror=format-security -Wdate-time -D_FORTIFY_SOURCE=2 -g  -c chmatch.c -o chmatch.o
gcc -std=gnu2x -I"/usr/local/lib/R/include" -DNDEBUG   -I/usr/local/include   -fopenmp  -fpic  -g -O2 -fstack-protector-strong -Wformat -Werror=format-security -Wdate-time -D_FORTIFY_SOURCE=2 -g  -c cj.c -o cj.o
gcc -std=gnu2x -I"/usr/local/lib/R/include" -DNDEBUG   -I/usr/local/include   -fopenmp  -fpic  -g -O2 -fstack-protector-strong -Wformat -Werror=format-security -Wdate-time -D_FORTIFY_SOURCE=2 -g  -c coalesce.c -o coalesce.o
gcc -std=gnu2x -I"/usr/local/lib/R/include" -DNDEBUG   -I/usr/local/include   -fopenmp  -fpic  -g -O2 -fstack-protector-strong -Wformat -Werror=format-security -Wdate-time -D_FORTIFY_SOURCE=2 -g  -c dogroups.c -o dogroups.o
gcc -std=gnu2x -I"/usr/local/lib/R/include" -DNDEBUG   -I/usr/local/include   -fopenmp  -fpic  -g -O2 -fstack-protector-strong -Wformat -Werror=format-security -Wdate-time -D_FORTIFY_SOURCE=2 -g  -c fastmean.c -o fastmean.o
gcc -std=gnu2x -I"/usr/local/lib/R/include" -DNDEBUG   -I/usr/local/include   -fopenmp  -fpic  -g -O2 -fstack-protector-strong -Wformat -Werror=format-security -Wdate-time -D_FORTIFY_SOURCE=2 -g  -c fcast.c -o fcast.o
gcc -std=gnu2x -I"/usr/local/lib/R/include" -DNDEBUG   -I/usr/local/include   -fopenmp  -fpic  -g -O2 -fstack-protector-strong -Wformat -Werror=format-security -Wdate-time -D_FORTIFY_SOURCE=2 -g  -c fifelse.c -o fifelse.o
gcc -std=gnu2x -I"/usr/local/lib/R/include" -DNDEBUG   -I/usr/local/include   -fopenmp  -fpic  -g -O2 -fstack-protector-strong -Wformat -Werror=format-security -Wdate-time -D_FORTIFY_SOURCE=2 -g  -c fmelt.c -o fmelt.o
gcc -std=gnu2x -I"/usr/local/lib/R/include" -DNDEBUG   -I/usr/local/include   -fopenmp  -fpic  -g -O2 -fstack-protector-strong -Wformat -Werror=format-security -Wdate-time -D_FORTIFY_SOURCE=2 -g  -c forder.c -o forder.o
gcc -std=gnu2x -I"/usr/local/lib/R/include" -DNDEBUG   -I/usr/local/include   -fopenmp  -fpic  -g -O2 -fstack-protector-strong -Wformat -Werror=format-security -Wdate-time -D_FORTIFY_SOURCE=2 -g  -c frank.c -o frank.o
gcc -std=gnu2x -I"/usr/local/lib/R/include" -DNDEBUG   -I/usr/local/include   -fopenmp  -fpic  -g -O2 -fstack-protector-strong -Wformat -Werror=format-security -Wdate-time -D_FORTIFY_SOURCE=2 -g  -c fread.c -o fread.o
gcc -std=gnu2x -I"/usr/local/lib/R/include" -DNDEBUG   -I/usr/local/include   -fopenmp  -fpic  -g -O2 -fstack-protector-strong -Wformat -Werror=format-security -Wdate-time -D_FORTIFY_SOURCE=2 -g  -c freadR.c -o freadR.o
gcc -std=gnu2x -I"/usr/local/lib/R/include" -DNDEBUG   -I/usr/local/include   -fopenmp  -fpic  -g -O2 -fstack-protector-strong -Wformat -Werror=format-security -Wdate-time -D_FORTIFY_SOURCE=2 -g  -c froll.c -o froll.o
gcc -std=gnu2x -I"/usr/local/lib/R/include" -DNDEBUG   -I/usr/local/include   -fopenmp  -fpic  -g -O2 -fstack-protector-strong -Wformat -Werror=format-security -Wdate-time -D_FORTIFY_SOURCE=2 -g  -c frollR.c -o frollR.o
gcc -std=gnu2x -I"/usr/local/lib/R/include" -DNDEBUG   -I/usr/local/include   -fopenmp  -fpic  -g -O2 -fstack-protector-strong -Wformat -Werror=format-security -Wdate-time -D_FORTIFY_SOURCE=2 -g  -c frolladaptive.c -o frolladaptive.o
gcc -std=gnu2x -I"/usr/local/lib/R/include" -DNDEBUG   -I/usr/local/include   -fopenmp  -fpic  -g -O2 -fstack-protector-strong -Wformat -Werror=format-security -Wdate-time -D_FORTIFY_SOURCE=2 -g  -c fsort.c -o fsort.o
gcc -std=gnu2x -I"/usr/local/lib/R/include" -DNDEBUG   -I/usr/local/include   -fopenmp  -fpic  -g -O2 -fstack-protector-strong -Wformat -Werror=format-security -Wdate-time -D_FORTIFY_SOURCE=2 -g  -c fwrite.c -o fwrite.o
gcc -std=gnu2x -I"/usr/local/lib/R/include" -DNDEBUG   -I/usr/local/include   -fopenmp  -fpic  -g -O2 -fstack-protector-strong -Wformat -Werror=format-security -Wdate-time -D_FORTIFY_SOURCE=2 -g  -c fwriteR.c -o fwriteR.o
gcc -std=gnu2x -I"/usr/local/lib/R/include" -DNDEBUG   -I/usr/local/include   -fopenmp  -fpic  -g -O2 -fstack-protector-strong -Wformat -Werror=format-security -Wdate-time -D_FORTIFY_SOURCE=2 -g  -c gsumm.c -o gsumm.o
gcc -std=gnu2x -I"/usr/local/lib/R/include" -DNDEBUG   -I/usr/local/include   -fopenmp  -fpic  -g -O2 -fstack-protector-strong -Wformat -Werror=format-security -Wdate-time -D_FORTIFY_SOURCE=2 -g  -c idatetime.c -o idatetime.o
gcc -std=gnu2x -I"/usr/local/lib/R/include" -DNDEBUG   -I/usr/local/include   -fopenmp  -fpic  -g -O2 -fstack-protector-strong -Wformat -Werror=format-security -Wdate-time -D_FORTIFY_SOURCE=2 -g  -c ijoin.c -o ijoin.o
gcc -std=gnu2x -I"/usr/local/lib/R/include" -DNDEBUG   -I/usr/local/include   -fopenmp  -fpic  -g -O2 -fstack-protector-strong -Wformat -Werror=format-security -Wdate-time -D_FORTIFY_SOURCE=2 -g  -c init.c -o init.o
gcc -std=gnu2x -I"/usr/local/lib/R/include" -DNDEBUG   -I/usr/local/include   -fopenmp  -fpic  -g -O2 -fstack-protector-strong -Wformat -Werror=format-security -Wdate-time -D_FORTIFY_SOURCE=2 -g  -c inrange.c -o inrange.o
gcc -std=gnu2x -I"/usr/local/lib/R/include" -DNDEBUG   -I/usr/local/include   -fopenmp  -fpic  -g -O2 -fstack-protector-strong -Wformat -Werror=format-security -Wdate-time -D_FORTIFY_SOURCE=2 -g  -c nafill.c -o nafill.o
gcc -std=gnu2x -I"/usr/local/lib/R/include" -DNDEBUG   -I/usr/local/include   -fopenmp  -fpic  -g -O2 -fstack-protector-strong -Wformat -Werror=format-security -Wdate-time -D_FORTIFY_SOURCE=2 -g  -c negate.c -o negate.o
gcc -std=gnu2x -I"/usr/local/lib/R/include" -DNDEBUG   -I/usr/local/include   -fopenmp  -fpic  -g -O2 -fstack-protector-strong -Wformat -Werror=format-security -Wdate-time -D_FORTIFY_SOURCE=2 -g  -c nqrecreateindices.c -o nqrecreateindices.o
gcc -std=gnu2x -I"/usr/local/lib/R/include" -DNDEBUG   -I/usr/local/include   -fopenmp  -fpic  -g -O2 -fstack-protector-strong -Wformat -Werror=format-security -Wdate-time -D_FORTIFY_SOURCE=2 -g  -c openmp-utils.c -o openmp-utils.o
gcc -std=gnu2x -I"/usr/local/lib/R/include" -DNDEBUG   -I/usr/local/include   -fopenmp  -fpic  -g -O2 -fstack-protector-strong -Wformat -Werror=format-security -Wdate-time -D_FORTIFY_SOURCE=2 -g  -c programming.c -o programming.o
gcc -std=gnu2x -I"/usr/local/lib/R/include" -DNDEBUG   -I/usr/local/include   -fopenmp  -fpic  -g -O2 -fstack-protector-strong -Wformat -Werror=format-security -Wdate-time -D_FORTIFY_SOURCE=2 -g  -c quickselect.c -o quickselect.o
gcc -std=gnu2x -I"/usr/local/lib/R/include" -DNDEBUG   -I/usr/local/include   -fopenmp  -fpic  -g -O2 -fstack-protector-strong -Wformat -Werror=format-security -Wdate-time -D_FORTIFY_SOURCE=2 -g  -c rbindlist.c -o rbindlist.o
gcc -std=gnu2x -I"/usr/local/lib/R/include" -DNDEBUG   -I/usr/local/include   -fopenmp  -fpic  -g -O2 -fstack-protector-strong -Wformat -Werror=format-security -Wdate-time -D_FORTIFY_SOURCE=2 -g  -c reorder.c -o reorder.o
gcc -std=gnu2x -I"/usr/local/lib/R/include" -DNDEBUG   -I/usr/local/include   -fopenmp  -fpic  -g -O2 -fstack-protector-strong -Wformat -Werror=format-security -Wdate-time -D_FORTIFY_SOURCE=2 -g  -c shift.c -o shift.o
gcc -std=gnu2x -I"/usr/local/lib/R/include" -DNDEBUG   -I/usr/local/include   -fopenmp  -fpic  -g -O2 -fstack-protector-strong -Wformat -Werror=format-security -Wdate-time -D_FORTIFY_SOURCE=2 -g  -c snprintf.c -o snprintf.o
gcc -std=gnu2x -I"/usr/local/lib/R/include" -DNDEBUG   -I/usr/local/include   -fopenmp  -fpic  -g -O2 -fstack-protector-strong -Wformat -Werror=format-security -Wdate-time -D_FORTIFY_SOURCE=2 -g  -c subset.c -o subset.o
gcc -std=gnu2x -I"/usr/local/lib/R/include" -DNDEBUG   -I/usr/local/include   -fopenmp  -fpic  -g -O2 -fstack-protector-strong -Wformat -Werror=format-security -Wdate-time -D_FORTIFY_SOURCE=2 -g  -c transpose.c -o transpose.o
gcc -std=gnu2x -I"/usr/local/lib/R/include" -DNDEBUG   -I/usr/local/include   -fopenmp  -fpic  -g -O2 -fstack-protector-strong -Wformat -Werror=format-security -Wdate-time -D_FORTIFY_SOURCE=2 -g  -c types.c -o types.o
gcc -std=gnu2x -I"/usr/local/lib/R/include" -DNDEBUG   -I/usr/local/include   -fopenmp  -fpic  -g -O2 -fstack-protector-strong -Wformat -Werror=format-security -Wdate-time -D_FORTIFY_SOURCE=2 -g  -c uniqlist.c -o uniqlist.o
gcc -std=gnu2x -I"/usr/local/lib/R/include" -DNDEBUG   -I/usr/local/include   -fopenmp  -fpic  -g -O2 -fstack-protector-strong -Wformat -Werror=format-security -Wdate-time -D_FORTIFY_SOURCE=2 -g  -c utils.c -o utils.o
gcc -std=gnu2x -I"/usr/local/lib/R/include" -DNDEBUG   -I/usr/local/include   -fopenmp  -fpic  -g -O2 -fstack-protector-strong -Wformat -Werror=format-security -Wdate-time -D_FORTIFY_SOURCE=2 -g  -c vecseq.c -o vecseq.o
gcc -std=gnu2x -I"/usr/local/lib/R/include" -DNDEBUG   -I/usr/local/include   -fopenmp  -fpic  -g -O2 -fstack-protector-strong -Wformat -Werror=format-security -Wdate-time -D_FORTIFY_SOURCE=2 -g  -c wrappers.c -o wrappers.o
gcc -std=gnu2x -shared -L/usr/local/lib/R/lib -L/usr/local/lib -o data.table.so assign.o between.o bmerge.o chmatch.o cj.o coalesce.o dogroups.o fastmean.o fcast.o fifelse.o fmelt.o forder.o frank.o fread.o freadR.o froll.o frollR.o frolladaptive.o fsort.o fwrite.o fwriteR.o gsumm.o idatetime.o ijoin.o init.o inrange.o nafill.o negate.o nqrecreateindices.o openmp-utils.o programming.o quickselect.o rbindlist.o reorder.o shift.o snprintf.o subset.o transpose.o types.o uniqlist.o utils.o vecseq.o wrappers.o -fopenmp -lz -L/usr/local/lib/R/lib -lR
PKG_CFLAGS = -fopenmp
PKG_LIBS = -fopenmp -lz
if [ "data.table.so" != "data_table.so" ]; then mv data.table.so data_table.so; fi
if [ "" != "Windows_NT" ] && [ `uname -s` = 'Darwin' ]; then install_name_tool -id data_table.so data_table.so; fi
installing to /usr/local/lib/R/site-library/00LOCK-data.table/00new/data.table/libs
** R
** inst
** byte-compile and prepare package for lazy loading
** help
*** installing help indices
** building package indices
** installing vignettes
** testing if installed package can be loaded from temporary location
** checking absolute paths in shared objects and dynamic libraries
** testing if installed package can be loaded from final location
** testing if installed package keeps a record of temporary installation path
* creating tarball
packaged installation of ‘data.table’ as ‘data.table_1.17.2_R_x86_64-pc-linux-gnu.tar.gz’
* DONE (data.table)
* installing *source* package ‘uuid’ ...
** this is package ‘uuid’ version ‘1.2-1’
** package ‘uuid’ successfully unpacked and MD5 sums checked
** using staged installation
checking for gcc... gcc -std=gnu2x
checking whether the C compiler works... yes
checking for C compiler default output file name... a.out
checking for suffix of executables... 
checking whether we are cross compiling... no
checking for suffix of object files... o
checking whether the compiler supports GNU C... yes
checking whether gcc -std=gnu2x accepts -g... yes
checking for gcc -std=gnu2x option to enable C11 features... none needed
checking for stdio.h... yes
checking for stdlib.h... yes
checking for string.h... yes
checking for inttypes.h... yes
checking for stdint.h... yes
checking for strings.h... yes
checking for sys/stat.h... yes
checking for sys/types.h... yes
checking for unistd.h... yes
checking for grp.h... yes
checking for langinfo.h... yes
checking for locale.h... yes
checking for netinet/in.h... yes
checking for stdlib.h... (cached) yes
checking for sys/file.h... yes
checking for sys/ioctl.h... yes
checking for sys/socket.h... yes
checking for sys/sockio.h... no
checking for sys/syscall.h... yes
checking for sys/sendfile.h... yes
checking for sys/time.h... yes
checking for sys/un.h... yes
checking for unistd.h... (cached) yes
checking for net/if.h... yes
checking for net/if_dl.h... no
checking for dirfd... yes
checking for err... yes
checking for errx... yes
checking for getexecname... no
checking for getrandom... yes
checking for jrand48... yes
checking for llseek... no
checking for lchown... yes
checking for mempcpy... yes
checking for mkostemp... yes
checking for nanosleep... yes
checking for sendfile... yes
checking for srandom... yes
checking for strnchr... no
checking for strndup... yes
checking for strnlen... yes
checking for usleep... yes
checking for warn... yes
checking for warnx... yes
checking for flock... yes
checking for struct sockaddr.sa_len... no
checking for dlfcn.h... yes
checking for library containing dlsym... none required
checking for thread local storage (TLS) support... yes
configure: creating ./config.status
config.status: creating src/Makevars
config.status: creating src/config.h
** libs
using C compiler: ‘gcc (Ubuntu 13.3.0-6ubuntu2~24.04) 13.3.0’
gcc -std=gnu2x -I"/usr/local/lib/R/include" -DNDEBUG -include config.h -I/usr/local/include  -I/usr/local/include    -fpic  -g -O2 -fstack-protector-strong -Wformat -Werror=format-security -Wdate-time -D_FORTIFY_SOURCE=2 -g  -c R.c -o R.o
gcc -std=gnu2x -I"/usr/local/lib/R/include" -DNDEBUG -include config.h -I/usr/local/include  -I/usr/local/include    -fpic  -g -O2 -fstack-protector-strong -Wformat -Werror=format-security -Wdate-time -D_FORTIFY_SOURCE=2 -g  -c Ruuid.c -o Ruuid.o
gcc -std=gnu2x -I"/usr/local/lib/R/include" -DNDEBUG -include config.h -I/usr/local/include  -I/usr/local/include    -fpic  -g -O2 -fstack-protector-strong -Wformat -Werror=format-security -Wdate-time -D_FORTIFY_SOURCE=2 -g  -c clear.c -o clear.o
gcc -std=gnu2x -I"/usr/local/lib/R/include" -DNDEBUG -include config.h -I/usr/local/include  -I/usr/local/include    -fpic  -g -O2 -fstack-protector-strong -Wformat -Werror=format-security -Wdate-time -D_FORTIFY_SOURCE=2 -g  -c compare.c -o compare.o
gcc -std=gnu2x -I"/usr/local/lib/R/include" -DNDEBUG -include config.h -I/usr/local/include  -I/usr/local/include    -fpic  -g -O2 -fstack-protector-strong -Wformat -Werror=format-security -Wdate-time -D_FORTIFY_SOURCE=2 -g  -c copy.c -o copy.o
gcc -std=gnu2x -I"/usr/local/lib/R/include" -DNDEBUG -include config.h -I/usr/local/include  -I/usr/local/include    -fpic  -g -O2 -fstack-protector-strong -Wformat -Werror=format-security -Wdate-time -D_FORTIFY_SOURCE=2 -g  -c gen_uuid.c -o gen_uuid.o
gcc -std=gnu2x -I"/usr/local/lib/R/include" -DNDEBUG -include config.h -I/usr/local/include  -I/usr/local/include    -fpic  -g -O2 -fstack-protector-strong -Wformat -Werror=format-security -Wdate-time -D_FORTIFY_SOURCE=2 -g  -c isnull.c -o isnull.o
gcc -std=gnu2x -I"/usr/local/lib/R/include" -DNDEBUG -include config.h -I/usr/local/include  -I/usr/local/include    -fpic  -g -O2 -fstack-protector-strong -Wformat -Werror=format-security -Wdate-time -D_FORTIFY_SOURCE=2 -g  -c md5.c -o md5.o
gcc -std=gnu2x -I"/usr/local/lib/R/include" -DNDEBUG -include config.h -I/usr/local/include  -I/usr/local/include    -fpic  -g -O2 -fstack-protector-strong -Wformat -Werror=format-security -Wdate-time -D_FORTIFY_SOURCE=2 -g  -c pack.c -o pack.o
gcc -std=gnu2x -I"/usr/local/lib/R/include" -DNDEBUG -include config.h -I/usr/local/include  -I/usr/local/include    -fpic  -g -O2 -fstack-protector-strong -Wformat -Werror=format-security -Wdate-time -D_FORTIFY_SOURCE=2 -g  -c parse.c -o parse.o
gcc -std=gnu2x -I"/usr/local/lib/R/include" -DNDEBUG -include config.h -I/usr/local/include  -I/usr/local/include    -fpic  -g -O2 -fstack-protector-strong -Wformat -Werror=format-security -Wdate-time -D_FORTIFY_SOURCE=2 -g  -c rand.c -o rand.o
gcc -std=gnu2x -I"/usr/local/lib/R/include" -DNDEBUG -include config.h -I/usr/local/include  -I/usr/local/include    -fpic  -g -O2 -fstack-protector-strong -Wformat -Werror=format-security -Wdate-time -D_FORTIFY_SOURCE=2 -g  -c randutils.c -o randutils.o
gcc -std=gnu2x -I"/usr/local/lib/R/include" -DNDEBUG -include config.h -I/usr/local/include  -I/usr/local/include    -fpic  -g -O2 -fstack-protector-strong -Wformat -Werror=format-security -Wdate-time -D_FORTIFY_SOURCE=2 -g  -c sha1.c -o sha1.o
gcc -std=gnu2x -I"/usr/local/lib/R/include" -DNDEBUG -include config.h -I/usr/local/include  -I/usr/local/include    -fpic  -g -O2 -fstack-protector-strong -Wformat -Werror=format-security -Wdate-time -D_FORTIFY_SOURCE=2 -g  -c unpack.c -o unpack.o
gcc -std=gnu2x -I"/usr/local/lib/R/include" -DNDEBUG -include config.h -I/usr/local/include  -I/usr/local/include    -fpic  -g -O2 -fstack-protector-strong -Wformat -Werror=format-security -Wdate-time -D_FORTIFY_SOURCE=2 -g  -c unparse.c -o unparse.o
gcc -std=gnu2x -shared -L/usr/local/lib/R/lib -L/usr/local/lib -o uuid.so R.o Ruuid.o clear.o compare.o copy.o gen_uuid.o isnull.o md5.o pack.o parse.o rand.o randutils.o sha1.o unpack.o unparse.o -L/usr/local/lib/R/lib -lR
installing to /usr/local/lib/R/site-library/00LOCK-uuid/00new/uuid/libs
** R
** inst
** byte-compile and prepare package for lazy loading
** help
*** installing help indices
** building package indices
** testing if installed package can be loaded from temporary location
** checking absolute paths in shared objects and dynamic libraries
** testing if installed package can be loaded from final location
** testing if installed package keeps a record of temporary installation path
* creating tarball
packaged installation of ‘uuid’ as ‘uuid_1.2-1_R_x86_64-pc-linux-gnu.tar.gz’
* DONE (uuid)
* installing *source* package ‘rematch2’ ...
** this is package ‘rematch2’ version ‘2.1.2’
** package ‘rematch2’ successfully unpacked and MD5 sums checked
** using staged installation
** R
** byte-compile and prepare package for lazy loading
** help
*** installing help indices
** building package indices
** testing if installed package can be loaded from temporary location
** testing if installed package can be loaded from final location
** testing if installed package keeps a record of temporary installation path
* creating tarball
packaged installation of ‘rematch2’ as ‘rematch2_2.1.2_R_x86_64-pc-linux-gnu.tar.gz’
* DONE (rematch2)
* installing *source* package ‘timechange’ ...
** this is package ‘timechange’ version ‘0.3.0’
** package ‘timechange’ successfully unpacked and MD5 sums checked
** using staged installation
** libs
using C compiler: ‘gcc (Ubuntu 13.3.0-6ubuntu2~24.04) 13.3.0’
using C++ compiler: ‘g++ (Ubuntu 13.3.0-6ubuntu2~24.04) 13.3.0’
g++ -std=gnu++17 -I"/usr/local/lib/R/include" -DNDEBUG -I. -I./cctz/src/ -I'/usr/local/lib/R/site-library/cpp11/include' -I/usr/local/include    -fpic  -g -O2 -fstack-protector-strong -Wformat -Werror=format-security -Wdate-time -D_FORTIFY_SOURCE=2 -g   -c common.cpp -o common.o
g++ -std=gnu++17 -I"/usr/local/lib/R/include" -DNDEBUG -I. -I./cctz/src/ -I'/usr/local/lib/R/site-library/cpp11/include' -I/usr/local/include    -fpic  -g -O2 -fstack-protector-strong -Wformat -Werror=format-security -Wdate-time -D_FORTIFY_SOURCE=2 -g   -c cpp11.cpp -o cpp11.o
g++ -std=gnu++17 -I"/usr/local/lib/R/include" -DNDEBUG -I. -I./cctz/src/ -I'/usr/local/lib/R/site-library/cpp11/include' -I/usr/local/include    -fpic  -g -O2 -fstack-protector-strong -Wformat -Werror=format-security -Wdate-time -D_FORTIFY_SOURCE=2 -g   -c get.cpp -o get.o
gcc -std=gnu2x -I"/usr/local/lib/R/include" -DNDEBUG -I. -I./cctz/src/ -I'/usr/local/lib/R/site-library/cpp11/include' -I/usr/local/include    -fpic  -g -O2 -fstack-protector-strong -Wformat -Werror=format-security -Wdate-time -D_FORTIFY_SOURCE=2 -g  -c parse.c -o parse.o
g++ -std=gnu++17 -I"/usr/local/lib/R/include" -DNDEBUG -I. -I./cctz/src/ -I'/usr/local/lib/R/site-library/cpp11/include' -I/usr/local/include    -fpic  -g -O2 -fstack-protector-strong -Wformat -Werror=format-security -Wdate-time -D_FORTIFY_SOURCE=2 -g   -c round.cpp -o round.o
g++ -std=gnu++17 -I"/usr/local/lib/R/include" -DNDEBUG -I. -I./cctz/src/ -I'/usr/local/lib/R/site-library/cpp11/include' -I/usr/local/include    -fpic  -g -O2 -fstack-protector-strong -Wformat -Werror=format-security -Wdate-time -D_FORTIFY_SOURCE=2 -g   -c tzone.cpp -o tzone.o
g++ -std=gnu++17 -I"/usr/local/lib/R/include" -DNDEBUG -I. -I./cctz/src/ -I'/usr/local/lib/R/site-library/cpp11/include' -I/usr/local/include    -fpic  -g -O2 -fstack-protector-strong -Wformat -Werror=format-security -Wdate-time -D_FORTIFY_SOURCE=2 -g   -c update.cpp -o update.o
g++ -std=gnu++17 -I"/usr/local/lib/R/include" -DNDEBUG -I. -I./cctz/src/ -I'/usr/local/lib/R/site-library/cpp11/include' -I/usr/local/include    -fpic  -g -O2 -fstack-protector-strong -Wformat -Werror=format-security -Wdate-time -D_FORTIFY_SOURCE=2 -g   -c cctz/src/time_zone_fixed.cc -o cctz/src/time_zone_fixed.o
g++ -std=gnu++17 -I"/usr/local/lib/R/include" -DNDEBUG -I. -I./cctz/src/ -I'/usr/local/lib/R/site-library/cpp11/include' -I/usr/local/include    -fpic  -g -O2 -fstack-protector-strong -Wformat -Werror=format-security -Wdate-time -D_FORTIFY_SOURCE=2 -g   -c cctz/src/time_zone_if.cc -o cctz/src/time_zone_if.o
g++ -std=gnu++17 -I"/usr/local/lib/R/include" -DNDEBUG -I. -I./cctz/src/ -I'/usr/local/lib/R/site-library/cpp11/include' -I/usr/local/include    -fpic  -g -O2 -fstack-protector-strong -Wformat -Werror=format-security -Wdate-time -D_FORTIFY_SOURCE=2 -g   -c cctz/src/time_zone_impl.cc -o cctz/src/time_zone_impl.o
g++ -std=gnu++17 -I"/usr/local/lib/R/include" -DNDEBUG -I. -I./cctz/src/ -I'/usr/local/lib/R/site-library/cpp11/include' -I/usr/local/include    -fpic  -g -O2 -fstack-protector-strong -Wformat -Werror=format-security -Wdate-time -D_FORTIFY_SOURCE=2 -g   -c cctz/src/time_zone_info.cc -o cctz/src/time_zone_info.o
g++ -std=gnu++17 -I"/usr/local/lib/R/include" -DNDEBUG -I. -I./cctz/src/ -I'/usr/local/lib/R/site-library/cpp11/include' -I/usr/local/include    -fpic  -g -O2 -fstack-protector-strong -Wformat -Werror=format-security -Wdate-time -D_FORTIFY_SOURCE=2 -g   -c cctz/src/time_zone_libc.cc -o cctz/src/time_zone_libc.o
g++ -std=gnu++17 -I"/usr/local/lib/R/include" -DNDEBUG -I. -I./cctz/src/ -I'/usr/local/lib/R/site-library/cpp11/include' -I/usr/local/include    -fpic  -g -O2 -fstack-protector-strong -Wformat -Werror=format-security -Wdate-time -D_FORTIFY_SOURCE=2 -g   -c cctz/src/time_zone_lookup.cc -o cctz/src/time_zone_lookup.o
g++ -std=gnu++17 -I"/usr/local/lib/R/include" -DNDEBUG -I. -I./cctz/src/ -I'/usr/local/lib/R/site-library/cpp11/include' -I/usr/local/include    -fpic  -g -O2 -fstack-protector-strong -Wformat -Werror=format-security -Wdate-time -D_FORTIFY_SOURCE=2 -g   -c cctz/src/time_zone_posix.cc -o cctz/src/time_zone_posix.o
g++ -std=gnu++17 -I"/usr/local/lib/R/include" -DNDEBUG -I. -I./cctz/src/ -I'/usr/local/lib/R/site-library/cpp11/include' -I/usr/local/include    -fpic  -g -O2 -fstack-protector-strong -Wformat -Werror=format-security -Wdate-time -D_FORTIFY_SOURCE=2 -g   -c cctz/src/zone_info_source.cc -o cctz/src/zone_info_source.o
ar rcs libcctz.a ./cctz/src/time_zone_fixed.o ./cctz/src/time_zone_if.o ./cctz/src/time_zone_impl.o ./cctz/src/time_zone_info.o ./cctz/src/time_zone_libc.o ./cctz/src/time_zone_lookup.o ./cctz/src/time_zone_posix.o ./cctz/src/zone_info_source.o
g++ -std=gnu++17 -shared -L/usr/local/lib/R/lib -L/usr/local/lib -o timechange.so common.o cpp11.o get.o parse.o round.o tzone.o update.o -L. -lcctz -L/usr/local/lib/R/lib -lR
installing to /usr/local/lib/R/site-library/00LOCK-timechange/00new/timechange/libs
** R
** byte-compile and prepare package for lazy loading
** help
*** installing help indices
** building package indices
** testing if installed package can be loaded from temporary location
** checking absolute paths in shared objects and dynamic libraries
** testing if installed package can be loaded from final location
** testing if installed package keeps a record of temporary installation path
* creating tarball
packaged installation of ‘timechange’ as ‘timechange_0.3.0_R_x86_64-pc-linux-gnu.tar.gz’
* DONE (timechange)
* installing *source* package ‘tzdb’ ...
** this is package ‘tzdb’ version ‘0.5.0’
** package ‘tzdb’ successfully unpacked and MD5 sums checked
** using staged installation
** libs
using C++ compiler: ‘g++ (Ubuntu 13.3.0-6ubuntu2~24.04) 13.3.0’
g++ -std=gnu++17 -I"/usr/local/lib/R/include" -DNDEBUG  -I'/usr/local/lib/R/site-library/cpp11/include' -I/usr/local/include   -I../inst/include -DINSTALL=dummy -DAUTO_DOWNLOAD=0 -DHAS_REMOTE_API=0 -DUSE_OS_TZDB=0 -DONLY_C_LOCALE=1 -fpic  -g -O2 -fstack-protector-strong -Wformat -Werror=format-security -Wdate-time -D_FORTIFY_SOURCE=2 -g   -c api.cpp -o api.o
g++ -std=gnu++17 -I"/usr/local/lib/R/include" -DNDEBUG  -I'/usr/local/lib/R/site-library/cpp11/include' -I/usr/local/include   -I../inst/include -DINSTALL=dummy -DAUTO_DOWNLOAD=0 -DHAS_REMOTE_API=0 -DUSE_OS_TZDB=0 -DONLY_C_LOCALE=1 -fpic  -g -O2 -fstack-protector-strong -Wformat -Werror=format-security -Wdate-time -D_FORTIFY_SOURCE=2 -g   -c cpp11.cpp -o cpp11.o
g++ -std=gnu++17 -I"/usr/local/lib/R/include" -DNDEBUG  -I'/usr/local/lib/R/site-library/cpp11/include' -I/usr/local/include   -I../inst/include -DINSTALL=dummy -DAUTO_DOWNLOAD=0 -DHAS_REMOTE_API=0 -DUSE_OS_TZDB=0 -DONLY_C_LOCALE=1 -fpic  -g -O2 -fstack-protector-strong -Wformat -Werror=format-security -Wdate-time -D_FORTIFY_SOURCE=2 -g   -c names.cpp -o names.o
g++ -std=gnu++17 -I"/usr/local/lib/R/include" -DNDEBUG  -I'/usr/local/lib/R/site-library/cpp11/include' -I/usr/local/include   -I../inst/include -DINSTALL=dummy -DAUTO_DOWNLOAD=0 -DHAS_REMOTE_API=0 -DUSE_OS_TZDB=0 -DONLY_C_LOCALE=1 -fpic  -g -O2 -fstack-protector-strong -Wformat -Werror=format-security -Wdate-time -D_FORTIFY_SOURCE=2 -g   -c path.cpp -o path.o
g++ -std=gnu++17 -I"/usr/local/lib/R/include" -DNDEBUG  -I'/usr/local/lib/R/site-library/cpp11/include' -I/usr/local/include   -I../inst/include -DINSTALL=dummy -DAUTO_DOWNLOAD=0 -DHAS_REMOTE_API=0 -DUSE_OS_TZDB=0 -DONLY_C_LOCALE=1 -fpic  -g -O2 -fstack-protector-strong -Wformat -Werror=format-security -Wdate-time -D_FORTIFY_SOURCE=2 -g   -c tz.cpp -o tz.o
g++ -std=gnu++17 -I"/usr/local/lib/R/include" -DNDEBUG  -I'/usr/local/lib/R/site-library/cpp11/include' -I/usr/local/include   -I../inst/include -DINSTALL=dummy -DAUTO_DOWNLOAD=0 -DHAS_REMOTE_API=0 -DUSE_OS_TZDB=0 -DONLY_C_LOCALE=1 -fpic  -g -O2 -fstack-protector-strong -Wformat -Werror=format-security -Wdate-time -D_FORTIFY_SOURCE=2 -g   -c version.cpp -o version.o
g++ -std=gnu++17 -shared -L/usr/local/lib/R/lib -L/usr/local/lib -o tzdb.so api.o cpp11.o names.o path.o tz.o version.o -L/usr/local/lib/R/lib -lR
installing to /usr/local/lib/R/site-library/00LOCK-tzdb/00new/tzdb/libs
** R
** inst
** byte-compile and prepare package for lazy loading
** help
*** installing help indices
** building package indices
** testing if installed package can be loaded from temporary location
** checking absolute paths in shared objects and dynamic libraries
** testing if installed package can be loaded from final location
** testing if installed package keeps a record of temporary installation path
* creating tarball
packaged installation of ‘tzdb’ as ‘tzdb_0.5.0_R_x86_64-pc-linux-gnu.tar.gz’
* DONE (tzdb)
* installing *source* package ‘selectr’ ...
** this is package ‘selectr’ version ‘0.4-2’
** package ‘selectr’ successfully unpacked and MD5 sums checked
** using staged installation
** R
** inst
** byte-compile and prepare package for lazy loading
** help
*** installing help indices
** building package indices
** testing if installed package can be loaded from temporary location
** testing if installed package can be loaded from final location
** testing if installed package keeps a record of temporary installation path
* creating tarball
packaged installation of ‘selectr’ as ‘selectr_0.4-2_R_x86_64-pc-linux-gnu.tar.gz’
* DONE (selectr)
* installing *source* package ‘abind’ ...
** this is package ‘abind’ version ‘1.4-8’
** package ‘abind’ successfully unpacked and MD5 sums checked
** using staged installation
** R
** byte-compile and prepare package for lazy loading
** help
*** installing help indices
** building package indices
** testing if installed package can be loaded from temporary location
** testing if installed package can be loaded from final location
** testing if installed package keeps a record of temporary installation path
* creating tarball
packaged installation of ‘abind’ as ‘abind_1.4-8_R_x86_64-pc-linux-gnu.tar.gz’
* DONE (abind)
* installing *source* package ‘tiff’ ...
** this is package ‘tiff’ version ‘0.1-12’
** package ‘tiff’ successfully unpacked and MD5 sums checked
** using staged installation
checking for pkg-config... /usr/bin/pkg-config
checking for gcc... gcc -std=gnu2x
checking whether the C compiler works... yes
checking for C compiler default output file name... a.out
checking for suffix of executables... 
checking whether we are cross compiling... no
checking for suffix of object files... o
checking whether the compiler supports GNU C... yes
checking whether gcc -std=gnu2x accepts -g... yes
checking for gcc -std=gnu2x option to enable C11 features... none needed
checking for stdio.h... yes
checking for stdlib.h... yes
checking for string.h... yes
checking for inttypes.h... yes
checking for stdint.h... yes
checking for strings.h... yes
checking for sys/stat.h... yes
checking for sys/types.h... yes
checking for unistd.h... yes
checking for unistd.h... (cached) yes
checking for TIFFClientOpen in -ltiff... yes
configure:  PKG_CPPFLAGS: -I/usr/local/include 
configure:  PKG_LIBS    : -ltiff  
checking for tiff.h... yes
checking for tiffio.h... yes
configure: creating ./config.status
config.status: creating src/Makevars
** libs
using C compiler: ‘gcc (Ubuntu 13.3.0-6ubuntu2~24.04) 13.3.0’
gcc -std=gnu2x -I"/usr/local/lib/R/include" -DNDEBUG -I/usr/local/include   -I/usr/local/include    -fpic  -g -O2 -fstack-protector-strong -Wformat -Werror=format-security -Wdate-time -D_FORTIFY_SOURCE=2 -g  -c common.c -o common.o
gcc -std=gnu2x -I"/usr/local/lib/R/include" -DNDEBUG -I/usr/local/include   -I/usr/local/include    -fpic  -g -O2 -fstack-protector-strong -Wformat -Werror=format-security -Wdate-time -D_FORTIFY_SOURCE=2 -g  -c read.c -o read.o
gcc -std=gnu2x -I"/usr/local/lib/R/include" -DNDEBUG -I/usr/local/include   -I/usr/local/include    -fpic  -g -O2 -fstack-protector-strong -Wformat -Werror=format-security -Wdate-time -D_FORTIFY_SOURCE=2 -g  -c reg.c -o reg.o
gcc -std=gnu2x -I"/usr/local/lib/R/include" -DNDEBUG -I/usr/local/include   -I/usr/local/include    -fpic  -g -O2 -fstack-protector-strong -Wformat -Werror=format-security -Wdate-time -D_FORTIFY_SOURCE=2 -g  -c write.c -o write.o
gcc -std=gnu2x -shared -L/usr/local/lib/R/lib -L/usr/local/lib -o tiff.so common.o read.o reg.o write.o -ltiff -L/usr/local/lib/R/lib -lR
installing to /usr/local/lib/R/site-library/00LOCK-tiff/00new/tiff/libs
** R
** inst
** byte-compile and prepare package for lazy loading
** help
*** installing help indices
** building package indices
** testing if installed package can be loaded from temporary location
** checking absolute paths in shared objects and dynamic libraries
** testing if installed package can be loaded from final location
** testing if installed package keeps a record of temporary installation path
* creating tarball
packaged installation of ‘tiff’ as ‘tiff_0.1-12_R_x86_64-pc-linux-gnu.tar.gz’
* DONE (tiff)
* installing *source* package ‘jpeg’ ...
** this is package ‘jpeg’ version ‘0.1-11’
** package ‘jpeg’ successfully unpacked and MD5 sums checked
** using staged installation
** libs
using C compiler: ‘gcc (Ubuntu 13.3.0-6ubuntu2~24.04) 13.3.0’
gcc -std=gnu2x -I"/usr/local/lib/R/include" -DNDEBUG   -I/usr/local/include    -fpic  -g -O2 -fstack-protector-strong -Wformat -Werror=format-security -Wdate-time -D_FORTIFY_SOURCE=2 -g  -c read.c -o read.o
gcc -std=gnu2x -I"/usr/local/lib/R/include" -DNDEBUG   -I/usr/local/include    -fpic  -g -O2 -fstack-protector-strong -Wformat -Werror=format-security -Wdate-time -D_FORTIFY_SOURCE=2 -g  -c reg.c -o reg.o
gcc -std=gnu2x -I"/usr/local/lib/R/include" -DNDEBUG   -I/usr/local/include    -fpic  -g -O2 -fstack-protector-strong -Wformat -Werror=format-security -Wdate-time -D_FORTIFY_SOURCE=2 -g  -c write.c -o write.o
gcc -std=gnu2x -shared -L/usr/local/lib/R/lib -L/usr/local/lib -o jpeg.so read.o reg.o write.o -ljpeg -L/usr/local/lib/R/lib -lR
installing to /usr/local/lib/R/site-library/00LOCK-jpeg/00new/jpeg/libs
** R
** inst
** byte-compile and prepare package for lazy loading
** help
*** installing help indices
** building package indices
** testing if installed package can be loaded from temporary location
** checking absolute paths in shared objects and dynamic libraries
** testing if installed package can be loaded from final location
** testing if installed package keeps a record of temporary installation path
* creating tarball
packaged installation of ‘jpeg’ as ‘jpeg_0.1-11_R_x86_64-pc-linux-gnu.tar.gz’
* DONE (jpeg)
* installing *source* package ‘png’ ...
** this is package ‘png’ version ‘0.1-8’
** package ‘png’ successfully unpacked and MD5 sums checked
** using staged installation
** libs
using C compiler: ‘gcc (Ubuntu 13.3.0-6ubuntu2~24.04) 13.3.0’
gcc -std=gnu2x -I"/usr/local/lib/R/include" -DNDEBUG   -I/usr/local/include    `libpng-config --cflags` -fpic  -g -O2 -fstack-protector-strong -Wformat -Werror=format-security -Wdate-time -D_FORTIFY_SOURCE=2 -g  -c dummy.c -o dummy.o
gcc -std=gnu2x -I"/usr/local/lib/R/include" -DNDEBUG   -I/usr/local/include    `libpng-config --cflags` -fpic  -g -O2 -fstack-protector-strong -Wformat -Werror=format-security -Wdate-time -D_FORTIFY_SOURCE=2 -g  -c read.c -o read.o
gcc -std=gnu2x -I"/usr/local/lib/R/include" -DNDEBUG   -I/usr/local/include    `libpng-config --cflags` -fpic  -g -O2 -fstack-protector-strong -Wformat -Werror=format-security -Wdate-time -D_FORTIFY_SOURCE=2 -g  -c write.c -o write.o
gcc -std=gnu2x -shared -L/usr/local/lib/R/lib -L/usr/local/lib -o png.so dummy.o read.o write.o -lpng16 -lm -lz -lm -L/usr/local/lib/R/lib -lR
installing to /usr/local/lib/R/site-library/00LOCK-png/00new/png/libs
** R
** inst
** byte-compile and prepare package for lazy loading
** help
*** installing help indices
** building package indices
** testing if installed package can be loaded from temporary location
** checking absolute paths in shared objects and dynamic libraries
** testing if installed package can be loaded from final location
** testing if installed package keeps a record of temporary installation path
* creating tarball
packaged installation of ‘png’ as ‘png_0.1-8_R_x86_64-pc-linux-gnu.tar.gz’
* DONE (png)
* installing *source* package ‘locfit’ ...
** this is package ‘locfit’ version ‘1.5-9.12’
** package ‘locfit’ successfully unpacked and MD5 sums checked
** using staged installation
** libs
using C compiler: ‘gcc (Ubuntu 13.3.0-6ubuntu2~24.04) 13.3.0’
gcc -std=gnu17 -I"/usr/local/lib/R/include" -DNDEBUG   -I/usr/local/include    -fpic  -g -O2 -fstack-protector-strong -Wformat -Werror=format-security -Wdate-time -D_FORTIFY_SOURCE=2 -g  -c S_enter.c -o S_enter.o
gcc -std=gnu17 -I"/usr/local/lib/R/include" -DNDEBUG   -I/usr/local/include    -fpic  -g -O2 -fstack-protector-strong -Wformat -Werror=format-security -Wdate-time -D_FORTIFY_SOURCE=2 -g  -c band.c -o band.o
gcc -std=gnu17 -I"/usr/local/lib/R/include" -DNDEBUG   -I/usr/local/include    -fpic  -g -O2 -fstack-protector-strong -Wformat -Werror=format-security -Wdate-time -D_FORTIFY_SOURCE=2 -g  -c dbinom.c -o dbinom.o
gcc -std=gnu17 -I"/usr/local/lib/R/include" -DNDEBUG   -I/usr/local/include    -fpic  -g -O2 -fstack-protector-strong -Wformat -Werror=format-security -Wdate-time -D_FORTIFY_SOURCE=2 -g  -c dens_haz.c -o dens_haz.o
gcc -std=gnu17 -I"/usr/local/lib/R/include" -DNDEBUG   -I/usr/local/include    -fpic  -g -O2 -fstack-protector-strong -Wformat -Werror=format-security -Wdate-time -D_FORTIFY_SOURCE=2 -g  -c dens_int.c -o dens_int.o
gcc -std=gnu17 -I"/usr/local/lib/R/include" -DNDEBUG   -I/usr/local/include    -fpic  -g -O2 -fstack-protector-strong -Wformat -Werror=format-security -Wdate-time -D_FORTIFY_SOURCE=2 -g  -c dens_odi.c -o dens_odi.o
gcc -std=gnu17 -I"/usr/local/lib/R/include" -DNDEBUG   -I/usr/local/include    -fpic  -g -O2 -fstack-protector-strong -Wformat -Werror=format-security -Wdate-time -D_FORTIFY_SOURCE=2 -g  -c density.c -o density.o
gcc -std=gnu17 -I"/usr/local/lib/R/include" -DNDEBUG   -I/usr/local/include    -fpic  -g -O2 -fstack-protector-strong -Wformat -Werror=format-security -Wdate-time -D_FORTIFY_SOURCE=2 -g  -c ev_atree.c -o ev_atree.o
gcc -std=gnu17 -I"/usr/local/lib/R/include" -DNDEBUG   -I/usr/local/include    -fpic  -g -O2 -fstack-protector-strong -Wformat -Werror=format-security -Wdate-time -D_FORTIFY_SOURCE=2 -g  -c ev_interp.c -o ev_interp.o
gcc -std=gnu17 -I"/usr/local/lib/R/include" -DNDEBUG   -I/usr/local/include    -fpic  -g -O2 -fstack-protector-strong -Wformat -Werror=format-security -Wdate-time -D_FORTIFY_SOURCE=2 -g  -c ev_kdtre.c -o ev_kdtre.o
gcc -std=gnu17 -I"/usr/local/lib/R/include" -DNDEBUG   -I/usr/local/include    -fpic  -g -O2 -fstack-protector-strong -Wformat -Werror=format-security -Wdate-time -D_FORTIFY_SOURCE=2 -g  -c ev_main.c -o ev_main.o
gcc -std=gnu17 -I"/usr/local/lib/R/include" -DNDEBUG   -I/usr/local/include    -fpic  -g -O2 -fstack-protector-strong -Wformat -Werror=format-security -Wdate-time -D_FORTIFY_SOURCE=2 -g  -c ev_sphere.c -o ev_sphere.o
gcc -std=gnu17 -I"/usr/local/lib/R/include" -DNDEBUG   -I/usr/local/include    -fpic  -g -O2 -fstack-protector-strong -Wformat -Werror=format-security -Wdate-time -D_FORTIFY_SOURCE=2 -g  -c ev_trian.c -o ev_trian.o
gcc -std=gnu17 -I"/usr/local/lib/R/include" -DNDEBUG   -I/usr/local/include    -fpic  -g -O2 -fstack-protector-strong -Wformat -Werror=format-security -Wdate-time -D_FORTIFY_SOURCE=2 -g  -c family.c -o family.o
gcc -std=gnu17 -I"/usr/local/lib/R/include" -DNDEBUG   -I/usr/local/include    -fpic  -g -O2 -fstack-protector-strong -Wformat -Werror=format-security -Wdate-time -D_FORTIFY_SOURCE=2 -g  -c fitted.c -o fitted.o
gcc -std=gnu17 -I"/usr/local/lib/R/include" -DNDEBUG   -I/usr/local/include    -fpic  -g -O2 -fstack-protector-strong -Wformat -Werror=format-security -Wdate-time -D_FORTIFY_SOURCE=2 -g  -c frend.c -o frend.o
gcc -std=gnu17 -I"/usr/local/lib/R/include" -DNDEBUG   -I/usr/local/include    -fpic  -g -O2 -fstack-protector-strong -Wformat -Werror=format-security -Wdate-time -D_FORTIFY_SOURCE=2 -g  -c lf_adap.c -o lf_adap.o
gcc -std=gnu17 -I"/usr/local/lib/R/include" -DNDEBUG   -I/usr/local/include    -fpic  -g -O2 -fstack-protector-strong -Wformat -Werror=format-security -Wdate-time -D_FORTIFY_SOURCE=2 -g  -c lf_dercor.c -o lf_dercor.o
gcc -std=gnu17 -I"/usr/local/lib/R/include" -DNDEBUG   -I/usr/local/include    -fpic  -g -O2 -fstack-protector-strong -Wformat -Werror=format-security -Wdate-time -D_FORTIFY_SOURCE=2 -g  -c lf_fitfun.c -o lf_fitfun.o
gcc -std=gnu17 -I"/usr/local/lib/R/include" -DNDEBUG   -I/usr/local/include    -fpic  -g -O2 -fstack-protector-strong -Wformat -Werror=format-security -Wdate-time -D_FORTIFY_SOURCE=2 -g  -c lf_nbhd.c -o lf_nbhd.o
gcc -std=gnu17 -I"/usr/local/lib/R/include" -DNDEBUG   -I/usr/local/include    -fpic  -g -O2 -fstack-protector-strong -Wformat -Werror=format-security -Wdate-time -D_FORTIFY_SOURCE=2 -g  -c lf_robust.c -o lf_robust.o
gcc -std=gnu17 -I"/usr/local/lib/R/include" -DNDEBUG   -I/usr/local/include    -fpic  -g -O2 -fstack-protector-strong -Wformat -Werror=format-security -Wdate-time -D_FORTIFY_SOURCE=2 -g  -c lf_vari.c -o lf_vari.o
gcc -std=gnu17 -I"/usr/local/lib/R/include" -DNDEBUG   -I/usr/local/include    -fpic  -g -O2 -fstack-protector-strong -Wformat -Werror=format-security -Wdate-time -D_FORTIFY_SOURCE=2 -g  -c lf_wdiag.c -o lf_wdiag.o
gcc -std=gnu17 -I"/usr/local/lib/R/include" -DNDEBUG   -I/usr/local/include    -fpic  -g -O2 -fstack-protector-strong -Wformat -Werror=format-security -Wdate-time -D_FORTIFY_SOURCE=2 -g  -c lfstr.c -o lfstr.o
gcc -std=gnu17 -I"/usr/local/lib/R/include" -DNDEBUG   -I/usr/local/include    -fpic  -g -O2 -fstack-protector-strong -Wformat -Werror=format-security -Wdate-time -D_FORTIFY_SOURCE=2 -g  -c locfit.c -o locfit.o
gcc -std=gnu17 -I"/usr/local/lib/R/include" -DNDEBUG   -I/usr/local/include    -fpic  -g -O2 -fstack-protector-strong -Wformat -Werror=format-security -Wdate-time -D_FORTIFY_SOURCE=2 -g  -c m_chol.c -o m_chol.o
gcc -std=gnu17 -I"/usr/local/lib/R/include" -DNDEBUG   -I/usr/local/include    -fpic  -g -O2 -fstack-protector-strong -Wformat -Werror=format-security -Wdate-time -D_FORTIFY_SOURCE=2 -g  -c m_eigen.c -o m_eigen.o
gcc -std=gnu17 -I"/usr/local/lib/R/include" -DNDEBUG   -I/usr/local/include    -fpic  -g -O2 -fstack-protector-strong -Wformat -Werror=format-security -Wdate-time -D_FORTIFY_SOURCE=2 -g  -c m_icirc.c -o m_icirc.o
gcc -std=gnu17 -I"/usr/local/lib/R/include" -DNDEBUG   -I/usr/local/include    -fpic  -g -O2 -fstack-protector-strong -Wformat -Werror=format-security -Wdate-time -D_FORTIFY_SOURCE=2 -g  -c m_imont.c -o m_imont.o
gcc -std=gnu17 -I"/usr/local/lib/R/include" -DNDEBUG   -I/usr/local/include    -fpic  -g -O2 -fstack-protector-strong -Wformat -Werror=format-security -Wdate-time -D_FORTIFY_SOURCE=2 -g  -c m_isimp.c -o m_isimp.o
gcc -std=gnu17 -I"/usr/local/lib/R/include" -DNDEBUG   -I/usr/local/include    -fpic  -g -O2 -fstack-protector-strong -Wformat -Werror=format-security -Wdate-time -D_FORTIFY_SOURCE=2 -g  -c m_isphr.c -o m_isphr.o
gcc -std=gnu17 -I"/usr/local/lib/R/include" -DNDEBUG   -I/usr/local/include    -fpic  -g -O2 -fstack-protector-strong -Wformat -Werror=format-security -Wdate-time -D_FORTIFY_SOURCE=2 -g  -c m_jacob.c -o m_jacob.o
gcc -std=gnu17 -I"/usr/local/lib/R/include" -DNDEBUG   -I/usr/local/include    -fpic  -g -O2 -fstack-protector-strong -Wformat -Werror=format-security -Wdate-time -D_FORTIFY_SOURCE=2 -g  -c m_max.c -o m_max.o
gcc -std=gnu17 -I"/usr/local/lib/R/include" -DNDEBUG   -I/usr/local/include    -fpic  -g -O2 -fstack-protector-strong -Wformat -Werror=format-security -Wdate-time -D_FORTIFY_SOURCE=2 -g  -c m_qr.c -o m_qr.o
gcc -std=gnu17 -I"/usr/local/lib/R/include" -DNDEBUG   -I/usr/local/include    -fpic  -g -O2 -fstack-protector-strong -Wformat -Werror=format-security -Wdate-time -D_FORTIFY_SOURCE=2 -g  -c m_solve.c -o m_solve.o
gcc -std=gnu17 -I"/usr/local/lib/R/include" -DNDEBUG   -I/usr/local/include    -fpic  -g -O2 -fstack-protector-strong -Wformat -Werror=format-security -Wdate-time -D_FORTIFY_SOURCE=2 -g  -c m_svd.c -o m_svd.o
gcc -std=gnu17 -I"/usr/local/lib/R/include" -DNDEBUG   -I/usr/local/include    -fpic  -g -O2 -fstack-protector-strong -Wformat -Werror=format-security -Wdate-time -D_FORTIFY_SOURCE=2 -g  -c m_vector.c -o m_vector.o
gcc -std=gnu17 -I"/usr/local/lib/R/include" -DNDEBUG   -I/usr/local/include    -fpic  -g -O2 -fstack-protector-strong -Wformat -Werror=format-security -Wdate-time -D_FORTIFY_SOURCE=2 -g  -c math.c -o math.o
gcc -std=gnu17 -I"/usr/local/lib/R/include" -DNDEBUG   -I/usr/local/include    -fpic  -g -O2 -fstack-protector-strong -Wformat -Werror=format-security -Wdate-time -D_FORTIFY_SOURCE=2 -g  -c minmax.c -o minmax.o
gcc -std=gnu17 -I"/usr/local/lib/R/include" -DNDEBUG   -I/usr/local/include    -fpic  -g -O2 -fstack-protector-strong -Wformat -Werror=format-security -Wdate-time -D_FORTIFY_SOURCE=2 -g  -c pcomp.c -o pcomp.o
gcc -std=gnu17 -I"/usr/local/lib/R/include" -DNDEBUG   -I/usr/local/include    -fpic  -g -O2 -fstack-protector-strong -Wformat -Werror=format-security -Wdate-time -D_FORTIFY_SOURCE=2 -g  -c preplot.c -o preplot.o
gcc -std=gnu17 -I"/usr/local/lib/R/include" -DNDEBUG   -I/usr/local/include    -fpic  -g -O2 -fstack-protector-strong -Wformat -Werror=format-security -Wdate-time -D_FORTIFY_SOURCE=2 -g  -c prob.c -o prob.o
gcc -std=gnu17 -I"/usr/local/lib/R/include" -DNDEBUG   -I/usr/local/include    -fpic  -g -O2 -fstack-protector-strong -Wformat -Werror=format-security -Wdate-time -D_FORTIFY_SOURCE=2 -g  -c procv.c -o procv.o
gcc -std=gnu17 -I"/usr/local/lib/R/include" -DNDEBUG   -I/usr/local/include    -fpic  -g -O2 -fstack-protector-strong -Wformat -Werror=format-security -Wdate-time -D_FORTIFY_SOURCE=2 -g  -c scb.c -o scb.o
gcc -std=gnu17 -I"/usr/local/lib/R/include" -DNDEBUG   -I/usr/local/include    -fpic  -g -O2 -fstack-protector-strong -Wformat -Werror=format-security -Wdate-time -D_FORTIFY_SOURCE=2 -g  -c scb_cons.c -o scb_cons.o
gcc -std=gnu17 -I"/usr/local/lib/R/include" -DNDEBUG   -I/usr/local/include    -fpic  -g -O2 -fstack-protector-strong -Wformat -Werror=format-security -Wdate-time -D_FORTIFY_SOURCE=2 -g  -c scb_crit.c -o scb_crit.o
gcc -std=gnu17 -I"/usr/local/lib/R/include" -DNDEBUG   -I/usr/local/include    -fpic  -g -O2 -fstack-protector-strong -Wformat -Werror=format-security -Wdate-time -D_FORTIFY_SOURCE=2 -g  -c scb_iface.c -o scb_iface.o
gcc -std=gnu17 -I"/usr/local/lib/R/include" -DNDEBUG   -I/usr/local/include    -fpic  -g -O2 -fstack-protector-strong -Wformat -Werror=format-security -Wdate-time -D_FORTIFY_SOURCE=2 -g  -c simul.c -o simul.o
gcc -std=gnu17 -I"/usr/local/lib/R/include" -DNDEBUG   -I/usr/local/include    -fpic  -g -O2 -fstack-protector-strong -Wformat -Werror=format-security -Wdate-time -D_FORTIFY_SOURCE=2 -g  -c smisc.c -o smisc.o
gcc -std=gnu17 -I"/usr/local/lib/R/include" -DNDEBUG   -I/usr/local/include    -fpic  -g -O2 -fstack-protector-strong -Wformat -Werror=format-security -Wdate-time -D_FORTIFY_SOURCE=2 -g  -c startlf.c -o startlf.o
gcc -std=gnu17 -I"/usr/local/lib/R/include" -DNDEBUG   -I/usr/local/include    -fpic  -g -O2 -fstack-protector-strong -Wformat -Werror=format-security -Wdate-time -D_FORTIFY_SOURCE=2 -g  -c weight.c -o weight.o
gcc -std=gnu17 -shared -L/usr/local/lib/R/lib -L/usr/local/lib -o locfit.so S_enter.o band.o dbinom.o dens_haz.o dens_int.o dens_odi.o density.o ev_atree.o ev_interp.o ev_kdtre.o ev_main.o ev_sphere.o ev_trian.o family.o fitted.o frend.o lf_adap.o lf_dercor.o lf_fitfun.o lf_nbhd.o lf_robust.o lf_vari.o lf_wdiag.o lfstr.o locfit.o m_chol.o m_eigen.o m_icirc.o m_imont.o m_isimp.o m_isphr.o m_jacob.o m_max.o m_qr.o m_solve.o m_svd.o m_vector.o math.o minmax.o pcomp.o preplot.o prob.o procv.o scb.o scb_cons.o scb_crit.o scb_iface.o simul.o smisc.o startlf.o weight.o -L/usr/local/lib/R/lib -lR
installing to /usr/local/lib/R/site-library/00LOCK-locfit/00new/locfit/libs
** R
** data
** byte-compile and prepare package for lazy loading
** help
*** installing help indices
** building package indices
** testing if installed package can be loaded from temporary location
** checking absolute paths in shared objects and dynamic libraries
** testing if installed package can be loaded from final location
** testing if installed package keeps a record of temporary installation path
* creating tarball
packaged installation of ‘locfit’ as ‘locfit_1.5-9.12_R_x86_64-pc-linux-gnu.tar.gz’
* DONE (locfit)
* installing *source* package ‘fftwtools’ ...
** this is package ‘fftwtools’ version ‘0.9-11’
** package ‘fftwtools’ successfully unpacked and MD5 sums checked
** using staged installation
checking for gcc... gcc -std=gnu2x
checking whether the C compiler works... yes
checking for C compiler default output file name... a.out
checking for suffix of executables... 
checking whether we are cross compiling... no
checking for suffix of object files... o
checking whether we are using the GNU C compiler... yes
checking whether gcc -std=gnu2x accepts -g... yes
checking for gcc -std=gnu2x option to accept ISO C89... none needed
checking how to run the C preprocessor... gcc -std=gnu2x -E
checking for gcc... (cached) gcc -std=gnu2x
checking whether we are using the GNU C compiler... (cached) yes
checking whether gcc -std=gnu2x accepts -g... (cached) yes
checking for gcc -std=gnu2x option to accept ISO C89... (cached) none needed
checking for pkg-config... yes
configure: creating ./config.status
config.status: creating src/Makevars

fftwtools 0.9-10
================

compiler flags:  
link argument:  -lfftw3  

** libs
using C compiler: ‘gcc (Ubuntu 13.3.0-6ubuntu2~24.04) 13.3.0’
gcc -std=gnu2x -I"/usr/local/lib/R/include" -DNDEBUG   -I/usr/local/include    -fpic  -g -O2 -fstack-protector-strong -Wformat -Werror=format-security -Wdate-time -D_FORTIFY_SOURCE=2 -g  -c fftwtools.c -o fftwtools.o
gcc -std=gnu2x -I"/usr/local/lib/R/include" -DNDEBUG   -I/usr/local/include    -fpic  -g -O2 -fstack-protector-strong -Wformat -Werror=format-security -Wdate-time -D_FORTIFY_SOURCE=2 -g  -c fftwtools_init.c -o fftwtools_init.o
gcc -std=gnu2x -shared -L/usr/local/lib/R/lib -L/usr/local/lib -o fftwtools.so fftwtools.o fftwtools_init.o -lfftw3 -L/usr/local/lib/R/lib -lR
installing to /usr/local/lib/R/site-library/00LOCK-fftwtools/00new/fftwtools/libs
** R
** inst
** byte-compile and prepare package for lazy loading
** help
*** installing help indices
** building package indices
** installing vignettes
** testing if installed package can be loaded from temporary location
** checking absolute paths in shared objects and dynamic libraries
** testing if installed package can be loaded from final location
** testing if installed package keeps a record of temporary installation path
* creating tarball
packaged installation of ‘fftwtools’ as ‘fftwtools_0.9-11_R_x86_64-pc-linux-gnu.tar.gz’
* DONE (fftwtools)
* installing *source* package ‘gtable’ ...
** this is package ‘gtable’ version ‘0.3.6’
** package ‘gtable’ successfully unpacked and MD5 sums checked
** using staged installation
** R
** inst
** byte-compile and prepare package for lazy loading
** help
*** installing help indices
*** copying figures
** building package indices
** installing vignettes
** testing if installed package can be loaded from temporary location
** testing if installed package can be loaded from final location
** testing if installed package keeps a record of temporary installation path
* creating tarball
packaged installation of ‘gtable’ as ‘gtable_0.3.6_R_x86_64-pc-linux-gnu.tar.gz’
* DONE (gtable)
* installing *source* package ‘isoband’ ...
** this is package ‘isoband’ version ‘0.2.7’
** package ‘isoband’ successfully unpacked and MD5 sums checked
** using staged installation
** libs
using C++ compiler: ‘g++ (Ubuntu 13.3.0-6ubuntu2~24.04) 13.3.0’
using C++11
g++ -std=gnu++11 -I"/usr/local/lib/R/include" -DNDEBUG   -I/usr/local/include    -fpic  -g -O2 -fstack-protector-strong -Wformat -Werror=format-security -Wdate-time -D_FORTIFY_SOURCE=2 -g   -c clip-lines.cpp -o clip-lines.o
g++ -std=gnu++11 -I"/usr/local/lib/R/include" -DNDEBUG   -I/usr/local/include    -fpic  -g -O2 -fstack-protector-strong -Wformat -Werror=format-security -Wdate-time -D_FORTIFY_SOURCE=2 -g   -c init.cpp -o init.o
g++ -std=gnu++11 -I"/usr/local/lib/R/include" -DNDEBUG   -I/usr/local/include    -fpic  -g -O2 -fstack-protector-strong -Wformat -Werror=format-security -Wdate-time -D_FORTIFY_SOURCE=2 -g   -c isoband.cpp -o isoband.o
g++ -std=gnu++11 -I"/usr/local/lib/R/include" -DNDEBUG   -I/usr/local/include    -fpic  -g -O2 -fstack-protector-strong -Wformat -Werror=format-security -Wdate-time -D_FORTIFY_SOURCE=2 -g   -c polygon.cpp -o polygon.o
g++ -std=gnu++11 -I"/usr/local/lib/R/include" -DNDEBUG   -I/usr/local/include    -fpic  -g -O2 -fstack-protector-strong -Wformat -Werror=format-security -Wdate-time -D_FORTIFY_SOURCE=2 -g   -c separate-polygons.cpp -o separate-polygons.o
g++ -std=gnu++11 -I"/usr/local/lib/R/include" -DNDEBUG   -I/usr/local/include    -fpic  -g -O2 -fstack-protector-strong -Wformat -Werror=format-security -Wdate-time -D_FORTIFY_SOURCE=2 -g   -c test-clip-lines.cpp -o test-clip-lines.o
g++ -std=gnu++11 -I"/usr/local/lib/R/include" -DNDEBUG   -I/usr/local/include    -fpic  -g -O2 -fstack-protector-strong -Wformat -Werror=format-security -Wdate-time -D_FORTIFY_SOURCE=2 -g   -c test-runner.cpp -o test-runner.o
g++ -std=gnu++11 -I"/usr/local/lib/R/include" -DNDEBUG   -I/usr/local/include    -fpic  -g -O2 -fstack-protector-strong -Wformat -Werror=format-security -Wdate-time -D_FORTIFY_SOURCE=2 -g   -c test-separate-polygons.cpp -o test-separate-polygons.o
g++ -std=gnu++11 -shared -L/usr/local/lib/R/lib -L/usr/local/lib -o isoband.so clip-lines.o init.o isoband.o polygon.o separate-polygons.o test-clip-lines.o test-runner.o test-separate-polygons.o -L/usr/local/lib/R/lib -lR
installing to /usr/local/lib/R/site-library/00LOCK-isoband/00new/isoband/libs
** R
** inst
** byte-compile and prepare package for lazy loading
** help
*** installing help indices
*** copying figures
** building package indices
** installing vignettes
** testing if installed package can be loaded from temporary location
** checking absolute paths in shared objects and dynamic libraries
** testing if installed package can be loaded from final location
** testing if installed package keeps a record of temporary installation path
* creating tarball
packaged installation of ‘isoband’ as ‘isoband_0.2.7_R_x86_64-pc-linux-gnu.tar.gz’
* DONE (isoband)
* installing *source* package ‘conflicted’ ...
** this is package ‘conflicted’ version ‘1.2.0’
** package ‘conflicted’ successfully unpacked and MD5 sums checked
** using staged installation
** R
** byte-compile and prepare package for lazy loading
** help
*** installing help indices
** building package indices
** testing if installed package can be loaded from temporary location
** testing if installed package can be loaded from final location
** testing if installed package keeps a record of temporary installation path
* creating tarball
packaged installation of ‘conflicted’ as ‘conflicted_1.2.0_R_x86_64-pc-linux-gnu.tar.gz’
* DONE (conflicted)
* installing *source* package ‘forcats’ ...
** this is package ‘forcats’ version ‘1.0.0’
** package ‘forcats’ successfully unpacked and MD5 sums checked
** using staged installation
** R
** data
*** moving datasets to lazyload DB
** inst
** byte-compile and prepare package for lazy loading
** help
*** installing help indices
*** copying figures
** building package indices
** installing vignettes
** testing if installed package can be loaded from temporary location
** testing if installed package can be loaded from final location
** testing if installed package keeps a record of temporary installation path
* creating tarball
packaged installation of ‘forcats’ as ‘forcats_1.0.0_R_x86_64-pc-linux-gnu.tar.gz’
* DONE (forcats)
* installing *source* package ‘hms’ ...
** this is package ‘hms’ version ‘1.1.3’
** package ‘hms’ successfully unpacked and MD5 sums checked
** using staged installation
** R
** byte-compile and prepare package for lazy loading
** help
*** installing help indices
*** copying figures
** building package indices
** testing if installed package can be loaded from temporary location
** testing if installed package can be loaded from final location
** testing if installed package keeps a record of temporary installation path
* creating tarball
packaged installation of ‘hms’ as ‘hms_1.1.3_R_x86_64-pc-linux-gnu.tar.gz’
* DONE (hms)
* installing *source* package ‘httr’ ...
** this is package ‘httr’ version ‘1.4.7’
** package ‘httr’ successfully unpacked and MD5 sums checked
** using staged installation
** R
** demo
** inst
** byte-compile and prepare package for lazy loading
** help
*** installing help indices
** building package indices
** installing vignettes
** testing if installed package can be loaded from temporary location
** testing if installed package can be loaded from final location
** testing if installed package keeps a record of temporary installation path
* creating tarball
packaged installation of ‘httr’ as ‘httr_1.4.7_R_x86_64-pc-linux-gnu.tar.gz’
* DONE (httr)
* installing *source* package ‘reprex’ ...
** this is package ‘reprex’ version ‘2.1.1’
** package ‘reprex’ successfully unpacked and MD5 sums checked
** using staged installation
** R
** inst
** byte-compile and prepare package for lazy loading
** help
*** installing help indices
*** copying figures
** building package indices
** installing vignettes
** testing if installed package can be loaded from temporary location
** testing if installed package can be loaded from final location
** testing if installed package keeps a record of temporary installation path
* creating tarball
packaged installation of ‘reprex’ as ‘reprex_2.1.1_R_x86_64-pc-linux-gnu.tar.gz’
* DONE (reprex)
* installing *source* package ‘bookdown’ ...
** this is package ‘bookdown’ version ‘0.43’
** package ‘bookdown’ successfully unpacked and MD5 sums checked
** using staged installation
** R
** inst
** byte-compile and prepare package for lazy loading
** help
*** installing help indices
*** copying figures
** building package indices
** installing vignettes
** testing if installed package can be loaded from temporary location
** testing if installed package can be loaded from final location
** testing if installed package keeps a record of temporary installation path
* creating tarball
packaged installation of ‘bookdown’ as ‘bookdown_0.43_R_x86_64-pc-linux-gnu.tar.gz’
* DONE (bookdown)
* installing *source* package ‘bit64’ ...
** this is package ‘bit64’ version ‘4.6.0-1’
** package ‘bit64’ successfully unpacked and MD5 sums checked
** using staged installation
** libs
using C compiler: ‘gcc (Ubuntu 13.3.0-6ubuntu2~24.04) 13.3.0’
gcc -std=gnu2x -I"/usr/local/lib/R/include" -DNDEBUG   -I/usr/local/include    -fpic  -g -O2 -fstack-protector-strong -Wformat -Werror=format-security -Wdate-time -D_FORTIFY_SOURCE=2 -g  -c bsearch.c -o bsearch.o
gcc -std=gnu2x -I"/usr/local/lib/R/include" -DNDEBUG   -I/usr/local/include    -fpic  -g -O2 -fstack-protector-strong -Wformat -Werror=format-security -Wdate-time -D_FORTIFY_SOURCE=2 -g  -c cache.c -o cache.o
gcc -std=gnu2x -I"/usr/local/lib/R/include" -DNDEBUG   -I/usr/local/include    -fpic  -g -O2 -fstack-protector-strong -Wformat -Werror=format-security -Wdate-time -D_FORTIFY_SOURCE=2 -g  -c hash64.c -o hash64.o
gcc -std=gnu2x -I"/usr/local/lib/R/include" -DNDEBUG   -I/usr/local/include    -fpic  -g -O2 -fstack-protector-strong -Wformat -Werror=format-security -Wdate-time -D_FORTIFY_SOURCE=2 -g  -c init.c -o init.o
gcc -std=gnu2x -I"/usr/local/lib/R/include" -DNDEBUG   -I/usr/local/include    -fpic  -g -O2 -fstack-protector-strong -Wformat -Werror=format-security -Wdate-time -D_FORTIFY_SOURCE=2 -g  -c integer64.c -o integer64.o
gcc -std=gnu2x -I"/usr/local/lib/R/include" -DNDEBUG   -I/usr/local/include    -fpic  -g -O2 -fstack-protector-strong -Wformat -Werror=format-security -Wdate-time -D_FORTIFY_SOURCE=2 -g  -c sort64.c -o sort64.o
gcc -std=gnu2x -I"/usr/local/lib/R/include" -DNDEBUG   -I/usr/local/include    -fpic  -g -O2 -fstack-protector-strong -Wformat -Werror=format-security -Wdate-time -D_FORTIFY_SOURCE=2 -g  -c sortuse64.c -o sortuse64.o
gcc -std=gnu2x -shared -L/usr/local/lib/R/lib -L/usr/local/lib -o bit64.so bsearch.o cache.o hash64.o init.o integer64.o sort64.o sortuse64.o -lm -L/usr/local/lib/R/lib -lR
installing to /usr/local/lib/R/site-library/00LOCK-bit64/00new/bit64/libs
** R
** data
** inst
** byte-compile and prepare package for lazy loading
** help
*** installing help indices
** building package indices
** testing if installed package can be loaded from temporary location
** checking absolute paths in shared objects and dynamic libraries
** testing if installed package can be loaded from final location
** testing if installed package keeps a record of temporary installation path
* creating tarball
packaged installation of ‘bit64’ as ‘bit64_4.6.0-1_R_x86_64-pc-linux-gnu.tar.gz’
* DONE (bit64)
* installing *source* package ‘gargle’ ...
** this is package ‘gargle’ version ‘1.5.2’
** package ‘gargle’ successfully unpacked and MD5 sums checked
** using staged installation
** R
** inst
** byte-compile and prepare package for lazy loading
** help
*** installing help indices
*** copying figures
** building package indices
** installing vignettes
** testing if installed package can be loaded from temporary location
** testing if installed package can be loaded from final location
** testing if installed package keeps a record of temporary installation path
* creating tarball
packaged installation of ‘gargle’ as ‘gargle_1.5.2_R_x86_64-pc-linux-gnu.tar.gz’
* DONE (gargle)
* installing *source* package ‘cellranger’ ...
** this is package ‘cellranger’ version ‘1.1.0’
** package ‘cellranger’ successfully unpacked and MD5 sums checked
** using staged installation
** R
** inst
** byte-compile and prepare package for lazy loading
** help
*** installing help indices
** building package indices
** installing vignettes
** testing if installed package can be loaded from temporary location
** testing if installed package can be loaded from final location
** testing if installed package keeps a record of temporary installation path
* creating tarball
packaged installation of ‘cellranger’ as ‘cellranger_1.1.0_R_x86_64-pc-linux-gnu.tar.gz’
* DONE (cellranger)
* installing *source* package ‘ids’ ...
** this is package ‘ids’ version ‘1.0.1’
** package ‘ids’ successfully unpacked and MD5 sums checked
** using staged installation
** R
** inst
** byte-compile and prepare package for lazy loading
** help
*** installing help indices
** building package indices
** installing vignettes
** testing if installed package can be loaded from temporary location
** testing if installed package can be loaded from final location
** testing if installed package keeps a record of temporary installation path
* creating tarball
packaged installation of ‘ids’ as ‘ids_1.0.1_R_x86_64-pc-linux-gnu.tar.gz’
* DONE (ids)
* installing *source* package ‘progress’ ...
** this is package ‘progress’ version ‘1.2.3’
** package ‘progress’ successfully unpacked and MD5 sums checked
** using staged installation
** R
** inst
** byte-compile and prepare package for lazy loading
** help
*** installing help indices
*** copying figures
** building package indices
** testing if installed package can be loaded from temporary location
** testing if installed package can be loaded from final location
** testing if installed package keeps a record of temporary installation path
* creating tarball
packaged installation of ‘progress’ as ‘progress_1.2.3_R_x86_64-pc-linux-gnu.tar.gz’
* DONE (progress)
* installing *source* package ‘BiocGenerics’ ...
** this is package ‘BiocGenerics’ version ‘0.54.0’
** using staged installation
** R
** inst
** byte-compile and prepare package for lazy loading
Creating a new generic function for ‘aperm’ in package ‘BiocGenerics’
Creating a new generic function for ‘append’ in package ‘BiocGenerics’
Creating a new generic function for ‘as.data.frame’ in package ‘BiocGenerics’
Creating a new generic function for ‘cbind’ in package ‘BiocGenerics’
Creating a new generic function for ‘rbind’ in package ‘BiocGenerics’
Creating a new generic function for ‘do.call’ in package ‘BiocGenerics’
Creating a new generic function for ‘duplicated’ in package ‘BiocGenerics’
Creating a new generic function for ‘anyDuplicated’ in package ‘BiocGenerics’
Creating a new generic function for ‘eval’ in package ‘BiocGenerics’
Creating a new generic function for ‘pmax’ in package ‘BiocGenerics’
Creating a new generic function for ‘pmin’ in package ‘BiocGenerics’
Creating a new generic function for ‘pmax.int’ in package ‘BiocGenerics’
Creating a new generic function for ‘pmin.int’ in package ‘BiocGenerics’
Creating a new generic function for ‘Reduce’ in package ‘BiocGenerics’
Creating a new generic function for ‘Filter’ in package ‘BiocGenerics’
Creating a new generic function for ‘Find’ in package ‘BiocGenerics’
Creating a new generic function for ‘Map’ in package ‘BiocGenerics’
Creating a new generic function for ‘Position’ in package ‘BiocGenerics’
Creating a new generic function for ‘get’ in package ‘BiocGenerics’
Creating a new generic function for ‘mget’ in package ‘BiocGenerics’
Creating a new generic function for ‘grep’ in package ‘BiocGenerics’
Creating a new generic function for ‘grepl’ in package ‘BiocGenerics’
Creating a new generic function for ‘is.unsorted’ in package ‘BiocGenerics’
Creating a new generic function for ‘lapply’ in package ‘BiocGenerics’
Creating a new generic function for ‘sapply’ in package ‘BiocGenerics’
Creating a new generic function for ‘mapply’ in package ‘BiocGenerics’
Creating a new generic function for ‘match’ in package ‘BiocGenerics’
Creating a new generic function for ‘order’ in package ‘BiocGenerics’
Creating a new generic function for ‘paste’ in package ‘BiocGenerics’
Creating a new generic function for ‘rank’ in package ‘BiocGenerics’
Creating a new generic function for ‘rownames’ in package ‘BiocGenerics’
Creating a new generic function for ‘colnames’ in package ‘BiocGenerics’
Creating a new generic function for ‘saveRDS’ in package ‘BiocGenerics’
Creating a new generic function for ‘table’ in package ‘BiocGenerics’
Creating a new generic function for ‘tapply’ in package ‘BiocGenerics’
Creating a new generic function for ‘unique’ in package ‘BiocGenerics’
Creating a new generic function for ‘unsplit’ in package ‘BiocGenerics’
Creating a new generic function for ‘which.min’ in package ‘BiocGenerics’
Creating a new generic function for ‘which.max’ in package ‘BiocGenerics’
Creating a new generic function for ‘IQR’ in package ‘BiocGenerics’
Creating a new generic function for ‘mad’ in package ‘BiocGenerics’
Creating a new generic function for ‘var’ in package ‘BiocGenerics’
Creating a new generic function for ‘sd’ in package ‘BiocGenerics’
Creating a new generic function for ‘xtabs’ in package ‘BiocGenerics’
Creating a new generic function for ‘basename’ in package ‘BiocGenerics’
Creating a new generic function for ‘dirname’ in package ‘BiocGenerics’
** help
*** installing help indices
** building package indices
** testing if installed package can be loaded from temporary location
** testing if installed package can be loaded from final location
** testing if installed package keeps a record of temporary installation path
* creating tarball
packaged installation of ‘BiocGenerics’ as ‘BiocGenerics_0.54.0_R_x86_64-pc-linux-gnu.tar.gz’
* DONE (BiocGenerics)
* installing *source* package ‘RCurl’ ...
** this is package ‘RCurl’ version ‘1.98-1.17’
** package ‘RCurl’ successfully unpacked and MD5 sums checked
** using staged installation
checking for curl-config... /usr/bin/curl-config
checking for gcc... gcc -std=gnu2x
checking whether the C compiler works... yes
checking for C compiler default output file name... a.out
checking for suffix of executables... 
checking whether we are cross compiling... no
checking for suffix of object files... o
checking whether the compiler supports GNU C... yes
checking whether gcc -std=gnu2x accepts -g... yes
checking for gcc -std=gnu2x option to enable C11 features... none needed
checking how to run the C preprocessor... gcc -std=gnu2x -E
Version has a libidn field
Version has CURLOPT_URL
Version has CURLINFO_EFFECTIVE_URL
Version has CURLINFO_RESPONSE_CODE
Version has CURLINFO_TOTAL_TIME
Version has CURLINFO_NAMELOOKUP_TIME
Version has CURLINFO_CONNECT_TIME
Version has CURLINFO_PRETRANSFER_TIME
Version has CURLINFO_SIZE_UPLOAD
Version has CURLINFO_SIZE_DOWNLOAD
Version has CURLINFO_SPEED_DOWNLOAD
Version has CURLINFO_SPEED_UPLOAD
Version has CURLINFO_HEADER_SIZE
Version has CURLINFO_REQUEST_SIZE
Version has CURLINFO_SSL_VERIFYRESULT
Version has CURLINFO_FILETIME
Version has CURLINFO_CONTENT_LENGTH_DOWNLOAD
Version has CURLINFO_CONTENT_LENGTH_UPLOAD
Version has CURLINFO_STARTTRANSFER_TIME
Version has CURLINFO_CONTENT_TYPE
Version has CURLINFO_REDIRECT_TIME
Version has CURLINFO_REDIRECT_COUNT
Version has CURLINFO_PRIVATE
Version has CURLINFO_HTTP_CONNECTCODE
Version has CURLINFO_HTTPAUTH_AVAIL
Version has CURLINFO_PROXYAUTH_AVAIL
Version has CURLINFO_OS_ERRNO
Version has CURLINFO_NUM_CONNECTS
Version has CURLINFO_SSL_ENGINES
Version has CURLINFO_COOKIELIST
Version has CURLINFO_LASTSOCKET
Version has CURLINFO_FTP_ENTRY_PATH
Version has CURLINFO_REDIRECT_URL
Version has CURLINFO_PRIMARY_IP
Version has CURLINFO_APPCONNECT_TIME
Version has CURLINFO_CERTINFO
Version has CURLINFO_CONDITION_UNMET
Version has CURLOPT_WRITEDATA
Version has CURLOPT_KEYPASSWD
Version has CURLOPT_DIRLISTONLY
Version has CURLOPT_APPEND
Version has CURLOPT_KRBLEVEL
Version has CURLOPT_USE_SSL
Version has CURLOPT_TIMEOUT_MS
Version has CURLOPT_CONNECTTIMEOUT_MS
Version has CURLOPT_HTTP_TRANSFER_DECODING
Version has CURLOPT_HTTP_CONTENT_DECODING
Version has CURLOPT_NEW_FILE_PERMS
Version has CURLOPT_NEW_DIRECTORY_PERMS
Version has CURLOPT_POSTREDIR
Version has CURLOPT_OPENSOCKETFUNCTION
Version has CURLOPT_OPENSOCKETDATA
Version has CURLOPT_COPYPOSTFIELDS
Version has CURLOPT_PROXY_TRANSFER_MODE
Version has CURLOPT_SEEKFUNCTION
Version has CURLOPT_SEEKDATA
Version has CURLOPT_CRLFILE
Version has CURLOPT_ISSUERCERT
Version has CURLOPT_ADDRESS_SCOPE
Version has CURLOPT_CERTINFO
Version has CURLOPT_USERNAME
Version has CURLOPT_PASSWORD
Version has CURLOPT_PROXYUSERNAME
Version has CURLOPT_PROXYPASSWORD
Version has CURLOPT_SSH_HOST_PUBLIC_KEY_MD5
Version has CURLOPT_NOPROXY
Version has CURLOPT_TFTP_BLKSIZE
Version has CURLOPT_SOCKS5_GSSAPI_SERVICE
Version has CURLOPT_SOCKS5_GSSAPI_NEC
Version has CURLOPT_PROTOCOLS
Version has CURLOPT_REDIR_PROTOCOLS
Version has CURLOPT_SSH_AUTH_TYPES
Version has CURLOPT_SSH_PUBLIC_KEYFILE
Version has CURLOPT_SSH_PRIVATE_KEYFILE
Version has CURLOPT_FTP_SSL_CCC
Version has CURLOPT_COOKIELIST
Version has CURLOPT_IGNORE_CONTENT_LENGTH
Version has CURLOPT_FTP_SKIP_PASV_IP
Version has CURLOPT_FTP_FILEMETHOD
Version has CURLOPT_LOCALPORT
Version has CURLOPT_LOCALPORTRANGE
Version has CURLOPT_CONNECT_ONLY
Version has CURLOPT_CONV_FROM_NETWORK_FUNCTION
Version has CURLOPT_CONV_TO_NETWORK_FUNCTION
Version has CURLOPT_CONV_FROM_UTF8_FUNCTION
Version has CURLOPT_MAX_SEND_SPEED_LARGE
Version has CURLOPT_MAX_RECV_SPEED_LARGE
Version has CURLOPT_FTP_ALTERNATIVE_TO_USER
Version has CURLOPT_SOCKOPTFUNCTION
Version has CURLOPT_SOCKOPTDATA
Version has CURLOPT_SSL_SESSIONID_CACHE
libcurl version: libcurl 8.5.0
configure: creating ./config.status
config.status: creating src/Makevars
** libs
using C compiler: ‘gcc (Ubuntu 13.3.0-6ubuntu2~24.04) 13.3.0’
gcc -std=gnu2x -I"/usr/local/lib/R/include" -DNDEBUG -DCURL_DISABLE_DEPRECATION -DHAVE_LIBIDN_FIELD=1 -DHAVE_CURLOPT_URL=1 -DHAVE_CURLINFO_EFFECTIVE_URL=1 -DHAVE_CURLINFO_RESPONSE_CODE=1 -DHAVE_CURLINFO_TOTAL_TIME=1 -DHAVE_CURLINFO_NAMELOOKUP_TIME=1 -DHAVE_CURLINFO_CONNECT_TIME=1 -DHAVE_CURLINFO_PRETRANSFER_TIME=1 -DHAVE_CURLINFO_SIZE_UPLOAD=1 -DHAVE_CURLINFO_SIZE_DOWNLOAD=1 -DHAVE_CURLINFO_SPEED_DOWNLOAD=1 -DHAVE_CURLINFO_SPEED_UPLOAD=1 -DHAVE_CURLINFO_HEADER_SIZE=1 -DHAVE_CURLINFO_REQUEST_SIZE=1 -DHAVE_CURLINFO_SSL_VERIFYRESULT=1 -DHAVE_CURLINFO_FILETIME=1 -DHAVE_CURLINFO_CONTENT_LENGTH_DOWNLOAD=1 -DHAVE_CURLINFO_CONTENT_LENGTH_UPLOAD=1 -DHAVE_CURLINFO_STARTTRANSFER_TIME=1 -DHAVE_CURLINFO_CONTENT_TYPE=1 -DHAVE_CURLINFO_REDIRECT_TIME=1 -DHAVE_CURLINFO_REDIRECT_COUNT=1 -DHAVE_CURLINFO_PRIVATE=1 -DHAVE_CURLINFO_HTTP_CONNECTCODE=1 -DHAVE_CURLINFO_HTTPAUTH_AVAIL=1 -DHAVE_CURLINFO_PROXYAUTH_AVAIL=1 -DHAVE_CURLINFO_OS_ERRNO=1 -DHAVE_CURLINFO_NUM_CONNECTS=1 -DHAVE_CURLINFO_SSL_ENGINES=1 -DHAVE_CURLINFO_COOKIELIST=1 -DHAVE_CURLINFO_LASTSOCKET=1 -DHAVE_CURLINFO_FTP_ENTRY_PATH=1 -DHAVE_CURLINFO_REDIRECT_URL=1 -DHAVE_CURLINFO_PRIMARY_IP=1 -DHAVE_CURLINFO_APPCONNECT_TIME=1 -DHAVE_CURLINFO_CERTINFO=1 -DHAVE_CURLINFO_CONDITION_UNMET=1 -DHAVE_CURLOPT_WRITEDATA=1 -DHAVE_CURLOPT_KEYPASSWD=1 -DHAVE_CURLOPT_DIRLISTONLY=1 -DHAVE_CURLOPT_APPEND=1 -DHAVE_CURLOPT_KRBLEVEL=1 -DHAVE_CURLOPT_USE_SSL=1 -DHAVE_CURLOPT_TIMEOUT_MS=1 -DHAVE_CURLOPT_CONNECTTIMEOUT_MS=1 -DHAVE_CURLOPT_HTTP_TRANSFER_DECODING=1 -DHAVE_CURLOPT_HTTP_CONTENT_DECODING=1 -DHAVE_CURLOPT_NEW_FILE_PERMS=1 -DHAVE_CURLOPT_NEW_DIRECTORY_PERMS=1 -DHAVE_CURLOPT_POSTREDIR=1 -DHAVE_CURLOPT_OPENSOCKETFUNCTION=1 -DHAVE_CURLOPT_OPENSOCKETDATA=1 -DHAVE_CURLOPT_COPYPOSTFIELDS=1 -DHAVE_CURLOPT_PROXY_TRANSFER_MODE=1 -DHAVE_CURLOPT_SEEKFUNCTION=1 -DHAVE_CURLOPT_SEEKDATA=1 -DHAVE_CURLOPT_CRLFILE=1 -DHAVE_CURLOPT_ISSUERCERT=1 -DHAVE_CURLOPT_ADDRESS_SCOPE=1 -DHAVE_CURLOPT_CERTINFO=1 -DHAVE_CURLOPT_USERNAME=1 -DHAVE_CURLOPT_PASSWORD=1 -DHAVE_CURLOPT_PROXYUSERNAME=1 -DHAVE_CURLOPT_PROXYPASSWORD=1 -DHAVE_CURLOPT_SSH_HOST_PUBLIC_KEY_MD5=1 -DHAVE_CURLOPT_NOPROXY=1 -DHAVE_CURLOPT_TFTP_BLKSIZE=1 -DHAVE_CURLOPT_SOCKS5_GSSAPI_SERVICE=1 -DHAVE_CURLOPT_SOCKS5_GSSAPI_NEC=1 -DHAVE_CURLOPT_PROTOCOLS=1 -DHAVE_CURLOPT_REDIR_PROTOCOLS=1 -DHAVE_CURLOPT_SSH_AUTH_TYPES=1 -DHAVE_CURLOPT_SSH_PUBLIC_KEYFILE=1 -DHAVE_CURLOPT_SSH_PRIVATE_KEYFILE=1 -DHAVE_CURLOPT_FTP_SSL_CCC=1 -DHAVE_CURLOPT_COOKIELIST=1 -DHAVE_CURLOPT_IGNORE_CONTENT_LENGTH=1 -DHAVE_CURLOPT_FTP_SKIP_PASV_IP=1 -DHAVE_CURLOPT_FTP_FILEMETHOD=1 -DHAVE_CURLOPT_LOCALPORT=1 -DHAVE_CURLOPT_LOCALPORTRANGE=1 -DHAVE_CURLOPT_CONNECT_ONLY=1 -DHAVE_CURLOPT_CONV_FROM_NETWORK_FUNCTION=1 -DHAVE_CURLOPT_CONV_TO_NETWORK_FUNCTION=1 -DHAVE_CURLOPT_CONV_FROM_UTF8_FUNCTION=1 -DHAVE_CURLOPT_MAX_SEND_SPEED_LARGE=1 -DHAVE_CURLOPT_MAX_RECV_SPEED_LARGE=1 -DHAVE_CURLOPT_FTP_ALTERNATIVE_TO_USER=1 -DHAVE_CURLOPT_SOCKOPTFUNCTION=1 -DHAVE_CURLOPT_SOCKOPTDATA=1 -DHAVE_CURLOPT_SSL_SESSIONID_CACHE=1 -I/usr/include/libxml2  -I/usr/local/include    -fpic  -g -O2 -fstack-protector-strong -Wformat -Werror=format-security -Wdate-time -D_FORTIFY_SOURCE=2 -g  -c base64.c -o base64.o
gcc -std=gnu2x -I"/usr/local/lib/R/include" -DNDEBUG -DCURL_DISABLE_DEPRECATION -DHAVE_LIBIDN_FIELD=1 -DHAVE_CURLOPT_URL=1 -DHAVE_CURLINFO_EFFECTIVE_URL=1 -DHAVE_CURLINFO_RESPONSE_CODE=1 -DHAVE_CURLINFO_TOTAL_TIME=1 -DHAVE_CURLINFO_NAMELOOKUP_TIME=1 -DHAVE_CURLINFO_CONNECT_TIME=1 -DHAVE_CURLINFO_PRETRANSFER_TIME=1 -DHAVE_CURLINFO_SIZE_UPLOAD=1 -DHAVE_CURLINFO_SIZE_DOWNLOAD=1 -DHAVE_CURLINFO_SPEED_DOWNLOAD=1 -DHAVE_CURLINFO_SPEED_UPLOAD=1 -DHAVE_CURLINFO_HEADER_SIZE=1 -DHAVE_CURLINFO_REQUEST_SIZE=1 -DHAVE_CURLINFO_SSL_VERIFYRESULT=1 -DHAVE_CURLINFO_FILETIME=1 -DHAVE_CURLINFO_CONTENT_LENGTH_DOWNLOAD=1 -DHAVE_CURLINFO_CONTENT_LENGTH_UPLOAD=1 -DHAVE_CURLINFO_STARTTRANSFER_TIME=1 -DHAVE_CURLINFO_CONTENT_TYPE=1 -DHAVE_CURLINFO_REDIRECT_TIME=1 -DHAVE_CURLINFO_REDIRECT_COUNT=1 -DHAVE_CURLINFO_PRIVATE=1 -DHAVE_CURLINFO_HTTP_CONNECTCODE=1 -DHAVE_CURLINFO_HTTPAUTH_AVAIL=1 -DHAVE_CURLINFO_PROXYAUTH_AVAIL=1 -DHAVE_CURLINFO_OS_ERRNO=1 -DHAVE_CURLINFO_NUM_CONNECTS=1 -DHAVE_CURLINFO_SSL_ENGINES=1 -DHAVE_CURLINFO_COOKIELIST=1 -DHAVE_CURLINFO_LASTSOCKET=1 -DHAVE_CURLINFO_FTP_ENTRY_PATH=1 -DHAVE_CURLINFO_REDIRECT_URL=1 -DHAVE_CURLINFO_PRIMARY_IP=1 -DHAVE_CURLINFO_APPCONNECT_TIME=1 -DHAVE_CURLINFO_CERTINFO=1 -DHAVE_CURLINFO_CONDITION_UNMET=1 -DHAVE_CURLOPT_WRITEDATA=1 -DHAVE_CURLOPT_KEYPASSWD=1 -DHAVE_CURLOPT_DIRLISTONLY=1 -DHAVE_CURLOPT_APPEND=1 -DHAVE_CURLOPT_KRBLEVEL=1 -DHAVE_CURLOPT_USE_SSL=1 -DHAVE_CURLOPT_TIMEOUT_MS=1 -DHAVE_CURLOPT_CONNECTTIMEOUT_MS=1 -DHAVE_CURLOPT_HTTP_TRANSFER_DECODING=1 -DHAVE_CURLOPT_HTTP_CONTENT_DECODING=1 -DHAVE_CURLOPT_NEW_FILE_PERMS=1 -DHAVE_CURLOPT_NEW_DIRECTORY_PERMS=1 -DHAVE_CURLOPT_POSTREDIR=1 -DHAVE_CURLOPT_OPENSOCKETFUNCTION=1 -DHAVE_CURLOPT_OPENSOCKETDATA=1 -DHAVE_CURLOPT_COPYPOSTFIELDS=1 -DHAVE_CURLOPT_PROXY_TRANSFER_MODE=1 -DHAVE_CURLOPT_SEEKFUNCTION=1 -DHAVE_CURLOPT_SEEKDATA=1 -DHAVE_CURLOPT_CRLFILE=1 -DHAVE_CURLOPT_ISSUERCERT=1 -DHAVE_CURLOPT_ADDRESS_SCOPE=1 -DHAVE_CURLOPT_CERTINFO=1 -DHAVE_CURLOPT_USERNAME=1 -DHAVE_CURLOPT_PASSWORD=1 -DHAVE_CURLOPT_PROXYUSERNAME=1 -DHAVE_CURLOPT_PROXYPASSWORD=1 -DHAVE_CURLOPT_SSH_HOST_PUBLIC_KEY_MD5=1 -DHAVE_CURLOPT_NOPROXY=1 -DHAVE_CURLOPT_TFTP_BLKSIZE=1 -DHAVE_CURLOPT_SOCKS5_GSSAPI_SERVICE=1 -DHAVE_CURLOPT_SOCKS5_GSSAPI_NEC=1 -DHAVE_CURLOPT_PROTOCOLS=1 -DHAVE_CURLOPT_REDIR_PROTOCOLS=1 -DHAVE_CURLOPT_SSH_AUTH_TYPES=1 -DHAVE_CURLOPT_SSH_PUBLIC_KEYFILE=1 -DHAVE_CURLOPT_SSH_PRIVATE_KEYFILE=1 -DHAVE_CURLOPT_FTP_SSL_CCC=1 -DHAVE_CURLOPT_COOKIELIST=1 -DHAVE_CURLOPT_IGNORE_CONTENT_LENGTH=1 -DHAVE_CURLOPT_FTP_SKIP_PASV_IP=1 -DHAVE_CURLOPT_FTP_FILEMETHOD=1 -DHAVE_CURLOPT_LOCALPORT=1 -DHAVE_CURLOPT_LOCALPORTRANGE=1 -DHAVE_CURLOPT_CONNECT_ONLY=1 -DHAVE_CURLOPT_CONV_FROM_NETWORK_FUNCTION=1 -DHAVE_CURLOPT_CONV_TO_NETWORK_FUNCTION=1 -DHAVE_CURLOPT_CONV_FROM_UTF8_FUNCTION=1 -DHAVE_CURLOPT_MAX_SEND_SPEED_LARGE=1 -DHAVE_CURLOPT_MAX_RECV_SPEED_LARGE=1 -DHAVE_CURLOPT_FTP_ALTERNATIVE_TO_USER=1 -DHAVE_CURLOPT_SOCKOPTFUNCTION=1 -DHAVE_CURLOPT_SOCKOPTDATA=1 -DHAVE_CURLOPT_SSL_SESSIONID_CACHE=1 -I/usr/include/libxml2  -I/usr/local/include    -fpic  -g -O2 -fstack-protector-strong -Wformat -Werror=format-security -Wdate-time -D_FORTIFY_SOURCE=2 -g  -c curl.c -o curl.o
gcc -std=gnu2x -I"/usr/local/lib/R/include" -DNDEBUG -DCURL_DISABLE_DEPRECATION -DHAVE_LIBIDN_FIELD=1 -DHAVE_CURLOPT_URL=1 -DHAVE_CURLINFO_EFFECTIVE_URL=1 -DHAVE_CURLINFO_RESPONSE_CODE=1 -DHAVE_CURLINFO_TOTAL_TIME=1 -DHAVE_CURLINFO_NAMELOOKUP_TIME=1 -DHAVE_CURLINFO_CONNECT_TIME=1 -DHAVE_CURLINFO_PRETRANSFER_TIME=1 -DHAVE_CURLINFO_SIZE_UPLOAD=1 -DHAVE_CURLINFO_SIZE_DOWNLOAD=1 -DHAVE_CURLINFO_SPEED_DOWNLOAD=1 -DHAVE_CURLINFO_SPEED_UPLOAD=1 -DHAVE_CURLINFO_HEADER_SIZE=1 -DHAVE_CURLINFO_REQUEST_SIZE=1 -DHAVE_CURLINFO_SSL_VERIFYRESULT=1 -DHAVE_CURLINFO_FILETIME=1 -DHAVE_CURLINFO_CONTENT_LENGTH_DOWNLOAD=1 -DHAVE_CURLINFO_CONTENT_LENGTH_UPLOAD=1 -DHAVE_CURLINFO_STARTTRANSFER_TIME=1 -DHAVE_CURLINFO_CONTENT_TYPE=1 -DHAVE_CURLINFO_REDIRECT_TIME=1 -DHAVE_CURLINFO_REDIRECT_COUNT=1 -DHAVE_CURLINFO_PRIVATE=1 -DHAVE_CURLINFO_HTTP_CONNECTCODE=1 -DHAVE_CURLINFO_HTTPAUTH_AVAIL=1 -DHAVE_CURLINFO_PROXYAUTH_AVAIL=1 -DHAVE_CURLINFO_OS_ERRNO=1 -DHAVE_CURLINFO_NUM_CONNECTS=1 -DHAVE_CURLINFO_SSL_ENGINES=1 -DHAVE_CURLINFO_COOKIELIST=1 -DHAVE_CURLINFO_LASTSOCKET=1 -DHAVE_CURLINFO_FTP_ENTRY_PATH=1 -DHAVE_CURLINFO_REDIRECT_URL=1 -DHAVE_CURLINFO_PRIMARY_IP=1 -DHAVE_CURLINFO_APPCONNECT_TIME=1 -DHAVE_CURLINFO_CERTINFO=1 -DHAVE_CURLINFO_CONDITION_UNMET=1 -DHAVE_CURLOPT_WRITEDATA=1 -DHAVE_CURLOPT_KEYPASSWD=1 -DHAVE_CURLOPT_DIRLISTONLY=1 -DHAVE_CURLOPT_APPEND=1 -DHAVE_CURLOPT_KRBLEVEL=1 -DHAVE_CURLOPT_USE_SSL=1 -DHAVE_CURLOPT_TIMEOUT_MS=1 -DHAVE_CURLOPT_CONNECTTIMEOUT_MS=1 -DHAVE_CURLOPT_HTTP_TRANSFER_DECODING=1 -DHAVE_CURLOPT_HTTP_CONTENT_DECODING=1 -DHAVE_CURLOPT_NEW_FILE_PERMS=1 -DHAVE_CURLOPT_NEW_DIRECTORY_PERMS=1 -DHAVE_CURLOPT_POSTREDIR=1 -DHAVE_CURLOPT_OPENSOCKETFUNCTION=1 -DHAVE_CURLOPT_OPENSOCKETDATA=1 -DHAVE_CURLOPT_COPYPOSTFIELDS=1 -DHAVE_CURLOPT_PROXY_TRANSFER_MODE=1 -DHAVE_CURLOPT_SEEKFUNCTION=1 -DHAVE_CURLOPT_SEEKDATA=1 -DHAVE_CURLOPT_CRLFILE=1 -DHAVE_CURLOPT_ISSUERCERT=1 -DHAVE_CURLOPT_ADDRESS_SCOPE=1 -DHAVE_CURLOPT_CERTINFO=1 -DHAVE_CURLOPT_USERNAME=1 -DHAVE_CURLOPT_PASSWORD=1 -DHAVE_CURLOPT_PROXYUSERNAME=1 -DHAVE_CURLOPT_PROXYPASSWORD=1 -DHAVE_CURLOPT_SSH_HOST_PUBLIC_KEY_MD5=1 -DHAVE_CURLOPT_NOPROXY=1 -DHAVE_CURLOPT_TFTP_BLKSIZE=1 -DHAVE_CURLOPT_SOCKS5_GSSAPI_SERVICE=1 -DHAVE_CURLOPT_SOCKS5_GSSAPI_NEC=1 -DHAVE_CURLOPT_PROTOCOLS=1 -DHAVE_CURLOPT_REDIR_PROTOCOLS=1 -DHAVE_CURLOPT_SSH_AUTH_TYPES=1 -DHAVE_CURLOPT_SSH_PUBLIC_KEYFILE=1 -DHAVE_CURLOPT_SSH_PRIVATE_KEYFILE=1 -DHAVE_CURLOPT_FTP_SSL_CCC=1 -DHAVE_CURLOPT_COOKIELIST=1 -DHAVE_CURLOPT_IGNORE_CONTENT_LENGTH=1 -DHAVE_CURLOPT_FTP_SKIP_PASV_IP=1 -DHAVE_CURLOPT_FTP_FILEMETHOD=1 -DHAVE_CURLOPT_LOCALPORT=1 -DHAVE_CURLOPT_LOCALPORTRANGE=1 -DHAVE_CURLOPT_CONNECT_ONLY=1 -DHAVE_CURLOPT_CONV_FROM_NETWORK_FUNCTION=1 -DHAVE_CURLOPT_CONV_TO_NETWORK_FUNCTION=1 -DHAVE_CURLOPT_CONV_FROM_UTF8_FUNCTION=1 -DHAVE_CURLOPT_MAX_SEND_SPEED_LARGE=1 -DHAVE_CURLOPT_MAX_RECV_SPEED_LARGE=1 -DHAVE_CURLOPT_FTP_ALTERNATIVE_TO_USER=1 -DHAVE_CURLOPT_SOCKOPTFUNCTION=1 -DHAVE_CURLOPT_SOCKOPTDATA=1 -DHAVE_CURLOPT_SSL_SESSIONID_CACHE=1 -I/usr/include/libxml2  -I/usr/local/include    -fpic  -g -O2 -fstack-protector-strong -Wformat -Werror=format-security -Wdate-time -D_FORTIFY_SOURCE=2 -g  -c curlInit.c -o curlInit.o
gcc -std=gnu2x -I"/usr/local/lib/R/include" -DNDEBUG -DCURL_DISABLE_DEPRECATION -DHAVE_LIBIDN_FIELD=1 -DHAVE_CURLOPT_URL=1 -DHAVE_CURLINFO_EFFECTIVE_URL=1 -DHAVE_CURLINFO_RESPONSE_CODE=1 -DHAVE_CURLINFO_TOTAL_TIME=1 -DHAVE_CURLINFO_NAMELOOKUP_TIME=1 -DHAVE_CURLINFO_CONNECT_TIME=1 -DHAVE_CURLINFO_PRETRANSFER_TIME=1 -DHAVE_CURLINFO_SIZE_UPLOAD=1 -DHAVE_CURLINFO_SIZE_DOWNLOAD=1 -DHAVE_CURLINFO_SPEED_DOWNLOAD=1 -DHAVE_CURLINFO_SPEED_UPLOAD=1 -DHAVE_CURLINFO_HEADER_SIZE=1 -DHAVE_CURLINFO_REQUEST_SIZE=1 -DHAVE_CURLINFO_SSL_VERIFYRESULT=1 -DHAVE_CURLINFO_FILETIME=1 -DHAVE_CURLINFO_CONTENT_LENGTH_DOWNLOAD=1 -DHAVE_CURLINFO_CONTENT_LENGTH_UPLOAD=1 -DHAVE_CURLINFO_STARTTRANSFER_TIME=1 -DHAVE_CURLINFO_CONTENT_TYPE=1 -DHAVE_CURLINFO_REDIRECT_TIME=1 -DHAVE_CURLINFO_REDIRECT_COUNT=1 -DHAVE_CURLINFO_PRIVATE=1 -DHAVE_CURLINFO_HTTP_CONNECTCODE=1 -DHAVE_CURLINFO_HTTPAUTH_AVAIL=1 -DHAVE_CURLINFO_PROXYAUTH_AVAIL=1 -DHAVE_CURLINFO_OS_ERRNO=1 -DHAVE_CURLINFO_NUM_CONNECTS=1 -DHAVE_CURLINFO_SSL_ENGINES=1 -DHAVE_CURLINFO_COOKIELIST=1 -DHAVE_CURLINFO_LASTSOCKET=1 -DHAVE_CURLINFO_FTP_ENTRY_PATH=1 -DHAVE_CURLINFO_REDIRECT_URL=1 -DHAVE_CURLINFO_PRIMARY_IP=1 -DHAVE_CURLINFO_APPCONNECT_TIME=1 -DHAVE_CURLINFO_CERTINFO=1 -DHAVE_CURLINFO_CONDITION_UNMET=1 -DHAVE_CURLOPT_WRITEDATA=1 -DHAVE_CURLOPT_KEYPASSWD=1 -DHAVE_CURLOPT_DIRLISTONLY=1 -DHAVE_CURLOPT_APPEND=1 -DHAVE_CURLOPT_KRBLEVEL=1 -DHAVE_CURLOPT_USE_SSL=1 -DHAVE_CURLOPT_TIMEOUT_MS=1 -DHAVE_CURLOPT_CONNECTTIMEOUT_MS=1 -DHAVE_CURLOPT_HTTP_TRANSFER_DECODING=1 -DHAVE_CURLOPT_HTTP_CONTENT_DECODING=1 -DHAVE_CURLOPT_NEW_FILE_PERMS=1 -DHAVE_CURLOPT_NEW_DIRECTORY_PERMS=1 -DHAVE_CURLOPT_POSTREDIR=1 -DHAVE_CURLOPT_OPENSOCKETFUNCTION=1 -DHAVE_CURLOPT_OPENSOCKETDATA=1 -DHAVE_CURLOPT_COPYPOSTFIELDS=1 -DHAVE_CURLOPT_PROXY_TRANSFER_MODE=1 -DHAVE_CURLOPT_SEEKFUNCTION=1 -DHAVE_CURLOPT_SEEKDATA=1 -DHAVE_CURLOPT_CRLFILE=1 -DHAVE_CURLOPT_ISSUERCERT=1 -DHAVE_CURLOPT_ADDRESS_SCOPE=1 -DHAVE_CURLOPT_CERTINFO=1 -DHAVE_CURLOPT_USERNAME=1 -DHAVE_CURLOPT_PASSWORD=1 -DHAVE_CURLOPT_PROXYUSERNAME=1 -DHAVE_CURLOPT_PROXYPASSWORD=1 -DHAVE_CURLOPT_SSH_HOST_PUBLIC_KEY_MD5=1 -DHAVE_CURLOPT_NOPROXY=1 -DHAVE_CURLOPT_TFTP_BLKSIZE=1 -DHAVE_CURLOPT_SOCKS5_GSSAPI_SERVICE=1 -DHAVE_CURLOPT_SOCKS5_GSSAPI_NEC=1 -DHAVE_CURLOPT_PROTOCOLS=1 -DHAVE_CURLOPT_REDIR_PROTOCOLS=1 -DHAVE_CURLOPT_SSH_AUTH_TYPES=1 -DHAVE_CURLOPT_SSH_PUBLIC_KEYFILE=1 -DHAVE_CURLOPT_SSH_PRIVATE_KEYFILE=1 -DHAVE_CURLOPT_FTP_SSL_CCC=1 -DHAVE_CURLOPT_COOKIELIST=1 -DHAVE_CURLOPT_IGNORE_CONTENT_LENGTH=1 -DHAVE_CURLOPT_FTP_SKIP_PASV_IP=1 -DHAVE_CURLOPT_FTP_FILEMETHOD=1 -DHAVE_CURLOPT_LOCALPORT=1 -DHAVE_CURLOPT_LOCALPORTRANGE=1 -DHAVE_CURLOPT_CONNECT_ONLY=1 -DHAVE_CURLOPT_CONV_FROM_NETWORK_FUNCTION=1 -DHAVE_CURLOPT_CONV_TO_NETWORK_FUNCTION=1 -DHAVE_CURLOPT_CONV_FROM_UTF8_FUNCTION=1 -DHAVE_CURLOPT_MAX_SEND_SPEED_LARGE=1 -DHAVE_CURLOPT_MAX_RECV_SPEED_LARGE=1 -DHAVE_CURLOPT_FTP_ALTERNATIVE_TO_USER=1 -DHAVE_CURLOPT_SOCKOPTFUNCTION=1 -DHAVE_CURLOPT_SOCKOPTDATA=1 -DHAVE_CURLOPT_SSL_SESSIONID_CACHE=1 -I/usr/include/libxml2  -I/usr/local/include    -fpic  -g -O2 -fstack-protector-strong -Wformat -Werror=format-security -Wdate-time -D_FORTIFY_SOURCE=2 -g  -c curl_base64.c -o curl_base64.o
gcc -std=gnu2x -I"/usr/local/lib/R/include" -DNDEBUG -DCURL_DISABLE_DEPRECATION -DHAVE_LIBIDN_FIELD=1 -DHAVE_CURLOPT_URL=1 -DHAVE_CURLINFO_EFFECTIVE_URL=1 -DHAVE_CURLINFO_RESPONSE_CODE=1 -DHAVE_CURLINFO_TOTAL_TIME=1 -DHAVE_CURLINFO_NAMELOOKUP_TIME=1 -DHAVE_CURLINFO_CONNECT_TIME=1 -DHAVE_CURLINFO_PRETRANSFER_TIME=1 -DHAVE_CURLINFO_SIZE_UPLOAD=1 -DHAVE_CURLINFO_SIZE_DOWNLOAD=1 -DHAVE_CURLINFO_SPEED_DOWNLOAD=1 -DHAVE_CURLINFO_SPEED_UPLOAD=1 -DHAVE_CURLINFO_HEADER_SIZE=1 -DHAVE_CURLINFO_REQUEST_SIZE=1 -DHAVE_CURLINFO_SSL_VERIFYRESULT=1 -DHAVE_CURLINFO_FILETIME=1 -DHAVE_CURLINFO_CONTENT_LENGTH_DOWNLOAD=1 -DHAVE_CURLINFO_CONTENT_LENGTH_UPLOAD=1 -DHAVE_CURLINFO_STARTTRANSFER_TIME=1 -DHAVE_CURLINFO_CONTENT_TYPE=1 -DHAVE_CURLINFO_REDIRECT_TIME=1 -DHAVE_CURLINFO_REDIRECT_COUNT=1 -DHAVE_CURLINFO_PRIVATE=1 -DHAVE_CURLINFO_HTTP_CONNECTCODE=1 -DHAVE_CURLINFO_HTTPAUTH_AVAIL=1 -DHAVE_CURLINFO_PROXYAUTH_AVAIL=1 -DHAVE_CURLINFO_OS_ERRNO=1 -DHAVE_CURLINFO_NUM_CONNECTS=1 -DHAVE_CURLINFO_SSL_ENGINES=1 -DHAVE_CURLINFO_COOKIELIST=1 -DHAVE_CURLINFO_LASTSOCKET=1 -DHAVE_CURLINFO_FTP_ENTRY_PATH=1 -DHAVE_CURLINFO_REDIRECT_URL=1 -DHAVE_CURLINFO_PRIMARY_IP=1 -DHAVE_CURLINFO_APPCONNECT_TIME=1 -DHAVE_CURLINFO_CERTINFO=1 -DHAVE_CURLINFO_CONDITION_UNMET=1 -DHAVE_CURLOPT_WRITEDATA=1 -DHAVE_CURLOPT_KEYPASSWD=1 -DHAVE_CURLOPT_DIRLISTONLY=1 -DHAVE_CURLOPT_APPEND=1 -DHAVE_CURLOPT_KRBLEVEL=1 -DHAVE_CURLOPT_USE_SSL=1 -DHAVE_CURLOPT_TIMEOUT_MS=1 -DHAVE_CURLOPT_CONNECTTIMEOUT_MS=1 -DHAVE_CURLOPT_HTTP_TRANSFER_DECODING=1 -DHAVE_CURLOPT_HTTP_CONTENT_DECODING=1 -DHAVE_CURLOPT_NEW_FILE_PERMS=1 -DHAVE_CURLOPT_NEW_DIRECTORY_PERMS=1 -DHAVE_CURLOPT_POSTREDIR=1 -DHAVE_CURLOPT_OPENSOCKETFUNCTION=1 -DHAVE_CURLOPT_OPENSOCKETDATA=1 -DHAVE_CURLOPT_COPYPOSTFIELDS=1 -DHAVE_CURLOPT_PROXY_TRANSFER_MODE=1 -DHAVE_CURLOPT_SEEKFUNCTION=1 -DHAVE_CURLOPT_SEEKDATA=1 -DHAVE_CURLOPT_CRLFILE=1 -DHAVE_CURLOPT_ISSUERCERT=1 -DHAVE_CURLOPT_ADDRESS_SCOPE=1 -DHAVE_CURLOPT_CERTINFO=1 -DHAVE_CURLOPT_USERNAME=1 -DHAVE_CURLOPT_PASSWORD=1 -DHAVE_CURLOPT_PROXYUSERNAME=1 -DHAVE_CURLOPT_PROXYPASSWORD=1 -DHAVE_CURLOPT_SSH_HOST_PUBLIC_KEY_MD5=1 -DHAVE_CURLOPT_NOPROXY=1 -DHAVE_CURLOPT_TFTP_BLKSIZE=1 -DHAVE_CURLOPT_SOCKS5_GSSAPI_SERVICE=1 -DHAVE_CURLOPT_SOCKS5_GSSAPI_NEC=1 -DHAVE_CURLOPT_PROTOCOLS=1 -DHAVE_CURLOPT_REDIR_PROTOCOLS=1 -DHAVE_CURLOPT_SSH_AUTH_TYPES=1 -DHAVE_CURLOPT_SSH_PUBLIC_KEYFILE=1 -DHAVE_CURLOPT_SSH_PRIVATE_KEYFILE=1 -DHAVE_CURLOPT_FTP_SSL_CCC=1 -DHAVE_CURLOPT_COOKIELIST=1 -DHAVE_CURLOPT_IGNORE_CONTENT_LENGTH=1 -DHAVE_CURLOPT_FTP_SKIP_PASV_IP=1 -DHAVE_CURLOPT_FTP_FILEMETHOD=1 -DHAVE_CURLOPT_LOCALPORT=1 -DHAVE_CURLOPT_LOCALPORTRANGE=1 -DHAVE_CURLOPT_CONNECT_ONLY=1 -DHAVE_CURLOPT_CONV_FROM_NETWORK_FUNCTION=1 -DHAVE_CURLOPT_CONV_TO_NETWORK_FUNCTION=1 -DHAVE_CURLOPT_CONV_FROM_UTF8_FUNCTION=1 -DHAVE_CURLOPT_MAX_SEND_SPEED_LARGE=1 -DHAVE_CURLOPT_MAX_RECV_SPEED_LARGE=1 -DHAVE_CURLOPT_FTP_ALTERNATIVE_TO_USER=1 -DHAVE_CURLOPT_SOCKOPTFUNCTION=1 -DHAVE_CURLOPT_SOCKOPTDATA=1 -DHAVE_CURLOPT_SSL_SESSIONID_CACHE=1 -I/usr/include/libxml2  -I/usr/local/include    -fpic  -g -O2 -fstack-protector-strong -Wformat -Werror=format-security -Wdate-time -D_FORTIFY_SOURCE=2 -g  -c enums.c -o enums.o
gcc -std=gnu2x -I"/usr/local/lib/R/include" -DNDEBUG -DCURL_DISABLE_DEPRECATION -DHAVE_LIBIDN_FIELD=1 -DHAVE_CURLOPT_URL=1 -DHAVE_CURLINFO_EFFECTIVE_URL=1 -DHAVE_CURLINFO_RESPONSE_CODE=1 -DHAVE_CURLINFO_TOTAL_TIME=1 -DHAVE_CURLINFO_NAMELOOKUP_TIME=1 -DHAVE_CURLINFO_CONNECT_TIME=1 -DHAVE_CURLINFO_PRETRANSFER_TIME=1 -DHAVE_CURLINFO_SIZE_UPLOAD=1 -DHAVE_CURLINFO_SIZE_DOWNLOAD=1 -DHAVE_CURLINFO_SPEED_DOWNLOAD=1 -DHAVE_CURLINFO_SPEED_UPLOAD=1 -DHAVE_CURLINFO_HEADER_SIZE=1 -DHAVE_CURLINFO_REQUEST_SIZE=1 -DHAVE_CURLINFO_SSL_VERIFYRESULT=1 -DHAVE_CURLINFO_FILETIME=1 -DHAVE_CURLINFO_CONTENT_LENGTH_DOWNLOAD=1 -DHAVE_CURLINFO_CONTENT_LENGTH_UPLOAD=1 -DHAVE_CURLINFO_STARTTRANSFER_TIME=1 -DHAVE_CURLINFO_CONTENT_TYPE=1 -DHAVE_CURLINFO_REDIRECT_TIME=1 -DHAVE_CURLINFO_REDIRECT_COUNT=1 -DHAVE_CURLINFO_PRIVATE=1 -DHAVE_CURLINFO_HTTP_CONNECTCODE=1 -DHAVE_CURLINFO_HTTPAUTH_AVAIL=1 -DHAVE_CURLINFO_PROXYAUTH_AVAIL=1 -DHAVE_CURLINFO_OS_ERRNO=1 -DHAVE_CURLINFO_NUM_CONNECTS=1 -DHAVE_CURLINFO_SSL_ENGINES=1 -DHAVE_CURLINFO_COOKIELIST=1 -DHAVE_CURLINFO_LASTSOCKET=1 -DHAVE_CURLINFO_FTP_ENTRY_PATH=1 -DHAVE_CURLINFO_REDIRECT_URL=1 -DHAVE_CURLINFO_PRIMARY_IP=1 -DHAVE_CURLINFO_APPCONNECT_TIME=1 -DHAVE_CURLINFO_CERTINFO=1 -DHAVE_CURLINFO_CONDITION_UNMET=1 -DHAVE_CURLOPT_WRITEDATA=1 -DHAVE_CURLOPT_KEYPASSWD=1 -DHAVE_CURLOPT_DIRLISTONLY=1 -DHAVE_CURLOPT_APPEND=1 -DHAVE_CURLOPT_KRBLEVEL=1 -DHAVE_CURLOPT_USE_SSL=1 -DHAVE_CURLOPT_TIMEOUT_MS=1 -DHAVE_CURLOPT_CONNECTTIMEOUT_MS=1 -DHAVE_CURLOPT_HTTP_TRANSFER_DECODING=1 -DHAVE_CURLOPT_HTTP_CONTENT_DECODING=1 -DHAVE_CURLOPT_NEW_FILE_PERMS=1 -DHAVE_CURLOPT_NEW_DIRECTORY_PERMS=1 -DHAVE_CURLOPT_POSTREDIR=1 -DHAVE_CURLOPT_OPENSOCKETFUNCTION=1 -DHAVE_CURLOPT_OPENSOCKETDATA=1 -DHAVE_CURLOPT_COPYPOSTFIELDS=1 -DHAVE_CURLOPT_PROXY_TRANSFER_MODE=1 -DHAVE_CURLOPT_SEEKFUNCTION=1 -DHAVE_CURLOPT_SEEKDATA=1 -DHAVE_CURLOPT_CRLFILE=1 -DHAVE_CURLOPT_ISSUERCERT=1 -DHAVE_CURLOPT_ADDRESS_SCOPE=1 -DHAVE_CURLOPT_CERTINFO=1 -DHAVE_CURLOPT_USERNAME=1 -DHAVE_CURLOPT_PASSWORD=1 -DHAVE_CURLOPT_PROXYUSERNAME=1 -DHAVE_CURLOPT_PROXYPASSWORD=1 -DHAVE_CURLOPT_SSH_HOST_PUBLIC_KEY_MD5=1 -DHAVE_CURLOPT_NOPROXY=1 -DHAVE_CURLOPT_TFTP_BLKSIZE=1 -DHAVE_CURLOPT_SOCKS5_GSSAPI_SERVICE=1 -DHAVE_CURLOPT_SOCKS5_GSSAPI_NEC=1 -DHAVE_CURLOPT_PROTOCOLS=1 -DHAVE_CURLOPT_REDIR_PROTOCOLS=1 -DHAVE_CURLOPT_SSH_AUTH_TYPES=1 -DHAVE_CURLOPT_SSH_PUBLIC_KEYFILE=1 -DHAVE_CURLOPT_SSH_PRIVATE_KEYFILE=1 -DHAVE_CURLOPT_FTP_SSL_CCC=1 -DHAVE_CURLOPT_COOKIELIST=1 -DHAVE_CURLOPT_IGNORE_CONTENT_LENGTH=1 -DHAVE_CURLOPT_FTP_SKIP_PASV_IP=1 -DHAVE_CURLOPT_FTP_FILEMETHOD=1 -DHAVE_CURLOPT_LOCALPORT=1 -DHAVE_CURLOPT_LOCALPORTRANGE=1 -DHAVE_CURLOPT_CONNECT_ONLY=1 -DHAVE_CURLOPT_CONV_FROM_NETWORK_FUNCTION=1 -DHAVE_CURLOPT_CONV_TO_NETWORK_FUNCTION=1 -DHAVE_CURLOPT_CONV_FROM_UTF8_FUNCTION=1 -DHAVE_CURLOPT_MAX_SEND_SPEED_LARGE=1 -DHAVE_CURLOPT_MAX_RECV_SPEED_LARGE=1 -DHAVE_CURLOPT_FTP_ALTERNATIVE_TO_USER=1 -DHAVE_CURLOPT_SOCKOPTFUNCTION=1 -DHAVE_CURLOPT_SOCKOPTDATA=1 -DHAVE_CURLOPT_SSL_SESSIONID_CACHE=1 -I/usr/include/libxml2  -I/usr/local/include    -fpic  -g -O2 -fstack-protector-strong -Wformat -Werror=format-security -Wdate-time -D_FORTIFY_SOURCE=2 -g  -c json.c -o json.o
gcc -std=gnu2x -I"/usr/local/lib/R/include" -DNDEBUG -DCURL_DISABLE_DEPRECATION -DHAVE_LIBIDN_FIELD=1 -DHAVE_CURLOPT_URL=1 -DHAVE_CURLINFO_EFFECTIVE_URL=1 -DHAVE_CURLINFO_RESPONSE_CODE=1 -DHAVE_CURLINFO_TOTAL_TIME=1 -DHAVE_CURLINFO_NAMELOOKUP_TIME=1 -DHAVE_CURLINFO_CONNECT_TIME=1 -DHAVE_CURLINFO_PRETRANSFER_TIME=1 -DHAVE_CURLINFO_SIZE_UPLOAD=1 -DHAVE_CURLINFO_SIZE_DOWNLOAD=1 -DHAVE_CURLINFO_SPEED_DOWNLOAD=1 -DHAVE_CURLINFO_SPEED_UPLOAD=1 -DHAVE_CURLINFO_HEADER_SIZE=1 -DHAVE_CURLINFO_REQUEST_SIZE=1 -DHAVE_CURLINFO_SSL_VERIFYRESULT=1 -DHAVE_CURLINFO_FILETIME=1 -DHAVE_CURLINFO_CONTENT_LENGTH_DOWNLOAD=1 -DHAVE_CURLINFO_CONTENT_LENGTH_UPLOAD=1 -DHAVE_CURLINFO_STARTTRANSFER_TIME=1 -DHAVE_CURLINFO_CONTENT_TYPE=1 -DHAVE_CURLINFO_REDIRECT_TIME=1 -DHAVE_CURLINFO_REDIRECT_COUNT=1 -DHAVE_CURLINFO_PRIVATE=1 -DHAVE_CURLINFO_HTTP_CONNECTCODE=1 -DHAVE_CURLINFO_HTTPAUTH_AVAIL=1 -DHAVE_CURLINFO_PROXYAUTH_AVAIL=1 -DHAVE_CURLINFO_OS_ERRNO=1 -DHAVE_CURLINFO_NUM_CONNECTS=1 -DHAVE_CURLINFO_SSL_ENGINES=1 -DHAVE_CURLINFO_COOKIELIST=1 -DHAVE_CURLINFO_LASTSOCKET=1 -DHAVE_CURLINFO_FTP_ENTRY_PATH=1 -DHAVE_CURLINFO_REDIRECT_URL=1 -DHAVE_CURLINFO_PRIMARY_IP=1 -DHAVE_CURLINFO_APPCONNECT_TIME=1 -DHAVE_CURLINFO_CERTINFO=1 -DHAVE_CURLINFO_CONDITION_UNMET=1 -DHAVE_CURLOPT_WRITEDATA=1 -DHAVE_CURLOPT_KEYPASSWD=1 -DHAVE_CURLOPT_DIRLISTONLY=1 -DHAVE_CURLOPT_APPEND=1 -DHAVE_CURLOPT_KRBLEVEL=1 -DHAVE_CURLOPT_USE_SSL=1 -DHAVE_CURLOPT_TIMEOUT_MS=1 -DHAVE_CURLOPT_CONNECTTIMEOUT_MS=1 -DHAVE_CURLOPT_HTTP_TRANSFER_DECODING=1 -DHAVE_CURLOPT_HTTP_CONTENT_DECODING=1 -DHAVE_CURLOPT_NEW_FILE_PERMS=1 -DHAVE_CURLOPT_NEW_DIRECTORY_PERMS=1 -DHAVE_CURLOPT_POSTREDIR=1 -DHAVE_CURLOPT_OPENSOCKETFUNCTION=1 -DHAVE_CURLOPT_OPENSOCKETDATA=1 -DHAVE_CURLOPT_COPYPOSTFIELDS=1 -DHAVE_CURLOPT_PROXY_TRANSFER_MODE=1 -DHAVE_CURLOPT_SEEKFUNCTION=1 -DHAVE_CURLOPT_SEEKDATA=1 -DHAVE_CURLOPT_CRLFILE=1 -DHAVE_CURLOPT_ISSUERCERT=1 -DHAVE_CURLOPT_ADDRESS_SCOPE=1 -DHAVE_CURLOPT_CERTINFO=1 -DHAVE_CURLOPT_USERNAME=1 -DHAVE_CURLOPT_PASSWORD=1 -DHAVE_CURLOPT_PROXYUSERNAME=1 -DHAVE_CURLOPT_PROXYPASSWORD=1 -DHAVE_CURLOPT_SSH_HOST_PUBLIC_KEY_MD5=1 -DHAVE_CURLOPT_NOPROXY=1 -DHAVE_CURLOPT_TFTP_BLKSIZE=1 -DHAVE_CURLOPT_SOCKS5_GSSAPI_SERVICE=1 -DHAVE_CURLOPT_SOCKS5_GSSAPI_NEC=1 -DHAVE_CURLOPT_PROTOCOLS=1 -DHAVE_CURLOPT_REDIR_PROTOCOLS=1 -DHAVE_CURLOPT_SSH_AUTH_TYPES=1 -DHAVE_CURLOPT_SSH_PUBLIC_KEYFILE=1 -DHAVE_CURLOPT_SSH_PRIVATE_KEYFILE=1 -DHAVE_CURLOPT_FTP_SSL_CCC=1 -DHAVE_CURLOPT_COOKIELIST=1 -DHAVE_CURLOPT_IGNORE_CONTENT_LENGTH=1 -DHAVE_CURLOPT_FTP_SKIP_PASV_IP=1 -DHAVE_CURLOPT_FTP_FILEMETHOD=1 -DHAVE_CURLOPT_LOCALPORT=1 -DHAVE_CURLOPT_LOCALPORTRANGE=1 -DHAVE_CURLOPT_CONNECT_ONLY=1 -DHAVE_CURLOPT_CONV_FROM_NETWORK_FUNCTION=1 -DHAVE_CURLOPT_CONV_TO_NETWORK_FUNCTION=1 -DHAVE_CURLOPT_CONV_FROM_UTF8_FUNCTION=1 -DHAVE_CURLOPT_MAX_SEND_SPEED_LARGE=1 -DHAVE_CURLOPT_MAX_RECV_SPEED_LARGE=1 -DHAVE_CURLOPT_FTP_ALTERNATIVE_TO_USER=1 -DHAVE_CURLOPT_SOCKOPTFUNCTION=1 -DHAVE_CURLOPT_SOCKOPTDATA=1 -DHAVE_CURLOPT_SSL_SESSIONID_CACHE=1 -I/usr/include/libxml2  -I/usr/local/include    -fpic  -g -O2 -fstack-protector-strong -Wformat -Werror=format-security -Wdate-time -D_FORTIFY_SOURCE=2 -g  -c memoryManagement.c -o memoryManagement.o
gcc -std=gnu2x -I"/usr/local/lib/R/include" -DNDEBUG -DCURL_DISABLE_DEPRECATION -DHAVE_LIBIDN_FIELD=1 -DHAVE_CURLOPT_URL=1 -DHAVE_CURLINFO_EFFECTIVE_URL=1 -DHAVE_CURLINFO_RESPONSE_CODE=1 -DHAVE_CURLINFO_TOTAL_TIME=1 -DHAVE_CURLINFO_NAMELOOKUP_TIME=1 -DHAVE_CURLINFO_CONNECT_TIME=1 -DHAVE_CURLINFO_PRETRANSFER_TIME=1 -DHAVE_CURLINFO_SIZE_UPLOAD=1 -DHAVE_CURLINFO_SIZE_DOWNLOAD=1 -DHAVE_CURLINFO_SPEED_DOWNLOAD=1 -DHAVE_CURLINFO_SPEED_UPLOAD=1 -DHAVE_CURLINFO_HEADER_SIZE=1 -DHAVE_CURLINFO_REQUEST_SIZE=1 -DHAVE_CURLINFO_SSL_VERIFYRESULT=1 -DHAVE_CURLINFO_FILETIME=1 -DHAVE_CURLINFO_CONTENT_LENGTH_DOWNLOAD=1 -DHAVE_CURLINFO_CONTENT_LENGTH_UPLOAD=1 -DHAVE_CURLINFO_STARTTRANSFER_TIME=1 -DHAVE_CURLINFO_CONTENT_TYPE=1 -DHAVE_CURLINFO_REDIRECT_TIME=1 -DHAVE_CURLINFO_REDIRECT_COUNT=1 -DHAVE_CURLINFO_PRIVATE=1 -DHAVE_CURLINFO_HTTP_CONNECTCODE=1 -DHAVE_CURLINFO_HTTPAUTH_AVAIL=1 -DHAVE_CURLINFO_PROXYAUTH_AVAIL=1 -DHAVE_CURLINFO_OS_ERRNO=1 -DHAVE_CURLINFO_NUM_CONNECTS=1 -DHAVE_CURLINFO_SSL_ENGINES=1 -DHAVE_CURLINFO_COOKIELIST=1 -DHAVE_CURLINFO_LASTSOCKET=1 -DHAVE_CURLINFO_FTP_ENTRY_PATH=1 -DHAVE_CURLINFO_REDIRECT_URL=1 -DHAVE_CURLINFO_PRIMARY_IP=1 -DHAVE_CURLINFO_APPCONNECT_TIME=1 -DHAVE_CURLINFO_CERTINFO=1 -DHAVE_CURLINFO_CONDITION_UNMET=1 -DHAVE_CURLOPT_WRITEDATA=1 -DHAVE_CURLOPT_KEYPASSWD=1 -DHAVE_CURLOPT_DIRLISTONLY=1 -DHAVE_CURLOPT_APPEND=1 -DHAVE_CURLOPT_KRBLEVEL=1 -DHAVE_CURLOPT_USE_SSL=1 -DHAVE_CURLOPT_TIMEOUT_MS=1 -DHAVE_CURLOPT_CONNECTTIMEOUT_MS=1 -DHAVE_CURLOPT_HTTP_TRANSFER_DECODING=1 -DHAVE_CURLOPT_HTTP_CONTENT_DECODING=1 -DHAVE_CURLOPT_NEW_FILE_PERMS=1 -DHAVE_CURLOPT_NEW_DIRECTORY_PERMS=1 -DHAVE_CURLOPT_POSTREDIR=1 -DHAVE_CURLOPT_OPENSOCKETFUNCTION=1 -DHAVE_CURLOPT_OPENSOCKETDATA=1 -DHAVE_CURLOPT_COPYPOSTFIELDS=1 -DHAVE_CURLOPT_PROXY_TRANSFER_MODE=1 -DHAVE_CURLOPT_SEEKFUNCTION=1 -DHAVE_CURLOPT_SEEKDATA=1 -DHAVE_CURLOPT_CRLFILE=1 -DHAVE_CURLOPT_ISSUERCERT=1 -DHAVE_CURLOPT_ADDRESS_SCOPE=1 -DHAVE_CURLOPT_CERTINFO=1 -DHAVE_CURLOPT_USERNAME=1 -DHAVE_CURLOPT_PASSWORD=1 -DHAVE_CURLOPT_PROXYUSERNAME=1 -DHAVE_CURLOPT_PROXYPASSWORD=1 -DHAVE_CURLOPT_SSH_HOST_PUBLIC_KEY_MD5=1 -DHAVE_CURLOPT_NOPROXY=1 -DHAVE_CURLOPT_TFTP_BLKSIZE=1 -DHAVE_CURLOPT_SOCKS5_GSSAPI_SERVICE=1 -DHAVE_CURLOPT_SOCKS5_GSSAPI_NEC=1 -DHAVE_CURLOPT_PROTOCOLS=1 -DHAVE_CURLOPT_REDIR_PROTOCOLS=1 -DHAVE_CURLOPT_SSH_AUTH_TYPES=1 -DHAVE_CURLOPT_SSH_PUBLIC_KEYFILE=1 -DHAVE_CURLOPT_SSH_PRIVATE_KEYFILE=1 -DHAVE_CURLOPT_FTP_SSL_CCC=1 -DHAVE_CURLOPT_COOKIELIST=1 -DHAVE_CURLOPT_IGNORE_CONTENT_LENGTH=1 -DHAVE_CURLOPT_FTP_SKIP_PASV_IP=1 -DHAVE_CURLOPT_FTP_FILEMETHOD=1 -DHAVE_CURLOPT_LOCALPORT=1 -DHAVE_CURLOPT_LOCALPORTRANGE=1 -DHAVE_CURLOPT_CONNECT_ONLY=1 -DHAVE_CURLOPT_CONV_FROM_NETWORK_FUNCTION=1 -DHAVE_CURLOPT_CONV_TO_NETWORK_FUNCTION=1 -DHAVE_CURLOPT_CONV_FROM_UTF8_FUNCTION=1 -DHAVE_CURLOPT_MAX_SEND_SPEED_LARGE=1 -DHAVE_CURLOPT_MAX_RECV_SPEED_LARGE=1 -DHAVE_CURLOPT_FTP_ALTERNATIVE_TO_USER=1 -DHAVE_CURLOPT_SOCKOPTFUNCTION=1 -DHAVE_CURLOPT_SOCKOPTDATA=1 -DHAVE_CURLOPT_SSL_SESSIONID_CACHE=1 -I/usr/include/libxml2  -I/usr/local/include    -fpic  -g -O2 -fstack-protector-strong -Wformat -Werror=format-security -Wdate-time -D_FORTIFY_SOURCE=2 -g  -c myUTF8.c -o myUTF8.o
gcc -std=gnu2x -shared -L/usr/local/lib/R/lib -L/usr/local/lib -o RCurl.so base64.o curl.o curlInit.o curl_base64.o enums.o json.o memoryManagement.o myUTF8.o -lcurl -lxml2 -L/usr/local/lib/R/lib -lR
installing to /usr/local/lib/R/site-library/00LOCK-RCurl/00new/RCurl/libs
** R
** data
** inst
** byte-compile and prepare package for lazy loading
** help
*** installing help indices
** building package indices
** testing if installed package can be loaded from temporary location
** checking absolute paths in shared objects and dynamic libraries
** testing if installed package can be loaded from final location
** testing if installed package keeps a record of temporary installation path
* creating tarball
packaged installation of ‘RCurl’ as ‘RCurl_1.98-1.17_R_x86_64-pc-linux-gnu.tar.gz’
* DONE (RCurl)
* installing *source* package ‘scales’ ...
** this is package ‘scales’ version ‘1.4.0’
** package ‘scales’ successfully unpacked and MD5 sums checked
** using staged installation
** R
** byte-compile and prepare package for lazy loading
** help
*** installing help indices
*** copying figures
** building package indices
** testing if installed package can be loaded from temporary location
** testing if installed package can be loaded from final location
** testing if installed package keeps a record of temporary installation path
* creating tarball
packaged installation of ‘scales’ as ‘scales_1.4.0_R_x86_64-pc-linux-gnu.tar.gz’
* DONE (scales)
* installing *source* package ‘dplyr’ ...
** this is package ‘dplyr’ version ‘1.1.4’
** package ‘dplyr’ successfully unpacked and MD5 sums checked
** using staged installation
** libs
using C++ compiler: ‘g++ (Ubuntu 13.3.0-6ubuntu2~24.04) 13.3.0’
g++ -std=gnu++17 -I"/usr/local/lib/R/include" -DNDEBUG   -I/usr/local/include    -fpic  -g -O2 -fstack-protector-strong -Wformat -Werror=format-security -Wdate-time -D_FORTIFY_SOURCE=2 -g   -c chop.cpp -o chop.o
g++ -std=gnu++17 -I"/usr/local/lib/R/include" -DNDEBUG   -I/usr/local/include    -fpic  -g -O2 -fstack-protector-strong -Wformat -Werror=format-security -Wdate-time -D_FORTIFY_SOURCE=2 -g   -c filter.cpp -o filter.o
g++ -std=gnu++17 -I"/usr/local/lib/R/include" -DNDEBUG   -I/usr/local/include    -fpic  -g -O2 -fstack-protector-strong -Wformat -Werror=format-security -Wdate-time -D_FORTIFY_SOURCE=2 -g   -c funs.cpp -o funs.o
g++ -std=gnu++17 -I"/usr/local/lib/R/include" -DNDEBUG   -I/usr/local/include    -fpic  -g -O2 -fstack-protector-strong -Wformat -Werror=format-security -Wdate-time -D_FORTIFY_SOURCE=2 -g   -c group_by.cpp -o group_by.o
g++ -std=gnu++17 -I"/usr/local/lib/R/include" -DNDEBUG   -I/usr/local/include    -fpic  -g -O2 -fstack-protector-strong -Wformat -Werror=format-security -Wdate-time -D_FORTIFY_SOURCE=2 -g   -c group_data.cpp -o group_data.o
g++ -std=gnu++17 -I"/usr/local/lib/R/include" -DNDEBUG   -I/usr/local/include    -fpic  -g -O2 -fstack-protector-strong -Wformat -Werror=format-security -Wdate-time -D_FORTIFY_SOURCE=2 -g   -c imports.cpp -o imports.o
g++ -std=gnu++17 -I"/usr/local/lib/R/include" -DNDEBUG   -I/usr/local/include    -fpic  -g -O2 -fstack-protector-strong -Wformat -Werror=format-security -Wdate-time -D_FORTIFY_SOURCE=2 -g   -c init.cpp -o init.o
g++ -std=gnu++17 -I"/usr/local/lib/R/include" -DNDEBUG   -I/usr/local/include    -fpic  -g -O2 -fstack-protector-strong -Wformat -Werror=format-security -Wdate-time -D_FORTIFY_SOURCE=2 -g   -c mask.cpp -o mask.o
g++ -std=gnu++17 -I"/usr/local/lib/R/include" -DNDEBUG   -I/usr/local/include    -fpic  -g -O2 -fstack-protector-strong -Wformat -Werror=format-security -Wdate-time -D_FORTIFY_SOURCE=2 -g   -c mutate.cpp -o mutate.o
g++ -std=gnu++17 -I"/usr/local/lib/R/include" -DNDEBUG   -I/usr/local/include    -fpic  -g -O2 -fstack-protector-strong -Wformat -Werror=format-security -Wdate-time -D_FORTIFY_SOURCE=2 -g   -c reconstruct.cpp -o reconstruct.o
g++ -std=gnu++17 -I"/usr/local/lib/R/include" -DNDEBUG   -I/usr/local/include    -fpic  -g -O2 -fstack-protector-strong -Wformat -Werror=format-security -Wdate-time -D_FORTIFY_SOURCE=2 -g   -c slice.cpp -o slice.o
g++ -std=gnu++17 -I"/usr/local/lib/R/include" -DNDEBUG   -I/usr/local/include    -fpic  -g -O2 -fstack-protector-strong -Wformat -Werror=format-security -Wdate-time -D_FORTIFY_SOURCE=2 -g   -c summarise.cpp -o summarise.o
g++ -std=gnu++17 -shared -L/usr/local/lib/R/lib -L/usr/local/lib -o dplyr.so chop.o filter.o funs.o group_by.o group_data.o imports.o init.o mask.o mutate.o reconstruct.o slice.o summarise.o -L/usr/local/lib/R/lib -lR
installing to /usr/local/lib/R/site-library/00LOCK-dplyr/00new/dplyr/libs
** R
** data
*** moving datasets to lazyload DB
** inst
** byte-compile and prepare package for lazy loading
** help
*** installing help indices
*** copying figures
** building package indices
** installing vignettes
** testing if installed package can be loaded from temporary location
** checking absolute paths in shared objects and dynamic libraries
** testing if installed package can be loaded from final location
** testing if installed package keeps a record of temporary installation path
* creating tarball
packaged installation of ‘dplyr’ as ‘dplyr_1.1.4_R_x86_64-pc-linux-gnu.tar.gz’
* DONE (dplyr)
* installing *source* package ‘lubridate’ ...
** this is package ‘lubridate’ version ‘1.9.4’
** package ‘lubridate’ successfully unpacked and MD5 sums checked
** using staged installation
** libs
using C compiler: ‘gcc (Ubuntu 13.3.0-6ubuntu2~24.04) 13.3.0’
gcc -std=gnu2x -I"/usr/local/lib/R/include" -DNDEBUG   -I/usr/local/include    -fpic  -g -O2 -fstack-protector-strong -Wformat -Werror=format-security -Wdate-time -D_FORTIFY_SOURCE=2 -g  -c datetime.c -o datetime.o
gcc -std=gnu2x -I"/usr/local/lib/R/include" -DNDEBUG   -I/usr/local/include    -fpic  -g -O2 -fstack-protector-strong -Wformat -Werror=format-security -Wdate-time -D_FORTIFY_SOURCE=2 -g  -c init.c -o init.o
gcc -std=gnu2x -I"/usr/local/lib/R/include" -DNDEBUG   -I/usr/local/include    -fpic  -g -O2 -fstack-protector-strong -Wformat -Werror=format-security -Wdate-time -D_FORTIFY_SOURCE=2 -g  -c period.c -o period.o
gcc -std=gnu2x -I"/usr/local/lib/R/include" -DNDEBUG   -I/usr/local/include    -fpic  -g -O2 -fstack-protector-strong -Wformat -Werror=format-security -Wdate-time -D_FORTIFY_SOURCE=2 -g  -c tparse.c -o tparse.o
gcc -std=gnu2x -I"/usr/local/lib/R/include" -DNDEBUG   -I/usr/local/include    -fpic  -g -O2 -fstack-protector-strong -Wformat -Werror=format-security -Wdate-time -D_FORTIFY_SOURCE=2 -g  -c utils.c -o utils.o
gcc -std=gnu2x -shared -L/usr/local/lib/R/lib -L/usr/local/lib -o lubridate.so datetime.o init.o period.o tparse.o utils.o -L/usr/local/lib/R/lib -lR
installing to /usr/local/lib/R/site-library/00LOCK-lubridate/00new/lubridate/libs
** R
** data
*** moving datasets to lazyload DB
** inst
** byte-compile and prepare package for lazy loading
** help
*** installing help indices
*** copying figures
** building package indices
** installing vignettes
** testing if installed package can be loaded from temporary location
** checking absolute paths in shared objects and dynamic libraries
** testing if installed package can be loaded from final location
** testing if installed package keeps a record of temporary installation path
* creating tarball
packaged installation of ‘lubridate’ as ‘lubridate_1.9.4_R_x86_64-pc-linux-gnu.tar.gz’
* DONE (lubridate)
* installing *source* package ‘rvest’ ...
** this is package ‘rvest’ version ‘1.0.4’
** package ‘rvest’ successfully unpacked and MD5 sums checked
** using staged installation
** R
** demo
** inst
** byte-compile and prepare package for lazy loading
** help
*** installing help indices
*** copying figures
** building package indices
** installing vignettes
** testing if installed package can be loaded from temporary location
** testing if installed package can be loaded from final location
** testing if installed package keeps a record of temporary installation path
* creating tarball
packaged installation of ‘rvest’ as ‘rvest_1.0.4_R_x86_64-pc-linux-gnu.tar.gz’
* DONE (rvest)
* installing *source* package ‘BiocStyle’ ...
** this is package ‘BiocStyle’ version ‘2.36.0’
** using staged installation
** R
** inst
** byte-compile and prepare package for lazy loading
** help
*** installing help indices
** building package indices
** installing vignettes
** testing if installed package can be loaded from temporary location
** testing if installed package can be loaded from final location
** testing if installed package keeps a record of temporary installation path
* creating tarball
packaged installation of ‘BiocStyle’ as ‘BiocStyle_2.36.0_R_x86_64-pc-linux-gnu.tar.gz’
* DONE (BiocStyle)
* installing *source* package ‘vroom’ ...
** this is package ‘vroom’ version ‘1.6.5’
** package ‘vroom’ successfully unpacked and MD5 sums checked
** using staged installation
** libs
using C compiler: ‘gcc (Ubuntu 13.3.0-6ubuntu2~24.04) 13.3.0’
using C++ compiler: ‘g++ (Ubuntu 13.3.0-6ubuntu2~24.04) 13.3.0’
g++ -std=gnu++17 -I"/usr/local/lib/R/include" -DNDEBUG -Imio/include -DWIN32_LEAN_AND_MEAN -Ispdlog/include -DFMT_HEADER_ONLY -I'/usr/local/lib/R/site-library/cpp11/include' -I'/usr/local/lib/R/site-library/progress/include' -I'/usr/local/lib/R/site-library/tzdb/include' -I/usr/local/include    -fpic  -g -O2 -fstack-protector-strong -Wformat -Werror=format-security -Wdate-time -D_FORTIFY_SOURCE=2 -g   -c Iconv.cpp -o Iconv.o
g++ -std=gnu++17 -I"/usr/local/lib/R/include" -DNDEBUG -Imio/include -DWIN32_LEAN_AND_MEAN -Ispdlog/include -DFMT_HEADER_ONLY -I'/usr/local/lib/R/site-library/cpp11/include' -I'/usr/local/lib/R/site-library/progress/include' -I'/usr/local/lib/R/site-library/tzdb/include' -I/usr/local/include    -fpic  -g -O2 -fstack-protector-strong -Wformat -Werror=format-security -Wdate-time -D_FORTIFY_SOURCE=2 -g   -c LocaleInfo.cpp -o LocaleInfo.o
g++ -std=gnu++17 -I"/usr/local/lib/R/include" -DNDEBUG -Imio/include -DWIN32_LEAN_AND_MEAN -Ispdlog/include -DFMT_HEADER_ONLY -I'/usr/local/lib/R/site-library/cpp11/include' -I'/usr/local/lib/R/site-library/progress/include' -I'/usr/local/lib/R/site-library/tzdb/include' -I/usr/local/include    -fpic  -g -O2 -fstack-protector-strong -Wformat -Werror=format-security -Wdate-time -D_FORTIFY_SOURCE=2 -g   -c altrep.cc -o altrep.o
g++ -std=gnu++17 -I"/usr/local/lib/R/include" -DNDEBUG -Imio/include -DWIN32_LEAN_AND_MEAN -Ispdlog/include -DFMT_HEADER_ONLY -I'/usr/local/lib/R/site-library/cpp11/include' -I'/usr/local/lib/R/site-library/progress/include' -I'/usr/local/lib/R/site-library/tzdb/include' -I/usr/local/include    -fpic  -g -O2 -fstack-protector-strong -Wformat -Werror=format-security -Wdate-time -D_FORTIFY_SOURCE=2 -g   -c cpp11.cpp -o cpp11.o
g++ -std=gnu++17 -I"/usr/local/lib/R/include" -DNDEBUG -Imio/include -DWIN32_LEAN_AND_MEAN -Ispdlog/include -DFMT_HEADER_ONLY -I'/usr/local/lib/R/site-library/cpp11/include' -I'/usr/local/lib/R/site-library/progress/include' -I'/usr/local/lib/R/site-library/tzdb/include' -I/usr/local/include    -fpic  -g -O2 -fstack-protector-strong -Wformat -Werror=format-security -Wdate-time -D_FORTIFY_SOURCE=2 -g   -c delimited_index.cc -o delimited_index.o
g++ -std=gnu++17 -I"/usr/local/lib/R/include" -DNDEBUG -Imio/include -DWIN32_LEAN_AND_MEAN -Ispdlog/include -DFMT_HEADER_ONLY -I'/usr/local/lib/R/site-library/cpp11/include' -I'/usr/local/lib/R/site-library/progress/include' -I'/usr/local/lib/R/site-library/tzdb/include' -I/usr/local/include    -fpic  -g -O2 -fstack-protector-strong -Wformat -Werror=format-security -Wdate-time -D_FORTIFY_SOURCE=2 -g   -c delimited_index_connection.cc -o delimited_index_connection.o
g++ -std=gnu++17 -I"/usr/local/lib/R/include" -DNDEBUG -Imio/include -DWIN32_LEAN_AND_MEAN -Ispdlog/include -DFMT_HEADER_ONLY -I'/usr/local/lib/R/site-library/cpp11/include' -I'/usr/local/lib/R/site-library/progress/include' -I'/usr/local/lib/R/site-library/tzdb/include' -I/usr/local/include    -fpic  -g -O2 -fstack-protector-strong -Wformat -Werror=format-security -Wdate-time -D_FORTIFY_SOURCE=2 -g   -c fixed_width_index_connection.cc -o fixed_width_index_connection.o
g++ -std=gnu++17 -I"/usr/local/lib/R/include" -DNDEBUG -Imio/include -DWIN32_LEAN_AND_MEAN -Ispdlog/include -DFMT_HEADER_ONLY -I'/usr/local/lib/R/site-library/cpp11/include' -I'/usr/local/lib/R/site-library/progress/include' -I'/usr/local/lib/R/site-library/tzdb/include' -I/usr/local/include    -fpic  -g -O2 -fstack-protector-strong -Wformat -Werror=format-security -Wdate-time -D_FORTIFY_SOURCE=2 -g   -c gen.cc -o gen.o
gcc -std=gnu2x -I"/usr/local/lib/R/include" -DNDEBUG -Imio/include -DWIN32_LEAN_AND_MEAN -Ispdlog/include -DFMT_HEADER_ONLY -I'/usr/local/lib/R/site-library/cpp11/include' -I'/usr/local/lib/R/site-library/progress/include' -I'/usr/local/lib/R/site-library/tzdb/include' -I/usr/local/include    -fpic  -g -O2 -fstack-protector-strong -Wformat -Werror=format-security -Wdate-time -D_FORTIFY_SOURCE=2 -g  -c grisu3.c -o grisu3.o
g++ -std=gnu++17 -I"/usr/local/lib/R/include" -DNDEBUG -Imio/include -DWIN32_LEAN_AND_MEAN -Ispdlog/include -DFMT_HEADER_ONLY -I'/usr/local/lib/R/site-library/cpp11/include' -I'/usr/local/lib/R/site-library/progress/include' -I'/usr/local/lib/R/site-library/tzdb/include' -I/usr/local/include    -fpic  -g -O2 -fstack-protector-strong -Wformat -Werror=format-security -Wdate-time -D_FORTIFY_SOURCE=2 -g   -c guess_type.cc -o guess_type.o
g++ -std=gnu++17 -I"/usr/local/lib/R/include" -DNDEBUG -Imio/include -DWIN32_LEAN_AND_MEAN -Ispdlog/include -DFMT_HEADER_ONLY -I'/usr/local/lib/R/site-library/cpp11/include' -I'/usr/local/lib/R/site-library/progress/include' -I'/usr/local/lib/R/site-library/tzdb/include' -I/usr/local/include    -fpic  -g -O2 -fstack-protector-strong -Wformat -Werror=format-security -Wdate-time -D_FORTIFY_SOURCE=2 -g   -c iconv_file.cc -o iconv_file.o
g++ -std=gnu++17 -I"/usr/local/lib/R/include" -DNDEBUG -Imio/include -DWIN32_LEAN_AND_MEAN -Ispdlog/include -DFMT_HEADER_ONLY -I'/usr/local/lib/R/site-library/cpp11/include' -I'/usr/local/lib/R/site-library/progress/include' -I'/usr/local/lib/R/site-library/tzdb/include' -I/usr/local/include    -fpic  -g -O2 -fstack-protector-strong -Wformat -Werror=format-security -Wdate-time -D_FORTIFY_SOURCE=2 -g   -c index_collection.cc -o index_collection.o
g++ -std=gnu++17 -I"/usr/local/lib/R/include" -DNDEBUG -Imio/include -DWIN32_LEAN_AND_MEAN -Ispdlog/include -DFMT_HEADER_ONLY -I'/usr/local/lib/R/site-library/cpp11/include' -I'/usr/local/lib/R/site-library/progress/include' -I'/usr/local/lib/R/site-library/tzdb/include' -I/usr/local/include    -fpic  -g -O2 -fstack-protector-strong -Wformat -Werror=format-security -Wdate-time -D_FORTIFY_SOURCE=2 -g   -c vroom.cc -o vroom.o
g++ -std=gnu++17 -I"/usr/local/lib/R/include" -DNDEBUG -Imio/include -DWIN32_LEAN_AND_MEAN -Ispdlog/include -DFMT_HEADER_ONLY -I'/usr/local/lib/R/site-library/cpp11/include' -I'/usr/local/lib/R/site-library/progress/include' -I'/usr/local/lib/R/site-library/tzdb/include' -I/usr/local/include    -fpic  -g -O2 -fstack-protector-strong -Wformat -Werror=format-security -Wdate-time -D_FORTIFY_SOURCE=2 -g   -c vroom_big_int.cc -o vroom_big_int.o
g++ -std=gnu++17 -I"/usr/local/lib/R/include" -DNDEBUG -Imio/include -DWIN32_LEAN_AND_MEAN -Ispdlog/include -DFMT_HEADER_ONLY -I'/usr/local/lib/R/site-library/cpp11/include' -I'/usr/local/lib/R/site-library/progress/include' -I'/usr/local/lib/R/site-library/tzdb/include' -I/usr/local/include    -fpic  -g -O2 -fstack-protector-strong -Wformat -Werror=format-security -Wdate-time -D_FORTIFY_SOURCE=2 -g   -c vroom_chr.cc -o vroom_chr.o
g++ -std=gnu++17 -I"/usr/local/lib/R/include" -DNDEBUG -Imio/include -DWIN32_LEAN_AND_MEAN -Ispdlog/include -DFMT_HEADER_ONLY -I'/usr/local/lib/R/site-library/cpp11/include' -I'/usr/local/lib/R/site-library/progress/include' -I'/usr/local/lib/R/site-library/tzdb/include' -I/usr/local/include    -fpic  -g -O2 -fstack-protector-strong -Wformat -Werror=format-security -Wdate-time -D_FORTIFY_SOURCE=2 -g   -c vroom_date.cc -o vroom_date.o
g++ -std=gnu++17 -I"/usr/local/lib/R/include" -DNDEBUG -Imio/include -DWIN32_LEAN_AND_MEAN -Ispdlog/include -DFMT_HEADER_ONLY -I'/usr/local/lib/R/site-library/cpp11/include' -I'/usr/local/lib/R/site-library/progress/include' -I'/usr/local/lib/R/site-library/tzdb/include' -I/usr/local/include    -fpic  -g -O2 -fstack-protector-strong -Wformat -Werror=format-security -Wdate-time -D_FORTIFY_SOURCE=2 -g   -c vroom_dbl.cc -o vroom_dbl.o
g++ -std=gnu++17 -I"/usr/local/lib/R/include" -DNDEBUG -Imio/include -DWIN32_LEAN_AND_MEAN -Ispdlog/include -DFMT_HEADER_ONLY -I'/usr/local/lib/R/site-library/cpp11/include' -I'/usr/local/lib/R/site-library/progress/include' -I'/usr/local/lib/R/site-library/tzdb/include' -I/usr/local/include    -fpic  -g -O2 -fstack-protector-strong -Wformat -Werror=format-security -Wdate-time -D_FORTIFY_SOURCE=2 -g   -c vroom_dttm.cc -o vroom_dttm.o
g++ -std=gnu++17 -I"/usr/local/lib/R/include" -DNDEBUG -Imio/include -DWIN32_LEAN_AND_MEAN -Ispdlog/include -DFMT_HEADER_ONLY -I'/usr/local/lib/R/site-library/cpp11/include' -I'/usr/local/lib/R/site-library/progress/include' -I'/usr/local/lib/R/site-library/tzdb/include' -I/usr/local/include    -fpic  -g -O2 -fstack-protector-strong -Wformat -Werror=format-security -Wdate-time -D_FORTIFY_SOURCE=2 -g   -c vroom_errors.cpp -o vroom_errors.o
g++ -std=gnu++17 -I"/usr/local/lib/R/include" -DNDEBUG -Imio/include -DWIN32_LEAN_AND_MEAN -Ispdlog/include -DFMT_HEADER_ONLY -I'/usr/local/lib/R/site-library/cpp11/include' -I'/usr/local/lib/R/site-library/progress/include' -I'/usr/local/lib/R/site-library/tzdb/include' -I/usr/local/include    -fpic  -g -O2 -fstack-protector-strong -Wformat -Werror=format-security -Wdate-time -D_FORTIFY_SOURCE=2 -g   -c vroom_fct.cc -o vroom_fct.o
g++ -std=gnu++17 -I"/usr/local/lib/R/include" -DNDEBUG -Imio/include -DWIN32_LEAN_AND_MEAN -Ispdlog/include -DFMT_HEADER_ONLY -I'/usr/local/lib/R/site-library/cpp11/include' -I'/usr/local/lib/R/site-library/progress/include' -I'/usr/local/lib/R/site-library/tzdb/include' -I/usr/local/include    -fpic  -g -O2 -fstack-protector-strong -Wformat -Werror=format-security -Wdate-time -D_FORTIFY_SOURCE=2 -g   -c vroom_fwf.cc -o vroom_fwf.o
g++ -std=gnu++17 -I"/usr/local/lib/R/include" -DNDEBUG -Imio/include -DWIN32_LEAN_AND_MEAN -Ispdlog/include -DFMT_HEADER_ONLY -I'/usr/local/lib/R/site-library/cpp11/include' -I'/usr/local/lib/R/site-library/progress/include' -I'/usr/local/lib/R/site-library/tzdb/include' -I/usr/local/include    -fpic  -g -O2 -fstack-protector-strong -Wformat -Werror=format-security -Wdate-time -D_FORTIFY_SOURCE=2 -g   -c vroom_int.cc -o vroom_int.o
g++ -std=gnu++17 -I"/usr/local/lib/R/include" -DNDEBUG -Imio/include -DWIN32_LEAN_AND_MEAN -Ispdlog/include -DFMT_HEADER_ONLY -I'/usr/local/lib/R/site-library/cpp11/include' -I'/usr/local/lib/R/site-library/progress/include' -I'/usr/local/lib/R/site-library/tzdb/include' -I/usr/local/include    -fpic  -g -O2 -fstack-protector-strong -Wformat -Werror=format-security -Wdate-time -D_FORTIFY_SOURCE=2 -g   -c vroom_num.cc -o vroom_num.o
g++ -std=gnu++17 -I"/usr/local/lib/R/include" -DNDEBUG -Imio/include -DWIN32_LEAN_AND_MEAN -Ispdlog/include -DFMT_HEADER_ONLY -I'/usr/local/lib/R/site-library/cpp11/include' -I'/usr/local/lib/R/site-library/progress/include' -I'/usr/local/lib/R/site-library/tzdb/include' -I/usr/local/include    -fpic  -g -O2 -fstack-protector-strong -Wformat -Werror=format-security -Wdate-time -D_FORTIFY_SOURCE=2 -g   -c vroom_rle.cc -o vroom_rle.o
g++ -std=gnu++17 -I"/usr/local/lib/R/include" -DNDEBUG -Imio/include -DWIN32_LEAN_AND_MEAN -Ispdlog/include -DFMT_HEADER_ONLY -I'/usr/local/lib/R/site-library/cpp11/include' -I'/usr/local/lib/R/site-library/progress/include' -I'/usr/local/lib/R/site-library/tzdb/include' -I/usr/local/include    -fpic  -g -O2 -fstack-protector-strong -Wformat -Werror=format-security -Wdate-time -D_FORTIFY_SOURCE=2 -g   -c vroom_time.cc -o vroom_time.o
g++ -std=gnu++17 -I"/usr/local/lib/R/include" -DNDEBUG -Imio/include -DWIN32_LEAN_AND_MEAN -Ispdlog/include -DFMT_HEADER_ONLY -I'/usr/local/lib/R/site-library/cpp11/include' -I'/usr/local/lib/R/site-library/progress/include' -I'/usr/local/lib/R/site-library/tzdb/include' -I/usr/local/include    -fpic  -g -O2 -fstack-protector-strong -Wformat -Werror=format-security -Wdate-time -D_FORTIFY_SOURCE=2 -g   -c vroom_write.cc -o vroom_write.o
g++ -std=gnu++17 -shared -L/usr/local/lib/R/lib -L/usr/local/lib -o vroom.so Iconv.o LocaleInfo.o altrep.o cpp11.o delimited_index.o delimited_index_connection.o fixed_width_index_connection.o gen.o grisu3.o guess_type.o iconv_file.o index_collection.o vroom.o vroom_big_int.o vroom_chr.o vroom_date.o vroom_dbl.o vroom_dttm.o vroom_errors.o vroom_fct.o vroom_fwf.o vroom_int.o vroom_num.o vroom_rle.o vroom_time.o vroom_write.o -L/usr/local/lib/R/lib -lR
installing to /usr/local/lib/R/site-library/00LOCK-vroom/00new/vroom/libs
** R
** inst
** byte-compile and prepare package for lazy loading
** help
*** installing help indices
*** copying figures
** building package indices
** installing vignettes
** testing if installed package can be loaded from temporary location
** checking absolute paths in shared objects and dynamic libraries
** testing if installed package can be loaded from final location
** testing if installed package keeps a record of temporary installation path
* creating tarball
packaged installation of ‘vroom’ as ‘vroom_1.6.5_R_x86_64-pc-linux-gnu.tar.gz’
* DONE (vroom)
* installing *source* package ‘dtplyr’ ...
** this is package ‘dtplyr’ version ‘1.3.1’
** package ‘dtplyr’ successfully unpacked and MD5 sums checked
** using staged installation
** R
** inst
** byte-compile and prepare package for lazy loading
** help
*** installing help indices
*** copying figures
** building package indices
** installing vignettes
** testing if installed package can be loaded from temporary location
** testing if installed package can be loaded from final location
** testing if installed package keeps a record of temporary installation path
* creating tarball
packaged installation of ‘dtplyr’ as ‘dtplyr_1.3.1_R_x86_64-pc-linux-gnu.tar.gz’
* DONE (dtplyr)
* installing *source* package ‘googledrive’ ...
** this is package ‘googledrive’ version ‘2.1.1’
** package ‘googledrive’ successfully unpacked and MD5 sums checked
** using staged installation
** R
** inst
** byte-compile and prepare package for lazy loading
** help
*** installing help indices
*** copying figures
** building package indices
** installing vignettes
** testing if installed package can be loaded from temporary location
** testing if installed package can be loaded from final location
** testing if installed package keeps a record of temporary installation path
* creating tarball
packaged installation of ‘googledrive’ as ‘googledrive_2.1.1_R_x86_64-pc-linux-gnu.tar.gz’
* DONE (googledrive)
* installing *source* package ‘readxl’ ...
** this is package ‘readxl’ version ‘1.4.5’
** package ‘readxl’ successfully unpacked and MD5 sums checked
** using staged installation
** libs
using C compiler: ‘gcc (Ubuntu 13.3.0-6ubuntu2~24.04) 13.3.0’
using C++ compiler: ‘g++ (Ubuntu 13.3.0-6ubuntu2~24.04) 13.3.0’
g++ -std=gnu++17 -I"/usr/local/lib/R/include" -DNDEBUG -Iunix -I. -I'/usr/local/lib/R/site-library/cpp11/include' -I'/usr/local/lib/R/site-library/progress/include' -I/usr/local/include   -fvisibility=hidden -fpic  -g -O2 -fstack-protector-strong -Wformat -Werror=format-security -Wdate-time -D_FORTIFY_SOURCE=2 -g   -c cpp11.cpp -o cpp11.o
g++ -std=gnu++17 -I"/usr/local/lib/R/include" -DNDEBUG -Iunix -I. -I'/usr/local/lib/R/site-library/cpp11/include' -I'/usr/local/lib/R/site-library/progress/include' -I/usr/local/include   -fvisibility=hidden -fpic  -g -O2 -fstack-protector-strong -Wformat -Werror=format-security -Wdate-time -D_FORTIFY_SOURCE=2 -g   -c XlsWorkBook.cpp -o XlsWorkBook.o
g++ -std=gnu++17 -I"/usr/local/lib/R/include" -DNDEBUG -Iunix -I. -I'/usr/local/lib/R/site-library/cpp11/include' -I'/usr/local/lib/R/site-library/progress/include' -I/usr/local/include   -fvisibility=hidden -fpic  -g -O2 -fstack-protector-strong -Wformat -Werror=format-security -Wdate-time -D_FORTIFY_SOURCE=2 -g   -c XlsxWorkBook.cpp -o XlsxWorkBook.o
g++ -std=gnu++17 -I"/usr/local/lib/R/include" -DNDEBUG -Iunix -I. -I'/usr/local/lib/R/site-library/cpp11/include' -I'/usr/local/lib/R/site-library/progress/include' -I/usr/local/include   -fvisibility=hidden -fpic  -g -O2 -fstack-protector-strong -Wformat -Werror=format-security -Wdate-time -D_FORTIFY_SOURCE=2 -g   -c zip.cpp -o zip.o
g++ -std=gnu++17 -I"/usr/local/lib/R/include" -DNDEBUG -Iunix -I. -I'/usr/local/lib/R/site-library/cpp11/include' -I'/usr/local/lib/R/site-library/progress/include' -I/usr/local/include   -fvisibility=hidden -fpic  -g -O2 -fstack-protector-strong -Wformat -Werror=format-security -Wdate-time -D_FORTIFY_SOURCE=2 -g   -c Read.cpp -o Read.o
gcc -std=gnu2x -I"/usr/local/lib/R/include" -DNDEBUG -Iunix -I. -I'/usr/local/lib/R/site-library/cpp11/include' -I'/usr/local/lib/R/site-library/progress/include' -I/usr/local/include   -fvisibility=hidden -fpic  -g -O2 -fstack-protector-strong -Wformat -Werror=format-security -Wdate-time -D_FORTIFY_SOURCE=2 -g  -c cran.c -o cran.o
gcc -std=gnu2x -I"/usr/local/lib/R/include" -DNDEBUG -Iunix -I. -I'/usr/local/lib/R/site-library/cpp11/include' -I'/usr/local/lib/R/site-library/progress/include' -I/usr/local/include   -fvisibility=hidden -fpic  -g -O2 -fstack-protector-strong -Wformat -Werror=format-security -Wdate-time -D_FORTIFY_SOURCE=2 -g  -c libxls/xlstool.c -o libxls/xlstool.o
gcc -std=gnu2x -I"/usr/local/lib/R/include" -DNDEBUG -Iunix -I. -I'/usr/local/lib/R/site-library/cpp11/include' -I'/usr/local/lib/R/site-library/progress/include' -I/usr/local/include   -fvisibility=hidden -fpic  -g -O2 -fstack-protector-strong -Wformat -Werror=format-security -Wdate-time -D_FORTIFY_SOURCE=2 -g  -c libxls/endian.c -o libxls/endian.o
gcc -std=gnu2x -I"/usr/local/lib/R/include" -DNDEBUG -Iunix -I. -I'/usr/local/lib/R/site-library/cpp11/include' -I'/usr/local/lib/R/site-library/progress/include' -I/usr/local/include   -fvisibility=hidden -fpic  -g -O2 -fstack-protector-strong -Wformat -Werror=format-security -Wdate-time -D_FORTIFY_SOURCE=2 -g  -c libxls/ole.c -o libxls/ole.o
gcc -std=gnu2x -I"/usr/local/lib/R/include" -DNDEBUG -Iunix -I. -I'/usr/local/lib/R/site-library/cpp11/include' -I'/usr/local/lib/R/site-library/progress/include' -I/usr/local/include   -fvisibility=hidden -fpic  -g -O2 -fstack-protector-strong -Wformat -Werror=format-security -Wdate-time -D_FORTIFY_SOURCE=2 -g  -c libxls/xls.c -o libxls/xls.o
gcc -std=gnu2x -I"/usr/local/lib/R/include" -DNDEBUG -Iunix -I. -I'/usr/local/lib/R/site-library/cpp11/include' -I'/usr/local/lib/R/site-library/progress/include' -I/usr/local/include   -fvisibility=hidden -fpic  -g -O2 -fstack-protector-strong -Wformat -Werror=format-security -Wdate-time -D_FORTIFY_SOURCE=2 -g  -c libxls/locale.c -o libxls/locale.o
g++ -std=gnu++17 -shared -L/usr/local/lib/R/lib -L/usr/local/lib -o readxl.so cpp11.o XlsWorkBook.o XlsxWorkBook.o zip.o Read.o cran.o libxls/xlstool.o libxls/endian.o libxls/ole.o libxls/xls.o libxls/locale.o -L/usr/local/lib/R/lib -lR
installing to /usr/local/lib/R/site-library/00LOCK-readxl/00new/readxl/libs
** R
** inst
** byte-compile and prepare package for lazy loading
** help
*** installing help indices
*** copying figures
** building package indices
** installing vignettes
** testing if installed package can be loaded from temporary location
** checking absolute paths in shared objects and dynamic libraries
** testing if installed package can be loaded from final location
** testing if installed package keeps a record of temporary installation path
* creating tarball
packaged installation of ‘readxl’ as ‘readxl_1.4.5_R_x86_64-pc-linux-gnu.tar.gz’
* DONE (readxl)
* installing *source* package ‘tidyr’ ...
** this is package ‘tidyr’ version ‘1.3.1’
** package ‘tidyr’ successfully unpacked and MD5 sums checked
** using staged installation
** libs
using C++ compiler: ‘g++ (Ubuntu 13.3.0-6ubuntu2~24.04) 13.3.0’
g++ -std=gnu++17 -I"/usr/local/lib/R/include" -DNDEBUG  -I'/usr/local/lib/R/site-library/cpp11/include' -I/usr/local/include    -fpic  -g -O2 -fstack-protector-strong -Wformat -Werror=format-security -Wdate-time -D_FORTIFY_SOURCE=2 -g   -c cpp11.cpp -o cpp11.o
g++ -std=gnu++17 -I"/usr/local/lib/R/include" -DNDEBUG  -I'/usr/local/lib/R/site-library/cpp11/include' -I/usr/local/include    -fpic  -g -O2 -fstack-protector-strong -Wformat -Werror=format-security -Wdate-time -D_FORTIFY_SOURCE=2 -g   -c melt.cpp -o melt.o
g++ -std=gnu++17 -I"/usr/local/lib/R/include" -DNDEBUG  -I'/usr/local/lib/R/site-library/cpp11/include' -I/usr/local/include    -fpic  -g -O2 -fstack-protector-strong -Wformat -Werror=format-security -Wdate-time -D_FORTIFY_SOURCE=2 -g   -c simplifyPieces.cpp -o simplifyPieces.o
g++ -std=gnu++17 -shared -L/usr/local/lib/R/lib -L/usr/local/lib -o tidyr.so cpp11.o melt.o simplifyPieces.o -L/usr/local/lib/R/lib -lR
installing to /usr/local/lib/R/site-library/00LOCK-tidyr/00new/tidyr/libs
** R
** data
*** moving datasets to lazyload DB
** inst
** byte-compile and prepare package for lazy loading
** help
*** installing help indices
*** copying figures
** building package indices
** installing vignettes
** testing if installed package can be loaded from temporary location
** checking absolute paths in shared objects and dynamic libraries
** testing if installed package can be loaded from final location
** testing if installed package keeps a record of temporary installation path
* creating tarball
packaged installation of ‘tidyr’ as ‘tidyr_1.3.1_R_x86_64-pc-linux-gnu.tar.gz’
* DONE (tidyr)
* installing *source* package ‘EBImage’ ...
** this is package ‘EBImage’ version ‘4.50.0’
** using staged installation
** libs
using C compiler: ‘gcc (Ubuntu 13.3.0-6ubuntu2~24.04) 13.3.0’
using C++ compiler: ‘g++ (Ubuntu 13.3.0-6ubuntu2~24.04) 13.3.0’
gcc -std=gnu2x -I"/usr/local/lib/R/include" -DNDEBUG   -I/usr/local/include    -fpic  -g -O2 -fstack-protector-strong -Wformat -Werror=format-security -Wdate-time -D_FORTIFY_SOURCE=2 -g  -c EBImage.c -o EBImage.o
gcc -std=gnu2x -I"/usr/local/lib/R/include" -DNDEBUG   -I/usr/local/include    -fpic  -g -O2 -fstack-protector-strong -Wformat -Werror=format-security -Wdate-time -D_FORTIFY_SOURCE=2 -g  -c clahe.c -o clahe.o
g++ -std=gnu++17 -I"/usr/local/lib/R/include" -DNDEBUG   -I/usr/local/include    -fpic  -g -O2 -fstack-protector-strong -Wformat -Werror=format-security -Wdate-time -D_FORTIFY_SOURCE=2 -g   -c distmap.cpp -o distmap.o
gcc -std=gnu2x -I"/usr/local/lib/R/include" -DNDEBUG   -I/usr/local/include    -fpic  -g -O2 -fstack-protector-strong -Wformat -Werror=format-security -Wdate-time -D_FORTIFY_SOURCE=2 -g  -c drawCircle.c -o drawCircle.o
g++ -std=gnu++17 -I"/usr/local/lib/R/include" -DNDEBUG   -I/usr/local/include    -fpic  -g -O2 -fstack-protector-strong -Wformat -Werror=format-security -Wdate-time -D_FORTIFY_SOURCE=2 -g   -c floodFill.cpp -o floodFill.o
gcc -std=gnu2x -I"/usr/local/lib/R/include" -DNDEBUG   -I/usr/local/include    -fpic  -g -O2 -fstack-protector-strong -Wformat -Werror=format-security -Wdate-time -D_FORTIFY_SOURCE=2 -g  -c getFrames.c -o getFrames.o
gcc -std=gnu2x -I"/usr/local/lib/R/include" -DNDEBUG   -I/usr/local/include    -fpic  -g -O2 -fstack-protector-strong -Wformat -Werror=format-security -Wdate-time -D_FORTIFY_SOURCE=2 -g  -c haralick.c -o haralick.o
gcc -std=gnu2x -I"/usr/local/lib/R/include" -DNDEBUG   -I/usr/local/include    -fpic  -g -O2 -fstack-protector-strong -Wformat -Werror=format-security -Wdate-time -D_FORTIFY_SOURCE=2 -g  -c medianFilter.c -o medianFilter.o
g++ -std=gnu++17 -I"/usr/local/lib/R/include" -DNDEBUG   -I/usr/local/include    -fpic  -g -O2 -fstack-protector-strong -Wformat -Werror=format-security -Wdate-time -D_FORTIFY_SOURCE=2 -g   -c morphology.cpp -o morphology.o
gcc -std=gnu2x -I"/usr/local/lib/R/include" -DNDEBUG   -I/usr/local/include    -fpic  -g -O2 -fstack-protector-strong -Wformat -Werror=format-security -Wdate-time -D_FORTIFY_SOURCE=2 -g  -c nativeRaster.c -o nativeRaster.o
gcc -std=gnu2x -I"/usr/local/lib/R/include" -DNDEBUG   -I/usr/local/include    -fpic  -g -O2 -fstack-protector-strong -Wformat -Werror=format-security -Wdate-time -D_FORTIFY_SOURCE=2 -g  -c normalize.c -o normalize.o
gcc -std=gnu2x -I"/usr/local/lib/R/include" -DNDEBUG   -I/usr/local/include    -fpic  -g -O2 -fstack-protector-strong -Wformat -Werror=format-security -Wdate-time -D_FORTIFY_SOURCE=2 -g  -c objects.c -o objects.o
gcc -std=gnu2x -I"/usr/local/lib/R/include" -DNDEBUG   -I/usr/local/include    -fpic  -g -O2 -fstack-protector-strong -Wformat -Werror=format-security -Wdate-time -D_FORTIFY_SOURCE=2 -g  -c ocontour.c -o ocontour.o
g++ -std=gnu++17 -I"/usr/local/lib/R/include" -DNDEBUG   -I/usr/local/include    -fpic  -g -O2 -fstack-protector-strong -Wformat -Werror=format-security -Wdate-time -D_FORTIFY_SOURCE=2 -g   -c propagate.cpp -o propagate.o
gcc -std=gnu2x -I"/usr/local/lib/R/include" -DNDEBUG   -I/usr/local/include    -fpic  -g -O2 -fstack-protector-strong -Wformat -Werror=format-security -Wdate-time -D_FORTIFY_SOURCE=2 -g  -c spatial.c -o spatial.o
g++ -std=gnu++17 -I"/usr/local/lib/R/include" -DNDEBUG   -I/usr/local/include    -fpic  -g -O2 -fstack-protector-strong -Wformat -Werror=format-security -Wdate-time -D_FORTIFY_SOURCE=2 -g   -c thresh.cpp -o thresh.o
g++ -std=gnu++17 -I"/usr/local/lib/R/include" -DNDEBUG   -I/usr/local/include    -fpic  -g -O2 -fstack-protector-strong -Wformat -Werror=format-security -Wdate-time -D_FORTIFY_SOURCE=2 -g   -c tile.cpp -o tile.o
gcc -std=gnu2x -I"/usr/local/lib/R/include" -DNDEBUG   -I/usr/local/include    -fpic  -g -O2 -fstack-protector-strong -Wformat -Werror=format-security -Wdate-time -D_FORTIFY_SOURCE=2 -g  -c tools.c -o tools.o
g++ -std=gnu++17 -I"/usr/local/lib/R/include" -DNDEBUG   -I/usr/local/include    -fpic  -g -O2 -fstack-protector-strong -Wformat -Werror=format-security -Wdate-time -D_FORTIFY_SOURCE=2 -g   -c transpose.cpp -o transpose.o
g++ -std=gnu++17 -I"/usr/local/lib/R/include" -DNDEBUG   -I/usr/local/include    -fpic  -g -O2 -fstack-protector-strong -Wformat -Werror=format-security -Wdate-time -D_FORTIFY_SOURCE=2 -g   -c watershed.cpp -o watershed.o
g++ -std=gnu++17 -shared -L/usr/local/lib/R/lib -L/usr/local/lib -o EBImage.so EBImage.o clahe.o distmap.o drawCircle.o floodFill.o getFrames.o haralick.o medianFilter.o morphology.o nativeRaster.o normalize.o objects.o ocontour.o propagate.o spatial.o thresh.o tile.o tools.o transpose.o watershed.o -L/usr/local/lib/R/lib -lR
installing to /usr/local/lib/R/site-library/00LOCK-EBImage/00new/EBImage/libs
** R
** inst
** byte-compile and prepare package for lazy loading
Creating a new generic function for ‘abind’ in package ‘EBImage’
** help
*** installing help indices
** building package indices
** installing vignettes
** testing if installed package can be loaded from temporary location
** checking absolute paths in shared objects and dynamic libraries
** testing if installed package can be loaded from final location
** testing if installed package keeps a record of temporary installation path
* creating tarball
packaged installation of ‘EBImage’ as ‘EBImage_4.50.0_R_x86_64-pc-linux-gnu.tar.gz’
* DONE (EBImage)
* installing *source* package ‘ggplot2’ ...
** this is package ‘ggplot2’ version ‘3.5.2’
** package ‘ggplot2’ successfully unpacked and MD5 sums checked
** using staged installation
** R
** data
*** moving datasets to lazyload DB
** inst
** byte-compile and prepare package for lazy loading
** help
*** installing help indices
*** copying figures
** building package indices
** installing vignettes
** testing if installed package can be loaded from temporary location
** testing if installed package can be loaded from final location
** testing if installed package keeps a record of temporary installation path
* creating tarball
packaged installation of ‘ggplot2’ as ‘ggplot2_3.5.2_R_x86_64-pc-linux-gnu.tar.gz’
* DONE (ggplot2)
* installing *source* package ‘broom’ ...
** this is package ‘broom’ version ‘1.0.8’
** package ‘broom’ successfully unpacked and MD5 sums checked
** using staged installation
** R
** inst
** byte-compile and prepare package for lazy loading
** help
*** installing help indices
*** copying figures
** building package indices
** installing vignettes
** testing if installed package can be loaded from temporary location
** testing if installed package can be loaded from final location
** testing if installed package keeps a record of temporary installation path
* creating tarball
packaged installation of ‘broom’ as ‘broom_1.0.8_R_x86_64-pc-linux-gnu.tar.gz’
* DONE (broom)
* installing *source* package ‘dbplyr’ ...
** this is package ‘dbplyr’ version ‘2.5.0’
** package ‘dbplyr’ successfully unpacked and MD5 sums checked
** using staged installation
** R
** inst
** byte-compile and prepare package for lazy loading
** help
*** installing help indices
*** copying figures
** building package indices
** installing vignettes
** testing if installed package can be loaded from temporary location
** testing if installed package can be loaded from final location
** testing if installed package keeps a record of temporary installation path
* creating tarball
packaged installation of ‘dbplyr’ as ‘dbplyr_2.5.0_R_x86_64-pc-linux-gnu.tar.gz’
* DONE (dbplyr)
* installing *source* package ‘googlesheets4’ ...
** this is package ‘googlesheets4’ version ‘1.1.1’
** package ‘googlesheets4’ successfully unpacked and MD5 sums checked
** using staged installation
** R
** inst
** byte-compile and prepare package for lazy loading
** help
*** installing help indices
*** copying figures
** building package indices
** testing if installed package can be loaded from temporary location
** testing if installed package can be loaded from final location
** testing if installed package keeps a record of temporary installation path
* creating tarball
packaged installation of ‘googlesheets4’ as ‘googlesheets4_1.1.1_R_x86_64-pc-linux-gnu.tar.gz’
* DONE (googlesheets4)
* installing *source* package ‘readr’ ...
** this is package ‘readr’ version ‘2.1.5’
** package ‘readr’ successfully unpacked and MD5 sums checked
** using staged installation
** libs
using C compiler: ‘gcc (Ubuntu 13.3.0-6ubuntu2~24.04) 13.3.0’
using C++ compiler: ‘g++ (Ubuntu 13.3.0-6ubuntu2~24.04) 13.3.0’
g++ -std=gnu++17 -I"/usr/local/lib/R/include" -DNDEBUG  -I'/usr/local/lib/R/site-library/cpp11/include' -I'/usr/local/lib/R/site-library/tzdb/include' -I/usr/local/include    -fpic  -g -O2 -fstack-protector-strong -Wformat -Werror=format-security -Wdate-time -D_FORTIFY_SOURCE=2 -g   -c Collector.cpp -o Collector.o
g++ -std=gnu++17 -I"/usr/local/lib/R/include" -DNDEBUG  -I'/usr/local/lib/R/site-library/cpp11/include' -I'/usr/local/lib/R/site-library/tzdb/include' -I/usr/local/include    -fpic  -g -O2 -fstack-protector-strong -Wformat -Werror=format-security -Wdate-time -D_FORTIFY_SOURCE=2 -g   -c CollectorGuess.cpp -o CollectorGuess.o
g++ -std=gnu++17 -I"/usr/local/lib/R/include" -DNDEBUG  -I'/usr/local/lib/R/site-library/cpp11/include' -I'/usr/local/lib/R/site-library/tzdb/include' -I/usr/local/include    -fpic  -g -O2 -fstack-protector-strong -Wformat -Werror=format-security -Wdate-time -D_FORTIFY_SOURCE=2 -g   -c Iconv.cpp -o Iconv.o
g++ -std=gnu++17 -I"/usr/local/lib/R/include" -DNDEBUG  -I'/usr/local/lib/R/site-library/cpp11/include' -I'/usr/local/lib/R/site-library/tzdb/include' -I/usr/local/include    -fpic  -g -O2 -fstack-protector-strong -Wformat -Werror=format-security -Wdate-time -D_FORTIFY_SOURCE=2 -g   -c LocaleInfo.cpp -o LocaleInfo.o
g++ -std=gnu++17 -I"/usr/local/lib/R/include" -DNDEBUG  -I'/usr/local/lib/R/site-library/cpp11/include' -I'/usr/local/lib/R/site-library/tzdb/include' -I/usr/local/include    -fpic  -g -O2 -fstack-protector-strong -Wformat -Werror=format-security -Wdate-time -D_FORTIFY_SOURCE=2 -g   -c Reader.cpp -o Reader.o
g++ -std=gnu++17 -I"/usr/local/lib/R/include" -DNDEBUG  -I'/usr/local/lib/R/site-library/cpp11/include' -I'/usr/local/lib/R/site-library/tzdb/include' -I/usr/local/include    -fpic  -g -O2 -fstack-protector-strong -Wformat -Werror=format-security -Wdate-time -D_FORTIFY_SOURCE=2 -g   -c Source.cpp -o Source.o
g++ -std=gnu++17 -I"/usr/local/lib/R/include" -DNDEBUG  -I'/usr/local/lib/R/site-library/cpp11/include' -I'/usr/local/lib/R/site-library/tzdb/include' -I/usr/local/include    -fpic  -g -O2 -fstack-protector-strong -Wformat -Werror=format-security -Wdate-time -D_FORTIFY_SOURCE=2 -g   -c Tokenizer.cpp -o Tokenizer.o
g++ -std=gnu++17 -I"/usr/local/lib/R/include" -DNDEBUG  -I'/usr/local/lib/R/site-library/cpp11/include' -I'/usr/local/lib/R/site-library/tzdb/include' -I/usr/local/include    -fpic  -g -O2 -fstack-protector-strong -Wformat -Werror=format-security -Wdate-time -D_FORTIFY_SOURCE=2 -g   -c TokenizerDelim.cpp -o TokenizerDelim.o
g++ -std=gnu++17 -I"/usr/local/lib/R/include" -DNDEBUG  -I'/usr/local/lib/R/site-library/cpp11/include' -I'/usr/local/lib/R/site-library/tzdb/include' -I/usr/local/include    -fpic  -g -O2 -fstack-protector-strong -Wformat -Werror=format-security -Wdate-time -D_FORTIFY_SOURCE=2 -g   -c TokenizerFwf.cpp -o TokenizerFwf.o
g++ -std=gnu++17 -I"/usr/local/lib/R/include" -DNDEBUG  -I'/usr/local/lib/R/site-library/cpp11/include' -I'/usr/local/lib/R/site-library/tzdb/include' -I/usr/local/include    -fpic  -g -O2 -fstack-protector-strong -Wformat -Werror=format-security -Wdate-time -D_FORTIFY_SOURCE=2 -g   -c TokenizerWs.cpp -o TokenizerWs.o
g++ -std=gnu++17 -I"/usr/local/lib/R/include" -DNDEBUG  -I'/usr/local/lib/R/site-library/cpp11/include' -I'/usr/local/lib/R/site-library/tzdb/include' -I/usr/local/include    -fpic  -g -O2 -fstack-protector-strong -Wformat -Werror=format-security -Wdate-time -D_FORTIFY_SOURCE=2 -g   -c connection.cpp -o connection.o
g++ -std=gnu++17 -I"/usr/local/lib/R/include" -DNDEBUG  -I'/usr/local/lib/R/site-library/cpp11/include' -I'/usr/local/lib/R/site-library/tzdb/include' -I/usr/local/include    -fpic  -g -O2 -fstack-protector-strong -Wformat -Werror=format-security -Wdate-time -D_FORTIFY_SOURCE=2 -g   -c cpp11.cpp -o cpp11.o
g++ -std=gnu++17 -I"/usr/local/lib/R/include" -DNDEBUG  -I'/usr/local/lib/R/site-library/cpp11/include' -I'/usr/local/lib/R/site-library/tzdb/include' -I/usr/local/include    -fpic  -g -O2 -fstack-protector-strong -Wformat -Werror=format-security -Wdate-time -D_FORTIFY_SOURCE=2 -g   -c datetime.cpp -o datetime.o
gcc -std=gnu2x -I"/usr/local/lib/R/include" -DNDEBUG  -I'/usr/local/lib/R/site-library/cpp11/include' -I'/usr/local/lib/R/site-library/tzdb/include' -I/usr/local/include    -fpic  -g -O2 -fstack-protector-strong -Wformat -Werror=format-security -Wdate-time -D_FORTIFY_SOURCE=2 -g  -c grisu3.c -o grisu3.o
gcc -std=gnu2x -I"/usr/local/lib/R/include" -DNDEBUG  -I'/usr/local/lib/R/site-library/cpp11/include' -I'/usr/local/lib/R/site-library/tzdb/include' -I/usr/local/include    -fpic  -g -O2 -fstack-protector-strong -Wformat -Werror=format-security -Wdate-time -D_FORTIFY_SOURCE=2 -g  -c init.c -o init.o
g++ -std=gnu++17 -I"/usr/local/lib/R/include" -DNDEBUG  -I'/usr/local/lib/R/site-library/cpp11/include' -I'/usr/local/lib/R/site-library/tzdb/include' -I/usr/local/include    -fpic  -g -O2 -fstack-protector-strong -Wformat -Werror=format-security -Wdate-time -D_FORTIFY_SOURCE=2 -g   -c parse.cpp -o parse.o
g++ -std=gnu++17 -I"/usr/local/lib/R/include" -DNDEBUG  -I'/usr/local/lib/R/site-library/cpp11/include' -I'/usr/local/lib/R/site-library/tzdb/include' -I/usr/local/include    -fpic  -g -O2 -fstack-protector-strong -Wformat -Werror=format-security -Wdate-time -D_FORTIFY_SOURCE=2 -g   -c read.cpp -o read.o
g++ -std=gnu++17 -I"/usr/local/lib/R/include" -DNDEBUG  -I'/usr/local/lib/R/site-library/cpp11/include' -I'/usr/local/lib/R/site-library/tzdb/include' -I/usr/local/include    -fpic  -g -O2 -fstack-protector-strong -Wformat -Werror=format-security -Wdate-time -D_FORTIFY_SOURCE=2 -g   -c type_convert.cpp -o type_convert.o
g++ -std=gnu++17 -I"/usr/local/lib/R/include" -DNDEBUG  -I'/usr/local/lib/R/site-library/cpp11/include' -I'/usr/local/lib/R/site-library/tzdb/include' -I/usr/local/include    -fpic  -g -O2 -fstack-protector-strong -Wformat -Werror=format-security -Wdate-time -D_FORTIFY_SOURCE=2 -g   -c write.cpp -o write.o
g++ -std=gnu++17 -I"/usr/local/lib/R/include" -DNDEBUG  -I'/usr/local/lib/R/site-library/cpp11/include' -I'/usr/local/lib/R/site-library/tzdb/include' -I/usr/local/include    -fpic  -g -O2 -fstack-protector-strong -Wformat -Werror=format-security -Wdate-time -D_FORTIFY_SOURCE=2 -g   -c write_delim.cpp -o write_delim.o
g++ -std=gnu++17 -shared -L/usr/local/lib/R/lib -L/usr/local/lib -o readr.so Collector.o CollectorGuess.o Iconv.o LocaleInfo.o Reader.o Source.o Tokenizer.o TokenizerDelim.o TokenizerFwf.o TokenizerWs.o connection.o cpp11.o datetime.o grisu3.o init.o parse.o read.o type_convert.o write.o write_delim.o -L/usr/local/lib/R/lib -lR
installing to /usr/local/lib/R/site-library/00LOCK-readr/00new/readr/libs
** R
** inst
** byte-compile and prepare package for lazy loading
** help
*** installing help indices
*** copying figures
** building package indices
** installing vignettes
** testing if installed package can be loaded from temporary location
** checking absolute paths in shared objects and dynamic libraries
** testing if installed package can be loaded from final location
** testing if installed package keeps a record of temporary installation path
* creating tarball
packaged installation of ‘readr’ as ‘readr_2.1.5_R_x86_64-pc-linux-gnu.tar.gz’
* DONE (readr)
* installing *source* package ‘synapsis’ ...
** this is package ‘synapsis’ version ‘1.14.0’
** using staged installation
** R
** inst
** byte-compile and prepare package for lazy loading
** help
*** installing help indices
** building package indices
** installing vignettes
** testing if installed package can be loaded from temporary location
** testing if installed package can be loaded from final location
** testing if installed package keeps a record of temporary installation path
* creating tarball
packaged installation of ‘synapsis’ as ‘synapsis_1.14.0_R_x86_64-pc-linux-gnu.tar.gz’
* DONE (synapsis)
* installing *source* package ‘haven’ ...
** this is package ‘haven’ version ‘2.5.4’
** package ‘haven’ successfully unpacked and MD5 sums checked
** using staged installation
Found pkg-config cflags and libs!
Using PKG_CFLAGS=
Using PKG_LIBS=-lz 
** libs
using C compiler: ‘gcc (Ubuntu 13.3.0-6ubuntu2~24.04) 13.3.0’
using C++ compiler: ‘g++ (Ubuntu 13.3.0-6ubuntu2~24.04) 13.3.0’
gcc -std=gnu2x -I"/usr/local/lib/R/include" -DNDEBUG  -I'/usr/local/lib/R/site-library/cpp11/include' -I/usr/local/include   -Ireadstat -DHAVE_ZLIB -fpic  -g -O2 -fstack-protector-strong -Wformat -Werror=format-security -Wdate-time -D_FORTIFY_SOURCE=2 -g  -c tagged_na.c -o tagged_na.o
gcc -std=gnu2x -I"/usr/local/lib/R/include" -DNDEBUG  -I'/usr/local/lib/R/site-library/cpp11/include' -I/usr/local/include   -Ireadstat -DHAVE_ZLIB -fpic  -g -O2 -fstack-protector-strong -Wformat -Werror=format-security -Wdate-time -D_FORTIFY_SOURCE=2 -g  -c readstat/CKHashTable.c -o readstat/CKHashTable.o
gcc -std=gnu2x -I"/usr/local/lib/R/include" -DNDEBUG  -I'/usr/local/lib/R/site-library/cpp11/include' -I/usr/local/include   -Ireadstat -DHAVE_ZLIB -fpic  -g -O2 -fstack-protector-strong -Wformat -Werror=format-security -Wdate-time -D_FORTIFY_SOURCE=2 -g  -c readstat/readstat_bits.c -o readstat/readstat_bits.o
gcc -std=gnu2x -I"/usr/local/lib/R/include" -DNDEBUG  -I'/usr/local/lib/R/site-library/cpp11/include' -I/usr/local/include   -Ireadstat -DHAVE_ZLIB -fpic  -g -O2 -fstack-protector-strong -Wformat -Werror=format-security -Wdate-time -D_FORTIFY_SOURCE=2 -g  -c readstat/readstat_convert.c -o readstat/readstat_convert.o
gcc -std=gnu2x -I"/usr/local/lib/R/include" -DNDEBUG  -I'/usr/local/lib/R/site-library/cpp11/include' -I/usr/local/include   -Ireadstat -DHAVE_ZLIB -fpic  -g -O2 -fstack-protector-strong -Wformat -Werror=format-security -Wdate-time -D_FORTIFY_SOURCE=2 -g  -c readstat/readstat_error.c -o readstat/readstat_error.o
gcc -std=gnu2x -I"/usr/local/lib/R/include" -DNDEBUG  -I'/usr/local/lib/R/site-library/cpp11/include' -I/usr/local/include   -Ireadstat -DHAVE_ZLIB -fpic  -g -O2 -fstack-protector-strong -Wformat -Werror=format-security -Wdate-time -D_FORTIFY_SOURCE=2 -g  -c readstat/readstat_io_unistd.c -o readstat/readstat_io_unistd.o
gcc -std=gnu2x -I"/usr/local/lib/R/include" -DNDEBUG  -I'/usr/local/lib/R/site-library/cpp11/include' -I/usr/local/include   -Ireadstat -DHAVE_ZLIB -fpic  -g -O2 -fstack-protector-strong -Wformat -Werror=format-security -Wdate-time -D_FORTIFY_SOURCE=2 -g  -c readstat/readstat_malloc.c -o readstat/readstat_malloc.o
gcc -std=gnu2x -I"/usr/local/lib/R/include" -DNDEBUG  -I'/usr/local/lib/R/site-library/cpp11/include' -I/usr/local/include   -Ireadstat -DHAVE_ZLIB -fpic  -g -O2 -fstack-protector-strong -Wformat -Werror=format-security -Wdate-time -D_FORTIFY_SOURCE=2 -g  -c readstat/readstat_metadata.c -o readstat/readstat_metadata.o
gcc -std=gnu2x -I"/usr/local/lib/R/include" -DNDEBUG  -I'/usr/local/lib/R/site-library/cpp11/include' -I/usr/local/include   -Ireadstat -DHAVE_ZLIB -fpic  -g -O2 -fstack-protector-strong -Wformat -Werror=format-security -Wdate-time -D_FORTIFY_SOURCE=2 -g  -c readstat/readstat_parser.c -o readstat/readstat_parser.o
gcc -std=gnu2x -I"/usr/local/lib/R/include" -DNDEBUG  -I'/usr/local/lib/R/site-library/cpp11/include' -I/usr/local/include   -Ireadstat -DHAVE_ZLIB -fpic  -g -O2 -fstack-protector-strong -Wformat -Werror=format-security -Wdate-time -D_FORTIFY_SOURCE=2 -g  -c readstat/readstat_value.c -o readstat/readstat_value.o
gcc -std=gnu2x -I"/usr/local/lib/R/include" -DNDEBUG  -I'/usr/local/lib/R/site-library/cpp11/include' -I/usr/local/include   -Ireadstat -DHAVE_ZLIB -fpic  -g -O2 -fstack-protector-strong -Wformat -Werror=format-security -Wdate-time -D_FORTIFY_SOURCE=2 -g  -c readstat/readstat_variable.c -o readstat/readstat_variable.o
gcc -std=gnu2x -I"/usr/local/lib/R/include" -DNDEBUG  -I'/usr/local/lib/R/site-library/cpp11/include' -I/usr/local/include   -Ireadstat -DHAVE_ZLIB -fpic  -g -O2 -fstack-protector-strong -Wformat -Werror=format-security -Wdate-time -D_FORTIFY_SOURCE=2 -g  -c readstat/readstat_writer.c -o readstat/readstat_writer.o
gcc -std=gnu2x -I"/usr/local/lib/R/include" -DNDEBUG  -I'/usr/local/lib/R/site-library/cpp11/include' -I/usr/local/include   -Ireadstat -DHAVE_ZLIB -fpic  -g -O2 -fstack-protector-strong -Wformat -Werror=format-security -Wdate-time -D_FORTIFY_SOURCE=2 -g  -c readstat/sas/ieee.c -o readstat/sas/ieee.o
gcc -std=gnu2x -I"/usr/local/lib/R/include" -DNDEBUG  -I'/usr/local/lib/R/site-library/cpp11/include' -I/usr/local/include   -Ireadstat -DHAVE_ZLIB -fpic  -g -O2 -fstack-protector-strong -Wformat -Werror=format-security -Wdate-time -D_FORTIFY_SOURCE=2 -g  -c readstat/sas/readstat_sas.c -o readstat/sas/readstat_sas.o
gcc -std=gnu2x -I"/usr/local/lib/R/include" -DNDEBUG  -I'/usr/local/lib/R/site-library/cpp11/include' -I/usr/local/include   -Ireadstat -DHAVE_ZLIB -fpic  -g -O2 -fstack-protector-strong -Wformat -Werror=format-security -Wdate-time -D_FORTIFY_SOURCE=2 -g  -c readstat/sas/readstat_sas7bcat_read.c -o readstat/sas/readstat_sas7bcat_read.o
gcc -std=gnu2x -I"/usr/local/lib/R/include" -DNDEBUG  -I'/usr/local/lib/R/site-library/cpp11/include' -I/usr/local/include   -Ireadstat -DHAVE_ZLIB -fpic  -g -O2 -fstack-protector-strong -Wformat -Werror=format-security -Wdate-time -D_FORTIFY_SOURCE=2 -g  -c readstat/sas/readstat_sas7bcat_write.c -o readstat/sas/readstat_sas7bcat_write.o
gcc -std=gnu2x -I"/usr/local/lib/R/include" -DNDEBUG  -I'/usr/local/lib/R/site-library/cpp11/include' -I/usr/local/include   -Ireadstat -DHAVE_ZLIB -fpic  -g -O2 -fstack-protector-strong -Wformat -Werror=format-security -Wdate-time -D_FORTIFY_SOURCE=2 -g  -c readstat/sas/readstat_sas7bdat_read.c -o readstat/sas/readstat_sas7bdat_read.o
gcc -std=gnu2x -I"/usr/local/lib/R/include" -DNDEBUG  -I'/usr/local/lib/R/site-library/cpp11/include' -I/usr/local/include   -Ireadstat -DHAVE_ZLIB -fpic  -g -O2 -fstack-protector-strong -Wformat -Werror=format-security -Wdate-time -D_FORTIFY_SOURCE=2 -g  -c readstat/sas/readstat_sas7bdat_write.c -o readstat/sas/readstat_sas7bdat_write.o
gcc -std=gnu2x -I"/usr/local/lib/R/include" -DNDEBUG  -I'/usr/local/lib/R/site-library/cpp11/include' -I/usr/local/include   -Ireadstat -DHAVE_ZLIB -fpic  -g -O2 -fstack-protector-strong -Wformat -Werror=format-security -Wdate-time -D_FORTIFY_SOURCE=2 -g  -c readstat/sas/readstat_sas_rle.c -o readstat/sas/readstat_sas_rle.o
gcc -std=gnu2x -I"/usr/local/lib/R/include" -DNDEBUG  -I'/usr/local/lib/R/site-library/cpp11/include' -I/usr/local/include   -Ireadstat -DHAVE_ZLIB -fpic  -g -O2 -fstack-protector-strong -Wformat -Werror=format-security -Wdate-time -D_FORTIFY_SOURCE=2 -g  -c readstat/sas/readstat_xport.c -o readstat/sas/readstat_xport.o
gcc -std=gnu2x -I"/usr/local/lib/R/include" -DNDEBUG  -I'/usr/local/lib/R/site-library/cpp11/include' -I/usr/local/include   -Ireadstat -DHAVE_ZLIB -fpic  -g -O2 -fstack-protector-strong -Wformat -Werror=format-security -Wdate-time -D_FORTIFY_SOURCE=2 -g  -c readstat/sas/readstat_xport_parse_format.c -o readstat/sas/readstat_xport_parse_format.o
gcc -std=gnu2x -I"/usr/local/lib/R/include" -DNDEBUG  -I'/usr/local/lib/R/site-library/cpp11/include' -I/usr/local/include   -Ireadstat -DHAVE_ZLIB -fpic  -g -O2 -fstack-protector-strong -Wformat -Werror=format-security -Wdate-time -D_FORTIFY_SOURCE=2 -g  -c readstat/sas/readstat_xport_read.c -o readstat/sas/readstat_xport_read.o
gcc -std=gnu2x -I"/usr/local/lib/R/include" -DNDEBUG  -I'/usr/local/lib/R/site-library/cpp11/include' -I/usr/local/include   -Ireadstat -DHAVE_ZLIB -fpic  -g -O2 -fstack-protector-strong -Wformat -Werror=format-security -Wdate-time -D_FORTIFY_SOURCE=2 -g  -c readstat/sas/readstat_xport_write.c -o readstat/sas/readstat_xport_write.o
gcc -std=gnu2x -I"/usr/local/lib/R/include" -DNDEBUG  -I'/usr/local/lib/R/site-library/cpp11/include' -I/usr/local/include   -Ireadstat -DHAVE_ZLIB -fpic  -g -O2 -fstack-protector-strong -Wformat -Werror=format-security -Wdate-time -D_FORTIFY_SOURCE=2 -g  -c readstat/spss/readstat_por.c -o readstat/spss/readstat_por.o
gcc -std=gnu2x -I"/usr/local/lib/R/include" -DNDEBUG  -I'/usr/local/lib/R/site-library/cpp11/include' -I/usr/local/include   -Ireadstat -DHAVE_ZLIB -fpic  -g -O2 -fstack-protector-strong -Wformat -Werror=format-security -Wdate-time -D_FORTIFY_SOURCE=2 -g  -c readstat/spss/readstat_por_parse.c -o readstat/spss/readstat_por_parse.o
gcc -std=gnu2x -I"/usr/local/lib/R/include" -DNDEBUG  -I'/usr/local/lib/R/site-library/cpp11/include' -I/usr/local/include   -Ireadstat -DHAVE_ZLIB -fpic  -g -O2 -fstack-protector-strong -Wformat -Werror=format-security -Wdate-time -D_FORTIFY_SOURCE=2 -g  -c readstat/spss/readstat_por_read.c -o readstat/spss/readstat_por_read.o
gcc -std=gnu2x -I"/usr/local/lib/R/include" -DNDEBUG  -I'/usr/local/lib/R/site-library/cpp11/include' -I/usr/local/include   -Ireadstat -DHAVE_ZLIB -fpic  -g -O2 -fstack-protector-strong -Wformat -Werror=format-security -Wdate-time -D_FORTIFY_SOURCE=2 -g  -c readstat/spss/readstat_por_write.c -o readstat/spss/readstat_por_write.o
gcc -std=gnu2x -I"/usr/local/lib/R/include" -DNDEBUG  -I'/usr/local/lib/R/site-library/cpp11/include' -I/usr/local/include   -Ireadstat -DHAVE_ZLIB -fpic  -g -O2 -fstack-protector-strong -Wformat -Werror=format-security -Wdate-time -D_FORTIFY_SOURCE=2 -g  -c readstat/spss/readstat_sav.c -o readstat/spss/readstat_sav.o
gcc -std=gnu2x -I"/usr/local/lib/R/include" -DNDEBUG  -I'/usr/local/lib/R/site-library/cpp11/include' -I/usr/local/include   -Ireadstat -DHAVE_ZLIB -fpic  -g -O2 -fstack-protector-strong -Wformat -Werror=format-security -Wdate-time -D_FORTIFY_SOURCE=2 -g  -c readstat/spss/readstat_sav_compress.c -o readstat/spss/readstat_sav_compress.o
gcc -std=gnu2x -I"/usr/local/lib/R/include" -DNDEBUG  -I'/usr/local/lib/R/site-library/cpp11/include' -I/usr/local/include   -Ireadstat -DHAVE_ZLIB -fpic  -g -O2 -fstack-protector-strong -Wformat -Werror=format-security -Wdate-time -D_FORTIFY_SOURCE=2 -g  -c readstat/spss/readstat_sav_parse.c -o readstat/spss/readstat_sav_parse.o
gcc -std=gnu2x -I"/usr/local/lib/R/include" -DNDEBUG  -I'/usr/local/lib/R/site-library/cpp11/include' -I/usr/local/include   -Ireadstat -DHAVE_ZLIB -fpic  -g -O2 -fstack-protector-strong -Wformat -Werror=format-security -Wdate-time -D_FORTIFY_SOURCE=2 -g  -c readstat/spss/readstat_sav_parse_timestamp.c -o readstat/spss/readstat_sav_parse_timestamp.o
gcc -std=gnu2x -I"/usr/local/lib/R/include" -DNDEBUG  -I'/usr/local/lib/R/site-library/cpp11/include' -I/usr/local/include   -Ireadstat -DHAVE_ZLIB -fpic  -g -O2 -fstack-protector-strong -Wformat -Werror=format-security -Wdate-time -D_FORTIFY_SOURCE=2 -g  -c readstat/spss/readstat_sav_read.c -o readstat/spss/readstat_sav_read.o
gcc -std=gnu2x -I"/usr/local/lib/R/include" -DNDEBUG  -I'/usr/local/lib/R/site-library/cpp11/include' -I/usr/local/include   -Ireadstat -DHAVE_ZLIB -fpic  -g -O2 -fstack-protector-strong -Wformat -Werror=format-security -Wdate-time -D_FORTIFY_SOURCE=2 -g  -c readstat/spss/readstat_sav_write.c -o readstat/spss/readstat_sav_write.o
gcc -std=gnu2x -I"/usr/local/lib/R/include" -DNDEBUG  -I'/usr/local/lib/R/site-library/cpp11/include' -I/usr/local/include   -Ireadstat -DHAVE_ZLIB -fpic  -g -O2 -fstack-protector-strong -Wformat -Werror=format-security -Wdate-time -D_FORTIFY_SOURCE=2 -g  -c readstat/spss/readstat_spss.c -o readstat/spss/readstat_spss.o
gcc -std=gnu2x -I"/usr/local/lib/R/include" -DNDEBUG  -I'/usr/local/lib/R/site-library/cpp11/include' -I/usr/local/include   -Ireadstat -DHAVE_ZLIB -fpic  -g -O2 -fstack-protector-strong -Wformat -Werror=format-security -Wdate-time -D_FORTIFY_SOURCE=2 -g  -c readstat/spss/readstat_spss_parse.c -o readstat/spss/readstat_spss_parse.o
gcc -std=gnu2x -I"/usr/local/lib/R/include" -DNDEBUG  -I'/usr/local/lib/R/site-library/cpp11/include' -I/usr/local/include   -Ireadstat -DHAVE_ZLIB -fpic  -g -O2 -fstack-protector-strong -Wformat -Werror=format-security -Wdate-time -D_FORTIFY_SOURCE=2 -g  -c readstat/spss/readstat_zsav_compress.c -o readstat/spss/readstat_zsav_compress.o
gcc -std=gnu2x -I"/usr/local/lib/R/include" -DNDEBUG  -I'/usr/local/lib/R/site-library/cpp11/include' -I/usr/local/include   -Ireadstat -DHAVE_ZLIB -fpic  -g -O2 -fstack-protector-strong -Wformat -Werror=format-security -Wdate-time -D_FORTIFY_SOURCE=2 -g  -c readstat/spss/readstat_zsav_read.c -o readstat/spss/readstat_zsav_read.o
gcc -std=gnu2x -I"/usr/local/lib/R/include" -DNDEBUG  -I'/usr/local/lib/R/site-library/cpp11/include' -I/usr/local/include   -Ireadstat -DHAVE_ZLIB -fpic  -g -O2 -fstack-protector-strong -Wformat -Werror=format-security -Wdate-time -D_FORTIFY_SOURCE=2 -g  -c readstat/spss/readstat_zsav_write.c -o readstat/spss/readstat_zsav_write.o
gcc -std=gnu2x -I"/usr/local/lib/R/include" -DNDEBUG  -I'/usr/local/lib/R/site-library/cpp11/include' -I/usr/local/include   -Ireadstat -DHAVE_ZLIB -fpic  -g -O2 -fstack-protector-strong -Wformat -Werror=format-security -Wdate-time -D_FORTIFY_SOURCE=2 -g  -c readstat/stata/readstat_dta.c -o readstat/stata/readstat_dta.o
gcc -std=gnu2x -I"/usr/local/lib/R/include" -DNDEBUG  -I'/usr/local/lib/R/site-library/cpp11/include' -I/usr/local/include   -Ireadstat -DHAVE_ZLIB -fpic  -g -O2 -fstack-protector-strong -Wformat -Werror=format-security -Wdate-time -D_FORTIFY_SOURCE=2 -g  -c readstat/stata/readstat_dta_parse_timestamp.c -o readstat/stata/readstat_dta_parse_timestamp.o
gcc -std=gnu2x -I"/usr/local/lib/R/include" -DNDEBUG  -I'/usr/local/lib/R/site-library/cpp11/include' -I/usr/local/include   -Ireadstat -DHAVE_ZLIB -fpic  -g -O2 -fstack-protector-strong -Wformat -Werror=format-security -Wdate-time -D_FORTIFY_SOURCE=2 -g  -c readstat/stata/readstat_dta_read.c -o readstat/stata/readstat_dta_read.o
gcc -std=gnu2x -I"/usr/local/lib/R/include" -DNDEBUG  -I'/usr/local/lib/R/site-library/cpp11/include' -I/usr/local/include   -Ireadstat -DHAVE_ZLIB -fpic  -g -O2 -fstack-protector-strong -Wformat -Werror=format-security -Wdate-time -D_FORTIFY_SOURCE=2 -g  -c readstat/stata/readstat_dta_write.c -o readstat/stata/readstat_dta_write.o
g++ -std=gnu++17 -I"/usr/local/lib/R/include" -DNDEBUG  -I'/usr/local/lib/R/site-library/cpp11/include' -I/usr/local/include   -Ireadstat -DHAVE_ZLIB -fpic  -g -O2 -fstack-protector-strong -Wformat -Werror=format-security -Wdate-time -D_FORTIFY_SOURCE=2 -g   -c DfReader.cpp -o DfReader.o
g++ -std=gnu++17 -I"/usr/local/lib/R/include" -DNDEBUG  -I'/usr/local/lib/R/site-library/cpp11/include' -I/usr/local/include   -Ireadstat -DHAVE_ZLIB -fpic  -g -O2 -fstack-protector-strong -Wformat -Werror=format-security -Wdate-time -D_FORTIFY_SOURCE=2 -g   -c DfWriter.cpp -o DfWriter.o
g++ -std=gnu++17 -I"/usr/local/lib/R/include" -DNDEBUG  -I'/usr/local/lib/R/site-library/cpp11/include' -I/usr/local/include   -Ireadstat -DHAVE_ZLIB -fpic  -g -O2 -fstack-protector-strong -Wformat -Werror=format-security -Wdate-time -D_FORTIFY_SOURCE=2 -g   -c cpp11.cpp -o cpp11.o
g++ -std=gnu++17 -I"/usr/local/lib/R/include" -DNDEBUG  -I'/usr/local/lib/R/site-library/cpp11/include' -I/usr/local/include   -Ireadstat -DHAVE_ZLIB -fpic  -g -O2 -fstack-protector-strong -Wformat -Werror=format-security -Wdate-time -D_FORTIFY_SOURCE=2 -g   -c haven_types.cpp -o haven_types.o
g++ -std=gnu++17 -shared -L/usr/local/lib/R/lib -L/usr/local/lib -o haven.so tagged_na.o readstat/CKHashTable.o readstat/readstat_bits.o readstat/readstat_convert.o readstat/readstat_error.o readstat/readstat_io_unistd.o readstat/readstat_malloc.o readstat/readstat_metadata.o readstat/readstat_parser.o readstat/readstat_value.o readstat/readstat_variable.o readstat/readstat_writer.o readstat/sas/ieee.o readstat/sas/readstat_sas.o readstat/sas/readstat_sas7bcat_read.o readstat/sas/readstat_sas7bcat_write.o readstat/sas/readstat_sas7bdat_read.o readstat/sas/readstat_sas7bdat_write.o readstat/sas/readstat_sas_rle.o readstat/sas/readstat_xport.o readstat/sas/readstat_xport_parse_format.o readstat/sas/readstat_xport_read.o readstat/sas/readstat_xport_write.o readstat/spss/readstat_por.o readstat/spss/readstat_por_parse.o readstat/spss/readstat_por_read.o readstat/spss/readstat_por_write.o readstat/spss/readstat_sav.o readstat/spss/readstat_sav_compress.o readstat/spss/readstat_sav_parse.o readstat/spss/readstat_sav_parse_timestamp.o readstat/spss/readstat_sav_read.o readstat/spss/readstat_sav_write.o readstat/spss/readstat_spss.o readstat/spss/readstat_spss_parse.o readstat/spss/readstat_zsav_compress.o readstat/spss/readstat_zsav_read.o readstat/spss/readstat_zsav_write.o readstat/stata/readstat_dta.o readstat/stata/readstat_dta_parse_timestamp.o readstat/stata/readstat_dta_read.o readstat/stata/readstat_dta_write.o DfReader.o DfWriter.o cpp11.o haven_types.o -lz -L/usr/local/lib/R/lib -lR
installing to /usr/local/lib/R/site-library/00LOCK-haven/00new/haven/libs
** R
** inst
** byte-compile and prepare package for lazy loading
** help
*** installing help indices
*** copying figures
** building package indices
** installing vignettes
** testing if installed package can be loaded from temporary location
** checking absolute paths in shared objects and dynamic libraries
** testing if installed package can be loaded from final location
** testing if installed package keeps a record of temporary installation path
* creating tarball
packaged installation of ‘haven’ as ‘haven_2.5.4_R_x86_64-pc-linux-gnu.tar.gz’
* DONE (haven)
* installing *source* package ‘modelr’ ...
** this is package ‘modelr’ version ‘0.1.11’
** package ‘modelr’ successfully unpacked and MD5 sums checked
** using staged installation
** R
** data
*** moving datasets to lazyload DB
** byte-compile and prepare package for lazy loading
** help
*** installing help indices
*** copying figures
** building package indices
** testing if installed package can be loaded from temporary location
** testing if installed package can be loaded from final location
** testing if installed package keeps a record of temporary installation path
* creating tarball
packaged installation of ‘modelr’ as ‘modelr_0.1.11_R_x86_64-pc-linux-gnu.tar.gz’
* DONE (modelr)
* installing *source* package ‘tidyverse’ ...
** this is package ‘tidyverse’ version ‘2.0.0’
** package ‘tidyverse’ successfully unpacked and MD5 sums checked
** using staged installation
** R
** inst
** byte-compile and prepare package for lazy loading
** help
*** installing help indices
*** copying figures
** building package indices
** installing vignettes
** testing if installed package can be loaded from temporary location
** testing if installed package can be loaded from final location
** testing if installed package keeps a record of temporary installation path
* creating tarball
packaged installation of ‘tidyverse’ as ‘tidyverse_2.0.0_R_x86_64-pc-linux-gnu.tar.gz’
* DONE (tidyverse)

The downloaded source packages are in
	‘/tmp/RtmpAoB6id/downloaded_packages’
Old packages: 'cli', 'commonmark', 'curl', 'diffobj', 'docopt', 'fs', 'gert',
  'httpuv', 'httr2', 'jsonlite', 'knitr', 'later', 'littler', 'mime', 'miniUI',
  'pillar', 'pkgbuild', 'pkgdown', 'preprocessCore', 'ps', 'ragg', 'rlang',
  'sass', 'stringi', 'systemfonts', 'textshaping', 'tinytex', 'utf8', 'xfun',
  'xml2', 'zip', 'foreign', 'lattice', 'mgcv', 'nlme'

real	7m23.927s
user	6m23.457s
sys	1m26.999s
