+ Rscript -e 'Sys.setenv(BIOCONDUCTOR_USE_CONTAINER_REPOSITORY=FALSE);
  p <- .libPaths();
  p <- c('\'''\'', '\'''\'', p);
  .libPaths(p);
  if(BiocManager::install('\''Polytect'\'', INSTALL_opts = '\''--build'\'', update = TRUE, quiet = FALSE, dependencies=TRUE, force = TRUE, keep_outputs = TRUE) %in% rownames(installed.packages())) q(status = 0) else q(status = 1)'
'getOption("repos")' replaces Bioconductor standard repositories, see
'help("repositories", package = "BiocManager")' for details.
Replacement repositories:
    CRAN: https://cloud.r-project.org
Bioconductor version 3.21 (BiocManager 1.30.25), R 4.5.0 (2025-04-11)
Installing package(s) 'Polytect'
also installing the dependencies ‘rbibutils’, ‘Deriv’, ‘microbenchmark’, ‘Rdpack’, ‘doBy’, ‘minqa’, ‘nloptr’, ‘reformulas’, ‘hexbin’, ‘IDPmisc’, ‘carData’, ‘Formula’, ‘pbkrtest’, ‘lme4’, ‘SparseM’, ‘MatrixModels’, ‘R.oo’, ‘R.methodsS3’, ‘cytolib’, ‘RProtoBufLib’, ‘flowViz’, ‘car’, ‘mnormt’, ‘numDeriv’, ‘quantreg’, ‘mlr’, ‘BBmisc’, ‘checkmate’, ‘parallelMap’, ‘fastmatch’, ‘plotrix’, ‘clue’, ‘openxlsx’, ‘R.utils’, ‘flowCore’, ‘flowDensity’, ‘SamSPECTRAL’, ‘mvtnorm’, ‘sn’, ‘flowPeaks’, ‘mlrMBO’, ‘DiceKriging’, ‘smoof’, ‘ParamHelpers’, ‘lhs’, ‘rgenoud’, ‘ddPCRclust’

trying URL 'https://cloud.r-project.org/src/contrib/rbibutils_2.3.tar.gz'
trying URL 'https://cloud.r-project.org/src/contrib/Deriv_4.1.6.tar.gz'
trying URL 'https://cloud.r-project.org/src/contrib/microbenchmark_1.5.0.tar.gz'
trying URL 'https://cloud.r-project.org/src/contrib/Rdpack_2.6.4.tar.gz'
trying URL 'https://cloud.r-project.org/src/contrib/doBy_4.6.26.tar.gz'
trying URL 'https://cloud.r-project.org/src/contrib/minqa_1.2.8.tar.gz'
trying URL 'https://cloud.r-project.org/src/contrib/nloptr_2.2.1.tar.gz'
trying URL 'https://cloud.r-project.org/src/contrib/reformulas_0.4.1.tar.gz'
trying URL 'https://cloud.r-project.org/src/contrib/hexbin_1.28.5.tar.gz'
trying URL 'https://cloud.r-project.org/src/contrib/IDPmisc_1.1.21.tar.gz'
trying URL 'https://cloud.r-project.org/src/contrib/carData_3.0-5.tar.gz'
trying URL 'https://cloud.r-project.org/src/contrib/Formula_1.2-5.tar.gz'
trying URL 'https://cloud.r-project.org/src/contrib/pbkrtest_0.5.4.tar.gz'
trying URL 'https://cloud.r-project.org/src/contrib/lme4_1.1-37.tar.gz'
trying URL 'https://cloud.r-project.org/src/contrib/SparseM_1.84-2.tar.gz'
trying URL 'https://cloud.r-project.org/src/contrib/MatrixModels_0.5-4.tar.gz'
trying URL 'https://cloud.r-project.org/src/contrib/R.oo_1.27.1.tar.gz'
trying URL 'https://cloud.r-project.org/src/contrib/R.methodsS3_1.8.2.tar.gz'
trying URL 'https://bioconductor.org/packages/3.21/bioc/src/contrib/cytolib_2.20.0.tar.gz'
trying URL 'https://bioconductor.org/packages/3.21/bioc/src/contrib/RProtoBufLib_2.20.0.tar.gz'
trying URL 'https://bioconductor.org/packages/3.21/bioc/src/contrib/flowViz_1.72.0.tar.gz'
trying URL 'https://cloud.r-project.org/src/contrib/car_3.1-3.tar.gz'
trying URL 'https://cloud.r-project.org/src/contrib/mnormt_2.1.1.tar.gz'
trying URL 'https://cloud.r-project.org/src/contrib/numDeriv_2016.8-1.1.tar.gz'
trying URL 'https://cloud.r-project.org/src/contrib/quantreg_6.1.tar.gz'
trying URL 'https://cloud.r-project.org/src/contrib/mlr_2.19.2.tar.gz'
trying URL 'https://cloud.r-project.org/src/contrib/BBmisc_1.13.tar.gz'
trying URL 'https://cloud.r-project.org/src/contrib/checkmate_2.3.2.tar.gz'
trying URL 'https://cloud.r-project.org/src/contrib/parallelMap_1.5.1.tar.gz'
trying URL 'https://cloud.r-project.org/src/contrib/fastmatch_1.1-6.tar.gz'
trying URL 'https://cloud.r-project.org/src/contrib/plotrix_3.8-4.tar.gz'
trying URL 'https://cloud.r-project.org/src/contrib/clue_0.3-66.tar.gz'
trying URL 'https://cloud.r-project.org/src/contrib/openxlsx_4.2.8.tar.gz'
trying URL 'https://cloud.r-project.org/src/contrib/R.utils_2.13.0.tar.gz'
trying URL 'https://bioconductor.org/packages/3.21/bioc/src/contrib/flowCore_2.20.0.tar.gz'
trying URL 'https://bioconductor.org/packages/3.21/bioc/src/contrib/flowDensity_1.42.0.tar.gz'
trying URL 'https://bioconductor.org/packages/3.21/bioc/src/contrib/SamSPECTRAL_1.62.0.tar.gz'
trying URL 'https://cloud.r-project.org/src/contrib/mvtnorm_1.3-3.tar.gz'
trying URL 'https://cloud.r-project.org/src/contrib/sn_2.1.1.tar.gz'
trying URL 'https://bioconductor.org/packages/3.21/bioc/src/contrib/flowPeaks_1.54.0.tar.gz'
trying URL 'https://cloud.r-project.org/src/contrib/mlrMBO_1.1.5.1.tar.gz'
trying URL 'https://cloud.r-project.org/src/contrib/DiceKriging_1.6.0.tar.gz'
trying URL 'https://cloud.r-project.org/src/contrib/smoof_1.6.0.3.tar.gz'
trying URL 'https://cloud.r-project.org/src/contrib/ParamHelpers_1.14.2.tar.gz'
trying URL 'https://cloud.r-project.org/src/contrib/lhs_1.2.0.tar.gz'
trying URL 'https://cloud.r-project.org/src/contrib/rgenoud_5.9-0.11.tar.gz'
trying URL 'https://bioconductor.org/packages/3.21/bioc/src/contrib/ddPCRclust_1.28.0.tar.gz'
trying URL 'https://bioconductor.org/packages/3.21/bioc/src/contrib/Polytect_1.0.0.tar.gz'
* installing *source* package ‘rbibutils’ ...
** this is package ‘rbibutils’ version ‘2.3’
** package ‘rbibutils’ successfully unpacked and MD5 sums checked
** using staged installation
** libs
using C compiler: ‘gcc (Ubuntu 11.4.0-1ubuntu1~22.04) 11.4.0’
gcc -I"/usr/share/R/include" -DNDEBUG       -fpic  -g -O2 -ffile-prefix-map=/build/r-base-rgGXCp/r-base-4.5.0=. -fstack-protector-strong -Wformat -Werror=format-security -Wdate-time -D_FORTIFY_SOURCE=2  -c adsout.c -o adsout.o
gcc -I"/usr/share/R/include" -DNDEBUG       -fpic  -g -O2 -ffile-prefix-map=/build/r-base-rgGXCp/r-base-4.5.0=. -fstack-protector-strong -Wformat -Werror=format-security -Wdate-time -D_FORTIFY_SOURCE=2  -c any2xml.c -o any2xml.o
gcc -I"/usr/share/R/include" -DNDEBUG       -fpic  -g -O2 -ffile-prefix-map=/build/r-base-rgGXCp/r-base-4.5.0=. -fstack-protector-strong -Wformat -Werror=format-security -Wdate-time -D_FORTIFY_SOURCE=2  -c args.c -o args.o
gcc -I"/usr/share/R/include" -DNDEBUG       -fpic  -g -O2 -ffile-prefix-map=/build/r-base-rgGXCp/r-base-4.5.0=. -fstack-protector-strong -Wformat -Werror=format-security -Wdate-time -D_FORTIFY_SOURCE=2  -c bib2be.c -o bib2be.o
gcc -I"/usr/share/R/include" -DNDEBUG       -fpic  -g -O2 -ffile-prefix-map=/build/r-base-rgGXCp/r-base-4.5.0=. -fstack-protector-strong -Wformat -Werror=format-security -Wdate-time -D_FORTIFY_SOURCE=2  -c bibcore.c -o bibcore.o
gcc -I"/usr/share/R/include" -DNDEBUG       -fpic  -g -O2 -ffile-prefix-map=/build/r-base-rgGXCp/r-base-4.5.0=. -fstack-protector-strong -Wformat -Werror=format-security -Wdate-time -D_FORTIFY_SOURCE=2  -c bibentrydirectout.c -o bibentrydirectout.o
gcc -I"/usr/share/R/include" -DNDEBUG       -fpic  -g -O2 -ffile-prefix-map=/build/r-base-rgGXCp/r-base-4.5.0=. -fstack-protector-strong -Wformat -Werror=format-security -Wdate-time -D_FORTIFY_SOURCE=2  -c bibentryout.c -o bibentryout.o
gcc -I"/usr/share/R/include" -DNDEBUG       -fpic  -g -O2 -ffile-prefix-map=/build/r-base-rgGXCp/r-base-4.5.0=. -fstack-protector-strong -Wformat -Werror=format-security -Wdate-time -D_FORTIFY_SOURCE=2  -c bibl.c -o bibl.o
gcc -I"/usr/share/R/include" -DNDEBUG       -fpic  -g -O2 -ffile-prefix-map=/build/r-base-rgGXCp/r-base-4.5.0=. -fstack-protector-strong -Wformat -Werror=format-security -Wdate-time -D_FORTIFY_SOURCE=2  -c biblatexin.c -o biblatexin.o
gcc -I"/usr/share/R/include" -DNDEBUG       -fpic  -g -O2 -ffile-prefix-map=/build/r-base-rgGXCp/r-base-4.5.0=. -fstack-protector-strong -Wformat -Werror=format-security -Wdate-time -D_FORTIFY_SOURCE=2  -c biblatexout.c -o biblatexout.o
gcc -I"/usr/share/R/include" -DNDEBUG       -fpic  -g -O2 -ffile-prefix-map=/build/r-base-rgGXCp/r-base-4.5.0=. -fstack-protector-strong -Wformat -Werror=format-security -Wdate-time -D_FORTIFY_SOURCE=2  -c bibprog.c -o bibprog.o
gcc -I"/usr/share/R/include" -DNDEBUG       -fpic  -g -O2 -ffile-prefix-map=/build/r-base-rgGXCp/r-base-4.5.0=. -fstack-protector-strong -Wformat -Werror=format-security -Wdate-time -D_FORTIFY_SOURCE=2  -c bibtexdirectin.c -o bibtexdirectin.o
gcc -I"/usr/share/R/include" -DNDEBUG       -fpic  -g -O2 -ffile-prefix-map=/build/r-base-rgGXCp/r-base-4.5.0=. -fstack-protector-strong -Wformat -Werror=format-security -Wdate-time -D_FORTIFY_SOURCE=2  -c bibtexin.c -o bibtexin.o
gcc -I"/usr/share/R/include" -DNDEBUG       -fpic  -g -O2 -ffile-prefix-map=/build/r-base-rgGXCp/r-base-4.5.0=. -fstack-protector-strong -Wformat -Werror=format-security -Wdate-time -D_FORTIFY_SOURCE=2  -c bibtexout.c -o bibtexout.o
gcc -I"/usr/share/R/include" -DNDEBUG       -fpic  -g -O2 -ffile-prefix-map=/build/r-base-rgGXCp/r-base-4.5.0=. -fstack-protector-strong -Wformat -Werror=format-security -Wdate-time -D_FORTIFY_SOURCE=2  -c bibtextypes.c -o bibtextypes.o
gcc -I"/usr/share/R/include" -DNDEBUG       -fpic  -g -O2 -ffile-prefix-map=/build/r-base-rgGXCp/r-base-4.5.0=. -fstack-protector-strong -Wformat -Werror=format-security -Wdate-time -D_FORTIFY_SOURCE=2  -c bibutils.c -o bibutils.o
gcc -I"/usr/share/R/include" -DNDEBUG       -fpic  -g -O2 -ffile-prefix-map=/build/r-base-rgGXCp/r-base-4.5.0=. -fstack-protector-strong -Wformat -Werror=format-security -Wdate-time -D_FORTIFY_SOURCE=2  -c bltypes.c -o bltypes.o
gcc -I"/usr/share/R/include" -DNDEBUG       -fpic  -g -O2 -ffile-prefix-map=/build/r-base-rgGXCp/r-base-4.5.0=. -fstack-protector-strong -Wformat -Werror=format-security -Wdate-time -D_FORTIFY_SOURCE=2  -c bu_auth.c -o bu_auth.o
gcc -I"/usr/share/R/include" -DNDEBUG       -fpic  -g -O2 -ffile-prefix-map=/build/r-base-rgGXCp/r-base-4.5.0=. -fstack-protector-strong -Wformat -Werror=format-security -Wdate-time -D_FORTIFY_SOURCE=2  -c charsets.c -o charsets.o
gcc -I"/usr/share/R/include" -DNDEBUG       -fpic  -g -O2 -ffile-prefix-map=/build/r-base-rgGXCp/r-base-4.5.0=. -fstack-protector-strong -Wformat -Werror=format-security -Wdate-time -D_FORTIFY_SOURCE=2  -c common_be_bed.c -o common_be_bed.o
gcc -I"/usr/share/R/include" -DNDEBUG       -fpic  -g -O2 -ffile-prefix-map=/build/r-base-rgGXCp/r-base-4.5.0=. -fstack-protector-strong -Wformat -Werror=format-security -Wdate-time -D_FORTIFY_SOURCE=2  -c common_bt_blt_btd_out.c -o common_bt_blt_btd_out.o
gcc -I"/usr/share/R/include" -DNDEBUG       -fpic  -g -O2 -ffile-prefix-map=/build/r-base-rgGXCp/r-base-4.5.0=. -fstack-protector-strong -Wformat -Werror=format-security -Wdate-time -D_FORTIFY_SOURCE=2  -c common_bt_btd.c -o common_bt_btd.o
gcc -I"/usr/share/R/include" -DNDEBUG       -fpic  -g -O2 -ffile-prefix-map=/build/r-base-rgGXCp/r-base-4.5.0=. -fstack-protector-strong -Wformat -Werror=format-security -Wdate-time -D_FORTIFY_SOURCE=2  -c common_bt_btd_blt.c -o common_bt_btd_blt.o
gcc -I"/usr/share/R/include" -DNDEBUG       -fpic  -g -O2 -ffile-prefix-map=/build/r-base-rgGXCp/r-base-4.5.0=. -fstack-protector-strong -Wformat -Werror=format-security -Wdate-time -D_FORTIFY_SOURCE=2  -c common_bt_btd_out.c -o common_bt_btd_out.o
gcc -I"/usr/share/R/include" -DNDEBUG       -fpic  -g -O2 -ffile-prefix-map=/build/r-base-rgGXCp/r-base-4.5.0=. -fstack-protector-strong -Wformat -Werror=format-security -Wdate-time -D_FORTIFY_SOURCE=2  -c copacin.c -o copacin.o
gcc -I"/usr/share/R/include" -DNDEBUG       -fpic  -g -O2 -ffile-prefix-map=/build/r-base-rgGXCp/r-base-4.5.0=. -fstack-protector-strong -Wformat -Werror=format-security -Wdate-time -D_FORTIFY_SOURCE=2  -c copactypes.c -o copactypes.o
gcc -I"/usr/share/R/include" -DNDEBUG       -fpic  -g -O2 -ffile-prefix-map=/build/r-base-rgGXCp/r-base-4.5.0=. -fstack-protector-strong -Wformat -Werror=format-security -Wdate-time -D_FORTIFY_SOURCE=2  -c ebiin.c -o ebiin.o
gcc -I"/usr/share/R/include" -DNDEBUG       -fpic  -g -O2 -ffile-prefix-map=/build/r-base-rgGXCp/r-base-4.5.0=. -fstack-protector-strong -Wformat -Werror=format-security -Wdate-time -D_FORTIFY_SOURCE=2  -c endin.c -o endin.o
gcc -I"/usr/share/R/include" -DNDEBUG       -fpic  -g -O2 -ffile-prefix-map=/build/r-base-rgGXCp/r-base-4.5.0=. -fstack-protector-strong -Wformat -Werror=format-security -Wdate-time -D_FORTIFY_SOURCE=2  -c endout.c -o endout.o
gcc -I"/usr/share/R/include" -DNDEBUG       -fpic  -g -O2 -ffile-prefix-map=/build/r-base-rgGXCp/r-base-4.5.0=. -fstack-protector-strong -Wformat -Werror=format-security -Wdate-time -D_FORTIFY_SOURCE=2  -c endtypes.c -o endtypes.o
gcc -I"/usr/share/R/include" -DNDEBUG       -fpic  -g -O2 -ffile-prefix-map=/build/r-base-rgGXCp/r-base-4.5.0=. -fstack-protector-strong -Wformat -Werror=format-security -Wdate-time -D_FORTIFY_SOURCE=2  -c endxmlin.c -o endxmlin.o
gcc -I"/usr/share/R/include" -DNDEBUG       -fpic  -g -O2 -ffile-prefix-map=/build/r-base-rgGXCp/r-base-4.5.0=. -fstack-protector-strong -Wformat -Werror=format-security -Wdate-time -D_FORTIFY_SOURCE=2  -c entities.c -o entities.o
gcc -I"/usr/share/R/include" -DNDEBUG       -fpic  -g -O2 -ffile-prefix-map=/build/r-base-rgGXCp/r-base-4.5.0=. -fstack-protector-strong -Wformat -Werror=format-security -Wdate-time -D_FORTIFY_SOURCE=2  -c fields.c -o fields.o
gcc -I"/usr/share/R/include" -DNDEBUG       -fpic  -g -O2 -ffile-prefix-map=/build/r-base-rgGXCp/r-base-4.5.0=. -fstack-protector-strong -Wformat -Werror=format-security -Wdate-time -D_FORTIFY_SOURCE=2  -c gb18030.c -o gb18030.o
gcc -I"/usr/share/R/include" -DNDEBUG       -fpic  -g -O2 -ffile-prefix-map=/build/r-base-rgGXCp/r-base-4.5.0=. -fstack-protector-strong -Wformat -Werror=format-security -Wdate-time -D_FORTIFY_SOURCE=2  -c generic.c -o generic.o
gcc -I"/usr/share/R/include" -DNDEBUG       -fpic  -g -O2 -ffile-prefix-map=/build/r-base-rgGXCp/r-base-4.5.0=. -fstack-protector-strong -Wformat -Werror=format-security -Wdate-time -D_FORTIFY_SOURCE=2  -c init.c -o init.o
gcc -I"/usr/share/R/include" -DNDEBUG       -fpic  -g -O2 -ffile-prefix-map=/build/r-base-rgGXCp/r-base-4.5.0=. -fstack-protector-strong -Wformat -Werror=format-security -Wdate-time -D_FORTIFY_SOURCE=2  -c intlist.c -o intlist.o
gcc -I"/usr/share/R/include" -DNDEBUG       -fpic  -g -O2 -ffile-prefix-map=/build/r-base-rgGXCp/r-base-4.5.0=. -fstack-protector-strong -Wformat -Werror=format-security -Wdate-time -D_FORTIFY_SOURCE=2  -c is_ws.c -o is_ws.o
gcc -I"/usr/share/R/include" -DNDEBUG       -fpic  -g -O2 -ffile-prefix-map=/build/r-base-rgGXCp/r-base-4.5.0=. -fstack-protector-strong -Wformat -Werror=format-security -Wdate-time -D_FORTIFY_SOURCE=2  -c isiin.c -o isiin.o
gcc -I"/usr/share/R/include" -DNDEBUG       -fpic  -g -O2 -ffile-prefix-map=/build/r-base-rgGXCp/r-base-4.5.0=. -fstack-protector-strong -Wformat -Werror=format-security -Wdate-time -D_FORTIFY_SOURCE=2  -c isiout.c -o isiout.o
gcc -I"/usr/share/R/include" -DNDEBUG       -fpic  -g -O2 -ffile-prefix-map=/build/r-base-rgGXCp/r-base-4.5.0=. -fstack-protector-strong -Wformat -Werror=format-security -Wdate-time -D_FORTIFY_SOURCE=2  -c isitypes.c -o isitypes.o
gcc -I"/usr/share/R/include" -DNDEBUG       -fpic  -g -O2 -ffile-prefix-map=/build/r-base-rgGXCp/r-base-4.5.0=. -fstack-protector-strong -Wformat -Werror=format-security -Wdate-time -D_FORTIFY_SOURCE=2  -c iso639_1.c -o iso639_1.o
gcc -I"/usr/share/R/include" -DNDEBUG       -fpic  -g -O2 -ffile-prefix-map=/build/r-base-rgGXCp/r-base-4.5.0=. -fstack-protector-strong -Wformat -Werror=format-security -Wdate-time -D_FORTIFY_SOURCE=2  -c iso639_2.c -o iso639_2.o
gcc -I"/usr/share/R/include" -DNDEBUG       -fpic  -g -O2 -ffile-prefix-map=/build/r-base-rgGXCp/r-base-4.5.0=. -fstack-protector-strong -Wformat -Werror=format-security -Wdate-time -D_FORTIFY_SOURCE=2  -c iso639_3.c -o iso639_3.o
gcc -I"/usr/share/R/include" -DNDEBUG       -fpic  -g -O2 -ffile-prefix-map=/build/r-base-rgGXCp/r-base-4.5.0=. -fstack-protector-strong -Wformat -Werror=format-security -Wdate-time -D_FORTIFY_SOURCE=2  -c latex.c -o latex.o
gcc -I"/usr/share/R/include" -DNDEBUG       -fpic  -g -O2 -ffile-prefix-map=/build/r-base-rgGXCp/r-base-4.5.0=. -fstack-protector-strong -Wformat -Werror=format-security -Wdate-time -D_FORTIFY_SOURCE=2  -c latex_parse.c -o latex_parse.o
gcc -I"/usr/share/R/include" -DNDEBUG       -fpic  -g -O2 -ffile-prefix-map=/build/r-base-rgGXCp/r-base-4.5.0=. -fstack-protector-strong -Wformat -Werror=format-security -Wdate-time -D_FORTIFY_SOURCE=2  -c marc_auth.c -o marc_auth.o
gcc -I"/usr/share/R/include" -DNDEBUG       -fpic  -g -O2 -ffile-prefix-map=/build/r-base-rgGXCp/r-base-4.5.0=. -fstack-protector-strong -Wformat -Werror=format-security -Wdate-time -D_FORTIFY_SOURCE=2  -c medin.c -o medin.o
gcc -I"/usr/share/R/include" -DNDEBUG       -fpic  -g -O2 -ffile-prefix-map=/build/r-base-rgGXCp/r-base-4.5.0=. -fstack-protector-strong -Wformat -Werror=format-security -Wdate-time -D_FORTIFY_SOURCE=2  -c modsin.c -o modsin.o
gcc -I"/usr/share/R/include" -DNDEBUG       -fpic  -g -O2 -ffile-prefix-map=/build/r-base-rgGXCp/r-base-4.5.0=. -fstack-protector-strong -Wformat -Werror=format-security -Wdate-time -D_FORTIFY_SOURCE=2  -c modsout.c -o modsout.o
gcc -I"/usr/share/R/include" -DNDEBUG       -fpic  -g -O2 -ffile-prefix-map=/build/r-base-rgGXCp/r-base-4.5.0=. -fstack-protector-strong -Wformat -Werror=format-security -Wdate-time -D_FORTIFY_SOURCE=2  -c modstypes.c -o modstypes.o
gcc -I"/usr/share/R/include" -DNDEBUG       -fpic  -g -O2 -ffile-prefix-map=/build/r-base-rgGXCp/r-base-4.5.0=. -fstack-protector-strong -Wformat -Werror=format-security -Wdate-time -D_FORTIFY_SOURCE=2  -c name.c -o name.o
gcc -I"/usr/share/R/include" -DNDEBUG       -fpic  -g -O2 -ffile-prefix-map=/build/r-base-rgGXCp/r-base-4.5.0=. -fstack-protector-strong -Wformat -Werror=format-security -Wdate-time -D_FORTIFY_SOURCE=2  -c nbibin.c -o nbibin.o
gcc -I"/usr/share/R/include" -DNDEBUG       -fpic  -g -O2 -ffile-prefix-map=/build/r-base-rgGXCp/r-base-4.5.0=. -fstack-protector-strong -Wformat -Werror=format-security -Wdate-time -D_FORTIFY_SOURCE=2  -c nbibout.c -o nbibout.o
gcc -I"/usr/share/R/include" -DNDEBUG       -fpic  -g -O2 -ffile-prefix-map=/build/r-base-rgGXCp/r-base-4.5.0=. -fstack-protector-strong -Wformat -Werror=format-security -Wdate-time -D_FORTIFY_SOURCE=2  -c nbibtypes.c -o nbibtypes.o
gcc -I"/usr/share/R/include" -DNDEBUG       -fpic  -g -O2 -ffile-prefix-map=/build/r-base-rgGXCp/r-base-4.5.0=. -fstack-protector-strong -Wformat -Werror=format-security -Wdate-time -D_FORTIFY_SOURCE=2  -c notes.c -o notes.o
gcc -I"/usr/share/R/include" -DNDEBUG       -fpic  -g -O2 -ffile-prefix-map=/build/r-base-rgGXCp/r-base-4.5.0=. -fstack-protector-strong -Wformat -Werror=format-security -Wdate-time -D_FORTIFY_SOURCE=2  -c pages.c -o pages.o
gcc -I"/usr/share/R/include" -DNDEBUG       -fpic  -g -O2 -ffile-prefix-map=/build/r-base-rgGXCp/r-base-4.5.0=. -fstack-protector-strong -Wformat -Werror=format-security -Wdate-time -D_FORTIFY_SOURCE=2  -c reftypes.c -o reftypes.o
gcc -I"/usr/share/R/include" -DNDEBUG       -fpic  -g -O2 -ffile-prefix-map=/build/r-base-rgGXCp/r-base-4.5.0=. -fstack-protector-strong -Wformat -Werror=format-security -Wdate-time -D_FORTIFY_SOURCE=2  -c risin.c -o risin.o
gcc -I"/usr/share/R/include" -DNDEBUG       -fpic  -g -O2 -ffile-prefix-map=/build/r-base-rgGXCp/r-base-4.5.0=. -fstack-protector-strong -Wformat -Werror=format-security -Wdate-time -D_FORTIFY_SOURCE=2  -c risout.c -o risout.o
gcc -I"/usr/share/R/include" -DNDEBUG       -fpic  -g -O2 -ffile-prefix-map=/build/r-base-rgGXCp/r-base-4.5.0=. -fstack-protector-strong -Wformat -Werror=format-security -Wdate-time -D_FORTIFY_SOURCE=2  -c ristypes.c -o ristypes.o
gcc -I"/usr/share/R/include" -DNDEBUG       -fpic  -g -O2 -ffile-prefix-map=/build/r-base-rgGXCp/r-base-4.5.0=. -fstack-protector-strong -Wformat -Werror=format-security -Wdate-time -D_FORTIFY_SOURCE=2  -c serialno.c -o serialno.o
gcc -I"/usr/share/R/include" -DNDEBUG       -fpic  -g -O2 -ffile-prefix-map=/build/r-base-rgGXCp/r-base-4.5.0=. -fstack-protector-strong -Wformat -Werror=format-security -Wdate-time -D_FORTIFY_SOURCE=2  -c slist.c -o slist.o
gcc -I"/usr/share/R/include" -DNDEBUG       -fpic  -g -O2 -ffile-prefix-map=/build/r-base-rgGXCp/r-base-4.5.0=. -fstack-protector-strong -Wformat -Werror=format-security -Wdate-time -D_FORTIFY_SOURCE=2  -c str.c -o str.o
gcc -I"/usr/share/R/include" -DNDEBUG       -fpic  -g -O2 -ffile-prefix-map=/build/r-base-rgGXCp/r-base-4.5.0=. -fstack-protector-strong -Wformat -Werror=format-security -Wdate-time -D_FORTIFY_SOURCE=2  -c str_conv.c -o str_conv.o
gcc -I"/usr/share/R/include" -DNDEBUG       -fpic  -g -O2 -ffile-prefix-map=/build/r-base-rgGXCp/r-base-4.5.0=. -fstack-protector-strong -Wformat -Werror=format-security -Wdate-time -D_FORTIFY_SOURCE=2  -c strsearch.c -o strsearch.o
gcc -I"/usr/share/R/include" -DNDEBUG       -fpic  -g -O2 -ffile-prefix-map=/build/r-base-rgGXCp/r-base-4.5.0=. -fstack-protector-strong -Wformat -Werror=format-security -Wdate-time -D_FORTIFY_SOURCE=2  -c title.c -o title.o
gcc -I"/usr/share/R/include" -DNDEBUG       -fpic  -g -O2 -ffile-prefix-map=/build/r-base-rgGXCp/r-base-4.5.0=. -fstack-protector-strong -Wformat -Werror=format-security -Wdate-time -D_FORTIFY_SOURCE=2  -c tomods.c -o tomods.o
gcc -I"/usr/share/R/include" -DNDEBUG       -fpic  -g -O2 -ffile-prefix-map=/build/r-base-rgGXCp/r-base-4.5.0=. -fstack-protector-strong -Wformat -Werror=format-security -Wdate-time -D_FORTIFY_SOURCE=2  -c type.c -o type.o
gcc -I"/usr/share/R/include" -DNDEBUG       -fpic  -g -O2 -ffile-prefix-map=/build/r-base-rgGXCp/r-base-4.5.0=. -fstack-protector-strong -Wformat -Werror=format-security -Wdate-time -D_FORTIFY_SOURCE=2  -c unicode.c -o unicode.o
gcc -I"/usr/share/R/include" -DNDEBUG       -fpic  -g -O2 -ffile-prefix-map=/build/r-base-rgGXCp/r-base-4.5.0=. -fstack-protector-strong -Wformat -Werror=format-security -Wdate-time -D_FORTIFY_SOURCE=2  -c url.c -o url.o
gcc -I"/usr/share/R/include" -DNDEBUG       -fpic  -g -O2 -ffile-prefix-map=/build/r-base-rgGXCp/r-base-4.5.0=. -fstack-protector-strong -Wformat -Werror=format-security -Wdate-time -D_FORTIFY_SOURCE=2  -c utf8.c -o utf8.o
gcc -I"/usr/share/R/include" -DNDEBUG       -fpic  -g -O2 -ffile-prefix-map=/build/r-base-rgGXCp/r-base-4.5.0=. -fstack-protector-strong -Wformat -Werror=format-security -Wdate-time -D_FORTIFY_SOURCE=2  -c vplist.c -o vplist.o
gcc -I"/usr/share/R/include" -DNDEBUG       -fpic  -g -O2 -ffile-prefix-map=/build/r-base-rgGXCp/r-base-4.5.0=. -fstack-protector-strong -Wformat -Werror=format-security -Wdate-time -D_FORTIFY_SOURCE=2  -c wordin.c -o wordin.o
gcc -I"/usr/share/R/include" -DNDEBUG       -fpic  -g -O2 -ffile-prefix-map=/build/r-base-rgGXCp/r-base-4.5.0=. -fstack-protector-strong -Wformat -Werror=format-security -Wdate-time -D_FORTIFY_SOURCE=2  -c wordout.c -o wordout.o
gcc -I"/usr/share/R/include" -DNDEBUG       -fpic  -g -O2 -ffile-prefix-map=/build/r-base-rgGXCp/r-base-4.5.0=. -fstack-protector-strong -Wformat -Werror=format-security -Wdate-time -D_FORTIFY_SOURCE=2  -c xml.c -o xml.o
gcc -I"/usr/share/R/include" -DNDEBUG       -fpic  -g -O2 -ffile-prefix-map=/build/r-base-rgGXCp/r-base-4.5.0=. -fstack-protector-strong -Wformat -Werror=format-security -Wdate-time -D_FORTIFY_SOURCE=2  -c xml2any.c -o xml2any.o
gcc -I"/usr/share/R/include" -DNDEBUG       -fpic  -g -O2 -ffile-prefix-map=/build/r-base-rgGXCp/r-base-4.5.0=. -fstack-protector-strong -Wformat -Werror=format-security -Wdate-time -D_FORTIFY_SOURCE=2  -c xml_encoding.c -o xml_encoding.o
gcc -shared -L/usr/lib/R/lib -Wl,-Bsymbolic-functions -flto=auto -ffat-lto-objects -flto=auto -Wl,-z,relro -o rbibutils.so adsout.o any2xml.o args.o bib2be.o bibcore.o bibentrydirectout.o bibentryout.o bibl.o biblatexin.o biblatexout.o bibprog.o bibtexdirectin.o bibtexin.o bibtexout.o bibtextypes.o bibutils.o bltypes.o bu_auth.o charsets.o common_be_bed.o common_bt_blt_btd_out.o common_bt_btd.o common_bt_btd_blt.o common_bt_btd_out.o copacin.o copactypes.o ebiin.o endin.o endout.o endtypes.o endxmlin.o entities.o fields.o gb18030.o generic.o init.o intlist.o is_ws.o isiin.o isiout.o isitypes.o iso639_1.o iso639_2.o iso639_3.o latex.o latex_parse.o marc_auth.o medin.o modsin.o modsout.o modstypes.o name.o nbibin.o nbibout.o nbibtypes.o notes.o pages.o reftypes.o risin.o risout.o ristypes.o serialno.o slist.o str.o str_conv.o strsearch.o title.o tomods.o type.o unicode.o url.o utf8.o vplist.o wordin.o wordout.o xml.o xml2any.o xml_encoding.o -L/usr/lib/R/lib -lR
installing to /usr/local/lib/R/site-library/00LOCK-rbibutils/00new/rbibutils/libs
** R
** inst
** byte-compile and prepare package for lazy loading
** help
*** installing help indices
** building package indices
** installing vignettes
** testing if installed package can be loaded from temporary location
** checking absolute paths in shared objects and dynamic libraries
** testing if installed package can be loaded from final location
** testing if installed package keeps a record of temporary installation path
* creating tarball
packaged installation of ‘rbibutils’ as ‘rbibutils_2.3_R_x86_64-pc-linux-gnu.tar.gz’
* DONE (rbibutils)
* installing *source* package ‘Deriv’ ...
** this is package ‘Deriv’ version ‘4.1.6’
** package ‘Deriv’ successfully unpacked and MD5 sums checked
** using staged installation
** R
** inst
** byte-compile and prepare package for lazy loading
** help
*** installing help indices
** building package indices
** testing if installed package can be loaded from temporary location
** testing if installed package can be loaded from final location
** testing if installed package keeps a record of temporary installation path
* creating tarball
packaged installation of ‘Deriv’ as ‘Deriv_4.1.6_R_x86_64-pc-linux-gnu.tar.gz’
* DONE (Deriv)
* installing *source* package ‘microbenchmark’ ...
** this is package ‘microbenchmark’ version ‘1.5.0’
** package ‘microbenchmark’ successfully unpacked and MD5 sums checked
** using staged installation
checking for gcc... gcc
checking whether the C compiler works... yes
checking for C compiler default output file name... a.out
checking for suffix of executables... 
checking whether we are cross compiling... no
checking for suffix of object files... o
checking whether the compiler supports GNU C... yes
checking whether gcc accepts -g... yes
checking for gcc option to enable C11 features... none needed
checking for stdio.h... yes
checking for stdlib.h... yes
checking for string.h... yes
checking for inttypes.h... yes
checking for stdint.h... yes
checking for strings.h... yes
checking for sys/stat.h... yes
checking for sys/types.h... yes
checking for unistd.h... yes
checking for stdint.h... (cached) yes
checking for stdlib.h... (cached) yes
checking for sys/time.h... yes
checking for uint64_t... yes
checking for error_at_line... yes
checking for mach_absolute_time... no
checking for library containing clock_gettime... none required
checking for best clockid_t to use with clock_gettime... CLOCK_MONOTONIC_RAW
configure: creating ./config.status
config.status: creating src/Makevars
config.status: creating src/config.h
** libs
using C compiler: ‘gcc (Ubuntu 11.4.0-1ubuntu1~22.04) 11.4.0’
gcc -I"/usr/share/R/include" -DNDEBUG -D_POSIX_C_SOURCE=200112L -DHAVE_CONFIG_H      -fpic  -g -O2 -ffile-prefix-map=/build/r-base-rgGXCp/r-base-4.5.0=. -fstack-protector-strong -Wformat -Werror=format-security -Wdate-time -D_FORTIFY_SOURCE=2  -c do_nothing.c -o do_nothing.o
gcc -I"/usr/share/R/include" -DNDEBUG -D_POSIX_C_SOURCE=200112L -DHAVE_CONFIG_H      -fpic  -g -O2 -ffile-prefix-map=/build/r-base-rgGXCp/r-base-4.5.0=. -fstack-protector-strong -Wformat -Werror=format-security -Wdate-time -D_FORTIFY_SOURCE=2  -c init.c -o init.o
gcc -I"/usr/share/R/include" -DNDEBUG -D_POSIX_C_SOURCE=200112L -DHAVE_CONFIG_H      -fpic  -g -O2 -ffile-prefix-map=/build/r-base-rgGXCp/r-base-4.5.0=. -fstack-protector-strong -Wformat -Werror=format-security -Wdate-time -D_FORTIFY_SOURCE=2  -c nanotimer.c -o nanotimer.o
gcc -shared -L/usr/lib/R/lib -Wl,-Bsymbolic-functions -flto=auto -ffat-lto-objects -flto=auto -Wl,-z,relro -o microbenchmark.so do_nothing.o init.o nanotimer.o -L/usr/lib/R/lib -lR
installing to /usr/local/lib/R/site-library/00LOCK-microbenchmark/00new/microbenchmark/libs
** R
** inst
** byte-compile and prepare package for lazy loading
** help
*** installing help indices
** building package indices
** testing if installed package can be loaded from temporary location
** checking absolute paths in shared objects and dynamic libraries
** testing if installed package can be loaded from final location
** testing if installed package keeps a record of temporary installation path
* creating tarball
packaged installation of ‘microbenchmark’ as ‘microbenchmark_1.5.0_R_x86_64-pc-linux-gnu.tar.gz’
* DONE (microbenchmark)
* installing *source* package ‘minqa’ ...
** this is package ‘minqa’ version ‘1.2.8’
** package ‘minqa’ successfully unpacked and MD5 sums checked
** using staged installation
** libs
using Fortran compiler: ‘GNU Fortran (Ubuntu 11.4.0-1ubuntu1~22.04) 11.4.0’
using C++ compiler: ‘g++ (Ubuntu 11.4.0-1ubuntu1~22.04) 11.4.0’
gfortran  -fpic  -g -O2 -ffile-prefix-map=/build/r-base-rgGXCp/r-base-4.5.0=. -fstack-protector-strong  -c altmov.f -o altmov.o
gfortran  -fpic  -g -O2 -ffile-prefix-map=/build/r-base-rgGXCp/r-base-4.5.0=. -fstack-protector-strong  -c bigden.f -o bigden.o
gfortran  -fpic  -g -O2 -ffile-prefix-map=/build/r-base-rgGXCp/r-base-4.5.0=. -fstack-protector-strong  -c biglag.f -o biglag.o
gfortran  -fpic  -g -O2 -ffile-prefix-map=/build/r-base-rgGXCp/r-base-4.5.0=. -fstack-protector-strong  -c bobyqa.f -o bobyqa.o
gfortran  -fpic  -g -O2 -ffile-prefix-map=/build/r-base-rgGXCp/r-base-4.5.0=. -fstack-protector-strong  -c bobyqb.f -o bobyqb.o
gfortran  -fpic  -g -O2 -ffile-prefix-map=/build/r-base-rgGXCp/r-base-4.5.0=. -fstack-protector-strong  -c lagmax.f -o lagmax.o
g++ -std=gnu++17 -I"/usr/share/R/include" -DNDEBUG  -I'/usr/local/lib/R/site-library/Rcpp/include'     -fpic  -g -O2 -ffile-prefix-map=/build/r-base-rgGXCp/r-base-4.5.0=. -fstack-protector-strong -Wformat -Werror=format-security -Wdate-time -D_FORTIFY_SOURCE=2   -c minqa.cpp -o minqa.o
gfortran  -fpic  -g -O2 -ffile-prefix-map=/build/r-base-rgGXCp/r-base-4.5.0=. -fstack-protector-strong  -c newuoa.f -o newuoa.o
gfortran  -fpic  -g -O2 -ffile-prefix-map=/build/r-base-rgGXCp/r-base-4.5.0=. -fstack-protector-strong  -c newuob.f -o newuob.o
gfortran  -fpic  -g -O2 -ffile-prefix-map=/build/r-base-rgGXCp/r-base-4.5.0=. -fstack-protector-strong  -c prelim.f -o prelim.o
gfortran  -fpic  -g -O2 -ffile-prefix-map=/build/r-base-rgGXCp/r-base-4.5.0=. -fstack-protector-strong  -c rescue.f -o rescue.o
gfortran  -fpic  -g -O2 -ffile-prefix-map=/build/r-base-rgGXCp/r-base-4.5.0=. -fstack-protector-strong  -c trsapp.f -o trsapp.o
gfortran  -fpic  -g -O2 -ffile-prefix-map=/build/r-base-rgGXCp/r-base-4.5.0=. -fstack-protector-strong  -c trsbox.f -o trsbox.o
gfortran  -fpic  -g -O2 -ffile-prefix-map=/build/r-base-rgGXCp/r-base-4.5.0=. -fstack-protector-strong  -c trstep.f -o trstep.o
gfortran  -fpic  -g -O2 -ffile-prefix-map=/build/r-base-rgGXCp/r-base-4.5.0=. -fstack-protector-strong  -c uobyqa.f -o uobyqa.o
gfortran  -fpic  -g -O2 -ffile-prefix-map=/build/r-base-rgGXCp/r-base-4.5.0=. -fstack-protector-strong  -c uobyqb.f -o uobyqb.o
gfortran  -fpic  -g -O2 -ffile-prefix-map=/build/r-base-rgGXCp/r-base-4.5.0=. -fstack-protector-strong  -c update.f -o update.o
gfortran  -fpic  -g -O2 -ffile-prefix-map=/build/r-base-rgGXCp/r-base-4.5.0=. -fstack-protector-strong  -c updatebobyqa.f -o updatebobyqa.o
g++ -std=gnu++17 -shared -L/usr/lib/R/lib -Wl,-Bsymbolic-functions -flto=auto -ffat-lto-objects -flto=auto -Wl,-z,relro -o minqa.so altmov.o bigden.o biglag.o bobyqa.o bobyqb.o lagmax.o minqa.o newuoa.o newuob.o prelim.o rescue.o trsapp.o trsbox.o trstep.o uobyqa.o uobyqb.o update.o updatebobyqa.o -lgfortran -lm -lquadmath -L/usr/lib/R/lib -lR
installing to /usr/local/lib/R/site-library/00LOCK-minqa/00new/minqa/libs
** R
** byte-compile and prepare package for lazy loading
** help
*** installing help indices
** building package indices
** testing if installed package can be loaded from temporary location
** checking absolute paths in shared objects and dynamic libraries
** testing if installed package can be loaded from final location
** testing if installed package keeps a record of temporary installation path
* creating tarball
packaged installation of ‘minqa’ as ‘minqa_1.2.8_R_x86_64-pc-linux-gnu.tar.gz’
* DONE (minqa)
* installing *source* package ‘nloptr’ ...
** this is package ‘nloptr’ version ‘2.2.1’
** package ‘nloptr’ successfully unpacked and MD5 sums checked
** using staged installation
checking whether the C++ compiler works... yes
checking for C++ compiler default output file name... a.out
checking for suffix of executables... 
checking whether we are cross compiling... no
checking for suffix of object files... o
checking whether the compiler supports GNU C++... yes
checking whether g++ -std=gnu++17 accepts -g... yes
checking for g++ -std=gnu++17 option to enable C++11 features... none needed
checking how to run the C++ preprocessor... g++ -std=gnu++17 -E
checking whether the compiler supports GNU C++... (cached) yes
checking whether g++ -std=gnu++17 accepts -g... (cached) yes
checking for g++ -std=gnu++17 option to enable C++11 features... (cached) none needed
checking for pkg-config... /usr/bin/pkg-config
checking if pkg-config knows NLopt... no
checking for cmake... /usr/bin/cmake
using cmake via /usr/bin/cmake
using NLopt via local cmake build on x86_64
set CC=gcc
set CFLAGS= -fpic -g -O2 -ffile-prefix-map=/build/r-base-rgGXCp/r-base-4.5.0=. -fstack-protector-strong -Wformat -Werror=format-security -Wdate-time -D_FORTIFY_SOURCE=2
set CXX=g++
set CXXFLAGS=-std=gnu++11 -fpic -g -O2 -ffile-prefix-map=/build/r-base-rgGXCp/r-base-4.5.0=. -fstack-protector-strong -Wformat -Werror=format-security -Wdate-time -D_FORTIFY_SOURCE=2
set LDFLAGS=-Wl,-Bsymbolic-functions -flto=auto -ffat-lto-objects -flto=auto -Wl,-z,relro
-- The C compiler identification is GNU 11.4.0
-- The CXX compiler identification is GNU 11.4.0
-- Detecting C compiler ABI info
-- Detecting C compiler ABI info - done
-- Check for working C compiler: /usr/bin/gcc - skipped
-- Detecting C compile features
-- Detecting C compile features - done
-- Detecting CXX compiler ABI info
-- Detecting CXX compiler ABI info - done
-- Check for working CXX compiler: /usr/bin/g++ - skipped
-- Detecting CXX compile features
-- Detecting CXX compile features - done
-- NLopt version 2.10.0
-- Looking for getopt.h
-- Looking for getopt.h - found
-- Looking for unistd.h
-- Looking for unistd.h - found
-- Looking for stdint.h
-- Looking for stdint.h - found
-- Looking for time.h
-- Looking for time.h - found
-- Looking for sys/time.h
-- Looking for sys/time.h - found
-- Looking for getpid
-- Looking for getpid - found
-- Looking for syscall
-- Looking for syscall - found
-- Looking for isinf
-- Looking for isinf - found
-- Looking for isnan
-- Looking for isnan - found
-- Looking for gettimeofday
-- Looking for gettimeofday - found
-- Looking for qsort_r
-- Looking for qsort_r - found
-- Looking for time
-- Looking for time - found
-- Looking for copysign
-- Looking for copysign - found
-- Looking for getopt
-- Looking for getopt - found
-- Looking for sys/types.h
-- Looking for sys/types.h - found
-- Looking for stddef.h
-- Looking for stddef.h - found
-- Check size of uint32_t
-- Check size of uint32_t - done
-- Check size of unsigned int
-- Check size of unsigned int - done
-- Check size of unsigned long
-- Check size of unsigned long - done
-- Looking for sqrt in m
-- Looking for sqrt in m - found
-- Looking for fpclassify
-- Looking for fpclassify - TRUE
-- Performing Test HAVE_THREAD_LOCAL_STORAGE
-- Performing Test HAVE_THREAD_LOCAL_STORAGE - Success
-- Performing Test HAVE_THREAD_LOCAL_STORAGE
-- Performing Test HAVE_THREAD_LOCAL_STORAGE - Failed
-- Looking for __cplusplus
-- Looking for __cplusplus - found
-- Found JNI: /usr/lib/jvm/default-java/lib/libjawt.so  
-- Found Java: /usr/bin/java (found suitable version "11.0.26", minimum required is "1.5") 
-- Configuring done
-- Generating done
-- Build files have been written to: /tmp/Rtmpjm3hWv/R.INSTALL6c42a0d045a/nloptr/src/nlopt-build
[  2%] Generating nlopt.hpp
[  2%] Built target generate-cpp
[  4%] Building C object CMakeFiles/nlopt.dir/src/algs/direct/direct_wrap.c.o
[  6%] Building C object CMakeFiles/nlopt.dir/src/algs/direct/DIRect.c.o
[  8%] Building C object CMakeFiles/nlopt.dir/src/algs/direct/DIRserial.c.o
[ 10%] Building C object CMakeFiles/nlopt.dir/src/algs/direct/DIRsubrout.c.o
[ 12%] Building C object CMakeFiles/nlopt.dir/src/algs/cdirect/cdirect.c.o
[ 14%] Building C object CMakeFiles/nlopt.dir/src/algs/cdirect/hybrid.c.o
[ 16%] Building C object CMakeFiles/nlopt.dir/src/algs/praxis/praxis.c.o
[ 18%] Building C object CMakeFiles/nlopt.dir/src/algs/crs/crs.c.o
[ 20%] Building C object CMakeFiles/nlopt.dir/src/algs/mlsl/mlsl.c.o
[ 22%] Building C object CMakeFiles/nlopt.dir/src/algs/mma/mma.c.o
[ 24%] Building C object CMakeFiles/nlopt.dir/src/algs/mma/ccsa_quadratic.c.o
[ 26%] Building C object CMakeFiles/nlopt.dir/src/algs/cobyla/cobyla.c.o
[ 28%] Building C object CMakeFiles/nlopt.dir/src/algs/newuoa/newuoa.c.o
[ 30%] Building C object CMakeFiles/nlopt.dir/src/algs/neldermead/nldrmd.c.o
[ 32%] Building C object CMakeFiles/nlopt.dir/src/algs/neldermead/sbplx.c.o
[ 34%] Building C object CMakeFiles/nlopt.dir/src/algs/auglag/auglag.c.o
[ 36%] Building C object CMakeFiles/nlopt.dir/src/algs/bobyqa/bobyqa.c.o
[ 38%] Building C object CMakeFiles/nlopt.dir/src/algs/isres/isres.c.o
[ 40%] Building C object CMakeFiles/nlopt.dir/src/algs/slsqp/slsqp.c.o
[ 42%] Building C object CMakeFiles/nlopt.dir/src/algs/esch/esch.c.o
[ 44%] Building C object CMakeFiles/nlopt.dir/src/api/general.c.o
[ 46%] Building C object CMakeFiles/nlopt.dir/src/api/options.c.o
[ 48%] Building C object CMakeFiles/nlopt.dir/src/api/optimize.c.o
[ 51%] Building C object CMakeFiles/nlopt.dir/src/api/deprecated.c.o
[ 53%] Building C object CMakeFiles/nlopt.dir/src/api/f77api.c.o
[ 55%] Building C object CMakeFiles/nlopt.dir/src/util/mt19937ar.c.o
[ 57%] Building C object CMakeFiles/nlopt.dir/src/util/sobolseq.c.o
[ 59%] Building C object CMakeFiles/nlopt.dir/src/util/timer.c.o
[ 61%] Building C object CMakeFiles/nlopt.dir/src/util/stop.c.o
[ 63%] Building C object CMakeFiles/nlopt.dir/src/util/redblack.c.o
[ 65%] Building C object CMakeFiles/nlopt.dir/src/util/qsort_r.c.o
[ 67%] Building C object CMakeFiles/nlopt.dir/src/util/rescale.c.o
[ 69%] Building C object CMakeFiles/nlopt.dir/src/algs/luksan/plis.c.o
[ 71%] Building C object CMakeFiles/nlopt.dir/src/algs/luksan/plip.c.o
[ 73%] Building C object CMakeFiles/nlopt.dir/src/algs/luksan/pnet.c.o
[ 75%] Building C object CMakeFiles/nlopt.dir/src/algs/luksan/mssubs.c.o
[ 77%] Building C object CMakeFiles/nlopt.dir/src/algs/luksan/pssubs.c.o
[ 79%] Building CXX object CMakeFiles/nlopt.dir/src/algs/stogo/global.cc.o
[ 81%] Building CXX object CMakeFiles/nlopt.dir/src/algs/stogo/linalg.cc.o
[ 83%] Building CXX object CMakeFiles/nlopt.dir/src/algs/stogo/local.cc.o
[ 85%] Building CXX object CMakeFiles/nlopt.dir/src/algs/stogo/stogo.cc.o
[ 87%] Building CXX object CMakeFiles/nlopt.dir/src/algs/stogo/tools.cc.o
[ 89%] Building CXX object CMakeFiles/nlopt.dir/src/algs/ags/evolvent.cc.o
[ 91%] Building CXX object CMakeFiles/nlopt.dir/src/algs/ags/solver.cc.o
[ 93%] Building CXX object CMakeFiles/nlopt.dir/src/algs/ags/local_optimizer.cc.o
[ 95%] Building CXX object CMakeFiles/nlopt.dir/src/algs/ags/ags.cc.o
[ 97%] Linking CXX static library libnlopt.a
[100%] Built target nlopt
[  2%] Built target generate-cpp
Consolidate compiler generated dependencies of target nlopt
[100%] Built target nlopt
Install the project...
-- Install configuration: "Release"
-- Installing: /tmp/Rtmpjm3hWv/R.INSTALL6c42a0d045a/nloptr/src/nlopt/lib/pkgconfig/nlopt.pc
-- Installing: /tmp/Rtmpjm3hWv/R.INSTALL6c42a0d045a/nloptr/src/nlopt/include/nlopt.h
-- Installing: /tmp/Rtmpjm3hWv/R.INSTALL6c42a0d045a/nloptr/src/nlopt/include/nlopt.hpp
-- Installing: /tmp/Rtmpjm3hWv/R.INSTALL6c42a0d045a/nloptr/src/nlopt/lib/libnlopt.a
-- Installing: /tmp/Rtmpjm3hWv/R.INSTALL6c42a0d045a/nloptr/src/nlopt/share/man/man3/nlopt.3
-- Installing: /tmp/Rtmpjm3hWv/R.INSTALL6c42a0d045a/nloptr/src/nlopt/share/man/man3/nlopt_minimize.3
-- Installing: /tmp/Rtmpjm3hWv/R.INSTALL6c42a0d045a/nloptr/src/nlopt/share/man/man3/nlopt_minimize_constrained.3
-- Installing: /tmp/Rtmpjm3hWv/R.INSTALL6c42a0d045a/nloptr/src/nlopt/lib/cmake/nlopt/NLoptLibraryDepends.cmake
-- Installing: /tmp/Rtmpjm3hWv/R.INSTALL6c42a0d045a/nloptr/src/nlopt/lib/cmake/nlopt/NLoptLibraryDepends-release.cmake
-- Installing: /tmp/Rtmpjm3hWv/R.INSTALL6c42a0d045a/nloptr/src/nlopt/lib/cmake/nlopt/NLoptConfig.cmake
-- Installing: /tmp/Rtmpjm3hWv/R.INSTALL6c42a0d045a/nloptr/src/nlopt/lib/cmake/nlopt/NLoptConfigVersion.cmake
Moving nlopt/lib to nlopt/lib
mv: cannot move 'nlopt/lib' to a subdirectory of itself, 'nlopt/lib/lib'
Copying headers found in src/nlopt/include into inst/include
configure: creating ./config.status
config.status: creating src/Makevars
** libs
using C compiler: ‘gcc (Ubuntu 11.4.0-1ubuntu1~22.04) 11.4.0’
using C++ compiler: ‘g++ (Ubuntu 11.4.0-1ubuntu1~22.04) 11.4.0’
g++ -std=gnu++17 -I"/usr/share/R/include" -DNDEBUG -Inlopt/include      -fpic  -g -O2 -ffile-prefix-map=/build/r-base-rgGXCp/r-base-4.5.0=. -fstack-protector-strong -Wformat -Werror=format-security -Wdate-time -D_FORTIFY_SOURCE=2   -c dummy.cpp -o dummy.o
gcc -I"/usr/share/R/include" -DNDEBUG -Inlopt/include      -fpic  -g -O2 -ffile-prefix-map=/build/r-base-rgGXCp/r-base-4.5.0=. -fstack-protector-strong -Wformat -Werror=format-security -Wdate-time -D_FORTIFY_SOURCE=2  -c init_nloptr.c -o init_nloptr.o
gcc -I"/usr/share/R/include" -DNDEBUG -Inlopt/include      -fpic  -g -O2 -ffile-prefix-map=/build/r-base-rgGXCp/r-base-4.5.0=. -fstack-protector-strong -Wformat -Werror=format-security -Wdate-time -D_FORTIFY_SOURCE=2  -c nloptr.c -o nloptr.o
g++ -std=gnu++17 -shared -L/usr/lib/R/lib -Wl,-Bsymbolic-functions -flto=auto -ffat-lto-objects -flto=auto -Wl,-z,relro -o nloptr.so dummy.o init_nloptr.o nloptr.o -llapack -lblas -lgfortran -lm -lquadmath nlopt/lib/libnlopt.a -L/usr/lib/R/lib -lR
installing to /usr/local/lib/R/site-library/00LOCK-nloptr/00new/nloptr/libs
** R
** inst
** byte-compile and prepare package for lazy loading
** help
*** installing help indices
*** copying figures
** building package indices
** installing vignettes
** testing if installed package can be loaded from temporary location
** checking absolute paths in shared objects and dynamic libraries
** testing if installed package can be loaded from final location
** testing if installed package keeps a record of temporary installation path
* creating tarball
packaged installation of ‘nloptr’ as ‘nloptr_2.2.1_R_x86_64-pc-linux-gnu.tar.gz’
* DONE (nloptr)
* installing *source* package ‘hexbin’ ...
** this is package ‘hexbin’ version ‘1.28.5’
** package ‘hexbin’ successfully unpacked and MD5 sums checked
** using staged installation
** libs
using C compiler: ‘gcc (Ubuntu 11.4.0-1ubuntu1~22.04) 11.4.0’
using Fortran compiler: ‘GNU Fortran (Ubuntu 11.4.0-1ubuntu1~22.04) 11.4.0’
gfortran  -fpic  -g -O2 -ffile-prefix-map=/build/r-base-rgGXCp/r-base-4.5.0=. -fstack-protector-strong  -c hbin.f -o hbin.o
gfortran  -fpic  -g -O2 -ffile-prefix-map=/build/r-base-rgGXCp/r-base-4.5.0=. -fstack-protector-strong  -c hcell.f -o hcell.o
gfortran  -fpic  -g -O2 -ffile-prefix-map=/build/r-base-rgGXCp/r-base-4.5.0=. -fstack-protector-strong  -c herode.f -o herode.o
gfortran  -fpic  -g -O2 -ffile-prefix-map=/build/r-base-rgGXCp/r-base-4.5.0=. -fstack-protector-strong  -c hsm.f -o hsm.o
gcc -I"/usr/share/R/include" -DNDEBUG       -fpic  -g -O2 -ffile-prefix-map=/build/r-base-rgGXCp/r-base-4.5.0=. -fstack-protector-strong -Wformat -Werror=format-security -Wdate-time -D_FORTIFY_SOURCE=2  -c reg.c -o reg.o
gcc -shared -L/usr/lib/R/lib -Wl,-Bsymbolic-functions -flto=auto -ffat-lto-objects -flto=auto -Wl,-z,relro -o hexbin.so hbin.o hcell.o herode.o hsm.o reg.o -lgfortran -lm -lquadmath -L/usr/lib/R/lib -lR
installing to /usr/local/lib/R/site-library/00LOCK-hexbin/00new/hexbin/libs
** R
** data
** inst
** byte-compile and prepare package for lazy loading
** help
*** installing help indices
** building package indices
** installing vignettes
** testing if installed package can be loaded from temporary location
** checking absolute paths in shared objects and dynamic libraries
** testing if installed package can be loaded from final location
** testing if installed package keeps a record of temporary installation path
* creating tarball
packaged installation of ‘hexbin’ as ‘hexbin_1.28.5_R_x86_64-pc-linux-gnu.tar.gz’
* DONE (hexbin)
* installing *source* package ‘IDPmisc’ ...
** this is package ‘IDPmisc’ version ‘1.1.21’
** package ‘IDPmisc’ successfully unpacked and MD5 sums checked
** using staged installation
** libs
using C compiler: ‘gcc (Ubuntu 11.4.0-1ubuntu1~22.04) 11.4.0’
gcc -I"/usr/share/R/include" -DNDEBUG       -fpic  -g -O2 -ffile-prefix-map=/build/r-base-rgGXCp/r-base-4.5.0=. -fstack-protector-strong -Wformat -Werror=format-security -Wdate-time -D_FORTIFY_SOURCE=2  -c init.c -o init.o
gcc -I"/usr/share/R/include" -DNDEBUG       -fpic  -g -O2 -ffile-prefix-map=/build/r-base-rgGXCp/r-base-4.5.0=. -fstack-protector-strong -Wformat -Werror=format-security -Wdate-time -D_FORTIFY_SOURCE=2  -c lwreg.c -o lwreg.o
gcc -shared -L/usr/lib/R/lib -Wl,-Bsymbolic-functions -flto=auto -ffat-lto-objects -flto=auto -Wl,-z,relro -o IDPmisc.so init.o lwreg.o -L/usr/lib/R/lib -lR
installing to /usr/local/lib/R/site-library/00LOCK-IDPmisc/00new/IDPmisc/libs
** R
** data
*** moving datasets to lazyload DB
** byte-compile and prepare package for lazy loading
** help
*** installing help indices
** building package indices
** testing if installed package can be loaded from temporary location
** checking absolute paths in shared objects and dynamic libraries
** testing if installed package can be loaded from final location
** testing if installed package keeps a record of temporary installation path
* creating tarball
packaged installation of ‘IDPmisc’ as ‘IDPmisc_1.1.21_R_x86_64-pc-linux-gnu.tar.gz’
* DONE (IDPmisc)
* installing *source* package ‘carData’ ...
** this is package ‘carData’ version ‘3.0-5’
** package ‘carData’ successfully unpacked and MD5 sums checked
** using staged installation
** data
*** moving datasets to lazyload DB
** help
*** installing help indices
** building package indices
** testing if installed package can be loaded from temporary location
** testing if installed package can be loaded from final location
** testing if installed package keeps a record of temporary installation path
* creating tarball
packaged installation of ‘carData’ as ‘carData_3.0-5_R_x86_64-pc-linux-gnu.tar.gz’
* DONE (carData)
* installing *source* package ‘Formula’ ...
** this is package ‘Formula’ version ‘1.2-5’
** package ‘Formula’ successfully unpacked and MD5 sums checked
** using staged installation
** R
** inst
** byte-compile and prepare package for lazy loading
** help
*** installing help indices
** building package indices
** installing vignettes
** testing if installed package can be loaded from temporary location
** testing if installed package can be loaded from final location
** testing if installed package keeps a record of temporary installation path
* creating tarball
packaged installation of ‘Formula’ as ‘Formula_1.2-5_R_x86_64-pc-linux-gnu.tar.gz’
* DONE (Formula)
* installing *source* package ‘SparseM’ ...
** this is package ‘SparseM’ version ‘1.84-2’
** package ‘SparseM’ successfully unpacked and MD5 sums checked
** using staged installation
** libs
using C compiler: ‘gcc (Ubuntu 11.4.0-1ubuntu1~22.04) 11.4.0’
using Fortran compiler: ‘GNU Fortran (Ubuntu 11.4.0-1ubuntu1~22.04) 11.4.0’
gfortran  -fpic  -g -O2 -ffile-prefix-map=/build/r-base-rgGXCp/r-base-4.5.0=. -fstack-protector-strong  -c bckslv.f -o bckslv.o
gfortran  -fpic  -g -O2 -ffile-prefix-map=/build/r-base-rgGXCp/r-base-4.5.0=. -fstack-protector-strong  -c chol.f -o chol.o
gfortran  -fpic  -g -O2 -ffile-prefix-map=/build/r-base-rgGXCp/r-base-4.5.0=. -fstack-protector-strong  -c chol2csr.f -o chol2csr.o
gfortran  -fpic  -g -O2 -ffile-prefix-map=/build/r-base-rgGXCp/r-base-4.5.0=. -fstack-protector-strong  -c cholesky.f -o cholesky.o
gfortran  -fpic  -g -O2 -ffile-prefix-map=/build/r-base-rgGXCp/r-base-4.5.0=. -fstack-protector-strong  -c csr.f -o csr.o
gfortran  -fpic  -g -O2 -ffile-prefix-map=/build/r-base-rgGXCp/r-base-4.5.0=. -fstack-protector-strong  -c extract.f -o extract.o
gcc -I"/usr/share/R/include" -DNDEBUG       -fpic  -g -O2 -ffile-prefix-map=/build/r-base-rgGXCp/r-base-4.5.0=. -fstack-protector-strong -Wformat -Werror=format-security -Wdate-time -D_FORTIFY_SOURCE=2  -c init.c -o init.o
gfortran  -fpic  -g -O2 -ffile-prefix-map=/build/r-base-rgGXCp/r-base-4.5.0=. -fstack-protector-strong  -c sparskit.f -o sparskit.o
gfortran  -fpic  -g -O2 -ffile-prefix-map=/build/r-base-rgGXCp/r-base-4.5.0=. -fstack-protector-strong  -c subscr.f -o subscr.o
gcc -shared -L/usr/lib/R/lib -Wl,-Bsymbolic-functions -flto=auto -ffat-lto-objects -flto=auto -Wl,-z,relro -o SparseM.so bckslv.o chol.o chol2csr.o cholesky.o csr.o extract.o init.o sparskit.o subscr.o -lgfortran -lm -lquadmath -L/usr/lib/R/lib -lR
installing to /usr/local/lib/R/site-library/00LOCK-SparseM/00new/SparseM/libs
** R
** data
** demo
** inst
** byte-compile and prepare package for lazy loading
Creating a generic function for ‘diag’ from package ‘base’ in package ‘SparseM’
Creating a generic function for ‘diag<-’ from package ‘base’ in package ‘SparseM’
Creating a generic function for ‘norm’ from package ‘base’ in package ‘SparseM’
Creating a generic function for ‘backsolve’ from package ‘base’ in package ‘SparseM’
Creating a generic function for ‘forwardsolve’ from package ‘base’ in package ‘SparseM’
Creating a generic function for ‘model.response’ from package ‘stats’ in package ‘SparseM’
** help
*** installing help indices
** building package indices
** installing vignettes
** testing if installed package can be loaded from temporary location
** checking absolute paths in shared objects and dynamic libraries
** testing if installed package can be loaded from final location
** testing if installed package keeps a record of temporary installation path
* creating tarball
packaged installation of ‘SparseM’ as ‘SparseM_1.84-2_R_x86_64-pc-linux-gnu.tar.gz’
* DONE (SparseM)
* installing *source* package ‘MatrixModels’ ...
** this is package ‘MatrixModels’ version ‘0.5-4’
** package ‘MatrixModels’ successfully unpacked and MD5 sums checked
** using staged installation
** R
** byte-compile and prepare package for lazy loading
** help
*** installing help indices
** building package indices
** testing if installed package can be loaded from temporary location
** testing if installed package can be loaded from final location
** testing if installed package keeps a record of temporary installation path
* creating tarball
packaged installation of ‘MatrixModels’ as ‘MatrixModels_0.5-4_R_x86_64-pc-linux-gnu.tar.gz’
* DONE (MatrixModels)
* installing *source* package ‘R.methodsS3’ ...
** this is package ‘R.methodsS3’ version ‘1.8.2’
** package ‘R.methodsS3’ successfully unpacked and MD5 sums checked
** using staged installation
** R
** inst
** byte-compile and prepare package for lazy loading
** help
*** installing help indices
** building package indices
** testing if installed package can be loaded from temporary location
** testing if installed package can be loaded from final location
** testing if installed package keeps a record of temporary installation path
* creating tarball
packaged installation of ‘R.methodsS3’ as ‘R.methodsS3_1.8.2_R_x86_64-pc-linux-gnu.tar.gz’
* DONE (R.methodsS3)
* installing *source* package ‘RProtoBufLib’ ...
** this is package ‘RProtoBufLib’ version ‘2.20.0’
** using staged installation
checking for gcc... gcc
checking whether the C compiler works... yes
checking for C compiler default output file name... a.out
checking for suffix of executables... 
checking whether we are cross compiling... no
checking for suffix of object files... o
checking whether we are using the GNU C compiler... yes
checking whether gcc accepts -g... yes
checking for gcc option to accept ISO C89... none needed
checking whether we are using the GNU C++ compiler... yes
checking whether g++ -std=gnu++17 accepts -g... yes
untarring protobuf ...
building protobuf...
checking whether to enable maintainer-specific portions of Makefiles... yes
checking build system type... x86_64-pc-linux-gnu
checking host system type... x86_64-pc-linux-gnu
checking target system type... x86_64-pc-linux-gnu
checking for a BSD-compatible install... /usr/bin/install -c
checking whether build environment is sane... yes
checking for a thread-safe mkdir -p... /usr/bin/mkdir -p
checking for gawk... no
checking for mawk... mawk
checking whether make sets $(MAKE)... yes
checking whether make supports nested variables... yes
checking whether UID '1000' is supported by ustar format... yes
checking whether GID '100' is supported by ustar format... yes
checking how to create a ustar tar archive... gnutar
checking for gcc... gcc
checking whether the C compiler works... yes
checking for C compiler default output file name... a.out
checking for suffix of executables... 
checking whether we are cross compiling... no
checking for suffix of object files... o
checking whether we are using the GNU C compiler... yes
checking whether gcc accepts -g... yes
checking for gcc option to accept ISO C89... none needed
checking whether gcc understands -c and -o together... yes
checking whether make supports the include directive... yes (GNU style)
checking dependency style of gcc... gcc3
checking whether we are using the GNU C++ compiler... yes
checking whether g++ -std=gnu++17 accepts -g... yes
checking dependency style of g++ -std=gnu++17... gcc3
checking how to run the C preprocessor... gcc -E
checking for gcc... gcc
checking whether we are using the GNU C compiler... (cached) yes
checking whether gcc accepts -g... yes
checking for gcc option to accept ISO C89... (cached) none needed
checking whether gcc understands -c and -o together... (cached) yes
checking dependency style of gcc... (cached) gcc3
checking how to run the C preprocessor... gcc -E
checking how to run the C++ preprocessor... g++ -std=gnu++17 -E
checking for g++... g++
checking whether we are using the GNU C++ compiler... (cached) yes
checking whether g++ accepts -g... yes
checking dependency style of g++... (cached) gcc3
checking how to run the C++ preprocessor... g++ -E
checking for grep that handles long lines and -e... /usr/bin/grep
checking for egrep... /usr/bin/grep -E
checking for ANSI C header files... yes
checking for sys/types.h... yes
checking for sys/stat.h... yes
checking for stdlib.h... yes
checking for string.h... yes
checking for memory.h... yes
checking for strings.h... yes
checking for inttypes.h... yes
checking for stdint.h... yes
checking for unistd.h... yes
checking minix/config.h usability... no
checking minix/config.h presence... no
checking for minix/config.h... no
checking whether it is safe to define __EXTENSIONS__... yes
checking for ar... ar
checking the archiver (ar) interface... ar
checking for gcc... gcc
checking whether we are using the GNU Objective C compiler... no
checking whether gcc accepts -g... no
checking dependency style of gcc... gcc3
checking C++ compiler flags...... use user-supplied: -g -O2 -ffile-prefix-map=/build/r-base-rgGXCp/r-base-4.5.0=. -fstack-protector-strong -Wformat -Werror=format-security -Wdate-time -D_FORTIFY_SOURCE=2
checking whether __SUNPRO_CC is declared... no
checking how to print strings... printf
checking for a sed that does not truncate output... /bin/sed
checking for fgrep... /usr/bin/grep -F
checking for ld used by gcc... /usr/bin/ld
checking if the linker (/usr/bin/ld) is GNU ld... yes
checking for BSD- or MS-compatible name lister (nm)... /usr/bin/nm -B
checking the name lister (/usr/bin/nm -B) interface... BSD nm
checking whether ln -s works... yes
checking the maximum length of command line arguments... 1572864
checking how to convert x86_64-pc-linux-gnu file names to x86_64-pc-linux-gnu format... func_convert_file_noop
checking how to convert x86_64-pc-linux-gnu file names to toolchain format... func_convert_file_noop
checking for /usr/bin/ld option to reload object files... -r
checking for objdump... objdump
checking how to recognize dependent libraries... pass_all
checking for dlltool... no
checking how to associate runtime and link libraries... printf %s\n
checking for archiver @FILE support... @
checking for strip... strip
checking for ranlib... ranlib
checking command to parse /usr/bin/nm -B output from gcc object... ok
checking for sysroot... no
checking for a working dd... /usr/bin/dd
checking how to truncate binary pipes... /usr/bin/dd bs=4096 count=1
checking for mt... no
checking if : is a manifest tool... no
checking for dlfcn.h... yes
checking for objdir... .libs
checking if gcc supports -fno-rtti -fno-exceptions... no
checking for gcc option to produce PIC... -fPIC -DPIC
checking if gcc PIC flag -fPIC -DPIC works... yes
checking if gcc static flag -static works... yes
checking if gcc supports -c -o file.o... yes
checking if gcc supports -c -o file.o... (cached) yes
checking whether the gcc linker (/usr/bin/ld -m elf_x86_64) supports shared libraries... yes
checking whether -lc should be explicitly linked in... no
checking dynamic linker characteristics... GNU/Linux ld.so
checking how to hardcode library paths into programs... immediate
checking whether stripping libraries is possible... yes
checking if libtool supports shared libraries... yes
checking whether to build shared libraries... yes
checking whether to build static libraries... no
checking how to run the C++ preprocessor... g++ -std=gnu++17 -E
checking for ld used by g++ -std=gnu++17... /usr/bin/ld -m elf_x86_64
checking if the linker (/usr/bin/ld -m elf_x86_64) is GNU ld... yes
checking whether the g++ -std=gnu++17 linker (/usr/bin/ld -m elf_x86_64) supports shared libraries... yes
checking for g++ -std=gnu++17 option to produce PIC... -fPIC -DPIC
checking if g++ -std=gnu++17 PIC flag -fPIC -DPIC works... yes
checking if g++ -std=gnu++17 static flag -static works... yes
checking if g++ -std=gnu++17 supports -c -o file.o... yes
checking if g++ -std=gnu++17 supports -c -o file.o... (cached) yes
checking whether the g++ -std=gnu++17 linker (/usr/bin/ld -m elf_x86_64) supports shared libraries... yes
checking dynamic linker characteristics... (cached) GNU/Linux ld.so
checking how to hardcode library paths into programs... immediate
checking whether the linker supports version scripts... yes
checking for ANSI C header files... (cached) yes
checking fcntl.h usability... yes
checking fcntl.h presence... yes
checking for fcntl.h... yes
checking for inttypes.h... (cached) yes
checking limits.h usability... yes
checking limits.h presence... yes
checking for limits.h... yes
checking for stdlib.h... (cached) yes
checking for unistd.h... (cached) yes
checking for working memcmp... yes
checking for working strtod... yes
checking for ftruncate... yes
checking for memset... yes
checking for mkdir... yes
checking for strchr... yes
checking for strerror... yes
checking for strtol... yes
checking zlib version... ok (1.2.0.4 or later)
checking for library containing zlibVersion... -lz
checking whether g++ -std=gnu++17 supports C++11 features by default... yes
checking whether -latomic is needed... no
checking whether gcc is Clang... no
checking whether pthreads work with -pthread... yes
checking for joinable pthread attribute... PTHREAD_CREATE_JOINABLE
checking whether more special flags are required for pthreads... no
checking for PTHREAD_PRIO_INHERIT... yes
checking the location of hash_map... <unordered_map>
checking that generated files are newer than configure... done
configure: creating ./config.status
config.status: creating Makefile
config.status: creating src/Makefile
config.status: creating benchmarks/Makefile
config.status: creating conformance/Makefile
config.status: creating protobuf.pc
config.status: creating protobuf-lite.pc
config.status: creating config.h
config.status: executing depfiles commands
config.status: executing libtool commands
=== configuring in third_party/googletest (/tmp/Rtmp2qsns7/R.INSTALL1205577ca0da/RProtoBufLib/src/protobuf-3.8.0/third_party/googletest)
configure: WARNING: no configuration information is in third_party/googletest
Making install in .
make[1]: Entering directory '/tmp/Rtmp2qsns7/R.INSTALL1205577ca0da/RProtoBufLib/src/protobuf-3.8.0'
make[2]: Entering directory '/tmp/Rtmp2qsns7/R.INSTALL1205577ca0da/RProtoBufLib/src/protobuf-3.8.0'
make[2]: Nothing to be done for 'install-exec-am'.
 /usr/bin/mkdir -p '/tmp/Rtmp2qsns7/R.INSTALL1205577ca0da/RProtoBufLib/src/pb_build/lib/pkgconfig'
 /usr/bin/install -c -m 644 protobuf.pc protobuf-lite.pc '/tmp/Rtmp2qsns7/R.INSTALL1205577ca0da/RProtoBufLib/src/pb_build/lib/pkgconfig'
make[2]: Leaving directory '/tmp/Rtmp2qsns7/R.INSTALL1205577ca0da/RProtoBufLib/src/protobuf-3.8.0'
make[1]: Leaving directory '/tmp/Rtmp2qsns7/R.INSTALL1205577ca0da/RProtoBufLib/src/protobuf-3.8.0'
Making install in src
make[1]: Entering directory '/tmp/Rtmp2qsns7/R.INSTALL1205577ca0da/RProtoBufLib/src/protobuf-3.8.0/src'
depbase=`echo google/protobuf/compiler/main.o | sed 's|[^/]*$|.deps/&|;s|\.o$||'`;\
g++ -std=gnu++17 -DHAVE_CONFIG_H -I. -I..    -pthread -DHAVE_PTHREAD=1 -DHAVE_ZLIB=1 -Wall -Wno-sign-compare  -g -O2 -ffile-prefix-map=/build/r-base-rgGXCp/r-base-4.5.0=. -fstack-protector-strong -Wformat -Werror=format-security -Wdate-time -D_FORTIFY_SOURCE=2 -MT google/protobuf/compiler/main.o -MD -MP -MF $depbase.Tpo -c -o google/protobuf/compiler/main.o google/protobuf/compiler/main.cc &&\
mv -f $depbase.Tpo $depbase.Po
depbase=`echo google/protobuf/stubs/bytestream.lo | sed 's|[^/]*$|.deps/&|;s|\.lo$||'`;\
/bin/bash ../libtool  --tag=CXX   --mode=compile g++ -std=gnu++17 -DHAVE_CONFIG_H -I. -I..    -pthread -DHAVE_PTHREAD=1 -DHAVE_ZLIB=1 -Wall -Wno-sign-compare  -g -O2 -ffile-prefix-map=/build/r-base-rgGXCp/r-base-4.5.0=. -fstack-protector-strong -Wformat -Werror=format-security -Wdate-time -D_FORTIFY_SOURCE=2 -MT google/protobuf/stubs/bytestream.lo -MD -MP -MF $depbase.Tpo -c -o google/protobuf/stubs/bytestream.lo google/protobuf/stubs/bytestream.cc &&\
mv -f $depbase.Tpo $depbase.Plo
libtool: compile:  g++ -std=gnu++17 -DHAVE_CONFIG_H -I. -I.. -pthread -DHAVE_PTHREAD=1 -DHAVE_ZLIB=1 -Wall -Wno-sign-compare -g -O2 -ffile-prefix-map=/build/r-base-rgGXCp/r-base-4.5.0=. -fstack-protector-strong -Wformat -Werror=format-security -Wdate-time -D_FORTIFY_SOURCE=2 -MT google/protobuf/stubs/bytestream.lo -MD -MP -MF google/protobuf/stubs/.deps/bytestream.Tpo -c google/protobuf/stubs/bytestream.cc  -fPIC -DPIC -o google/protobuf/stubs/.libs/bytestream.o
depbase=`echo google/protobuf/stubs/common.lo | sed 's|[^/]*$|.deps/&|;s|\.lo$||'`;\
/bin/bash ../libtool  --tag=CXX   --mode=compile g++ -std=gnu++17 -DHAVE_CONFIG_H -I. -I..    -pthread -DHAVE_PTHREAD=1 -DHAVE_ZLIB=1 -Wall -Wno-sign-compare  -g -O2 -ffile-prefix-map=/build/r-base-rgGXCp/r-base-4.5.0=. -fstack-protector-strong -Wformat -Werror=format-security -Wdate-time -D_FORTIFY_SOURCE=2 -MT google/protobuf/stubs/common.lo -MD -MP -MF $depbase.Tpo -c -o google/protobuf/stubs/common.lo google/protobuf/stubs/common.cc &&\
mv -f $depbase.Tpo $depbase.Plo
libtool: compile:  g++ -std=gnu++17 -DHAVE_CONFIG_H -I. -I.. -pthread -DHAVE_PTHREAD=1 -DHAVE_ZLIB=1 -Wall -Wno-sign-compare -g -O2 -ffile-prefix-map=/build/r-base-rgGXCp/r-base-4.5.0=. -fstack-protector-strong -Wformat -Werror=format-security -Wdate-time -D_FORTIFY_SOURCE=2 -MT google/protobuf/stubs/common.lo -MD -MP -MF google/protobuf/stubs/.deps/common.Tpo -c google/protobuf/stubs/common.cc  -fPIC -DPIC -o google/protobuf/stubs/.libs/common.o
depbase=`echo google/protobuf/stubs/int128.lo | sed 's|[^/]*$|.deps/&|;s|\.lo$||'`;\
/bin/bash ../libtool  --tag=CXX   --mode=compile g++ -std=gnu++17 -DHAVE_CONFIG_H -I. -I..    -pthread -DHAVE_PTHREAD=1 -DHAVE_ZLIB=1 -Wall -Wno-sign-compare  -g -O2 -ffile-prefix-map=/build/r-base-rgGXCp/r-base-4.5.0=. -fstack-protector-strong -Wformat -Werror=format-security -Wdate-time -D_FORTIFY_SOURCE=2 -MT google/protobuf/stubs/int128.lo -MD -MP -MF $depbase.Tpo -c -o google/protobuf/stubs/int128.lo google/protobuf/stubs/int128.cc &&\
mv -f $depbase.Tpo $depbase.Plo
libtool: compile:  g++ -std=gnu++17 -DHAVE_CONFIG_H -I. -I.. -pthread -DHAVE_PTHREAD=1 -DHAVE_ZLIB=1 -Wall -Wno-sign-compare -g -O2 -ffile-prefix-map=/build/r-base-rgGXCp/r-base-4.5.0=. -fstack-protector-strong -Wformat -Werror=format-security -Wdate-time -D_FORTIFY_SOURCE=2 -MT google/protobuf/stubs/int128.lo -MD -MP -MF google/protobuf/stubs/.deps/int128.Tpo -c google/protobuf/stubs/int128.cc  -fPIC -DPIC -o google/protobuf/stubs/.libs/int128.o
depbase=`echo google/protobuf/io/io_win32.lo | sed 's|[^/]*$|.deps/&|;s|\.lo$||'`;\
/bin/bash ../libtool  --tag=CXX   --mode=compile g++ -std=gnu++17 -DHAVE_CONFIG_H -I. -I..    -pthread -DHAVE_PTHREAD=1 -DHAVE_ZLIB=1 -Wall -Wno-sign-compare  -g -O2 -ffile-prefix-map=/build/r-base-rgGXCp/r-base-4.5.0=. -fstack-protector-strong -Wformat -Werror=format-security -Wdate-time -D_FORTIFY_SOURCE=2 -MT google/protobuf/io/io_win32.lo -MD -MP -MF $depbase.Tpo -c -o google/protobuf/io/io_win32.lo google/protobuf/io/io_win32.cc &&\
mv -f $depbase.Tpo $depbase.Plo
libtool: compile:  g++ -std=gnu++17 -DHAVE_CONFIG_H -I. -I.. -pthread -DHAVE_PTHREAD=1 -DHAVE_ZLIB=1 -Wall -Wno-sign-compare -g -O2 -ffile-prefix-map=/build/r-base-rgGXCp/r-base-4.5.0=. -fstack-protector-strong -Wformat -Werror=format-security -Wdate-time -D_FORTIFY_SOURCE=2 -MT google/protobuf/io/io_win32.lo -MD -MP -MF google/protobuf/io/.deps/io_win32.Tpo -c google/protobuf/io/io_win32.cc  -fPIC -DPIC -o google/protobuf/io/.libs/io_win32.o
depbase=`echo google/protobuf/stubs/status.lo | sed 's|[^/]*$|.deps/&|;s|\.lo$||'`;\
/bin/bash ../libtool  --tag=CXX   --mode=compile g++ -std=gnu++17 -DHAVE_CONFIG_H -I. -I..    -pthread -DHAVE_PTHREAD=1 -DHAVE_ZLIB=1 -Wall -Wno-sign-compare  -g -O2 -ffile-prefix-map=/build/r-base-rgGXCp/r-base-4.5.0=. -fstack-protector-strong -Wformat -Werror=format-security -Wdate-time -D_FORTIFY_SOURCE=2 -MT google/protobuf/stubs/status.lo -MD -MP -MF $depbase.Tpo -c -o google/protobuf/stubs/status.lo google/protobuf/stubs/status.cc &&\
mv -f $depbase.Tpo $depbase.Plo
libtool: compile:  g++ -std=gnu++17 -DHAVE_CONFIG_H -I. -I.. -pthread -DHAVE_PTHREAD=1 -DHAVE_ZLIB=1 -Wall -Wno-sign-compare -g -O2 -ffile-prefix-map=/build/r-base-rgGXCp/r-base-4.5.0=. -fstack-protector-strong -Wformat -Werror=format-security -Wdate-time -D_FORTIFY_SOURCE=2 -MT google/protobuf/stubs/status.lo -MD -MP -MF google/protobuf/stubs/.deps/status.Tpo -c google/protobuf/stubs/status.cc  -fPIC -DPIC -o google/protobuf/stubs/.libs/status.o
depbase=`echo google/protobuf/stubs/statusor.lo | sed 's|[^/]*$|.deps/&|;s|\.lo$||'`;\
/bin/bash ../libtool  --tag=CXX   --mode=compile g++ -std=gnu++17 -DHAVE_CONFIG_H -I. -I..    -pthread -DHAVE_PTHREAD=1 -DHAVE_ZLIB=1 -Wall -Wno-sign-compare  -g -O2 -ffile-prefix-map=/build/r-base-rgGXCp/r-base-4.5.0=. -fstack-protector-strong -Wformat -Werror=format-security -Wdate-time -D_FORTIFY_SOURCE=2 -MT google/protobuf/stubs/statusor.lo -MD -MP -MF $depbase.Tpo -c -o google/protobuf/stubs/statusor.lo google/protobuf/stubs/statusor.cc &&\
mv -f $depbase.Tpo $depbase.Plo
libtool: compile:  g++ -std=gnu++17 -DHAVE_CONFIG_H -I. -I.. -pthread -DHAVE_PTHREAD=1 -DHAVE_ZLIB=1 -Wall -Wno-sign-compare -g -O2 -ffile-prefix-map=/build/r-base-rgGXCp/r-base-4.5.0=. -fstack-protector-strong -Wformat -Werror=format-security -Wdate-time -D_FORTIFY_SOURCE=2 -MT google/protobuf/stubs/statusor.lo -MD -MP -MF google/protobuf/stubs/.deps/statusor.Tpo -c google/protobuf/stubs/statusor.cc  -fPIC -DPIC -o google/protobuf/stubs/.libs/statusor.o
depbase=`echo google/protobuf/stubs/stringpiece.lo | sed 's|[^/]*$|.deps/&|;s|\.lo$||'`;\
/bin/bash ../libtool  --tag=CXX   --mode=compile g++ -std=gnu++17 -DHAVE_CONFIG_H -I. -I..    -pthread -DHAVE_PTHREAD=1 -DHAVE_ZLIB=1 -Wall -Wno-sign-compare  -g -O2 -ffile-prefix-map=/build/r-base-rgGXCp/r-base-4.5.0=. -fstack-protector-strong -Wformat -Werror=format-security -Wdate-time -D_FORTIFY_SOURCE=2 -MT google/protobuf/stubs/stringpiece.lo -MD -MP -MF $depbase.Tpo -c -o google/protobuf/stubs/stringpiece.lo google/protobuf/stubs/stringpiece.cc &&\
mv -f $depbase.Tpo $depbase.Plo
libtool: compile:  g++ -std=gnu++17 -DHAVE_CONFIG_H -I. -I.. -pthread -DHAVE_PTHREAD=1 -DHAVE_ZLIB=1 -Wall -Wno-sign-compare -g -O2 -ffile-prefix-map=/build/r-base-rgGXCp/r-base-4.5.0=. -fstack-protector-strong -Wformat -Werror=format-security -Wdate-time -D_FORTIFY_SOURCE=2 -MT google/protobuf/stubs/stringpiece.lo -MD -MP -MF google/protobuf/stubs/.deps/stringpiece.Tpo -c google/protobuf/stubs/stringpiece.cc  -fPIC -DPIC -o google/protobuf/stubs/.libs/stringpiece.o
depbase=`echo google/protobuf/stubs/stringprintf.lo | sed 's|[^/]*$|.deps/&|;s|\.lo$||'`;\
/bin/bash ../libtool  --tag=CXX   --mode=compile g++ -std=gnu++17 -DHAVE_CONFIG_H -I. -I..    -pthread -DHAVE_PTHREAD=1 -DHAVE_ZLIB=1 -Wall -Wno-sign-compare  -g -O2 -ffile-prefix-map=/build/r-base-rgGXCp/r-base-4.5.0=. -fstack-protector-strong -Wformat -Werror=format-security -Wdate-time -D_FORTIFY_SOURCE=2 -MT google/protobuf/stubs/stringprintf.lo -MD -MP -MF $depbase.Tpo -c -o google/protobuf/stubs/stringprintf.lo google/protobuf/stubs/stringprintf.cc &&\
mv -f $depbase.Tpo $depbase.Plo
libtool: compile:  g++ -std=gnu++17 -DHAVE_CONFIG_H -I. -I.. -pthread -DHAVE_PTHREAD=1 -DHAVE_ZLIB=1 -Wall -Wno-sign-compare -g -O2 -ffile-prefix-map=/build/r-base-rgGXCp/r-base-4.5.0=. -fstack-protector-strong -Wformat -Werror=format-security -Wdate-time -D_FORTIFY_SOURCE=2 -MT google/protobuf/stubs/stringprintf.lo -MD -MP -MF google/protobuf/stubs/.deps/stringprintf.Tpo -c google/protobuf/stubs/stringprintf.cc  -fPIC -DPIC -o google/protobuf/stubs/.libs/stringprintf.o
depbase=`echo google/protobuf/stubs/structurally_valid.lo | sed 's|[^/]*$|.deps/&|;s|\.lo$||'`;\
/bin/bash ../libtool  --tag=CXX   --mode=compile g++ -std=gnu++17 -DHAVE_CONFIG_H -I. -I..    -pthread -DHAVE_PTHREAD=1 -DHAVE_ZLIB=1 -Wall -Wno-sign-compare  -g -O2 -ffile-prefix-map=/build/r-base-rgGXCp/r-base-4.5.0=. -fstack-protector-strong -Wformat -Werror=format-security -Wdate-time -D_FORTIFY_SOURCE=2 -MT google/protobuf/stubs/structurally_valid.lo -MD -MP -MF $depbase.Tpo -c -o google/protobuf/stubs/structurally_valid.lo google/protobuf/stubs/structurally_valid.cc &&\
mv -f $depbase.Tpo $depbase.Plo
libtool: compile:  g++ -std=gnu++17 -DHAVE_CONFIG_H -I. -I.. -pthread -DHAVE_PTHREAD=1 -DHAVE_ZLIB=1 -Wall -Wno-sign-compare -g -O2 -ffile-prefix-map=/build/r-base-rgGXCp/r-base-4.5.0=. -fstack-protector-strong -Wformat -Werror=format-security -Wdate-time -D_FORTIFY_SOURCE=2 -MT google/protobuf/stubs/structurally_valid.lo -MD -MP -MF google/protobuf/stubs/.deps/structurally_valid.Tpo -c google/protobuf/stubs/structurally_valid.cc  -fPIC -DPIC -o google/protobuf/stubs/.libs/structurally_valid.o
depbase=`echo google/protobuf/stubs/strutil.lo | sed 's|[^/]*$|.deps/&|;s|\.lo$||'`;\
/bin/bash ../libtool  --tag=CXX   --mode=compile g++ -std=gnu++17 -DHAVE_CONFIG_H -I. -I..    -pthread -DHAVE_PTHREAD=1 -DHAVE_ZLIB=1 -Wall -Wno-sign-compare  -g -O2 -ffile-prefix-map=/build/r-base-rgGXCp/r-base-4.5.0=. -fstack-protector-strong -Wformat -Werror=format-security -Wdate-time -D_FORTIFY_SOURCE=2 -MT google/protobuf/stubs/strutil.lo -MD -MP -MF $depbase.Tpo -c -o google/protobuf/stubs/strutil.lo google/protobuf/stubs/strutil.cc &&\
mv -f $depbase.Tpo $depbase.Plo
libtool: compile:  g++ -std=gnu++17 -DHAVE_CONFIG_H -I. -I.. -pthread -DHAVE_PTHREAD=1 -DHAVE_ZLIB=1 -Wall -Wno-sign-compare -g -O2 -ffile-prefix-map=/build/r-base-rgGXCp/r-base-4.5.0=. -fstack-protector-strong -Wformat -Werror=format-security -Wdate-time -D_FORTIFY_SOURCE=2 -MT google/protobuf/stubs/strutil.lo -MD -MP -MF google/protobuf/stubs/.deps/strutil.Tpo -c google/protobuf/stubs/strutil.cc  -fPIC -DPIC -o google/protobuf/stubs/.libs/strutil.o
depbase=`echo google/protobuf/stubs/time.lo | sed 's|[^/]*$|.deps/&|;s|\.lo$||'`;\
/bin/bash ../libtool  --tag=CXX   --mode=compile g++ -std=gnu++17 -DHAVE_CONFIG_H -I. -I..    -pthread -DHAVE_PTHREAD=1 -DHAVE_ZLIB=1 -Wall -Wno-sign-compare  -g -O2 -ffile-prefix-map=/build/r-base-rgGXCp/r-base-4.5.0=. -fstack-protector-strong -Wformat -Werror=format-security -Wdate-time -D_FORTIFY_SOURCE=2 -MT google/protobuf/stubs/time.lo -MD -MP -MF $depbase.Tpo -c -o google/protobuf/stubs/time.lo google/protobuf/stubs/time.cc &&\
mv -f $depbase.Tpo $depbase.Plo
libtool: compile:  g++ -std=gnu++17 -DHAVE_CONFIG_H -I. -I.. -pthread -DHAVE_PTHREAD=1 -DHAVE_ZLIB=1 -Wall -Wno-sign-compare -g -O2 -ffile-prefix-map=/build/r-base-rgGXCp/r-base-4.5.0=. -fstack-protector-strong -Wformat -Werror=format-security -Wdate-time -D_FORTIFY_SOURCE=2 -MT google/protobuf/stubs/time.lo -MD -MP -MF google/protobuf/stubs/.deps/time.Tpo -c google/protobuf/stubs/time.cc  -fPIC -DPIC -o google/protobuf/stubs/.libs/time.o
depbase=`echo google/protobuf/any_lite.lo | sed 's|[^/]*$|.deps/&|;s|\.lo$||'`;\
/bin/bash ../libtool  --tag=CXX   --mode=compile g++ -std=gnu++17 -DHAVE_CONFIG_H -I. -I..    -pthread -DHAVE_PTHREAD=1 -DHAVE_ZLIB=1 -Wall -Wno-sign-compare  -g -O2 -ffile-prefix-map=/build/r-base-rgGXCp/r-base-4.5.0=. -fstack-protector-strong -Wformat -Werror=format-security -Wdate-time -D_FORTIFY_SOURCE=2 -MT google/protobuf/any_lite.lo -MD -MP -MF $depbase.Tpo -c -o google/protobuf/any_lite.lo google/protobuf/any_lite.cc &&\
mv -f $depbase.Tpo $depbase.Plo
libtool: compile:  g++ -std=gnu++17 -DHAVE_CONFIG_H -I. -I.. -pthread -DHAVE_PTHREAD=1 -DHAVE_ZLIB=1 -Wall -Wno-sign-compare -g -O2 -ffile-prefix-map=/build/r-base-rgGXCp/r-base-4.5.0=. -fstack-protector-strong -Wformat -Werror=format-security -Wdate-time -D_FORTIFY_SOURCE=2 -MT google/protobuf/any_lite.lo -MD -MP -MF google/protobuf/.deps/any_lite.Tpo -c google/protobuf/any_lite.cc  -fPIC -DPIC -o google/protobuf/.libs/any_lite.o
depbase=`echo google/protobuf/arena.lo | sed 's|[^/]*$|.deps/&|;s|\.lo$||'`;\
/bin/bash ../libtool  --tag=CXX   --mode=compile g++ -std=gnu++17 -DHAVE_CONFIG_H -I. -I..    -pthread -DHAVE_PTHREAD=1 -DHAVE_ZLIB=1 -Wall -Wno-sign-compare  -g -O2 -ffile-prefix-map=/build/r-base-rgGXCp/r-base-4.5.0=. -fstack-protector-strong -Wformat -Werror=format-security -Wdate-time -D_FORTIFY_SOURCE=2 -MT google/protobuf/arena.lo -MD -MP -MF $depbase.Tpo -c -o google/protobuf/arena.lo google/protobuf/arena.cc &&\
mv -f $depbase.Tpo $depbase.Plo
libtool: compile:  g++ -std=gnu++17 -DHAVE_CONFIG_H -I. -I.. -pthread -DHAVE_PTHREAD=1 -DHAVE_ZLIB=1 -Wall -Wno-sign-compare -g -O2 -ffile-prefix-map=/build/r-base-rgGXCp/r-base-4.5.0=. -fstack-protector-strong -Wformat -Werror=format-security -Wdate-time -D_FORTIFY_SOURCE=2 -MT google/protobuf/arena.lo -MD -MP -MF google/protobuf/.deps/arena.Tpo -c google/protobuf/arena.cc  -fPIC -DPIC -o google/protobuf/.libs/arena.o
depbase=`echo google/protobuf/extension_set.lo | sed 's|[^/]*$|.deps/&|;s|\.lo$||'`;\
/bin/bash ../libtool  --tag=CXX   --mode=compile g++ -std=gnu++17 -DHAVE_CONFIG_H -I. -I..    -pthread -DHAVE_PTHREAD=1 -DHAVE_ZLIB=1 -Wall -Wno-sign-compare  -g -O2 -ffile-prefix-map=/build/r-base-rgGXCp/r-base-4.5.0=. -fstack-protector-strong -Wformat -Werror=format-security -Wdate-time -D_FORTIFY_SOURCE=2 -MT google/protobuf/extension_set.lo -MD -MP -MF $depbase.Tpo -c -o google/protobuf/extension_set.lo google/protobuf/extension_set.cc &&\
mv -f $depbase.Tpo $depbase.Plo
libtool: compile:  g++ -std=gnu++17 -DHAVE_CONFIG_H -I. -I.. -pthread -DHAVE_PTHREAD=1 -DHAVE_ZLIB=1 -Wall -Wno-sign-compare -g -O2 -ffile-prefix-map=/build/r-base-rgGXCp/r-base-4.5.0=. -fstack-protector-strong -Wformat -Werror=format-security -Wdate-time -D_FORTIFY_SOURCE=2 -MT google/protobuf/extension_set.lo -MD -MP -MF google/protobuf/.deps/extension_set.Tpo -c google/protobuf/extension_set.cc  -fPIC -DPIC -o google/protobuf/.libs/extension_set.o
depbase=`echo google/protobuf/generated_message_util.lo | sed 's|[^/]*$|.deps/&|;s|\.lo$||'`;\
/bin/bash ../libtool  --tag=CXX   --mode=compile g++ -std=gnu++17 -DHAVE_CONFIG_H -I. -I..    -pthread -DHAVE_PTHREAD=1 -DHAVE_ZLIB=1 -Wall -Wno-sign-compare  -g -O2 -ffile-prefix-map=/build/r-base-rgGXCp/r-base-4.5.0=. -fstack-protector-strong -Wformat -Werror=format-security -Wdate-time -D_FORTIFY_SOURCE=2 -MT google/protobuf/generated_message_util.lo -MD -MP -MF $depbase.Tpo -c -o google/protobuf/generated_message_util.lo google/protobuf/generated_message_util.cc &&\
mv -f $depbase.Tpo $depbase.Plo
libtool: compile:  g++ -std=gnu++17 -DHAVE_CONFIG_H -I. -I.. -pthread -DHAVE_PTHREAD=1 -DHAVE_ZLIB=1 -Wall -Wno-sign-compare -g -O2 -ffile-prefix-map=/build/r-base-rgGXCp/r-base-4.5.0=. -fstack-protector-strong -Wformat -Werror=format-security -Wdate-time -D_FORTIFY_SOURCE=2 -MT google/protobuf/generated_message_util.lo -MD -MP -MF google/protobuf/.deps/generated_message_util.Tpo -c google/protobuf/generated_message_util.cc  -fPIC -DPIC -o google/protobuf/.libs/generated_message_util.o
depbase=`echo google/protobuf/generated_message_table_driven_lite.lo | sed 's|[^/]*$|.deps/&|;s|\.lo$||'`;\
/bin/bash ../libtool  --tag=CXX   --mode=compile g++ -std=gnu++17 -DHAVE_CONFIG_H -I. -I..    -pthread -DHAVE_PTHREAD=1 -DHAVE_ZLIB=1 -Wall -Wno-sign-compare  -g -O2 -ffile-prefix-map=/build/r-base-rgGXCp/r-base-4.5.0=. -fstack-protector-strong -Wformat -Werror=format-security -Wdate-time -D_FORTIFY_SOURCE=2 -MT google/protobuf/generated_message_table_driven_lite.lo -MD -MP -MF $depbase.Tpo -c -o google/protobuf/generated_message_table_driven_lite.lo google/protobuf/generated_message_table_driven_lite.cc &&\
mv -f $depbase.Tpo $depbase.Plo
libtool: compile:  g++ -std=gnu++17 -DHAVE_CONFIG_H -I. -I.. -pthread -DHAVE_PTHREAD=1 -DHAVE_ZLIB=1 -Wall -Wno-sign-compare -g -O2 -ffile-prefix-map=/build/r-base-rgGXCp/r-base-4.5.0=. -fstack-protector-strong -Wformat -Werror=format-security -Wdate-time -D_FORTIFY_SOURCE=2 -MT google/protobuf/generated_message_table_driven_lite.lo -MD -MP -MF google/protobuf/.deps/generated_message_table_driven_lite.Tpo -c google/protobuf/generated_message_table_driven_lite.cc  -fPIC -DPIC -o google/protobuf/.libs/generated_message_table_driven_lite.o
depbase=`echo google/protobuf/implicit_weak_message.lo | sed 's|[^/]*$|.deps/&|;s|\.lo$||'`;\
/bin/bash ../libtool  --tag=CXX   --mode=compile g++ -std=gnu++17 -DHAVE_CONFIG_H -I. -I..    -pthread -DHAVE_PTHREAD=1 -DHAVE_ZLIB=1 -Wall -Wno-sign-compare  -g -O2 -ffile-prefix-map=/build/r-base-rgGXCp/r-base-4.5.0=. -fstack-protector-strong -Wformat -Werror=format-security -Wdate-time -D_FORTIFY_SOURCE=2 -MT google/protobuf/implicit_weak_message.lo -MD -MP -MF $depbase.Tpo -c -o google/protobuf/implicit_weak_message.lo google/protobuf/implicit_weak_message.cc &&\
mv -f $depbase.Tpo $depbase.Plo
libtool: compile:  g++ -std=gnu++17 -DHAVE_CONFIG_H -I. -I.. -pthread -DHAVE_PTHREAD=1 -DHAVE_ZLIB=1 -Wall -Wno-sign-compare -g -O2 -ffile-prefix-map=/build/r-base-rgGXCp/r-base-4.5.0=. -fstack-protector-strong -Wformat -Werror=format-security -Wdate-time -D_FORTIFY_SOURCE=2 -MT google/protobuf/implicit_weak_message.lo -MD -MP -MF google/protobuf/.deps/implicit_weak_message.Tpo -c google/protobuf/implicit_weak_message.cc  -fPIC -DPIC -o google/protobuf/.libs/implicit_weak_message.o
depbase=`echo google/protobuf/message_lite.lo | sed 's|[^/]*$|.deps/&|;s|\.lo$||'`;\
/bin/bash ../libtool  --tag=CXX   --mode=compile g++ -std=gnu++17 -DHAVE_CONFIG_H -I. -I..    -pthread -DHAVE_PTHREAD=1 -DHAVE_ZLIB=1 -Wall -Wno-sign-compare  -g -O2 -ffile-prefix-map=/build/r-base-rgGXCp/r-base-4.5.0=. -fstack-protector-strong -Wformat -Werror=format-security -Wdate-time -D_FORTIFY_SOURCE=2 -MT google/protobuf/message_lite.lo -MD -MP -MF $depbase.Tpo -c -o google/protobuf/message_lite.lo google/protobuf/message_lite.cc &&\
mv -f $depbase.Tpo $depbase.Plo
libtool: compile:  g++ -std=gnu++17 -DHAVE_CONFIG_H -I. -I.. -pthread -DHAVE_PTHREAD=1 -DHAVE_ZLIB=1 -Wall -Wno-sign-compare -g -O2 -ffile-prefix-map=/build/r-base-rgGXCp/r-base-4.5.0=. -fstack-protector-strong -Wformat -Werror=format-security -Wdate-time -D_FORTIFY_SOURCE=2 -MT google/protobuf/message_lite.lo -MD -MP -MF google/protobuf/.deps/message_lite.Tpo -c google/protobuf/message_lite.cc  -fPIC -DPIC -o google/protobuf/.libs/message_lite.o
depbase=`echo google/protobuf/parse_context.lo | sed 's|[^/]*$|.deps/&|;s|\.lo$||'`;\
/bin/bash ../libtool  --tag=CXX   --mode=compile g++ -std=gnu++17 -DHAVE_CONFIG_H -I. -I..    -pthread -DHAVE_PTHREAD=1 -DHAVE_ZLIB=1 -Wall -Wno-sign-compare  -g -O2 -ffile-prefix-map=/build/r-base-rgGXCp/r-base-4.5.0=. -fstack-protector-strong -Wformat -Werror=format-security -Wdate-time -D_FORTIFY_SOURCE=2 -MT google/protobuf/parse_context.lo -MD -MP -MF $depbase.Tpo -c -o google/protobuf/parse_context.lo google/protobuf/parse_context.cc &&\
mv -f $depbase.Tpo $depbase.Plo
libtool: compile:  g++ -std=gnu++17 -DHAVE_CONFIG_H -I. -I.. -pthread -DHAVE_PTHREAD=1 -DHAVE_ZLIB=1 -Wall -Wno-sign-compare -g -O2 -ffile-prefix-map=/build/r-base-rgGXCp/r-base-4.5.0=. -fstack-protector-strong -Wformat -Werror=format-security -Wdate-time -D_FORTIFY_SOURCE=2 -MT google/protobuf/parse_context.lo -MD -MP -MF google/protobuf/.deps/parse_context.Tpo -c google/protobuf/parse_context.cc  -fPIC -DPIC -o google/protobuf/.libs/parse_context.o
depbase=`echo google/protobuf/repeated_field.lo | sed 's|[^/]*$|.deps/&|;s|\.lo$||'`;\
/bin/bash ../libtool  --tag=CXX   --mode=compile g++ -std=gnu++17 -DHAVE_CONFIG_H -I. -I..    -pthread -DHAVE_PTHREAD=1 -DHAVE_ZLIB=1 -Wall -Wno-sign-compare  -g -O2 -ffile-prefix-map=/build/r-base-rgGXCp/r-base-4.5.0=. -fstack-protector-strong -Wformat -Werror=format-security -Wdate-time -D_FORTIFY_SOURCE=2 -MT google/protobuf/repeated_field.lo -MD -MP -MF $depbase.Tpo -c -o google/protobuf/repeated_field.lo google/protobuf/repeated_field.cc &&\
mv -f $depbase.Tpo $depbase.Plo
libtool: compile:  g++ -std=gnu++17 -DHAVE_CONFIG_H -I. -I.. -pthread -DHAVE_PTHREAD=1 -DHAVE_ZLIB=1 -Wall -Wno-sign-compare -g -O2 -ffile-prefix-map=/build/r-base-rgGXCp/r-base-4.5.0=. -fstack-protector-strong -Wformat -Werror=format-security -Wdate-time -D_FORTIFY_SOURCE=2 -MT google/protobuf/repeated_field.lo -MD -MP -MF google/protobuf/.deps/repeated_field.Tpo -c google/protobuf/repeated_field.cc  -fPIC -DPIC -o google/protobuf/.libs/repeated_field.o
depbase=`echo google/protobuf/wire_format_lite.lo | sed 's|[^/]*$|.deps/&|;s|\.lo$||'`;\
/bin/bash ../libtool  --tag=CXX   --mode=compile g++ -std=gnu++17 -DHAVE_CONFIG_H -I. -I..    -pthread -DHAVE_PTHREAD=1 -DHAVE_ZLIB=1 -Wall -Wno-sign-compare  -g -O2 -ffile-prefix-map=/build/r-base-rgGXCp/r-base-4.5.0=. -fstack-protector-strong -Wformat -Werror=format-security -Wdate-time -D_FORTIFY_SOURCE=2 -MT google/protobuf/wire_format_lite.lo -MD -MP -MF $depbase.Tpo -c -o google/protobuf/wire_format_lite.lo google/protobuf/wire_format_lite.cc &&\
mv -f $depbase.Tpo $depbase.Plo
libtool: compile:  g++ -std=gnu++17 -DHAVE_CONFIG_H -I. -I.. -pthread -DHAVE_PTHREAD=1 -DHAVE_ZLIB=1 -Wall -Wno-sign-compare -g -O2 -ffile-prefix-map=/build/r-base-rgGXCp/r-base-4.5.0=. -fstack-protector-strong -Wformat -Werror=format-security -Wdate-time -D_FORTIFY_SOURCE=2 -MT google/protobuf/wire_format_lite.lo -MD -MP -MF google/protobuf/.deps/wire_format_lite.Tpo -c google/protobuf/wire_format_lite.cc  -fPIC -DPIC -o google/protobuf/.libs/wire_format_lite.o
depbase=`echo google/protobuf/io/coded_stream.lo | sed 's|[^/]*$|.deps/&|;s|\.lo$||'`;\
/bin/bash ../libtool  --tag=CXX   --mode=compile g++ -std=gnu++17 -DHAVE_CONFIG_H -I. -I..    -pthread -DHAVE_PTHREAD=1 -DHAVE_ZLIB=1 -Wall -Wno-sign-compare  -g -O2 -ffile-prefix-map=/build/r-base-rgGXCp/r-base-4.5.0=. -fstack-protector-strong -Wformat -Werror=format-security -Wdate-time -D_FORTIFY_SOURCE=2 -MT google/protobuf/io/coded_stream.lo -MD -MP -MF $depbase.Tpo -c -o google/protobuf/io/coded_stream.lo google/protobuf/io/coded_stream.cc &&\
mv -f $depbase.Tpo $depbase.Plo
libtool: compile:  g++ -std=gnu++17 -DHAVE_CONFIG_H -I. -I.. -pthread -DHAVE_PTHREAD=1 -DHAVE_ZLIB=1 -Wall -Wno-sign-compare -g -O2 -ffile-prefix-map=/build/r-base-rgGXCp/r-base-4.5.0=. -fstack-protector-strong -Wformat -Werror=format-security -Wdate-time -D_FORTIFY_SOURCE=2 -MT google/protobuf/io/coded_stream.lo -MD -MP -MF google/protobuf/io/.deps/coded_stream.Tpo -c google/protobuf/io/coded_stream.cc  -fPIC -DPIC -o google/protobuf/io/.libs/coded_stream.o
depbase=`echo google/protobuf/io/strtod.lo | sed 's|[^/]*$|.deps/&|;s|\.lo$||'`;\
/bin/bash ../libtool  --tag=CXX   --mode=compile g++ -std=gnu++17 -DHAVE_CONFIG_H -I. -I..    -pthread -DHAVE_PTHREAD=1 -DHAVE_ZLIB=1 -Wall -Wno-sign-compare  -g -O2 -ffile-prefix-map=/build/r-base-rgGXCp/r-base-4.5.0=. -fstack-protector-strong -Wformat -Werror=format-security -Wdate-time -D_FORTIFY_SOURCE=2 -MT google/protobuf/io/strtod.lo -MD -MP -MF $depbase.Tpo -c -o google/protobuf/io/strtod.lo google/protobuf/io/strtod.cc &&\
mv -f $depbase.Tpo $depbase.Plo
libtool: compile:  g++ -std=gnu++17 -DHAVE_CONFIG_H -I. -I.. -pthread -DHAVE_PTHREAD=1 -DHAVE_ZLIB=1 -Wall -Wno-sign-compare -g -O2 -ffile-prefix-map=/build/r-base-rgGXCp/r-base-4.5.0=. -fstack-protector-strong -Wformat -Werror=format-security -Wdate-time -D_FORTIFY_SOURCE=2 -MT google/protobuf/io/strtod.lo -MD -MP -MF google/protobuf/io/.deps/strtod.Tpo -c google/protobuf/io/strtod.cc  -fPIC -DPIC -o google/protobuf/io/.libs/strtod.o
depbase=`echo google/protobuf/io/zero_copy_stream.lo | sed 's|[^/]*$|.deps/&|;s|\.lo$||'`;\
/bin/bash ../libtool  --tag=CXX   --mode=compile g++ -std=gnu++17 -DHAVE_CONFIG_H -I. -I..    -pthread -DHAVE_PTHREAD=1 -DHAVE_ZLIB=1 -Wall -Wno-sign-compare  -g -O2 -ffile-prefix-map=/build/r-base-rgGXCp/r-base-4.5.0=. -fstack-protector-strong -Wformat -Werror=format-security -Wdate-time -D_FORTIFY_SOURCE=2 -MT google/protobuf/io/zero_copy_stream.lo -MD -MP -MF $depbase.Tpo -c -o google/protobuf/io/zero_copy_stream.lo google/protobuf/io/zero_copy_stream.cc &&\
mv -f $depbase.Tpo $depbase.Plo
libtool: compile:  g++ -std=gnu++17 -DHAVE_CONFIG_H -I. -I.. -pthread -DHAVE_PTHREAD=1 -DHAVE_ZLIB=1 -Wall -Wno-sign-compare -g -O2 -ffile-prefix-map=/build/r-base-rgGXCp/r-base-4.5.0=. -fstack-protector-strong -Wformat -Werror=format-security -Wdate-time -D_FORTIFY_SOURCE=2 -MT google/protobuf/io/zero_copy_stream.lo -MD -MP -MF google/protobuf/io/.deps/zero_copy_stream.Tpo -c google/protobuf/io/zero_copy_stream.cc  -fPIC -DPIC -o google/protobuf/io/.libs/zero_copy_stream.o
depbase=`echo google/protobuf/io/zero_copy_stream_impl_lite.lo | sed 's|[^/]*$|.deps/&|;s|\.lo$||'`;\
/bin/bash ../libtool  --tag=CXX   --mode=compile g++ -std=gnu++17 -DHAVE_CONFIG_H -I. -I..    -pthread -DHAVE_PTHREAD=1 -DHAVE_ZLIB=1 -Wall -Wno-sign-compare  -g -O2 -ffile-prefix-map=/build/r-base-rgGXCp/r-base-4.5.0=. -fstack-protector-strong -Wformat -Werror=format-security -Wdate-time -D_FORTIFY_SOURCE=2 -MT google/protobuf/io/zero_copy_stream_impl_lite.lo -MD -MP -MF $depbase.Tpo -c -o google/protobuf/io/zero_copy_stream_impl_lite.lo google/protobuf/io/zero_copy_stream_impl_lite.cc &&\
mv -f $depbase.Tpo $depbase.Plo
libtool: compile:  g++ -std=gnu++17 -DHAVE_CONFIG_H -I. -I.. -pthread -DHAVE_PTHREAD=1 -DHAVE_ZLIB=1 -Wall -Wno-sign-compare -g -O2 -ffile-prefix-map=/build/r-base-rgGXCp/r-base-4.5.0=. -fstack-protector-strong -Wformat -Werror=format-security -Wdate-time -D_FORTIFY_SOURCE=2 -MT google/protobuf/io/zero_copy_stream_impl_lite.lo -MD -MP -MF google/protobuf/io/.deps/zero_copy_stream_impl_lite.Tpo -c google/protobuf/io/zero_copy_stream_impl_lite.cc  -fPIC -DPIC -o google/protobuf/io/.libs/zero_copy_stream_impl_lite.o
depbase=`echo google/protobuf/any.pb.lo | sed 's|[^/]*$|.deps/&|;s|\.lo$||'`;\
/bin/bash ../libtool  --tag=CXX   --mode=compile g++ -std=gnu++17 -DHAVE_CONFIG_H -I. -I..    -pthread -DHAVE_PTHREAD=1 -DHAVE_ZLIB=1 -Wall -Wno-sign-compare  -g -O2 -ffile-prefix-map=/build/r-base-rgGXCp/r-base-4.5.0=. -fstack-protector-strong -Wformat -Werror=format-security -Wdate-time -D_FORTIFY_SOURCE=2 -MT google/protobuf/any.pb.lo -MD -MP -MF $depbase.Tpo -c -o google/protobuf/any.pb.lo google/protobuf/any.pb.cc &&\
mv -f $depbase.Tpo $depbase.Plo
libtool: compile:  g++ -std=gnu++17 -DHAVE_CONFIG_H -I. -I.. -pthread -DHAVE_PTHREAD=1 -DHAVE_ZLIB=1 -Wall -Wno-sign-compare -g -O2 -ffile-prefix-map=/build/r-base-rgGXCp/r-base-4.5.0=. -fstack-protector-strong -Wformat -Werror=format-security -Wdate-time -D_FORTIFY_SOURCE=2 -MT google/protobuf/any.pb.lo -MD -MP -MF google/protobuf/.deps/any.pb.Tpo -c google/protobuf/any.pb.cc  -fPIC -DPIC -o google/protobuf/.libs/any.pb.o
depbase=`echo google/protobuf/api.pb.lo | sed 's|[^/]*$|.deps/&|;s|\.lo$||'`;\
/bin/bash ../libtool  --tag=CXX   --mode=compile g++ -std=gnu++17 -DHAVE_CONFIG_H -I. -I..    -pthread -DHAVE_PTHREAD=1 -DHAVE_ZLIB=1 -Wall -Wno-sign-compare  -g -O2 -ffile-prefix-map=/build/r-base-rgGXCp/r-base-4.5.0=. -fstack-protector-strong -Wformat -Werror=format-security -Wdate-time -D_FORTIFY_SOURCE=2 -MT google/protobuf/api.pb.lo -MD -MP -MF $depbase.Tpo -c -o google/protobuf/api.pb.lo google/protobuf/api.pb.cc &&\
mv -f $depbase.Tpo $depbase.Plo
libtool: compile:  g++ -std=gnu++17 -DHAVE_CONFIG_H -I. -I.. -pthread -DHAVE_PTHREAD=1 -DHAVE_ZLIB=1 -Wall -Wno-sign-compare -g -O2 -ffile-prefix-map=/build/r-base-rgGXCp/r-base-4.5.0=. -fstack-protector-strong -Wformat -Werror=format-security -Wdate-time -D_FORTIFY_SOURCE=2 -MT google/protobuf/api.pb.lo -MD -MP -MF google/protobuf/.deps/api.pb.Tpo -c google/protobuf/api.pb.cc  -fPIC -DPIC -o google/protobuf/.libs/api.pb.o
depbase=`echo google/protobuf/stubs/mathlimits.lo | sed 's|[^/]*$|.deps/&|;s|\.lo$||'`;\
/bin/bash ../libtool  --tag=CXX   --mode=compile g++ -std=gnu++17 -DHAVE_CONFIG_H -I. -I..    -pthread -DHAVE_PTHREAD=1 -DHAVE_ZLIB=1 -Wall -Wno-sign-compare  -g -O2 -ffile-prefix-map=/build/r-base-rgGXCp/r-base-4.5.0=. -fstack-protector-strong -Wformat -Werror=format-security -Wdate-time -D_FORTIFY_SOURCE=2 -MT google/protobuf/stubs/mathlimits.lo -MD -MP -MF $depbase.Tpo -c -o google/protobuf/stubs/mathlimits.lo google/protobuf/stubs/mathlimits.cc &&\
mv -f $depbase.Tpo $depbase.Plo
libtool: compile:  g++ -std=gnu++17 -DHAVE_CONFIG_H -I. -I.. -pthread -DHAVE_PTHREAD=1 -DHAVE_ZLIB=1 -Wall -Wno-sign-compare -g -O2 -ffile-prefix-map=/build/r-base-rgGXCp/r-base-4.5.0=. -fstack-protector-strong -Wformat -Werror=format-security -Wdate-time -D_FORTIFY_SOURCE=2 -MT google/protobuf/stubs/mathlimits.lo -MD -MP -MF google/protobuf/stubs/.deps/mathlimits.Tpo -c google/protobuf/stubs/mathlimits.cc  -fPIC -DPIC -o google/protobuf/stubs/.libs/mathlimits.o
depbase=`echo google/protobuf/any.lo | sed 's|[^/]*$|.deps/&|;s|\.lo$||'`;\
/bin/bash ../libtool  --tag=CXX   --mode=compile g++ -std=gnu++17 -DHAVE_CONFIG_H -I. -I..    -pthread -DHAVE_PTHREAD=1 -DHAVE_ZLIB=1 -Wall -Wno-sign-compare  -g -O2 -ffile-prefix-map=/build/r-base-rgGXCp/r-base-4.5.0=. -fstack-protector-strong -Wformat -Werror=format-security -Wdate-time -D_FORTIFY_SOURCE=2 -MT google/protobuf/any.lo -MD -MP -MF $depbase.Tpo -c -o google/protobuf/any.lo google/protobuf/any.cc &&\
mv -f $depbase.Tpo $depbase.Plo
libtool: compile:  g++ -std=gnu++17 -DHAVE_CONFIG_H -I. -I.. -pthread -DHAVE_PTHREAD=1 -DHAVE_ZLIB=1 -Wall -Wno-sign-compare -g -O2 -ffile-prefix-map=/build/r-base-rgGXCp/r-base-4.5.0=. -fstack-protector-strong -Wformat -Werror=format-security -Wdate-time -D_FORTIFY_SOURCE=2 -MT google/protobuf/any.lo -MD -MP -MF google/protobuf/.deps/any.Tpo -c google/protobuf/any.cc  -fPIC -DPIC -o google/protobuf/.libs/any.o
depbase=`echo google/protobuf/descriptor.lo | sed 's|[^/]*$|.deps/&|;s|\.lo$||'`;\
/bin/bash ../libtool  --tag=CXX   --mode=compile g++ -std=gnu++17 -DHAVE_CONFIG_H -I. -I..    -pthread -DHAVE_PTHREAD=1 -DHAVE_ZLIB=1 -Wall -Wno-sign-compare  -g -O2 -ffile-prefix-map=/build/r-base-rgGXCp/r-base-4.5.0=. -fstack-protector-strong -Wformat -Werror=format-security -Wdate-time -D_FORTIFY_SOURCE=2 -MT google/protobuf/descriptor.lo -MD -MP -MF $depbase.Tpo -c -o google/protobuf/descriptor.lo google/protobuf/descriptor.cc &&\
mv -f $depbase.Tpo $depbase.Plo
libtool: compile:  g++ -std=gnu++17 -DHAVE_CONFIG_H -I. -I.. -pthread -DHAVE_PTHREAD=1 -DHAVE_ZLIB=1 -Wall -Wno-sign-compare -g -O2 -ffile-prefix-map=/build/r-base-rgGXCp/r-base-4.5.0=. -fstack-protector-strong -Wformat -Werror=format-security -Wdate-time -D_FORTIFY_SOURCE=2 -MT google/protobuf/descriptor.lo -MD -MP -MF google/protobuf/.deps/descriptor.Tpo -c google/protobuf/descriptor.cc  -fPIC -DPIC -o google/protobuf/.libs/descriptor.o
depbase=`echo google/protobuf/descriptor_database.lo | sed 's|[^/]*$|.deps/&|;s|\.lo$||'`;\
/bin/bash ../libtool  --tag=CXX   --mode=compile g++ -std=gnu++17 -DHAVE_CONFIG_H -I. -I..    -pthread -DHAVE_PTHREAD=1 -DHAVE_ZLIB=1 -Wall -Wno-sign-compare  -g -O2 -ffile-prefix-map=/build/r-base-rgGXCp/r-base-4.5.0=. -fstack-protector-strong -Wformat -Werror=format-security -Wdate-time -D_FORTIFY_SOURCE=2 -MT google/protobuf/descriptor_database.lo -MD -MP -MF $depbase.Tpo -c -o google/protobuf/descriptor_database.lo google/protobuf/descriptor_database.cc &&\
mv -f $depbase.Tpo $depbase.Plo
libtool: compile:  g++ -std=gnu++17 -DHAVE_CONFIG_H -I. -I.. -pthread -DHAVE_PTHREAD=1 -DHAVE_ZLIB=1 -Wall -Wno-sign-compare -g -O2 -ffile-prefix-map=/build/r-base-rgGXCp/r-base-4.5.0=. -fstack-protector-strong -Wformat -Werror=format-security -Wdate-time -D_FORTIFY_SOURCE=2 -MT google/protobuf/descriptor_database.lo -MD -MP -MF google/protobuf/.deps/descriptor_database.Tpo -c google/protobuf/descriptor_database.cc  -fPIC -DPIC -o google/protobuf/.libs/descriptor_database.o
depbase=`echo google/protobuf/descriptor.pb.lo | sed 's|[^/]*$|.deps/&|;s|\.lo$||'`;\
/bin/bash ../libtool  --tag=CXX   --mode=compile g++ -std=gnu++17 -DHAVE_CONFIG_H -I. -I..    -pthread -DHAVE_PTHREAD=1 -DHAVE_ZLIB=1 -Wall -Wno-sign-compare  -g -O2 -ffile-prefix-map=/build/r-base-rgGXCp/r-base-4.5.0=. -fstack-protector-strong -Wformat -Werror=format-security -Wdate-time -D_FORTIFY_SOURCE=2 -MT google/protobuf/descriptor.pb.lo -MD -MP -MF $depbase.Tpo -c -o google/protobuf/descriptor.pb.lo google/protobuf/descriptor.pb.cc &&\
mv -f $depbase.Tpo $depbase.Plo
libtool: compile:  g++ -std=gnu++17 -DHAVE_CONFIG_H -I. -I.. -pthread -DHAVE_PTHREAD=1 -DHAVE_ZLIB=1 -Wall -Wno-sign-compare -g -O2 -ffile-prefix-map=/build/r-base-rgGXCp/r-base-4.5.0=. -fstack-protector-strong -Wformat -Werror=format-security -Wdate-time -D_FORTIFY_SOURCE=2 -MT google/protobuf/descriptor.pb.lo -MD -MP -MF google/protobuf/.deps/descriptor.pb.Tpo -c google/protobuf/descriptor.pb.cc  -fPIC -DPIC -o google/protobuf/.libs/descriptor.pb.o
depbase=`echo google/protobuf/duration.pb.lo | sed 's|[^/]*$|.deps/&|;s|\.lo$||'`;\
/bin/bash ../libtool  --tag=CXX   --mode=compile g++ -std=gnu++17 -DHAVE_CONFIG_H -I. -I..    -pthread -DHAVE_PTHREAD=1 -DHAVE_ZLIB=1 -Wall -Wno-sign-compare  -g -O2 -ffile-prefix-map=/build/r-base-rgGXCp/r-base-4.5.0=. -fstack-protector-strong -Wformat -Werror=format-security -Wdate-time -D_FORTIFY_SOURCE=2 -MT google/protobuf/duration.pb.lo -MD -MP -MF $depbase.Tpo -c -o google/protobuf/duration.pb.lo google/protobuf/duration.pb.cc &&\
mv -f $depbase.Tpo $depbase.Plo
libtool: compile:  g++ -std=gnu++17 -DHAVE_CONFIG_H -I. -I.. -pthread -DHAVE_PTHREAD=1 -DHAVE_ZLIB=1 -Wall -Wno-sign-compare -g -O2 -ffile-prefix-map=/build/r-base-rgGXCp/r-base-4.5.0=. -fstack-protector-strong -Wformat -Werror=format-security -Wdate-time -D_FORTIFY_SOURCE=2 -MT google/protobuf/duration.pb.lo -MD -MP -MF google/protobuf/.deps/duration.pb.Tpo -c google/protobuf/duration.pb.cc  -fPIC -DPIC -o google/protobuf/.libs/duration.pb.o
depbase=`echo google/protobuf/dynamic_message.lo | sed 's|[^/]*$|.deps/&|;s|\.lo$||'`;\
/bin/bash ../libtool  --tag=CXX   --mode=compile g++ -std=gnu++17 -DHAVE_CONFIG_H -I. -I..    -pthread -DHAVE_PTHREAD=1 -DHAVE_ZLIB=1 -Wall -Wno-sign-compare  -g -O2 -ffile-prefix-map=/build/r-base-rgGXCp/r-base-4.5.0=. -fstack-protector-strong -Wformat -Werror=format-security -Wdate-time -D_FORTIFY_SOURCE=2 -MT google/protobuf/dynamic_message.lo -MD -MP -MF $depbase.Tpo -c -o google/protobuf/dynamic_message.lo google/protobuf/dynamic_message.cc &&\
mv -f $depbase.Tpo $depbase.Plo
libtool: compile:  g++ -std=gnu++17 -DHAVE_CONFIG_H -I. -I.. -pthread -DHAVE_PTHREAD=1 -DHAVE_ZLIB=1 -Wall -Wno-sign-compare -g -O2 -ffile-prefix-map=/build/r-base-rgGXCp/r-base-4.5.0=. -fstack-protector-strong -Wformat -Werror=format-security -Wdate-time -D_FORTIFY_SOURCE=2 -MT google/protobuf/dynamic_message.lo -MD -MP -MF google/protobuf/.deps/dynamic_message.Tpo -c google/protobuf/dynamic_message.cc  -fPIC -DPIC -o google/protobuf/.libs/dynamic_message.o
depbase=`echo google/protobuf/empty.pb.lo | sed 's|[^/]*$|.deps/&|;s|\.lo$||'`;\
/bin/bash ../libtool  --tag=CXX   --mode=compile g++ -std=gnu++17 -DHAVE_CONFIG_H -I. -I..    -pthread -DHAVE_PTHREAD=1 -DHAVE_ZLIB=1 -Wall -Wno-sign-compare  -g -O2 -ffile-prefix-map=/build/r-base-rgGXCp/r-base-4.5.0=. -fstack-protector-strong -Wformat -Werror=format-security -Wdate-time -D_FORTIFY_SOURCE=2 -MT google/protobuf/empty.pb.lo -MD -MP -MF $depbase.Tpo -c -o google/protobuf/empty.pb.lo google/protobuf/empty.pb.cc &&\
mv -f $depbase.Tpo $depbase.Plo
libtool: compile:  g++ -std=gnu++17 -DHAVE_CONFIG_H -I. -I.. -pthread -DHAVE_PTHREAD=1 -DHAVE_ZLIB=1 -Wall -Wno-sign-compare -g -O2 -ffile-prefix-map=/build/r-base-rgGXCp/r-base-4.5.0=. -fstack-protector-strong -Wformat -Werror=format-security -Wdate-time -D_FORTIFY_SOURCE=2 -MT google/protobuf/empty.pb.lo -MD -MP -MF google/protobuf/.deps/empty.pb.Tpo -c google/protobuf/empty.pb.cc  -fPIC -DPIC -o google/protobuf/.libs/empty.pb.o
depbase=`echo google/protobuf/extension_set_heavy.lo | sed 's|[^/]*$|.deps/&|;s|\.lo$||'`;\
/bin/bash ../libtool  --tag=CXX   --mode=compile g++ -std=gnu++17 -DHAVE_CONFIG_H -I. -I..    -pthread -DHAVE_PTHREAD=1 -DHAVE_ZLIB=1 -Wall -Wno-sign-compare  -g -O2 -ffile-prefix-map=/build/r-base-rgGXCp/r-base-4.5.0=. -fstack-protector-strong -Wformat -Werror=format-security -Wdate-time -D_FORTIFY_SOURCE=2 -MT google/protobuf/extension_set_heavy.lo -MD -MP -MF $depbase.Tpo -c -o google/protobuf/extension_set_heavy.lo google/protobuf/extension_set_heavy.cc &&\
mv -f $depbase.Tpo $depbase.Plo
libtool: compile:  g++ -std=gnu++17 -DHAVE_CONFIG_H -I. -I.. -pthread -DHAVE_PTHREAD=1 -DHAVE_ZLIB=1 -Wall -Wno-sign-compare -g -O2 -ffile-prefix-map=/build/r-base-rgGXCp/r-base-4.5.0=. -fstack-protector-strong -Wformat -Werror=format-security -Wdate-time -D_FORTIFY_SOURCE=2 -MT google/protobuf/extension_set_heavy.lo -MD -MP -MF google/protobuf/.deps/extension_set_heavy.Tpo -c google/protobuf/extension_set_heavy.cc  -fPIC -DPIC -o google/protobuf/.libs/extension_set_heavy.o
depbase=`echo google/protobuf/field_mask.pb.lo | sed 's|[^/]*$|.deps/&|;s|\.lo$||'`;\
/bin/bash ../libtool  --tag=CXX   --mode=compile g++ -std=gnu++17 -DHAVE_CONFIG_H -I. -I..    -pthread -DHAVE_PTHREAD=1 -DHAVE_ZLIB=1 -Wall -Wno-sign-compare  -g -O2 -ffile-prefix-map=/build/r-base-rgGXCp/r-base-4.5.0=. -fstack-protector-strong -Wformat -Werror=format-security -Wdate-time -D_FORTIFY_SOURCE=2 -MT google/protobuf/field_mask.pb.lo -MD -MP -MF $depbase.Tpo -c -o google/protobuf/field_mask.pb.lo google/protobuf/field_mask.pb.cc &&\
mv -f $depbase.Tpo $depbase.Plo
libtool: compile:  g++ -std=gnu++17 -DHAVE_CONFIG_H -I. -I.. -pthread -DHAVE_PTHREAD=1 -DHAVE_ZLIB=1 -Wall -Wno-sign-compare -g -O2 -ffile-prefix-map=/build/r-base-rgGXCp/r-base-4.5.0=. -fstack-protector-strong -Wformat -Werror=format-security -Wdate-time -D_FORTIFY_SOURCE=2 -MT google/protobuf/field_mask.pb.lo -MD -MP -MF google/protobuf/.deps/field_mask.pb.Tpo -c google/protobuf/field_mask.pb.cc  -fPIC -DPIC -o google/protobuf/.libs/field_mask.pb.o
depbase=`echo google/protobuf/generated_message_reflection.lo | sed 's|[^/]*$|.deps/&|;s|\.lo$||'`;\
/bin/bash ../libtool  --tag=CXX   --mode=compile g++ -std=gnu++17 -DHAVE_CONFIG_H -I. -I..    -pthread -DHAVE_PTHREAD=1 -DHAVE_ZLIB=1 -Wall -Wno-sign-compare  -g -O2 -ffile-prefix-map=/build/r-base-rgGXCp/r-base-4.5.0=. -fstack-protector-strong -Wformat -Werror=format-security -Wdate-time -D_FORTIFY_SOURCE=2 -MT google/protobuf/generated_message_reflection.lo -MD -MP -MF $depbase.Tpo -c -o google/protobuf/generated_message_reflection.lo google/protobuf/generated_message_reflection.cc &&\
mv -f $depbase.Tpo $depbase.Plo
libtool: compile:  g++ -std=gnu++17 -DHAVE_CONFIG_H -I. -I.. -pthread -DHAVE_PTHREAD=1 -DHAVE_ZLIB=1 -Wall -Wno-sign-compare -g -O2 -ffile-prefix-map=/build/r-base-rgGXCp/r-base-4.5.0=. -fstack-protector-strong -Wformat -Werror=format-security -Wdate-time -D_FORTIFY_SOURCE=2 -MT google/protobuf/generated_message_reflection.lo -MD -MP -MF google/protobuf/.deps/generated_message_reflection.Tpo -c google/protobuf/generated_message_reflection.cc  -fPIC -DPIC -o google/protobuf/.libs/generated_message_reflection.o
depbase=`echo google/protobuf/generated_message_table_driven.lo | sed 's|[^/]*$|.deps/&|;s|\.lo$||'`;\
/bin/bash ../libtool  --tag=CXX   --mode=compile g++ -std=gnu++17 -DHAVE_CONFIG_H -I. -I..    -pthread -DHAVE_PTHREAD=1 -DHAVE_ZLIB=1 -Wall -Wno-sign-compare  -g -O2 -ffile-prefix-map=/build/r-base-rgGXCp/r-base-4.5.0=. -fstack-protector-strong -Wformat -Werror=format-security -Wdate-time -D_FORTIFY_SOURCE=2 -MT google/protobuf/generated_message_table_driven.lo -MD -MP -MF $depbase.Tpo -c -o google/protobuf/generated_message_table_driven.lo google/protobuf/generated_message_table_driven.cc &&\
mv -f $depbase.Tpo $depbase.Plo
libtool: compile:  g++ -std=gnu++17 -DHAVE_CONFIG_H -I. -I.. -pthread -DHAVE_PTHREAD=1 -DHAVE_ZLIB=1 -Wall -Wno-sign-compare -g -O2 -ffile-prefix-map=/build/r-base-rgGXCp/r-base-4.5.0=. -fstack-protector-strong -Wformat -Werror=format-security -Wdate-time -D_FORTIFY_SOURCE=2 -MT google/protobuf/generated_message_table_driven.lo -MD -MP -MF google/protobuf/.deps/generated_message_table_driven.Tpo -c google/protobuf/generated_message_table_driven.cc  -fPIC -DPIC -o google/protobuf/.libs/generated_message_table_driven.o
depbase=`echo google/protobuf/map_field.lo | sed 's|[^/]*$|.deps/&|;s|\.lo$||'`;\
/bin/bash ../libtool  --tag=CXX   --mode=compile g++ -std=gnu++17 -DHAVE_CONFIG_H -I. -I..    -pthread -DHAVE_PTHREAD=1 -DHAVE_ZLIB=1 -Wall -Wno-sign-compare  -g -O2 -ffile-prefix-map=/build/r-base-rgGXCp/r-base-4.5.0=. -fstack-protector-strong -Wformat -Werror=format-security -Wdate-time -D_FORTIFY_SOURCE=2 -MT google/protobuf/map_field.lo -MD -MP -MF $depbase.Tpo -c -o google/protobuf/map_field.lo google/protobuf/map_field.cc &&\
mv -f $depbase.Tpo $depbase.Plo
libtool: compile:  g++ -std=gnu++17 -DHAVE_CONFIG_H -I. -I.. -pthread -DHAVE_PTHREAD=1 -DHAVE_ZLIB=1 -Wall -Wno-sign-compare -g -O2 -ffile-prefix-map=/build/r-base-rgGXCp/r-base-4.5.0=. -fstack-protector-strong -Wformat -Werror=format-security -Wdate-time -D_FORTIFY_SOURCE=2 -MT google/protobuf/map_field.lo -MD -MP -MF google/protobuf/.deps/map_field.Tpo -c google/protobuf/map_field.cc  -fPIC -DPIC -o google/protobuf/.libs/map_field.o
depbase=`echo google/protobuf/message.lo | sed 's|[^/]*$|.deps/&|;s|\.lo$||'`;\
/bin/bash ../libtool  --tag=CXX   --mode=compile g++ -std=gnu++17 -DHAVE_CONFIG_H -I. -I..    -pthread -DHAVE_PTHREAD=1 -DHAVE_ZLIB=1 -Wall -Wno-sign-compare  -g -O2 -ffile-prefix-map=/build/r-base-rgGXCp/r-base-4.5.0=. -fstack-protector-strong -Wformat -Werror=format-security -Wdate-time -D_FORTIFY_SOURCE=2 -MT google/protobuf/message.lo -MD -MP -MF $depbase.Tpo -c -o google/protobuf/message.lo google/protobuf/message.cc &&\
mv -f $depbase.Tpo $depbase.Plo
libtool: compile:  g++ -std=gnu++17 -DHAVE_CONFIG_H -I. -I.. -pthread -DHAVE_PTHREAD=1 -DHAVE_ZLIB=1 -Wall -Wno-sign-compare -g -O2 -ffile-prefix-map=/build/r-base-rgGXCp/r-base-4.5.0=. -fstack-protector-strong -Wformat -Werror=format-security -Wdate-time -D_FORTIFY_SOURCE=2 -MT google/protobuf/message.lo -MD -MP -MF google/protobuf/.deps/message.Tpo -c google/protobuf/message.cc  -fPIC -DPIC -o google/protobuf/.libs/message.o
depbase=`echo google/protobuf/reflection_ops.lo | sed 's|[^/]*$|.deps/&|;s|\.lo$||'`;\
/bin/bash ../libtool  --tag=CXX   --mode=compile g++ -std=gnu++17 -DHAVE_CONFIG_H -I. -I..    -pthread -DHAVE_PTHREAD=1 -DHAVE_ZLIB=1 -Wall -Wno-sign-compare  -g -O2 -ffile-prefix-map=/build/r-base-rgGXCp/r-base-4.5.0=. -fstack-protector-strong -Wformat -Werror=format-security -Wdate-time -D_FORTIFY_SOURCE=2 -MT google/protobuf/reflection_ops.lo -MD -MP -MF $depbase.Tpo -c -o google/protobuf/reflection_ops.lo google/protobuf/reflection_ops.cc &&\
mv -f $depbase.Tpo $depbase.Plo
libtool: compile:  g++ -std=gnu++17 -DHAVE_CONFIG_H -I. -I.. -pthread -DHAVE_PTHREAD=1 -DHAVE_ZLIB=1 -Wall -Wno-sign-compare -g -O2 -ffile-prefix-map=/build/r-base-rgGXCp/r-base-4.5.0=. -fstack-protector-strong -Wformat -Werror=format-security -Wdate-time -D_FORTIFY_SOURCE=2 -MT google/protobuf/reflection_ops.lo -MD -MP -MF google/protobuf/.deps/reflection_ops.Tpo -c google/protobuf/reflection_ops.cc  -fPIC -DPIC -o google/protobuf/.libs/reflection_ops.o
depbase=`echo google/protobuf/service.lo | sed 's|[^/]*$|.deps/&|;s|\.lo$||'`;\
/bin/bash ../libtool  --tag=CXX   --mode=compile g++ -std=gnu++17 -DHAVE_CONFIG_H -I. -I..    -pthread -DHAVE_PTHREAD=1 -DHAVE_ZLIB=1 -Wall -Wno-sign-compare  -g -O2 -ffile-prefix-map=/build/r-base-rgGXCp/r-base-4.5.0=. -fstack-protector-strong -Wformat -Werror=format-security -Wdate-time -D_FORTIFY_SOURCE=2 -MT google/protobuf/service.lo -MD -MP -MF $depbase.Tpo -c -o google/protobuf/service.lo google/protobuf/service.cc &&\
mv -f $depbase.Tpo $depbase.Plo
libtool: compile:  g++ -std=gnu++17 -DHAVE_CONFIG_H -I. -I.. -pthread -DHAVE_PTHREAD=1 -DHAVE_ZLIB=1 -Wall -Wno-sign-compare -g -O2 -ffile-prefix-map=/build/r-base-rgGXCp/r-base-4.5.0=. -fstack-protector-strong -Wformat -Werror=format-security -Wdate-time -D_FORTIFY_SOURCE=2 -MT google/protobuf/service.lo -MD -MP -MF google/protobuf/.deps/service.Tpo -c google/protobuf/service.cc  -fPIC -DPIC -o google/protobuf/.libs/service.o
depbase=`echo google/protobuf/source_context.pb.lo | sed 's|[^/]*$|.deps/&|;s|\.lo$||'`;\
/bin/bash ../libtool  --tag=CXX   --mode=compile g++ -std=gnu++17 -DHAVE_CONFIG_H -I. -I..    -pthread -DHAVE_PTHREAD=1 -DHAVE_ZLIB=1 -Wall -Wno-sign-compare  -g -O2 -ffile-prefix-map=/build/r-base-rgGXCp/r-base-4.5.0=. -fstack-protector-strong -Wformat -Werror=format-security -Wdate-time -D_FORTIFY_SOURCE=2 -MT google/protobuf/source_context.pb.lo -MD -MP -MF $depbase.Tpo -c -o google/protobuf/source_context.pb.lo google/protobuf/source_context.pb.cc &&\
mv -f $depbase.Tpo $depbase.Plo
libtool: compile:  g++ -std=gnu++17 -DHAVE_CONFIG_H -I. -I.. -pthread -DHAVE_PTHREAD=1 -DHAVE_ZLIB=1 -Wall -Wno-sign-compare -g -O2 -ffile-prefix-map=/build/r-base-rgGXCp/r-base-4.5.0=. -fstack-protector-strong -Wformat -Werror=format-security -Wdate-time -D_FORTIFY_SOURCE=2 -MT google/protobuf/source_context.pb.lo -MD -MP -MF google/protobuf/.deps/source_context.pb.Tpo -c google/protobuf/source_context.pb.cc  -fPIC -DPIC -o google/protobuf/.libs/source_context.pb.o
depbase=`echo google/protobuf/struct.pb.lo | sed 's|[^/]*$|.deps/&|;s|\.lo$||'`;\
/bin/bash ../libtool  --tag=CXX   --mode=compile g++ -std=gnu++17 -DHAVE_CONFIG_H -I. -I..    -pthread -DHAVE_PTHREAD=1 -DHAVE_ZLIB=1 -Wall -Wno-sign-compare  -g -O2 -ffile-prefix-map=/build/r-base-rgGXCp/r-base-4.5.0=. -fstack-protector-strong -Wformat -Werror=format-security -Wdate-time -D_FORTIFY_SOURCE=2 -MT google/protobuf/struct.pb.lo -MD -MP -MF $depbase.Tpo -c -o google/protobuf/struct.pb.lo google/protobuf/struct.pb.cc &&\
mv -f $depbase.Tpo $depbase.Plo
libtool: compile:  g++ -std=gnu++17 -DHAVE_CONFIG_H -I. -I.. -pthread -DHAVE_PTHREAD=1 -DHAVE_ZLIB=1 -Wall -Wno-sign-compare -g -O2 -ffile-prefix-map=/build/r-base-rgGXCp/r-base-4.5.0=. -fstack-protector-strong -Wformat -Werror=format-security -Wdate-time -D_FORTIFY_SOURCE=2 -MT google/protobuf/struct.pb.lo -MD -MP -MF google/protobuf/.deps/struct.pb.Tpo -c google/protobuf/struct.pb.cc  -fPIC -DPIC -o google/protobuf/.libs/struct.pb.o
depbase=`echo google/protobuf/stubs/substitute.lo | sed 's|[^/]*$|.deps/&|;s|\.lo$||'`;\
/bin/bash ../libtool  --tag=CXX   --mode=compile g++ -std=gnu++17 -DHAVE_CONFIG_H -I. -I..    -pthread -DHAVE_PTHREAD=1 -DHAVE_ZLIB=1 -Wall -Wno-sign-compare  -g -O2 -ffile-prefix-map=/build/r-base-rgGXCp/r-base-4.5.0=. -fstack-protector-strong -Wformat -Werror=format-security -Wdate-time -D_FORTIFY_SOURCE=2 -MT google/protobuf/stubs/substitute.lo -MD -MP -MF $depbase.Tpo -c -o google/protobuf/stubs/substitute.lo google/protobuf/stubs/substitute.cc &&\
mv -f $depbase.Tpo $depbase.Plo
libtool: compile:  g++ -std=gnu++17 -DHAVE_CONFIG_H -I. -I.. -pthread -DHAVE_PTHREAD=1 -DHAVE_ZLIB=1 -Wall -Wno-sign-compare -g -O2 -ffile-prefix-map=/build/r-base-rgGXCp/r-base-4.5.0=. -fstack-protector-strong -Wformat -Werror=format-security -Wdate-time -D_FORTIFY_SOURCE=2 -MT google/protobuf/stubs/substitute.lo -MD -MP -MF google/protobuf/stubs/.deps/substitute.Tpo -c google/protobuf/stubs/substitute.cc  -fPIC -DPIC -o google/protobuf/stubs/.libs/substitute.o
depbase=`echo google/protobuf/text_format.lo | sed 's|[^/]*$|.deps/&|;s|\.lo$||'`;\
/bin/bash ../libtool  --tag=CXX   --mode=compile g++ -std=gnu++17 -DHAVE_CONFIG_H -I. -I..    -pthread -DHAVE_PTHREAD=1 -DHAVE_ZLIB=1 -Wall -Wno-sign-compare  -g -O2 -ffile-prefix-map=/build/r-base-rgGXCp/r-base-4.5.0=. -fstack-protector-strong -Wformat -Werror=format-security -Wdate-time -D_FORTIFY_SOURCE=2 -MT google/protobuf/text_format.lo -MD -MP -MF $depbase.Tpo -c -o google/protobuf/text_format.lo google/protobuf/text_format.cc &&\
mv -f $depbase.Tpo $depbase.Plo
libtool: compile:  g++ -std=gnu++17 -DHAVE_CONFIG_H -I. -I.. -pthread -DHAVE_PTHREAD=1 -DHAVE_ZLIB=1 -Wall -Wno-sign-compare -g -O2 -ffile-prefix-map=/build/r-base-rgGXCp/r-base-4.5.0=. -fstack-protector-strong -Wformat -Werror=format-security -Wdate-time -D_FORTIFY_SOURCE=2 -MT google/protobuf/text_format.lo -MD -MP -MF google/protobuf/.deps/text_format.Tpo -c google/protobuf/text_format.cc  -fPIC -DPIC -o google/protobuf/.libs/text_format.o
depbase=`echo google/protobuf/timestamp.pb.lo | sed 's|[^/]*$|.deps/&|;s|\.lo$||'`;\
/bin/bash ../libtool  --tag=CXX   --mode=compile g++ -std=gnu++17 -DHAVE_CONFIG_H -I. -I..    -pthread -DHAVE_PTHREAD=1 -DHAVE_ZLIB=1 -Wall -Wno-sign-compare  -g -O2 -ffile-prefix-map=/build/r-base-rgGXCp/r-base-4.5.0=. -fstack-protector-strong -Wformat -Werror=format-security -Wdate-time -D_FORTIFY_SOURCE=2 -MT google/protobuf/timestamp.pb.lo -MD -MP -MF $depbase.Tpo -c -o google/protobuf/timestamp.pb.lo google/protobuf/timestamp.pb.cc &&\
mv -f $depbase.Tpo $depbase.Plo
libtool: compile:  g++ -std=gnu++17 -DHAVE_CONFIG_H -I. -I.. -pthread -DHAVE_PTHREAD=1 -DHAVE_ZLIB=1 -Wall -Wno-sign-compare -g -O2 -ffile-prefix-map=/build/r-base-rgGXCp/r-base-4.5.0=. -fstack-protector-strong -Wformat -Werror=format-security -Wdate-time -D_FORTIFY_SOURCE=2 -MT google/protobuf/timestamp.pb.lo -MD -MP -MF google/protobuf/.deps/timestamp.pb.Tpo -c google/protobuf/timestamp.pb.cc  -fPIC -DPIC -o google/protobuf/.libs/timestamp.pb.o
depbase=`echo google/protobuf/type.pb.lo | sed 's|[^/]*$|.deps/&|;s|\.lo$||'`;\
/bin/bash ../libtool  --tag=CXX   --mode=compile g++ -std=gnu++17 -DHAVE_CONFIG_H -I. -I..    -pthread -DHAVE_PTHREAD=1 -DHAVE_ZLIB=1 -Wall -Wno-sign-compare  -g -O2 -ffile-prefix-map=/build/r-base-rgGXCp/r-base-4.5.0=. -fstack-protector-strong -Wformat -Werror=format-security -Wdate-time -D_FORTIFY_SOURCE=2 -MT google/protobuf/type.pb.lo -MD -MP -MF $depbase.Tpo -c -o google/protobuf/type.pb.lo google/protobuf/type.pb.cc &&\
mv -f $depbase.Tpo $depbase.Plo
libtool: compile:  g++ -std=gnu++17 -DHAVE_CONFIG_H -I. -I.. -pthread -DHAVE_PTHREAD=1 -DHAVE_ZLIB=1 -Wall -Wno-sign-compare -g -O2 -ffile-prefix-map=/build/r-base-rgGXCp/r-base-4.5.0=. -fstack-protector-strong -Wformat -Werror=format-security -Wdate-time -D_FORTIFY_SOURCE=2 -MT google/protobuf/type.pb.lo -MD -MP -MF google/protobuf/.deps/type.pb.Tpo -c google/protobuf/type.pb.cc  -fPIC -DPIC -o google/protobuf/.libs/type.pb.o
depbase=`echo google/protobuf/unknown_field_set.lo | sed 's|[^/]*$|.deps/&|;s|\.lo$||'`;\
/bin/bash ../libtool  --tag=CXX   --mode=compile g++ -std=gnu++17 -DHAVE_CONFIG_H -I. -I..    -pthread -DHAVE_PTHREAD=1 -DHAVE_ZLIB=1 -Wall -Wno-sign-compare  -g -O2 -ffile-prefix-map=/build/r-base-rgGXCp/r-base-4.5.0=. -fstack-protector-strong -Wformat -Werror=format-security -Wdate-time -D_FORTIFY_SOURCE=2 -MT google/protobuf/unknown_field_set.lo -MD -MP -MF $depbase.Tpo -c -o google/protobuf/unknown_field_set.lo google/protobuf/unknown_field_set.cc &&\
mv -f $depbase.Tpo $depbase.Plo
libtool: compile:  g++ -std=gnu++17 -DHAVE_CONFIG_H -I. -I.. -pthread -DHAVE_PTHREAD=1 -DHAVE_ZLIB=1 -Wall -Wno-sign-compare -g -O2 -ffile-prefix-map=/build/r-base-rgGXCp/r-base-4.5.0=. -fstack-protector-strong -Wformat -Werror=format-security -Wdate-time -D_FORTIFY_SOURCE=2 -MT google/protobuf/unknown_field_set.lo -MD -MP -MF google/protobuf/.deps/unknown_field_set.Tpo -c google/protobuf/unknown_field_set.cc  -fPIC -DPIC -o google/protobuf/.libs/unknown_field_set.o
depbase=`echo google/protobuf/wire_format.lo | sed 's|[^/]*$|.deps/&|;s|\.lo$||'`;\
/bin/bash ../libtool  --tag=CXX   --mode=compile g++ -std=gnu++17 -DHAVE_CONFIG_H -I. -I..    -pthread -DHAVE_PTHREAD=1 -DHAVE_ZLIB=1 -Wall -Wno-sign-compare  -g -O2 -ffile-prefix-map=/build/r-base-rgGXCp/r-base-4.5.0=. -fstack-protector-strong -Wformat -Werror=format-security -Wdate-time -D_FORTIFY_SOURCE=2 -MT google/protobuf/wire_format.lo -MD -MP -MF $depbase.Tpo -c -o google/protobuf/wire_format.lo google/protobuf/wire_format.cc &&\
mv -f $depbase.Tpo $depbase.Plo
libtool: compile:  g++ -std=gnu++17 -DHAVE_CONFIG_H -I. -I.. -pthread -DHAVE_PTHREAD=1 -DHAVE_ZLIB=1 -Wall -Wno-sign-compare -g -O2 -ffile-prefix-map=/build/r-base-rgGXCp/r-base-4.5.0=. -fstack-protector-strong -Wformat -Werror=format-security -Wdate-time -D_FORTIFY_SOURCE=2 -MT google/protobuf/wire_format.lo -MD -MP -MF google/protobuf/.deps/wire_format.Tpo -c google/protobuf/wire_format.cc  -fPIC -DPIC -o google/protobuf/.libs/wire_format.o
depbase=`echo google/protobuf/wrappers.pb.lo | sed 's|[^/]*$|.deps/&|;s|\.lo$||'`;\
/bin/bash ../libtool  --tag=CXX   --mode=compile g++ -std=gnu++17 -DHAVE_CONFIG_H -I. -I..    -pthread -DHAVE_PTHREAD=1 -DHAVE_ZLIB=1 -Wall -Wno-sign-compare  -g -O2 -ffile-prefix-map=/build/r-base-rgGXCp/r-base-4.5.0=. -fstack-protector-strong -Wformat -Werror=format-security -Wdate-time -D_FORTIFY_SOURCE=2 -MT google/protobuf/wrappers.pb.lo -MD -MP -MF $depbase.Tpo -c -o google/protobuf/wrappers.pb.lo google/protobuf/wrappers.pb.cc &&\
mv -f $depbase.Tpo $depbase.Plo
libtool: compile:  g++ -std=gnu++17 -DHAVE_CONFIG_H -I. -I.. -pthread -DHAVE_PTHREAD=1 -DHAVE_ZLIB=1 -Wall -Wno-sign-compare -g -O2 -ffile-prefix-map=/build/r-base-rgGXCp/r-base-4.5.0=. -fstack-protector-strong -Wformat -Werror=format-security -Wdate-time -D_FORTIFY_SOURCE=2 -MT google/protobuf/wrappers.pb.lo -MD -MP -MF google/protobuf/.deps/wrappers.pb.Tpo -c google/protobuf/wrappers.pb.cc  -fPIC -DPIC -o google/protobuf/.libs/wrappers.pb.o
depbase=`echo google/protobuf/io/gzip_stream.lo | sed 's|[^/]*$|.deps/&|;s|\.lo$||'`;\
/bin/bash ../libtool  --tag=CXX   --mode=compile g++ -std=gnu++17 -DHAVE_CONFIG_H -I. -I..    -pthread -DHAVE_PTHREAD=1 -DHAVE_ZLIB=1 -Wall -Wno-sign-compare  -g -O2 -ffile-prefix-map=/build/r-base-rgGXCp/r-base-4.5.0=. -fstack-protector-strong -Wformat -Werror=format-security -Wdate-time -D_FORTIFY_SOURCE=2 -MT google/protobuf/io/gzip_stream.lo -MD -MP -MF $depbase.Tpo -c -o google/protobuf/io/gzip_stream.lo google/protobuf/io/gzip_stream.cc &&\
mv -f $depbase.Tpo $depbase.Plo
libtool: compile:  g++ -std=gnu++17 -DHAVE_CONFIG_H -I. -I.. -pthread -DHAVE_PTHREAD=1 -DHAVE_ZLIB=1 -Wall -Wno-sign-compare -g -O2 -ffile-prefix-map=/build/r-base-rgGXCp/r-base-4.5.0=. -fstack-protector-strong -Wformat -Werror=format-security -Wdate-time -D_FORTIFY_SOURCE=2 -MT google/protobuf/io/gzip_stream.lo -MD -MP -MF google/protobuf/io/.deps/gzip_stream.Tpo -c google/protobuf/io/gzip_stream.cc  -fPIC -DPIC -o google/protobuf/io/.libs/gzip_stream.o
depbase=`echo google/protobuf/io/printer.lo | sed 's|[^/]*$|.deps/&|;s|\.lo$||'`;\
/bin/bash ../libtool  --tag=CXX   --mode=compile g++ -std=gnu++17 -DHAVE_CONFIG_H -I. -I..    -pthread -DHAVE_PTHREAD=1 -DHAVE_ZLIB=1 -Wall -Wno-sign-compare  -g -O2 -ffile-prefix-map=/build/r-base-rgGXCp/r-base-4.5.0=. -fstack-protector-strong -Wformat -Werror=format-security -Wdate-time -D_FORTIFY_SOURCE=2 -MT google/protobuf/io/printer.lo -MD -MP -MF $depbase.Tpo -c -o google/protobuf/io/printer.lo google/protobuf/io/printer.cc &&\
mv -f $depbase.Tpo $depbase.Plo
libtool: compile:  g++ -std=gnu++17 -DHAVE_CONFIG_H -I. -I.. -pthread -DHAVE_PTHREAD=1 -DHAVE_ZLIB=1 -Wall -Wno-sign-compare -g -O2 -ffile-prefix-map=/build/r-base-rgGXCp/r-base-4.5.0=. -fstack-protector-strong -Wformat -Werror=format-security -Wdate-time -D_FORTIFY_SOURCE=2 -MT google/protobuf/io/printer.lo -MD -MP -MF google/protobuf/io/.deps/printer.Tpo -c google/protobuf/io/printer.cc  -fPIC -DPIC -o google/protobuf/io/.libs/printer.o
depbase=`echo google/protobuf/io/tokenizer.lo | sed 's|[^/]*$|.deps/&|;s|\.lo$||'`;\
/bin/bash ../libtool  --tag=CXX   --mode=compile g++ -std=gnu++17 -DHAVE_CONFIG_H -I. -I..    -pthread -DHAVE_PTHREAD=1 -DHAVE_ZLIB=1 -Wall -Wno-sign-compare  -g -O2 -ffile-prefix-map=/build/r-base-rgGXCp/r-base-4.5.0=. -fstack-protector-strong -Wformat -Werror=format-security -Wdate-time -D_FORTIFY_SOURCE=2 -MT google/protobuf/io/tokenizer.lo -MD -MP -MF $depbase.Tpo -c -o google/protobuf/io/tokenizer.lo google/protobuf/io/tokenizer.cc &&\
mv -f $depbase.Tpo $depbase.Plo
libtool: compile:  g++ -std=gnu++17 -DHAVE_CONFIG_H -I. -I.. -pthread -DHAVE_PTHREAD=1 -DHAVE_ZLIB=1 -Wall -Wno-sign-compare -g -O2 -ffile-prefix-map=/build/r-base-rgGXCp/r-base-4.5.0=. -fstack-protector-strong -Wformat -Werror=format-security -Wdate-time -D_FORTIFY_SOURCE=2 -MT google/protobuf/io/tokenizer.lo -MD -MP -MF google/protobuf/io/.deps/tokenizer.Tpo -c google/protobuf/io/tokenizer.cc  -fPIC -DPIC -o google/protobuf/io/.libs/tokenizer.o
depbase=`echo google/protobuf/io/zero_copy_stream_impl.lo | sed 's|[^/]*$|.deps/&|;s|\.lo$||'`;\
/bin/bash ../libtool  --tag=CXX   --mode=compile g++ -std=gnu++17 -DHAVE_CONFIG_H -I. -I..    -pthread -DHAVE_PTHREAD=1 -DHAVE_ZLIB=1 -Wall -Wno-sign-compare  -g -O2 -ffile-prefix-map=/build/r-base-rgGXCp/r-base-4.5.0=. -fstack-protector-strong -Wformat -Werror=format-security -Wdate-time -D_FORTIFY_SOURCE=2 -MT google/protobuf/io/zero_copy_stream_impl.lo -MD -MP -MF $depbase.Tpo -c -o google/protobuf/io/zero_copy_stream_impl.lo google/protobuf/io/zero_copy_stream_impl.cc &&\
mv -f $depbase.Tpo $depbase.Plo
libtool: compile:  g++ -std=gnu++17 -DHAVE_CONFIG_H -I. -I.. -pthread -DHAVE_PTHREAD=1 -DHAVE_ZLIB=1 -Wall -Wno-sign-compare -g -O2 -ffile-prefix-map=/build/r-base-rgGXCp/r-base-4.5.0=. -fstack-protector-strong -Wformat -Werror=format-security -Wdate-time -D_FORTIFY_SOURCE=2 -MT google/protobuf/io/zero_copy_stream_impl.lo -MD -MP -MF google/protobuf/io/.deps/zero_copy_stream_impl.Tpo -c google/protobuf/io/zero_copy_stream_impl.cc  -fPIC -DPIC -o google/protobuf/io/.libs/zero_copy_stream_impl.o
depbase=`echo google/protobuf/compiler/importer.lo | sed 's|[^/]*$|.deps/&|;s|\.lo$||'`;\
/bin/bash ../libtool  --tag=CXX   --mode=compile g++ -std=gnu++17 -DHAVE_CONFIG_H -I. -I..    -pthread -DHAVE_PTHREAD=1 -DHAVE_ZLIB=1 -Wall -Wno-sign-compare  -g -O2 -ffile-prefix-map=/build/r-base-rgGXCp/r-base-4.5.0=. -fstack-protector-strong -Wformat -Werror=format-security -Wdate-time -D_FORTIFY_SOURCE=2 -MT google/protobuf/compiler/importer.lo -MD -MP -MF $depbase.Tpo -c -o google/protobuf/compiler/importer.lo google/protobuf/compiler/importer.cc &&\
mv -f $depbase.Tpo $depbase.Plo
libtool: compile:  g++ -std=gnu++17 -DHAVE_CONFIG_H -I. -I.. -pthread -DHAVE_PTHREAD=1 -DHAVE_ZLIB=1 -Wall -Wno-sign-compare -g -O2 -ffile-prefix-map=/build/r-base-rgGXCp/r-base-4.5.0=. -fstack-protector-strong -Wformat -Werror=format-security -Wdate-time -D_FORTIFY_SOURCE=2 -MT google/protobuf/compiler/importer.lo -MD -MP -MF google/protobuf/compiler/.deps/importer.Tpo -c google/protobuf/compiler/importer.cc  -fPIC -DPIC -o google/protobuf/compiler/.libs/importer.o
depbase=`echo google/protobuf/compiler/parser.lo | sed 's|[^/]*$|.deps/&|;s|\.lo$||'`;\
/bin/bash ../libtool  --tag=CXX   --mode=compile g++ -std=gnu++17 -DHAVE_CONFIG_H -I. -I..    -pthread -DHAVE_PTHREAD=1 -DHAVE_ZLIB=1 -Wall -Wno-sign-compare  -g -O2 -ffile-prefix-map=/build/r-base-rgGXCp/r-base-4.5.0=. -fstack-protector-strong -Wformat -Werror=format-security -Wdate-time -D_FORTIFY_SOURCE=2 -MT google/protobuf/compiler/parser.lo -MD -MP -MF $depbase.Tpo -c -o google/protobuf/compiler/parser.lo google/protobuf/compiler/parser.cc &&\
mv -f $depbase.Tpo $depbase.Plo
libtool: compile:  g++ -std=gnu++17 -DHAVE_CONFIG_H -I. -I.. -pthread -DHAVE_PTHREAD=1 -DHAVE_ZLIB=1 -Wall -Wno-sign-compare -g -O2 -ffile-prefix-map=/build/r-base-rgGXCp/r-base-4.5.0=. -fstack-protector-strong -Wformat -Werror=format-security -Wdate-time -D_FORTIFY_SOURCE=2 -MT google/protobuf/compiler/parser.lo -MD -MP -MF google/protobuf/compiler/.deps/parser.Tpo -c google/protobuf/compiler/parser.cc  -fPIC -DPIC -o google/protobuf/compiler/.libs/parser.o
depbase=`echo google/protobuf/util/delimited_message_util.lo | sed 's|[^/]*$|.deps/&|;s|\.lo$||'`;\
/bin/bash ../libtool  --tag=CXX   --mode=compile g++ -std=gnu++17 -DHAVE_CONFIG_H -I. -I..    -pthread -DHAVE_PTHREAD=1 -DHAVE_ZLIB=1 -Wall -Wno-sign-compare  -g -O2 -ffile-prefix-map=/build/r-base-rgGXCp/r-base-4.5.0=. -fstack-protector-strong -Wformat -Werror=format-security -Wdate-time -D_FORTIFY_SOURCE=2 -MT google/protobuf/util/delimited_message_util.lo -MD -MP -MF $depbase.Tpo -c -o google/protobuf/util/delimited_message_util.lo google/protobuf/util/delimited_message_util.cc &&\
mv -f $depbase.Tpo $depbase.Plo
libtool: compile:  g++ -std=gnu++17 -DHAVE_CONFIG_H -I. -I.. -pthread -DHAVE_PTHREAD=1 -DHAVE_ZLIB=1 -Wall -Wno-sign-compare -g -O2 -ffile-prefix-map=/build/r-base-rgGXCp/r-base-4.5.0=. -fstack-protector-strong -Wformat -Werror=format-security -Wdate-time -D_FORTIFY_SOURCE=2 -MT google/protobuf/util/delimited_message_util.lo -MD -MP -MF google/protobuf/util/.deps/delimited_message_util.Tpo -c google/protobuf/util/delimited_message_util.cc  -fPIC -DPIC -o google/protobuf/util/.libs/delimited_message_util.o
depbase=`echo google/protobuf/util/field_comparator.lo | sed 's|[^/]*$|.deps/&|;s|\.lo$||'`;\
/bin/bash ../libtool  --tag=CXX   --mode=compile g++ -std=gnu++17 -DHAVE_CONFIG_H -I. -I..    -pthread -DHAVE_PTHREAD=1 -DHAVE_ZLIB=1 -Wall -Wno-sign-compare  -g -O2 -ffile-prefix-map=/build/r-base-rgGXCp/r-base-4.5.0=. -fstack-protector-strong -Wformat -Werror=format-security -Wdate-time -D_FORTIFY_SOURCE=2 -MT google/protobuf/util/field_comparator.lo -MD -MP -MF $depbase.Tpo -c -o google/protobuf/util/field_comparator.lo google/protobuf/util/field_comparator.cc &&\
mv -f $depbase.Tpo $depbase.Plo
libtool: compile:  g++ -std=gnu++17 -DHAVE_CONFIG_H -I. -I.. -pthread -DHAVE_PTHREAD=1 -DHAVE_ZLIB=1 -Wall -Wno-sign-compare -g -O2 -ffile-prefix-map=/build/r-base-rgGXCp/r-base-4.5.0=. -fstack-protector-strong -Wformat -Werror=format-security -Wdate-time -D_FORTIFY_SOURCE=2 -MT google/protobuf/util/field_comparator.lo -MD -MP -MF google/protobuf/util/.deps/field_comparator.Tpo -c google/protobuf/util/field_comparator.cc  -fPIC -DPIC -o google/protobuf/util/.libs/field_comparator.o
depbase=`echo google/protobuf/util/field_mask_util.lo | sed 's|[^/]*$|.deps/&|;s|\.lo$||'`;\
/bin/bash ../libtool  --tag=CXX   --mode=compile g++ -std=gnu++17 -DHAVE_CONFIG_H -I. -I..    -pthread -DHAVE_PTHREAD=1 -DHAVE_ZLIB=1 -Wall -Wno-sign-compare  -g -O2 -ffile-prefix-map=/build/r-base-rgGXCp/r-base-4.5.0=. -fstack-protector-strong -Wformat -Werror=format-security -Wdate-time -D_FORTIFY_SOURCE=2 -MT google/protobuf/util/field_mask_util.lo -MD -MP -MF $depbase.Tpo -c -o google/protobuf/util/field_mask_util.lo google/protobuf/util/field_mask_util.cc &&\
mv -f $depbase.Tpo $depbase.Plo
libtool: compile:  g++ -std=gnu++17 -DHAVE_CONFIG_H -I. -I.. -pthread -DHAVE_PTHREAD=1 -DHAVE_ZLIB=1 -Wall -Wno-sign-compare -g -O2 -ffile-prefix-map=/build/r-base-rgGXCp/r-base-4.5.0=. -fstack-protector-strong -Wformat -Werror=format-security -Wdate-time -D_FORTIFY_SOURCE=2 -MT google/protobuf/util/field_mask_util.lo -MD -MP -MF google/protobuf/util/.deps/field_mask_util.Tpo -c google/protobuf/util/field_mask_util.cc  -fPIC -DPIC -o google/protobuf/util/.libs/field_mask_util.o
depbase=`echo google/protobuf/util/internal/datapiece.lo | sed 's|[^/]*$|.deps/&|;s|\.lo$||'`;\
/bin/bash ../libtool  --tag=CXX   --mode=compile g++ -std=gnu++17 -DHAVE_CONFIG_H -I. -I..    -pthread -DHAVE_PTHREAD=1 -DHAVE_ZLIB=1 -Wall -Wno-sign-compare  -g -O2 -ffile-prefix-map=/build/r-base-rgGXCp/r-base-4.5.0=. -fstack-protector-strong -Wformat -Werror=format-security -Wdate-time -D_FORTIFY_SOURCE=2 -MT google/protobuf/util/internal/datapiece.lo -MD -MP -MF $depbase.Tpo -c -o google/protobuf/util/internal/datapiece.lo google/protobuf/util/internal/datapiece.cc &&\
mv -f $depbase.Tpo $depbase.Plo
libtool: compile:  g++ -std=gnu++17 -DHAVE_CONFIG_H -I. -I.. -pthread -DHAVE_PTHREAD=1 -DHAVE_ZLIB=1 -Wall -Wno-sign-compare -g -O2 -ffile-prefix-map=/build/r-base-rgGXCp/r-base-4.5.0=. -fstack-protector-strong -Wformat -Werror=format-security -Wdate-time -D_FORTIFY_SOURCE=2 -MT google/protobuf/util/internal/datapiece.lo -MD -MP -MF google/protobuf/util/internal/.deps/datapiece.Tpo -c google/protobuf/util/internal/datapiece.cc  -fPIC -DPIC -o google/protobuf/util/internal/.libs/datapiece.o
depbase=`echo google/protobuf/util/internal/default_value_objectwriter.lo | sed 's|[^/]*$|.deps/&|;s|\.lo$||'`;\
/bin/bash ../libtool  --tag=CXX   --mode=compile g++ -std=gnu++17 -DHAVE_CONFIG_H -I. -I..    -pthread -DHAVE_PTHREAD=1 -DHAVE_ZLIB=1 -Wall -Wno-sign-compare  -g -O2 -ffile-prefix-map=/build/r-base-rgGXCp/r-base-4.5.0=. -fstack-protector-strong -Wformat -Werror=format-security -Wdate-time -D_FORTIFY_SOURCE=2 -MT google/protobuf/util/internal/default_value_objectwriter.lo -MD -MP -MF $depbase.Tpo -c -o google/protobuf/util/internal/default_value_objectwriter.lo google/protobuf/util/internal/default_value_objectwriter.cc &&\
mv -f $depbase.Tpo $depbase.Plo
libtool: compile:  g++ -std=gnu++17 -DHAVE_CONFIG_H -I. -I.. -pthread -DHAVE_PTHREAD=1 -DHAVE_ZLIB=1 -Wall -Wno-sign-compare -g -O2 -ffile-prefix-map=/build/r-base-rgGXCp/r-base-4.5.0=. -fstack-protector-strong -Wformat -Werror=format-security -Wdate-time -D_FORTIFY_SOURCE=2 -MT google/protobuf/util/internal/default_value_objectwriter.lo -MD -MP -MF google/protobuf/util/internal/.deps/default_value_objectwriter.Tpo -c google/protobuf/util/internal/default_value_objectwriter.cc  -fPIC -DPIC -o google/protobuf/util/internal/.libs/default_value_objectwriter.o
depbase=`echo google/protobuf/util/internal/error_listener.lo | sed 's|[^/]*$|.deps/&|;s|\.lo$||'`;\
/bin/bash ../libtool  --tag=CXX   --mode=compile g++ -std=gnu++17 -DHAVE_CONFIG_H -I. -I..    -pthread -DHAVE_PTHREAD=1 -DHAVE_ZLIB=1 -Wall -Wno-sign-compare  -g -O2 -ffile-prefix-map=/build/r-base-rgGXCp/r-base-4.5.0=. -fstack-protector-strong -Wformat -Werror=format-security -Wdate-time -D_FORTIFY_SOURCE=2 -MT google/protobuf/util/internal/error_listener.lo -MD -MP -MF $depbase.Tpo -c -o google/protobuf/util/internal/error_listener.lo google/protobuf/util/internal/error_listener.cc &&\
mv -f $depbase.Tpo $depbase.Plo
libtool: compile:  g++ -std=gnu++17 -DHAVE_CONFIG_H -I. -I.. -pthread -DHAVE_PTHREAD=1 -DHAVE_ZLIB=1 -Wall -Wno-sign-compare -g -O2 -ffile-prefix-map=/build/r-base-rgGXCp/r-base-4.5.0=. -fstack-protector-strong -Wformat -Werror=format-security -Wdate-time -D_FORTIFY_SOURCE=2 -MT google/protobuf/util/internal/error_listener.lo -MD -MP -MF google/protobuf/util/internal/.deps/error_listener.Tpo -c google/protobuf/util/internal/error_listener.cc  -fPIC -DPIC -o google/protobuf/util/internal/.libs/error_listener.o
depbase=`echo google/protobuf/util/internal/field_mask_utility.lo | sed 's|[^/]*$|.deps/&|;s|\.lo$||'`;\
/bin/bash ../libtool  --tag=CXX   --mode=compile g++ -std=gnu++17 -DHAVE_CONFIG_H -I. -I..    -pthread -DHAVE_PTHREAD=1 -DHAVE_ZLIB=1 -Wall -Wno-sign-compare  -g -O2 -ffile-prefix-map=/build/r-base-rgGXCp/r-base-4.5.0=. -fstack-protector-strong -Wformat -Werror=format-security -Wdate-time -D_FORTIFY_SOURCE=2 -MT google/protobuf/util/internal/field_mask_utility.lo -MD -MP -MF $depbase.Tpo -c -o google/protobuf/util/internal/field_mask_utility.lo google/protobuf/util/internal/field_mask_utility.cc &&\
mv -f $depbase.Tpo $depbase.Plo
libtool: compile:  g++ -std=gnu++17 -DHAVE_CONFIG_H -I. -I.. -pthread -DHAVE_PTHREAD=1 -DHAVE_ZLIB=1 -Wall -Wno-sign-compare -g -O2 -ffile-prefix-map=/build/r-base-rgGXCp/r-base-4.5.0=. -fstack-protector-strong -Wformat -Werror=format-security -Wdate-time -D_FORTIFY_SOURCE=2 -MT google/protobuf/util/internal/field_mask_utility.lo -MD -MP -MF google/protobuf/util/internal/.deps/field_mask_utility.Tpo -c google/protobuf/util/internal/field_mask_utility.cc  -fPIC -DPIC -o google/protobuf/util/internal/.libs/field_mask_utility.o
depbase=`echo google/protobuf/util/internal/json_escaping.lo | sed 's|[^/]*$|.deps/&|;s|\.lo$||'`;\
/bin/bash ../libtool  --tag=CXX   --mode=compile g++ -std=gnu++17 -DHAVE_CONFIG_H -I. -I..    -pthread -DHAVE_PTHREAD=1 -DHAVE_ZLIB=1 -Wall -Wno-sign-compare  -g -O2 -ffile-prefix-map=/build/r-base-rgGXCp/r-base-4.5.0=. -fstack-protector-strong -Wformat -Werror=format-security -Wdate-time -D_FORTIFY_SOURCE=2 -MT google/protobuf/util/internal/json_escaping.lo -MD -MP -MF $depbase.Tpo -c -o google/protobuf/util/internal/json_escaping.lo google/protobuf/util/internal/json_escaping.cc &&\
mv -f $depbase.Tpo $depbase.Plo
libtool: compile:  g++ -std=gnu++17 -DHAVE_CONFIG_H -I. -I.. -pthread -DHAVE_PTHREAD=1 -DHAVE_ZLIB=1 -Wall -Wno-sign-compare -g -O2 -ffile-prefix-map=/build/r-base-rgGXCp/r-base-4.5.0=. -fstack-protector-strong -Wformat -Werror=format-security -Wdate-time -D_FORTIFY_SOURCE=2 -MT google/protobuf/util/internal/json_escaping.lo -MD -MP -MF google/protobuf/util/internal/.deps/json_escaping.Tpo -c google/protobuf/util/internal/json_escaping.cc  -fPIC -DPIC -o google/protobuf/util/internal/.libs/json_escaping.o
depbase=`echo google/protobuf/util/internal/json_objectwriter.lo | sed 's|[^/]*$|.deps/&|;s|\.lo$||'`;\
/bin/bash ../libtool  --tag=CXX   --mode=compile g++ -std=gnu++17 -DHAVE_CONFIG_H -I. -I..    -pthread -DHAVE_PTHREAD=1 -DHAVE_ZLIB=1 -Wall -Wno-sign-compare  -g -O2 -ffile-prefix-map=/build/r-base-rgGXCp/r-base-4.5.0=. -fstack-protector-strong -Wformat -Werror=format-security -Wdate-time -D_FORTIFY_SOURCE=2 -MT google/protobuf/util/internal/json_objectwriter.lo -MD -MP -MF $depbase.Tpo -c -o google/protobuf/util/internal/json_objectwriter.lo google/protobuf/util/internal/json_objectwriter.cc &&\
mv -f $depbase.Tpo $depbase.Plo
libtool: compile:  g++ -std=gnu++17 -DHAVE_CONFIG_H -I. -I.. -pthread -DHAVE_PTHREAD=1 -DHAVE_ZLIB=1 -Wall -Wno-sign-compare -g -O2 -ffile-prefix-map=/build/r-base-rgGXCp/r-base-4.5.0=. -fstack-protector-strong -Wformat -Werror=format-security -Wdate-time -D_FORTIFY_SOURCE=2 -MT google/protobuf/util/internal/json_objectwriter.lo -MD -MP -MF google/protobuf/util/internal/.deps/json_objectwriter.Tpo -c google/protobuf/util/internal/json_objectwriter.cc  -fPIC -DPIC -o google/protobuf/util/internal/.libs/json_objectwriter.o
depbase=`echo google/protobuf/util/internal/json_stream_parser.lo | sed 's|[^/]*$|.deps/&|;s|\.lo$||'`;\
/bin/bash ../libtool  --tag=CXX   --mode=compile g++ -std=gnu++17 -DHAVE_CONFIG_H -I. -I..    -pthread -DHAVE_PTHREAD=1 -DHAVE_ZLIB=1 -Wall -Wno-sign-compare  -g -O2 -ffile-prefix-map=/build/r-base-rgGXCp/r-base-4.5.0=. -fstack-protector-strong -Wformat -Werror=format-security -Wdate-time -D_FORTIFY_SOURCE=2 -MT google/protobuf/util/internal/json_stream_parser.lo -MD -MP -MF $depbase.Tpo -c -o google/protobuf/util/internal/json_stream_parser.lo google/protobuf/util/internal/json_stream_parser.cc &&\
mv -f $depbase.Tpo $depbase.Plo
libtool: compile:  g++ -std=gnu++17 -DHAVE_CONFIG_H -I. -I.. -pthread -DHAVE_PTHREAD=1 -DHAVE_ZLIB=1 -Wall -Wno-sign-compare -g -O2 -ffile-prefix-map=/build/r-base-rgGXCp/r-base-4.5.0=. -fstack-protector-strong -Wformat -Werror=format-security -Wdate-time -D_FORTIFY_SOURCE=2 -MT google/protobuf/util/internal/json_stream_parser.lo -MD -MP -MF google/protobuf/util/internal/.deps/json_stream_parser.Tpo -c google/protobuf/util/internal/json_stream_parser.cc  -fPIC -DPIC -o google/protobuf/util/internal/.libs/json_stream_parser.o
depbase=`echo google/protobuf/util/internal/object_writer.lo | sed 's|[^/]*$|.deps/&|;s|\.lo$||'`;\
/bin/bash ../libtool  --tag=CXX   --mode=compile g++ -std=gnu++17 -DHAVE_CONFIG_H -I. -I..    -pthread -DHAVE_PTHREAD=1 -DHAVE_ZLIB=1 -Wall -Wno-sign-compare  -g -O2 -ffile-prefix-map=/build/r-base-rgGXCp/r-base-4.5.0=. -fstack-protector-strong -Wformat -Werror=format-security -Wdate-time -D_FORTIFY_SOURCE=2 -MT google/protobuf/util/internal/object_writer.lo -MD -MP -MF $depbase.Tpo -c -o google/protobuf/util/internal/object_writer.lo google/protobuf/util/internal/object_writer.cc &&\
mv -f $depbase.Tpo $depbase.Plo
libtool: compile:  g++ -std=gnu++17 -DHAVE_CONFIG_H -I. -I.. -pthread -DHAVE_PTHREAD=1 -DHAVE_ZLIB=1 -Wall -Wno-sign-compare -g -O2 -ffile-prefix-map=/build/r-base-rgGXCp/r-base-4.5.0=. -fstack-protector-strong -Wformat -Werror=format-security -Wdate-time -D_FORTIFY_SOURCE=2 -MT google/protobuf/util/internal/object_writer.lo -MD -MP -MF google/protobuf/util/internal/.deps/object_writer.Tpo -c google/protobuf/util/internal/object_writer.cc  -fPIC -DPIC -o google/protobuf/util/internal/.libs/object_writer.o
depbase=`echo google/protobuf/util/internal/protostream_objectsource.lo | sed 's|[^/]*$|.deps/&|;s|\.lo$||'`;\
/bin/bash ../libtool  --tag=CXX   --mode=compile g++ -std=gnu++17 -DHAVE_CONFIG_H -I. -I..    -pthread -DHAVE_PTHREAD=1 -DHAVE_ZLIB=1 -Wall -Wno-sign-compare  -g -O2 -ffile-prefix-map=/build/r-base-rgGXCp/r-base-4.5.0=. -fstack-protector-strong -Wformat -Werror=format-security -Wdate-time -D_FORTIFY_SOURCE=2 -MT google/protobuf/util/internal/protostream_objectsource.lo -MD -MP -MF $depbase.Tpo -c -o google/protobuf/util/internal/protostream_objectsource.lo google/protobuf/util/internal/protostream_objectsource.cc &&\
mv -f $depbase.Tpo $depbase.Plo
libtool: compile:  g++ -std=gnu++17 -DHAVE_CONFIG_H -I. -I.. -pthread -DHAVE_PTHREAD=1 -DHAVE_ZLIB=1 -Wall -Wno-sign-compare -g -O2 -ffile-prefix-map=/build/r-base-rgGXCp/r-base-4.5.0=. -fstack-protector-strong -Wformat -Werror=format-security -Wdate-time -D_FORTIFY_SOURCE=2 -MT google/protobuf/util/internal/protostream_objectsource.lo -MD -MP -MF google/protobuf/util/internal/.deps/protostream_objectsource.Tpo -c google/protobuf/util/internal/protostream_objectsource.cc  -fPIC -DPIC -o google/protobuf/util/internal/.libs/protostream_objectsource.o
depbase=`echo google/protobuf/util/internal/protostream_objectwriter.lo | sed 's|[^/]*$|.deps/&|;s|\.lo$||'`;\
/bin/bash ../libtool  --tag=CXX   --mode=compile g++ -std=gnu++17 -DHAVE_CONFIG_H -I. -I..    -pthread -DHAVE_PTHREAD=1 -DHAVE_ZLIB=1 -Wall -Wno-sign-compare  -g -O2 -ffile-prefix-map=/build/r-base-rgGXCp/r-base-4.5.0=. -fstack-protector-strong -Wformat -Werror=format-security -Wdate-time -D_FORTIFY_SOURCE=2 -MT google/protobuf/util/internal/protostream_objectwriter.lo -MD -MP -MF $depbase.Tpo -c -o google/protobuf/util/internal/protostream_objectwriter.lo google/protobuf/util/internal/protostream_objectwriter.cc &&\
mv -f $depbase.Tpo $depbase.Plo
libtool: compile:  g++ -std=gnu++17 -DHAVE_CONFIG_H -I. -I.. -pthread -DHAVE_PTHREAD=1 -DHAVE_ZLIB=1 -Wall -Wno-sign-compare -g -O2 -ffile-prefix-map=/build/r-base-rgGXCp/r-base-4.5.0=. -fstack-protector-strong -Wformat -Werror=format-security -Wdate-time -D_FORTIFY_SOURCE=2 -MT google/protobuf/util/internal/protostream_objectwriter.lo -MD -MP -MF google/protobuf/util/internal/.deps/protostream_objectwriter.Tpo -c google/protobuf/util/internal/protostream_objectwriter.cc  -fPIC -DPIC -o google/protobuf/util/internal/.libs/protostream_objectwriter.o
depbase=`echo google/protobuf/util/internal/proto_writer.lo | sed 's|[^/]*$|.deps/&|;s|\.lo$||'`;\
/bin/bash ../libtool  --tag=CXX   --mode=compile g++ -std=gnu++17 -DHAVE_CONFIG_H -I. -I..    -pthread -DHAVE_PTHREAD=1 -DHAVE_ZLIB=1 -Wall -Wno-sign-compare  -g -O2 -ffile-prefix-map=/build/r-base-rgGXCp/r-base-4.5.0=. -fstack-protector-strong -Wformat -Werror=format-security -Wdate-time -D_FORTIFY_SOURCE=2 -MT google/protobuf/util/internal/proto_writer.lo -MD -MP -MF $depbase.Tpo -c -o google/protobuf/util/internal/proto_writer.lo google/protobuf/util/internal/proto_writer.cc &&\
mv -f $depbase.Tpo $depbase.Plo
libtool: compile:  g++ -std=gnu++17 -DHAVE_CONFIG_H -I. -I.. -pthread -DHAVE_PTHREAD=1 -DHAVE_ZLIB=1 -Wall -Wno-sign-compare -g -O2 -ffile-prefix-map=/build/r-base-rgGXCp/r-base-4.5.0=. -fstack-protector-strong -Wformat -Werror=format-security -Wdate-time -D_FORTIFY_SOURCE=2 -MT google/protobuf/util/internal/proto_writer.lo -MD -MP -MF google/protobuf/util/internal/.deps/proto_writer.Tpo -c google/protobuf/util/internal/proto_writer.cc  -fPIC -DPIC -o google/protobuf/util/internal/.libs/proto_writer.o
depbase=`echo google/protobuf/util/internal/type_info.lo | sed 's|[^/]*$|.deps/&|;s|\.lo$||'`;\
/bin/bash ../libtool  --tag=CXX   --mode=compile g++ -std=gnu++17 -DHAVE_CONFIG_H -I. -I..    -pthread -DHAVE_PTHREAD=1 -DHAVE_ZLIB=1 -Wall -Wno-sign-compare  -g -O2 -ffile-prefix-map=/build/r-base-rgGXCp/r-base-4.5.0=. -fstack-protector-strong -Wformat -Werror=format-security -Wdate-time -D_FORTIFY_SOURCE=2 -MT google/protobuf/util/internal/type_info.lo -MD -MP -MF $depbase.Tpo -c -o google/protobuf/util/internal/type_info.lo google/protobuf/util/internal/type_info.cc &&\
mv -f $depbase.Tpo $depbase.Plo
libtool: compile:  g++ -std=gnu++17 -DHAVE_CONFIG_H -I. -I.. -pthread -DHAVE_PTHREAD=1 -DHAVE_ZLIB=1 -Wall -Wno-sign-compare -g -O2 -ffile-prefix-map=/build/r-base-rgGXCp/r-base-4.5.0=. -fstack-protector-strong -Wformat -Werror=format-security -Wdate-time -D_FORTIFY_SOURCE=2 -MT google/protobuf/util/internal/type_info.lo -MD -MP -MF google/protobuf/util/internal/.deps/type_info.Tpo -c google/protobuf/util/internal/type_info.cc  -fPIC -DPIC -o google/protobuf/util/internal/.libs/type_info.o
depbase=`echo google/protobuf/util/internal/type_info_test_helper.lo | sed 's|[^/]*$|.deps/&|;s|\.lo$||'`;\
/bin/bash ../libtool  --tag=CXX   --mode=compile g++ -std=gnu++17 -DHAVE_CONFIG_H -I. -I..    -pthread -DHAVE_PTHREAD=1 -DHAVE_ZLIB=1 -Wall -Wno-sign-compare  -g -O2 -ffile-prefix-map=/build/r-base-rgGXCp/r-base-4.5.0=. -fstack-protector-strong -Wformat -Werror=format-security -Wdate-time -D_FORTIFY_SOURCE=2 -MT google/protobuf/util/internal/type_info_test_helper.lo -MD -MP -MF $depbase.Tpo -c -o google/protobuf/util/internal/type_info_test_helper.lo google/protobuf/util/internal/type_info_test_helper.cc &&\
mv -f $depbase.Tpo $depbase.Plo
libtool: compile:  g++ -std=gnu++17 -DHAVE_CONFIG_H -I. -I.. -pthread -DHAVE_PTHREAD=1 -DHAVE_ZLIB=1 -Wall -Wno-sign-compare -g -O2 -ffile-prefix-map=/build/r-base-rgGXCp/r-base-4.5.0=. -fstack-protector-strong -Wformat -Werror=format-security -Wdate-time -D_FORTIFY_SOURCE=2 -MT google/protobuf/util/internal/type_info_test_helper.lo -MD -MP -MF google/protobuf/util/internal/.deps/type_info_test_helper.Tpo -c google/protobuf/util/internal/type_info_test_helper.cc  -fPIC -DPIC -o google/protobuf/util/internal/.libs/type_info_test_helper.o
depbase=`echo google/protobuf/util/internal/utility.lo | sed 's|[^/]*$|.deps/&|;s|\.lo$||'`;\
/bin/bash ../libtool  --tag=CXX   --mode=compile g++ -std=gnu++17 -DHAVE_CONFIG_H -I. -I..    -pthread -DHAVE_PTHREAD=1 -DHAVE_ZLIB=1 -Wall -Wno-sign-compare  -g -O2 -ffile-prefix-map=/build/r-base-rgGXCp/r-base-4.5.0=. -fstack-protector-strong -Wformat -Werror=format-security -Wdate-time -D_FORTIFY_SOURCE=2 -MT google/protobuf/util/internal/utility.lo -MD -MP -MF $depbase.Tpo -c -o google/protobuf/util/internal/utility.lo google/protobuf/util/internal/utility.cc &&\
mv -f $depbase.Tpo $depbase.Plo
libtool: compile:  g++ -std=gnu++17 -DHAVE_CONFIG_H -I. -I.. -pthread -DHAVE_PTHREAD=1 -DHAVE_ZLIB=1 -Wall -Wno-sign-compare -g -O2 -ffile-prefix-map=/build/r-base-rgGXCp/r-base-4.5.0=. -fstack-protector-strong -Wformat -Werror=format-security -Wdate-time -D_FORTIFY_SOURCE=2 -MT google/protobuf/util/internal/utility.lo -MD -MP -MF google/protobuf/util/internal/.deps/utility.Tpo -c google/protobuf/util/internal/utility.cc  -fPIC -DPIC -o google/protobuf/util/internal/.libs/utility.o
depbase=`echo google/protobuf/util/json_util.lo | sed 's|[^/]*$|.deps/&|;s|\.lo$||'`;\
/bin/bash ../libtool  --tag=CXX   --mode=compile g++ -std=gnu++17 -DHAVE_CONFIG_H -I. -I..    -pthread -DHAVE_PTHREAD=1 -DHAVE_ZLIB=1 -Wall -Wno-sign-compare  -g -O2 -ffile-prefix-map=/build/r-base-rgGXCp/r-base-4.5.0=. -fstack-protector-strong -Wformat -Werror=format-security -Wdate-time -D_FORTIFY_SOURCE=2 -MT google/protobuf/util/json_util.lo -MD -MP -MF $depbase.Tpo -c -o google/protobuf/util/json_util.lo google/protobuf/util/json_util.cc &&\
mv -f $depbase.Tpo $depbase.Plo
libtool: compile:  g++ -std=gnu++17 -DHAVE_CONFIG_H -I. -I.. -pthread -DHAVE_PTHREAD=1 -DHAVE_ZLIB=1 -Wall -Wno-sign-compare -g -O2 -ffile-prefix-map=/build/r-base-rgGXCp/r-base-4.5.0=. -fstack-protector-strong -Wformat -Werror=format-security -Wdate-time -D_FORTIFY_SOURCE=2 -MT google/protobuf/util/json_util.lo -MD -MP -MF google/protobuf/util/.deps/json_util.Tpo -c google/protobuf/util/json_util.cc  -fPIC -DPIC -o google/protobuf/util/.libs/json_util.o
depbase=`echo google/protobuf/util/message_differencer.lo | sed 's|[^/]*$|.deps/&|;s|\.lo$||'`;\
/bin/bash ../libtool  --tag=CXX   --mode=compile g++ -std=gnu++17 -DHAVE_CONFIG_H -I. -I..    -pthread -DHAVE_PTHREAD=1 -DHAVE_ZLIB=1 -Wall -Wno-sign-compare  -g -O2 -ffile-prefix-map=/build/r-base-rgGXCp/r-base-4.5.0=. -fstack-protector-strong -Wformat -Werror=format-security -Wdate-time -D_FORTIFY_SOURCE=2 -MT google/protobuf/util/message_differencer.lo -MD -MP -MF $depbase.Tpo -c -o google/protobuf/util/message_differencer.lo google/protobuf/util/message_differencer.cc &&\
mv -f $depbase.Tpo $depbase.Plo
libtool: compile:  g++ -std=gnu++17 -DHAVE_CONFIG_H -I. -I.. -pthread -DHAVE_PTHREAD=1 -DHAVE_ZLIB=1 -Wall -Wno-sign-compare -g -O2 -ffile-prefix-map=/build/r-base-rgGXCp/r-base-4.5.0=. -fstack-protector-strong -Wformat -Werror=format-security -Wdate-time -D_FORTIFY_SOURCE=2 -MT google/protobuf/util/message_differencer.lo -MD -MP -MF google/protobuf/util/.deps/message_differencer.Tpo -c google/protobuf/util/message_differencer.cc  -fPIC -DPIC -o google/protobuf/util/.libs/message_differencer.o
depbase=`echo google/protobuf/util/time_util.lo | sed 's|[^/]*$|.deps/&|;s|\.lo$||'`;\
/bin/bash ../libtool  --tag=CXX   --mode=compile g++ -std=gnu++17 -DHAVE_CONFIG_H -I. -I..    -pthread -DHAVE_PTHREAD=1 -DHAVE_ZLIB=1 -Wall -Wno-sign-compare  -g -O2 -ffile-prefix-map=/build/r-base-rgGXCp/r-base-4.5.0=. -fstack-protector-strong -Wformat -Werror=format-security -Wdate-time -D_FORTIFY_SOURCE=2 -MT google/protobuf/util/time_util.lo -MD -MP -MF $depbase.Tpo -c -o google/protobuf/util/time_util.lo google/protobuf/util/time_util.cc &&\
mv -f $depbase.Tpo $depbase.Plo
libtool: compile:  g++ -std=gnu++17 -DHAVE_CONFIG_H -I. -I.. -pthread -DHAVE_PTHREAD=1 -DHAVE_ZLIB=1 -Wall -Wno-sign-compare -g -O2 -ffile-prefix-map=/build/r-base-rgGXCp/r-base-4.5.0=. -fstack-protector-strong -Wformat -Werror=format-security -Wdate-time -D_FORTIFY_SOURCE=2 -MT google/protobuf/util/time_util.lo -MD -MP -MF google/protobuf/util/.deps/time_util.Tpo -c google/protobuf/util/time_util.cc  -fPIC -DPIC -o google/protobuf/util/.libs/time_util.o
depbase=`echo google/protobuf/util/type_resolver_util.lo | sed 's|[^/]*$|.deps/&|;s|\.lo$||'`;\
/bin/bash ../libtool  --tag=CXX   --mode=compile g++ -std=gnu++17 -DHAVE_CONFIG_H -I. -I..    -pthread -DHAVE_PTHREAD=1 -DHAVE_ZLIB=1 -Wall -Wno-sign-compare  -g -O2 -ffile-prefix-map=/build/r-base-rgGXCp/r-base-4.5.0=. -fstack-protector-strong -Wformat -Werror=format-security -Wdate-time -D_FORTIFY_SOURCE=2 -MT google/protobuf/util/type_resolver_util.lo -MD -MP -MF $depbase.Tpo -c -o google/protobuf/util/type_resolver_util.lo google/protobuf/util/type_resolver_util.cc &&\
mv -f $depbase.Tpo $depbase.Plo
libtool: compile:  g++ -std=gnu++17 -DHAVE_CONFIG_H -I. -I.. -pthread -DHAVE_PTHREAD=1 -DHAVE_ZLIB=1 -Wall -Wno-sign-compare -g -O2 -ffile-prefix-map=/build/r-base-rgGXCp/r-base-4.5.0=. -fstack-protector-strong -Wformat -Werror=format-security -Wdate-time -D_FORTIFY_SOURCE=2 -MT google/protobuf/util/type_resolver_util.lo -MD -MP -MF google/protobuf/util/.deps/type_resolver_util.Tpo -c google/protobuf/util/type_resolver_util.cc  -fPIC -DPIC -o google/protobuf/util/.libs/type_resolver_util.o
/bin/bash ../libtool  --tag=CXX   --mode=link g++ -std=gnu++17 -pthread -DHAVE_PTHREAD=1 -DHAVE_ZLIB=1 -Wall -Wno-sign-compare  -g -O2 -ffile-prefix-map=/build/r-base-rgGXCp/r-base-4.5.0=. -fstack-protector-strong -Wformat -Werror=format-security -Wdate-time -D_FORTIFY_SOURCE=2 -version-info 19:0:0 -export-dynamic -no-undefined -Wl,--version-script=./libprotobuf.map -Wl,-Bsymbolic-functions -flto=auto -ffat-lto-objects -flto=auto -Wl,-z,relro -o libprotobuf.la -rpath /tmp/Rtmp2qsns7/R.INSTALL1205577ca0da/RProtoBufLib/src/pb_build/lib google/protobuf/stubs/bytestream.lo google/protobuf/stubs/common.lo google/protobuf/stubs/int128.lo google/protobuf/io/io_win32.lo google/protobuf/stubs/status.lo google/protobuf/stubs/statusor.lo google/protobuf/stubs/stringpiece.lo google/protobuf/stubs/stringprintf.lo google/protobuf/stubs/structurally_valid.lo google/protobuf/stubs/strutil.lo google/protobuf/stubs/time.lo google/protobuf/any_lite.lo google/protobuf/arena.lo google/protobuf/extension_set.lo google/protobuf/generated_message_util.lo google/protobuf/generated_message_table_driven_lite.lo google/protobuf/implicit_weak_message.lo google/protobuf/message_lite.lo google/protobuf/parse_context.lo google/protobuf/repeated_field.lo google/protobuf/wire_format_lite.lo google/protobuf/io/coded_stream.lo google/protobuf/io/strtod.lo google/protobuf/io/zero_copy_stream.lo google/protobuf/io/zero_copy_stream_impl_lite.lo google/protobuf/any.pb.lo google/protobuf/api.pb.lo google/protobuf/stubs/mathlimits.lo google/protobuf/any.lo google/protobuf/descriptor.lo google/protobuf/descriptor_database.lo google/protobuf/descriptor.pb.lo google/protobuf/duration.pb.lo google/protobuf/dynamic_message.lo google/protobuf/empty.pb.lo google/protobuf/extension_set_heavy.lo google/protobuf/field_mask.pb.lo google/protobuf/generated_message_reflection.lo google/protobuf/generated_message_table_driven.lo google/protobuf/map_field.lo google/protobuf/message.lo google/protobuf/reflection_ops.lo google/protobuf/service.lo google/protobuf/source_context.pb.lo google/protobuf/struct.pb.lo google/protobuf/stubs/substitute.lo google/protobuf/text_format.lo google/protobuf/timestamp.pb.lo google/protobuf/type.pb.lo google/protobuf/unknown_field_set.lo google/protobuf/wire_format.lo google/protobuf/wrappers.pb.lo google/protobuf/io/gzip_stream.lo google/protobuf/io/printer.lo google/protobuf/io/tokenizer.lo google/protobuf/io/zero_copy_stream_impl.lo google/protobuf/compiler/importer.lo google/protobuf/compiler/parser.lo google/protobuf/util/delimited_message_util.lo google/protobuf/util/field_comparator.lo google/protobuf/util/field_mask_util.lo google/protobuf/util/internal/datapiece.lo google/protobuf/util/internal/default_value_objectwriter.lo google/protobuf/util/internal/error_listener.lo google/protobuf/util/internal/field_mask_utility.lo google/protobuf/util/internal/json_escaping.lo google/protobuf/util/internal/json_objectwriter.lo google/protobuf/util/internal/json_stream_parser.lo google/protobuf/util/internal/object_writer.lo google/protobuf/util/internal/protostream_objectsource.lo google/protobuf/util/internal/protostream_objectwriter.lo google/protobuf/util/internal/proto_writer.lo google/protobuf/util/internal/type_info.lo google/protobuf/util/internal/type_info_test_helper.lo google/protobuf/util/internal/utility.lo google/protobuf/util/json_util.lo google/protobuf/util/message_differencer.lo google/protobuf/util/time_util.lo google/protobuf/util/type_resolver_util.lo    -lz 
libtool: link: g++ -std=gnu++17  -fPIC -DPIC -shared -nostdlib /usr/lib/gcc/x86_64-linux-gnu/11/../../../x86_64-linux-gnu/crti.o /usr/lib/gcc/x86_64-linux-gnu/11/crtbeginS.o  google/protobuf/stubs/.libs/bytestream.o google/protobuf/stubs/.libs/common.o google/protobuf/stubs/.libs/int128.o google/protobuf/io/.libs/io_win32.o google/protobuf/stubs/.libs/status.o google/protobuf/stubs/.libs/statusor.o google/protobuf/stubs/.libs/stringpiece.o google/protobuf/stubs/.libs/stringprintf.o google/protobuf/stubs/.libs/structurally_valid.o google/protobuf/stubs/.libs/strutil.o google/protobuf/stubs/.libs/time.o google/protobuf/.libs/any_lite.o google/protobuf/.libs/arena.o google/protobuf/.libs/extension_set.o google/protobuf/.libs/generated_message_util.o google/protobuf/.libs/generated_message_table_driven_lite.o google/protobuf/.libs/implicit_weak_message.o google/protobuf/.libs/message_lite.o google/protobuf/.libs/parse_context.o google/protobuf/.libs/repeated_field.o google/protobuf/.libs/wire_format_lite.o google/protobuf/io/.libs/coded_stream.o google/protobuf/io/.libs/strtod.o google/protobuf/io/.libs/zero_copy_stream.o google/protobuf/io/.libs/zero_copy_stream_impl_lite.o google/protobuf/.libs/any.pb.o google/protobuf/.libs/api.pb.o google/protobuf/stubs/.libs/mathlimits.o google/protobuf/.libs/any.o google/protobuf/.libs/descriptor.o google/protobuf/.libs/descriptor_database.o google/protobuf/.libs/descriptor.pb.o google/protobuf/.libs/duration.pb.o google/protobuf/.libs/dynamic_message.o google/protobuf/.libs/empty.pb.o google/protobuf/.libs/extension_set_heavy.o google/protobuf/.libs/field_mask.pb.o google/protobuf/.libs/generated_message_reflection.o google/protobuf/.libs/generated_message_table_driven.o google/protobuf/.libs/map_field.o google/protobuf/.libs/message.o google/protobuf/.libs/reflection_ops.o google/protobuf/.libs/service.o google/protobuf/.libs/source_context.pb.o google/protobuf/.libs/struct.pb.o google/protobuf/stubs/.libs/substitute.o google/protobuf/.libs/text_format.o google/protobuf/.libs/timestamp.pb.o google/protobuf/.libs/type.pb.o google/protobuf/.libs/unknown_field_set.o google/protobuf/.libs/wire_format.o google/protobuf/.libs/wrappers.pb.o google/protobuf/io/.libs/gzip_stream.o google/protobuf/io/.libs/printer.o google/protobuf/io/.libs/tokenizer.o google/protobuf/io/.libs/zero_copy_stream_impl.o google/protobuf/compiler/.libs/importer.o google/protobuf/compiler/.libs/parser.o google/protobuf/util/.libs/delimited_message_util.o google/protobuf/util/.libs/field_comparator.o google/protobuf/util/.libs/field_mask_util.o google/protobuf/util/internal/.libs/datapiece.o google/protobuf/util/internal/.libs/default_value_objectwriter.o google/protobuf/util/internal/.libs/error_listener.o google/protobuf/util/internal/.libs/field_mask_utility.o google/protobuf/util/internal/.libs/json_escaping.o google/protobuf/util/internal/.libs/json_objectwriter.o google/protobuf/util/internal/.libs/json_stream_parser.o google/protobuf/util/internal/.libs/object_writer.o google/protobuf/util/internal/.libs/protostream_objectsource.o google/protobuf/util/internal/.libs/protostream_objectwriter.o google/protobuf/util/internal/.libs/proto_writer.o google/protobuf/util/internal/.libs/type_info.o google/protobuf/util/internal/.libs/type_info_test_helper.o google/protobuf/util/internal/.libs/utility.o google/protobuf/util/.libs/json_util.o google/protobuf/util/.libs/message_differencer.o google/protobuf/util/.libs/time_util.o google/protobuf/util/.libs/type_resolver_util.o   -lz -L/usr/lib/gcc/x86_64-linux-gnu/11 -L/usr/lib/gcc/x86_64-linux-gnu/11/../../../x86_64-linux-gnu -L/usr/lib/gcc/x86_64-linux-gnu/11/../../../../lib -L/lib/x86_64-linux-gnu -L/lib/../lib -L/usr/lib/x86_64-linux-gnu -L/usr/lib/../lib -L/usr/local/cuda/lib64/stubs -L/usr/lib/gcc/x86_64-linux-gnu/11/../../.. -lstdc++ -lm -lc -lgcc_s /usr/lib/gcc/x86_64-linux-gnu/11/crtendS.o /usr/lib/gcc/x86_64-linux-gnu/11/../../../x86_64-linux-gnu/crtn.o  -pthread -g -O2 -fstack-protector-strong -Wl,--version-script=./libprotobuf.map -Wl,-Bsymbolic-functions -flto=auto -flto=auto -Wl,-z -Wl,relro   -pthread -Wl,-soname -Wl,libprotobuf.so.19 -o .libs/libprotobuf.so.19.0.0
libtool: link: (cd ".libs" && rm -f "libprotobuf.so.19" && ln -s "libprotobuf.so.19.0.0" "libprotobuf.so.19")
libtool: link: (cd ".libs" && rm -f "libprotobuf.so" && ln -s "libprotobuf.so.19.0.0" "libprotobuf.so")
libtool: link: ( cd ".libs" && rm -f "libprotobuf.la" && ln -s "../libprotobuf.la" "libprotobuf.la" )
depbase=`echo google/protobuf/compiler/code_generator.lo | sed 's|[^/]*$|.deps/&|;s|\.lo$||'`;\
/bin/bash ../libtool  --tag=CXX   --mode=compile g++ -std=gnu++17 -DHAVE_CONFIG_H -I. -I..    -pthread -DHAVE_PTHREAD=1 -DHAVE_ZLIB=1 -Wall -Wno-sign-compare  -g -O2 -ffile-prefix-map=/build/r-base-rgGXCp/r-base-4.5.0=. -fstack-protector-strong -Wformat -Werror=format-security -Wdate-time -D_FORTIFY_SOURCE=2 -MT google/protobuf/compiler/code_generator.lo -MD -MP -MF $depbase.Tpo -c -o google/protobuf/compiler/code_generator.lo google/protobuf/compiler/code_generator.cc &&\
mv -f $depbase.Tpo $depbase.Plo
libtool: compile:  g++ -std=gnu++17 -DHAVE_CONFIG_H -I. -I.. -pthread -DHAVE_PTHREAD=1 -DHAVE_ZLIB=1 -Wall -Wno-sign-compare -g -O2 -ffile-prefix-map=/build/r-base-rgGXCp/r-base-4.5.0=. -fstack-protector-strong -Wformat -Werror=format-security -Wdate-time -D_FORTIFY_SOURCE=2 -MT google/protobuf/compiler/code_generator.lo -MD -MP -MF google/protobuf/compiler/.deps/code_generator.Tpo -c google/protobuf/compiler/code_generator.cc  -fPIC -DPIC -o google/protobuf/compiler/.libs/code_generator.o
depbase=`echo google/protobuf/compiler/command_line_interface.lo | sed 's|[^/]*$|.deps/&|;s|\.lo$||'`;\
/bin/bash ../libtool  --tag=CXX   --mode=compile g++ -std=gnu++17 -DHAVE_CONFIG_H -I. -I..    -pthread -DHAVE_PTHREAD=1 -DHAVE_ZLIB=1 -Wall -Wno-sign-compare  -g -O2 -ffile-prefix-map=/build/r-base-rgGXCp/r-base-4.5.0=. -fstack-protector-strong -Wformat -Werror=format-security -Wdate-time -D_FORTIFY_SOURCE=2 -MT google/protobuf/compiler/command_line_interface.lo -MD -MP -MF $depbase.Tpo -c -o google/protobuf/compiler/command_line_interface.lo google/protobuf/compiler/command_line_interface.cc &&\
mv -f $depbase.Tpo $depbase.Plo
libtool: compile:  g++ -std=gnu++17 -DHAVE_CONFIG_H -I. -I.. -pthread -DHAVE_PTHREAD=1 -DHAVE_ZLIB=1 -Wall -Wno-sign-compare -g -O2 -ffile-prefix-map=/build/r-base-rgGXCp/r-base-4.5.0=. -fstack-protector-strong -Wformat -Werror=format-security -Wdate-time -D_FORTIFY_SOURCE=2 -MT google/protobuf/compiler/command_line_interface.lo -MD -MP -MF google/protobuf/compiler/.deps/command_line_interface.Tpo -c google/protobuf/compiler/command_line_interface.cc  -fPIC -DPIC -o google/protobuf/compiler/.libs/command_line_interface.o
depbase=`echo google/protobuf/compiler/plugin.lo | sed 's|[^/]*$|.deps/&|;s|\.lo$||'`;\
/bin/bash ../libtool  --tag=CXX   --mode=compile g++ -std=gnu++17 -DHAVE_CONFIG_H -I. -I..    -pthread -DHAVE_PTHREAD=1 -DHAVE_ZLIB=1 -Wall -Wno-sign-compare  -g -O2 -ffile-prefix-map=/build/r-base-rgGXCp/r-base-4.5.0=. -fstack-protector-strong -Wformat -Werror=format-security -Wdate-time -D_FORTIFY_SOURCE=2 -MT google/protobuf/compiler/plugin.lo -MD -MP -MF $depbase.Tpo -c -o google/protobuf/compiler/plugin.lo google/protobuf/compiler/plugin.cc &&\
mv -f $depbase.Tpo $depbase.Plo
libtool: compile:  g++ -std=gnu++17 -DHAVE_CONFIG_H -I. -I.. -pthread -DHAVE_PTHREAD=1 -DHAVE_ZLIB=1 -Wall -Wno-sign-compare -g -O2 -ffile-prefix-map=/build/r-base-rgGXCp/r-base-4.5.0=. -fstack-protector-strong -Wformat -Werror=format-security -Wdate-time -D_FORTIFY_SOURCE=2 -MT google/protobuf/compiler/plugin.lo -MD -MP -MF google/protobuf/compiler/.deps/plugin.Tpo -c google/protobuf/compiler/plugin.cc  -fPIC -DPIC -o google/protobuf/compiler/.libs/plugin.o
depbase=`echo google/protobuf/compiler/plugin.pb.lo | sed 's|[^/]*$|.deps/&|;s|\.lo$||'`;\
/bin/bash ../libtool  --tag=CXX   --mode=compile g++ -std=gnu++17 -DHAVE_CONFIG_H -I. -I..    -pthread -DHAVE_PTHREAD=1 -DHAVE_ZLIB=1 -Wall -Wno-sign-compare  -g -O2 -ffile-prefix-map=/build/r-base-rgGXCp/r-base-4.5.0=. -fstack-protector-strong -Wformat -Werror=format-security -Wdate-time -D_FORTIFY_SOURCE=2 -MT google/protobuf/compiler/plugin.pb.lo -MD -MP -MF $depbase.Tpo -c -o google/protobuf/compiler/plugin.pb.lo google/protobuf/compiler/plugin.pb.cc &&\
mv -f $depbase.Tpo $depbase.Plo
libtool: compile:  g++ -std=gnu++17 -DHAVE_CONFIG_H -I. -I.. -pthread -DHAVE_PTHREAD=1 -DHAVE_ZLIB=1 -Wall -Wno-sign-compare -g -O2 -ffile-prefix-map=/build/r-base-rgGXCp/r-base-4.5.0=. -fstack-protector-strong -Wformat -Werror=format-security -Wdate-time -D_FORTIFY_SOURCE=2 -MT google/protobuf/compiler/plugin.pb.lo -MD -MP -MF google/protobuf/compiler/.deps/plugin.pb.Tpo -c google/protobuf/compiler/plugin.pb.cc  -fPIC -DPIC -o google/protobuf/compiler/.libs/plugin.pb.o
depbase=`echo google/protobuf/compiler/subprocess.lo | sed 's|[^/]*$|.deps/&|;s|\.lo$||'`;\
/bin/bash ../libtool  --tag=CXX   --mode=compile g++ -std=gnu++17 -DHAVE_CONFIG_H -I. -I..    -pthread -DHAVE_PTHREAD=1 -DHAVE_ZLIB=1 -Wall -Wno-sign-compare  -g -O2 -ffile-prefix-map=/build/r-base-rgGXCp/r-base-4.5.0=. -fstack-protector-strong -Wformat -Werror=format-security -Wdate-time -D_FORTIFY_SOURCE=2 -MT google/protobuf/compiler/subprocess.lo -MD -MP -MF $depbase.Tpo -c -o google/protobuf/compiler/subprocess.lo google/protobuf/compiler/subprocess.cc &&\
mv -f $depbase.Tpo $depbase.Plo
libtool: compile:  g++ -std=gnu++17 -DHAVE_CONFIG_H -I. -I.. -pthread -DHAVE_PTHREAD=1 -DHAVE_ZLIB=1 -Wall -Wno-sign-compare -g -O2 -ffile-prefix-map=/build/r-base-rgGXCp/r-base-4.5.0=. -fstack-protector-strong -Wformat -Werror=format-security -Wdate-time -D_FORTIFY_SOURCE=2 -MT google/protobuf/compiler/subprocess.lo -MD -MP -MF google/protobuf/compiler/.deps/subprocess.Tpo -c google/protobuf/compiler/subprocess.cc  -fPIC -DPIC -o google/protobuf/compiler/.libs/subprocess.o
depbase=`echo google/protobuf/compiler/zip_writer.lo | sed 's|[^/]*$|.deps/&|;s|\.lo$||'`;\
/bin/bash ../libtool  --tag=CXX   --mode=compile g++ -std=gnu++17 -DHAVE_CONFIG_H -I. -I..    -pthread -DHAVE_PTHREAD=1 -DHAVE_ZLIB=1 -Wall -Wno-sign-compare  -g -O2 -ffile-prefix-map=/build/r-base-rgGXCp/r-base-4.5.0=. -fstack-protector-strong -Wformat -Werror=format-security -Wdate-time -D_FORTIFY_SOURCE=2 -MT google/protobuf/compiler/zip_writer.lo -MD -MP -MF $depbase.Tpo -c -o google/protobuf/compiler/zip_writer.lo google/protobuf/compiler/zip_writer.cc &&\
mv -f $depbase.Tpo $depbase.Plo
libtool: compile:  g++ -std=gnu++17 -DHAVE_CONFIG_H -I. -I.. -pthread -DHAVE_PTHREAD=1 -DHAVE_ZLIB=1 -Wall -Wno-sign-compare -g -O2 -ffile-prefix-map=/build/r-base-rgGXCp/r-base-4.5.0=. -fstack-protector-strong -Wformat -Werror=format-security -Wdate-time -D_FORTIFY_SOURCE=2 -MT google/protobuf/compiler/zip_writer.lo -MD -MP -MF google/protobuf/compiler/.deps/zip_writer.Tpo -c google/protobuf/compiler/zip_writer.cc  -fPIC -DPIC -o google/protobuf/compiler/.libs/zip_writer.o
depbase=`echo google/protobuf/compiler/cpp/cpp_enum.lo | sed 's|[^/]*$|.deps/&|;s|\.lo$||'`;\
/bin/bash ../libtool  --tag=CXX   --mode=compile g++ -std=gnu++17 -DHAVE_CONFIG_H -I. -I..    -pthread -DHAVE_PTHREAD=1 -DHAVE_ZLIB=1 -Wall -Wno-sign-compare  -g -O2 -ffile-prefix-map=/build/r-base-rgGXCp/r-base-4.5.0=. -fstack-protector-strong -Wformat -Werror=format-security -Wdate-time -D_FORTIFY_SOURCE=2 -MT google/protobuf/compiler/cpp/cpp_enum.lo -MD -MP -MF $depbase.Tpo -c -o google/protobuf/compiler/cpp/cpp_enum.lo google/protobuf/compiler/cpp/cpp_enum.cc &&\
mv -f $depbase.Tpo $depbase.Plo
libtool: compile:  g++ -std=gnu++17 -DHAVE_CONFIG_H -I. -I.. -pthread -DHAVE_PTHREAD=1 -DHAVE_ZLIB=1 -Wall -Wno-sign-compare -g -O2 -ffile-prefix-map=/build/r-base-rgGXCp/r-base-4.5.0=. -fstack-protector-strong -Wformat -Werror=format-security -Wdate-time -D_FORTIFY_SOURCE=2 -MT google/protobuf/compiler/cpp/cpp_enum.lo -MD -MP -MF google/protobuf/compiler/cpp/.deps/cpp_enum.Tpo -c google/protobuf/compiler/cpp/cpp_enum.cc  -fPIC -DPIC -o google/protobuf/compiler/cpp/.libs/cpp_enum.o
depbase=`echo google/protobuf/compiler/cpp/cpp_enum_field.lo | sed 's|[^/]*$|.deps/&|;s|\.lo$||'`;\
/bin/bash ../libtool  --tag=CXX   --mode=compile g++ -std=gnu++17 -DHAVE_CONFIG_H -I. -I..    -pthread -DHAVE_PTHREAD=1 -DHAVE_ZLIB=1 -Wall -Wno-sign-compare  -g -O2 -ffile-prefix-map=/build/r-base-rgGXCp/r-base-4.5.0=. -fstack-protector-strong -Wformat -Werror=format-security -Wdate-time -D_FORTIFY_SOURCE=2 -MT google/protobuf/compiler/cpp/cpp_enum_field.lo -MD -MP -MF $depbase.Tpo -c -o google/protobuf/compiler/cpp/cpp_enum_field.lo google/protobuf/compiler/cpp/cpp_enum_field.cc &&\
mv -f $depbase.Tpo $depbase.Plo
libtool: compile:  g++ -std=gnu++17 -DHAVE_CONFIG_H -I. -I.. -pthread -DHAVE_PTHREAD=1 -DHAVE_ZLIB=1 -Wall -Wno-sign-compare -g -O2 -ffile-prefix-map=/build/r-base-rgGXCp/r-base-4.5.0=. -fstack-protector-strong -Wformat -Werror=format-security -Wdate-time -D_FORTIFY_SOURCE=2 -MT google/protobuf/compiler/cpp/cpp_enum_field.lo -MD -MP -MF google/protobuf/compiler/cpp/.deps/cpp_enum_field.Tpo -c google/protobuf/compiler/cpp/cpp_enum_field.cc  -fPIC -DPIC -o google/protobuf/compiler/cpp/.libs/cpp_enum_field.o
depbase=`echo google/protobuf/compiler/cpp/cpp_extension.lo | sed 's|[^/]*$|.deps/&|;s|\.lo$||'`;\
/bin/bash ../libtool  --tag=CXX   --mode=compile g++ -std=gnu++17 -DHAVE_CONFIG_H -I. -I..    -pthread -DHAVE_PTHREAD=1 -DHAVE_ZLIB=1 -Wall -Wno-sign-compare  -g -O2 -ffile-prefix-map=/build/r-base-rgGXCp/r-base-4.5.0=. -fstack-protector-strong -Wformat -Werror=format-security -Wdate-time -D_FORTIFY_SOURCE=2 -MT google/protobuf/compiler/cpp/cpp_extension.lo -MD -MP -MF $depbase.Tpo -c -o google/protobuf/compiler/cpp/cpp_extension.lo google/protobuf/compiler/cpp/cpp_extension.cc &&\
mv -f $depbase.Tpo $depbase.Plo
libtool: compile:  g++ -std=gnu++17 -DHAVE_CONFIG_H -I. -I.. -pthread -DHAVE_PTHREAD=1 -DHAVE_ZLIB=1 -Wall -Wno-sign-compare -g -O2 -ffile-prefix-map=/build/r-base-rgGXCp/r-base-4.5.0=. -fstack-protector-strong -Wformat -Werror=format-security -Wdate-time -D_FORTIFY_SOURCE=2 -MT google/protobuf/compiler/cpp/cpp_extension.lo -MD -MP -MF google/protobuf/compiler/cpp/.deps/cpp_extension.Tpo -c google/protobuf/compiler/cpp/cpp_extension.cc  -fPIC -DPIC -o google/protobuf/compiler/cpp/.libs/cpp_extension.o
depbase=`echo google/protobuf/compiler/cpp/cpp_field.lo | sed 's|[^/]*$|.deps/&|;s|\.lo$||'`;\
/bin/bash ../libtool  --tag=CXX   --mode=compile g++ -std=gnu++17 -DHAVE_CONFIG_H -I. -I..    -pthread -DHAVE_PTHREAD=1 -DHAVE_ZLIB=1 -Wall -Wno-sign-compare  -g -O2 -ffile-prefix-map=/build/r-base-rgGXCp/r-base-4.5.0=. -fstack-protector-strong -Wformat -Werror=format-security -Wdate-time -D_FORTIFY_SOURCE=2 -MT google/protobuf/compiler/cpp/cpp_field.lo -MD -MP -MF $depbase.Tpo -c -o google/protobuf/compiler/cpp/cpp_field.lo google/protobuf/compiler/cpp/cpp_field.cc &&\
mv -f $depbase.Tpo $depbase.Plo
libtool: compile:  g++ -std=gnu++17 -DHAVE_CONFIG_H -I. -I.. -pthread -DHAVE_PTHREAD=1 -DHAVE_ZLIB=1 -Wall -Wno-sign-compare -g -O2 -ffile-prefix-map=/build/r-base-rgGXCp/r-base-4.5.0=. -fstack-protector-strong -Wformat -Werror=format-security -Wdate-time -D_FORTIFY_SOURCE=2 -MT google/protobuf/compiler/cpp/cpp_field.lo -MD -MP -MF google/protobuf/compiler/cpp/.deps/cpp_field.Tpo -c google/protobuf/compiler/cpp/cpp_field.cc  -fPIC -DPIC -o google/protobuf/compiler/cpp/.libs/cpp_field.o
depbase=`echo google/protobuf/compiler/cpp/cpp_file.lo | sed 's|[^/]*$|.deps/&|;s|\.lo$||'`;\
/bin/bash ../libtool  --tag=CXX   --mode=compile g++ -std=gnu++17 -DHAVE_CONFIG_H -I. -I..    -pthread -DHAVE_PTHREAD=1 -DHAVE_ZLIB=1 -Wall -Wno-sign-compare  -g -O2 -ffile-prefix-map=/build/r-base-rgGXCp/r-base-4.5.0=. -fstack-protector-strong -Wformat -Werror=format-security -Wdate-time -D_FORTIFY_SOURCE=2 -MT google/protobuf/compiler/cpp/cpp_file.lo -MD -MP -MF $depbase.Tpo -c -o google/protobuf/compiler/cpp/cpp_file.lo google/protobuf/compiler/cpp/cpp_file.cc &&\
mv -f $depbase.Tpo $depbase.Plo
libtool: compile:  g++ -std=gnu++17 -DHAVE_CONFIG_H -I. -I.. -pthread -DHAVE_PTHREAD=1 -DHAVE_ZLIB=1 -Wall -Wno-sign-compare -g -O2 -ffile-prefix-map=/build/r-base-rgGXCp/r-base-4.5.0=. -fstack-protector-strong -Wformat -Werror=format-security -Wdate-time -D_FORTIFY_SOURCE=2 -MT google/protobuf/compiler/cpp/cpp_file.lo -MD -MP -MF google/protobuf/compiler/cpp/.deps/cpp_file.Tpo -c google/protobuf/compiler/cpp/cpp_file.cc  -fPIC -DPIC -o google/protobuf/compiler/cpp/.libs/cpp_file.o
depbase=`echo google/protobuf/compiler/cpp/cpp_generator.lo | sed 's|[^/]*$|.deps/&|;s|\.lo$||'`;\
/bin/bash ../libtool  --tag=CXX   --mode=compile g++ -std=gnu++17 -DHAVE_CONFIG_H -I. -I..    -pthread -DHAVE_PTHREAD=1 -DHAVE_ZLIB=1 -Wall -Wno-sign-compare  -g -O2 -ffile-prefix-map=/build/r-base-rgGXCp/r-base-4.5.0=. -fstack-protector-strong -Wformat -Werror=format-security -Wdate-time -D_FORTIFY_SOURCE=2 -MT google/protobuf/compiler/cpp/cpp_generator.lo -MD -MP -MF $depbase.Tpo -c -o google/protobuf/compiler/cpp/cpp_generator.lo google/protobuf/compiler/cpp/cpp_generator.cc &&\
mv -f $depbase.Tpo $depbase.Plo
libtool: compile:  g++ -std=gnu++17 -DHAVE_CONFIG_H -I. -I.. -pthread -DHAVE_PTHREAD=1 -DHAVE_ZLIB=1 -Wall -Wno-sign-compare -g -O2 -ffile-prefix-map=/build/r-base-rgGXCp/r-base-4.5.0=. -fstack-protector-strong -Wformat -Werror=format-security -Wdate-time -D_FORTIFY_SOURCE=2 -MT google/protobuf/compiler/cpp/cpp_generator.lo -MD -MP -MF google/protobuf/compiler/cpp/.deps/cpp_generator.Tpo -c google/protobuf/compiler/cpp/cpp_generator.cc  -fPIC -DPIC -o google/protobuf/compiler/cpp/.libs/cpp_generator.o
depbase=`echo google/protobuf/compiler/cpp/cpp_helpers.lo | sed 's|[^/]*$|.deps/&|;s|\.lo$||'`;\
/bin/bash ../libtool  --tag=CXX   --mode=compile g++ -std=gnu++17 -DHAVE_CONFIG_H -I. -I..    -pthread -DHAVE_PTHREAD=1 -DHAVE_ZLIB=1 -Wall -Wno-sign-compare  -g -O2 -ffile-prefix-map=/build/r-base-rgGXCp/r-base-4.5.0=. -fstack-protector-strong -Wformat -Werror=format-security -Wdate-time -D_FORTIFY_SOURCE=2 -MT google/protobuf/compiler/cpp/cpp_helpers.lo -MD -MP -MF $depbase.Tpo -c -o google/protobuf/compiler/cpp/cpp_helpers.lo google/protobuf/compiler/cpp/cpp_helpers.cc &&\
mv -f $depbase.Tpo $depbase.Plo
libtool: compile:  g++ -std=gnu++17 -DHAVE_CONFIG_H -I. -I.. -pthread -DHAVE_PTHREAD=1 -DHAVE_ZLIB=1 -Wall -Wno-sign-compare -g -O2 -ffile-prefix-map=/build/r-base-rgGXCp/r-base-4.5.0=. -fstack-protector-strong -Wformat -Werror=format-security -Wdate-time -D_FORTIFY_SOURCE=2 -MT google/protobuf/compiler/cpp/cpp_helpers.lo -MD -MP -MF google/protobuf/compiler/cpp/.deps/cpp_helpers.Tpo -c google/protobuf/compiler/cpp/cpp_helpers.cc  -fPIC -DPIC -o google/protobuf/compiler/cpp/.libs/cpp_helpers.o
depbase=`echo google/protobuf/compiler/cpp/cpp_map_field.lo | sed 's|[^/]*$|.deps/&|;s|\.lo$||'`;\
/bin/bash ../libtool  --tag=CXX   --mode=compile g++ -std=gnu++17 -DHAVE_CONFIG_H -I. -I..    -pthread -DHAVE_PTHREAD=1 -DHAVE_ZLIB=1 -Wall -Wno-sign-compare  -g -O2 -ffile-prefix-map=/build/r-base-rgGXCp/r-base-4.5.0=. -fstack-protector-strong -Wformat -Werror=format-security -Wdate-time -D_FORTIFY_SOURCE=2 -MT google/protobuf/compiler/cpp/cpp_map_field.lo -MD -MP -MF $depbase.Tpo -c -o google/protobuf/compiler/cpp/cpp_map_field.lo google/protobuf/compiler/cpp/cpp_map_field.cc &&\
mv -f $depbase.Tpo $depbase.Plo
libtool: compile:  g++ -std=gnu++17 -DHAVE_CONFIG_H -I. -I.. -pthread -DHAVE_PTHREAD=1 -DHAVE_ZLIB=1 -Wall -Wno-sign-compare -g -O2 -ffile-prefix-map=/build/r-base-rgGXCp/r-base-4.5.0=. -fstack-protector-strong -Wformat -Werror=format-security -Wdate-time -D_FORTIFY_SOURCE=2 -MT google/protobuf/compiler/cpp/cpp_map_field.lo -MD -MP -MF google/protobuf/compiler/cpp/.deps/cpp_map_field.Tpo -c google/protobuf/compiler/cpp/cpp_map_field.cc  -fPIC -DPIC -o google/protobuf/compiler/cpp/.libs/cpp_map_field.o
depbase=`echo google/protobuf/compiler/cpp/cpp_message.lo | sed 's|[^/]*$|.deps/&|;s|\.lo$||'`;\
/bin/bash ../libtool  --tag=CXX   --mode=compile g++ -std=gnu++17 -DHAVE_CONFIG_H -I. -I..    -pthread -DHAVE_PTHREAD=1 -DHAVE_ZLIB=1 -Wall -Wno-sign-compare  -g -O2 -ffile-prefix-map=/build/r-base-rgGXCp/r-base-4.5.0=. -fstack-protector-strong -Wformat -Werror=format-security -Wdate-time -D_FORTIFY_SOURCE=2 -MT google/protobuf/compiler/cpp/cpp_message.lo -MD -MP -MF $depbase.Tpo -c -o google/protobuf/compiler/cpp/cpp_message.lo google/protobuf/compiler/cpp/cpp_message.cc &&\
mv -f $depbase.Tpo $depbase.Plo
libtool: compile:  g++ -std=gnu++17 -DHAVE_CONFIG_H -I. -I.. -pthread -DHAVE_PTHREAD=1 -DHAVE_ZLIB=1 -Wall -Wno-sign-compare -g -O2 -ffile-prefix-map=/build/r-base-rgGXCp/r-base-4.5.0=. -fstack-protector-strong -Wformat -Werror=format-security -Wdate-time -D_FORTIFY_SOURCE=2 -MT google/protobuf/compiler/cpp/cpp_message.lo -MD -MP -MF google/protobuf/compiler/cpp/.deps/cpp_message.Tpo -c google/protobuf/compiler/cpp/cpp_message.cc  -fPIC -DPIC -o google/protobuf/compiler/cpp/.libs/cpp_message.o
depbase=`echo google/protobuf/compiler/cpp/cpp_message_field.lo | sed 's|[^/]*$|.deps/&|;s|\.lo$||'`;\
/bin/bash ../libtool  --tag=CXX   --mode=compile g++ -std=gnu++17 -DHAVE_CONFIG_H -I. -I..    -pthread -DHAVE_PTHREAD=1 -DHAVE_ZLIB=1 -Wall -Wno-sign-compare  -g -O2 -ffile-prefix-map=/build/r-base-rgGXCp/r-base-4.5.0=. -fstack-protector-strong -Wformat -Werror=format-security -Wdate-time -D_FORTIFY_SOURCE=2 -MT google/protobuf/compiler/cpp/cpp_message_field.lo -MD -MP -MF $depbase.Tpo -c -o google/protobuf/compiler/cpp/cpp_message_field.lo google/protobuf/compiler/cpp/cpp_message_field.cc &&\
mv -f $depbase.Tpo $depbase.Plo
libtool: compile:  g++ -std=gnu++17 -DHAVE_CONFIG_H -I. -I.. -pthread -DHAVE_PTHREAD=1 -DHAVE_ZLIB=1 -Wall -Wno-sign-compare -g -O2 -ffile-prefix-map=/build/r-base-rgGXCp/r-base-4.5.0=. -fstack-protector-strong -Wformat -Werror=format-security -Wdate-time -D_FORTIFY_SOURCE=2 -MT google/protobuf/compiler/cpp/cpp_message_field.lo -MD -MP -MF google/protobuf/compiler/cpp/.deps/cpp_message_field.Tpo -c google/protobuf/compiler/cpp/cpp_message_field.cc  -fPIC -DPIC -o google/protobuf/compiler/cpp/.libs/cpp_message_field.o
depbase=`echo google/protobuf/compiler/cpp/cpp_padding_optimizer.lo | sed 's|[^/]*$|.deps/&|;s|\.lo$||'`;\
/bin/bash ../libtool  --tag=CXX   --mode=compile g++ -std=gnu++17 -DHAVE_CONFIG_H -I. -I..    -pthread -DHAVE_PTHREAD=1 -DHAVE_ZLIB=1 -Wall -Wno-sign-compare  -g -O2 -ffile-prefix-map=/build/r-base-rgGXCp/r-base-4.5.0=. -fstack-protector-strong -Wformat -Werror=format-security -Wdate-time -D_FORTIFY_SOURCE=2 -MT google/protobuf/compiler/cpp/cpp_padding_optimizer.lo -MD -MP -MF $depbase.Tpo -c -o google/protobuf/compiler/cpp/cpp_padding_optimizer.lo google/protobuf/compiler/cpp/cpp_padding_optimizer.cc &&\
mv -f $depbase.Tpo $depbase.Plo
libtool: compile:  g++ -std=gnu++17 -DHAVE_CONFIG_H -I. -I.. -pthread -DHAVE_PTHREAD=1 -DHAVE_ZLIB=1 -Wall -Wno-sign-compare -g -O2 -ffile-prefix-map=/build/r-base-rgGXCp/r-base-4.5.0=. -fstack-protector-strong -Wformat -Werror=format-security -Wdate-time -D_FORTIFY_SOURCE=2 -MT google/protobuf/compiler/cpp/cpp_padding_optimizer.lo -MD -MP -MF google/protobuf/compiler/cpp/.deps/cpp_padding_optimizer.Tpo -c google/protobuf/compiler/cpp/cpp_padding_optimizer.cc  -fPIC -DPIC -o google/protobuf/compiler/cpp/.libs/cpp_padding_optimizer.o
depbase=`echo google/protobuf/compiler/cpp/cpp_primitive_field.lo | sed 's|[^/]*$|.deps/&|;s|\.lo$||'`;\
/bin/bash ../libtool  --tag=CXX   --mode=compile g++ -std=gnu++17 -DHAVE_CONFIG_H -I. -I..    -pthread -DHAVE_PTHREAD=1 -DHAVE_ZLIB=1 -Wall -Wno-sign-compare  -g -O2 -ffile-prefix-map=/build/r-base-rgGXCp/r-base-4.5.0=. -fstack-protector-strong -Wformat -Werror=format-security -Wdate-time -D_FORTIFY_SOURCE=2 -MT google/protobuf/compiler/cpp/cpp_primitive_field.lo -MD -MP -MF $depbase.Tpo -c -o google/protobuf/compiler/cpp/cpp_primitive_field.lo google/protobuf/compiler/cpp/cpp_primitive_field.cc &&\
mv -f $depbase.Tpo $depbase.Plo
libtool: compile:  g++ -std=gnu++17 -DHAVE_CONFIG_H -I. -I.. -pthread -DHAVE_PTHREAD=1 -DHAVE_ZLIB=1 -Wall -Wno-sign-compare -g -O2 -ffile-prefix-map=/build/r-base-rgGXCp/r-base-4.5.0=. -fstack-protector-strong -Wformat -Werror=format-security -Wdate-time -D_FORTIFY_SOURCE=2 -MT google/protobuf/compiler/cpp/cpp_primitive_field.lo -MD -MP -MF google/protobuf/compiler/cpp/.deps/cpp_primitive_field.Tpo -c google/protobuf/compiler/cpp/cpp_primitive_field.cc  -fPIC -DPIC -o google/protobuf/compiler/cpp/.libs/cpp_primitive_field.o
depbase=`echo google/protobuf/compiler/cpp/cpp_service.lo | sed 's|[^/]*$|.deps/&|;s|\.lo$||'`;\
/bin/bash ../libtool  --tag=CXX   --mode=compile g++ -std=gnu++17 -DHAVE_CONFIG_H -I. -I..    -pthread -DHAVE_PTHREAD=1 -DHAVE_ZLIB=1 -Wall -Wno-sign-compare  -g -O2 -ffile-prefix-map=/build/r-base-rgGXCp/r-base-4.5.0=. -fstack-protector-strong -Wformat -Werror=format-security -Wdate-time -D_FORTIFY_SOURCE=2 -MT google/protobuf/compiler/cpp/cpp_service.lo -MD -MP -MF $depbase.Tpo -c -o google/protobuf/compiler/cpp/cpp_service.lo google/protobuf/compiler/cpp/cpp_service.cc &&\
mv -f $depbase.Tpo $depbase.Plo
libtool: compile:  g++ -std=gnu++17 -DHAVE_CONFIG_H -I. -I.. -pthread -DHAVE_PTHREAD=1 -DHAVE_ZLIB=1 -Wall -Wno-sign-compare -g -O2 -ffile-prefix-map=/build/r-base-rgGXCp/r-base-4.5.0=. -fstack-protector-strong -Wformat -Werror=format-security -Wdate-time -D_FORTIFY_SOURCE=2 -MT google/protobuf/compiler/cpp/cpp_service.lo -MD -MP -MF google/protobuf/compiler/cpp/.deps/cpp_service.Tpo -c google/protobuf/compiler/cpp/cpp_service.cc  -fPIC -DPIC -o google/protobuf/compiler/cpp/.libs/cpp_service.o
depbase=`echo google/protobuf/compiler/cpp/cpp_string_field.lo | sed 's|[^/]*$|.deps/&|;s|\.lo$||'`;\
/bin/bash ../libtool  --tag=CXX   --mode=compile g++ -std=gnu++17 -DHAVE_CONFIG_H -I. -I..    -pthread -DHAVE_PTHREAD=1 -DHAVE_ZLIB=1 -Wall -Wno-sign-compare  -g -O2 -ffile-prefix-map=/build/r-base-rgGXCp/r-base-4.5.0=. -fstack-protector-strong -Wformat -Werror=format-security -Wdate-time -D_FORTIFY_SOURCE=2 -MT google/protobuf/compiler/cpp/cpp_string_field.lo -MD -MP -MF $depbase.Tpo -c -o google/protobuf/compiler/cpp/cpp_string_field.lo google/protobuf/compiler/cpp/cpp_string_field.cc &&\
mv -f $depbase.Tpo $depbase.Plo
libtool: compile:  g++ -std=gnu++17 -DHAVE_CONFIG_H -I. -I.. -pthread -DHAVE_PTHREAD=1 -DHAVE_ZLIB=1 -Wall -Wno-sign-compare -g -O2 -ffile-prefix-map=/build/r-base-rgGXCp/r-base-4.5.0=. -fstack-protector-strong -Wformat -Werror=format-security -Wdate-time -D_FORTIFY_SOURCE=2 -MT google/protobuf/compiler/cpp/cpp_string_field.lo -MD -MP -MF google/protobuf/compiler/cpp/.deps/cpp_string_field.Tpo -c google/protobuf/compiler/cpp/cpp_string_field.cc  -fPIC -DPIC -o google/protobuf/compiler/cpp/.libs/cpp_string_field.o
/bin/bash ../libtool  --tag=CXX   --mode=link g++ -std=gnu++17 -pthread -DHAVE_PTHREAD=1 -DHAVE_ZLIB=1 -Wall -Wno-sign-compare  -g -O2 -ffile-prefix-map=/build/r-base-rgGXCp/r-base-4.5.0=. -fstack-protector-strong -Wformat -Werror=format-security -Wdate-time -D_FORTIFY_SOURCE=2 -version-info 19:0:0 -export-dynamic -no-undefined -Wl,--version-script=./libprotoc.map -Wl,-Bsymbolic-functions -flto=auto -ffat-lto-objects -flto=auto -Wl,-z,relro -o libprotoc.la -rpath /tmp/Rtmp2qsns7/R.INSTALL1205577ca0da/RProtoBufLib/src/pb_build/lib google/protobuf/compiler/code_generator.lo google/protobuf/compiler/command_line_interface.lo google/protobuf/compiler/plugin.lo google/protobuf/compiler/plugin.pb.lo google/protobuf/compiler/subprocess.lo google/protobuf/compiler/zip_writer.lo google/protobuf/compiler/cpp/cpp_enum.lo google/protobuf/compiler/cpp/cpp_enum_field.lo google/protobuf/compiler/cpp/cpp_extension.lo google/protobuf/compiler/cpp/cpp_field.lo google/protobuf/compiler/cpp/cpp_file.lo google/protobuf/compiler/cpp/cpp_generator.lo google/protobuf/compiler/cpp/cpp_helpers.lo google/protobuf/compiler/cpp/cpp_map_field.lo google/protobuf/compiler/cpp/cpp_message.lo google/protobuf/compiler/cpp/cpp_message_field.lo google/protobuf/compiler/cpp/cpp_padding_optimizer.lo google/protobuf/compiler/cpp/cpp_primitive_field.lo google/protobuf/compiler/cpp/cpp_service.lo google/protobuf/compiler/cpp/cpp_string_field.lo  libprotobuf.la -lz 
libtool: link: g++ -std=gnu++17  -fPIC -DPIC -shared -nostdlib /usr/lib/gcc/x86_64-linux-gnu/11/../../../x86_64-linux-gnu/crti.o /usr/lib/gcc/x86_64-linux-gnu/11/crtbeginS.o  google/protobuf/compiler/.libs/code_generator.o google/protobuf/compiler/.libs/command_line_interface.o google/protobuf/compiler/.libs/plugin.o google/protobuf/compiler/.libs/plugin.pb.o google/protobuf/compiler/.libs/subprocess.o google/protobuf/compiler/.libs/zip_writer.o google/protobuf/compiler/cpp/.libs/cpp_enum.o google/protobuf/compiler/cpp/.libs/cpp_enum_field.o google/protobuf/compiler/cpp/.libs/cpp_extension.o google/protobuf/compiler/cpp/.libs/cpp_field.o google/protobuf/compiler/cpp/.libs/cpp_file.o google/protobuf/compiler/cpp/.libs/cpp_generator.o google/protobuf/compiler/cpp/.libs/cpp_helpers.o google/protobuf/compiler/cpp/.libs/cpp_map_field.o google/protobuf/compiler/cpp/.libs/cpp_message.o google/protobuf/compiler/cpp/.libs/cpp_message_field.o google/protobuf/compiler/cpp/.libs/cpp_padding_optimizer.o google/protobuf/compiler/cpp/.libs/cpp_primitive_field.o google/protobuf/compiler/cpp/.libs/cpp_service.o google/protobuf/compiler/cpp/.libs/cpp_string_field.o   -Wl,-rpath -Wl,/tmp/Rtmp2qsns7/R.INSTALL1205577ca0da/RProtoBufLib/src/protobuf-3.8.0/src/.libs -Wl,-rpath -Wl,/tmp/Rtmp2qsns7/R.INSTALL1205577ca0da/RProtoBufLib/src/pb_build/lib ./.libs/libprotobuf.so -lz -L/usr/lib/gcc/x86_64-linux-gnu/11 -L/usr/lib/gcc/x86_64-linux-gnu/11/../../../x86_64-linux-gnu -L/usr/lib/gcc/x86_64-linux-gnu/11/../../../../lib -L/lib/x86_64-linux-gnu -L/lib/../lib -L/usr/lib/x86_64-linux-gnu -L/usr/lib/../lib -L/usr/local/cuda/lib64/stubs -L/usr/lib/gcc/x86_64-linux-gnu/11/../../.. -lstdc++ -lm -lc -lgcc_s /usr/lib/gcc/x86_64-linux-gnu/11/crtendS.o /usr/lib/gcc/x86_64-linux-gnu/11/../../../x86_64-linux-gnu/crtn.o  -pthread -g -O2 -fstack-protector-strong -Wl,--version-script=./libprotoc.map -Wl,-Bsymbolic-functions -flto=auto -flto=auto -Wl,-z -Wl,relro   -pthread -Wl,-soname -Wl,libprotoc.so.19 -o .libs/libprotoc.so.19.0.0
libtool: link: (cd ".libs" && rm -f "libprotoc.so.19" && ln -s "libprotoc.so.19.0.0" "libprotoc.so.19")
libtool: link: (cd ".libs" && rm -f "libprotoc.so" && ln -s "libprotoc.so.19.0.0" "libprotoc.so")
libtool: link: ( cd ".libs" && rm -f "libprotoc.la" && ln -s "../libprotoc.la" "libprotoc.la" )
/bin/bash ../libtool  --tag=CXX   --mode=link g++ -std=gnu++17 -pthread -DHAVE_PTHREAD=1 -DHAVE_ZLIB=1 -Wall -Wno-sign-compare  -g -O2 -ffile-prefix-map=/build/r-base-rgGXCp/r-base-4.5.0=. -fstack-protector-strong -Wformat -Werror=format-security -Wdate-time -D_FORTIFY_SOURCE=2 -pthread -Wl,-Bsymbolic-functions -flto=auto -ffat-lto-objects -flto=auto -Wl,-z,relro -o protoc google/protobuf/compiler/main.o  libprotobuf.la libprotoc.la -lz 
libtool: link: g++ -std=gnu++17 -pthread -DHAVE_PTHREAD=1 -DHAVE_ZLIB=1 -Wall -Wno-sign-compare -g -O2 -ffile-prefix-map=/build/r-base-rgGXCp/r-base-4.5.0=. -fstack-protector-strong -Wformat -Werror=format-security -Wdate-time -D_FORTIFY_SOURCE=2 -pthread -Wl,-Bsymbolic-functions -flto=auto -ffat-lto-objects -flto=auto -Wl,-z -Wl,relro -o .libs/protoc google/protobuf/compiler/main.o  ./.libs/libprotobuf.so ./.libs/libprotoc.so -lz -pthread -Wl,-rpath -Wl,/tmp/Rtmp2qsns7/R.INSTALL1205577ca0da/RProtoBufLib/src/pb_build/lib
/bin/bash ../libtool  --tag=CXX   --mode=link g++ -std=gnu++17 -pthread -DHAVE_PTHREAD=1 -DHAVE_ZLIB=1 -Wall -Wno-sign-compare  -g -O2 -ffile-prefix-map=/build/r-base-rgGXCp/r-base-4.5.0=. -fstack-protector-strong -Wformat -Werror=format-security -Wdate-time -D_FORTIFY_SOURCE=2 -version-info 19:0:0 -export-dynamic -no-undefined -Wl,--version-script=./libprotobuf-lite.map -Wl,-Bsymbolic-functions -flto=auto -ffat-lto-objects -flto=auto -Wl,-z,relro -o libprotobuf-lite.la -rpath /tmp/Rtmp2qsns7/R.INSTALL1205577ca0da/RProtoBufLib/src/pb_build/lib google/protobuf/stubs/bytestream.lo google/protobuf/stubs/common.lo google/protobuf/stubs/int128.lo google/protobuf/io/io_win32.lo google/protobuf/stubs/status.lo google/protobuf/stubs/statusor.lo google/protobuf/stubs/stringpiece.lo google/protobuf/stubs/stringprintf.lo google/protobuf/stubs/structurally_valid.lo google/protobuf/stubs/strutil.lo google/protobuf/stubs/time.lo google/protobuf/any_lite.lo google/protobuf/arena.lo google/protobuf/extension_set.lo google/protobuf/generated_message_util.lo google/protobuf/generated_message_table_driven_lite.lo google/protobuf/implicit_weak_message.lo google/protobuf/message_lite.lo google/protobuf/parse_context.lo google/protobuf/repeated_field.lo google/protobuf/wire_format_lite.lo google/protobuf/io/coded_stream.lo google/protobuf/io/strtod.lo google/protobuf/io/zero_copy_stream.lo google/protobuf/io/zero_copy_stream_impl_lite.lo   -lz 
libtool: link: g++ -std=gnu++17  -fPIC -DPIC -shared -nostdlib /usr/lib/gcc/x86_64-linux-gnu/11/../../../x86_64-linux-gnu/crti.o /usr/lib/gcc/x86_64-linux-gnu/11/crtbeginS.o  google/protobuf/stubs/.libs/bytestream.o google/protobuf/stubs/.libs/common.o google/protobuf/stubs/.libs/int128.o google/protobuf/io/.libs/io_win32.o google/protobuf/stubs/.libs/status.o google/protobuf/stubs/.libs/statusor.o google/protobuf/stubs/.libs/stringpiece.o google/protobuf/stubs/.libs/stringprintf.o google/protobuf/stubs/.libs/structurally_valid.o google/protobuf/stubs/.libs/strutil.o google/protobuf/stubs/.libs/time.o google/protobuf/.libs/any_lite.o google/protobuf/.libs/arena.o google/protobuf/.libs/extension_set.o google/protobuf/.libs/generated_message_util.o google/protobuf/.libs/generated_message_table_driven_lite.o google/protobuf/.libs/implicit_weak_message.o google/protobuf/.libs/message_lite.o google/protobuf/.libs/parse_context.o google/protobuf/.libs/repeated_field.o google/protobuf/.libs/wire_format_lite.o google/protobuf/io/.libs/coded_stream.o google/protobuf/io/.libs/strtod.o google/protobuf/io/.libs/zero_copy_stream.o google/protobuf/io/.libs/zero_copy_stream_impl_lite.o   -lz -L/usr/lib/gcc/x86_64-linux-gnu/11 -L/usr/lib/gcc/x86_64-linux-gnu/11/../../../x86_64-linux-gnu -L/usr/lib/gcc/x86_64-linux-gnu/11/../../../../lib -L/lib/x86_64-linux-gnu -L/lib/../lib -L/usr/lib/x86_64-linux-gnu -L/usr/lib/../lib -L/usr/local/cuda/lib64/stubs -L/usr/lib/gcc/x86_64-linux-gnu/11/../../.. -lstdc++ -lm -lc -lgcc_s /usr/lib/gcc/x86_64-linux-gnu/11/crtendS.o /usr/lib/gcc/x86_64-linux-gnu/11/../../../x86_64-linux-gnu/crtn.o  -pthread -g -O2 -fstack-protector-strong -Wl,--version-script=./libprotobuf-lite.map -Wl,-Bsymbolic-functions -flto=auto -flto=auto -Wl,-z -Wl,relro   -pthread -Wl,-soname -Wl,libprotobuf-lite.so.19 -o .libs/libprotobuf-lite.so.19.0.0
libtool: link: (cd ".libs" && rm -f "libprotobuf-lite.so.19" && ln -s "libprotobuf-lite.so.19.0.0" "libprotobuf-lite.so.19")
libtool: link: (cd ".libs" && rm -f "libprotobuf-lite.so" && ln -s "libprotobuf-lite.so.19.0.0" "libprotobuf-lite.so")
libtool: link: ( cd ".libs" && rm -f "libprotobuf-lite.la" && ln -s "../libprotobuf-lite.la" "libprotobuf-lite.la" )
make[2]: Entering directory '/tmp/Rtmp2qsns7/R.INSTALL1205577ca0da/RProtoBufLib/src/protobuf-3.8.0/src'
 /usr/bin/mkdir -p '/tmp/Rtmp2qsns7/R.INSTALL1205577ca0da/RProtoBufLib/src/pb_build/lib'
 /bin/bash ../libtool   --mode=install /usr/bin/install -c   libprotobuf-lite.la libprotobuf.la libprotoc.la '/tmp/Rtmp2qsns7/R.INSTALL1205577ca0da/RProtoBufLib/src/pb_build/lib'
libtool: install: /usr/bin/install -c .libs/libprotobuf-lite.so.19.0.0 /tmp/Rtmp2qsns7/R.INSTALL1205577ca0da/RProtoBufLib/src/pb_build/lib/libprotobuf-lite.so.19.0.0
libtool: install: (cd /tmp/Rtmp2qsns7/R.INSTALL1205577ca0da/RProtoBufLib/src/pb_build/lib && { ln -s -f libprotobuf-lite.so.19.0.0 libprotobuf-lite.so.19 || { rm -f libprotobuf-lite.so.19 && ln -s libprotobuf-lite.so.19.0.0 libprotobuf-lite.so.19; }; })
libtool: install: (cd /tmp/Rtmp2qsns7/R.INSTALL1205577ca0da/RProtoBufLib/src/pb_build/lib && { ln -s -f libprotobuf-lite.so.19.0.0 libprotobuf-lite.so || { rm -f libprotobuf-lite.so && ln -s libprotobuf-lite.so.19.0.0 libprotobuf-lite.so; }; })
libtool: install: /usr/bin/install -c .libs/libprotobuf-lite.lai /tmp/Rtmp2qsns7/R.INSTALL1205577ca0da/RProtoBufLib/src/pb_build/lib/libprotobuf-lite.la
libtool: install: /usr/bin/install -c .libs/libprotobuf.so.19.0.0 /tmp/Rtmp2qsns7/R.INSTALL1205577ca0da/RProtoBufLib/src/pb_build/lib/libprotobuf.so.19.0.0
libtool: install: (cd /tmp/Rtmp2qsns7/R.INSTALL1205577ca0da/RProtoBufLib/src/pb_build/lib && { ln -s -f libprotobuf.so.19.0.0 libprotobuf.so.19 || { rm -f libprotobuf.so.19 && ln -s libprotobuf.so.19.0.0 libprotobuf.so.19; }; })
libtool: install: (cd /tmp/Rtmp2qsns7/R.INSTALL1205577ca0da/RProtoBufLib/src/pb_build/lib && { ln -s -f libprotobuf.so.19.0.0 libprotobuf.so || { rm -f libprotobuf.so && ln -s libprotobuf.so.19.0.0 libprotobuf.so; }; })
libtool: install: /usr/bin/install -c .libs/libprotobuf.lai /tmp/Rtmp2qsns7/R.INSTALL1205577ca0da/RProtoBufLib/src/pb_build/lib/libprotobuf.la
libtool: warning: relinking 'libprotoc.la'
libtool: install: (cd /tmp/Rtmp2qsns7/R.INSTALL1205577ca0da/RProtoBufLib/src/protobuf-3.8.0/src; /bin/bash "/tmp/Rtmp2qsns7/R.INSTALL1205577ca0da/RProtoBufLib/src/protobuf-3.8.0/libtool"  --tag CXX --mode=relink g++ -std=gnu++17 -pthread -DHAVE_PTHREAD=1 -DHAVE_ZLIB=1 -Wall -Wno-sign-compare -g -O2 -ffile-prefix-map=/build/r-base-rgGXCp/r-base-4.5.0=. -fstack-protector-strong -Wformat -Werror=format-security -Wdate-time -D_FORTIFY_SOURCE=2 -version-info 19:0:0 -export-dynamic -no-undefined -Wl,--version-script=./libprotoc.map -Wl,-Bsymbolic-functions -flto=auto -ffat-lto-objects -flto=auto -Wl,-z,relro -o libprotoc.la -rpath /tmp/Rtmp2qsns7/R.INSTALL1205577ca0da/RProtoBufLib/src/pb_build/lib google/protobuf/compiler/code_generator.lo google/protobuf/compiler/command_line_interface.lo google/protobuf/compiler/plugin.lo google/protobuf/compiler/plugin.pb.lo google/protobuf/compiler/subprocess.lo google/protobuf/compiler/zip_writer.lo google/protobuf/compiler/cpp/cpp_enum.lo google/protobuf/compiler/cpp/cpp_enum_field.lo google/protobuf/compiler/cpp/cpp_extension.lo google/protobuf/compiler/cpp/cpp_field.lo google/protobuf/compiler/cpp/cpp_file.lo google/protobuf/compiler/cpp/cpp_generator.lo google/protobuf/compiler/cpp/cpp_helpers.lo google/protobuf/compiler/cpp/cpp_map_field.lo google/protobuf/compiler/cpp/cpp_message.lo google/protobuf/compiler/cpp/cpp_message_field.lo google/protobuf/compiler/cpp/cpp_padding_optimizer.lo google/protobuf/compiler/cpp/cpp_primitive_field.lo google/protobuf/compiler/cpp/cpp_service.lo google/protobuf/compiler/cpp/cpp_string_field.lo libprotobuf.la -lz )
libtool: relink: g++ -std=gnu++17  -fPIC -DPIC -shared -nostdlib /usr/lib/gcc/x86_64-linux-gnu/11/../../../x86_64-linux-gnu/crti.o /usr/lib/gcc/x86_64-linux-gnu/11/crtbeginS.o  google/protobuf/compiler/.libs/code_generator.o google/protobuf/compiler/.libs/command_line_interface.o google/protobuf/compiler/.libs/plugin.o google/protobuf/compiler/.libs/plugin.pb.o google/protobuf/compiler/.libs/subprocess.o google/protobuf/compiler/.libs/zip_writer.o google/protobuf/compiler/cpp/.libs/cpp_enum.o google/protobuf/compiler/cpp/.libs/cpp_enum_field.o google/protobuf/compiler/cpp/.libs/cpp_extension.o google/protobuf/compiler/cpp/.libs/cpp_field.o google/protobuf/compiler/cpp/.libs/cpp_file.o google/protobuf/compiler/cpp/.libs/cpp_generator.o google/protobuf/compiler/cpp/.libs/cpp_helpers.o google/protobuf/compiler/cpp/.libs/cpp_map_field.o google/protobuf/compiler/cpp/.libs/cpp_message.o google/protobuf/compiler/cpp/.libs/cpp_message_field.o google/protobuf/compiler/cpp/.libs/cpp_padding_optimizer.o google/protobuf/compiler/cpp/.libs/cpp_primitive_field.o google/protobuf/compiler/cpp/.libs/cpp_service.o google/protobuf/compiler/cpp/.libs/cpp_string_field.o   -Wl,-rpath -Wl,/tmp/Rtmp2qsns7/R.INSTALL1205577ca0da/RProtoBufLib/src/pb_build/lib -L/tmp/Rtmp2qsns7/R.INSTALL1205577ca0da/RProtoBufLib/src/pb_build/lib -lprotobuf -lz -L/usr/lib/gcc/x86_64-linux-gnu/11 -L/usr/lib/gcc/x86_64-linux-gnu/11/../../../x86_64-linux-gnu -L/usr/lib/gcc/x86_64-linux-gnu/11/../../../../lib -L/lib/x86_64-linux-gnu -L/lib/../lib -L/usr/lib/x86_64-linux-gnu -L/usr/lib/../lib -L/usr/local/cuda/lib64/stubs -L/usr/lib/gcc/x86_64-linux-gnu/11/../../.. -lstdc++ -lm -lc -lgcc_s /usr/lib/gcc/x86_64-linux-gnu/11/crtendS.o /usr/lib/gcc/x86_64-linux-gnu/11/../../../x86_64-linux-gnu/crtn.o  -pthread -g -O2 -fstack-protector-strong -Wl,--version-script=./libprotoc.map -Wl,-Bsymbolic-functions -flto=auto -flto=auto -Wl,-z -Wl,relro   -pthread -Wl,-soname -Wl,libprotoc.so.19 -o .libs/libprotoc.so.19.0.0
libtool: install: /usr/bin/install -c .libs/libprotoc.so.19.0.0T /tmp/Rtmp2qsns7/R.INSTALL1205577ca0da/RProtoBufLib/src/pb_build/lib/libprotoc.so.19.0.0
libtool: install: (cd /tmp/Rtmp2qsns7/R.INSTALL1205577ca0da/RProtoBufLib/src/pb_build/lib && { ln -s -f libprotoc.so.19.0.0 libprotoc.so.19 || { rm -f libprotoc.so.19 && ln -s libprotoc.so.19.0.0 libprotoc.so.19; }; })
libtool: install: (cd /tmp/Rtmp2qsns7/R.INSTALL1205577ca0da/RProtoBufLib/src/pb_build/lib && { ln -s -f libprotoc.so.19.0.0 libprotoc.so || { rm -f libprotoc.so && ln -s libprotoc.so.19.0.0 libprotoc.so; }; })
libtool: install: /usr/bin/install -c .libs/libprotoc.lai /tmp/Rtmp2qsns7/R.INSTALL1205577ca0da/RProtoBufLib/src/pb_build/lib/libprotoc.la
libtool: finish: PATH="/opt/conda/bin:/usr/local/nvidia/bin:/usr/local/cuda/bin:/usr/local/sbin:/usr/local/bin:/usr/sbin:/usr/bin:/sbin:/bin:/home/jupyter/.local/bin:/home/jupyter/packages/bin:/sbin" ldconfig -n /tmp/Rtmp2qsns7/R.INSTALL1205577ca0da/RProtoBufLib/src/pb_build/lib
----------------------------------------------------------------------
Libraries have been installed in:
   /tmp/Rtmp2qsns7/R.INSTALL1205577ca0da/RProtoBufLib/src/pb_build/lib

If you ever happen to want to link against installed libraries
in a given directory, LIBDIR, you must either use libtool, and
specify the full pathname of the library, or use the '-LLIBDIR'
flag during linking and do at least one of the following:
   - add LIBDIR to the 'LD_LIBRARY_PATH' environment variable
     during execution
   - add LIBDIR to the 'LD_RUN_PATH' environment variable
     during linking
   - use the '-Wl,-rpath -Wl,LIBDIR' linker flag
   - have your system administrator add LIBDIR to '/etc/ld.so.conf'

See any operating system documentation about shared libraries for
more information, such as the ld(1) and ld.so(8) manual pages.
----------------------------------------------------------------------
 /usr/bin/mkdir -p '/tmp/Rtmp2qsns7/R.INSTALL1205577ca0da/RProtoBufLib/src/pb_build/bin'
  /bin/bash ../libtool   --mode=install /usr/bin/install -c protoc '/tmp/Rtmp2qsns7/R.INSTALL1205577ca0da/RProtoBufLib/src/pb_build/bin'
libtool: install: /usr/bin/install -c .libs/protoc /tmp/Rtmp2qsns7/R.INSTALL1205577ca0da/RProtoBufLib/src/pb_build/bin/protoc
 /usr/bin/mkdir -p '/tmp/Rtmp2qsns7/R.INSTALL1205577ca0da/RProtoBufLib/src/pb_build/include'
 /usr/bin/mkdir -p '/tmp/Rtmp2qsns7/R.INSTALL1205577ca0da/RProtoBufLib/src/pb_build/include/google/protobuf/compiler'
 /usr/bin/install -c -m 644  google/protobuf/compiler/plugin.proto '/tmp/Rtmp2qsns7/R.INSTALL1205577ca0da/RProtoBufLib/src/pb_build/include/google/protobuf/compiler'
 /usr/bin/mkdir -p '/tmp/Rtmp2qsns7/R.INSTALL1205577ca0da/RProtoBufLib/src/pb_build/include/google/protobuf'
 /usr/bin/install -c -m 644  google/protobuf/descriptor.proto google/protobuf/any.proto google/protobuf/api.proto google/protobuf/duration.proto google/protobuf/empty.proto google/protobuf/field_mask.proto google/protobuf/source_context.proto google/protobuf/struct.proto google/protobuf/timestamp.proto google/protobuf/type.proto google/protobuf/wrappers.proto '/tmp/Rtmp2qsns7/R.INSTALL1205577ca0da/RProtoBufLib/src/pb_build/include/google/protobuf'
 /usr/bin/mkdir -p '/tmp/Rtmp2qsns7/R.INSTALL1205577ca0da/RProtoBufLib/src/pb_build/include'
 /usr/bin/mkdir -p '/tmp/Rtmp2qsns7/R.INSTALL1205577ca0da/RProtoBufLib/src/pb_build/include/google/protobuf'
 /usr/bin/install -c -m 644  google/protobuf/any.pb.h google/protobuf/api.pb.h google/protobuf/any.h google/protobuf/arena.h google/protobuf/arena_impl.h google/protobuf/arenastring.h google/protobuf/descriptor_database.h google/protobuf/descriptor.h google/protobuf/descriptor.pb.h google/protobuf/duration.pb.h google/protobuf/dynamic_message.h google/protobuf/empty.pb.h google/protobuf/extension_set.h google/protobuf/extension_set_inl.h google/protobuf/field_mask.pb.h google/protobuf/generated_enum_reflection.h google/protobuf/generated_enum_util.h google/protobuf/generated_message_reflection.h google/protobuf/generated_message_table_driven.h google/protobuf/generated_message_util.h google/protobuf/has_bits.h google/protobuf/implicit_weak_message.h google/protobuf/inlined_string_field.h google/protobuf/map_entry.h google/protobuf/map_entry_lite.h google/protobuf/map_field.h google/protobuf/map_field_inl.h google/protobuf/map_field_lite.h google/protobuf/map.h google/protobuf/map_type_handler.h google/protobuf/message.h google/protobuf/message_lite.h google/protobuf/metadata.h google/protobuf/metadata_lite.h google/protobuf/parse_context.h google/protobuf/port.h google/protobuf/port_def.inc google/protobuf/port_undef.inc google/protobuf/reflection.h google/protobuf/reflection_ops.h '/tmp/Rtmp2qsns7/R.INSTALL1205577ca0da/RProtoBufLib/src/pb_build/include/google/protobuf'
 /usr/bin/mkdir -p '/tmp/Rtmp2qsns7/R.INSTALL1205577ca0da/RProtoBufLib/src/pb_build/include/google/protobuf/compiler'
 /usr/bin/install -c -m 644  google/protobuf/compiler/code_generator.h google/protobuf/compiler/command_line_interface.h google/protobuf/compiler/importer.h google/protobuf/compiler/parser.h google/protobuf/compiler/plugin.h google/protobuf/compiler/plugin.pb.h '/tmp/Rtmp2qsns7/R.INSTALL1205577ca0da/RProtoBufLib/src/pb_build/include/google/protobuf/compiler'
 /usr/bin/mkdir -p '/tmp/Rtmp2qsns7/R.INSTALL1205577ca0da/RProtoBufLib/src/pb_build/include/google/protobuf/compiler/cpp'
 /usr/bin/install -c -m 644  google/protobuf/compiler/cpp/cpp_generator.h '/tmp/Rtmp2qsns7/R.INSTALL1205577ca0da/RProtoBufLib/src/pb_build/include/google/protobuf/compiler/cpp'
 /usr/bin/mkdir -p '/tmp/Rtmp2qsns7/R.INSTALL1205577ca0da/RProtoBufLib/src/pb_build/include/google/protobuf/util'
 /usr/bin/install -c -m 644  google/protobuf/util/type_resolver.h google/protobuf/util/delimited_message_util.h google/protobuf/util/field_comparator.h google/protobuf/util/field_mask_util.h google/protobuf/util/json_util.h google/protobuf/util/time_util.h google/protobuf/util/type_resolver_util.h google/protobuf/util/message_differencer.h '/tmp/Rtmp2qsns7/R.INSTALL1205577ca0da/RProtoBufLib/src/pb_build/include/google/protobuf/util'
 /usr/bin/mkdir -p '/tmp/Rtmp2qsns7/R.INSTALL1205577ca0da/RProtoBufLib/src/pb_build/include/google/protobuf/stubs'
 /usr/bin/install -c -m 644  google/protobuf/stubs/callback.h google/protobuf/stubs/bytestream.h google/protobuf/stubs/casts.h google/protobuf/stubs/common.h google/protobuf/stubs/fastmem.h google/protobuf/stubs/hash.h google/protobuf/stubs/logging.h google/protobuf/stubs/macros.h google/protobuf/stubs/mutex.h google/protobuf/stubs/once.h google/protobuf/stubs/platform_macros.h google/protobuf/stubs/port.h google/protobuf/stubs/status.h google/protobuf/stubs/stl_util.h google/protobuf/stubs/stringpiece.h google/protobuf/stubs/strutil.h google/protobuf/stubs/template_util.h '/tmp/Rtmp2qsns7/R.INSTALL1205577ca0da/RProtoBufLib/src/pb_build/include/google/protobuf/stubs'
 /usr/bin/mkdir -p '/tmp/Rtmp2qsns7/R.INSTALL1205577ca0da/RProtoBufLib/src/pb_build/include/google/protobuf'
 /usr/bin/install -c -m 644  google/protobuf/repeated_field.h google/protobuf/service.h google/protobuf/source_context.pb.h google/protobuf/struct.pb.h google/protobuf/text_format.h google/protobuf/timestamp.pb.h google/protobuf/type.pb.h google/protobuf/unknown_field_set.h google/protobuf/wire_format.h google/protobuf/wire_format_lite.h google/protobuf/wrappers.pb.h '/tmp/Rtmp2qsns7/R.INSTALL1205577ca0da/RProtoBufLib/src/pb_build/include/google/protobuf'
 /usr/bin/mkdir -p '/tmp/Rtmp2qsns7/R.INSTALL1205577ca0da/RProtoBufLib/src/pb_build/include/google/protobuf/io'
 /usr/bin/install -c -m 644  google/protobuf/io/coded_stream.h google/protobuf/io/gzip_stream.h google/protobuf/io/printer.h google/protobuf/io/strtod.h google/protobuf/io/tokenizer.h google/protobuf/io/zero_copy_stream.h google/protobuf/io/zero_copy_stream_impl.h google/protobuf/io/zero_copy_stream_impl_lite.h '/tmp/Rtmp2qsns7/R.INSTALL1205577ca0da/RProtoBufLib/src/pb_build/include/google/protobuf/io'
make[2]: Leaving directory '/tmp/Rtmp2qsns7/R.INSTALL1205577ca0da/RProtoBufLib/src/protobuf-3.8.0/src'
make[1]: Leaving directory '/tmp/Rtmp2qsns7/R.INSTALL1205577ca0da/RProtoBufLib/src/protobuf-3.8.0/src'
configure: creating ./config.status
config.status: creating src/Makevars
** libs
using C++ compiler: ‘g++ (Ubuntu 11.4.0-1ubuntu1~22.04) 11.4.0’
using C++11
g++ -std=gnu++11 -shared -fpic -I../inst/include/ -I/tmp/Rtmp2qsns7/R.INSTALL1205577ca0da/RProtoBufLib/src/pb_build/include/ -o GatingSet_pb_lib/libGatingSet.pb.so GatingSet_pb_lib/GatingSet.pb.cc
mkdir -p "/usr/local/lib/R/site-library/00LOCK-RProtoBufLib/00new/RProtoBufLib/include"
cp -r /tmp/Rtmp2qsns7/R.INSTALL1205577ca0da/RProtoBufLib/src/pb_build/include/google /usr/local/lib/R/site-library/00LOCK-RProtoBufLib/00new/RProtoBufLib/include
mkdir -p "/usr/local/lib/R/site-library/00LOCK-RProtoBufLib/00new/RProtoBufLib/lib/"
cp /tmp/Rtmp2qsns7/R.INSTALL1205577ca0da/RProtoBufLib/src/pb_build/lib/libprotobuf* /usr/local/lib/R/site-library/00LOCK-RProtoBufLib/00new/RProtoBufLib/lib/
cp GatingSet_pb_lib/libGatingSet.pb.so /usr/local/lib/R/site-library/00LOCK-RProtoBufLib/00new/RProtoBufLib/lib//libGatingSet.pb.so
g++ -std=gnu++11 -I"/usr/share/R/include" -DNDEBUG -I../inst/include/ -I/tmp/Rtmp2qsns7/R.INSTALL1205577ca0da/RProtoBufLib/src/pb_build/include/      -fpic  -g -O2 -ffile-prefix-map=/build/r-base-rgGXCp/r-base-4.5.0=. -fstack-protector-strong -Wformat -Werror=format-security -Wdate-time -D_FORTIFY_SOURCE=2   -c dummy.cpp -o dummy.o
g++ -std=gnu++11 -shared -L/usr/lib/R/lib -Wl,-Bsymbolic-functions -flto=auto -ffat-lto-objects -flto=auto -Wl,-z,relro -o RProtoBufLib.so dummy.o -L/usr/lib/R/lib -lR
installing to /usr/local/lib/R/site-library/00LOCK-RProtoBufLib/00new/RProtoBufLib/libs
** R
** inst
** byte-compile and prepare package for lazy loading
** help
*** installing help indices
** building package indices
** installing vignettes
** testing if installed package can be loaded from temporary location
** checking absolute paths in shared objects and dynamic libraries
** testing if installed package can be loaded from final location
** testing if installed package keeps a record of temporary installation path
* creating tarball
packaged installation of ‘RProtoBufLib’ as ‘RProtoBufLib_2.20.0_R_x86_64-pc-linux-gnu.tar.gz’
* DONE (RProtoBufLib)
* installing *source* package ‘mnormt’ ...
** this is package ‘mnormt’ version ‘2.1.1’
** package ‘mnormt’ successfully unpacked and MD5 sums checked
** using staged installation
** libs
using C compiler: ‘gcc (Ubuntu 11.4.0-1ubuntu1~22.04) 11.4.0’
using Fortran compiler: ‘GNU Fortran (Ubuntu 11.4.0-1ubuntu1~22.04) 11.4.0’
gfortran  -fpic  -g -O2 -ffile-prefix-map=/build/r-base-rgGXCp/r-base-4.5.0=. -fstack-protector-strong  -c biv-nt.f -o biv-nt.o
gcc -I"/usr/share/R/include" -DNDEBUG       -fpic  -g -O2 -ffile-prefix-map=/build/r-base-rgGXCp/r-base-4.5.0=. -fstack-protector-strong -Wformat -Werror=format-security -Wdate-time -D_FORTIFY_SOURCE=2  -c mnormt_init.c -o mnormt_init.o
gfortran  -fpic  -g -O2 -ffile-prefix-map=/build/r-base-rgGXCp/r-base-4.5.0=. -fstack-protector-strong  -c rtmng.f -o rtmng.o
gfortran  -fpic  -g -O2 -ffile-prefix-map=/build/r-base-rgGXCp/r-base-4.5.0=. -fstack-protector-strong  -c sadmvnt.f -o sadmvnt.o
gfortran  -fpic  -g -O2 -ffile-prefix-map=/build/r-base-rgGXCp/r-base-4.5.0=. -fstack-protector-strong  -c tvpack.f -o tvpack.o
gcc -shared -L/usr/lib/R/lib -Wl,-Bsymbolic-functions -flto=auto -ffat-lto-objects -flto=auto -Wl,-z,relro -o mnormt.so biv-nt.o mnormt_init.o rtmng.o sadmvnt.o tvpack.o -lgfortran -lm -lquadmath -L/usr/lib/R/lib -lR
installing to /usr/local/lib/R/site-library/00LOCK-mnormt/00new/mnormt/libs
** R
** inst
** byte-compile and prepare package for lazy loading
** help
*** installing help indices
** building package indices
** testing if installed package can be loaded from temporary location
** checking absolute paths in shared objects and dynamic libraries
** testing if installed package can be loaded from final location
** testing if installed package keeps a record of temporary installation path
* creating tarball
packaged installation of ‘mnormt’ as ‘mnormt_2.1.1_R_x86_64-pc-linux-gnu.tar.gz’
* DONE (mnormt)
* installing *source* package ‘numDeriv’ ...
** this is package ‘numDeriv’ version ‘2016.8-1.1’
** package ‘numDeriv’ successfully unpacked and MD5 sums checked
** using staged installation
** R
** inst
** byte-compile and prepare package for lazy loading
** help
*** installing help indices
** building package indices
** installing vignettes
** testing if installed package can be loaded from temporary location
** testing if installed package can be loaded from final location
** testing if installed package keeps a record of temporary installation path
* creating tarball
packaged installation of ‘numDeriv’ as ‘numDeriv_2016.8-1.1_R_x86_64-pc-linux-gnu.tar.gz’
* DONE (numDeriv)
* installing *source* package ‘checkmate’ ...
** this is package ‘checkmate’ version ‘2.3.2’
** package ‘checkmate’ successfully unpacked and MD5 sums checked
** using staged installation
** libs
using C compiler: ‘gcc (Ubuntu 11.4.0-1ubuntu1~22.04) 11.4.0’
gcc -I"/usr/share/R/include" -DNDEBUG       -fpic  -g -O2 -ffile-prefix-map=/build/r-base-rgGXCp/r-base-4.5.0=. -fstack-protector-strong -Wformat -Werror=format-security -Wdate-time -D_FORTIFY_SOURCE=2  -c all_missing.c -o all_missing.o
gcc -I"/usr/share/R/include" -DNDEBUG       -fpic  -g -O2 -ffile-prefix-map=/build/r-base-rgGXCp/r-base-4.5.0=. -fstack-protector-strong -Wformat -Werror=format-security -Wdate-time -D_FORTIFY_SOURCE=2  -c any_infinite.c -o any_infinite.o
gcc -I"/usr/share/R/include" -DNDEBUG       -fpic  -g -O2 -ffile-prefix-map=/build/r-base-rgGXCp/r-base-4.5.0=. -fstack-protector-strong -Wformat -Werror=format-security -Wdate-time -D_FORTIFY_SOURCE=2  -c any_missing.c -o any_missing.o
gcc -I"/usr/share/R/include" -DNDEBUG       -fpic  -g -O2 -ffile-prefix-map=/build/r-base-rgGXCp/r-base-4.5.0=. -fstack-protector-strong -Wformat -Werror=format-security -Wdate-time -D_FORTIFY_SOURCE=2  -c any_nan.c -o any_nan.o
gcc -I"/usr/share/R/include" -DNDEBUG       -fpic  -g -O2 -ffile-prefix-map=/build/r-base-rgGXCp/r-base-4.5.0=. -fstack-protector-strong -Wformat -Werror=format-security -Wdate-time -D_FORTIFY_SOURCE=2  -c checks.c -o checks.o
gcc -I"/usr/share/R/include" -DNDEBUG       -fpic  -g -O2 -ffile-prefix-map=/build/r-base-rgGXCp/r-base-4.5.0=. -fstack-protector-strong -Wformat -Werror=format-security -Wdate-time -D_FORTIFY_SOURCE=2  -c find_nchar.c -o find_nchar.o
gcc -I"/usr/share/R/include" -DNDEBUG       -fpic  -g -O2 -ffile-prefix-map=/build/r-base-rgGXCp/r-base-4.5.0=. -fstack-protector-strong -Wformat -Werror=format-security -Wdate-time -D_FORTIFY_SOURCE=2  -c guess_type.c -o guess_type.o
gcc -I"/usr/share/R/include" -DNDEBUG       -fpic  -g -O2 -ffile-prefix-map=/build/r-base-rgGXCp/r-base-4.5.0=. -fstack-protector-strong -Wformat -Werror=format-security -Wdate-time -D_FORTIFY_SOURCE=2  -c helper.c -o helper.o
gcc -I"/usr/share/R/include" -DNDEBUG       -fpic  -g -O2 -ffile-prefix-map=/build/r-base-rgGXCp/r-base-4.5.0=. -fstack-protector-strong -Wformat -Werror=format-security -Wdate-time -D_FORTIFY_SOURCE=2  -c init.c -o init.o
gcc -I"/usr/share/R/include" -DNDEBUG       -fpic  -g -O2 -ffile-prefix-map=/build/r-base-rgGXCp/r-base-4.5.0=. -fstack-protector-strong -Wformat -Werror=format-security -Wdate-time -D_FORTIFY_SOURCE=2  -c integerish.c -o integerish.o
gcc -I"/usr/share/R/include" -DNDEBUG       -fpic  -g -O2 -ffile-prefix-map=/build/r-base-rgGXCp/r-base-4.5.0=. -fstack-protector-strong -Wformat -Werror=format-security -Wdate-time -D_FORTIFY_SOURCE=2  -c is_sorted.c -o is_sorted.o
gcc -I"/usr/share/R/include" -DNDEBUG       -fpic  -g -O2 -ffile-prefix-map=/build/r-base-rgGXCp/r-base-4.5.0=. -fstack-protector-strong -Wformat -Werror=format-security -Wdate-time -D_FORTIFY_SOURCE=2  -c qassert.c -o qassert.o
gcc -I"/usr/share/R/include" -DNDEBUG       -fpic  -g -O2 -ffile-prefix-map=/build/r-base-rgGXCp/r-base-4.5.0=. -fstack-protector-strong -Wformat -Werror=format-security -Wdate-time -D_FORTIFY_SOURCE=2  -c which_first.c -o which_first.o
gcc -shared -L/usr/lib/R/lib -Wl,-Bsymbolic-functions -flto=auto -ffat-lto-objects -flto=auto -Wl,-z,relro -o checkmate.so all_missing.o any_infinite.o any_missing.o any_nan.o checks.o find_nchar.o guess_type.o helper.o init.o integerish.o is_sorted.o qassert.o which_first.o -L/usr/lib/R/lib -lR
installing to /usr/local/lib/R/site-library/00LOCK-checkmate/00new/checkmate/libs
** R
** inst
** byte-compile and prepare package for lazy loading
** help
*** installing help indices
** building package indices
** installing vignettes
** testing if installed package can be loaded from temporary location
** checking absolute paths in shared objects and dynamic libraries
** testing if installed package can be loaded from final location
** testing if installed package keeps a record of temporary installation path
* creating tarball
packaged installation of ‘checkmate’ as ‘checkmate_2.3.2_R_x86_64-pc-linux-gnu.tar.gz’
* DONE (checkmate)
* installing *source* package ‘fastmatch’ ...
** this is package ‘fastmatch’ version ‘1.1-6’
** package ‘fastmatch’ successfully unpacked and MD5 sums checked
** using staged installation
** libs
using C compiler: ‘gcc (Ubuntu 11.4.0-1ubuntu1~22.04) 11.4.0’
gcc -I"/usr/share/R/include" -DNDEBUG       -fpic  -g -O2 -ffile-prefix-map=/build/r-base-rgGXCp/r-base-4.5.0=. -fstack-protector-strong -Wformat -Werror=format-security -Wdate-time -D_FORTIFY_SOURCE=2  -c ctapply.c -o ctapply.o
gcc -I"/usr/share/R/include" -DNDEBUG       -fpic  -g -O2 -ffile-prefix-map=/build/r-base-rgGXCp/r-base-4.5.0=. -fstack-protector-strong -Wformat -Werror=format-security -Wdate-time -D_FORTIFY_SOURCE=2  -c dummy.c -o dummy.o
gcc -I"/usr/share/R/include" -DNDEBUG       -fpic  -g -O2 -ffile-prefix-map=/build/r-base-rgGXCp/r-base-4.5.0=. -fstack-protector-strong -Wformat -Werror=format-security -Wdate-time -D_FORTIFY_SOURCE=2  -c fasthash.c -o fasthash.o
gcc -I"/usr/share/R/include" -DNDEBUG       -fpic  -g -O2 -ffile-prefix-map=/build/r-base-rgGXCp/r-base-4.5.0=. -fstack-protector-strong -Wformat -Werror=format-security -Wdate-time -D_FORTIFY_SOURCE=2  -c fastmatch.c -o fastmatch.o
gcc -shared -L/usr/lib/R/lib -Wl,-Bsymbolic-functions -flto=auto -ffat-lto-objects -flto=auto -Wl,-z,relro -o fastmatch.so ctapply.o dummy.o fasthash.o fastmatch.o -L/usr/lib/R/lib -lR
installing to /usr/local/lib/R/site-library/00LOCK-fastmatch/00new/fastmatch/libs
** R
** byte-compile and prepare package for lazy loading
** help
*** installing help indices
** building package indices
** testing if installed package can be loaded from temporary location
** checking absolute paths in shared objects and dynamic libraries
** testing if installed package can be loaded from final location
** testing if installed package keeps a record of temporary installation path
* creating tarball
packaged installation of ‘fastmatch’ as ‘fastmatch_1.1-6_R_x86_64-pc-linux-gnu.tar.gz’
* DONE (fastmatch)
* installing *source* package ‘plotrix’ ...
** this is package ‘plotrix’ version ‘3.8-4’
** package ‘plotrix’ successfully unpacked and MD5 sums checked
** using staged installation
** R
** data
** demo
** inst
** byte-compile and prepare package for lazy loading
** help
*** installing help indices
** building package indices
** testing if installed package can be loaded from temporary location
** testing if installed package can be loaded from final location
** testing if installed package keeps a record of temporary installation path
* creating tarball
packaged installation of ‘plotrix’ as ‘plotrix_3.8-4_R_x86_64-pc-linux-gnu.tar.gz’
* DONE (plotrix)
* installing *source* package ‘clue’ ...
** this is package ‘clue’ version ‘0.3-66’
** package ‘clue’ successfully unpacked and MD5 sums checked
** using staged installation
** libs
using C compiler: ‘gcc (Ubuntu 11.4.0-1ubuntu1~22.04) 11.4.0’
gcc -I"/usr/share/R/include" -DNDEBUG       -fpic  -g -O2 -ffile-prefix-map=/build/r-base-rgGXCp/r-base-4.5.0=. -fstack-protector-strong -Wformat -Werror=format-security -Wdate-time -D_FORTIFY_SOURCE=2  -c assignment.c -o assignment.o
gcc -I"/usr/share/R/include" -DNDEBUG       -fpic  -g -O2 -ffile-prefix-map=/build/r-base-rgGXCp/r-base-4.5.0=. -fstack-protector-strong -Wformat -Werror=format-security -Wdate-time -D_FORTIFY_SOURCE=2  -c clue.c -o clue.o
gcc -I"/usr/share/R/include" -DNDEBUG       -fpic  -g -O2 -ffile-prefix-map=/build/r-base-rgGXCp/r-base-4.5.0=. -fstack-protector-strong -Wformat -Werror=format-security -Wdate-time -D_FORTIFY_SOURCE=2  -c init.c -o init.o
gcc -I"/usr/share/R/include" -DNDEBUG       -fpic  -g -O2 -ffile-prefix-map=/build/r-base-rgGXCp/r-base-4.5.0=. -fstack-protector-strong -Wformat -Werror=format-security -Wdate-time -D_FORTIFY_SOURCE=2  -c lsap.c -o lsap.o
gcc -I"/usr/share/R/include" -DNDEBUG       -fpic  -g -O2 -ffile-prefix-map=/build/r-base-rgGXCp/r-base-4.5.0=. -fstack-protector-strong -Wformat -Werror=format-security -Wdate-time -D_FORTIFY_SOURCE=2  -c trees.c -o trees.o
gcc -shared -L/usr/lib/R/lib -Wl,-Bsymbolic-functions -flto=auto -ffat-lto-objects -flto=auto -Wl,-z,relro -o clue.so assignment.o clue.o init.o lsap.o trees.o -L/usr/lib/R/lib -lR
installing to /usr/local/lib/R/site-library/00LOCK-clue/00new/clue/libs
** R
** data
** inst
** byte-compile and prepare package for lazy loading
** help
*** installing help indices
** building package indices
** installing vignettes
** testing if installed package can be loaded from temporary location
** checking absolute paths in shared objects and dynamic libraries
** testing if installed package can be loaded from final location
** testing if installed package keeps a record of temporary installation path
* creating tarball
packaged installation of ‘clue’ as ‘clue_0.3-66_R_x86_64-pc-linux-gnu.tar.gz’
* DONE (clue)
* installing *source* package ‘openxlsx’ ...
** this is package ‘openxlsx’ version ‘4.2.8’
** package ‘openxlsx’ successfully unpacked and MD5 sums checked
** using staged installation
** libs
using C++ compiler: ‘g++ (Ubuntu 11.4.0-1ubuntu1~22.04) 11.4.0’
g++ -std=gnu++17 -I"/usr/share/R/include" -DNDEBUG  -I'/usr/local/lib/R/site-library/Rcpp/include'     -fpic  -g -O2 -ffile-prefix-map=/build/r-base-rgGXCp/r-base-4.5.0=. -fstack-protector-strong -Wformat -Werror=format-security -Wdate-time -D_FORTIFY_SOURCE=2   -c RcppExports.cpp -o RcppExports.o
g++ -std=gnu++17 -I"/usr/share/R/include" -DNDEBUG  -I'/usr/local/lib/R/site-library/Rcpp/include'     -fpic  -g -O2 -ffile-prefix-map=/build/r-base-rgGXCp/r-base-4.5.0=. -fstack-protector-strong -Wformat -Werror=format-security -Wdate-time -D_FORTIFY_SOURCE=2   -c helper_functions.cpp -o helper_functions.o
g++ -std=gnu++17 -I"/usr/share/R/include" -DNDEBUG  -I'/usr/local/lib/R/site-library/Rcpp/include'     -fpic  -g -O2 -ffile-prefix-map=/build/r-base-rgGXCp/r-base-4.5.0=. -fstack-protector-strong -Wformat -Werror=format-security -Wdate-time -D_FORTIFY_SOURCE=2   -c load_workbook.cpp -o load_workbook.o
g++ -std=gnu++17 -I"/usr/share/R/include" -DNDEBUG  -I'/usr/local/lib/R/site-library/Rcpp/include'     -fpic  -g -O2 -ffile-prefix-map=/build/r-base-rgGXCp/r-base-4.5.0=. -fstack-protector-strong -Wformat -Werror=format-security -Wdate-time -D_FORTIFY_SOURCE=2   -c read_workbook.cpp -o read_workbook.o
g++ -std=gnu++17 -I"/usr/share/R/include" -DNDEBUG  -I'/usr/local/lib/R/site-library/Rcpp/include'     -fpic  -g -O2 -ffile-prefix-map=/build/r-base-rgGXCp/r-base-4.5.0=. -fstack-protector-strong -Wformat -Werror=format-security -Wdate-time -D_FORTIFY_SOURCE=2   -c write_data.cpp -o write_data.o
g++ -std=gnu++17 -I"/usr/share/R/include" -DNDEBUG  -I'/usr/local/lib/R/site-library/Rcpp/include'     -fpic  -g -O2 -ffile-prefix-map=/build/r-base-rgGXCp/r-base-4.5.0=. -fstack-protector-strong -Wformat -Werror=format-security -Wdate-time -D_FORTIFY_SOURCE=2   -c write_file.cpp -o write_file.o
g++ -std=gnu++17 -I"/usr/share/R/include" -DNDEBUG  -I'/usr/local/lib/R/site-library/Rcpp/include'     -fpic  -g -O2 -ffile-prefix-map=/build/r-base-rgGXCp/r-base-4.5.0=. -fstack-protector-strong -Wformat -Werror=format-security -Wdate-time -D_FORTIFY_SOURCE=2   -c write_file_2.cpp -o write_file_2.o
g++ -std=gnu++17 -shared -L/usr/lib/R/lib -Wl,-Bsymbolic-functions -flto=auto -ffat-lto-objects -flto=auto -Wl,-z,relro -o openxlsx.so RcppExports.o helper_functions.o load_workbook.o read_workbook.o write_data.o write_file.o write_file_2.o -L/usr/lib/R/lib -lR
installing to /usr/local/lib/R/site-library/00LOCK-openxlsx/00new/openxlsx/libs
** R
** data
*** moving datasets to lazyload DB
** inst
** byte-compile and prepare package for lazy loading
** help
*** installing help indices
*** copying figures
** building package indices
** installing vignettes
** testing if installed package can be loaded from temporary location
** checking absolute paths in shared objects and dynamic libraries
** testing if installed package can be loaded from final location
** testing if installed package keeps a record of temporary installation path
* creating tarball
packaged installation of ‘openxlsx’ as ‘openxlsx_4.2.8_R_x86_64-pc-linux-gnu.tar.gz’
* DONE (openxlsx)
* installing *source* package ‘SamSPECTRAL’ ...
** this is package ‘SamSPECTRAL’ version ‘1.62.0’
** using staged installation
** libs
using C compiler: ‘gcc (Ubuntu 11.4.0-1ubuntu1~22.04) 11.4.0’
gcc -I"/usr/share/R/include" -DNDEBUG       -fpic  -g -O2 -ffile-prefix-map=/build/r-base-rgGXCp/r-base-4.5.0=. -fstack-protector-strong -Wformat -Werror=format-security -Wdate-time -D_FORTIFY_SOURCE=2  -c Rinit.c -o Rinit.o
gcc -I"/usr/share/R/include" -DNDEBUG       -fpic  -g -O2 -ffile-prefix-map=/build/r-base-rgGXCp/r-base-4.5.0=. -fstack-protector-strong -Wformat -Werror=format-security -Wdate-time -D_FORTIFY_SOURCE=2  -c conductance_computation.c -o conductance_computation.o
gcc -I"/usr/share/R/include" -DNDEBUG       -fpic  -g -O2 -ffile-prefix-map=/build/r-base-rgGXCp/r-base-4.5.0=. -fstack-protector-strong -Wformat -Werror=format-security -Wdate-time -D_FORTIFY_SOURCE=2  -c maximum_of_rows.c -o maximum_of_rows.o
gcc -shared -L/usr/lib/R/lib -Wl,-Bsymbolic-functions -flto=auto -ffat-lto-objects -flto=auto -Wl,-z,relro -o SamSPECTRAL.so Rinit.o conductance_computation.o maximum_of_rows.o -L/usr/lib/R/lib -lR
installing to /usr/local/lib/R/site-library/00LOCK-SamSPECTRAL/00new/SamSPECTRAL/libs
** R
** data
** inst
** byte-compile and prepare package for lazy loading
** help
*** installing help indices
** building package indices
** installing vignettes
** testing if installed package can be loaded from temporary location
** checking absolute paths in shared objects and dynamic libraries
** testing if installed package can be loaded from final location
** testing if installed package keeps a record of temporary installation path
* creating tarball
packaged installation of ‘SamSPECTRAL’ as ‘SamSPECTRAL_1.62.0_R_x86_64-pc-linux-gnu.tar.gz’
* DONE (SamSPECTRAL)
* installing *source* package ‘mvtnorm’ ...
** this is package ‘mvtnorm’ version ‘1.3-3’
** package ‘mvtnorm’ successfully unpacked and MD5 sums checked
** using staged installation
** libs
using C compiler: ‘gcc (Ubuntu 11.4.0-1ubuntu1~22.04) 11.4.0’
using Fortran compiler: ‘GNU Fortran (Ubuntu 11.4.0-1ubuntu1~22.04) 11.4.0’
gcc -I"/usr/share/R/include" -DNDEBUG      -fvisibility=hidden -fpic  -g -O2 -ffile-prefix-map=/build/r-base-rgGXCp/r-base-4.5.0=. -fstack-protector-strong -Wformat -Werror=format-security -Wdate-time -D_FORTIFY_SOURCE=2  -c C_FORTRAN_interface.c -o C_FORTRAN_interface.o
gcc -I"/usr/share/R/include" -DNDEBUG      -fvisibility=hidden -fpic  -g -O2 -ffile-prefix-map=/build/r-base-rgGXCp/r-base-4.5.0=. -fstack-protector-strong -Wformat -Werror=format-security -Wdate-time -D_FORTIFY_SOURCE=2  -c lpmvnorm.c -o lpmvnorm.o
gcc -I"/usr/share/R/include" -DNDEBUG      -fvisibility=hidden -fpic  -g -O2 -ffile-prefix-map=/build/r-base-rgGXCp/r-base-4.5.0=. -fstack-protector-strong -Wformat -Werror=format-security -Wdate-time -D_FORTIFY_SOURCE=2  -c ltMatrices.c -o ltMatrices.o
gcc -I"/usr/share/R/include" -DNDEBUG      -fvisibility=hidden -fpic  -g -O2 -ffile-prefix-map=/build/r-base-rgGXCp/r-base-4.5.0=. -fstack-protector-strong -Wformat -Werror=format-security -Wdate-time -D_FORTIFY_SOURCE=2  -c miwa.c -o miwa.o
gfortran  -fpic  -g -O2 -ffile-prefix-map=/build/r-base-rgGXCp/r-base-4.5.0=. -fstack-protector-strong  -c mvt.f -o mvt.o
gcc -I"/usr/share/R/include" -DNDEBUG      -fvisibility=hidden -fpic  -g -O2 -ffile-prefix-map=/build/r-base-rgGXCp/r-base-4.5.0=. -fstack-protector-strong -Wformat -Werror=format-security -Wdate-time -D_FORTIFY_SOURCE=2  -c mvtnorm-init.c -o mvtnorm-init.o
gfortran  -fpic  -g -O2 -ffile-prefix-map=/build/r-base-rgGXCp/r-base-4.5.0=. -fstack-protector-strong  -c tvpack.f -o tvpack.o
gcc -shared -L/usr/lib/R/lib -Wl,-Bsymbolic-functions -flto=auto -ffat-lto-objects -flto=auto -Wl,-z,relro -o mvtnorm.so C_FORTRAN_interface.o lpmvnorm.o ltMatrices.o miwa.o mvt.o mvtnorm-init.o tvpack.o -llapack -lblas -lgfortran -lm -lquadmath -lgfortran -lm -lquadmath -L/usr/lib/R/lib -lR
installing to /usr/local/lib/R/site-library/00LOCK-mvtnorm/00new/mvtnorm/libs
** R
** inst
** byte-compile and prepare package for lazy loading
** help
*** installing help indices
** building package indices
** installing vignettes
** testing if installed package can be loaded from temporary location
** checking absolute paths in shared objects and dynamic libraries
** testing if installed package can be loaded from final location
** testing if installed package keeps a record of temporary installation path
* creating tarball
packaged installation of ‘mvtnorm’ as ‘mvtnorm_1.3-3_R_x86_64-pc-linux-gnu.tar.gz’
* DONE (mvtnorm)
* installing *source* package ‘flowPeaks’ ...
** this is package ‘flowPeaks’ version ‘1.54.0’
** using staged installation
** libs
using C++ compiler: ‘g++ (Ubuntu 11.4.0-1ubuntu1~22.04) 11.4.0’
g++ -std=gnu++17 -I"/usr/share/R/include" -DNDEBUG      `gsl-config --cflags`  -fpic  -g -O2 -ffile-prefix-map=/build/r-base-rgGXCp/r-base-4.5.0=. -fstack-protector-strong -Wformat -Werror=format-security -Wdate-time -D_FORTIFY_SOURCE=2   -c Rpack.cpp -o Rpack.o
g++ -std=gnu++17 -I"/usr/share/R/include" -DNDEBUG      `gsl-config --cflags`  -fpic  -g -O2 -ffile-prefix-map=/build/r-base-rgGXCp/r-base-4.5.0=. -fstack-protector-strong -Wformat -Werror=format-security -Wdate-time -D_FORTIFY_SOURCE=2   -c Rregistrate.cpp -o Rregistrate.o
g++ -std=gnu++17 -I"/usr/share/R/include" -DNDEBUG      `gsl-config --cflags`  -fpic  -g -O2 -ffile-prefix-map=/build/r-base-rgGXCp/r-base-4.5.0=. -fstack-protector-strong -Wformat -Werror=format-security -Wdate-time -D_FORTIFY_SOURCE=2   -c VoronoiDiagramGenerator.cpp -o VoronoiDiagramGenerator.o
g++ -std=gnu++17 -I"/usr/share/R/include" -DNDEBUG      `gsl-config --cflags`  -fpic  -g -O2 -ffile-prefix-map=/build/r-base-rgGXCp/r-base-4.5.0=. -fstack-protector-strong -Wformat -Werror=format-security -Wdate-time -D_FORTIFY_SOURCE=2   -c flowPeaks.cpp -o flowPeaks.o
g++ -std=gnu++17 -I"/usr/share/R/include" -DNDEBUG      `gsl-config --cflags`  -fpic  -g -O2 -ffile-prefix-map=/build/r-base-rgGXCp/r-base-4.5.0=. -fstack-protector-strong -Wformat -Werror=format-security -Wdate-time -D_FORTIFY_SOURCE=2   -c func_collect.cpp -o func_collect.o
g++ -std=gnu++17 -I"/usr/share/R/include" -DNDEBUG      `gsl-config --cflags`  -fpic  -g -O2 -ffile-prefix-map=/build/r-base-rgGXCp/r-base-4.5.0=. -fstack-protector-strong -Wformat -Werror=format-security -Wdate-time -D_FORTIFY_SOURCE=2   -c func_collect_supp.cpp -o func_collect_supp.o
g++ -std=gnu++17 -I"/usr/share/R/include" -DNDEBUG      `gsl-config --cflags`  -fpic  -g -O2 -ffile-prefix-map=/build/r-base-rgGXCp/r-base-4.5.0=. -fstack-protector-strong -Wformat -Werror=format-security -Wdate-time -D_FORTIFY_SOURCE=2   -c gvector_gmatrix.cpp -o gvector_gmatrix.o
g++ -std=gnu++17 -I"/usr/share/R/include" -DNDEBUG      `gsl-config --cflags`  -fpic  -g -O2 -ffile-prefix-map=/build/r-base-rgGXCp/r-base-4.5.0=. -fstack-protector-strong -Wformat -Werror=format-security -Wdate-time -D_FORTIFY_SOURCE=2   -c kd_tree.cpp -o kd_tree.o
g++ -std=gnu++17 -I"/usr/share/R/include" -DNDEBUG      `gsl-config --cflags`  -fpic  -g -O2 -ffile-prefix-map=/build/r-base-rgGXCp/r-base-4.5.0=. -fstack-protector-strong -Wformat -Werror=format-security -Wdate-time -D_FORTIFY_SOURCE=2   -c kmns.cpp -o kmns.o
g++ -std=gnu++17 -shared -L/usr/lib/R/lib -Wl,-Bsymbolic-functions -flto=auto -ffat-lto-objects -flto=auto -Wl,-z,relro -o flowPeaks.so Rpack.o Rregistrate.o VoronoiDiagramGenerator.o flowPeaks.o func_collect.o func_collect_supp.o gvector_gmatrix.o kd_tree.o kmns.o -L/usr/lib/x86_64-linux-gnu -lgsl -lgslcblas -lm -L/usr/lib/R/lib -lR
installing to /usr/local/lib/R/site-library/00LOCK-flowPeaks/00new/flowPeaks/libs
** R
** data
** inst
** byte-compile and prepare package for lazy loading
** help
*** installing help indices
** building package indices
** installing vignettes
** testing if installed package can be loaded from temporary location
** checking absolute paths in shared objects and dynamic libraries
** testing if installed package can be loaded from final location
** testing if installed package keeps a record of temporary installation path
* creating tarball
packaged installation of ‘flowPeaks’ as ‘flowPeaks_1.54.0_R_x86_64-pc-linux-gnu.tar.gz’
* DONE (flowPeaks)
* installing *source* package ‘DiceKriging’ ...
** this is package ‘DiceKriging’ version ‘1.6.0’
** package ‘DiceKriging’ successfully unpacked and MD5 sums checked
** using staged installation
** libs
using C compiler: ‘gcc (Ubuntu 11.4.0-1ubuntu1~22.04) 11.4.0’
gcc -I"/usr/share/R/include" -DNDEBUG       -fpic  -g -O2 -ffile-prefix-map=/build/r-base-rgGXCp/r-base-4.5.0=. -fstack-protector-strong -Wformat -Werror=format-security -Wdate-time -D_FORTIFY_SOURCE=2  -c CovFuns.c -o CovFuns.o
gcc -I"/usr/share/R/include" -DNDEBUG       -fpic  -g -O2 -ffile-prefix-map=/build/r-base-rgGXCp/r-base-4.5.0=. -fstack-protector-strong -Wformat -Werror=format-security -Wdate-time -D_FORTIFY_SOURCE=2  -c Scaling.c -o Scaling.o
gcc -I"/usr/share/R/include" -DNDEBUG       -fpic  -g -O2 -ffile-prefix-map=/build/r-base-rgGXCp/r-base-4.5.0=. -fstack-protector-strong -Wformat -Werror=format-security -Wdate-time -D_FORTIFY_SOURCE=2  -c init.c -o init.o
gcc -shared -L/usr/lib/R/lib -Wl,-Bsymbolic-functions -flto=auto -ffat-lto-objects -flto=auto -Wl,-z,relro -o DiceKriging.so CovFuns.o Scaling.o init.o -L/usr/lib/R/lib -lR
installing to /usr/local/lib/R/site-library/00LOCK-DiceKriging/00new/DiceKriging/libs
** R
** inst
** byte-compile and prepare package for lazy loading
Note: ... may be used in an incorrect context 
** help
*** installing help indices
** building package indices
** testing if installed package can be loaded from temporary location
** checking absolute paths in shared objects and dynamic libraries
** testing if installed package can be loaded from final location
** testing if installed package keeps a record of temporary installation path
* creating tarball
packaged installation of ‘DiceKriging’ as ‘DiceKriging_1.6.0_R_x86_64-pc-linux-gnu.tar.gz’
* DONE (DiceKriging)
* installing *source* package ‘lhs’ ...
** this is package ‘lhs’ version ‘1.2.0’
** package ‘lhs’ successfully unpacked and MD5 sums checked
** using staged installation
** libs
using C compiler: ‘gcc (Ubuntu 11.4.0-1ubuntu1~22.04) 11.4.0’
using C++ compiler: ‘g++ (Ubuntu 11.4.0-1ubuntu1~22.04) 11.4.0’
g++ -std=gnu++17 -I"/usr/share/R/include" -DNDEBUG -DRCOMPILE -I'/usr/local/lib/R/site-library/Rcpp/include'     -fpic  -g -O2 -ffile-prefix-map=/build/r-base-rgGXCp/r-base-4.5.0=. -fstack-protector-strong -Wformat -Werror=format-security -Wdate-time -D_FORTIFY_SOURCE=2   -c COrthogonalArray.cpp -o COrthogonalArray.o
g++ -std=gnu++17 -I"/usr/share/R/include" -DNDEBUG -DRCOMPILE -I'/usr/local/lib/R/site-library/Rcpp/include'     -fpic  -g -O2 -ffile-prefix-map=/build/r-base-rgGXCp/r-base-4.5.0=. -fstack-protector-strong -Wformat -Werror=format-security -Wdate-time -D_FORTIFY_SOURCE=2   -c GaloisField.cpp -o GaloisField.o
g++ -std=gnu++17 -I"/usr/share/R/include" -DNDEBUG -DRCOMPILE -I'/usr/local/lib/R/site-library/Rcpp/include'     -fpic  -g -O2 -ffile-prefix-map=/build/r-base-rgGXCp/r-base-4.5.0=. -fstack-protector-strong -Wformat -Werror=format-security -Wdate-time -D_FORTIFY_SOURCE=2   -c ak3.cpp -o ak3.o
g++ -std=gnu++17 -I"/usr/share/R/include" -DNDEBUG -DRCOMPILE -I'/usr/local/lib/R/site-library/Rcpp/include'     -fpic  -g -O2 -ffile-prefix-map=/build/r-base-rgGXCp/r-base-4.5.0=. -fstack-protector-strong -Wformat -Werror=format-security -Wdate-time -D_FORTIFY_SOURCE=2   -c akconst.cpp -o akconst.o
g++ -std=gnu++17 -I"/usr/share/R/include" -DNDEBUG -DRCOMPILE -I'/usr/local/lib/R/site-library/Rcpp/include'     -fpic  -g -O2 -ffile-prefix-map=/build/r-base-rgGXCp/r-base-4.5.0=. -fstack-protector-strong -Wformat -Werror=format-security -Wdate-time -D_FORTIFY_SOURCE=2   -c akn.cpp -o akn.o
g++ -std=gnu++17 -I"/usr/share/R/include" -DNDEBUG -DRCOMPILE -I'/usr/local/lib/R/site-library/Rcpp/include'     -fpic  -g -O2 -ffile-prefix-map=/build/r-base-rgGXCp/r-base-4.5.0=. -fstack-protector-strong -Wformat -Werror=format-security -Wdate-time -D_FORTIFY_SOURCE=2   -c construct.cpp -o construct.o
g++ -std=gnu++17 -I"/usr/share/R/include" -DNDEBUG -DRCOMPILE -I'/usr/local/lib/R/site-library/Rcpp/include'     -fpic  -g -O2 -ffile-prefix-map=/build/r-base-rgGXCp/r-base-4.5.0=. -fstack-protector-strong -Wformat -Werror=format-security -Wdate-time -D_FORTIFY_SOURCE=2   -c geneticLHS.cpp -o geneticLHS.o
g++ -std=gnu++17 -I"/usr/share/R/include" -DNDEBUG -DRCOMPILE -I'/usr/local/lib/R/site-library/Rcpp/include'     -fpic  -g -O2 -ffile-prefix-map=/build/r-base-rgGXCp/r-base-4.5.0=. -fstack-protector-strong -Wformat -Werror=format-security -Wdate-time -D_FORTIFY_SOURCE=2   -c improvedLHS.cpp -o improvedLHS.o
gcc -I"/usr/share/R/include" -DNDEBUG -DRCOMPILE -I'/usr/local/lib/R/site-library/Rcpp/include'     -fpic  -g -O2 -ffile-prefix-map=/build/r-base-rgGXCp/r-base-4.5.0=. -fstack-protector-strong -Wformat -Werror=format-security -Wdate-time -D_FORTIFY_SOURCE=2  -c init.c -o init.o
g++ -std=gnu++17 -I"/usr/share/R/include" -DNDEBUG -DRCOMPILE -I'/usr/local/lib/R/site-library/Rcpp/include'     -fpic  -g -O2 -ffile-prefix-map=/build/r-base-rgGXCp/r-base-4.5.0=. -fstack-protector-strong -Wformat -Werror=format-security -Wdate-time -D_FORTIFY_SOURCE=2   -c lhs_r.cpp -o lhs_r.o
g++ -std=gnu++17 -I"/usr/share/R/include" -DNDEBUG -DRCOMPILE -I'/usr/local/lib/R/site-library/Rcpp/include'     -fpic  -g -O2 -ffile-prefix-map=/build/r-base-rgGXCp/r-base-4.5.0=. -fstack-protector-strong -Wformat -Werror=format-security -Wdate-time -D_FORTIFY_SOURCE=2   -c lhs_r_utilities.cpp -o lhs_r_utilities.o
g++ -std=gnu++17 -I"/usr/share/R/include" -DNDEBUG -DRCOMPILE -I'/usr/local/lib/R/site-library/Rcpp/include'     -fpic  -g -O2 -ffile-prefix-map=/build/r-base-rgGXCp/r-base-4.5.0=. -fstack-protector-strong -Wformat -Werror=format-security -Wdate-time -D_FORTIFY_SOURCE=2   -c maximinLHS.cpp -o maximinLHS.o
g++ -std=gnu++17 -I"/usr/share/R/include" -DNDEBUG -DRCOMPILE -I'/usr/local/lib/R/site-library/Rcpp/include'     -fpic  -g -O2 -ffile-prefix-map=/build/r-base-rgGXCp/r-base-4.5.0=. -fstack-protector-strong -Wformat -Werror=format-security -Wdate-time -D_FORTIFY_SOURCE=2   -c oa.cpp -o oa.o
g++ -std=gnu++17 -I"/usr/share/R/include" -DNDEBUG -DRCOMPILE -I'/usr/local/lib/R/site-library/Rcpp/include'     -fpic  -g -O2 -ffile-prefix-map=/build/r-base-rgGXCp/r-base-4.5.0=. -fstack-protector-strong -Wformat -Werror=format-security -Wdate-time -D_FORTIFY_SOURCE=2   -c oaLHS.cpp -o oaLHS.o
g++ -std=gnu++17 -I"/usr/share/R/include" -DNDEBUG -DRCOMPILE -I'/usr/local/lib/R/site-library/Rcpp/include'     -fpic  -g -O2 -ffile-prefix-map=/build/r-base-rgGXCp/r-base-4.5.0=. -fstack-protector-strong -Wformat -Werror=format-security -Wdate-time -D_FORTIFY_SOURCE=2   -c oa_r.cpp -o oa_r.o
g++ -std=gnu++17 -I"/usr/share/R/include" -DNDEBUG -DRCOMPILE -I'/usr/local/lib/R/site-library/Rcpp/include'     -fpic  -g -O2 -ffile-prefix-map=/build/r-base-rgGXCp/r-base-4.5.0=. -fstack-protector-strong -Wformat -Werror=format-security -Wdate-time -D_FORTIFY_SOURCE=2   -c oa_r_utils.cpp -o oa_r_utils.o
g++ -std=gnu++17 -I"/usr/share/R/include" -DNDEBUG -DRCOMPILE -I'/usr/local/lib/R/site-library/Rcpp/include'     -fpic  -g -O2 -ffile-prefix-map=/build/r-base-rgGXCp/r-base-4.5.0=. -fstack-protector-strong -Wformat -Werror=format-security -Wdate-time -D_FORTIFY_SOURCE=2   -c oalhs_r.cpp -o oalhs_r.o
g++ -std=gnu++17 -I"/usr/share/R/include" -DNDEBUG -DRCOMPILE -I'/usr/local/lib/R/site-library/Rcpp/include'     -fpic  -g -O2 -ffile-prefix-map=/build/r-base-rgGXCp/r-base-4.5.0=. -fstack-protector-strong -Wformat -Werror=format-security -Wdate-time -D_FORTIFY_SOURCE=2   -c optSeededLHS.cpp -o optSeededLHS.o
g++ -std=gnu++17 -I"/usr/share/R/include" -DNDEBUG -DRCOMPILE -I'/usr/local/lib/R/site-library/Rcpp/include'     -fpic  -g -O2 -ffile-prefix-map=/build/r-base-rgGXCp/r-base-4.5.0=. -fstack-protector-strong -Wformat -Werror=format-security -Wdate-time -D_FORTIFY_SOURCE=2   -c optimumLHS.cpp -o optimumLHS.o
g++ -std=gnu++17 -I"/usr/share/R/include" -DNDEBUG -DRCOMPILE -I'/usr/local/lib/R/site-library/Rcpp/include'     -fpic  -g -O2 -ffile-prefix-map=/build/r-base-rgGXCp/r-base-4.5.0=. -fstack-protector-strong -Wformat -Werror=format-security -Wdate-time -D_FORTIFY_SOURCE=2   -c primes.cpp -o primes.o
g++ -std=gnu++17 -I"/usr/share/R/include" -DNDEBUG -DRCOMPILE -I'/usr/local/lib/R/site-library/Rcpp/include'     -fpic  -g -O2 -ffile-prefix-map=/build/r-base-rgGXCp/r-base-4.5.0=. -fstack-protector-strong -Wformat -Werror=format-security -Wdate-time -D_FORTIFY_SOURCE=2   -c randomLHS.cpp -o randomLHS.o
g++ -std=gnu++17 -I"/usr/share/R/include" -DNDEBUG -DRCOMPILE -I'/usr/local/lib/R/site-library/Rcpp/include'     -fpic  -g -O2 -ffile-prefix-map=/build/r-base-rgGXCp/r-base-4.5.0=. -fstack-protector-strong -Wformat -Werror=format-security -Wdate-time -D_FORTIFY_SOURCE=2   -c runif.cpp -o runif.o
g++ -std=gnu++17 -I"/usr/share/R/include" -DNDEBUG -DRCOMPILE -I'/usr/local/lib/R/site-library/Rcpp/include'     -fpic  -g -O2 -ffile-prefix-map=/build/r-base-rgGXCp/r-base-4.5.0=. -fstack-protector-strong -Wformat -Werror=format-security -Wdate-time -D_FORTIFY_SOURCE=2   -c rutils.cpp -o rutils.o
g++ -std=gnu++17 -I"/usr/share/R/include" -DNDEBUG -DRCOMPILE -I'/usr/local/lib/R/site-library/Rcpp/include'     -fpic  -g -O2 -ffile-prefix-map=/build/r-base-rgGXCp/r-base-4.5.0=. -fstack-protector-strong -Wformat -Werror=format-security -Wdate-time -D_FORTIFY_SOURCE=2   -c utilityLHS.cpp -o utilityLHS.o
g++ -std=gnu++17 -shared -L/usr/lib/R/lib -Wl,-Bsymbolic-functions -flto=auto -ffat-lto-objects -flto=auto -Wl,-z,relro -o lhs.so COrthogonalArray.o GaloisField.o ak3.o akconst.o akn.o construct.o geneticLHS.o improvedLHS.o init.o lhs_r.o lhs_r_utilities.o maximinLHS.o oa.o oaLHS.o oa_r.o oa_r_utils.o oalhs_r.o optSeededLHS.o optimumLHS.o primes.o randomLHS.o runif.o rutils.o utilityLHS.o -L/usr/lib/R/lib -lR
installing to /usr/local/lib/R/site-library/00LOCK-lhs/00new/lhs/libs
** R
** inst
** byte-compile and prepare package for lazy loading
** help
*** installing help indices
** building package indices
** installing vignettes
** testing if installed package can be loaded from temporary location
** checking absolute paths in shared objects and dynamic libraries
** testing if installed package can be loaded from final location
** testing if installed package keeps a record of temporary installation path
* creating tarball
packaged installation of ‘lhs’ as ‘lhs_1.2.0_R_x86_64-pc-linux-gnu.tar.gz’
* DONE (lhs)
* installing *source* package ‘rgenoud’ ...
** this is package ‘rgenoud’ version ‘5.9-0.11’
** package ‘rgenoud’ successfully unpacked and MD5 sums checked
** using staged installation
** libs
using C compiler: ‘gcc (Ubuntu 11.4.0-1ubuntu1~22.04) 11.4.0’
using C++ compiler: ‘g++ (Ubuntu 11.4.0-1ubuntu1~22.04) 11.4.0’
g++ -std=gnu++17 -I"/usr/share/R/include" -DNDEBUG       -fpic  -g -O2 -ffile-prefix-map=/build/r-base-rgGXCp/r-base-4.5.0=. -fstack-protector-strong -Wformat -Werror=format-security -Wdate-time -D_FORTIFY_SOURCE=2   -c change_order.cpp -o change_order.o
g++ -std=gnu++17 -I"/usr/share/R/include" -DNDEBUG       -fpic  -g -O2 -ffile-prefix-map=/build/r-base-rgGXCp/r-base-4.5.0=. -fstack-protector-strong -Wformat -Werror=format-security -Wdate-time -D_FORTIFY_SOURCE=2   -c eval.cpp -o eval.o
g++ -std=gnu++17 -I"/usr/share/R/include" -DNDEBUG       -fpic  -g -O2 -ffile-prefix-map=/build/r-base-rgGXCp/r-base-4.5.0=. -fstack-protector-strong -Wformat -Werror=format-security -Wdate-time -D_FORTIFY_SOURCE=2   -c evaluate.cpp -o evaluate.o
g++ -std=gnu++17 -I"/usr/share/R/include" -DNDEBUG       -fpic  -g -O2 -ffile-prefix-map=/build/r-base-rgGXCp/r-base-4.5.0=. -fstack-protector-strong -Wformat -Werror=format-security -Wdate-time -D_FORTIFY_SOURCE=2   -c frange_ran.cpp -o frange_ran.o
g++ -std=gnu++17 -I"/usr/share/R/include" -DNDEBUG       -fpic  -g -O2 -ffile-prefix-map=/build/r-base-rgGXCp/r-base-4.5.0=. -fstack-protector-strong -Wformat -Werror=format-security -Wdate-time -D_FORTIFY_SOURCE=2   -c genoud.cpp -o genoud.o
g++ -std=gnu++17 -I"/usr/share/R/include" -DNDEBUG       -fpic  -g -O2 -ffile-prefix-map=/build/r-base-rgGXCp/r-base-4.5.0=. -fstack-protector-strong -Wformat -Werror=format-security -Wdate-time -D_FORTIFY_SOURCE=2   -c gradient.cpp -o gradient.o
gcc -I"/usr/share/R/include" -DNDEBUG       -fpic  -g -O2 -ffile-prefix-map=/build/r-base-rgGXCp/r-base-4.5.0=. -fstack-protector-strong -Wformat -Werror=format-security -Wdate-time -D_FORTIFY_SOURCE=2  -c init.c -o init.o
g++ -std=gnu++17 -I"/usr/share/R/include" -DNDEBUG       -fpic  -g -O2 -ffile-prefix-map=/build/r-base-rgGXCp/r-base-4.5.0=. -fstack-protector-strong -Wformat -Werror=format-security -Wdate-time -D_FORTIFY_SOURCE=2   -c math.cpp -o math.o
g++ -std=gnu++17 -I"/usr/share/R/include" -DNDEBUG       -fpic  -g -O2 -ffile-prefix-map=/build/r-base-rgGXCp/r-base-4.5.0=. -fstack-protector-strong -Wformat -Werror=format-security -Wdate-time -D_FORTIFY_SOURCE=2   -c multiply.cpp -o multiply.o
g++ -std=gnu++17 -I"/usr/share/R/include" -DNDEBUG       -fpic  -g -O2 -ffile-prefix-map=/build/r-base-rgGXCp/r-base-4.5.0=. -fstack-protector-strong -Wformat -Werror=format-security -Wdate-time -D_FORTIFY_SOURCE=2   -c numerics.cpp -o numerics.o
g++ -std=gnu++17 -I"/usr/share/R/include" -DNDEBUG       -fpic  -g -O2 -ffile-prefix-map=/build/r-base-rgGXCp/r-base-4.5.0=. -fstack-protector-strong -Wformat -Werror=format-security -Wdate-time -D_FORTIFY_SOURCE=2   -c operators.cpp -o operators.o
g++ -std=gnu++17 -I"/usr/share/R/include" -DNDEBUG       -fpic  -g -O2 -ffile-prefix-map=/build/r-base-rgGXCp/r-base-4.5.0=. -fstack-protector-strong -Wformat -Werror=format-security -Wdate-time -D_FORTIFY_SOURCE=2   -c print_format.cpp -o print_format.o
g++ -std=gnu++17 -I"/usr/share/R/include" -DNDEBUG       -fpic  -g -O2 -ffile-prefix-map=/build/r-base-rgGXCp/r-base-4.5.0=. -fstack-protector-strong -Wformat -Werror=format-security -Wdate-time -D_FORTIFY_SOURCE=2   -c rgenoud.cpp -o rgenoud.o
g++ -std=gnu++17 -shared -L/usr/lib/R/lib -Wl,-Bsymbolic-functions -flto=auto -ffat-lto-objects -flto=auto -Wl,-z,relro -o rgenoud.so change_order.o eval.o evaluate.o frange_ran.o genoud.o gradient.o init.o math.o multiply.o numerics.o operators.o print_format.o rgenoud.o -L/usr/lib/R/lib -lR
installing to /usr/local/lib/R/site-library/00LOCK-rgenoud/00new/rgenoud/libs
** R
** inst
** byte-compile and prepare package for lazy loading
** help
*** installing help indices
** building package indices
** installing vignettes
** testing if installed package can be loaded from temporary location
** checking absolute paths in shared objects and dynamic libraries
** testing if installed package can be loaded from final location
** testing if installed package keeps a record of temporary installation path
* creating tarball
packaged installation of ‘rgenoud’ as ‘rgenoud_5.9-0.11_R_x86_64-pc-linux-gnu.tar.gz’
* DONE (rgenoud)
* installing *source* package ‘Rdpack’ ...
** this is package ‘Rdpack’ version ‘2.6.4’
** package ‘Rdpack’ successfully unpacked and MD5 sums checked
** using staged installation
** R
** inst
** byte-compile and prepare package for lazy loading
** help
*** installing help indices
** building package indices
** installing vignettes
** testing if installed package can be loaded from temporary location
** testing if installed package can be loaded from final location
** testing if installed package keeps a record of temporary installation path
* creating tarball
packaged installation of ‘Rdpack’ as ‘Rdpack_2.6.4_R_x86_64-pc-linux-gnu.tar.gz’
* DONE (Rdpack)
* installing *source* package ‘doBy’ ...
** this is package ‘doBy’ version ‘4.6.26’
** package ‘doBy’ successfully unpacked and MD5 sums checked
** using staged installation
** R
** data
*** moving datasets to lazyload DB
** inst
** byte-compile and prepare package for lazy loading
Note: ... may be used in an incorrect context 
Note: ... may be used in an incorrect context 
** help
*** installing help indices
** building package indices
** installing vignettes
** testing if installed package can be loaded from temporary location
** testing if installed package can be loaded from final location
** testing if installed package keeps a record of temporary installation path
* creating tarball
packaged installation of ‘doBy’ as ‘doBy_4.6.26_R_x86_64-pc-linux-gnu.tar.gz’
* DONE (doBy)
* installing *source* package ‘R.oo’ ...
** this is package ‘R.oo’ version ‘1.27.1’
** package ‘R.oo’ successfully unpacked and MD5 sums checked
** using staged installation
** R
** inst
** byte-compile and prepare package for lazy loading
Warning in setGenericS3.default(name, export = exportGeneric, envir = envir,  :
  Renamed the preexisting function getClasses to getClasses.default, which was defined in environment R.oo.
** help
*** installing help indices
** building package indices
** testing if installed package can be loaded from temporary location
** testing if installed package can be loaded from final location
** testing if installed package keeps a record of temporary installation path
* creating tarball
packaged installation of ‘R.oo’ as ‘R.oo_1.27.1_R_x86_64-pc-linux-gnu.tar.gz’
* DONE (R.oo)
* installing *source* package ‘cytolib’ ...
** this is package ‘cytolib’ version ‘2.20.0’
** using staged installation
checking for a sed that does not truncate output... /bin/sed
checking whether the C++ compiler works... yes
checking for C++ compiler default output file name... a.out
checking for suffix of executables... 
checking whether we are cross compiling... no
checking for suffix of object files... o
checking whether we are using the GNU C++ compiler... yes
checking whether g++ -std=gnu++17 accepts -g... yes
checking how to run the C++ preprocessor... g++ -std=gnu++17 -E
checking whether we are using the GNU C++ compiler... (cached) yes
checking whether g++ -std=gnu++17 accepts -g... (cached) yes
configure: Parsing cytolib version info ...
configure: CYTOLIB_VERSION=2.20.0
configure: creating ./config.status
config.status: creating inst/include/cytolib/cytolibConfig.h
config.status: creating src/Makevars
** libs
using C++ compiler: ‘g++ (Ubuntu 11.4.0-1ubuntu1~22.04) 11.4.0’
using C++11
g++ -std=gnu++11 -I"/usr/share/R/include" -DNDEBUG -DROUT -I../inst/include -w -Wfatal-errors -DBOOST_NO_AUTO_PTR -DBOOST_FILESYSTEM_NO_CXX20_ATOMIC_REF -DBOOST_FILESYSTEM_SINGLE_THREADED  -I'/usr/local/lib/R/site-library/BH/include' -I'/usr/local/lib/R/site-library/RProtoBufLib/include' -I'/usr/local/lib/R/site-library/Rhdf5lib/include'     -fpic  -g -O2 -ffile-prefix-map=/build/r-base-rgGXCp/r-base-4.5.0=. -fstack-protector-strong -Wformat -Werror=format-security -Wdate-time -D_FORTIFY_SOURCE=2   -c dummy.cpp -o dummy.o
g++ -std=gnu++11 -I"/usr/share/R/include" -DNDEBUG -DROUT -I../inst/include -w -Wfatal-errors -DBOOST_NO_AUTO_PTR -DBOOST_FILESYSTEM_NO_CXX20_ATOMIC_REF -DBOOST_FILESYSTEM_SINGLE_THREADED  -I'/usr/local/lib/R/site-library/BH/include' -I'/usr/local/lib/R/site-library/RProtoBufLib/include' -I'/usr/local/lib/R/site-library/Rhdf5lib/include'     -fpic  -g -O2 -ffile-prefix-map=/build/r-base-rgGXCp/r-base-4.5.0=. -fstack-protector-strong -Wformat -Werror=format-security -Wdate-time -D_FORTIFY_SOURCE=2   -c boost/libs/system/src/error_code.cpp -o boost/libs/system/src/error_code.o
g++ -std=gnu++11 -I"/usr/share/R/include" -DNDEBUG -DROUT -I../inst/include -w -Wfatal-errors -DBOOST_NO_AUTO_PTR -DBOOST_FILESYSTEM_NO_CXX20_ATOMIC_REF -DBOOST_FILESYSTEM_SINGLE_THREADED  -I'/usr/local/lib/R/site-library/BH/include' -I'/usr/local/lib/R/site-library/RProtoBufLib/include' -I'/usr/local/lib/R/site-library/Rhdf5lib/include'     -fpic  -g -O2 -ffile-prefix-map=/build/r-base-rgGXCp/r-base-4.5.0=. -fstack-protector-strong -Wformat -Werror=format-security -Wdate-time -D_FORTIFY_SOURCE=2   -c boost/libs/filesystem/src/codecvt_error_category.cpp -o boost/libs/filesystem/src/codecvt_error_category.o
g++ -std=gnu++11 -I"/usr/share/R/include" -DNDEBUG -DROUT -I../inst/include -w -Wfatal-errors -DBOOST_NO_AUTO_PTR -DBOOST_FILESYSTEM_NO_CXX20_ATOMIC_REF -DBOOST_FILESYSTEM_SINGLE_THREADED  -I'/usr/local/lib/R/site-library/BH/include' -I'/usr/local/lib/R/site-library/RProtoBufLib/include' -I'/usr/local/lib/R/site-library/Rhdf5lib/include'     -fpic  -g -O2 -ffile-prefix-map=/build/r-base-rgGXCp/r-base-4.5.0=. -fstack-protector-strong -Wformat -Werror=format-security -Wdate-time -D_FORTIFY_SOURCE=2   -c boost/libs/filesystem/src/directory.cpp -o boost/libs/filesystem/src/directory.o
g++ -std=gnu++11 -I"/usr/share/R/include" -DNDEBUG -DROUT -I../inst/include -w -Wfatal-errors -DBOOST_NO_AUTO_PTR -DBOOST_FILESYSTEM_NO_CXX20_ATOMIC_REF -DBOOST_FILESYSTEM_SINGLE_THREADED  -I'/usr/local/lib/R/site-library/BH/include' -I'/usr/local/lib/R/site-library/RProtoBufLib/include' -I'/usr/local/lib/R/site-library/Rhdf5lib/include'     -fpic  -g -O2 -ffile-prefix-map=/build/r-base-rgGXCp/r-base-4.5.0=. -fstack-protector-strong -Wformat -Werror=format-security -Wdate-time -D_FORTIFY_SOURCE=2   -c boost/libs/filesystem/src/exception.cpp -o boost/libs/filesystem/src/exception.o
g++ -std=gnu++11 -I"/usr/share/R/include" -DNDEBUG -DROUT -I../inst/include -w -Wfatal-errors -DBOOST_NO_AUTO_PTR -DBOOST_FILESYSTEM_NO_CXX20_ATOMIC_REF -DBOOST_FILESYSTEM_SINGLE_THREADED  -I'/usr/local/lib/R/site-library/BH/include' -I'/usr/local/lib/R/site-library/RProtoBufLib/include' -I'/usr/local/lib/R/site-library/Rhdf5lib/include'     -fpic  -g -O2 -ffile-prefix-map=/build/r-base-rgGXCp/r-base-4.5.0=. -fstack-protector-strong -Wformat -Werror=format-security -Wdate-time -D_FORTIFY_SOURCE=2   -c boost/libs/filesystem/src/operations.cpp -o boost/libs/filesystem/src/operations.o
g++ -std=gnu++11 -I"/usr/share/R/include" -DNDEBUG -DROUT -I../inst/include -w -Wfatal-errors -DBOOST_NO_AUTO_PTR -DBOOST_FILESYSTEM_NO_CXX20_ATOMIC_REF -DBOOST_FILESYSTEM_SINGLE_THREADED  -I'/usr/local/lib/R/site-library/BH/include' -I'/usr/local/lib/R/site-library/RProtoBufLib/include' -I'/usr/local/lib/R/site-library/Rhdf5lib/include'     -fpic  -g -O2 -ffile-prefix-map=/build/r-base-rgGXCp/r-base-4.5.0=. -fstack-protector-strong -Wformat -Werror=format-security -Wdate-time -D_FORTIFY_SOURCE=2   -c boost/libs/filesystem/src/path.cpp -o boost/libs/filesystem/src/path.o
g++ -std=gnu++11 -I"/usr/share/R/include" -DNDEBUG -DROUT -I../inst/include -w -Wfatal-errors -DBOOST_NO_AUTO_PTR -DBOOST_FILESYSTEM_NO_CXX20_ATOMIC_REF -DBOOST_FILESYSTEM_SINGLE_THREADED  -I'/usr/local/lib/R/site-library/BH/include' -I'/usr/local/lib/R/site-library/RProtoBufLib/include' -I'/usr/local/lib/R/site-library/Rhdf5lib/include'     -fpic  -g -O2 -ffile-prefix-map=/build/r-base-rgGXCp/r-base-4.5.0=. -fstack-protector-strong -Wformat -Werror=format-security -Wdate-time -D_FORTIFY_SOURCE=2   -c boost/libs/filesystem/src/path_traits.cpp -o boost/libs/filesystem/src/path_traits.o
g++ -std=gnu++11 -I"/usr/share/R/include" -DNDEBUG -DROUT -I../inst/include -w -Wfatal-errors -DBOOST_NO_AUTO_PTR -DBOOST_FILESYSTEM_NO_CXX20_ATOMIC_REF -DBOOST_FILESYSTEM_SINGLE_THREADED  -I'/usr/local/lib/R/site-library/BH/include' -I'/usr/local/lib/R/site-library/RProtoBufLib/include' -I'/usr/local/lib/R/site-library/Rhdf5lib/include'     -fpic  -g -O2 -ffile-prefix-map=/build/r-base-rgGXCp/r-base-4.5.0=. -fstack-protector-strong -Wformat -Werror=format-security -Wdate-time -D_FORTIFY_SOURCE=2   -c boost/libs/filesystem/src/portability.cpp -o boost/libs/filesystem/src/portability.o
g++ -std=gnu++11 -I"/usr/share/R/include" -DNDEBUG -DROUT -I../inst/include -w -Wfatal-errors -DBOOST_NO_AUTO_PTR -DBOOST_FILESYSTEM_NO_CXX20_ATOMIC_REF -DBOOST_FILESYSTEM_SINGLE_THREADED  -I'/usr/local/lib/R/site-library/BH/include' -I'/usr/local/lib/R/site-library/RProtoBufLib/include' -I'/usr/local/lib/R/site-library/Rhdf5lib/include'     -fpic  -g -O2 -ffile-prefix-map=/build/r-base-rgGXCp/r-base-4.5.0=. -fstack-protector-strong -Wformat -Werror=format-security -Wdate-time -D_FORTIFY_SOURCE=2   -c boost/libs/filesystem/src/unique_path.cpp -o boost/libs/filesystem/src/unique_path.o
g++ -std=gnu++11 -I"/usr/share/R/include" -DNDEBUG -DROUT -I../inst/include -w -Wfatal-errors -DBOOST_NO_AUTO_PTR -DBOOST_FILESYSTEM_NO_CXX20_ATOMIC_REF -DBOOST_FILESYSTEM_SINGLE_THREADED  -I'/usr/local/lib/R/site-library/BH/include' -I'/usr/local/lib/R/site-library/RProtoBufLib/include' -I'/usr/local/lib/R/site-library/Rhdf5lib/include'     -fpic  -g -O2 -ffile-prefix-map=/build/r-base-rgGXCp/r-base-4.5.0=. -fstack-protector-strong -Wformat -Werror=format-security -Wdate-time -D_FORTIFY_SOURCE=2   -c boost/libs/filesystem/src/utf8_codecvt_facet.cpp -o boost/libs/filesystem/src/utf8_codecvt_facet.o
g++ -std=gnu++11 -I"/usr/share/R/include" -DNDEBUG -DROUT -I../inst/include -w -Wfatal-errors -DBOOST_NO_AUTO_PTR -DBOOST_FILESYSTEM_NO_CXX20_ATOMIC_REF -DBOOST_FILESYSTEM_SINGLE_THREADED  -I'/usr/local/lib/R/site-library/BH/include' -I'/usr/local/lib/R/site-library/RProtoBufLib/include' -I'/usr/local/lib/R/site-library/Rhdf5lib/include'     -fpic  -g -O2 -ffile-prefix-map=/build/r-base-rgGXCp/r-base-4.5.0=. -fstack-protector-strong -Wformat -Werror=format-security -Wdate-time -D_FORTIFY_SOURCE=2   -c boost/libs/filesystem/src/windows_file_codecvt.cpp -o boost/libs/filesystem/src/windows_file_codecvt.o
g++ -std=gnu++11 -I"/usr/share/R/include" -DNDEBUG -DROUT -I../inst/include -w -Wfatal-errors -DBOOST_NO_AUTO_PTR -DBOOST_FILESYSTEM_NO_CXX20_ATOMIC_REF -DBOOST_FILESYSTEM_SINGLE_THREADED  -I'/usr/local/lib/R/site-library/BH/include' -I'/usr/local/lib/R/site-library/RProtoBufLib/include' -I'/usr/local/lib/R/site-library/Rhdf5lib/include'     -fpic  -g -O2 -ffile-prefix-map=/build/r-base-rgGXCp/r-base-4.5.0=. -fstack-protector-strong -Wformat -Werror=format-security -Wdate-time -D_FORTIFY_SOURCE=2   -c calibrationTable.cpp -o calibrationTable.o
g++ -std=gnu++11 -I"/usr/share/R/include" -DNDEBUG -DROUT -I../inst/include -w -Wfatal-errors -DBOOST_NO_AUTO_PTR -DBOOST_FILESYSTEM_NO_CXX20_ATOMIC_REF -DBOOST_FILESYSTEM_SINGLE_THREADED  -I'/usr/local/lib/R/site-library/BH/include' -I'/usr/local/lib/R/site-library/RProtoBufLib/include' -I'/usr/local/lib/R/site-library/Rhdf5lib/include'     -fpic  -g -O2 -ffile-prefix-map=/build/r-base-rgGXCp/r-base-4.5.0=. -fstack-protector-strong -Wformat -Werror=format-security -Wdate-time -D_FORTIFY_SOURCE=2   -c compensation.cpp -o compensation.o
g++ -std=gnu++11 -I"/usr/share/R/include" -DNDEBUG -DROUT -I../inst/include -w -Wfatal-errors -DBOOST_NO_AUTO_PTR -DBOOST_FILESYSTEM_NO_CXX20_ATOMIC_REF -DBOOST_FILESYSTEM_SINGLE_THREADED  -I'/usr/local/lib/R/site-library/BH/include' -I'/usr/local/lib/R/site-library/RProtoBufLib/include' -I'/usr/local/lib/R/site-library/Rhdf5lib/include'     -fpic  -g -O2 -ffile-prefix-map=/build/r-base-rgGXCp/r-base-4.5.0=. -fstack-protector-strong -Wformat -Werror=format-security -Wdate-time -D_FORTIFY_SOURCE=2   -c CytoFrame.cpp -o CytoFrame.o
g++ -std=gnu++11 -I"/usr/share/R/include" -DNDEBUG -DROUT -I../inst/include -w -Wfatal-errors -DBOOST_NO_AUTO_PTR -DBOOST_FILESYSTEM_NO_CXX20_ATOMIC_REF -DBOOST_FILESYSTEM_SINGLE_THREADED  -I'/usr/local/lib/R/site-library/BH/include' -I'/usr/local/lib/R/site-library/RProtoBufLib/include' -I'/usr/local/lib/R/site-library/Rhdf5lib/include'     -fpic  -g -O2 -ffile-prefix-map=/build/r-base-rgGXCp/r-base-4.5.0=. -fstack-protector-strong -Wformat -Werror=format-security -Wdate-time -D_FORTIFY_SOURCE=2   -c CytoFrameView.cpp -o CytoFrameView.o
g++ -std=gnu++11 -I"/usr/share/R/include" -DNDEBUG -DROUT -I../inst/include -w -Wfatal-errors -DBOOST_NO_AUTO_PTR -DBOOST_FILESYSTEM_NO_CXX20_ATOMIC_REF -DBOOST_FILESYSTEM_SINGLE_THREADED  -I'/usr/local/lib/R/site-library/BH/include' -I'/usr/local/lib/R/site-library/RProtoBufLib/include' -I'/usr/local/lib/R/site-library/Rhdf5lib/include'     -fpic  -g -O2 -ffile-prefix-map=/build/r-base-rgGXCp/r-base-4.5.0=. -fstack-protector-strong -Wformat -Werror=format-security -Wdate-time -D_FORTIFY_SOURCE=2   -c CytoVFS.cpp -o CytoVFS.o
g++ -std=gnu++11 -I"/usr/share/R/include" -DNDEBUG -DROUT -I../inst/include -w -Wfatal-errors -DBOOST_NO_AUTO_PTR -DBOOST_FILESYSTEM_NO_CXX20_ATOMIC_REF -DBOOST_FILESYSTEM_SINGLE_THREADED  -I'/usr/local/lib/R/site-library/BH/include' -I'/usr/local/lib/R/site-library/RProtoBufLib/include' -I'/usr/local/lib/R/site-library/Rhdf5lib/include'     -fpic  -g -O2 -ffile-prefix-map=/build/r-base-rgGXCp/r-base-4.5.0=. -fstack-protector-strong -Wformat -Werror=format-security -Wdate-time -D_FORTIFY_SOURCE=2   -c ellipse2points.cpp -o ellipse2points.o
g++ -std=gnu++11 -I"/usr/share/R/include" -DNDEBUG -DROUT -I../inst/include -w -Wfatal-errors -DBOOST_NO_AUTO_PTR -DBOOST_FILESYSTEM_NO_CXX20_ATOMIC_REF -DBOOST_FILESYSTEM_SINGLE_THREADED  -I'/usr/local/lib/R/site-library/BH/include' -I'/usr/local/lib/R/site-library/RProtoBufLib/include' -I'/usr/local/lib/R/site-library/Rhdf5lib/include'     -fpic  -g -O2 -ffile-prefix-map=/build/r-base-rgGXCp/r-base-4.5.0=. -fstack-protector-strong -Wformat -Werror=format-security -Wdate-time -D_FORTIFY_SOURCE=2   -c gate.cpp -o gate.o
g++ -std=gnu++11 -I"/usr/share/R/include" -DNDEBUG -DROUT -I../inst/include -w -Wfatal-errors -DBOOST_NO_AUTO_PTR -DBOOST_FILESYSTEM_NO_CXX20_ATOMIC_REF -DBOOST_FILESYSTEM_SINGLE_THREADED  -I'/usr/local/lib/R/site-library/BH/include' -I'/usr/local/lib/R/site-library/RProtoBufLib/include' -I'/usr/local/lib/R/site-library/Rhdf5lib/include'     -fpic  -g -O2 -ffile-prefix-map=/build/r-base-rgGXCp/r-base-4.5.0=. -fstack-protector-strong -Wformat -Werror=format-security -Wdate-time -D_FORTIFY_SOURCE=2   -c GatingHierarchy.cpp -o GatingHierarchy.o
g++ -std=gnu++11 -I"/usr/share/R/include" -DNDEBUG -DROUT -I../inst/include -w -Wfatal-errors -DBOOST_NO_AUTO_PTR -DBOOST_FILESYSTEM_NO_CXX20_ATOMIC_REF -DBOOST_FILESYSTEM_SINGLE_THREADED  -I'/usr/local/lib/R/site-library/BH/include' -I'/usr/local/lib/R/site-library/RProtoBufLib/include' -I'/usr/local/lib/R/site-library/Rhdf5lib/include'     -fpic  -g -O2 -ffile-prefix-map=/build/r-base-rgGXCp/r-base-4.5.0=. -fstack-protector-strong -Wformat -Werror=format-security -Wdate-time -D_FORTIFY_SOURCE=2   -c GatingSet.cpp -o GatingSet.o
g++ -std=gnu++11 -I"/usr/share/R/include" -DNDEBUG -DROUT -I../inst/include -w -Wfatal-errors -DBOOST_NO_AUTO_PTR -DBOOST_FILESYSTEM_NO_CXX20_ATOMIC_REF -DBOOST_FILESYSTEM_SINGLE_THREADED  -I'/usr/local/lib/R/site-library/BH/include' -I'/usr/local/lib/R/site-library/RProtoBufLib/include' -I'/usr/local/lib/R/site-library/Rhdf5lib/include'     -fpic  -g -O2 -ffile-prefix-map=/build/r-base-rgGXCp/r-base-4.5.0=. -fstack-protector-strong -Wformat -Werror=format-security -Wdate-time -D_FORTIFY_SOURCE=2   -c global.cpp -o global.o
g++ -std=gnu++11 -I"/usr/share/R/include" -DNDEBUG -DROUT -I../inst/include -w -Wfatal-errors -DBOOST_NO_AUTO_PTR -DBOOST_FILESYSTEM_NO_CXX20_ATOMIC_REF -DBOOST_FILESYSTEM_SINGLE_THREADED  -I'/usr/local/lib/R/site-library/BH/include' -I'/usr/local/lib/R/site-library/RProtoBufLib/include' -I'/usr/local/lib/R/site-library/Rhdf5lib/include'     -fpic  -g -O2 -ffile-prefix-map=/build/r-base-rgGXCp/r-base-4.5.0=. -fstack-protector-strong -Wformat -Werror=format-security -Wdate-time -D_FORTIFY_SOURCE=2   -c H5CytoFrame.cpp -o H5CytoFrame.o
g++ -std=gnu++11 -I"/usr/share/R/include" -DNDEBUG -DROUT -I../inst/include -w -Wfatal-errors -DBOOST_NO_AUTO_PTR -DBOOST_FILESYSTEM_NO_CXX20_ATOMIC_REF -DBOOST_FILESYSTEM_SINGLE_THREADED  -I'/usr/local/lib/R/site-library/BH/include' -I'/usr/local/lib/R/site-library/RProtoBufLib/include' -I'/usr/local/lib/R/site-library/Rhdf5lib/include'     -fpic  -g -O2 -ffile-prefix-map=/build/r-base-rgGXCp/r-base-4.5.0=. -fstack-protector-strong -Wformat -Werror=format-security -Wdate-time -D_FORTIFY_SOURCE=2   -c in_polygon.cpp -o in_polygon.o
g++ -std=gnu++11 -I"/usr/share/R/include" -DNDEBUG -DROUT -I../inst/include -w -Wfatal-errors -DBOOST_NO_AUTO_PTR -DBOOST_FILESYSTEM_NO_CXX20_ATOMIC_REF -DBOOST_FILESYSTEM_SINGLE_THREADED  -I'/usr/local/lib/R/site-library/BH/include' -I'/usr/local/lib/R/site-library/RProtoBufLib/include' -I'/usr/local/lib/R/site-library/Rhdf5lib/include'     -fpic  -g -O2 -ffile-prefix-map=/build/r-base-rgGXCp/r-base-4.5.0=. -fstack-protector-strong -Wformat -Werror=format-security -Wdate-time -D_FORTIFY_SOURCE=2   -c MemCytoFrame.cpp -o MemCytoFrame.o
g++ -std=gnu++11 -I"/usr/share/R/include" -DNDEBUG -DROUT -I../inst/include -w -Wfatal-errors -DBOOST_NO_AUTO_PTR -DBOOST_FILESYSTEM_NO_CXX20_ATOMIC_REF -DBOOST_FILESYSTEM_SINGLE_THREADED  -I'/usr/local/lib/R/site-library/BH/include' -I'/usr/local/lib/R/site-library/RProtoBufLib/include' -I'/usr/local/lib/R/site-library/Rhdf5lib/include'     -fpic  -g -O2 -ffile-prefix-map=/build/r-base-rgGXCp/r-base-4.5.0=. -fstack-protector-strong -Wformat -Werror=format-security -Wdate-time -D_FORTIFY_SOURCE=2   -c nodeProperties.cpp -o nodeProperties.o
g++ -std=gnu++11 -I"/usr/share/R/include" -DNDEBUG -DROUT -I../inst/include -w -Wfatal-errors -DBOOST_NO_AUTO_PTR -DBOOST_FILESYSTEM_NO_CXX20_ATOMIC_REF -DBOOST_FILESYSTEM_SINGLE_THREADED  -I'/usr/local/lib/R/site-library/BH/include' -I'/usr/local/lib/R/site-library/RProtoBufLib/include' -I'/usr/local/lib/R/site-library/Rhdf5lib/include'     -fpic  -g -O2 -ffile-prefix-map=/build/r-base-rgGXCp/r-base-4.5.0=. -fstack-protector-strong -Wformat -Werror=format-security -Wdate-time -D_FORTIFY_SOURCE=2   -c POPINDICES.cpp -o POPINDICES.o
g++ -std=gnu++11 -I"/usr/share/R/include" -DNDEBUG -DROUT -I../inst/include -w -Wfatal-errors -DBOOST_NO_AUTO_PTR -DBOOST_FILESYSTEM_NO_CXX20_ATOMIC_REF -DBOOST_FILESYSTEM_SINGLE_THREADED  -I'/usr/local/lib/R/site-library/BH/include' -I'/usr/local/lib/R/site-library/RProtoBufLib/include' -I'/usr/local/lib/R/site-library/Rhdf5lib/include'     -fpic  -g -O2 -ffile-prefix-map=/build/r-base-rgGXCp/r-base-4.5.0=. -fstack-protector-strong -Wformat -Werror=format-security -Wdate-time -D_FORTIFY_SOURCE=2   -c spline.cpp -o spline.o
g++ -std=gnu++11 -I"/usr/share/R/include" -DNDEBUG -DROUT -I../inst/include -w -Wfatal-errors -DBOOST_NO_AUTO_PTR -DBOOST_FILESYSTEM_NO_CXX20_ATOMIC_REF -DBOOST_FILESYSTEM_SINGLE_THREADED  -I'/usr/local/lib/R/site-library/BH/include' -I'/usr/local/lib/R/site-library/RProtoBufLib/include' -I'/usr/local/lib/R/site-library/Rhdf5lib/include'     -fpic  -g -O2 -ffile-prefix-map=/build/r-base-rgGXCp/r-base-4.5.0=. -fstack-protector-strong -Wformat -Werror=format-security -Wdate-time -D_FORTIFY_SOURCE=2   -c transformation.cpp -o transformation.o
g++ -std=gnu++11 -I"/usr/share/R/include" -DNDEBUG -DROUT -I../inst/include -w -Wfatal-errors -DBOOST_NO_AUTO_PTR -DBOOST_FILESYSTEM_NO_CXX20_ATOMIC_REF -DBOOST_FILESYSTEM_SINGLE_THREADED  -I'/usr/local/lib/R/site-library/BH/include' -I'/usr/local/lib/R/site-library/RProtoBufLib/include' -I'/usr/local/lib/R/site-library/Rhdf5lib/include'     -fpic  -g -O2 -ffile-prefix-map=/build/r-base-rgGXCp/r-base-4.5.0=. -fstack-protector-strong -Wformat -Werror=format-security -Wdate-time -D_FORTIFY_SOURCE=2   -c trans_group.cpp -o trans_group.o
mkdir -p "/usr/local/lib/R/site-library/00LOCK-cytolib/00new/cytolib/lib"
ar rs "/usr/local/lib/R/site-library/00LOCK-cytolib/00new/cytolib/lib/libcytolib.a" calibrationTable.o compensation.o CytoFrame.o CytoFrameView.o CytoVFS.o dummy.o ellipse2points.o gate.o GatingHierarchy.o GatingSet.o global.o H5CytoFrame.o in_polygon.o MemCytoFrame.o nodeProperties.o POPINDICES.o spline.o transformation.o trans_group.o boost/libs/filesystem/src/codecvt_error_category.o boost/libs/filesystem/src/directory.o boost/libs/filesystem/src/exception.o boost/libs/filesystem/src/operations.o boost/libs/filesystem/src/path.o boost/libs/filesystem/src/path_traits.o boost/libs/filesystem/src/portability.o boost/libs/filesystem/src/unique_path.o boost/libs/filesystem/src/utf8_codecvt_facet.o boost/libs/filesystem/src/windows_file_codecvt.o boost/libs/system/src/error_code.o
ar: creating /usr/local/lib/R/site-library/00LOCK-cytolib/00new/cytolib/lib/libcytolib.a
g++ -std=gnu++11 -shared -L/usr/lib/R/lib -Wl,-Bsymbolic-functions -flto=auto -ffat-lto-objects -flto=auto -Wl,-z,relro -o cytolib.so dummy.o -L/usr/lib/R/lib -lR
installing to /usr/local/lib/R/site-library/00LOCK-cytolib/00new/cytolib/libs
** R
** inst
** byte-compile and prepare package for lazy loading
** help
*** installing help indices
** building package indices
** installing vignettes
** testing if installed package can be loaded from temporary location
** checking absolute paths in shared objects and dynamic libraries
** testing if installed package can be loaded from final location
** testing if installed package keeps a record of temporary installation path
* creating tarball
packaged installation of ‘cytolib’ as ‘cytolib_2.20.0_R_x86_64-pc-linux-gnu.tar.gz’
* DONE (cytolib)
* installing *source* package ‘quantreg’ ...
** this is package ‘quantreg’ version ‘6.1’
** package ‘quantreg’ successfully unpacked and MD5 sums checked
** using staged installation
** libs
using C compiler: ‘gcc (Ubuntu 11.4.0-1ubuntu1~22.04) 11.4.0’
using Fortran compiler: ‘GNU Fortran (Ubuntu 11.4.0-1ubuntu1~22.04) 11.4.0’
gfortran  -fpic  -g -O2 -ffile-prefix-map=/build/r-base-rgGXCp/r-base-4.5.0=. -fstack-protector-strong  -c akj.f -o akj.o
gfortran  -fpic  -g -O2 -ffile-prefix-map=/build/r-base-rgGXCp/r-base-4.5.0=. -fstack-protector-strong  -c boot.f -o boot.o
gfortran  -fpic  -g -O2 -ffile-prefix-map=/build/r-base-rgGXCp/r-base-4.5.0=. -fstack-protector-strong  -c bound.f -o bound.o
gfortran  -fpic  -g -O2 -ffile-prefix-map=/build/r-base-rgGXCp/r-base-4.5.0=. -fstack-protector-strong  -c boundc.f -o boundc.o
gfortran  -fpic  -g -O2 -ffile-prefix-map=/build/r-base-rgGXCp/r-base-4.5.0=. -fstack-protector-strong  -c brute.f -o brute.o
gfortran  -fpic  -g -O2 -ffile-prefix-map=/build/r-base-rgGXCp/r-base-4.5.0=. -fstack-protector-strong  -c chlfct.f -o chlfct.o
gfortran  -fpic  -g -O2 -ffile-prefix-map=/build/r-base-rgGXCp/r-base-4.5.0=. -fstack-protector-strong  -c cholesky.f -o cholesky.o
gfortran  -fpic  -g -O2 -ffile-prefix-map=/build/r-base-rgGXCp/r-base-4.5.0=. -fstack-protector-strong  -c combos.f -o combos.o
gfortran  -fpic  -g -O2 -ffile-prefix-map=/build/r-base-rgGXCp/r-base-4.5.0=. -fstack-protector-strong  -c crqf.f -o crqf.o
gfortran  -fpic  -g -O2 -ffile-prefix-map=/build/r-base-rgGXCp/r-base-4.5.0=. -fstack-protector-strong  -c crqfnb.f -o crqfnb.o
gfortran  -fpic  -g -O2 -ffile-prefix-map=/build/r-base-rgGXCp/r-base-4.5.0=. -fstack-protector-strong  -c dsel05.f -o dsel05.o
gfortran  -fpic  -g -O2 -ffile-prefix-map=/build/r-base-rgGXCp/r-base-4.5.0=. -fstack-protector-strong  -c extract.f -o extract.o
gcc -I"/usr/share/R/include" -DNDEBUG       -fpic  -g -O2 -ffile-prefix-map=/build/r-base-rgGXCp/r-base-4.5.0=. -fstack-protector-strong -Wformat -Werror=format-security -Wdate-time -D_FORTIFY_SOURCE=2  -c frand.c -o frand.o
gfortran  -fpic  -g -O2 -ffile-prefix-map=/build/r-base-rgGXCp/r-base-4.5.0=. -fstack-protector-strong  -c grexp.f -o grexp.o
gfortran  -fpic  -g -O2 -ffile-prefix-map=/build/r-base-rgGXCp/r-base-4.5.0=. -fstack-protector-strong  -c idmin.f -o idmin.o
gfortran  -fpic  -g -O2 -ffile-prefix-map=/build/r-base-rgGXCp/r-base-4.5.0=. -fstack-protector-strong  -c iswap.f -o iswap.o
gfortran  -fpic  -g -O2 -ffile-prefix-map=/build/r-base-rgGXCp/r-base-4.5.0=. -fstack-protector-strong  -c kuantile.f -o kuantile.o
gfortran  -fpic  -g -O2 -ffile-prefix-map=/build/r-base-rgGXCp/r-base-4.5.0=. -fstack-protector-strong  -c kuantiles.f -o kuantiles.o
gfortran  -fpic  -g -O2 -ffile-prefix-map=/build/r-base-rgGXCp/r-base-4.5.0=. -fstack-protector-strong  -c linpack.f -o linpack.o
gcc -I"/usr/share/R/include" -DNDEBUG       -fpic  -g -O2 -ffile-prefix-map=/build/r-base-rgGXCp/r-base-4.5.0=. -fstack-protector-strong -Wformat -Werror=format-security -Wdate-time -D_FORTIFY_SOURCE=2  -c mcmb.c -o mcmb.o
gfortran  -fpic  -g -O2 -ffile-prefix-map=/build/r-base-rgGXCp/r-base-4.5.0=. -fstack-protector-strong  -c penalty.f -o penalty.o
gfortran  -fpic  -g -O2 -ffile-prefix-map=/build/r-base-rgGXCp/r-base-4.5.0=. -fstack-protector-strong  -c pfnb.f -o pfnb.o
gfortran  -fpic  -g -O2 -ffile-prefix-map=/build/r-base-rgGXCp/r-base-4.5.0=. -fstack-protector-strong  -c powell.f -o powell.o
gfortran  -fpic  -g -O2 -ffile-prefix-map=/build/r-base-rgGXCp/r-base-4.5.0=. -fstack-protector-strong  -c profnb.f -o profnb.o
gfortran  -fpic  -g -O2 -ffile-prefix-map=/build/r-base-rgGXCp/r-base-4.5.0=. -fstack-protector-strong  -c pwxy.f -o pwxy.o
gfortran  -fpic  -g -O2 -ffile-prefix-map=/build/r-base-rgGXCp/r-base-4.5.0=. -fstack-protector-strong  -c qfnb.f -o qfnb.o
gfortran  -fpic  -g -O2 -ffile-prefix-map=/build/r-base-rgGXCp/r-base-4.5.0=. -fstack-protector-strong  -c qselect.f -o qselect.o
gcc -I"/usr/share/R/include" -DNDEBUG       -fpic  -g -O2 -ffile-prefix-map=/build/r-base-rgGXCp/r-base-4.5.0=. -fstack-protector-strong -Wformat -Werror=format-security -Wdate-time -D_FORTIFY_SOURCE=2  -c quantreg_init.c -o quantreg_init.o
gfortran  -fpic  -g -O2 -ffile-prefix-map=/build/r-base-rgGXCp/r-base-4.5.0=. -fstack-protector-strong  -c rls.f -o rls.o
gfortran  -fpic  -g -O2 -ffile-prefix-map=/build/r-base-rgGXCp/r-base-4.5.0=. -fstack-protector-strong  -c rq0.f -o rq0.o
gfortran  -fpic  -g -O2 -ffile-prefix-map=/build/r-base-rgGXCp/r-base-4.5.0=. -fstack-protector-strong  -c rq1.f -o rq1.o
gfortran  -fpic  -g -O2 -ffile-prefix-map=/build/r-base-rgGXCp/r-base-4.5.0=. -fstack-protector-strong  -c rqbr.f -o rqbr.o
gfortran  -fpic  -g -O2 -ffile-prefix-map=/build/r-base-rgGXCp/r-base-4.5.0=. -fstack-protector-strong  -c rqfn.f -o rqfn.o
gfortran  -fpic  -g -O2 -ffile-prefix-map=/build/r-base-rgGXCp/r-base-4.5.0=. -fstack-protector-strong  -c rqfnb.f -o rqfnb.o
gfortran  -fpic  -g -O2 -ffile-prefix-map=/build/r-base-rgGXCp/r-base-4.5.0=. -fstack-protector-strong  -c rqfnc.f -o rqfnc.o
gfortran  -fpic  -g -O2 -ffile-prefix-map=/build/r-base-rgGXCp/r-base-4.5.0=. -fstack-protector-strong  -c rqs.f -o rqs.o
gfortran  -fpic  -g -O2 -ffile-prefix-map=/build/r-base-rgGXCp/r-base-4.5.0=. -fstack-protector-strong  -c sakj.f -o sakj.o
gfortran  -fpic  -g -O2 -ffile-prefix-map=/build/r-base-rgGXCp/r-base-4.5.0=. -fstack-protector-strong  -c sparskit2.f -o sparskit2.o
gfortran  -fpic  -g -O2 -ffile-prefix-map=/build/r-base-rgGXCp/r-base-4.5.0=. -fstack-protector-strong  -c srqfn.f -o srqfn.o
gfortran  -fpic  -g -O2 -ffile-prefix-map=/build/r-base-rgGXCp/r-base-4.5.0=. -fstack-protector-strong  -c srqfnc.f -o srqfnc.o
gfortran  -fpic  -g -O2 -ffile-prefix-map=/build/r-base-rgGXCp/r-base-4.5.0=. -fstack-protector-strong  -c srtpai.f -o srtpai.o
gcc -shared -L/usr/lib/R/lib -Wl,-Bsymbolic-functions -flto=auto -ffat-lto-objects -flto=auto -Wl,-z,relro -o quantreg.so akj.o boot.o bound.o boundc.o brute.o chlfct.o cholesky.o combos.o crqf.o crqfnb.o dsel05.o extract.o frand.o grexp.o idmin.o iswap.o kuantile.o kuantiles.o linpack.o mcmb.o penalty.o pfnb.o powell.o profnb.o pwxy.o qfnb.o qselect.o quantreg_init.o rls.o rq0.o rq1.o rqbr.o rqfn.o rqfnb.o rqfnc.o rqs.o sakj.o sparskit2.o srqfn.o srqfnc.o srtpai.o -llapack -lblas -lgfortran -lm -lquadmath -lgfortran -lm -lquadmath -L/usr/lib/R/lib -lR
installing to /usr/local/lib/R/site-library/00LOCK-quantreg/00new/quantreg/libs
** R
** data
** demo
** inst
** byte-compile and prepare package for lazy loading
** help
*** installing help indices
** building package indices
** installing vignettes
** testing if installed package can be loaded from temporary location
** checking absolute paths in shared objects and dynamic libraries
** testing if installed package can be loaded from final location
** testing if installed package keeps a record of temporary installation path
* creating tarball
packaged installation of ‘quantreg’ as ‘quantreg_6.1_R_x86_64-pc-linux-gnu.tar.gz’
* DONE (quantreg)
* installing *source* package ‘BBmisc’ ...
** this is package ‘BBmisc’ version ‘1.13’
** package ‘BBmisc’ successfully unpacked and MD5 sums checked
** using staged installation
** libs
using C compiler: ‘gcc (Ubuntu 11.4.0-1ubuntu1~22.04) 11.4.0’
gcc -I"/usr/share/R/include" -DNDEBUG       -fpic  -g -O2 -ffile-prefix-map=/build/r-base-rgGXCp/r-base-4.5.0=. -fstack-protector-strong -Wformat -Werror=format-security -Wdate-time -D_FORTIFY_SOURCE=2  -c getMaxColRowIndex.c -o getMaxColRowIndex.o
gcc -I"/usr/share/R/include" -DNDEBUG       -fpic  -g -O2 -ffile-prefix-map=/build/r-base-rgGXCp/r-base-4.5.0=. -fstack-protector-strong -Wformat -Werror=format-security -Wdate-time -D_FORTIFY_SOURCE=2  -c getMaxIndex.c -o getMaxIndex.o
gcc -I"/usr/share/R/include" -DNDEBUG       -fpic  -g -O2 -ffile-prefix-map=/build/r-base-rgGXCp/r-base-4.5.0=. -fstack-protector-strong -Wformat -Werror=format-security -Wdate-time -D_FORTIFY_SOURCE=2  -c init.c -o init.o
gcc -I"/usr/share/R/include" -DNDEBUG       -fpic  -g -O2 -ffile-prefix-map=/build/r-base-rgGXCp/r-base-4.5.0=. -fstack-protector-strong -Wformat -Werror=format-security -Wdate-time -D_FORTIFY_SOURCE=2  -c itostr.c -o itostr.o
gcc -shared -L/usr/lib/R/lib -Wl,-Bsymbolic-functions -flto=auto -ffat-lto-objects -flto=auto -Wl,-z,relro -o BBmisc.so getMaxColRowIndex.o getMaxIndex.o init.o itostr.o -L/usr/lib/R/lib -lR
installing to /usr/local/lib/R/site-library/00LOCK-BBmisc/00new/BBmisc/libs
** R
** byte-compile and prepare package for lazy loading
** help
*** installing help indices
** building package indices
** testing if installed package can be loaded from temporary location
** checking absolute paths in shared objects and dynamic libraries
** testing if installed package can be loaded from final location
** testing if installed package keeps a record of temporary installation path
* creating tarball
packaged installation of ‘BBmisc’ as ‘BBmisc_1.13_R_x86_64-pc-linux-gnu.tar.gz’
* DONE (BBmisc)
* installing *source* package ‘reformulas’ ...
** this is package ‘reformulas’ version ‘0.4.1’
** package ‘reformulas’ successfully unpacked and MD5 sums checked
** using staged installation
** R
** inst
** byte-compile and prepare package for lazy loading
** help
*** installing help indices
** building package indices
** testing if installed package can be loaded from temporary location
** testing if installed package can be loaded from final location
** testing if installed package keeps a record of temporary installation path
* creating tarball
packaged installation of ‘reformulas’ as ‘reformulas_0.4.1_R_x86_64-pc-linux-gnu.tar.gz’
* DONE (reformulas)
* installing *source* package ‘parallelMap’ ...
** this is package ‘parallelMap’ version ‘1.5.1’
** package ‘parallelMap’ successfully unpacked and MD5 sums checked
** using staged installation
** R
** inst
** byte-compile and prepare package for lazy loading
** help
*** installing help indices
** building package indices
** testing if installed package can be loaded from temporary location
** testing if installed package can be loaded from final location
** testing if installed package keeps a record of temporary installation path
* creating tarball
packaged installation of ‘parallelMap’ as ‘parallelMap_1.5.1_R_x86_64-pc-linux-gnu.tar.gz’
* DONE (parallelMap)
* installing *source* package ‘R.utils’ ...
** this is package ‘R.utils’ version ‘2.13.0’
** package ‘R.utils’ successfully unpacked and MD5 sums checked
** using staged installation
** R
** inst
** byte-compile and prepare package for lazy loading
Warning in setGenericS3.default(name, export = exportGeneric, envir = envir,  :
  Renamed the preexisting function warnings to warnings.default, which was defined in environment R.utils.
Warning in setGenericS3.default("use") :
  Renamed the preexisting function use to use.default, which was defined in environment R.utils.
Warning in setMethodS3.default("use", "default", function(pkg = "R.utils",  :
  Method already existed and was overwritten: use.default
** help
*** installing help indices
** building package indices
** testing if installed package can be loaded from temporary location
** testing if installed package can be loaded from final location
** testing if installed package keeps a record of temporary installation path
* creating tarball
packaged installation of ‘R.utils’ as ‘R.utils_2.13.0_R_x86_64-pc-linux-gnu.tar.gz’
* DONE (R.utils)
* installing *source* package ‘flowCore’ ...
** this is package ‘flowCore’ version ‘2.20.0’
** using staged installation
** libs
using C++ compiler: ‘g++ (Ubuntu 11.4.0-1ubuntu1~22.04) 11.4.0’
using C++17
g++ -std=gnu++17 -I"/usr/share/R/include" -DNDEBUG -DBOOST_NO_AUTO_PTR -w -Wfatal-errors -I'/usr/local/lib/R/site-library/cpp11/include' -I'/usr/local/lib/R/site-library/BH/include' -I'/usr/local/lib/R/site-library/cytolib/include' -I'/usr/local/lib/R/site-library/RProtoBufLib/include'     -fpic  -g -O2 -ffile-prefix-map=/build/r-base-rgGXCp/r-base-4.5.0=. -fstack-protector-strong -Wformat -Werror=format-security -Wdate-time -D_FORTIFY_SOURCE=2   -c FastLogicle.cpp -o FastLogicle.o
g++ -std=gnu++17 -I"/usr/share/R/include" -DNDEBUG -DBOOST_NO_AUTO_PTR -w -Wfatal-errors -I'/usr/local/lib/R/site-library/cpp11/include' -I'/usr/local/lib/R/site-library/BH/include' -I'/usr/local/lib/R/site-library/cytolib/include' -I'/usr/local/lib/R/site-library/RProtoBufLib/include'     -fpic  -g -O2 -ffile-prefix-map=/build/r-base-rgGXCp/r-base-4.5.0=. -fstack-protector-strong -Wformat -Werror=format-security -Wdate-time -D_FORTIFY_SOURCE=2   -c Hyperlog.cpp -o Hyperlog.o
g++ -std=gnu++17 -I"/usr/share/R/include" -DNDEBUG -DBOOST_NO_AUTO_PTR -w -Wfatal-errors -I'/usr/local/lib/R/site-library/cpp11/include' -I'/usr/local/lib/R/site-library/BH/include' -I'/usr/local/lib/R/site-library/cytolib/include' -I'/usr/local/lib/R/site-library/RProtoBufLib/include'     -fpic  -g -O2 -ffile-prefix-map=/build/r-base-rgGXCp/r-base-4.5.0=. -fstack-protector-strong -Wformat -Werror=format-security -Wdate-time -D_FORTIFY_SOURCE=2   -c Logicle.cpp -o Logicle.o
g++ -std=gnu++17 -I"/usr/share/R/include" -DNDEBUG -DBOOST_NO_AUTO_PTR -w -Wfatal-errors -I'/usr/local/lib/R/site-library/cpp11/include' -I'/usr/local/lib/R/site-library/BH/include' -I'/usr/local/lib/R/site-library/cytolib/include' -I'/usr/local/lib/R/site-library/RProtoBufLib/include'     -fpic  -g -O2 -ffile-prefix-map=/build/r-base-rgGXCp/r-base-4.5.0=. -fstack-protector-strong -Wformat -Werror=format-security -Wdate-time -D_FORTIFY_SOURCE=2   -c biexponential.cpp -o biexponential.o
g++ -std=gnu++17 -I"/usr/share/R/include" -DNDEBUG -DBOOST_NO_AUTO_PTR -w -Wfatal-errors -I'/usr/local/lib/R/site-library/cpp11/include' -I'/usr/local/lib/R/site-library/BH/include' -I'/usr/local/lib/R/site-library/cytolib/include' -I'/usr/local/lib/R/site-library/RProtoBufLib/include'     -fpic  -g -O2 -ffile-prefix-map=/build/r-base-rgGXCp/r-base-4.5.0=. -fstack-protector-strong -Wformat -Werror=format-security -Wdate-time -D_FORTIFY_SOURCE=2   -c convertRawBytes.cpp -o convertRawBytes.o
g++ -std=gnu++17 -I"/usr/share/R/include" -DNDEBUG -DBOOST_NO_AUTO_PTR -w -Wfatal-errors -I'/usr/local/lib/R/site-library/cpp11/include' -I'/usr/local/lib/R/site-library/BH/include' -I'/usr/local/lib/R/site-library/cytolib/include' -I'/usr/local/lib/R/site-library/RProtoBufLib/include'     -fpic  -g -O2 -ffile-prefix-map=/build/r-base-rgGXCp/r-base-4.5.0=. -fstack-protector-strong -Wformat -Werror=format-security -Wdate-time -D_FORTIFY_SOURCE=2   -c cpp11.cpp -o cpp11.o
g++ -std=gnu++17 -I"/usr/share/R/include" -DNDEBUG -DBOOST_NO_AUTO_PTR -w -Wfatal-errors -I'/usr/local/lib/R/site-library/cpp11/include' -I'/usr/local/lib/R/site-library/BH/include' -I'/usr/local/lib/R/site-library/cytolib/include' -I'/usr/local/lib/R/site-library/RProtoBufLib/include'     -fpic  -g -O2 -ffile-prefix-map=/build/r-base-rgGXCp/r-base-4.5.0=. -fstack-protector-strong -Wformat -Werror=format-security -Wdate-time -D_FORTIFY_SOURCE=2   -c fcsTextParse.cpp -o fcsTextParse.o
g++ -std=gnu++17 -I"/usr/share/R/include" -DNDEBUG -DBOOST_NO_AUTO_PTR -w -Wfatal-errors -I'/usr/local/lib/R/site-library/cpp11/include' -I'/usr/local/lib/R/site-library/BH/include' -I'/usr/local/lib/R/site-library/cytolib/include' -I'/usr/local/lib/R/site-library/RProtoBufLib/include'     -fpic  -g -O2 -ffile-prefix-map=/build/r-base-rgGXCp/r-base-4.5.0=. -fstack-protector-strong -Wformat -Werror=format-security -Wdate-time -D_FORTIFY_SOURCE=2   -c hyperlogTransform.cpp -o hyperlogTransform.o
g++ -std=gnu++17 -I"/usr/share/R/include" -DNDEBUG -DBOOST_NO_AUTO_PTR -w -Wfatal-errors -I'/usr/local/lib/R/site-library/cpp11/include' -I'/usr/local/lib/R/site-library/BH/include' -I'/usr/local/lib/R/site-library/cytolib/include' -I'/usr/local/lib/R/site-library/RProtoBufLib/include'     -fpic  -g -O2 -ffile-prefix-map=/build/r-base-rgGXCp/r-base-4.5.0=. -fstack-protector-strong -Wformat -Werror=format-security -Wdate-time -D_FORTIFY_SOURCE=2   -c inPolygon.cpp -o inPolygon.o
g++ -std=gnu++17 -I"/usr/share/R/include" -DNDEBUG -DBOOST_NO_AUTO_PTR -w -Wfatal-errors -I'/usr/local/lib/R/site-library/cpp11/include' -I'/usr/local/lib/R/site-library/BH/include' -I'/usr/local/lib/R/site-library/cytolib/include' -I'/usr/local/lib/R/site-library/RProtoBufLib/include'     -fpic  -g -O2 -ffile-prefix-map=/build/r-base-rgGXCp/r-base-4.5.0=. -fstack-protector-strong -Wformat -Werror=format-security -Wdate-time -D_FORTIFY_SOURCE=2   -c inPolytope.cpp -o inPolytope.o
g++ -std=gnu++17 -I"/usr/share/R/include" -DNDEBUG -DBOOST_NO_AUTO_PTR -w -Wfatal-errors -I'/usr/local/lib/R/site-library/cpp11/include' -I'/usr/local/lib/R/site-library/BH/include' -I'/usr/local/lib/R/site-library/cytolib/include' -I'/usr/local/lib/R/site-library/RProtoBufLib/include'     -fpic  -g -O2 -ffile-prefix-map=/build/r-base-rgGXCp/r-base-4.5.0=. -fstack-protector-strong -Wformat -Werror=format-security -Wdate-time -D_FORTIFY_SOURCE=2   -c logicleTransform.cpp -o logicleTransform.o
g++ -std=gnu++17 -I"/usr/share/R/include" -DNDEBUG -DBOOST_NO_AUTO_PTR -w -Wfatal-errors -I'/usr/local/lib/R/site-library/cpp11/include' -I'/usr/local/lib/R/site-library/BH/include' -I'/usr/local/lib/R/site-library/cytolib/include' -I'/usr/local/lib/R/site-library/RProtoBufLib/include'     -fpic  -g -O2 -ffile-prefix-map=/build/r-base-rgGXCp/r-base-4.5.0=. -fstack-protector-strong -Wformat -Werror=format-security -Wdate-time -D_FORTIFY_SOURCE=2   -c poly_centroid.cpp -o poly_centroid.o
g++ -std=gnu++17 -I"/usr/share/R/include" -DNDEBUG -DBOOST_NO_AUTO_PTR -w -Wfatal-errors -I'/usr/local/lib/R/site-library/cpp11/include' -I'/usr/local/lib/R/site-library/BH/include' -I'/usr/local/lib/R/site-library/cytolib/include' -I'/usr/local/lib/R/site-library/RProtoBufLib/include'     -fpic  -g -O2 -ffile-prefix-map=/build/r-base-rgGXCp/r-base-4.5.0=. -fstack-protector-strong -Wformat -Werror=format-security -Wdate-time -D_FORTIFY_SOURCE=2   -c sortBytes.cpp -o sortBytes.o
g++ -std=gnu++17 -I"/usr/share/R/include" -DNDEBUG -DBOOST_NO_AUTO_PTR -w -Wfatal-errors -I'/usr/local/lib/R/site-library/cpp11/include' -I'/usr/local/lib/R/site-library/BH/include' -I'/usr/local/lib/R/site-library/cytolib/include' -I'/usr/local/lib/R/site-library/RProtoBufLib/include'     -fpic  -g -O2 -ffile-prefix-map=/build/r-base-rgGXCp/r-base-4.5.0=. -fstack-protector-strong -Wformat -Werror=format-security -Wdate-time -D_FORTIFY_SOURCE=2   -c uint2double.cpp -o uint2double.o
g++ -std=gnu++17 -I"/usr/share/R/include" -DNDEBUG -DBOOST_NO_AUTO_PTR -w -Wfatal-errors -I'/usr/local/lib/R/site-library/cpp11/include' -I'/usr/local/lib/R/site-library/BH/include' -I'/usr/local/lib/R/site-library/cytolib/include' -I'/usr/local/lib/R/site-library/RProtoBufLib/include'     -fpic  -g -O2 -ffile-prefix-map=/build/r-base-rgGXCp/r-base-4.5.0=. -fstack-protector-strong -Wformat -Werror=format-security -Wdate-time -D_FORTIFY_SOURCE=2   -c zeroin.cpp -o zeroin.o
g++ -std=gnu++17 -shared -L/usr/lib/R/lib -Wl,-Bsymbolic-functions -flto=auto -ffat-lto-objects -flto=auto -Wl,-z,relro -o flowCore.so FastLogicle.o Hyperlog.o Logicle.o biexponential.o convertRawBytes.o cpp11.o fcsTextParse.o hyperlogTransform.o inPolygon.o inPolytope.o logicleTransform.o poly_centroid.o sortBytes.o uint2double.o zeroin.o /usr/local/lib/R/site-library/cytolib/lib/libcytolib.a -L/usr/lib/R/lib -lR
if [ `uname -s` = 'Darwin' ]; then install_name_tool -change /usr/local/clang4/lib/libc++.1.dylib /usr/lib/libc++.1.dylib flowCore.so; fi
installing to /usr/local/lib/R/site-library/00LOCK-flowCore/00new/flowCore/libs
** R
** data
** inst
** byte-compile and prepare package for lazy loading
** help
*** installing help indices
** building package indices
** installing vignettes
** testing if installed package can be loaded from temporary location
** checking absolute paths in shared objects and dynamic libraries
** testing if installed package can be loaded from final location
** testing if installed package keeps a record of temporary installation path
* creating tarball
packaged installation of ‘flowCore’ as ‘flowCore_2.20.0_R_x86_64-pc-linux-gnu.tar.gz’
* DONE (flowCore)
* installing *source* package ‘sn’ ...
** this is package ‘sn’ version ‘2.1.1’
** package ‘sn’ successfully unpacked and MD5 sums checked
** using staged installation
** R
** data
** inst
** byte-compile and prepare package for lazy loading
** help
*** installing help indices
** building package indices
** installing vignettes
** testing if installed package can be loaded from temporary location
** testing if installed package can be loaded from final location
** testing if installed package keeps a record of temporary installation path
* creating tarball
packaged installation of ‘sn’ as ‘sn_2.1.1_R_x86_64-pc-linux-gnu.tar.gz’
* DONE (sn)
* installing *source* package ‘ParamHelpers’ ...
** this is package ‘ParamHelpers’ version ‘1.14.2’
** package ‘ParamHelpers’ successfully unpacked and MD5 sums checked
** using staged installation
** libs
using C compiler: ‘gcc (Ubuntu 11.4.0-1ubuntu1~22.04) 11.4.0’
gcc -I"/usr/share/R/include" -DNDEBUG       -fpic  -g -O2 -ffile-prefix-map=/build/r-base-rgGXCp/r-base-4.5.0=. -fstack-protector-strong -Wformat -Werror=format-security -Wdate-time -D_FORTIFY_SOURCE=2  -c c_dfRowsToList.c -o c_dfRowsToList.o
gcc -I"/usr/share/R/include" -DNDEBUG       -fpic  -g -O2 -ffile-prefix-map=/build/r-base-rgGXCp/r-base-4.5.0=. -fstack-protector-strong -Wformat -Werror=format-security -Wdate-time -D_FORTIFY_SOURCE=2  -c init.c -o init.o
gcc -shared -L/usr/lib/R/lib -Wl,-Bsymbolic-functions -flto=auto -ffat-lto-objects -flto=auto -Wl,-z,relro -o ParamHelpers.so c_dfRowsToList.o init.o -L/usr/lib/R/lib -lR
installing to /usr/local/lib/R/site-library/00LOCK-ParamHelpers/00new/ParamHelpers/libs
** R
** byte-compile and prepare package for lazy loading
** help
*** installing help indices
** building package indices
** testing if installed package can be loaded from temporary location
** checking absolute paths in shared objects and dynamic libraries
** testing if installed package can be loaded from final location
** testing if installed package keeps a record of temporary installation path
* creating tarball
packaged installation of ‘ParamHelpers’ as ‘ParamHelpers_1.14.2_R_x86_64-pc-linux-gnu.tar.gz’
* DONE (ParamHelpers)
* installing *source* package ‘lme4’ ...
** this is package ‘lme4’ version ‘1.1-37’
** package ‘lme4’ successfully unpacked and MD5 sums checked
** using staged installation
** libs
using C++ compiler: ‘g++ (Ubuntu 11.4.0-1ubuntu1~22.04) 11.4.0’
g++ -std=gnu++17 -I"/usr/share/R/include" -DNDEBUG  -I'/usr/local/lib/R/site-library/Rcpp/include' -I'/usr/local/lib/R/site-library/RcppEigen/include' -I'/usr/local/lib/R/site-library/Matrix/include'    -DNDEBUG -DEIGEN_DONT_VECTORIZE -fpic  -g -O2 -ffile-prefix-map=/build/r-base-rgGXCp/r-base-4.5.0=. -fstack-protector-strong -Wformat -Werror=format-security -Wdate-time -D_FORTIFY_SOURCE=2   -c external.cpp -o external.o
g++ -std=gnu++17 -I"/usr/share/R/include" -DNDEBUG  -I'/usr/local/lib/R/site-library/Rcpp/include' -I'/usr/local/lib/R/site-library/RcppEigen/include' -I'/usr/local/lib/R/site-library/Matrix/include'    -DNDEBUG -DEIGEN_DONT_VECTORIZE -fpic  -g -O2 -ffile-prefix-map=/build/r-base-rgGXCp/r-base-4.5.0=. -fstack-protector-strong -Wformat -Werror=format-security -Wdate-time -D_FORTIFY_SOURCE=2   -c glmFamily.cpp -o glmFamily.o
g++ -std=gnu++17 -I"/usr/share/R/include" -DNDEBUG  -I'/usr/local/lib/R/site-library/Rcpp/include' -I'/usr/local/lib/R/site-library/RcppEigen/include' -I'/usr/local/lib/R/site-library/Matrix/include'    -DNDEBUG -DEIGEN_DONT_VECTORIZE -fpic  -g -O2 -ffile-prefix-map=/build/r-base-rgGXCp/r-base-4.5.0=. -fstack-protector-strong -Wformat -Werror=format-security -Wdate-time -D_FORTIFY_SOURCE=2   -c optimizer.cpp -o optimizer.o
g++ -std=gnu++17 -I"/usr/share/R/include" -DNDEBUG  -I'/usr/local/lib/R/site-library/Rcpp/include' -I'/usr/local/lib/R/site-library/RcppEigen/include' -I'/usr/local/lib/R/site-library/Matrix/include'    -DNDEBUG -DEIGEN_DONT_VECTORIZE -fpic  -g -O2 -ffile-prefix-map=/build/r-base-rgGXCp/r-base-4.5.0=. -fstack-protector-strong -Wformat -Werror=format-security -Wdate-time -D_FORTIFY_SOURCE=2   -c predModule.cpp -o predModule.o
g++ -std=gnu++17 -I"/usr/share/R/include" -DNDEBUG  -I'/usr/local/lib/R/site-library/Rcpp/include' -I'/usr/local/lib/R/site-library/RcppEigen/include' -I'/usr/local/lib/R/site-library/Matrix/include'    -DNDEBUG -DEIGEN_DONT_VECTORIZE -fpic  -g -O2 -ffile-prefix-map=/build/r-base-rgGXCp/r-base-4.5.0=. -fstack-protector-strong -Wformat -Werror=format-security -Wdate-time -D_FORTIFY_SOURCE=2   -c respModule.cpp -o respModule.o
g++ -std=gnu++17 -shared -L/usr/lib/R/lib -Wl,-Bsymbolic-functions -flto=auto -ffat-lto-objects -flto=auto -Wl,-z,relro -o lme4.so external.o glmFamily.o optimizer.o predModule.o respModule.o -L/usr/lib/R/lib -lR
installing to /usr/local/lib/R/site-library/00LOCK-lme4/00new/lme4/libs
** R
** data
*** moving datasets to lazyload DB
** inst
** byte-compile and prepare package for lazy loading
** help
*** installing help indices
** building package indices
** installing vignettes
** testing if installed package can be loaded from temporary location
** checking absolute paths in shared objects and dynamic libraries
** testing if installed package can be loaded from final location
** testing if installed package keeps a record of temporary installation path
* creating tarball
packaged installation of ‘lme4’ as ‘lme4_1.1-37_R_x86_64-pc-linux-gnu.tar.gz’
* DONE (lme4)
* installing *source* package ‘flowViz’ ...
** this is package ‘flowViz’ version ‘1.72.0’
** using staged installation
** R
** inst
** byte-compile and prepare package for lazy loading
in method for ‘densityplot’ with signature ‘x="formula",data="view"’: no definition for class “view”
in method for ‘densityplot’ with signature ‘x="formula",data="ncdfFlowSet"’: no definition for class “ncdfFlowSet”
in method for ‘densityplot’ with signature ‘x="formula",data="ncdfFlowList"’: no definition for class “ncdfFlowList”
in method for ‘histogram’ with signature ‘x="formula",data="ncdfFlowSet"’: no definition for class “ncdfFlowSet”
in method for ‘histogram’ with signature ‘x="formula",data="ncdfFlowList"’: no definition for class “ncdfFlowList”
in method for ‘glines’ with signature ‘x="norm2Filter",data="ANY"’: no definition for class “norm2Filter”
in method for ‘glines’ with signature ‘x="norm2Filter",data="logicalFilterResult"’: no definition for class “norm2Filter”
in method for ‘glines’ with signature ‘x="norm2Filter",data="flowFrame"’: no definition for class “norm2Filter”
in method for ‘glpoints’ with signature ‘x="norm2Filter",data="flowFrame",channels="character"’: no definition for class “norm2Filter”
in method for ‘glpolygon’ with signature ‘x="norm2Filter",data="ANY"’: no definition for class “norm2Filter”
in method for ‘glpolygon’ with signature ‘x="norm2Filter",data="logicalFilterResult"’: no definition for class “norm2Filter”
in method for ‘glpolygon’ with signature ‘x="norm2Filter",data="flowFrame"’: no definition for class “norm2Filter”
in method for ‘gpoints’ with signature ‘x="norm2Filter",data="flowFrame",channels="character"’: no definition for class “norm2Filter”
in method for ‘gpolygon’ with signature ‘x="norm2Filter",data="ANY"’: no definition for class “norm2Filter”
in method for ‘gpolygon’ with signature ‘x="norm2Filter",data="logicalFilterResult"’: no definition for class “norm2Filter”
in method for ‘gpolygon’ with signature ‘x="norm2Filter",data="flowFrame"’: no definition for class “norm2Filter”
in method for ‘xyplot’ with signature ‘x="formula",data="view"’: no definition for class “view”
in method for ‘xyplot’ with signature ‘x="view",data="missing"’: no definition for class “view”
in method for ‘xyplot’ with signature ‘x="formula",data="gateView"’: no definition for class “gateView”
in method for ‘xyplot’ with signature ‘x="formula",data="ncdfFlowSet"’: no definition for class “ncdfFlowSet”
in method for ‘xyplot’ with signature ‘x="formula",data="ncdfFlowList"’: no definition for class “ncdfFlowList”
** help
*** installing help indices
** building package indices
** installing vignettes
** testing if installed package can be loaded from temporary location
** testing if installed package can be loaded from final location
** testing if installed package keeps a record of temporary installation path
* creating tarball
packaged installation of ‘flowViz’ as ‘flowViz_1.72.0_R_x86_64-pc-linux-gnu.tar.gz’
* DONE (flowViz)
* installing *source* package ‘mlr’ ...
** this is package ‘mlr’ version ‘2.19.2’
** package ‘mlr’ successfully unpacked and MD5 sums checked
** using staged installation
** libs
using C compiler: ‘gcc (Ubuntu 11.4.0-1ubuntu1~22.04) 11.4.0’
gcc -I"/usr/share/R/include" -DNDEBUG       -fpic  -g -O2 -ffile-prefix-map=/build/r-base-rgGXCp/r-base-4.5.0=. -fstack-protector-strong -Wformat -Werror=format-security -Wdate-time -D_FORTIFY_SOURCE=2  -c init.c -o init.o
gcc -I"/usr/share/R/include" -DNDEBUG       -fpic  -g -O2 -ffile-prefix-map=/build/r-base-rgGXCp/r-base-4.5.0=. -fstack-protector-strong -Wformat -Werror=format-security -Wdate-time -D_FORTIFY_SOURCE=2  -c smote.c -o smote.o
gcc -shared -L/usr/lib/R/lib -Wl,-Bsymbolic-functions -flto=auto -ffat-lto-objects -flto=auto -Wl,-z,relro -o mlr.so init.o smote.o -L/usr/lib/R/lib -lR
installing to /usr/local/lib/R/site-library/00LOCK-mlr/00new/mlr/libs
** R
** data
*** moving datasets to lazyload DB
** inst
** byte-compile and prepare package for lazy loading
** help
*** installing help indices
** building package indices
** installing vignettes
** testing if installed package can be loaded from temporary location
** checking absolute paths in shared objects and dynamic libraries
** testing if installed package can be loaded from final location
** testing if installed package keeps a record of temporary installation path
* creating tarball
packaged installation of ‘mlr’ as ‘mlr_2.19.2_R_x86_64-pc-linux-gnu.tar.gz’
* DONE (mlr)
* installing *source* package ‘smoof’ ...
** this is package ‘smoof’ version ‘1.6.0.3’
** package ‘smoof’ successfully unpacked and MD5 sums checked
** using staged installation
** libs
using C compiler: ‘gcc (Ubuntu 11.4.0-1ubuntu1~22.04) 11.4.0’
using C++ compiler: ‘g++ (Ubuntu 11.4.0-1ubuntu1~22.04) 11.4.0’
g++ -std=gnu++17 -I"/usr/share/R/include" -DNDEBUG  -I'/usr/local/lib/R/site-library/Rcpp/include' -I'/usr/local/lib/R/site-library/RcppArmadillo/include'     -fpic  -g -O2 -ffile-prefix-map=/build/r-base-rgGXCp/r-base-4.5.0=. -fstack-protector-strong -Wformat -Werror=format-security -Wdate-time -D_FORTIFY_SOURCE=2   -c RcppExports.cpp -o RcppExports.o
gcc -I"/usr/share/R/include" -DNDEBUG  -I'/usr/local/lib/R/site-library/Rcpp/include' -I'/usr/local/lib/R/site-library/RcppArmadillo/include'     -fpic  -g -O2 -ffile-prefix-map=/build/r-base-rgGXCp/r-base-4.5.0=. -fstack-protector-strong -Wformat -Werror=format-security -Wdate-time -D_FORTIFY_SOURCE=2  -c bbob_r_to_c_interface.c -o bbob_r_to_c_interface.o
gcc -I"/usr/share/R/include" -DNDEBUG  -I'/usr/local/lib/R/site-library/Rcpp/include' -I'/usr/local/lib/R/site-library/RcppArmadillo/include'     -fpic  -g -O2 -ffile-prefix-map=/build/r-base-rgGXCp/r-base-4.5.0=. -fstack-protector-strong -Wformat -Werror=format-security -Wdate-time -D_FORTIFY_SOURCE=2  -c benchmarks.c -o benchmarks.o
gcc -I"/usr/share/R/include" -DNDEBUG  -I'/usr/local/lib/R/site-library/Rcpp/include' -I'/usr/local/lib/R/site-library/RcppArmadillo/include'     -fpic  -g -O2 -ffile-prefix-map=/build/r-base-rgGXCp/r-base-4.5.0=. -fstack-protector-strong -Wformat -Werror=format-security -Wdate-time -D_FORTIFY_SOURCE=2  -c benchmarkshelper.c -o benchmarkshelper.o
gcc -I"/usr/share/R/include" -DNDEBUG  -I'/usr/local/lib/R/site-library/Rcpp/include' -I'/usr/local/lib/R/site-library/RcppArmadillo/include'     -fpic  -g -O2 -ffile-prefix-map=/build/r-base-rgGXCp/r-base-4.5.0=. -fstack-protector-strong -Wformat -Werror=format-security -Wdate-time -D_FORTIFY_SOURCE=2  -c cec09.c -o cec09.o
gcc -I"/usr/share/R/include" -DNDEBUG  -I'/usr/local/lib/R/site-library/Rcpp/include' -I'/usr/local/lib/R/site-library/RcppArmadillo/include'     -fpic  -g -O2 -ffile-prefix-map=/build/r-base-rgGXCp/r-base-4.5.0=. -fstack-protector-strong -Wformat -Werror=format-security -Wdate-time -D_FORTIFY_SOURCE=2  -c cec09_r_to_c_interface.c -o cec09_r_to_c_interface.o
g++ -std=gnu++17 -I"/usr/share/R/include" -DNDEBUG  -I'/usr/local/lib/R/site-library/Rcpp/include' -I'/usr/local/lib/R/site-library/RcppArmadillo/include'     -fpic  -g -O2 -ffile-prefix-map=/build/r-base-rgGXCp/r-base-4.5.0=. -fstack-protector-strong -Wformat -Werror=format-security -Wdate-time -D_FORTIFY_SOURCE=2   -c dtlz.cpp -o dtlz.o
gcc -I"/usr/share/R/include" -DNDEBUG  -I'/usr/local/lib/R/site-library/Rcpp/include' -I'/usr/local/lib/R/site-library/RcppArmadillo/include'     -fpic  -g -O2 -ffile-prefix-map=/build/r-base-rgGXCp/r-base-4.5.0=. -fstack-protector-strong -Wformat -Werror=format-security -Wdate-time -D_FORTIFY_SOURCE=2  -c mof.BK1.c -o mof.BK1.o
g++ -std=gnu++17 -I"/usr/share/R/include" -DNDEBUG  -I'/usr/local/lib/R/site-library/Rcpp/include' -I'/usr/local/lib/R/site-library/RcppArmadillo/include'     -fpic  -g -O2 -ffile-prefix-map=/build/r-base-rgGXCp/r-base-4.5.0=. -fstack-protector-strong -Wformat -Werror=format-security -Wdate-time -D_FORTIFY_SOURCE=2   -c mof.ED.cpp -o mof.ED.o
gcc -I"/usr/share/R/include" -DNDEBUG  -I'/usr/local/lib/R/site-library/Rcpp/include' -I'/usr/local/lib/R/site-library/RcppArmadillo/include'     -fpic  -g -O2 -ffile-prefix-map=/build/r-base-rgGXCp/r-base-4.5.0=. -fstack-protector-strong -Wformat -Werror=format-security -Wdate-time -D_FORTIFY_SOURCE=2  -c mof.MOP1.c -o mof.MOP1.o
gcc -I"/usr/share/R/include" -DNDEBUG  -I'/usr/local/lib/R/site-library/Rcpp/include' -I'/usr/local/lib/R/site-library/RcppArmadillo/include'     -fpic  -g -O2 -ffile-prefix-map=/build/r-base-rgGXCp/r-base-4.5.0=. -fstack-protector-strong -Wformat -Werror=format-security -Wdate-time -D_FORTIFY_SOURCE=2  -c mof.MOP2.c -o mof.MOP2.o
gcc -I"/usr/share/R/include" -DNDEBUG  -I'/usr/local/lib/R/site-library/Rcpp/include' -I'/usr/local/lib/R/site-library/RcppArmadillo/include'     -fpic  -g -O2 -ffile-prefix-map=/build/r-base-rgGXCp/r-base-4.5.0=. -fstack-protector-strong -Wformat -Werror=format-security -Wdate-time -D_FORTIFY_SOURCE=2  -c mof.MOP3.c -o mof.MOP3.o
gcc -I"/usr/share/R/include" -DNDEBUG  -I'/usr/local/lib/R/site-library/Rcpp/include' -I'/usr/local/lib/R/site-library/RcppArmadillo/include'     -fpic  -g -O2 -ffile-prefix-map=/build/r-base-rgGXCp/r-base-4.5.0=. -fstack-protector-strong -Wformat -Werror=format-security -Wdate-time -D_FORTIFY_SOURCE=2  -c mof.MOP4.c -o mof.MOP4.o
gcc -I"/usr/share/R/include" -DNDEBUG  -I'/usr/local/lib/R/site-library/Rcpp/include' -I'/usr/local/lib/R/site-library/RcppArmadillo/include'     -fpic  -g -O2 -ffile-prefix-map=/build/r-base-rgGXCp/r-base-4.5.0=. -fstack-protector-strong -Wformat -Werror=format-security -Wdate-time -D_FORTIFY_SOURCE=2  -c mof.MOP5.c -o mof.MOP5.o
gcc -I"/usr/share/R/include" -DNDEBUG  -I'/usr/local/lib/R/site-library/Rcpp/include' -I'/usr/local/lib/R/site-library/RcppArmadillo/include'     -fpic  -g -O2 -ffile-prefix-map=/build/r-base-rgGXCp/r-base-4.5.0=. -fstack-protector-strong -Wformat -Werror=format-security -Wdate-time -D_FORTIFY_SOURCE=2  -c mof.MOP6.c -o mof.MOP6.o
gcc -I"/usr/share/R/include" -DNDEBUG  -I'/usr/local/lib/R/site-library/Rcpp/include' -I'/usr/local/lib/R/site-library/RcppArmadillo/include'     -fpic  -g -O2 -ffile-prefix-map=/build/r-base-rgGXCp/r-base-4.5.0=. -fstack-protector-strong -Wformat -Werror=format-security -Wdate-time -D_FORTIFY_SOURCE=2  -c mof.MOP7.c -o mof.MOP7.o
g++ -std=gnu++17 -I"/usr/share/R/include" -DNDEBUG  -I'/usr/local/lib/R/site-library/Rcpp/include' -I'/usr/local/lib/R/site-library/RcppArmadillo/include'     -fpic  -g -O2 -ffile-prefix-map=/build/r-base-rgGXCp/r-base-4.5.0=. -fstack-protector-strong -Wformat -Werror=format-security -Wdate-time -D_FORTIFY_SOURCE=2   -c mof.cec2019.cpp -o mof.cec2019.o
g++ -std=gnu++17 -I"/usr/share/R/include" -DNDEBUG  -I'/usr/local/lib/R/site-library/Rcpp/include' -I'/usr/local/lib/R/site-library/RcppArmadillo/include'     -fpic  -g -O2 -ffile-prefix-map=/build/r-base-rgGXCp/r-base-4.5.0=. -fstack-protector-strong -Wformat -Werror=format-security -Wdate-time -D_FORTIFY_SOURCE=2   -c mof.kursawe.cpp -o mof.kursawe.o
gcc -I"/usr/share/R/include" -DNDEBUG  -I'/usr/local/lib/R/site-library/Rcpp/include' -I'/usr/local/lib/R/site-library/RcppArmadillo/include'     -fpic  -g -O2 -ffile-prefix-map=/build/r-base-rgGXCp/r-base-4.5.0=. -fstack-protector-strong -Wformat -Werror=format-security -Wdate-time -D_FORTIFY_SOURCE=2  -c mof.viennet.c -o mof.viennet.o
g++ -std=gnu++17 -I"/usr/share/R/include" -DNDEBUG  -I'/usr/local/lib/R/site-library/Rcpp/include' -I'/usr/local/lib/R/site-library/RcppArmadillo/include'     -fpic  -g -O2 -ffile-prefix-map=/build/r-base-rgGXCp/r-base-4.5.0=. -fstack-protector-strong -Wformat -Werror=format-security -Wdate-time -D_FORTIFY_SOURCE=2   -c mof.wfg.cpp -o mof.wfg.o
g++ -std=gnu++17 -shared -L/usr/lib/R/lib -Wl,-Bsymbolic-functions -flto=auto -ffat-lto-objects -flto=auto -Wl,-z,relro -o smoof.so RcppExports.o bbob_r_to_c_interface.o benchmarks.o benchmarkshelper.o cec09.o cec09_r_to_c_interface.o dtlz.o mof.BK1.o mof.ED.o mof.MOP1.o mof.MOP2.o mof.MOP3.o mof.MOP4.o mof.MOP5.o mof.MOP6.o mof.MOP7.o mof.cec2019.o mof.kursawe.o mof.viennet.o mof.wfg.o -L/usr/lib/R/lib -lR
installing to /usr/local/lib/R/site-library/00LOCK-smoof/00new/smoof/libs
** R
** inst
** byte-compile and prepare package for lazy loading
** help
*** installing help indices
** building package indices
** testing if installed package can be loaded from temporary location
** checking absolute paths in shared objects and dynamic libraries
** testing if installed package can be loaded from final location
** testing if installed package keeps a record of temporary installation path
* creating tarball
packaged installation of ‘smoof’ as ‘smoof_1.6.0.3_R_x86_64-pc-linux-gnu.tar.gz’
* DONE (smoof)
* installing *source* package ‘pbkrtest’ ...
** this is package ‘pbkrtest’ version ‘0.5.4’
** package ‘pbkrtest’ successfully unpacked and MD5 sums checked
** using staged installation
** R
** data
*** moving datasets to lazyload DB
** inst
** byte-compile and prepare package for lazy loading
** help
*** installing help indices
** building package indices
** installing vignettes
** testing if installed package can be loaded from temporary location
** testing if installed package can be loaded from final location
** testing if installed package keeps a record of temporary installation path
* creating tarball
packaged installation of ‘pbkrtest’ as ‘pbkrtest_0.5.4_R_x86_64-pc-linux-gnu.tar.gz’
* DONE (pbkrtest)
* installing *source* package ‘mlrMBO’ ...
** this is package ‘mlrMBO’ version ‘1.1.5.1’
** package ‘mlrMBO’ successfully unpacked and MD5 sums checked
** using staged installation
** libs
using C compiler: ‘gcc (Ubuntu 11.4.0-1ubuntu1~22.04) 11.4.0’
gcc -I"/usr/share/R/include" -DNDEBUG       -fpic  -g -O2 -ffile-prefix-map=/build/r-base-rgGXCp/r-base-4.5.0=. -fstack-protector-strong -Wformat -Werror=format-security -Wdate-time -D_FORTIFY_SOURCE=2  -c avl.c -o avl.o
gcc -I"/usr/share/R/include" -DNDEBUG       -fpic  -g -O2 -ffile-prefix-map=/build/r-base-rgGXCp/r-base-4.5.0=. -fstack-protector-strong -Wformat -Werror=format-security -Wdate-time -D_FORTIFY_SOURCE=2  -c hv.c -o hv.o
gcc -I"/usr/share/R/include" -DNDEBUG       -fpic  -g -O2 -ffile-prefix-map=/build/r-base-rgGXCp/r-base-4.5.0=. -fstack-protector-strong -Wformat -Werror=format-security -Wdate-time -D_FORTIFY_SOURCE=2  -c infill.c -o infill.o
gcc -I"/usr/share/R/include" -DNDEBUG       -fpic  -g -O2 -ffile-prefix-map=/build/r-base-rgGXCp/r-base-4.5.0=. -fstack-protector-strong -Wformat -Werror=format-security -Wdate-time -D_FORTIFY_SOURCE=2  -c init.c -o init.o
gcc -shared -L/usr/lib/R/lib -Wl,-Bsymbolic-functions -flto=auto -ffat-lto-objects -flto=auto -Wl,-z,relro -o mlrMBO.so avl.o hv.o infill.o init.o -L/usr/lib/R/lib -lR
installing to /usr/local/lib/R/site-library/00LOCK-mlrMBO/00new/mlrMBO/libs
** R
** inst
** byte-compile and prepare package for lazy loading
** help
*** installing help indices
** building package indices
** installing vignettes
** testing if installed package can be loaded from temporary location
** checking absolute paths in shared objects and dynamic libraries
** testing if installed package can be loaded from final location
** testing if installed package keeps a record of temporary installation path
* creating tarball
packaged installation of ‘mlrMBO’ as ‘mlrMBO_1.1.5.1_R_x86_64-pc-linux-gnu.tar.gz’
* DONE (mlrMBO)
* installing *source* package ‘car’ ...
** this is package ‘car’ version ‘3.1-3’
** package ‘car’ successfully unpacked and MD5 sums checked
** using staged installation
** R
** inst
** byte-compile and prepare package for lazy loading
** help
*** installing help indices
** building package indices
** installing vignettes
** testing if installed package can be loaded from temporary location
** testing if installed package can be loaded from final location
** testing if installed package keeps a record of temporary installation path
* creating tarball
packaged installation of ‘car’ as ‘car_3.1-3_R_x86_64-pc-linux-gnu.tar.gz’
* DONE (car)
* installing *source* package ‘Polytect’ ...
** this is package ‘Polytect’ version ‘1.0.0’
** using staged installation
** R
** data
** inst
** byte-compile and prepare package for lazy loading
** help
*** installing help indices
** building package indices
** installing vignettes
** testing if installed package can be loaded from temporary location
** testing if installed package can be loaded from final location
** testing if installed package keeps a record of temporary installation path
* creating tarball
packaged installation of ‘Polytect’ as ‘Polytect_1.0.0_R_x86_64-pc-linux-gnu.tar.gz’
* DONE (Polytect)
* installing *source* package ‘flowDensity’ ...
** this is package ‘flowDensity’ version ‘1.42.0’
** using staged installation
** R
** inst
** byte-compile and prepare package for lazy loading
** help
*** installing help indices
** building package indices
** installing vignettes
** testing if installed package can be loaded from temporary location
** testing if installed package can be loaded from final location
** testing if installed package keeps a record of temporary installation path
* creating tarball
packaged installation of ‘flowDensity’ as ‘flowDensity_1.42.0_R_x86_64-pc-linux-gnu.tar.gz’
* DONE (flowDensity)
* installing *source* package ‘ddPCRclust’ ...
** this is package ‘ddPCRclust’ version ‘1.28.0’
** using staged installation
** R
** inst
** byte-compile and prepare package for lazy loading
** help
*** installing help indices
** building package indices
** installing vignettes
** testing if installed package can be loaded from temporary location
** testing if installed package can be loaded from final location
** testing if installed package keeps a record of temporary installation path
* creating tarball
packaged installation of ‘ddPCRclust’ as ‘ddPCRclust_1.28.0_R_x86_64-pc-linux-gnu.tar.gz’
* DONE (ddPCRclust)

The downloaded source packages are in
	‘/tmp/Rtmpvk01HH/downloaded_packages’
Old packages: 'cli', 'DelayedArray', 'diffobj', 'edgeR', 'globals',
  'parallelly', 'pkgdown', 'RcppArmadillo', 'RSQLite', 'scales', 'sctransform',
  'Seurat', 'SeuratObject', 'SingleCellExperiment', 'spatstat.univar',
  'SummarizedExperiment', 'systemfonts', 'textshaping', 'utf8'

real	16m3.963s
user	13m29.276s
sys	3m47.024s
