+ Rscript -e 'Sys.setenv(BIOCONDUCTOR_USE_CONTAINER_REPOSITORY=FALSE);
  p <- .libPaths();
  p <- c('\'''\'', '\'''\'', p);
  .libPaths(p);
  if(BiocManager::install('\''simplifyEnrichment'\'', INSTALL_opts = '\''--build'\'', update = TRUE, quiet = FALSE, dependencies=TRUE, force = TRUE, keep_outputs = TRUE) %in% rownames(installed.packages())) q(status = 0) else q(status = 1)'
'getOption("repos")' replaces Bioconductor standard repositories, see
'help("repositories", package = "BiocManager")' for details.
Replacement repositories:
    CRAN: https://p3m.dev/cran/__linux__/noble/latest
Bioconductor version 3.20 (BiocManager 1.30.25), R 4.4.2 (2024-10-31)
Installing package(s) 'simplifyEnrichment'
also installing the dependencies ‘zlibbioc’, ‘UCSC.utils’, ‘GenomeInfoDbData’, ‘bit’, ‘XVector’, ‘GenomeInfoDb’, ‘scatterplot3d’, ‘iterators’, ‘bit64’, ‘blob’, ‘plogr’, ‘Biostrings’, ‘farver’, ‘labeling’, ‘munsell’, ‘viridisLite’, ‘GenSA’, ‘polyclip’, ‘polylabelr’, ‘RcppArmadillo’, ‘rngtools’, ‘XML’, ‘DEoptimR’, ‘matrixStats’, ‘Polychrome’, ‘S4Vectors’, ‘RColorBrewer’, ‘png’, ‘IRanges’, ‘foreach’, ‘doParallel’, ‘shape’, ‘rjson’, ‘NLP’, ‘BH’, ‘BiocGenerics’, ‘Biobase’, ‘DBI’, ‘RSQLite’, ‘KEGGREST’, ‘gtable’, ‘isoband’, ‘scales’, ‘expm’, ‘generics’, ‘modeltools’, ‘kableExtra’, ‘svglite’, ‘clisymbols’, ‘skmeans’, ‘microbenchmark’, ‘httr’, ‘markdown’, ‘impute’, ‘eulerr’, ‘doRNG’, ‘irlba’, ‘org.Hs.eg.db’, ‘MatrixGenerics’, ‘annotate’, ‘jpeg’, ‘flexmix’, ‘prabclus’, ‘diptest’, ‘robustbase’, ‘kernlab’, ‘simona’, ‘ComplexHeatmap’, ‘circlize’, ‘GetoptLong’, ‘tm’, ‘GO.db’, ‘AnnotationDbi’, ‘slam’, ‘clue’, ‘colorspace’, ‘GlobalOptions’, ‘ggplot2’, ‘cowplot’, ‘mclust’, ‘apcluster’, ‘MCL’, ‘dbscan’, ‘igraph’, ‘gridExtra’, ‘dynamicTreeCut’, ‘gridGraphics’, ‘flexclust’, ‘InteractiveComplexHeatmap’, ‘shinydashboard’, ‘cola’, ‘hu6800.db’, ‘genefilter’, ‘gridtext’, ‘fpc’

trying URL 'https://bioconductor.org/packages/3.20/bioc/src/contrib/zlibbioc_1.52.0.tar.gz'
Content type 'application/x-gzip' length 384828 bytes (375 KB)
==================================================
downloaded 375 KB

trying URL 'https://bioconductor.org/packages/3.20/bioc/src/contrib/UCSC.utils_1.2.0.tar.gz'
Content type 'application/x-gzip' length 236888 bytes (231 KB)
==================================================
downloaded 231 KB

trying URL 'https://bioconductor.org/packages/3.20/data/annotation/src/contrib/GenomeInfoDbData_1.2.13.tar.gz'
Content type 'application/x-gzip' length 12924272 bytes (12.3 MB)
==================================================
downloaded 12.3 MB

trying URL 'https://p3m.dev/cran/__linux__/noble/latest/src/contrib/bit_4.6.0.tar.gz'
Content type 'binary/octet-stream' length 628153 bytes (613 KB)
==================================================
downloaded 613 KB

trying URL 'https://bioconductor.org/packages/3.20/bioc/src/contrib/XVector_0.46.0.tar.gz'
Content type 'application/x-gzip' length 70185 bytes (68 KB)
==================================================
downloaded 68 KB

trying URL 'https://bioconductor.org/packages/3.20/bioc/src/contrib/GenomeInfoDb_1.42.3.tar.gz'
Content type 'application/x-gzip' length 3592070 bytes (3.4 MB)
==================================================
downloaded 3.4 MB

trying URL 'https://p3m.dev/cran/__linux__/noble/latest/src/contrib/scatterplot3d_0.3-44.tar.gz'
Content type 'binary/octet-stream' length 348208 bytes (340 KB)
==================================================
downloaded 340 KB

trying URL 'https://p3m.dev/cran/__linux__/noble/latest/src/contrib/iterators_1.0.14.tar.gz'
Content type 'binary/octet-stream' length 346510 bytes (338 KB)
==================================================
downloaded 338 KB

trying URL 'https://p3m.dev/cran/__linux__/noble/latest/src/contrib/bit64_4.6.0-1.tar.gz'
Content type 'binary/octet-stream' length 491805 bytes (480 KB)
==================================================
downloaded 480 KB

trying URL 'https://p3m.dev/cran/__linux__/noble/latest/src/contrib/blob_1.2.4.tar.gz'
Content type 'binary/octet-stream' length 47325 bytes (46 KB)
==================================================
downloaded 46 KB

trying URL 'https://p3m.dev/cran/__linux__/noble/latest/src/contrib/plogr_0.2.0.tar.gz'
Content type 'binary/octet-stream' length 13108 bytes (12 KB)
==================================================
downloaded 12 KB

trying URL 'https://bioconductor.org/packages/3.20/bioc/src/contrib/Biostrings_2.74.1.tar.gz'
Content type 'application/x-gzip' length 12823307 bytes (12.2 MB)
==================================================
downloaded 12.2 MB

trying URL 'https://p3m.dev/cran/__linux__/noble/latest/src/contrib/farver_2.1.2.tar.gz'
Content type 'binary/octet-stream' length 1466627 bytes (1.4 MB)
==================================================
downloaded 1.4 MB

trying URL 'https://p3m.dev/cran/__linux__/noble/latest/src/contrib/labeling_0.4.3.tar.gz'
Content type 'binary/octet-stream' length 60952 bytes (59 KB)
==================================================
downloaded 59 KB

trying URL 'https://p3m.dev/cran/__linux__/noble/latest/src/contrib/munsell_0.5.1.tar.gz'
Content type 'binary/octet-stream' length 243099 bytes (237 KB)
==================================================
downloaded 237 KB

trying URL 'https://p3m.dev/cran/__linux__/noble/latest/src/contrib/viridisLite_0.4.2.tar.gz'
Content type 'binary/octet-stream' length 1297555 bytes (1.2 MB)
==================================================
downloaded 1.2 MB

trying URL 'https://p3m.dev/cran/__linux__/noble/latest/src/contrib/GenSA_1.1.14.1.tar.gz'
Content type 'binary/octet-stream' length 67117 bytes (65 KB)
==================================================
downloaded 65 KB

trying URL 'https://p3m.dev/cran/__linux__/noble/latest/src/contrib/polyclip_1.10-7.tar.gz'
Content type 'binary/octet-stream' length 119913 bytes (117 KB)
==================================================
downloaded 117 KB

trying URL 'https://p3m.dev/cran/__linux__/noble/latest/src/contrib/polylabelr_0.3.0.tar.gz'
Content type 'binary/octet-stream' length 73511 bytes (71 KB)
==================================================
downloaded 71 KB

trying URL 'https://p3m.dev/cran/__linux__/noble/latest/src/contrib/RcppArmadillo_14.2.3-1.tar.gz'
Content type 'binary/octet-stream' length 1066881 bytes (1.0 MB)
==================================================
downloaded 1.0 MB

trying URL 'https://p3m.dev/cran/__linux__/noble/latest/src/contrib/rngtools_1.5.2.tar.gz'
Content type 'binary/octet-stream' length 77990 bytes (76 KB)
==================================================
downloaded 76 KB

trying URL 'https://p3m.dev/cran/__linux__/noble/latest/src/contrib/XML_3.99-0.18.tar.gz'
Content type 'binary/octet-stream' length 1815093 bytes (1.7 MB)
==================================================
downloaded 1.7 MB

trying URL 'https://p3m.dev/cran/__linux__/noble/latest/src/contrib/DEoptimR_1.1-3-1.tar.gz'
Content type 'binary/octet-stream' length 74615 bytes (72 KB)
==================================================
downloaded 72 KB

trying URL 'https://p3m.dev/cran/__linux__/noble/latest/src/contrib/matrixStats_1.5.0.tar.gz'
Content type 'binary/octet-stream' length 475041 bytes (463 KB)
==================================================
downloaded 463 KB

trying URL 'https://p3m.dev/cran/__linux__/noble/latest/src/contrib/Polychrome_1.5.1.tar.gz'
Content type 'binary/octet-stream' length 678705 bytes (662 KB)
==================================================
downloaded 662 KB

trying URL 'https://bioconductor.org/packages/3.20/bioc/src/contrib/S4Vectors_0.44.0.tar.gz'
Content type 'application/x-gzip' length 1076666 bytes (1.0 MB)
==================================================
downloaded 1.0 MB

trying URL 'https://p3m.dev/cran/__linux__/noble/latest/src/contrib/RColorBrewer_1.1-3.tar.gz'
Content type 'binary/octet-stream' length 51823 bytes (50 KB)
==================================================
downloaded 50 KB

trying URL 'https://p3m.dev/cran/__linux__/noble/latest/src/contrib/png_0.1-8.tar.gz'
Content type 'binary/octet-stream' length 40602 bytes (39 KB)
==================================================
downloaded 39 KB

trying URL 'https://bioconductor.org/packages/3.20/bioc/src/contrib/IRanges_2.40.1.tar.gz'
Content type 'application/x-gzip' length 486989 bytes (475 KB)
==================================================
downloaded 475 KB

trying URL 'https://p3m.dev/cran/__linux__/noble/latest/src/contrib/foreach_1.5.2.tar.gz'
Content type 'binary/octet-stream' length 139753 bytes (136 KB)
==================================================
downloaded 136 KB

trying URL 'https://p3m.dev/cran/__linux__/noble/latest/src/contrib/doParallel_1.0.17.tar.gz'
Content type 'binary/octet-stream' length 188136 bytes (183 KB)
==================================================
downloaded 183 KB

trying URL 'https://p3m.dev/cran/__linux__/noble/latest/src/contrib/shape_1.4.6.1.tar.gz'
Content type 'binary/octet-stream' length 750076 bytes (732 KB)
==================================================
downloaded 732 KB

trying URL 'https://p3m.dev/cran/__linux__/noble/latest/src/contrib/rjson_0.2.23.tar.gz'
Content type 'binary/octet-stream' length 113120 bytes (110 KB)
==================================================
downloaded 110 KB

trying URL 'https://p3m.dev/cran/__linux__/noble/latest/src/contrib/NLP_0.3-2.tar.gz'
Content type 'binary/octet-stream' length 382054 bytes (373 KB)
==================================================
downloaded 373 KB

trying URL 'https://p3m.dev/cran/__linux__/noble/latest/src/contrib/BH_1.87.0-1.tar.gz'
Content type 'binary/octet-stream' length 13349384 bytes (12.7 MB)
==================================================
downloaded 12.7 MB

trying URL 'https://bioconductor.org/packages/3.20/bioc/src/contrib/BiocGenerics_0.52.0.tar.gz'
Content type 'application/x-gzip' length 57066 bytes (55 KB)
==================================================
downloaded 55 KB

trying URL 'https://bioconductor.org/packages/3.20/bioc/src/contrib/Biobase_2.66.0.tar.gz'
Content type 'application/x-gzip' length 1978998 bytes (1.9 MB)
==================================================
downloaded 1.9 MB

trying URL 'https://p3m.dev/cran/__linux__/noble/latest/src/contrib/DBI_1.2.3.tar.gz'
Content type 'binary/octet-stream' length 914707 bytes (893 KB)
==================================================
downloaded 893 KB

trying URL 'https://p3m.dev/cran/__linux__/noble/latest/src/contrib/RSQLite_2.3.9.tar.gz'
Content type 'binary/octet-stream' length 1342920 bytes (1.3 MB)
==================================================
downloaded 1.3 MB

trying URL 'https://bioconductor.org/packages/3.20/bioc/src/contrib/KEGGREST_1.46.0.tar.gz'
Content type 'application/x-gzip' length 239655 bytes (234 KB)
==================================================
downloaded 234 KB

trying URL 'https://p3m.dev/cran/__linux__/noble/latest/src/contrib/gtable_0.3.6.tar.gz'
Content type 'binary/octet-stream' length 222627 bytes (217 KB)
==================================================
downloaded 217 KB

trying URL 'https://p3m.dev/cran/__linux__/noble/latest/src/contrib/isoband_0.2.7.tar.gz'
Content type 'binary/octet-stream' length 1644325 bytes (1.6 MB)
==================================================
downloaded 1.6 MB

trying URL 'https://p3m.dev/cran/__linux__/noble/latest/src/contrib/scales_1.3.0.tar.gz'
Content type 'binary/octet-stream' length 710365 bytes (693 KB)
==================================================
downloaded 693 KB

trying URL 'https://p3m.dev/cran/__linux__/noble/latest/src/contrib/expm_1.0-0.tar.gz'
Content type 'binary/octet-stream' length 212520 bytes (207 KB)
==================================================
downloaded 207 KB

trying URL 'https://p3m.dev/cran/__linux__/noble/latest/src/contrib/generics_0.1.3.tar.gz'
Content type 'binary/octet-stream' length 81013 bytes (79 KB)
==================================================
downloaded 79 KB

trying URL 'https://p3m.dev/cran/__linux__/noble/latest/src/contrib/modeltools_0.2-23.tar.gz'
Content type 'binary/octet-stream' length 223224 bytes (217 KB)
==================================================
downloaded 217 KB

trying URL 'https://p3m.dev/cran/__linux__/noble/latest/src/contrib/kableExtra_1.4.0.tar.gz'
Content type 'binary/octet-stream' length 2050464 bytes (2.0 MB)
==================================================
downloaded 2.0 MB

trying URL 'https://p3m.dev/cran/__linux__/noble/latest/src/contrib/svglite_2.1.3.tar.gz'
Content type 'binary/octet-stream' length 205679 bytes (200 KB)
==================================================
downloaded 200 KB

trying URL 'https://p3m.dev/cran/__linux__/noble/latest/src/contrib/clisymbols_1.2.0.tar.gz'
Content type 'binary/octet-stream' length 17970 bytes (17 KB)
==================================================
downloaded 17 KB

trying URL 'https://p3m.dev/cran/__linux__/noble/latest/src/contrib/skmeans_0.2-18.tar.gz'
Content type 'binary/octet-stream' length 257848 bytes (251 KB)
==================================================
downloaded 251 KB

trying URL 'https://p3m.dev/cran/__linux__/noble/latest/src/contrib/microbenchmark_1.5.0.tar.gz'
Content type 'binary/octet-stream' length 66008 bytes (64 KB)
==================================================
downloaded 64 KB

trying URL 'https://p3m.dev/cran/__linux__/noble/latest/src/contrib/httr_1.4.7.tar.gz'
Content type 'binary/octet-stream' length 484006 bytes (472 KB)
==================================================
downloaded 472 KB

trying URL 'https://p3m.dev/cran/__linux__/noble/latest/src/contrib/markdown_1.13.tar.gz'
Content type 'binary/octet-stream' length 146590 bytes (143 KB)
==================================================
downloaded 143 KB

trying URL 'https://bioconductor.org/packages/3.20/bioc/src/contrib/impute_1.80.0.tar.gz'
Content type 'application/x-gzip' length 641984 bytes (626 KB)
==================================================
downloaded 626 KB

trying URL 'https://p3m.dev/cran/__linux__/noble/latest/src/contrib/eulerr_7.0.2.tar.gz'
Content type 'binary/octet-stream' length 1710401 bytes (1.6 MB)
==================================================
downloaded 1.6 MB

trying URL 'https://p3m.dev/cran/__linux__/noble/latest/src/contrib/doRNG_1.8.6.1.tar.gz'
Content type 'binary/octet-stream' length 169580 bytes (165 KB)
==================================================
downloaded 165 KB

trying URL 'https://p3m.dev/cran/__linux__/noble/latest/src/contrib/irlba_2.3.5.1.tar.gz'
Content type 'binary/octet-stream' length 292157 bytes (285 KB)
==================================================
downloaded 285 KB

trying URL 'https://bioconductor.org/packages/3.20/data/annotation/src/contrib/org.Hs.eg.db_3.20.0.tar.gz'
Content type 'application/x-gzip' length 98233708 bytes (93.7 MB)
==================================================
downloaded 93.7 MB

trying URL 'https://bioconductor.org/packages/3.20/bioc/src/contrib/MatrixGenerics_1.18.1.tar.gz'
Content type 'application/x-gzip' length 34631 bytes (33 KB)
==================================================
downloaded 33 KB

trying URL 'https://bioconductor.org/packages/3.20/bioc/src/contrib/annotate_1.84.0.tar.gz'
Content type 'application/x-gzip' length 1877068 bytes (1.8 MB)
==================================================
downloaded 1.8 MB

trying URL 'https://p3m.dev/cran/__linux__/noble/latest/src/contrib/jpeg_0.1-10.tar.gz'
Content type 'binary/octet-stream' length 29252 bytes (28 KB)
==================================================
downloaded 28 KB

trying URL 'https://p3m.dev/cran/__linux__/noble/latest/src/contrib/flexmix_2.3-20.tar.gz'
Content type 'binary/octet-stream' length 1757263 bytes (1.7 MB)
==================================================
downloaded 1.7 MB

trying URL 'https://p3m.dev/cran/__linux__/noble/latest/src/contrib/prabclus_2.3-4.tar.gz'
Content type 'binary/octet-stream' length 481072 bytes (469 KB)
==================================================
downloaded 469 KB

trying URL 'https://p3m.dev/cran/__linux__/noble/latest/src/contrib/diptest_0.77-1.tar.gz'
Content type 'binary/octet-stream' length 174447 bytes (170 KB)
==================================================
downloaded 170 KB

trying URL 'https://p3m.dev/cran/__linux__/noble/latest/src/contrib/robustbase_0.99-4-1.tar.gz'
Content type 'binary/octet-stream' length 3099872 bytes (3.0 MB)
==================================================
downloaded 3.0 MB

trying URL 'https://p3m.dev/cran/__linux__/noble/latest/src/contrib/kernlab_0.9-33.tar.gz'
Content type 'binary/octet-stream' length 2041697 bytes (1.9 MB)
==================================================
downloaded 1.9 MB

trying URL 'https://bioconductor.org/packages/3.20/bioc/src/contrib/simona_1.4.0.tar.gz'
Content type 'application/x-gzip' length 970497 bytes (947 KB)
==================================================
downloaded 947 KB

trying URL 'https://bioconductor.org/packages/3.20/bioc/src/contrib/ComplexHeatmap_2.22.0.tar.gz'
Content type 'application/x-gzip' length 1472529 bytes (1.4 MB)
==================================================
downloaded 1.4 MB

trying URL 'https://p3m.dev/cran/__linux__/noble/latest/src/contrib/circlize_0.4.16.tar.gz'
Content type 'binary/octet-stream' length 3314907 bytes (3.2 MB)
==================================================
downloaded 3.2 MB

trying URL 'https://p3m.dev/cran/__linux__/noble/latest/src/contrib/GetoptLong_1.0.5.tar.gz'
Content type 'binary/octet-stream' length 1071911 bytes (1.0 MB)
==================================================
downloaded 1.0 MB

trying URL 'https://p3m.dev/cran/__linux__/noble/latest/src/contrib/tm_0.7-16.tar.gz'
Content type 'binary/octet-stream' length 638563 bytes (623 KB)
==================================================
downloaded 623 KB

trying URL 'https://bioconductor.org/packages/3.20/data/annotation/src/contrib/GO.db_3.20.0.tar.gz'
Content type 'application/x-gzip' length 26341489 bytes (25.1 MB)
==================================================
downloaded 25.1 MB

trying URL 'https://bioconductor.org/packages/3.20/bioc/src/contrib/AnnotationDbi_1.68.0.tar.gz'
Content type 'application/x-gzip' length 4378038 bytes (4.2 MB)
==================================================
downloaded 4.2 MB

trying URL 'https://p3m.dev/cran/__linux__/noble/latest/src/contrib/slam_0.1-55.tar.gz'
Content type 'binary/octet-stream' length 188014 bytes (183 KB)
==================================================
downloaded 183 KB

trying URL 'https://p3m.dev/cran/__linux__/noble/latest/src/contrib/clue_0.3-66.tar.gz'
Content type 'binary/octet-stream' length 998169 bytes (974 KB)
==================================================
downloaded 974 KB

trying URL 'https://p3m.dev/cran/__linux__/noble/latest/src/contrib/colorspace_2.1-1.tar.gz'
Content type 'binary/octet-stream' length 2626614 bytes (2.5 MB)
==================================================
downloaded 2.5 MB

trying URL 'https://p3m.dev/cran/__linux__/noble/latest/src/contrib/GlobalOptions_0.1.2.tar.gz'
Content type 'binary/octet-stream' length 469700 bytes (458 KB)
==================================================
downloaded 458 KB

trying URL 'https://p3m.dev/cran/__linux__/noble/latest/src/contrib/ggplot2_3.5.1.tar.gz'
Content type 'binary/octet-stream' length 5005317 bytes (4.8 MB)
==================================================
downloaded 4.8 MB

trying URL 'https://p3m.dev/cran/__linux__/noble/latest/src/contrib/cowplot_1.1.3.tar.gz'
Content type 'binary/octet-stream' length 1380686 bytes (1.3 MB)
==================================================
downloaded 1.3 MB

trying URL 'https://p3m.dev/cran/__linux__/noble/latest/src/contrib/mclust_6.1.1.tar.gz'
Content type 'binary/octet-stream' length 4132572 bytes (3.9 MB)
==================================================
downloaded 3.9 MB

trying URL 'https://p3m.dev/cran/__linux__/noble/latest/src/contrib/apcluster_1.4.13.tar.gz'
Content type 'binary/octet-stream' length 1505894 bytes (1.4 MB)
==================================================
downloaded 1.4 MB

trying URL 'https://p3m.dev/cran/__linux__/noble/latest/src/contrib/MCL_1.0.tar.gz'
Content type 'binary/octet-stream' length 17669 bytes (17 KB)
==================================================
downloaded 17 KB

trying URL 'https://p3m.dev/cran/__linux__/noble/latest/src/contrib/dbscan_1.2.2.tar.gz'
Content type 'binary/octet-stream' length 2966347 bytes (2.8 MB)
==================================================
downloaded 2.8 MB

trying URL 'https://p3m.dev/cran/__linux__/noble/latest/src/contrib/igraph_2.1.4.tar.gz'
Content type 'binary/octet-stream' length 5555697 bytes (5.3 MB)
==================================================
downloaded 5.3 MB

trying URL 'https://p3m.dev/cran/__linux__/noble/latest/src/contrib/gridExtra_2.3.tar.gz'
Content type 'binary/octet-stream' length 1106795 bytes (1.1 MB)
==================================================
downloaded 1.1 MB

trying URL 'https://p3m.dev/cran/__linux__/noble/latest/src/contrib/dynamicTreeCut_1.63-1.tar.gz'
Content type 'binary/octet-stream' length 90086 bytes (87 KB)
==================================================
downloaded 87 KB

trying URL 'https://p3m.dev/cran/__linux__/noble/latest/src/contrib/gridGraphics_0.5-1.tar.gz'
Content type 'binary/octet-stream' length 249372 bytes (243 KB)
==================================================
downloaded 243 KB

trying URL 'https://p3m.dev/cran/__linux__/noble/latest/src/contrib/flexclust_1.5.0.tar.gz'
Content type 'binary/octet-stream' length 670274 bytes (654 KB)
==================================================
downloaded 654 KB

trying URL 'https://bioconductor.org/packages/3.20/bioc/src/contrib/InteractiveComplexHeatmap_1.14.0.tar.gz'
Content type 'application/x-gzip' length 975883 bytes (953 KB)
==================================================
downloaded 953 KB

trying URL 'https://p3m.dev/cran/__linux__/noble/latest/src/contrib/shinydashboard_0.7.2.tar.gz'
Content type 'binary/octet-stream' length 324945 bytes (317 KB)
==================================================
downloaded 317 KB

trying URL 'https://bioconductor.org/packages/3.20/bioc/src/contrib/cola_2.12.0.tar.gz'
Content type 'application/x-gzip' length 3840855 bytes (3.7 MB)
==================================================
downloaded 3.7 MB

trying URL 'https://bioconductor.org/packages/3.20/data/annotation/src/contrib/hu6800.db_3.13.0.tar.gz'
Content type 'application/x-gzip' length 340321 bytes (332 KB)
==================================================
downloaded 332 KB

trying URL 'https://bioconductor.org/packages/3.20/bioc/src/contrib/genefilter_1.88.0.tar.gz'
Content type 'application/x-gzip' length 1122416 bytes (1.1 MB)
==================================================
downloaded 1.1 MB

trying URL 'https://p3m.dev/cran/__linux__/noble/latest/src/contrib/gridtext_0.1.5.tar.gz'
Content type 'binary/octet-stream' length 362238 bytes (353 KB)
==================================================
downloaded 353 KB

trying URL 'https://p3m.dev/cran/__linux__/noble/latest/src/contrib/fpc_2.2-13.tar.gz'
Content type 'binary/octet-stream' length 861159 bytes (840 KB)
==================================================
downloaded 840 KB

trying URL 'https://bioconductor.org/packages/3.20/bioc/src/contrib/simplifyEnrichment_2.0.0.tar.gz'
Content type 'application/x-gzip' length 1076198 bytes (1.0 MB)
==================================================
downloaded 1.0 MB

* installing *source* package ‘zlibbioc’ ...
** package ‘zlibbioc’ successfully unpacked and MD5 sums checked
** using staged installation
configure: creating ./config.status
config.status: creating src/Makevars
** libs
using C compiler: ‘gcc (Ubuntu 13.3.0-6ubuntu2~24.04) 13.3.0’
mkdir -p "/usr/local/lib/R/site-library/00LOCK-zlibbioc/00new/zlibbioc/include"
gcc -I"/usr/local/lib/R/include" -DNDEBUG   -I/usr/local/include    -fpic  -g -O2 -fstack-protector-strong -Wformat -Wformat-security -Wdate-time -D_FORTIFY_SOURCE=2 -g  -c R_init_zlibbioc.c -o R_init_zlibbioc.o
gcc -shared -L/usr/local/lib/R/lib -L/usr/local/lib -o zlibbioc.so R_init_zlibbioc.o -L/usr/local/lib/R/lib -lR
installing to /usr/local/lib/R/site-library/00LOCK-zlibbioc/00new/zlibbioc/libs
** R
** inst
** byte-compile and prepare package for lazy loading
** help
*** installing help indices
** building package indices
** installing vignettes
** testing if installed package can be loaded from temporary location
Warning in fun(libname, pkgname) :
  Package 'zlibbioc' is deprecated and will be removed from Bioconductor
  version 3.22
** checking absolute paths in shared objects and dynamic libraries
** testing if installed package can be loaded from final location
Warning in fun(libname, pkgname) :
  Package 'zlibbioc' is deprecated and will be removed from Bioconductor
  version 3.22
** testing if installed package keeps a record of temporary installation path
* creating tarball
packaged installation of ‘zlibbioc’ as ‘zlibbioc_1.52.0_R_x86_64-pc-linux-gnu.tar.gz’
* DONE (zlibbioc)
* installing *source* package ‘GenomeInfoDbData’ ...
** using staged installation
** data
** inst
** help
*** installing help indices
** building package indices
** testing if installed package can be loaded from temporary location
** testing if installed package can be loaded from final location
** testing if installed package keeps a record of temporary installation path
* creating tarball
packaged installation of ‘GenomeInfoDbData’ as ‘GenomeInfoDbData_1.2.13_R_x86_64-pc-linux-gnu.tar.gz’
* DONE (GenomeInfoDbData)
* installing *binary* package ‘bit’ ...
* ‘bit’ was already a binary package and will not be rebuilt
* creating tarball
packaged installation of ‘bit’ as ‘bit_4.6.0_R_x86_64-pc-linux-gnu.tar.gz’
* DONE (bit)
* installing *binary* package ‘scatterplot3d’ ...
* ‘scatterplot3d’ was already a binary package and will not be rebuilt
* creating tarball
packaged installation of ‘scatterplot3d’ as ‘scatterplot3d_0.3-44_R_x86_64-pc-linux-gnu.tar.gz’
* DONE (scatterplot3d)
* installing *binary* package ‘iterators’ ...
* ‘iterators’ was already a binary package and will not be rebuilt
* creating tarball
packaged installation of ‘iterators’ as ‘iterators_1.0.14_R_x86_64-pc-linux-gnu.tar.gz’
* DONE (iterators)
* installing *binary* package ‘blob’ ...
* ‘blob’ was already a binary package and will not be rebuilt
* creating tarball
packaged installation of ‘blob’ as ‘blob_1.2.4_R_x86_64-pc-linux-gnu.tar.gz’
* DONE (blob)
* installing *binary* package ‘plogr’ ...
* ‘plogr’ was already a binary package and will not be rebuilt
* creating tarball
packaged installation of ‘plogr’ as ‘plogr_0.2.0_R_x86_64-pc-linux-gnu.tar.gz’
* DONE (plogr)
* installing *binary* package ‘farver’ ...
* ‘farver’ was already a binary package and will not be rebuilt
* creating tarball
packaged installation of ‘farver’ as ‘farver_2.1.2_R_x86_64-pc-linux-gnu.tar.gz’
* DONE (farver)
* installing *binary* package ‘labeling’ ...
* ‘labeling’ was already a binary package and will not be rebuilt
* creating tarball
packaged installation of ‘labeling’ as ‘labeling_0.4.3_R_x86_64-pc-linux-gnu.tar.gz’
* DONE (labeling)
* installing *binary* package ‘viridisLite’ ...
* ‘viridisLite’ was already a binary package and will not be rebuilt
* creating tarball
packaged installation of ‘viridisLite’ as ‘viridisLite_0.4.2_R_x86_64-pc-linux-gnu.tar.gz’
* DONE (viridisLite)
* installing *binary* package ‘GenSA’ ...
* ‘GenSA’ was already a binary package and will not be rebuilt
* creating tarball
packaged installation of ‘GenSA’ as ‘GenSA_1.1.14.1_R_x86_64-pc-linux-gnu.tar.gz’
* DONE (GenSA)
* installing *binary* package ‘polyclip’ ...
* ‘polyclip’ was already a binary package and will not be rebuilt
* creating tarball
packaged installation of ‘polyclip’ as ‘polyclip_1.10-7_R_x86_64-pc-linux-gnu.tar.gz’
* DONE (polyclip)
* installing *binary* package ‘polylabelr’ ...
* ‘polylabelr’ was already a binary package and will not be rebuilt
* creating tarball
packaged installation of ‘polylabelr’ as ‘polylabelr_0.3.0_R_x86_64-pc-linux-gnu.tar.gz’
* DONE (polylabelr)
* installing *binary* package ‘RcppArmadillo’ ...
* ‘RcppArmadillo’ was already a binary package and will not be rebuilt
* creating tarball
packaged installation of ‘RcppArmadillo’ as ‘RcppArmadillo_14.2.3-1_R_x86_64-pc-linux-gnu.tar.gz’
* DONE (RcppArmadillo)
* installing *binary* package ‘rngtools’ ...
* ‘rngtools’ was already a binary package and will not be rebuilt
* creating tarball
packaged installation of ‘rngtools’ as ‘rngtools_1.5.2_R_x86_64-pc-linux-gnu.tar.gz’
* DONE (rngtools)
* installing *binary* package ‘XML’ ...
* ‘XML’ was already a binary package and will not be rebuilt
* creating tarball
packaged installation of ‘XML’ as ‘XML_3.99-0.18_R_x86_64-pc-linux-gnu.tar.gz’
* DONE (XML)
* installing *binary* package ‘DEoptimR’ ...
* ‘DEoptimR’ was already a binary package and will not be rebuilt
* creating tarball
packaged installation of ‘DEoptimR’ as ‘DEoptimR_1.1-3-1_R_x86_64-pc-linux-gnu.tar.gz’
* DONE (DEoptimR)
* installing *binary* package ‘matrixStats’ ...
* ‘matrixStats’ was already a binary package and will not be rebuilt
* creating tarball
packaged installation of ‘matrixStats’ as ‘matrixStats_1.5.0_R_x86_64-pc-linux-gnu.tar.gz’
* DONE (matrixStats)
* installing *binary* package ‘RColorBrewer’ ...
* ‘RColorBrewer’ was already a binary package and will not be rebuilt
* creating tarball
packaged installation of ‘RColorBrewer’ as ‘RColorBrewer_1.1-3_R_x86_64-pc-linux-gnu.tar.gz’
* DONE (RColorBrewer)
* installing *binary* package ‘png’ ...
* ‘png’ was already a binary package and will not be rebuilt
* creating tarball
packaged installation of ‘png’ as ‘png_0.1-8_R_x86_64-pc-linux-gnu.tar.gz’
* DONE (png)
* installing *binary* package ‘shape’ ...
* ‘shape’ was already a binary package and will not be rebuilt
* creating tarball
packaged installation of ‘shape’ as ‘shape_1.4.6.1_R_x86_64-pc-linux-gnu.tar.gz’
* DONE (shape)
* installing *binary* package ‘rjson’ ...
* ‘rjson’ was already a binary package and will not be rebuilt
* creating tarball
packaged installation of ‘rjson’ as ‘rjson_0.2.23_R_x86_64-pc-linux-gnu.tar.gz’
* DONE (rjson)
* installing *binary* package ‘NLP’ ...
* ‘NLP’ was already a binary package and will not be rebuilt
* creating tarball
packaged installation of ‘NLP’ as ‘NLP_0.3-2_R_x86_64-pc-linux-gnu.tar.gz’
* DONE (NLP)
* installing *binary* package ‘BH’ ...
* ‘BH’ was already a binary package and will not be rebuilt
* creating tarball
packaged installation of ‘BH’ as ‘BH_1.87.0-1_R_x86_64-pc-linux-gnu.tar.gz’
* DONE (BH)
* installing *source* package ‘BiocGenerics’ ...
** package ‘BiocGenerics’ successfully unpacked and MD5 sums checked
** using staged installation
** R
** inst
** byte-compile and prepare package for lazy loading
Creating a new generic function for ‘aperm’ in package ‘BiocGenerics’
Creating a new generic function for ‘append’ in package ‘BiocGenerics’
Creating a new generic function for ‘as.data.frame’ in package ‘BiocGenerics’
Creating a new generic function for ‘cbind’ in package ‘BiocGenerics’
Creating a new generic function for ‘rbind’ in package ‘BiocGenerics’
Creating a new generic function for ‘do.call’ in package ‘BiocGenerics’
Creating a new generic function for ‘duplicated’ in package ‘BiocGenerics’
Creating a new generic function for ‘anyDuplicated’ in package ‘BiocGenerics’
Creating a new generic function for ‘eval’ in package ‘BiocGenerics’
Creating a new generic function for ‘pmax’ in package ‘BiocGenerics’
Creating a new generic function for ‘pmin’ in package ‘BiocGenerics’
Creating a new generic function for ‘pmax.int’ in package ‘BiocGenerics’
Creating a new generic function for ‘pmin.int’ in package ‘BiocGenerics’
Creating a new generic function for ‘Reduce’ in package ‘BiocGenerics’
Creating a new generic function for ‘Filter’ in package ‘BiocGenerics’
Creating a new generic function for ‘Find’ in package ‘BiocGenerics’
Creating a new generic function for ‘Map’ in package ‘BiocGenerics’
Creating a new generic function for ‘Position’ in package ‘BiocGenerics’
Creating a new generic function for ‘get’ in package ‘BiocGenerics’
Creating a new generic function for ‘mget’ in package ‘BiocGenerics’
Creating a new generic function for ‘grep’ in package ‘BiocGenerics’
Creating a new generic function for ‘grepl’ in package ‘BiocGenerics’
Creating a new generic function for ‘is.unsorted’ in package ‘BiocGenerics’
Creating a new generic function for ‘lapply’ in package ‘BiocGenerics’
Creating a new generic function for ‘sapply’ in package ‘BiocGenerics’
Creating a new generic function for ‘mapply’ in package ‘BiocGenerics’
Creating a new generic function for ‘match’ in package ‘BiocGenerics’
Creating a new generic function for ‘order’ in package ‘BiocGenerics’
Creating a new generic function for ‘paste’ in package ‘BiocGenerics’
Creating a new generic function for ‘rank’ in package ‘BiocGenerics’
Creating a new generic function for ‘rownames’ in package ‘BiocGenerics’
Creating a new generic function for ‘colnames’ in package ‘BiocGenerics’
Creating a new generic function for ‘saveRDS’ in package ‘BiocGenerics’
Creating a new generic function for ‘union’ in package ‘BiocGenerics’
Creating a new generic function for ‘intersect’ in package ‘BiocGenerics’
Creating a new generic function for ‘setdiff’ in package ‘BiocGenerics’
Creating a new generic function for ‘table’ in package ‘BiocGenerics’
Creating a new generic function for ‘tapply’ in package ‘BiocGenerics’
Creating a new generic function for ‘unique’ in package ‘BiocGenerics’
Creating a new generic function for ‘unsplit’ in package ‘BiocGenerics’
Creating a new generic function for ‘var’ in package ‘BiocGenerics’
Creating a new generic function for ‘sd’ in package ‘BiocGenerics’
Creating a new generic function for ‘which.min’ in package ‘BiocGenerics’
Creating a new generic function for ‘which.max’ in package ‘BiocGenerics’
Creating a new generic function for ‘IQR’ in package ‘BiocGenerics’
Creating a new generic function for ‘mad’ in package ‘BiocGenerics’
Creating a new generic function for ‘xtabs’ in package ‘BiocGenerics’
Creating a new generic function for ‘basename’ in package ‘BiocGenerics’
Creating a new generic function for ‘dirname’ in package ‘BiocGenerics’
** help
*** installing help indices
** building package indices
** testing if installed package can be loaded from temporary location
** testing if installed package can be loaded from final location
** testing if installed package keeps a record of temporary installation path
* creating tarball
packaged installation of ‘BiocGenerics’ as ‘BiocGenerics_0.52.0_R_x86_64-pc-linux-gnu.tar.gz’
* DONE (BiocGenerics)
* installing *binary* package ‘DBI’ ...
* ‘DBI’ was already a binary package and will not be rebuilt
* creating tarball
packaged installation of ‘DBI’ as ‘DBI_1.2.3_R_x86_64-pc-linux-gnu.tar.gz’
* DONE (DBI)
* installing *binary* package ‘gtable’ ...
* ‘gtable’ was already a binary package and will not be rebuilt
* creating tarball
packaged installation of ‘gtable’ as ‘gtable_0.3.6_R_x86_64-pc-linux-gnu.tar.gz’
* DONE (gtable)
* installing *binary* package ‘isoband’ ...
* ‘isoband’ was already a binary package and will not be rebuilt
* creating tarball
packaged installation of ‘isoband’ as ‘isoband_0.2.7_R_x86_64-pc-linux-gnu.tar.gz’
* DONE (isoband)
* installing *binary* package ‘expm’ ...
* ‘expm’ was already a binary package and will not be rebuilt
* creating tarball
packaged installation of ‘expm’ as ‘expm_1.0-0_R_x86_64-pc-linux-gnu.tar.gz’
* DONE (expm)
* installing *binary* package ‘generics’ ...
* ‘generics’ was already a binary package and will not be rebuilt
* creating tarball
packaged installation of ‘generics’ as ‘generics_0.1.3_R_x86_64-pc-linux-gnu.tar.gz’
* DONE (generics)
* installing *binary* package ‘modeltools’ ...
* ‘modeltools’ was already a binary package and will not be rebuilt
* creating tarball
packaged installation of ‘modeltools’ as ‘modeltools_0.2-23_R_x86_64-pc-linux-gnu.tar.gz’
* DONE (modeltools)
* installing *binary* package ‘svglite’ ...
* ‘svglite’ was already a binary package and will not be rebuilt
* creating tarball
packaged installation of ‘svglite’ as ‘svglite_2.1.3_R_x86_64-pc-linux-gnu.tar.gz’
* DONE (svglite)
* installing *binary* package ‘clisymbols’ ...
* ‘clisymbols’ was already a binary package and will not be rebuilt
* creating tarball
packaged installation of ‘clisymbols’ as ‘clisymbols_1.2.0_R_x86_64-pc-linux-gnu.tar.gz’
* DONE (clisymbols)
* installing *binary* package ‘microbenchmark’ ...
* ‘microbenchmark’ was already a binary package and will not be rebuilt
* creating tarball
packaged installation of ‘microbenchmark’ as ‘microbenchmark_1.5.0_R_x86_64-pc-linux-gnu.tar.gz’
* DONE (microbenchmark)
* installing *binary* package ‘httr’ ...
* ‘httr’ was already a binary package and will not be rebuilt
* creating tarball
packaged installation of ‘httr’ as ‘httr_1.4.7_R_x86_64-pc-linux-gnu.tar.gz’
* DONE (httr)
* installing *binary* package ‘markdown’ ...
* ‘markdown’ was already a binary package and will not be rebuilt
* creating tarball
packaged installation of ‘markdown’ as ‘markdown_1.13_R_x86_64-pc-linux-gnu.tar.gz’
* DONE (markdown)
* installing *source* package ‘impute’ ...
** package ‘impute’ successfully unpacked and MD5 sums checked
** using staged installation
** libs
using Fortran compiler: ‘GNU Fortran (Ubuntu 13.3.0-6ubuntu2~24.04) 13.3.0’
gfortran  -fpic  -g -O2  -c knnimpute.f -o knnimpute.o
knnimpute.f:99:72:

   99 | 20                        pos(k1+1) = pos(k1)
      |                                                                             1
Warning: Fortran 2018 deleted feature: DO termination statement which is not END DO or CONTINUE with label 20 at (1)
knnimpute.f:113:72:

  113 | 35                        pos(k1+1) = pos(k1)
      |                                                                             1
Warning: Fortran 2018 deleted feature: DO termination statement which is not END DO or CONTINUE with label 35 at (1)
gcc -shared -L/usr/local/lib/R/lib -L/usr/local/lib -o impute.so knnimpute.o -lgfortran -lm -lquadmath -L/usr/local/lib/R/lib -lR
installing to /usr/local/lib/R/site-library/00LOCK-impute/00new/impute/libs
** R
** data
** byte-compile and prepare package for lazy loading
** help
*** installing help indices
** building package indices
** testing if installed package can be loaded from temporary location
** checking absolute paths in shared objects and dynamic libraries
** testing if installed package can be loaded from final location
** testing if installed package keeps a record of temporary installation path
* creating tarball
packaged installation of ‘impute’ as ‘impute_1.80.0_R_x86_64-pc-linux-gnu.tar.gz’
* DONE (impute)
* installing *binary* package ‘irlba’ ...
* ‘irlba’ was already a binary package and will not be rebuilt
* creating tarball
packaged installation of ‘irlba’ as ‘irlba_2.3.5.1_R_x86_64-pc-linux-gnu.tar.gz’
* DONE (irlba)
* installing *binary* package ‘jpeg’ ...
* ‘jpeg’ was already a binary package and will not be rebuilt
* creating tarball
packaged installation of ‘jpeg’ as ‘jpeg_0.1-10_R_x86_64-pc-linux-gnu.tar.gz’
* DONE (jpeg)
* installing *binary* package ‘diptest’ ...
* ‘diptest’ was already a binary package and will not be rebuilt
* creating tarball
packaged installation of ‘diptest’ as ‘diptest_0.77-1_R_x86_64-pc-linux-gnu.tar.gz’
* DONE (diptest)
* installing *binary* package ‘kernlab’ ...
* ‘kernlab’ was already a binary package and will not be rebuilt
* creating tarball
packaged installation of ‘kernlab’ as ‘kernlab_0.9-33_R_x86_64-pc-linux-gnu.tar.gz’
* DONE (kernlab)
* installing *binary* package ‘slam’ ...
* ‘slam’ was already a binary package and will not be rebuilt
* creating tarball
packaged installation of ‘slam’ as ‘slam_0.1-55_R_x86_64-pc-linux-gnu.tar.gz’
* DONE (slam)
* installing *binary* package ‘clue’ ...
* ‘clue’ was already a binary package and will not be rebuilt
* creating tarball
packaged installation of ‘clue’ as ‘clue_0.3-66_R_x86_64-pc-linux-gnu.tar.gz’
* DONE (clue)
* installing *binary* package ‘colorspace’ ...
* ‘colorspace’ was already a binary package and will not be rebuilt
* creating tarball
packaged installation of ‘colorspace’ as ‘colorspace_2.1-1_R_x86_64-pc-linux-gnu.tar.gz’
* DONE (colorspace)
* installing *binary* package ‘GlobalOptions’ ...
* ‘GlobalOptions’ was already a binary package and will not be rebuilt
* creating tarball
packaged installation of ‘GlobalOptions’ as ‘GlobalOptions_0.1.2_R_x86_64-pc-linux-gnu.tar.gz’
* DONE (GlobalOptions)
* installing *binary* package ‘mclust’ ...
* ‘mclust’ was already a binary package and will not be rebuilt
* creating tarball
packaged installation of ‘mclust’ as ‘mclust_6.1.1_R_x86_64-pc-linux-gnu.tar.gz’
* DONE (mclust)
* installing *binary* package ‘apcluster’ ...
* ‘apcluster’ was already a binary package and will not be rebuilt
* creating tarball
packaged installation of ‘apcluster’ as ‘apcluster_1.4.13_R_x86_64-pc-linux-gnu.tar.gz’
* DONE (apcluster)
* installing *binary* package ‘igraph’ ...
* ‘igraph’ was already a binary package and will not be rebuilt
* creating tarball
packaged installation of ‘igraph’ as ‘igraph_2.1.4_R_x86_64-pc-linux-gnu.tar.gz’
* DONE (igraph)
* installing *binary* package ‘dynamicTreeCut’ ...
* ‘dynamicTreeCut’ was already a binary package and will not be rebuilt
* creating tarball
packaged installation of ‘dynamicTreeCut’ as ‘dynamicTreeCut_1.63-1_R_x86_64-pc-linux-gnu.tar.gz’
* DONE (dynamicTreeCut)
* installing *binary* package ‘gridGraphics’ ...
* ‘gridGraphics’ was already a binary package and will not be rebuilt
* creating tarball
packaged installation of ‘gridGraphics’ as ‘gridGraphics_0.5-1_R_x86_64-pc-linux-gnu.tar.gz’
* DONE (gridGraphics)
* installing *binary* package ‘shinydashboard’ ...
* ‘shinydashboard’ was already a binary package and will not be rebuilt
* creating tarball
packaged installation of ‘shinydashboard’ as ‘shinydashboard_0.7.2_R_x86_64-pc-linux-gnu.tar.gz’
* DONE (shinydashboard)
* installing *binary* package ‘bit64’ ...
* ‘bit64’ was already a binary package and will not be rebuilt
* creating tarball
packaged installation of ‘bit64’ as ‘bit64_4.6.0-1_R_x86_64-pc-linux-gnu.tar.gz’
* DONE (bit64)
* installing *binary* package ‘munsell’ ...
* ‘munsell’ was already a binary package and will not be rebuilt
* creating tarball
packaged installation of ‘munsell’ as ‘munsell_0.5.1_R_x86_64-pc-linux-gnu.tar.gz’
* DONE (munsell)
* installing *binary* package ‘Polychrome’ ...
* ‘Polychrome’ was already a binary package and will not be rebuilt
* creating tarball
packaged installation of ‘Polychrome’ as ‘Polychrome_1.5.1_R_x86_64-pc-linux-gnu.tar.gz’
* DONE (Polychrome)
* installing *source* package ‘S4Vectors’ ...
** package ‘S4Vectors’ successfully unpacked and MD5 sums checked
** using staged installation
** libs
using C compiler: ‘gcc (Ubuntu 13.3.0-6ubuntu2~24.04) 13.3.0’
gcc -I"/usr/local/lib/R/include" -DNDEBUG   -I/usr/local/include    -fpic  -g -O2 -fstack-protector-strong -Wformat -Wformat-security -Wdate-time -D_FORTIFY_SOURCE=2 -g  -c AEbufs.c -o AEbufs.o
gcc -I"/usr/local/lib/R/include" -DNDEBUG   -I/usr/local/include    -fpic  -g -O2 -fstack-protector-strong -Wformat -Wformat-security -Wdate-time -D_FORTIFY_SOURCE=2 -g  -c DataFrame_class.c -o DataFrame_class.o
gcc -I"/usr/local/lib/R/include" -DNDEBUG   -I/usr/local/include    -fpic  -g -O2 -fstack-protector-strong -Wformat -Wformat-security -Wdate-time -D_FORTIFY_SOURCE=2 -g  -c Hits_class.c -o Hits_class.o
gcc -I"/usr/local/lib/R/include" -DNDEBUG   -I/usr/local/include    -fpic  -g -O2 -fstack-protector-strong -Wformat -Wformat-security -Wdate-time -D_FORTIFY_SOURCE=2 -g  -c LLint_class.c -o LLint_class.o
gcc -I"/usr/local/lib/R/include" -DNDEBUG   -I/usr/local/include    -fpic  -g -O2 -fstack-protector-strong -Wformat -Wformat-security -Wdate-time -D_FORTIFY_SOURCE=2 -g  -c List_class.c -o List_class.o
gcc -I"/usr/local/lib/R/include" -DNDEBUG   -I/usr/local/include    -fpic  -g -O2 -fstack-protector-strong -Wformat -Wformat-security -Wdate-time -D_FORTIFY_SOURCE=2 -g  -c R_init_S4Vectors.c -o R_init_S4Vectors.o
gcc -I"/usr/local/lib/R/include" -DNDEBUG   -I/usr/local/include    -fpic  -g -O2 -fstack-protector-strong -Wformat -Wformat-security -Wdate-time -D_FORTIFY_SOURCE=2 -g  -c Rle_class.c -o Rle_class.o
gcc -I"/usr/local/lib/R/include" -DNDEBUG   -I/usr/local/include    -fpic  -g -O2 -fstack-protector-strong -Wformat -Wformat-security -Wdate-time -D_FORTIFY_SOURCE=2 -g  -c Rle_utils.c -o Rle_utils.o
gcc -I"/usr/local/lib/R/include" -DNDEBUG   -I/usr/local/include    -fpic  -g -O2 -fstack-protector-strong -Wformat -Wformat-security -Wdate-time -D_FORTIFY_SOURCE=2 -g  -c SEXP_utils.c -o SEXP_utils.o
gcc -I"/usr/local/lib/R/include" -DNDEBUG   -I/usr/local/include    -fpic  -g -O2 -fstack-protector-strong -Wformat -Wformat-security -Wdate-time -D_FORTIFY_SOURCE=2 -g  -c SimpleList_class.c -o SimpleList_class.o
gcc -I"/usr/local/lib/R/include" -DNDEBUG   -I/usr/local/include    -fpic  -g -O2 -fstack-protector-strong -Wformat -Wformat-security -Wdate-time -D_FORTIFY_SOURCE=2 -g  -c anyMissing.c -o anyMissing.o
gcc -I"/usr/local/lib/R/include" -DNDEBUG   -I/usr/local/include    -fpic  -g -O2 -fstack-protector-strong -Wformat -Wformat-security -Wdate-time -D_FORTIFY_SOURCE=2 -g  -c character_utils.c -o character_utils.o
gcc -I"/usr/local/lib/R/include" -DNDEBUG   -I/usr/local/include    -fpic  -g -O2 -fstack-protector-strong -Wformat -Wformat-security -Wdate-time -D_FORTIFY_SOURCE=2 -g  -c eval_utils.c -o eval_utils.o
gcc -I"/usr/local/lib/R/include" -DNDEBUG   -I/usr/local/include    -fpic  -g -O2 -fstack-protector-strong -Wformat -Wformat-security -Wdate-time -D_FORTIFY_SOURCE=2 -g  -c hash_utils.c -o hash_utils.o
gcc -I"/usr/local/lib/R/include" -DNDEBUG   -I/usr/local/include    -fpic  -g -O2 -fstack-protector-strong -Wformat -Wformat-security -Wdate-time -D_FORTIFY_SOURCE=2 -g  -c integer_utils.c -o integer_utils.o
gcc -I"/usr/local/lib/R/include" -DNDEBUG   -I/usr/local/include    -fpic  -g -O2 -fstack-protector-strong -Wformat -Wformat-security -Wdate-time -D_FORTIFY_SOURCE=2 -g  -c logical_utils.c -o logical_utils.o
gcc -I"/usr/local/lib/R/include" -DNDEBUG   -I/usr/local/include    -fpic  -g -O2 -fstack-protector-strong -Wformat -Wformat-security -Wdate-time -D_FORTIFY_SOURCE=2 -g  -c map_ranges_to_runs.c -o map_ranges_to_runs.o
gcc -I"/usr/local/lib/R/include" -DNDEBUG   -I/usr/local/include    -fpic  -g -O2 -fstack-protector-strong -Wformat -Wformat-security -Wdate-time -D_FORTIFY_SOURCE=2 -g  -c raw_utils.c -o raw_utils.o
gcc -I"/usr/local/lib/R/include" -DNDEBUG   -I/usr/local/include    -fpic  -g -O2 -fstack-protector-strong -Wformat -Wformat-security -Wdate-time -D_FORTIFY_SOURCE=2 -g  -c safe_arithm.c -o safe_arithm.o
gcc -I"/usr/local/lib/R/include" -DNDEBUG   -I/usr/local/include    -fpic  -g -O2 -fstack-protector-strong -Wformat -Wformat-security -Wdate-time -D_FORTIFY_SOURCE=2 -g  -c sort_utils.c -o sort_utils.o
gcc -I"/usr/local/lib/R/include" -DNDEBUG   -I/usr/local/include    -fpic  -g -O2 -fstack-protector-strong -Wformat -Wformat-security -Wdate-time -D_FORTIFY_SOURCE=2 -g  -c subsetting_utils.c -o subsetting_utils.o
gcc -I"/usr/local/lib/R/include" -DNDEBUG   -I/usr/local/include    -fpic  -g -O2 -fstack-protector-strong -Wformat -Wformat-security -Wdate-time -D_FORTIFY_SOURCE=2 -g  -c vector_utils.c -o vector_utils.o
gcc -shared -L/usr/local/lib/R/lib -L/usr/local/lib -o S4Vectors.so AEbufs.o DataFrame_class.o Hits_class.o LLint_class.o List_class.o R_init_S4Vectors.o Rle_class.o Rle_utils.o SEXP_utils.o SimpleList_class.o anyMissing.o character_utils.o eval_utils.o hash_utils.o integer_utils.o logical_utils.o map_ranges_to_runs.o raw_utils.o safe_arithm.o sort_utils.o subsetting_utils.o vector_utils.o -L/usr/local/lib/R/lib -lR
installing to /usr/local/lib/R/site-library/00LOCK-S4Vectors/00new/S4Vectors/libs
** R
** inst
** byte-compile and prepare package for lazy loading
in method for ‘normalizeSingleBracketReplacementValue’ with signature ‘"List"’: no definition for class “List”
Creating a new generic function for ‘unname’ in package ‘S4Vectors’
Creating a new generic function for ‘expand.grid’ in package ‘S4Vectors’
Creating a new generic function for ‘findMatches’ in package ‘S4Vectors’
Creating a generic function for ‘setequal’ from package ‘base’ in package ‘S4Vectors’
in method for ‘coerce’ with signature ‘"Hits","DFrame"’: no definition for class “DFrame”
Creating a generic function for ‘as.factor’ from package ‘base’ in package ‘S4Vectors’
Creating a generic function for ‘tabulate’ from package ‘base’ in package ‘S4Vectors’
Creating a generic function for ‘cov’ from package ‘stats’ in package ‘S4Vectors’
Creating a generic function for ‘cor’ from package ‘stats’ in package ‘S4Vectors’
Creating a generic function for ‘smoothEnds’ from package ‘stats’ in package ‘S4Vectors’
Creating a generic function for ‘runmed’ from package ‘stats’ in package ‘S4Vectors’
Creating a generic function for ‘nchar’ from package ‘base’ in package ‘S4Vectors’
Creating a generic function for ‘substr’ from package ‘base’ in package ‘S4Vectors’
Creating a generic function for ‘substring’ from package ‘base’ in package ‘S4Vectors’
Creating a generic function for ‘chartr’ from package ‘base’ in package ‘S4Vectors’
Creating a generic function for ‘tolower’ from package ‘base’ in package ‘S4Vectors’
Creating a generic function for ‘toupper’ from package ‘base’ in package ‘S4Vectors’
Creating a generic function for ‘sub’ from package ‘base’ in package ‘S4Vectors’
Creating a generic function for ‘gsub’ from package ‘base’ in package ‘S4Vectors’
Creating a generic function for ‘nlevels’ from package ‘base’ in package ‘S4Vectors’
in method for ‘coerce’ with signature ‘"data.table","DFrame"’: no definition for class “data.table”
Creating a generic function for ‘complete.cases’ from package ‘stats’ in package ‘S4Vectors’
** help
*** installing help indices
** building package indices
** installing vignettes
** testing if installed package can be loaded from temporary location
** checking absolute paths in shared objects and dynamic libraries
** testing if installed package can be loaded from final location
** testing if installed package keeps a record of temporary installation path
* creating tarball
packaged installation of ‘S4Vectors’ as ‘S4Vectors_0.44.0_R_x86_64-pc-linux-gnu.tar.gz’
* DONE (S4Vectors)
* installing *binary* package ‘foreach’ ...
* ‘foreach’ was already a binary package and will not be rebuilt
* creating tarball
packaged installation of ‘foreach’ as ‘foreach_1.5.2_R_x86_64-pc-linux-gnu.tar.gz’
* DONE (foreach)
* installing *source* package ‘Biobase’ ...
** package ‘Biobase’ successfully unpacked and MD5 sums checked
** using staged installation
** libs
using C compiler: ‘gcc (Ubuntu 13.3.0-6ubuntu2~24.04) 13.3.0’
gcc -I"/usr/local/lib/R/include" -DNDEBUG   -I/usr/local/include    -fpic  -g -O2 -fstack-protector-strong -Wformat -Wformat-security -Wdate-time -D_FORTIFY_SOURCE=2 -g  -c Rinit.c -o Rinit.o
gcc -I"/usr/local/lib/R/include" -DNDEBUG   -I/usr/local/include    -fpic  -g -O2 -fstack-protector-strong -Wformat -Wformat-security -Wdate-time -D_FORTIFY_SOURCE=2 -g  -c anyMissing.c -o anyMissing.o
gcc -I"/usr/local/lib/R/include" -DNDEBUG   -I/usr/local/include    -fpic  -g -O2 -fstack-protector-strong -Wformat -Wformat-security -Wdate-time -D_FORTIFY_SOURCE=2 -g  -c envir.c -o envir.o
gcc -I"/usr/local/lib/R/include" -DNDEBUG   -I/usr/local/include    -fpic  -g -O2 -fstack-protector-strong -Wformat -Wformat-security -Wdate-time -D_FORTIFY_SOURCE=2 -g  -c matchpt.c -o matchpt.o
gcc -I"/usr/local/lib/R/include" -DNDEBUG   -I/usr/local/include    -fpic  -g -O2 -fstack-protector-strong -Wformat -Wformat-security -Wdate-time -D_FORTIFY_SOURCE=2 -g  -c rowMedians.c -o rowMedians.o
gcc -I"/usr/local/lib/R/include" -DNDEBUG   -I/usr/local/include    -fpic  -g -O2 -fstack-protector-strong -Wformat -Wformat-security -Wdate-time -D_FORTIFY_SOURCE=2 -g  -c sublist_extract.c -o sublist_extract.o
gcc -shared -L/usr/local/lib/R/lib -L/usr/local/lib -o Biobase.so Rinit.o anyMissing.o envir.o matchpt.o rowMedians.o sublist_extract.o -L/usr/local/lib/R/lib -lR
installing to /usr/local/lib/R/site-library/00LOCK-Biobase/00new/Biobase/libs
** R
** data
** inst
** byte-compile and prepare package for lazy loading
** help
*** installing help indices
** building package indices
** installing vignettes
** testing if installed package can be loaded from temporary location
** checking absolute paths in shared objects and dynamic libraries
** testing if installed package can be loaded from final location
** testing if installed package keeps a record of temporary installation path
* creating tarball
packaged installation of ‘Biobase’ as ‘Biobase_2.66.0_R_x86_64-pc-linux-gnu.tar.gz’
* DONE (Biobase)
* installing *binary* package ‘skmeans’ ...
* ‘skmeans’ was already a binary package and will not be rebuilt
* creating tarball
packaged installation of ‘skmeans’ as ‘skmeans_0.2-18_R_x86_64-pc-linux-gnu.tar.gz’
* DONE (skmeans)
* installing *binary* package ‘eulerr’ ...
* ‘eulerr’ was already a binary package and will not be rebuilt
* creating tarball
packaged installation of ‘eulerr’ as ‘eulerr_7.0.2_R_x86_64-pc-linux-gnu.tar.gz’
* DONE (eulerr)
* installing *source* package ‘MatrixGenerics’ ...
** package ‘MatrixGenerics’ successfully unpacked and MD5 sums checked
** using staged installation
** R
** inst
** byte-compile and prepare package for lazy loading
Creating a new generic function for ‘rowAlls’ in package ‘MatrixGenerics’
Creating a new generic function for ‘colAlls’ in package ‘MatrixGenerics’
Creating a new generic function for ‘rowAnyNAs’ in package ‘MatrixGenerics’
Creating a new generic function for ‘colAnyNAs’ in package ‘MatrixGenerics’
Creating a new generic function for ‘rowAnys’ in package ‘MatrixGenerics’
Creating a new generic function for ‘colAnys’ in package ‘MatrixGenerics’
Creating a new generic function for ‘rowAvgsPerColSet’ in package ‘MatrixGenerics’
Creating a new generic function for ‘colAvgsPerRowSet’ in package ‘MatrixGenerics’
Creating a new generic function for ‘rowCollapse’ in package ‘MatrixGenerics’
Creating a new generic function for ‘colCollapse’ in package ‘MatrixGenerics’
Creating a new generic function for ‘rowCounts’ in package ‘MatrixGenerics’
Creating a new generic function for ‘colCounts’ in package ‘MatrixGenerics’
Creating a new generic function for ‘rowCummaxs’ in package ‘MatrixGenerics’
Creating a new generic function for ‘colCummaxs’ in package ‘MatrixGenerics’
Creating a new generic function for ‘rowCummins’ in package ‘MatrixGenerics’
Creating a new generic function for ‘colCummins’ in package ‘MatrixGenerics’
Creating a new generic function for ‘rowCumprods’ in package ‘MatrixGenerics’
Creating a new generic function for ‘colCumprods’ in package ‘MatrixGenerics’
Creating a new generic function for ‘rowCumsums’ in package ‘MatrixGenerics’
Creating a new generic function for ‘colCumsums’ in package ‘MatrixGenerics’
Creating a new generic function for ‘rowDiffs’ in package ‘MatrixGenerics’
Creating a new generic function for ‘colDiffs’ in package ‘MatrixGenerics’
Creating a new generic function for ‘rowIQRDiffs’ in package ‘MatrixGenerics’
Creating a new generic function for ‘colIQRDiffs’ in package ‘MatrixGenerics’
Creating a new generic function for ‘rowIQRs’ in package ‘MatrixGenerics’
Creating a new generic function for ‘colIQRs’ in package ‘MatrixGenerics’
Creating a new generic function for ‘rowLogSumExps’ in package ‘MatrixGenerics’
Creating a new generic function for ‘colLogSumExps’ in package ‘MatrixGenerics’
Creating a new generic function for ‘rowMadDiffs’ in package ‘MatrixGenerics’
Creating a new generic function for ‘colMadDiffs’ in package ‘MatrixGenerics’
Creating a new generic function for ‘rowMads’ in package ‘MatrixGenerics’
Creating a new generic function for ‘colMads’ in package ‘MatrixGenerics’
Creating a new generic function for ‘rowMaxs’ in package ‘MatrixGenerics’
Creating a new generic function for ‘colMaxs’ in package ‘MatrixGenerics’
Creating a new generic function for ‘rowMeans2’ in package ‘MatrixGenerics’
Creating a new generic function for ‘colMeans2’ in package ‘MatrixGenerics’
Creating a new generic function for ‘rowMedians’ in package ‘MatrixGenerics’
Creating a new generic function for ‘colMedians’ in package ‘MatrixGenerics’
Creating a new generic function for ‘rowMins’ in package ‘MatrixGenerics’
Creating a new generic function for ‘colMins’ in package ‘MatrixGenerics’
Creating a new generic function for ‘rowOrderStats’ in package ‘MatrixGenerics’
Creating a new generic function for ‘colOrderStats’ in package ‘MatrixGenerics’
Creating a new generic function for ‘rowProds’ in package ‘MatrixGenerics’
Creating a new generic function for ‘colProds’ in package ‘MatrixGenerics’
Creating a new generic function for ‘rowQuantiles’ in package ‘MatrixGenerics’
Creating a new generic function for ‘colQuantiles’ in package ‘MatrixGenerics’
Creating a new generic function for ‘rowRanges’ in package ‘MatrixGenerics’
Creating a new generic function for ‘colRanges’ in package ‘MatrixGenerics’
Creating a new generic function for ‘rowRanks’ in package ‘MatrixGenerics’
Creating a new generic function for ‘colRanks’ in package ‘MatrixGenerics’
Creating a new generic function for ‘rowSdDiffs’ in package ‘MatrixGenerics’
Creating a new generic function for ‘colSdDiffs’ in package ‘MatrixGenerics’
Creating a new generic function for ‘rowSds’ in package ‘MatrixGenerics’
Creating a new generic function for ‘colSds’ in package ‘MatrixGenerics’
Creating a new generic function for ‘rowSums2’ in package ‘MatrixGenerics’
Creating a new generic function for ‘colSums2’ in package ‘MatrixGenerics’
Creating a new generic function for ‘rowTabulates’ in package ‘MatrixGenerics’
Creating a new generic function for ‘colTabulates’ in package ‘MatrixGenerics’
Creating a new generic function for ‘rowVarDiffs’ in package ‘MatrixGenerics’
Creating a new generic function for ‘colVarDiffs’ in package ‘MatrixGenerics’
Creating a new generic function for ‘rowVars’ in package ‘MatrixGenerics’
Creating a new generic function for ‘colVars’ in package ‘MatrixGenerics’
Creating a new generic function for ‘rowWeightedMads’ in package ‘MatrixGenerics’
Creating a new generic function for ‘colWeightedMads’ in package ‘MatrixGenerics’
Creating a new generic function for ‘rowWeightedMeans’ in package ‘MatrixGenerics’
Creating a new generic function for ‘colWeightedMeans’ in package ‘MatrixGenerics’
Creating a new generic function for ‘rowWeightedMedians’ in package ‘MatrixGenerics’
Creating a new generic function for ‘colWeightedMedians’ in package ‘MatrixGenerics’
Creating a new generic function for ‘rowWeightedSds’ in package ‘MatrixGenerics’
Creating a new generic function for ‘colWeightedSds’ in package ‘MatrixGenerics’
Creating a new generic function for ‘rowWeightedVars’ in package ‘MatrixGenerics’
Creating a new generic function for ‘colWeightedVars’ in package ‘MatrixGenerics’
** help
*** installing help indices
** building package indices
** testing if installed package can be loaded from temporary location
** testing if installed package can be loaded from final location
** testing if installed package keeps a record of temporary installation path
* creating tarball
packaged installation of ‘MatrixGenerics’ as ‘MatrixGenerics_1.18.1_R_x86_64-pc-linux-gnu.tar.gz’
* DONE (MatrixGenerics)
* installing *binary* package ‘flexmix’ ...
* ‘flexmix’ was already a binary package and will not be rebuilt
* creating tarball
packaged installation of ‘flexmix’ as ‘flexmix_2.3-20_R_x86_64-pc-linux-gnu.tar.gz’
* DONE (flexmix)
* installing *binary* package ‘prabclus’ ...
* ‘prabclus’ was already a binary package and will not be rebuilt
* creating tarball
packaged installation of ‘prabclus’ as ‘prabclus_2.3-4_R_x86_64-pc-linux-gnu.tar.gz’
* DONE (prabclus)
* installing *binary* package ‘robustbase’ ...
* ‘robustbase’ was already a binary package and will not be rebuilt
* creating tarball
packaged installation of ‘robustbase’ as ‘robustbase_0.99-4-1_R_x86_64-pc-linux-gnu.tar.gz’
* DONE (robustbase)
* installing *binary* package ‘circlize’ ...
* ‘circlize’ was already a binary package and will not be rebuilt
* creating tarball
packaged installation of ‘circlize’ as ‘circlize_0.4.16_R_x86_64-pc-linux-gnu.tar.gz’
* DONE (circlize)
* installing *binary* package ‘GetoptLong’ ...
* ‘GetoptLong’ was already a binary package and will not be rebuilt
* creating tarball
packaged installation of ‘GetoptLong’ as ‘GetoptLong_1.0.5_R_x86_64-pc-linux-gnu.tar.gz’
* DONE (GetoptLong)
* installing *binary* package ‘tm’ ...
* ‘tm’ was already a binary package and will not be rebuilt
* creating tarball
packaged installation of ‘tm’ as ‘tm_0.7-16_R_x86_64-pc-linux-gnu.tar.gz’
* DONE (tm)
* installing *binary* package ‘MCL’ ...
* ‘MCL’ was already a binary package and will not be rebuilt
* creating tarball
packaged installation of ‘MCL’ as ‘MCL_1.0_R_x86_64-pc-linux-gnu.tar.gz’
* DONE (MCL)
* installing *binary* package ‘dbscan’ ...
* ‘dbscan’ was already a binary package and will not be rebuilt
* creating tarball
packaged installation of ‘dbscan’ as ‘dbscan_1.2.2_R_x86_64-pc-linux-gnu.tar.gz’
* DONE (dbscan)
* installing *binary* package ‘gridExtra’ ...
* ‘gridExtra’ was already a binary package and will not be rebuilt
* creating tarball
packaged installation of ‘gridExtra’ as ‘gridExtra_2.3_R_x86_64-pc-linux-gnu.tar.gz’
* DONE (gridExtra)
* installing *binary* package ‘flexclust’ ...
* ‘flexclust’ was already a binary package and will not be rebuilt
* creating tarball
packaged installation of ‘flexclust’ as ‘flexclust_1.5.0_R_x86_64-pc-linux-gnu.tar.gz’
* DONE (flexclust)
* installing *binary* package ‘gridtext’ ...
* ‘gridtext’ was already a binary package and will not be rebuilt
* creating tarball
packaged installation of ‘gridtext’ as ‘gridtext_0.1.5_R_x86_64-pc-linux-gnu.tar.gz’
* DONE (gridtext)
* installing *source* package ‘UCSC.utils’ ...
** package ‘UCSC.utils’ successfully unpacked and MD5 sums checked
** using staged installation
** R
** inst
** byte-compile and prepare package for lazy loading
** help
*** installing help indices
** building package indices
** installing vignettes
** testing if installed package can be loaded from temporary location
** testing if installed package can be loaded from final location
** testing if installed package keeps a record of temporary installation path
* creating tarball
packaged installation of ‘UCSC.utils’ as ‘UCSC.utils_1.2.0_R_x86_64-pc-linux-gnu.tar.gz’
* DONE (UCSC.utils)
* installing *source* package ‘IRanges’ ...
** package ‘IRanges’ successfully unpacked and MD5 sums checked
** using staged installation
** libs
using C compiler: ‘gcc (Ubuntu 13.3.0-6ubuntu2~24.04) 13.3.0’
gcc -I"/usr/local/lib/R/include" -DNDEBUG  -I'/usr/local/lib/R/site-library/S4Vectors/include' -I/usr/local/include    -fpic  -g -O2 -fstack-protector-strong -Wformat -Wformat-security -Wdate-time -D_FORTIFY_SOURCE=2 -g  -c CompressedAtomicList_utils.c -o CompressedAtomicList_utils.o
gcc -I"/usr/local/lib/R/include" -DNDEBUG  -I'/usr/local/lib/R/site-library/S4Vectors/include' -I/usr/local/include    -fpic  -g -O2 -fstack-protector-strong -Wformat -Wformat-security -Wdate-time -D_FORTIFY_SOURCE=2 -g  -c CompressedIRangesList_class.c -o CompressedIRangesList_class.o
gcc -I"/usr/local/lib/R/include" -DNDEBUG  -I'/usr/local/lib/R/site-library/S4Vectors/include' -I/usr/local/include    -fpic  -g -O2 -fstack-protector-strong -Wformat -Wformat-security -Wdate-time -D_FORTIFY_SOURCE=2 -g  -c CompressedList_class.c -o CompressedList_class.o
gcc -I"/usr/local/lib/R/include" -DNDEBUG  -I'/usr/local/lib/R/site-library/S4Vectors/include' -I/usr/local/include    -fpic  -g -O2 -fstack-protector-strong -Wformat -Wformat-security -Wdate-time -D_FORTIFY_SOURCE=2 -g  -c Grouping_class.c -o Grouping_class.o
gcc -I"/usr/local/lib/R/include" -DNDEBUG  -I'/usr/local/lib/R/site-library/S4Vectors/include' -I/usr/local/include    -fpic  -g -O2 -fstack-protector-strong -Wformat -Wformat-security -Wdate-time -D_FORTIFY_SOURCE=2 -g  -c IPosRanges_comparison.c -o IPosRanges_comparison.o
gcc -I"/usr/local/lib/R/include" -DNDEBUG  -I'/usr/local/lib/R/site-library/S4Vectors/include' -I/usr/local/include    -fpic  -g -O2 -fstack-protector-strong -Wformat -Wformat-security -Wdate-time -D_FORTIFY_SOURCE=2 -g  -c IRanges_class.c -o IRanges_class.o
gcc -I"/usr/local/lib/R/include" -DNDEBUG  -I'/usr/local/lib/R/site-library/S4Vectors/include' -I/usr/local/include    -fpic  -g -O2 -fstack-protector-strong -Wformat -Wformat-security -Wdate-time -D_FORTIFY_SOURCE=2 -g  -c IRanges_constructor.c -o IRanges_constructor.o
gcc -I"/usr/local/lib/R/include" -DNDEBUG  -I'/usr/local/lib/R/site-library/S4Vectors/include' -I/usr/local/include    -fpic  -g -O2 -fstack-protector-strong -Wformat -Wformat-security -Wdate-time -D_FORTIFY_SOURCE=2 -g  -c NCList.c -o NCList.o
gcc -I"/usr/local/lib/R/include" -DNDEBUG  -I'/usr/local/lib/R/site-library/S4Vectors/include' -I/usr/local/include    -fpic  -g -O2 -fstack-protector-strong -Wformat -Wformat-security -Wdate-time -D_FORTIFY_SOURCE=2 -g  -c R_init_IRanges.c -o R_init_IRanges.o
gcc -I"/usr/local/lib/R/include" -DNDEBUG  -I'/usr/local/lib/R/site-library/S4Vectors/include' -I/usr/local/include    -fpic  -g -O2 -fstack-protector-strong -Wformat -Wformat-security -Wdate-time -D_FORTIFY_SOURCE=2 -g  -c Ranges_class.c -o Ranges_class.o
gcc -I"/usr/local/lib/R/include" -DNDEBUG  -I'/usr/local/lib/R/site-library/S4Vectors/include' -I/usr/local/include    -fpic  -g -O2 -fstack-protector-strong -Wformat -Wformat-security -Wdate-time -D_FORTIFY_SOURCE=2 -g  -c RleViews_utils.c -o RleViews_utils.o
gcc -I"/usr/local/lib/R/include" -DNDEBUG  -I'/usr/local/lib/R/site-library/S4Vectors/include' -I/usr/local/include    -fpic  -g -O2 -fstack-protector-strong -Wformat -Wformat-security -Wdate-time -D_FORTIFY_SOURCE=2 -g  -c S4Vectors_stubs.c -o S4Vectors_stubs.o
gcc -I"/usr/local/lib/R/include" -DNDEBUG  -I'/usr/local/lib/R/site-library/S4Vectors/include' -I/usr/local/include    -fpic  -g -O2 -fstack-protector-strong -Wformat -Wformat-security -Wdate-time -D_FORTIFY_SOURCE=2 -g  -c SimpleIRangesList_class.c -o SimpleIRangesList_class.o
gcc -I"/usr/local/lib/R/include" -DNDEBUG  -I'/usr/local/lib/R/site-library/S4Vectors/include' -I/usr/local/include    -fpic  -g -O2 -fstack-protector-strong -Wformat -Wformat-security -Wdate-time -D_FORTIFY_SOURCE=2 -g  -c coverage_methods.c -o coverage_methods.o
gcc -I"/usr/local/lib/R/include" -DNDEBUG  -I'/usr/local/lib/R/site-library/S4Vectors/include' -I/usr/local/include    -fpic  -g -O2 -fstack-protector-strong -Wformat -Wformat-security -Wdate-time -D_FORTIFY_SOURCE=2 -g  -c extractListFragments.c -o extractListFragments.o
gcc -I"/usr/local/lib/R/include" -DNDEBUG  -I'/usr/local/lib/R/site-library/S4Vectors/include' -I/usr/local/include    -fpic  -g -O2 -fstack-protector-strong -Wformat -Wformat-security -Wdate-time -D_FORTIFY_SOURCE=2 -g  -c inter_range_methods.c -o inter_range_methods.o
gcc -shared -L/usr/local/lib/R/lib -L/usr/local/lib -o IRanges.so CompressedAtomicList_utils.o CompressedIRangesList_class.o CompressedList_class.o Grouping_class.o IPosRanges_comparison.o IRanges_class.o IRanges_constructor.o NCList.o R_init_IRanges.o Ranges_class.o RleViews_utils.o S4Vectors_stubs.o SimpleIRangesList_class.o coverage_methods.o extractListFragments.o inter_range_methods.o -L/usr/local/lib/R/lib -lR
installing to /usr/local/lib/R/site-library/00LOCK-IRanges/00new/IRanges/libs
** R
** inst
** byte-compile and prepare package for lazy loading
Creating a generic function for ‘drop’ from package ‘base’ in package ‘IRanges’
Creating a generic function for ‘runmed’ from package ‘stats’ in package ‘IRanges’
Creating a generic function for ‘chartr’ from package ‘base’ in package ‘IRanges’
Creating a generic function for ‘toupper’ from package ‘base’ in package ‘IRanges’
Creating a generic function for ‘tolower’ from package ‘base’ in package ‘IRanges’
Creating a generic function for ‘sub’ from package ‘base’ in package ‘IRanges’
Creating a generic function for ‘gsub’ from package ‘base’ in package ‘IRanges’
Creating a generic function for ‘startsWith’ from package ‘base’ in package ‘IRanges’
Creating a generic function for ‘endsWith’ from package ‘base’ in package ‘IRanges’
Creating a generic function for ‘smoothEnds’ from package ‘stats’ in package ‘IRanges’
** help
*** installing help indices
** building package indices
** installing vignettes
** testing if installed package can be loaded from temporary location
** checking absolute paths in shared objects and dynamic libraries
** testing if installed package can be loaded from final location
** testing if installed package keeps a record of temporary installation path
* creating tarball
packaged installation of ‘IRanges’ as ‘IRanges_2.40.1_R_x86_64-pc-linux-gnu.tar.gz’
* DONE (IRanges)
* installing *binary* package ‘doParallel’ ...
* ‘doParallel’ was already a binary package and will not be rebuilt
* creating tarball
packaged installation of ‘doParallel’ as ‘doParallel_1.0.17_R_x86_64-pc-linux-gnu.tar.gz’
* DONE (doParallel)
* installing *binary* package ‘RSQLite’ ...
* ‘RSQLite’ was already a binary package and will not be rebuilt
* creating tarball
packaged installation of ‘RSQLite’ as ‘RSQLite_2.3.9_R_x86_64-pc-linux-gnu.tar.gz’
* DONE (RSQLite)
* installing *binary* package ‘scales’ ...
* ‘scales’ was already a binary package and will not be rebuilt
* creating tarball
packaged installation of ‘scales’ as ‘scales_1.3.0_R_x86_64-pc-linux-gnu.tar.gz’
* DONE (scales)
* installing *binary* package ‘doRNG’ ...
* ‘doRNG’ was already a binary package and will not be rebuilt
* creating tarball
packaged installation of ‘doRNG’ as ‘doRNG_1.8.6.1_R_x86_64-pc-linux-gnu.tar.gz’
* DONE (doRNG)
* installing *binary* package ‘fpc’ ...
* ‘fpc’ was already a binary package and will not be rebuilt
* creating tarball
packaged installation of ‘fpc’ as ‘fpc_2.2-13_R_x86_64-pc-linux-gnu.tar.gz’
* DONE (fpc)
* installing *source* package ‘XVector’ ...
** package ‘XVector’ successfully unpacked and MD5 sums checked
** using staged installation
** libs
using C compiler: ‘gcc (Ubuntu 13.3.0-6ubuntu2~24.04) 13.3.0’
gcc -I"/usr/local/lib/R/include" -DNDEBUG  -I'/usr/local/lib/R/site-library/S4Vectors/include' -I'/usr/local/lib/R/site-library/IRanges/include' -I/usr/local/include    -fpic  -g -O2 -fstack-protector-strong -Wformat -Wformat-security -Wdate-time -D_FORTIFY_SOURCE=2 -g  -c IRanges_stubs.c -o IRanges_stubs.o
gcc -I"/usr/local/lib/R/include" -DNDEBUG  -I'/usr/local/lib/R/site-library/S4Vectors/include' -I'/usr/local/lib/R/site-library/IRanges/include' -I/usr/local/include    -fpic  -g -O2 -fstack-protector-strong -Wformat -Wformat-security -Wdate-time -D_FORTIFY_SOURCE=2 -g  -c Ocopy_byteblocks.c -o Ocopy_byteblocks.o
gcc -I"/usr/local/lib/R/include" -DNDEBUG  -I'/usr/local/lib/R/site-library/S4Vectors/include' -I'/usr/local/lib/R/site-library/IRanges/include' -I/usr/local/include    -fpic  -g -O2 -fstack-protector-strong -Wformat -Wformat-security -Wdate-time -D_FORTIFY_SOURCE=2 -g  -c RDS_random_access.c -o RDS_random_access.o
gcc -I"/usr/local/lib/R/include" -DNDEBUG  -I'/usr/local/lib/R/site-library/S4Vectors/include' -I'/usr/local/lib/R/site-library/IRanges/include' -I/usr/local/include    -fpic  -g -O2 -fstack-protector-strong -Wformat -Wformat-security -Wdate-time -D_FORTIFY_SOURCE=2 -g  -c R_init_XVector.c -o R_init_XVector.o
gcc -I"/usr/local/lib/R/include" -DNDEBUG  -I'/usr/local/lib/R/site-library/S4Vectors/include' -I'/usr/local/lib/R/site-library/IRanges/include' -I/usr/local/include    -fpic  -g -O2 -fstack-protector-strong -Wformat -Wformat-security -Wdate-time -D_FORTIFY_SOURCE=2 -g  -c S4Vectors_stubs.c -o S4Vectors_stubs.o
gcc -I"/usr/local/lib/R/include" -DNDEBUG  -I'/usr/local/lib/R/site-library/S4Vectors/include' -I'/usr/local/lib/R/site-library/IRanges/include' -I/usr/local/include    -fpic  -g -O2 -fstack-protector-strong -Wformat -Wformat-security -Wdate-time -D_FORTIFY_SOURCE=2 -g  -c SharedDouble_class.c -o SharedDouble_class.o
gcc -I"/usr/local/lib/R/include" -DNDEBUG  -I'/usr/local/lib/R/site-library/S4Vectors/include' -I'/usr/local/lib/R/site-library/IRanges/include' -I/usr/local/include    -fpic  -g -O2 -fstack-protector-strong -Wformat -Wformat-security -Wdate-time -D_FORTIFY_SOURCE=2 -g  -c SharedInteger_class.c -o SharedInteger_class.o
gcc -I"/usr/local/lib/R/include" -DNDEBUG  -I'/usr/local/lib/R/site-library/S4Vectors/include' -I'/usr/local/lib/R/site-library/IRanges/include' -I/usr/local/include    -fpic  -g -O2 -fstack-protector-strong -Wformat -Wformat-security -Wdate-time -D_FORTIFY_SOURCE=2 -g  -c SharedRaw_class.c -o SharedRaw_class.o
gcc -I"/usr/local/lib/R/include" -DNDEBUG  -I'/usr/local/lib/R/site-library/S4Vectors/include' -I'/usr/local/lib/R/site-library/IRanges/include' -I/usr/local/include    -fpic  -g -O2 -fstack-protector-strong -Wformat -Wformat-security -Wdate-time -D_FORTIFY_SOURCE=2 -g  -c SharedVector_class.c -o SharedVector_class.o
gcc -I"/usr/local/lib/R/include" -DNDEBUG  -I'/usr/local/lib/R/site-library/S4Vectors/include' -I'/usr/local/lib/R/site-library/IRanges/include' -I/usr/local/include    -fpic  -g -O2 -fstack-protector-strong -Wformat -Wformat-security -Wdate-time -D_FORTIFY_SOURCE=2 -g  -c XDouble_class.c -o XDouble_class.o
gcc -I"/usr/local/lib/R/include" -DNDEBUG  -I'/usr/local/lib/R/site-library/S4Vectors/include' -I'/usr/local/lib/R/site-library/IRanges/include' -I/usr/local/include    -fpic  -g -O2 -fstack-protector-strong -Wformat -Wformat-security -Wdate-time -D_FORTIFY_SOURCE=2 -g  -c XInteger_class.c -o XInteger_class.o
gcc -I"/usr/local/lib/R/include" -DNDEBUG  -I'/usr/local/lib/R/site-library/S4Vectors/include' -I'/usr/local/lib/R/site-library/IRanges/include' -I/usr/local/include    -fpic  -g -O2 -fstack-protector-strong -Wformat -Wformat-security -Wdate-time -D_FORTIFY_SOURCE=2 -g  -c XRawList_comparison.c -o XRawList_comparison.o
gcc -I"/usr/local/lib/R/include" -DNDEBUG  -I'/usr/local/lib/R/site-library/S4Vectors/include' -I'/usr/local/lib/R/site-library/IRanges/include' -I/usr/local/include    -fpic  -g -O2 -fstack-protector-strong -Wformat -Wformat-security -Wdate-time -D_FORTIFY_SOURCE=2 -g  -c XRaw_class.c -o XRaw_class.o
gcc -I"/usr/local/lib/R/include" -DNDEBUG  -I'/usr/local/lib/R/site-library/S4Vectors/include' -I'/usr/local/lib/R/site-library/IRanges/include' -I/usr/local/include    -fpic  -g -O2 -fstack-protector-strong -Wformat -Wformat-security -Wdate-time -D_FORTIFY_SOURCE=2 -g  -c XVectorList_class.c -o XVectorList_class.o
gcc -I"/usr/local/lib/R/include" -DNDEBUG  -I'/usr/local/lib/R/site-library/S4Vectors/include' -I'/usr/local/lib/R/site-library/IRanges/include' -I/usr/local/include    -fpic  -g -O2 -fstack-protector-strong -Wformat -Wformat-security -Wdate-time -D_FORTIFY_SOURCE=2 -g  -c XVector_class.c -o XVector_class.o
gcc -I"/usr/local/lib/R/include" -DNDEBUG  -I'/usr/local/lib/R/site-library/S4Vectors/include' -I'/usr/local/lib/R/site-library/IRanges/include' -I/usr/local/include    -fpic  -g -O2 -fstack-protector-strong -Wformat -Wformat-security -Wdate-time -D_FORTIFY_SOURCE=2 -g  -c io_utils.c -o io_utils.o
gcc -I"/usr/local/lib/R/include" -DNDEBUG  -I'/usr/local/lib/R/site-library/S4Vectors/include' -I'/usr/local/lib/R/site-library/IRanges/include' -I/usr/local/include    -fpic  -g -O2 -fstack-protector-strong -Wformat -Wformat-security -Wdate-time -D_FORTIFY_SOURCE=2 -g  -c slice_methods.c -o slice_methods.o
gcc -I"/usr/local/lib/R/include" -DNDEBUG  -I'/usr/local/lib/R/site-library/S4Vectors/include' -I'/usr/local/lib/R/site-library/IRanges/include' -I/usr/local/include    -fpic  -g -O2 -fstack-protector-strong -Wformat -Wformat-security -Wdate-time -D_FORTIFY_SOURCE=2 -g  -c vector_copy.c -o vector_copy.o
gcc -I"/usr/local/lib/R/include" -DNDEBUG  -I'/usr/local/lib/R/site-library/S4Vectors/include' -I'/usr/local/lib/R/site-library/IRanges/include' -I/usr/local/include    -fpic  -g -O2 -fstack-protector-strong -Wformat -Wformat-security -Wdate-time -D_FORTIFY_SOURCE=2 -g  -c view_summarization_methods.c -o view_summarization_methods.o
gcc -shared -L/usr/local/lib/R/lib -L/usr/local/lib -o XVector.so IRanges_stubs.o Ocopy_byteblocks.o RDS_random_access.o R_init_XVector.o S4Vectors_stubs.o SharedDouble_class.o SharedInteger_class.o SharedRaw_class.o SharedVector_class.o XDouble_class.o XInteger_class.o XRawList_comparison.o XRaw_class.o XVectorList_class.o XVector_class.o io_utils.o slice_methods.o vector_copy.o view_summarization_methods.o -lz -L/usr/local/lib/R/lib -lR
installing to /usr/local/lib/R/site-library/00LOCK-XVector/00new/XVector/libs
** R
** inst
** byte-compile and prepare package for lazy loading
** help
*** installing help indices
** building package indices
** testing if installed package can be loaded from temporary location
** checking absolute paths in shared objects and dynamic libraries
** testing if installed package can be loaded from final location
** testing if installed package keeps a record of temporary installation path
* creating tarball
packaged installation of ‘XVector’ as ‘XVector_0.46.0_R_x86_64-pc-linux-gnu.tar.gz’
* DONE (XVector)
* installing *source* package ‘GenomeInfoDb’ ...
** package ‘GenomeInfoDb’ successfully unpacked and MD5 sums checked
** using staged installation
** R
** inst
** byte-compile and prepare package for lazy loading
** help
*** installing help indices
** building package indices
** installing vignettes
** testing if installed package can be loaded from temporary location
** testing if installed package can be loaded from final location
** testing if installed package keeps a record of temporary installation path
* creating tarball
packaged installation of ‘GenomeInfoDb’ as ‘GenomeInfoDb_1.42.3_R_x86_64-pc-linux-gnu.tar.gz’
* DONE (GenomeInfoDb)
* installing *binary* package ‘kableExtra’ ...
* ‘kableExtra’ was already a binary package and will not be rebuilt
* creating tarball
packaged installation of ‘kableExtra’ as ‘kableExtra_1.4.0_R_x86_64-pc-linux-gnu.tar.gz’
* DONE (kableExtra)
* installing *source* package ‘ComplexHeatmap’ ...
** package ‘ComplexHeatmap’ successfully unpacked and MD5 sums checked
** using staged installation
** R
** inst
** byte-compile and prepare package for lazy loading
** help
*** installing help indices
** building package indices
** installing vignettes
** testing if installed package can be loaded from temporary location
** testing if installed package can be loaded from final location
** testing if installed package keeps a record of temporary installation path
* creating tarball
packaged installation of ‘ComplexHeatmap’ as ‘ComplexHeatmap_2.22.0_R_x86_64-pc-linux-gnu.tar.gz’
* DONE (ComplexHeatmap)
* installing *binary* package ‘ggplot2’ ...
* ‘ggplot2’ was already a binary package and will not be rebuilt
* creating tarball
packaged installation of ‘ggplot2’ as ‘ggplot2_3.5.1_R_x86_64-pc-linux-gnu.tar.gz’
* DONE (ggplot2)
* installing *source* package ‘Biostrings’ ...
** package ‘Biostrings’ successfully unpacked and MD5 sums checked
** using staged installation
** libs
using C compiler: ‘gcc (Ubuntu 13.3.0-6ubuntu2~24.04) 13.3.0’
gcc -I"/usr/local/lib/R/include" -DNDEBUG  -I'/usr/local/lib/R/site-library/S4Vectors/include' -I'/usr/local/lib/R/site-library/IRanges/include' -I'/usr/local/lib/R/site-library/XVector/include' -I/usr/local/include    -fpic  -g -O2 -fstack-protector-strong -Wformat -Wformat-security -Wdate-time -D_FORTIFY_SOURCE=2 -g  -c BAB_class.c -o BAB_class.o
gcc -I"/usr/local/lib/R/include" -DNDEBUG  -I'/usr/local/lib/R/site-library/S4Vectors/include' -I'/usr/local/lib/R/site-library/IRanges/include' -I'/usr/local/lib/R/site-library/XVector/include' -I/usr/local/include    -fpic  -g -O2 -fstack-protector-strong -Wformat -Wformat-security -Wdate-time -D_FORTIFY_SOURCE=2 -g  -c BitMatrix.c -o BitMatrix.o
gcc -I"/usr/local/lib/R/include" -DNDEBUG  -I'/usr/local/lib/R/site-library/S4Vectors/include' -I'/usr/local/lib/R/site-library/IRanges/include' -I'/usr/local/lib/R/site-library/XVector/include' -I/usr/local/include    -fpic  -g -O2 -fstack-protector-strong -Wformat -Wformat-security -Wdate-time -D_FORTIFY_SOURCE=2 -g  -c IRanges_stubs.c -o IRanges_stubs.o
gcc -I"/usr/local/lib/R/include" -DNDEBUG  -I'/usr/local/lib/R/site-library/S4Vectors/include' -I'/usr/local/lib/R/site-library/IRanges/include' -I'/usr/local/lib/R/site-library/XVector/include' -I/usr/local/include    -fpic  -g -O2 -fstack-protector-strong -Wformat -Wformat-security -Wdate-time -D_FORTIFY_SOURCE=2 -g  -c MIndex_class.c -o MIndex_class.o
gcc -I"/usr/local/lib/R/include" -DNDEBUG  -I'/usr/local/lib/R/site-library/S4Vectors/include' -I'/usr/local/lib/R/site-library/IRanges/include' -I'/usr/local/lib/R/site-library/XVector/include' -I/usr/local/include    -fpic  -g -O2 -fstack-protector-strong -Wformat -Wformat-security -Wdate-time -D_FORTIFY_SOURCE=2 -g  -c PreprocessedTB_class.c -o PreprocessedTB_class.o
gcc -I"/usr/local/lib/R/include" -DNDEBUG  -I'/usr/local/lib/R/site-library/S4Vectors/include' -I'/usr/local/lib/R/site-library/IRanges/include' -I'/usr/local/lib/R/site-library/XVector/include' -I/usr/local/include    -fpic  -g -O2 -fstack-protector-strong -Wformat -Wformat-security -Wdate-time -D_FORTIFY_SOURCE=2 -g  -c R_init_Biostrings.c -o R_init_Biostrings.o
gcc -I"/usr/local/lib/R/include" -DNDEBUG  -I'/usr/local/lib/R/site-library/S4Vectors/include' -I'/usr/local/lib/R/site-library/IRanges/include' -I'/usr/local/lib/R/site-library/XVector/include' -I/usr/local/include    -fpic  -g -O2 -fstack-protector-strong -Wformat -Wformat-security -Wdate-time -D_FORTIFY_SOURCE=2 -g  -c RoSeqs_utils.c -o RoSeqs_utils.o
gcc -I"/usr/local/lib/R/include" -DNDEBUG  -I'/usr/local/lib/R/site-library/S4Vectors/include' -I'/usr/local/lib/R/site-library/IRanges/include' -I'/usr/local/lib/R/site-library/XVector/include' -I/usr/local/include    -fpic  -g -O2 -fstack-protector-strong -Wformat -Wformat-security -Wdate-time -D_FORTIFY_SOURCE=2 -g  -c S4Vectors_stubs.c -o S4Vectors_stubs.o
gcc -I"/usr/local/lib/R/include" -DNDEBUG  -I'/usr/local/lib/R/site-library/S4Vectors/include' -I'/usr/local/lib/R/site-library/IRanges/include' -I'/usr/local/lib/R/site-library/XVector/include' -I/usr/local/include    -fpic  -g -O2 -fstack-protector-strong -Wformat -Wformat-security -Wdate-time -D_FORTIFY_SOURCE=2 -g  -c SparseList_utils.c -o SparseList_utils.o
gcc -I"/usr/local/lib/R/include" -DNDEBUG  -I'/usr/local/lib/R/site-library/S4Vectors/include' -I'/usr/local/lib/R/site-library/IRanges/include' -I'/usr/local/lib/R/site-library/XVector/include' -I/usr/local/include    -fpic  -g -O2 -fstack-protector-strong -Wformat -Wformat-security -Wdate-time -D_FORTIFY_SOURCE=2 -g  -c XStringSetList_class.c -o XStringSetList_class.o
gcc -I"/usr/local/lib/R/include" -DNDEBUG  -I'/usr/local/lib/R/site-library/S4Vectors/include' -I'/usr/local/lib/R/site-library/IRanges/include' -I'/usr/local/lib/R/site-library/XVector/include' -I/usr/local/include    -fpic  -g -O2 -fstack-protector-strong -Wformat -Wformat-security -Wdate-time -D_FORTIFY_SOURCE=2 -g  -c XStringSet_class.c -o XStringSet_class.o
gcc -I"/usr/local/lib/R/include" -DNDEBUG  -I'/usr/local/lib/R/site-library/S4Vectors/include' -I'/usr/local/lib/R/site-library/IRanges/include' -I'/usr/local/lib/R/site-library/XVector/include' -I/usr/local/include    -fpic  -g -O2 -fstack-protector-strong -Wformat -Wformat-security -Wdate-time -D_FORTIFY_SOURCE=2 -g  -c XString_class.c -o XString_class.o
gcc -I"/usr/local/lib/R/include" -DNDEBUG  -I'/usr/local/lib/R/site-library/S4Vectors/include' -I'/usr/local/lib/R/site-library/IRanges/include' -I'/usr/local/lib/R/site-library/XVector/include' -I/usr/local/include    -fpic  -g -O2 -fstack-protector-strong -Wformat -Wformat-security -Wdate-time -D_FORTIFY_SOURCE=2 -g  -c XVector_stubs.c -o XVector_stubs.o
gcc -I"/usr/local/lib/R/include" -DNDEBUG  -I'/usr/local/lib/R/site-library/S4Vectors/include' -I'/usr/local/lib/R/site-library/IRanges/include' -I'/usr/local/lib/R/site-library/XVector/include' -I/usr/local/include    -fpic  -g -O2 -fstack-protector-strong -Wformat -Wformat-security -Wdate-time -D_FORTIFY_SOURCE=2 -g  -c find_palindromes.c -o find_palindromes.o
gcc -I"/usr/local/lib/R/include" -DNDEBUG  -I'/usr/local/lib/R/site-library/S4Vectors/include' -I'/usr/local/lib/R/site-library/IRanges/include' -I'/usr/local/lib/R/site-library/XVector/include' -I/usr/local/include    -fpic  -g -O2 -fstack-protector-strong -Wformat -Wformat-security -Wdate-time -D_FORTIFY_SOURCE=2 -g  -c gtestsim.c -o gtestsim.o
gcc -I"/usr/local/lib/R/include" -DNDEBUG  -I'/usr/local/lib/R/site-library/S4Vectors/include' -I'/usr/local/lib/R/site-library/IRanges/include' -I'/usr/local/lib/R/site-library/XVector/include' -I/usr/local/include    -fpic  -g -O2 -fstack-protector-strong -Wformat -Wformat-security -Wdate-time -D_FORTIFY_SOURCE=2 -g  -c inject_code.c -o inject_code.o
gcc -I"/usr/local/lib/R/include" -DNDEBUG  -I'/usr/local/lib/R/site-library/S4Vectors/include' -I'/usr/local/lib/R/site-library/IRanges/include' -I'/usr/local/lib/R/site-library/XVector/include' -I/usr/local/include    -fpic  -g -O2 -fstack-protector-strong -Wformat -Wformat-security -Wdate-time -D_FORTIFY_SOURCE=2 -g  -c letter_frequency.c -o letter_frequency.o
gcc -I"/usr/local/lib/R/include" -DNDEBUG  -I'/usr/local/lib/R/site-library/S4Vectors/include' -I'/usr/local/lib/R/site-library/IRanges/include' -I'/usr/local/lib/R/site-library/XVector/include' -I/usr/local/include    -fpic  -g -O2 -fstack-protector-strong -Wformat -Wformat-security -Wdate-time -D_FORTIFY_SOURCE=2 -g  -c lowlevel_matching.c -o lowlevel_matching.o
gcc -I"/usr/local/lib/R/include" -DNDEBUG  -I'/usr/local/lib/R/site-library/S4Vectors/include' -I'/usr/local/lib/R/site-library/IRanges/include' -I'/usr/local/lib/R/site-library/XVector/include' -I/usr/local/include    -fpic  -g -O2 -fstack-protector-strong -Wformat -Wformat-security -Wdate-time -D_FORTIFY_SOURCE=2 -g  -c match_PWM.c -o match_PWM.o
gcc -I"/usr/local/lib/R/include" -DNDEBUG  -I'/usr/local/lib/R/site-library/S4Vectors/include' -I'/usr/local/lib/R/site-library/IRanges/include' -I'/usr/local/lib/R/site-library/XVector/include' -I/usr/local/include    -fpic  -g -O2 -fstack-protector-strong -Wformat -Wformat-security -Wdate-time -D_FORTIFY_SOURCE=2 -g  -c match_pattern.c -o match_pattern.o
gcc -I"/usr/local/lib/R/include" -DNDEBUG  -I'/usr/local/lib/R/site-library/S4Vectors/include' -I'/usr/local/lib/R/site-library/IRanges/include' -I'/usr/local/lib/R/site-library/XVector/include' -I/usr/local/include    -fpic  -g -O2 -fstack-protector-strong -Wformat -Wformat-security -Wdate-time -D_FORTIFY_SOURCE=2 -g  -c match_pattern_boyermoore.c -o match_pattern_boyermoore.o
gcc -I"/usr/local/lib/R/include" -DNDEBUG  -I'/usr/local/lib/R/site-library/S4Vectors/include' -I'/usr/local/lib/R/site-library/IRanges/include' -I'/usr/local/lib/R/site-library/XVector/include' -I/usr/local/include    -fpic  -g -O2 -fstack-protector-strong -Wformat -Wformat-security -Wdate-time -D_FORTIFY_SOURCE=2 -g  -c match_pattern_indels.c -o match_pattern_indels.o
gcc -I"/usr/local/lib/R/include" -DNDEBUG  -I'/usr/local/lib/R/site-library/S4Vectors/include' -I'/usr/local/lib/R/site-library/IRanges/include' -I'/usr/local/lib/R/site-library/XVector/include' -I/usr/local/include    -fpic  -g -O2 -fstack-protector-strong -Wformat -Wformat-security -Wdate-time -D_FORTIFY_SOURCE=2 -g  -c match_pattern_shiftor.c -o match_pattern_shiftor.o
gcc -I"/usr/local/lib/R/include" -DNDEBUG  -I'/usr/local/lib/R/site-library/S4Vectors/include' -I'/usr/local/lib/R/site-library/IRanges/include' -I'/usr/local/lib/R/site-library/XVector/include' -I/usr/local/include    -fpic  -g -O2 -fstack-protector-strong -Wformat -Wformat-security -Wdate-time -D_FORTIFY_SOURCE=2 -g  -c match_pdict.c -o match_pdict.o
gcc -I"/usr/local/lib/R/include" -DNDEBUG  -I'/usr/local/lib/R/site-library/S4Vectors/include' -I'/usr/local/lib/R/site-library/IRanges/include' -I'/usr/local/lib/R/site-library/XVector/include' -I/usr/local/include    -fpic  -g -O2 -fstack-protector-strong -Wformat -Wformat-security -Wdate-time -D_FORTIFY_SOURCE=2 -g  -c match_pdict_ACtree2.c -o match_pdict_ACtree2.o
gcc -I"/usr/local/lib/R/include" -DNDEBUG  -I'/usr/local/lib/R/site-library/S4Vectors/include' -I'/usr/local/lib/R/site-library/IRanges/include' -I'/usr/local/lib/R/site-library/XVector/include' -I/usr/local/include    -fpic  -g -O2 -fstack-protector-strong -Wformat -Wformat-security -Wdate-time -D_FORTIFY_SOURCE=2 -g  -c match_pdict_Twobit.c -o match_pdict_Twobit.o
gcc -I"/usr/local/lib/R/include" -DNDEBUG  -I'/usr/local/lib/R/site-library/S4Vectors/include' -I'/usr/local/lib/R/site-library/IRanges/include' -I'/usr/local/lib/R/site-library/XVector/include' -I/usr/local/include    -fpic  -g -O2 -fstack-protector-strong -Wformat -Wformat-security -Wdate-time -D_FORTIFY_SOURCE=2 -g  -c match_pdict_utils.c -o match_pdict_utils.o
gcc -I"/usr/local/lib/R/include" -DNDEBUG  -I'/usr/local/lib/R/site-library/S4Vectors/include' -I'/usr/local/lib/R/site-library/IRanges/include' -I'/usr/local/lib/R/site-library/XVector/include' -I/usr/local/include    -fpic  -g -O2 -fstack-protector-strong -Wformat -Wformat-security -Wdate-time -D_FORTIFY_SOURCE=2 -g  -c match_reporting.c -o match_reporting.o
gcc -I"/usr/local/lib/R/include" -DNDEBUG  -I'/usr/local/lib/R/site-library/S4Vectors/include' -I'/usr/local/lib/R/site-library/IRanges/include' -I'/usr/local/lib/R/site-library/XVector/include' -I/usr/local/include    -fpic  -g -O2 -fstack-protector-strong -Wformat -Wformat-security -Wdate-time -D_FORTIFY_SOURCE=2 -g  -c matchprobes.c -o matchprobes.o
gcc -I"/usr/local/lib/R/include" -DNDEBUG  -I'/usr/local/lib/R/site-library/S4Vectors/include' -I'/usr/local/lib/R/site-library/IRanges/include' -I'/usr/local/lib/R/site-library/XVector/include' -I/usr/local/include    -fpic  -g -O2 -fstack-protector-strong -Wformat -Wformat-security -Wdate-time -D_FORTIFY_SOURCE=2 -g  -c pmatchPattern.c -o pmatchPattern.o
gcc -I"/usr/local/lib/R/include" -DNDEBUG  -I'/usr/local/lib/R/site-library/S4Vectors/include' -I'/usr/local/lib/R/site-library/IRanges/include' -I'/usr/local/lib/R/site-library/XVector/include' -I/usr/local/include    -fpic  -g -O2 -fstack-protector-strong -Wformat -Wformat-security -Wdate-time -D_FORTIFY_SOURCE=2 -g  -c read_fasta_files.c -o read_fasta_files.o
gcc -I"/usr/local/lib/R/include" -DNDEBUG  -I'/usr/local/lib/R/site-library/S4Vectors/include' -I'/usr/local/lib/R/site-library/IRanges/include' -I'/usr/local/lib/R/site-library/XVector/include' -I/usr/local/include    -fpic  -g -O2 -fstack-protector-strong -Wformat -Wformat-security -Wdate-time -D_FORTIFY_SOURCE=2 -g  -c read_fastq_files.c -o read_fastq_files.o
gcc -I"/usr/local/lib/R/include" -DNDEBUG  -I'/usr/local/lib/R/site-library/S4Vectors/include' -I'/usr/local/lib/R/site-library/IRanges/include' -I'/usr/local/lib/R/site-library/XVector/include' -I/usr/local/include    -fpic  -g -O2 -fstack-protector-strong -Wformat -Wformat-security -Wdate-time -D_FORTIFY_SOURCE=2 -g  -c replaceAt.c -o replaceAt.o
gcc -I"/usr/local/lib/R/include" -DNDEBUG  -I'/usr/local/lib/R/site-library/S4Vectors/include' -I'/usr/local/lib/R/site-library/IRanges/include' -I'/usr/local/lib/R/site-library/XVector/include' -I/usr/local/include    -fpic  -g -O2 -fstack-protector-strong -Wformat -Wformat-security -Wdate-time -D_FORTIFY_SOURCE=2 -g  -c replace_letter_at.c -o replace_letter_at.o
gcc -I"/usr/local/lib/R/include" -DNDEBUG  -I'/usr/local/lib/R/site-library/S4Vectors/include' -I'/usr/local/lib/R/site-library/IRanges/include' -I'/usr/local/lib/R/site-library/XVector/include' -I/usr/local/include    -fpic  -g -O2 -fstack-protector-strong -Wformat -Wformat-security -Wdate-time -D_FORTIFY_SOURCE=2 -g  -c strutils.c -o strutils.o
gcc -I"/usr/local/lib/R/include" -DNDEBUG  -I'/usr/local/lib/R/site-library/S4Vectors/include' -I'/usr/local/lib/R/site-library/IRanges/include' -I'/usr/local/lib/R/site-library/XVector/include' -I/usr/local/include    -fpic  -g -O2 -fstack-protector-strong -Wformat -Wformat-security -Wdate-time -D_FORTIFY_SOURCE=2 -g  -c translate.c -o translate.o
gcc -I"/usr/local/lib/R/include" -DNDEBUG  -I'/usr/local/lib/R/site-library/S4Vectors/include' -I'/usr/local/lib/R/site-library/IRanges/include' -I'/usr/local/lib/R/site-library/XVector/include' -I/usr/local/include    -fpic  -g -O2 -fstack-protector-strong -Wformat -Wformat-security -Wdate-time -D_FORTIFY_SOURCE=2 -g  -c unstrsplit_methods.c -o unstrsplit_methods.o
gcc -I"/usr/local/lib/R/include" -DNDEBUG  -I'/usr/local/lib/R/site-library/S4Vectors/include' -I'/usr/local/lib/R/site-library/IRanges/include' -I'/usr/local/lib/R/site-library/XVector/include' -I/usr/local/include    -fpic  -g -O2 -fstack-protector-strong -Wformat -Wformat-security -Wdate-time -D_FORTIFY_SOURCE=2 -g  -c utils.c -o utils.o
gcc -I"/usr/local/lib/R/include" -DNDEBUG  -I'/usr/local/lib/R/site-library/S4Vectors/include' -I'/usr/local/lib/R/site-library/IRanges/include' -I'/usr/local/lib/R/site-library/XVector/include' -I/usr/local/include    -fpic  -g -O2 -fstack-protector-strong -Wformat -Wformat-security -Wdate-time -D_FORTIFY_SOURCE=2 -g  -c xscat.c -o xscat.o
gcc -shared -L/usr/local/lib/R/lib -L/usr/local/lib -o Biostrings.so BAB_class.o BitMatrix.o IRanges_stubs.o MIndex_class.o PreprocessedTB_class.o R_init_Biostrings.o RoSeqs_utils.o S4Vectors_stubs.o SparseList_utils.o XStringSetList_class.o XStringSet_class.o XString_class.o XVector_stubs.o find_palindromes.o gtestsim.o inject_code.o letter_frequency.o lowlevel_matching.o match_PWM.o match_pattern.o match_pattern_boyermoore.o match_pattern_indels.o match_pattern_shiftor.o match_pdict.o match_pdict_ACtree2.o match_pdict_Twobit.o match_pdict_utils.o match_reporting.o matchprobes.o pmatchPattern.o read_fasta_files.o read_fastq_files.o replaceAt.o replace_letter_at.o strutils.o translate.o unstrsplit_methods.o utils.o xscat.o -L/usr/local/lib/R/lib -lR
installing to /usr/local/lib/R/site-library/00LOCK-Biostrings/00new/Biostrings/libs
** R
** data
** inst
** byte-compile and prepare package for lazy loading
in method for ‘twoWayAlphabetFrequencyByQuality’ with signature ‘"QualityScaledXStringSet"’: no definition for class “QualityScaledXStringSet”
Creating a new generic function for ‘strsplit’ in package ‘Biostrings’
Creating a generic function for ‘ls’ from package ‘base’ in package ‘Biostrings’
Creating a new generic function for ‘pattern’ in package ‘Biostrings’
Creating a new generic function for ‘offset’ in package ‘Biostrings’
** help
*** installing help indices
** building package indices
** installing vignettes
** testing if installed package can be loaded from temporary location
** checking absolute paths in shared objects and dynamic libraries
** testing if installed package can be loaded from final location
** testing if installed package keeps a record of temporary installation path
* creating tarball
packaged installation of ‘Biostrings’ as ‘Biostrings_2.74.1_R_x86_64-pc-linux-gnu.tar.gz’
* DONE (Biostrings)
* installing *source* package ‘simona’ ...
** package ‘simona’ successfully unpacked and MD5 sums checked
** using staged installation
** libs
using C++ compiler: ‘g++ (Ubuntu 13.3.0-6ubuntu2~24.04) 13.3.0’
using C++11
g++ -std=gnu++11 -I"/usr/local/lib/R/include" -DNDEBUG  -I'/usr/local/lib/R/site-library/Rcpp/include' -I/usr/local/include    -fpic  -g -O2 -fstack-protector-strong -Wformat -Wformat-security -Wdate-time -D_FORTIFY_SOURCE=2 -g  -DR_NO_REMAP -c RcppExports.cpp -o RcppExports.o
g++ -std=gnu++11 -I"/usr/local/lib/R/include" -DNDEBUG  -I'/usr/local/lib/R/site-library/Rcpp/include' -I/usr/local/include    -fpic  -g -O2 -fstack-protector-strong -Wformat -Wformat-security -Wdate-time -D_FORTIFY_SOURCE=2 -g  -DR_NO_REMAP -c annotation.cpp -o annotation.o
g++ -std=gnu++11 -I"/usr/local/lib/R/include" -DNDEBUG  -I'/usr/local/lib/R/site-library/Rcpp/include' -I/usr/local/include    -fpic  -g -O2 -fstack-protector-strong -Wformat -Wformat-security -Wdate-time -D_FORTIFY_SOURCE=2 -g  -DR_NO_REMAP -c common_ancestor.cpp -o common_ancestor.o
g++ -std=gnu++11 -I"/usr/local/lib/R/include" -DNDEBUG  -I'/usr/local/lib/R/site-library/Rcpp/include' -I/usr/local/include    -fpic  -g -O2 -fstack-protector-strong -Wformat -Wformat-security -Wdate-time -D_FORTIFY_SOURCE=2 -g  -DR_NO_REMAP -c dist.cpp -o dist.o
g++ -std=gnu++11 -I"/usr/local/lib/R/include" -DNDEBUG  -I'/usr/local/lib/R/site-library/Rcpp/include' -I/usr/local/include    -fpic  -g -O2 -fstack-protector-strong -Wformat -Wformat-security -Wdate-time -D_FORTIFY_SOURCE=2 -g  -DR_NO_REMAP -c intersectToList_logical.cpp -o intersectToList_logical.o
g++ -std=gnu++11 -I"/usr/local/lib/R/include" -DNDEBUG  -I'/usr/local/lib/R/site-library/Rcpp/include' -I/usr/local/include    -fpic  -g -O2 -fstack-protector-strong -Wformat -Wformat-security -Wdate-time -D_FORTIFY_SOURCE=2 -g  -DR_NO_REMAP -c partition.cpp -o partition.o
g++ -std=gnu++11 -I"/usr/local/lib/R/include" -DNDEBUG  -I'/usr/local/lib/R/site-library/Rcpp/include' -I/usr/local/include    -fpic  -g -O2 -fstack-protector-strong -Wformat -Wformat-security -Wdate-time -D_FORTIFY_SOURCE=2 -g  -DR_NO_REMAP -c permutation.cpp -o permutation.o
g++ -std=gnu++11 -I"/usr/local/lib/R/include" -DNDEBUG  -I'/usr/local/lib/R/site-library/Rcpp/include' -I/usr/local/include    -fpic  -g -O2 -fstack-protector-strong -Wformat -Wformat-security -Wdate-time -D_FORTIFY_SOURCE=2 -g  -DR_NO_REMAP -c plot.cpp -o plot.o
g++ -std=gnu++11 -I"/usr/local/lib/R/include" -DNDEBUG  -I'/usr/local/lib/R/site-library/Rcpp/include' -I/usr/local/include    -fpic  -g -O2 -fstack-protector-strong -Wformat -Wformat-security -Wdate-time -D_FORTIFY_SOURCE=2 -g  -DR_NO_REMAP -c reorder.cpp -o reorder.o
g++ -std=gnu++11 -I"/usr/local/lib/R/include" -DNDEBUG  -I'/usr/local/lib/R/site-library/Rcpp/include' -I/usr/local/include    -fpic  -g -O2 -fstack-protector-strong -Wformat -Wformat-security -Wdate-time -D_FORTIFY_SOURCE=2 -g  -DR_NO_REMAP -c sim.cpp -o sim.o
g++ -std=gnu++11 -I"/usr/local/lib/R/include" -DNDEBUG  -I'/usr/local/lib/R/site-library/Rcpp/include' -I/usr/local/include    -fpic  -g -O2 -fstack-protector-strong -Wformat -Wformat-security -Wdate-time -D_FORTIFY_SOURCE=2 -g  -DR_NO_REMAP -c term.cpp -o term.o
g++ -std=gnu++11 -I"/usr/local/lib/R/include" -DNDEBUG  -I'/usr/local/lib/R/site-library/Rcpp/include' -I/usr/local/include    -fpic  -g -O2 -fstack-protector-strong -Wformat -Wformat-security -Wdate-time -D_FORTIFY_SOURCE=2 -g  -DR_NO_REMAP -c traverse.cpp -o traverse.o
g++ -std=gnu++11 -I"/usr/local/lib/R/include" -DNDEBUG  -I'/usr/local/lib/R/site-library/Rcpp/include' -I/usr/local/include    -fpic  -g -O2 -fstack-protector-strong -Wformat -Wformat-security -Wdate-time -D_FORTIFY_SOURCE=2 -g  -DR_NO_REMAP -c tree.cpp -o tree.o
g++ -std=gnu++11 -I"/usr/local/lib/R/include" -DNDEBUG  -I'/usr/local/lib/R/site-library/Rcpp/include' -I/usr/local/include    -fpic  -g -O2 -fstack-protector-strong -Wformat -Wformat-security -Wdate-time -D_FORTIFY_SOURCE=2 -g  -DR_NO_REMAP -c utils.cpp -o utils.o
g++ -std=gnu++11 -shared -L/usr/local/lib/R/lib -L/usr/local/lib -o simona.so RcppExports.o annotation.o common_ancestor.o dist.o intersectToList_logical.o partition.o permutation.o plot.o reorder.o sim.o term.o traverse.o tree.o utils.o -L/usr/local/lib/R/lib -lR
installing to /usr/local/lib/R/site-library/00LOCK-simona/00new/simona/libs
** R
** inst
** byte-compile and prepare package for lazy loading
** help
*** installing help indices
** building package indices
** installing vignettes
** testing if installed package can be loaded from temporary location
** checking absolute paths in shared objects and dynamic libraries
** testing if installed package can be loaded from final location
** testing if installed package keeps a record of temporary installation path
* creating tarball
packaged installation of ‘simona’ as ‘simona_1.4.0_R_x86_64-pc-linux-gnu.tar.gz’
* DONE (simona)
* installing *binary* package ‘cowplot’ ...
* ‘cowplot’ was already a binary package and will not be rebuilt
* creating tarball
packaged installation of ‘cowplot’ as ‘cowplot_1.1.3_R_x86_64-pc-linux-gnu.tar.gz’
* DONE (cowplot)
* installing *source* package ‘InteractiveComplexHeatmap’ ...
** package ‘InteractiveComplexHeatmap’ successfully unpacked and MD5 sums checked
** using staged installation
** R
** data
** inst
** byte-compile and prepare package for lazy loading
** help
*** installing help indices
** building package indices
** installing vignettes
** testing if installed package can be loaded from temporary location
** testing if installed package can be loaded from final location
** testing if installed package keeps a record of temporary installation path
* creating tarball
packaged installation of ‘InteractiveComplexHeatmap’ as ‘InteractiveComplexHeatmap_1.14.0_R_x86_64-pc-linux-gnu.tar.gz’
* DONE (InteractiveComplexHeatmap)
* installing *source* package ‘cola’ ...
** package ‘cola’ successfully unpacked and MD5 sums checked
** using staged installation
** libs
using C++ compiler: ‘g++ (Ubuntu 13.3.0-6ubuntu2~24.04) 13.3.0’
g++ -std=gnu++17 -I"/usr/local/lib/R/include" -DNDEBUG  -I'/usr/local/lib/R/site-library/Rcpp/include' -I/usr/local/include    -fpic  -g -O2 -fstack-protector-strong -Wformat -Wformat-security -Wdate-time -D_FORTIFY_SOURCE=2 -g  -DR_NO_REMAP -c RcppExports.cpp -o RcppExports.o
g++ -std=gnu++17 -I"/usr/local/lib/R/include" -DNDEBUG  -I'/usr/local/lib/R/site-library/Rcpp/include' -I/usr/local/include    -fpic  -g -O2 -fstack-protector-strong -Wformat -Wformat-security -Wdate-time -D_FORTIFY_SOURCE=2 -g  -DR_NO_REMAP -c atc.cpp -o atc.o
g++ -std=gnu++17 -I"/usr/local/lib/R/include" -DNDEBUG  -I'/usr/local/lib/R/site-library/Rcpp/include' -I/usr/local/include    -fpic  -g -O2 -fstack-protector-strong -Wformat -Wformat-security -Wdate-time -D_FORTIFY_SOURCE=2 -g  -DR_NO_REMAP -c cal_consensus_mat.cpp -o cal_consensus_mat.o
g++ -std=gnu++17 -I"/usr/local/lib/R/include" -DNDEBUG  -I'/usr/local/lib/R/site-library/Rcpp/include' -I/usr/local/include    -fpic  -g -O2 -fstack-protector-strong -Wformat -Wformat-security -Wdate-time -D_FORTIFY_SOURCE=2 -g  -DR_NO_REMAP -c pdist.cpp -o pdist.o
g++ -std=gnu++17 -shared -L/usr/local/lib/R/lib -L/usr/local/lib -o cola.so RcppExports.o atc.o cal_consensus_mat.o pdist.o -L/usr/local/lib/R/lib -lR
installing to /usr/local/lib/R/site-library/00LOCK-cola/00new/cola/libs
** R
** data
** inst
** byte-compile and prepare package for lazy loading
** help
*** installing help indices
** building package indices
** installing vignettes
** testing if installed package can be loaded from temporary location
** checking absolute paths in shared objects and dynamic libraries
** testing if installed package can be loaded from final location
** testing if installed package keeps a record of temporary installation path
* creating tarball
packaged installation of ‘cola’ as ‘cola_2.12.0_R_x86_64-pc-linux-gnu.tar.gz’
* DONE (cola)
* installing *source* package ‘KEGGREST’ ...
** package ‘KEGGREST’ successfully unpacked and MD5 sums checked
** using staged installation
** R
** inst
** byte-compile and prepare package for lazy loading
** help
*** installing help indices
** building package indices
** installing vignettes
** testing if installed package can be loaded from temporary location
** testing if installed package can be loaded from final location
** testing if installed package keeps a record of temporary installation path
* creating tarball
packaged installation of ‘KEGGREST’ as ‘KEGGREST_1.46.0_R_x86_64-pc-linux-gnu.tar.gz’
* DONE (KEGGREST)
* installing *source* package ‘AnnotationDbi’ ...
** package ‘AnnotationDbi’ successfully unpacked and MD5 sums checked
** using staged installation
** R
** inst
** byte-compile and prepare package for lazy loading
Creating a new generic function for ‘packageName’ in package ‘AnnotationDbi’
Creating a generic function for ‘ls’ from package ‘base’ in package ‘AnnotationDbi’
Creating a generic function for ‘eapply’ from package ‘base’ in package ‘AnnotationDbi’
Creating a generic function for ‘exists’ from package ‘base’ in package ‘AnnotationDbi’
Creating a generic function for ‘sample’ from package ‘base’ in package ‘AnnotationDbi’
** help
*** installing help indices
** building package indices
** installing vignettes
** testing if installed package can be loaded from temporary location
** testing if installed package can be loaded from final location
** testing if installed package keeps a record of temporary installation path
* creating tarball
packaged installation of ‘AnnotationDbi’ as ‘AnnotationDbi_1.68.0_R_x86_64-pc-linux-gnu.tar.gz’
* DONE (AnnotationDbi)
* installing *source* package ‘org.Hs.eg.db’ ...
** using staged installation
** R
** inst
** byte-compile and prepare package for lazy loading
** help
*** installing help indices
** building package indices
** testing if installed package can be loaded from temporary location
** testing if installed package can be loaded from final location
** testing if installed package keeps a record of temporary installation path
* creating tarball
packaged installation of ‘org.Hs.eg.db’ as ‘org.Hs.eg.db_3.20.0_R_x86_64-pc-linux-gnu.tar.gz’
* DONE (org.Hs.eg.db)
* installing *source* package ‘annotate’ ...
** package ‘annotate’ successfully unpacked and MD5 sums checked
** using staged installation
** R
** data
** inst
** byte-compile and prepare package for lazy loading
** help
*** installing help indices
** building package indices
** installing vignettes
** testing if installed package can be loaded from temporary location
** testing if installed package can be loaded from final location
** testing if installed package keeps a record of temporary installation path
* creating tarball
packaged installation of ‘annotate’ as ‘annotate_1.84.0_R_x86_64-pc-linux-gnu.tar.gz’
* DONE (annotate)
* installing *source* package ‘GO.db’ ...
** using staged installation
** R
** inst
** byte-compile and prepare package for lazy loading
** help
*** installing help indices
** building package indices
** testing if installed package can be loaded from temporary location
** testing if installed package can be loaded from final location
** testing if installed package keeps a record of temporary installation path
* creating tarball
packaged installation of ‘GO.db’ as ‘GO.db_3.20.0_R_x86_64-pc-linux-gnu.tar.gz’
* DONE (GO.db)
* installing *source* package ‘hu6800.db’ ...
** using staged installation
** R
** inst
** byte-compile and prepare package for lazy loading
** help
*** installing help indices
** building package indices
** testing if installed package can be loaded from temporary location
** testing if installed package can be loaded from final location
** testing if installed package keeps a record of temporary installation path
* creating tarball
packaged installation of ‘hu6800.db’ as ‘hu6800.db_3.13.0_R_x86_64-pc-linux-gnu.tar.gz’
* DONE (hu6800.db)
* installing *source* package ‘genefilter’ ...
** package ‘genefilter’ successfully unpacked and MD5 sums checked
** using staged installation
** libs
using C compiler: ‘gcc (Ubuntu 13.3.0-6ubuntu2~24.04) 13.3.0’
using Fortran compiler: ‘GNU Fortran (Ubuntu 13.3.0-6ubuntu2~24.04) 13.3.0’
using C++ compiler: ‘g++ (Ubuntu 13.3.0-6ubuntu2~24.04) 13.3.0’
g++ -std=gnu++17 -I"/usr/local/lib/R/include" -DNDEBUG   -I/usr/local/include    -fpic  -g -O2 -fstack-protector-strong -Wformat -Wformat-security -Wdate-time -D_FORTIFY_SOURCE=2 -g  -DR_NO_REMAP -c half_range_mode.cpp -o half_range_mode.o
half_range_mode.cpp: In function ‘double half_range_mode(double*, double*, double, int)’:
half_range_mode.cpp:100:60: warning: format ‘%i’ expects argument of type ‘int’, but argument 5 has type ‘std::vector<int>::size_type’ {aka ‘long unsigned int’} [-Wformat=]
  100 |     if (diag) Rprintf( "N = %i, N'' = %i, w = %.4f, |J| = %i\n", N, N_double_prime, w, J.size() );
      |                                                           ~^                           ~~~~~~~~
      |                                                            |                                 |
      |                                                            int                               std::vector<int>::size_type {aka long unsigned int}
      |                                                           %li
gcc -I"/usr/local/lib/R/include" -DNDEBUG   -I/usr/local/include    -fpic  -g -O2 -fstack-protector-strong -Wformat -Wformat-security -Wdate-time -D_FORTIFY_SOURCE=2 -g  -c init.c -o init.o
gcc -I"/usr/local/lib/R/include" -DNDEBUG   -I/usr/local/include    -fpic  -g -O2 -fstack-protector-strong -Wformat -Wformat-security -Wdate-time -D_FORTIFY_SOURCE=2 -g  -c nd.c -o nd.o
gcc -I"/usr/local/lib/R/include" -DNDEBUG   -I/usr/local/include    -fpic  -g -O2 -fstack-protector-strong -Wformat -Wformat-security -Wdate-time -D_FORTIFY_SOURCE=2 -g  -c pAUC.c -o pAUC.o
gcc -I"/usr/local/lib/R/include" -DNDEBUG   -I/usr/local/include    -fpic  -g -O2 -fstack-protector-strong -Wformat -Wformat-security -Wdate-time -D_FORTIFY_SOURCE=2 -g  -c rowPAUCs.c -o rowPAUCs.o
gcc -I"/usr/local/lib/R/include" -DNDEBUG   -I/usr/local/include    -fpic  -g -O2 -fstack-protector-strong -Wformat -Wformat-security -Wdate-time -D_FORTIFY_SOURCE=2 -g  -c rowttests.c -o rowttests.o
gfortran  -fpic  -g -O2  -c ttest.f -o ttest.o
g++ -std=gnu++17 -shared -L/usr/local/lib/R/lib -L/usr/local/lib -o genefilter.so half_range_mode.o init.o nd.o pAUC.o rowPAUCs.o rowttests.o ttest.o -lgfortran -lm -lquadmath -L/usr/local/lib/R/lib -lR
installing to /usr/local/lib/R/site-library/00LOCK-genefilter/00new/genefilter/libs
** R
** data
*** moving datasets to lazyload DB
** inst
** byte-compile and prepare package for lazy loading
** help
*** installing help indices
** building package indices
** installing vignettes
** testing if installed package can be loaded from temporary location
** checking absolute paths in shared objects and dynamic libraries
** testing if installed package can be loaded from final location
** testing if installed package keeps a record of temporary installation path
* creating tarball
packaged installation of ‘genefilter’ as ‘genefilter_1.88.0_R_x86_64-pc-linux-gnu.tar.gz’
* DONE (genefilter)
* installing *source* package ‘simplifyEnrichment’ ...
** package ‘simplifyEnrichment’ successfully unpacked and MD5 sums checked
** using staged installation
** R
** inst
** byte-compile and prepare package for lazy loading
** help
*** installing help indices
** building package indices
** installing vignettes
** testing if installed package can be loaded from temporary location
** testing if installed package can be loaded from final location
** testing if installed package keeps a record of temporary installation path
* creating tarball
packaged installation of ‘simplifyEnrichment’ as ‘simplifyEnrichment_2.0.0_R_x86_64-pc-linux-gnu.tar.gz’
* DONE (simplifyEnrichment)

The downloaded source packages are in
	‘/tmp/RtmpvNLa9s/downloaded_packages’
Old packages: 'bslib', 'cli', 'cpp11', 'curl', 'evaluate', 'httr2', 'jsonlite',
  'openssl', 'pillar', 'pkgbuild', 'processx', 'ps', 'purrr', 'R6', 'Rcpp',
  'rlang', 'sessioninfo', 'systemfonts', 'testthat', 'textshaping', 'tinytex',
  'xfun', 'xml2', 'zip', 'class', 'foreign', 'KernSmooth', 'MASS', 'Matrix',
  'nlme', 'nnet', 'rpart', 'spatial'

real	11m8.006s
user	9m57.341s
sys	1m7.514s
